CASE,PIPE DIAMETER [mm],COLUMN LENGTH [mm],PARTICLES DIAMETER [mm],PARTICLES COUNT,L/D,D/Dp,POROSITY,FLOW RATE [L/min],TEMPERATURE [℃],SUPERFICIAL VELOCITY [m/s],PRESSURE DROP [Pa],STAT VERIFIED

SP-10-D50x183-G18.15,50,183,10,389,3.66,5,0.433,18.15,23,0.154,2,4,3,TRUE
SP-10-D50x183-G20.75,50,183,10,389,3.66,5,0.433,20.75,23,0.176,3,4,3.5,TRUE
SP-10-D50x183-G30.35,50,183,10,389,3.66,5,0.433,30.35,23,0.258,6,6,6,TRUE
SP-10-D50x183-G35.05,50,183,10,389,3.66,5,0.433,35.05,23,0.298,7,8,7.5,TRUE
SP-10-D50x183-G44.25,50,183,10,389,3.66,5,0.433,44.25,23,0.376,11,12,11.5,TRUE
SP-10-D50x183-G49.75,50,183,10,389,3.66,5,0.433,49.75,23,0.422,13,15,14,TRUE
SP-10-D50x183-G56.2,50,183,10,389,3.66,5,0.433,56.2,23,0.477,16,17,16.5,TRUE
SP-10-D50x183-G63.25,50,183,10,389,3.66,5,0.433,63.25,23,0.537,19,20,19.5,TRUE
SP-10-D50x183-G67.6,50,183,10,389,3.66,5,0.433,67.6,23,0.574,22,23,22.5,TRUE
SP-10-D50x183-G71.1,50,183,10,389,3.66,5,0.433,71.1,23,0.604,23,25,24,TRUE
SP-10-D50x183-G73.7,50,183,10,389,3.66,5,0.433,73.7,23,0.626,24,26,25,TRUE
SP-10-D50x183-G82.05,50,183,10,389,3.66,5,0.433,82.05,23,0.696,28,30,29,TRUE
SP-10-D50x183-G87.75,50,183,10,389,3.66,5,0.433,87.75,23,0.745,30,34,32,TRUE
SP-10-D50x183-G91.4,50,183,10,389,3.66,5,0.433,91.4,23,0.776,32,35,33.5,TRUE
SP-10-D50x183-G98.65,50,183,10,389,3.66,5,0.433,98.65,23,0.837,36,38,37,TRUE
SP-10-D50x183-G102.2,50,183,10,389,3.66,5,0.433,102.2,23,0.868,37,40,38.5,TRUE
SP-10-D50x183-G108.3,50,183,10,389,3.66,5,0.433,108.3,23,0.919,42,45,43.5,TRUE
SP-10-D50x183-G112.2,50,183,10,389,3.66,5,0.433,112.2,23,0.952,43,46,44.5,TRUE
SP-10-D50x183-G116.6,50,183,10,389,3.66,5,0.433,116.6,23,0.99,47,50,48.5,TRUE
SP-10-D50x183-G124.45,50,183,10,389,3.66,5,0.433,124.45,23,1.056,52,55,53.5,TRUE
SP-10-D50x183-G127.7,50,183,10,389,3.66,5,0.433,127.7,23,1.084,53,57,55,TRUE
SP-10-D50x183-G129.85,50,183,10,389,3.66,5,0.433,129.85,23,1.102,54,58,56,TRUE
SP-10-D50x183-G137.5,50,183,10,389,3.66,5,0.433,137.5,23,1.167,60,64,62,TRUE
SP-10-D50x183-G142.95,50,183,10,389,3.66,5,0.433,142.95,23,1.213,62,65,63.5,TRUE
SP-10-D50x183-G146.25,50,183,10,389,3.66,5,0.433,146.25,23,1.241,68,70,69,TRUE
SP-10-D50x183-G152.3,50,183,10,389,3.66,5,0.433,152.3,23,1.293,70,74,72,TRUE
SP-10-D50x183-G155.25,50,183,10,389,3.66,5,0.433,155.25,23,1.318,74,76,75,TRUE
SP-10-D50x183-G160.95,50,183,10,389,3.66,5,0.433,160.95,23,1.366,79,83,81,TRUE
SP-10-D50x183-G166.55,50,183,10,389,3.66,5,0.433,166.55,23,1.414,83,87,85,TRUE
SP-10-D50x183-G174.25,50,183,10,389,3.66,5,0.433,174.25,23,1.479,92,97,94.5,TRUE
SP-10-D50x183-G185.4,50,183,10,389,3.66,5,0.433,185.4,23,1.574,102,105,103.5,TRUE
SP-10-D50x183-G191.65,50,183,10,389,3.66,5,0.433,191.65,23,1.627,104,112,108,TRUE
SP-10-D50x183-G205,50,183,10,389,3.66,5,0.433,205,23,1.74,119,125,122,TRUE
SP-10-D50x230-G15.75,50,230,10,500,4.6,5,0.42,15.75,23,0.134,2,3,2.5,TRUE
SP-10-D50x230-G18.75,50,230,10,500,4.6,5,0.42,18.75,23,0.159,3,4,3.5,TRUE
SP-10-D50x230-G20.6,50,230,10,500,4.6,5,0.42,20.6,23,0.175,4,4,4,TRUE
SP-10-D50x230-G23.9,50,230,10,500,4.6,5,0.42,23.9,23,0.203,4,5,4.5,TRUE
SP-10-D50x230-G27.95,50,230,10,500,4.6,5,0.42,27.95,23,0.237,6,6,6,TRUE
SP-10-D50x230-G32.15,50,230,10,500,4.6,5,0.42,32.15,23,0.273,7,8,7.5,TRUE
SP-10-D50x230-G36.05,50,230,10,500,4.6,5,0.42,36.05,23,0.306,9,9,9,TRUE
SP-10-D50x230-G42.55,50,230,10,500,4.6,5,0.42,42.55,23,0.361,12,12,12,TRUE
SP-10-D50x230-G46.65,50,230,10,500,4.6,5,0.42,46.65,23,0.396,14,14,14,TRUE
SP-10-D50x230-G51.55,50,230,10,500,4.6,5,0.42,51.55,23,0.438,16,17,16.5,TRUE
SP-10-D50x230-G54,50,230,10,500,4.6,5,0.42,54,23,0.458,16,17,16.5,TRUE
SP-10-D50x230-G57.7,50,230,10,500,4.6,5,0.42,57.7,23,0.49,18,19,18.5,TRUE
SP-10-D50x230-G61.15,50,230,10,500,4.6,5,0.42,61.15,23,0.519,19,20,19.5,TRUE
SP-10-D50x230-G64.95,50,230,10,500,4.6,5,0.42,64.95,23,0.551,22,23,22.5,TRUE
SP-10-D50x230-G68.95,50,230,10,500,4.6,5,0.42,68.95,23,0.585,24,25,24.5,TRUE
SP-10-D50x230-G70.95,50,230,10,500,4.6,5,0.42,70.95,23,0.602,25,26,25.5,TRUE
SP-10-D50x230-G77.2,50,230,10,500,4.6,5,0.42,77.2,23,0.655,27,28,27.5,TRUE
SP-10-D50x230-G81.35,50,230,10,500,4.6,5,0.42,81.35,23,0.691,29,30,29.5,TRUE
SP-10-D50x230-G84.35,50,230,10,500,4.6,5,0.42,84.35,23,0.716,30,33,31.5,TRUE
SP-10-D50x230-G88.45,50,230,10,500,4.6,5,0.42,88.45,23,0.751,32,35,33.5,TRUE
SP-10-D50x230-G92,50,230,10,500,4.6,5,0.42,92,23,0.781,34,36,35,TRUE
SP-10-D50x230-G95.45,50,230,10,500,4.6,5,0.42,95.45,23,0.81,36,40,38,TRUE
SP-10-D50x230-G101.55,50,230,10,500,4.6,5,0.42,101.55,23,0.862,39,42,40.5,TRUE
SP-10-D50x230-G106.5,50,230,10,500,4.6,5,0.42,106.5,23,0.904,43,45,44,TRUE
SP-10-D50x230-G111.6,50,230,10,500,4.6,5,0.42,111.6,23,0.947,46,50,48,TRUE
SP-10-D50x230-G117.85,50,230,10,500,4.6,5,0.42,117.85,23,1,52,54,53,TRUE
SP-10-D50x230-G122.65,50,230,10,500,4.6,5,0.42,122.65,23,1.041,54,58,56,TRUE
SP-10-D50x230-G128.7,50,230,10,500,4.6,5,0.42,128.7,23,1.092,57,61,59,TRUE
SP-10-D50x230-G132.3,50,230,10,500,4.6,5,0.42,132.3,23,1.123,60,64,62,TRUE
SP-10-D50x230-G134.85,50,230,10,500,4.6,5,0.42,134.85,23,1.145,64,66,65,TRUE
SP-10-D50x230-G136.55,50,230,10,500,4.6,5,0.42,136.55,23,1.159,63,68,65.5,TRUE
SP-10-D50x230-G139.75,50,230,10,500,4.6,5,0.42,139.75,23,1.186,68,70,69,TRUE
SP-10-D50x230-G143.3,50,230,10,500,4.6,5,0.42,143.3,23,1.216,69,74,71.5,TRUE
SP-10-D50x230-G148.65,50,230,10,500,4.6,5,0.42,148.65,23,1.262,75,79,77,TRUE
SP-10-D50x230-G154.8,50,230,10,500,4.6,5,0.42,154.8,23,1.314,80,87,83.5,TRUE
SP-10-D50x230-G158.8,50,230,10,500,4.6,5,0.42,158.8,23,1.348,82,86,84,TRUE
SP-10-D50x230-G162.8,50,230,10,500,4.6,5,0.42,162.8,23,1.382,89,93,91,TRUE
SP-10-D50x230-G165.55,50,230,10,500,4.6,5,0.42,165.55,23,1.405,89,93,91,TRUE
SP-10-D50x230-G173.8,50,230,10,500,4.6,5,0.42,173.8,23,1.475,94,102,98,TRUE
SP-10-D50x230-G181,50,230,10,500,4.6,5,0.42,181,23,1.536,102,111,106.5,TRUE
SP-10-D50x230-G191.75,50,230,10,500,4.6,5,0.42,191.75,23,1.628,118,122,120,TRUE
SP-10-D50x230-G195.2,50,230,10,500,4.6,5,0.42,195.2,23,1.657,119,123,121,TRUE
SP-10-D50x230-G200.85,50,230,10,500,4.6,5,0.42,200.85,23,1.705,123,130,126.5,TRUE
SP-10-D50x230-G206.5,50,230,10,500,4.6,5,0.42,206.5,23,1.753,130,134,132,TRUE
SP-10-D50x335-G14.2,50,335,10,750,6.7,5,0.403,14.2,23,0.121,3,4,3.5,TRUE
SP-10-D50x335-G17.15,50,335,10,750,6.7,5,0.403,17.15,23,0.146,5,5,5,TRUE
SP-10-D50x335-G20.45,50,335,10,750,6.7,5,0.403,20.45,23,0.174,6,7,6.5,TRUE
SP-10-D50x335-G22.65,50,335,10,750,6.7,5,0.403,22.65,23,0.192,8,8,8,TRUE
SP-10-D50x335-G26.45,50,335,10,750,6.7,5,0.403,26.45,23,0.225,9,10,9.5,TRUE
SP-10-D50x335-G33.45,50,335,10,750,6.7,5,0.403,33.45,23,0.284,14,15,14.5,TRUE
SP-10-D50x335-G38.85,50,335,10,750,6.7,5,0.403,38.85,23,0.33,18,19,18.5,TRUE
SP-10-D50x335-G42.1,50,335,10,750,6.7,5,0.403,42.1,23,0.357,20,21,20.5,TRUE
SP-10-D50x335-G44.15,50,335,10,750,6.7,5,0.403,44.15,23,0.375,22,23,22.5,TRUE
SP-10-D50x335-G49.8,50,335,10,750,6.7,5,0.403,49.8,23,0.423,27,28,27.5,TRUE
SP-10-D50x335-G52.25,50,335,10,750,6.7,5,0.403,52.25,23,0.444,29,30,29.5,TRUE
SP-10-D50x335-G56.15,50,335,10,750,6.7,5,0.403,56.15,23,0.477,31,32,31.5,TRUE
SP-10-D50x335-G59.4,50,335,10,750,6.7,5,0.403,59.4,23,0.504,35,36,35.5,TRUE
SP-10-D50x335-G62.9,50,335,10,750,6.7,5,0.403,62.9,23,0.534,38,39,38.5,TRUE
SP-10-D50x335-G65.35,50,335,10,750,6.7,5,0.403,65.35,23,0.555,39,41,40,TRUE
SP-10-D50x335-G69.6,50,335,10,750,6.7,5,0.403,69.6,23,0.591,43,45,44,TRUE
SP-10-D50x335-G72.35,50,335,10,750,6.7,5,0.403,72.35,23,0.614,46,48,47,TRUE
SP-10-D50x335-G78.15,50,335,10,750,6.7,5,0.403,78.15,23,0.663,52,54,53,TRUE
SP-10-D50x335-G80.45,50,335,10,750,6.7,5,0.403,80.45,23,0.683,54,57,55.5,TRUE
SP-10-D50x335-G84.5,50,335,10,750,6.7,5,0.403,84.5,23,0.717,58,61,59.5,TRUE
SP-10-D50x335-G88.35,50,335,10,750,6.7,5,0.403,88.35,23,0.75,62,64,63,TRUE
SP-10-D50x335-G90.95,50,335,10,750,6.7,5,0.403,90.95,23,0.772,65,67,66,TRUE
SP-10-D50x335-G94.05,50,335,10,750,6.7,5,0.403,94.05,23,0.798,68,70,69,TRUE
SP-10-D50x335-G102.05,50,335,10,750,6.7,5,0.403,102.05,23,0.866,80,83,81.5,TRUE
SP-10-D50x335-G106.8,50,335,10,750,6.7,5,0.403,106.8,23,0.907,84,87,85.5,TRUE
SP-10-D50x335-G110.5,50,335,10,750,6.7,5,0.403,110.5,23,0.938,89,90,89.5,TRUE
SP-10-D50x335-G115,50,335,10,750,6.7,5,0.403,115,23,0.976,94,96,95,TRUE
SP-10-D50x335-G120.15,50,335,10,750,6.7,5,0.403,120.15,23,1.02,102,104,103,TRUE
SP-10-D50x335-G123.45,50,335,10,750,6.7,5,0.403,123.45,23,1.048,107,112,109.5,TRUE
SP-10-D50x335-G132.35,50,335,10,750,6.7,5,0.403,132.35,23,1.123,119,123,121,TRUE
SP-10-D50x335-G135.85,50,335,10,750,6.7,5,0.403,135.85,23,1.153,131,137,134,TRUE
SP-10-D50x335-G145.75,50,335,10,750,6.7,5,0.403,145.75,23,1.237,146,150,148,TRUE
SP-10-D50x335-G152.65,50,335,10,750,6.7,5,0.403,152.65,23,1.296,153,157,155,TRUE
SP-10-D50x335-G155.65,50,335,10,750,6.7,5,0.403,155.65,23,1.321,158,160,159,TRUE
SP-10-D50x335-G157.25,50,335,10,750,6.7,5,0.403,157.25,23,1.335,159,164,161.5,TRUE
SP-10-D50x335-G161.05,50,335,10,750,6.7,5,0.403,161.05,23,1.367,167,170,168.5,TRUE
SP-10-D50x335-G164.35,50,335,10,750,6.7,5,0.403,164.35,23,1.395,172,176,174,TRUE
SP-10-D50x335-G170.1,50,335,10,750,6.7,5,0.403,170.1,23,1.444,187,190,188.5,TRUE
SP-10-D50x335-G172.6,50,335,10,750,6.7,5,0.403,172.6,23,1.465,194,197,195.5,TRUE
SP-10-D50x335-G181.95,50,335,10,750,6.7,5,0.403,181.95,23,1.544,210,220,215,TRUE
SP-10-D50x335-G195.85,50,335,10,750,6.7,5,0.403,195.85,23,1.662,240,250,245,TRUE
SP-10-D50x379-G10.85,50,379,10,850,7.58,5,0.402,10.85,23,0.092,2,3,2.5,TRUE
SP-10-D50x379-G12.8,50,379,10,850,7.58,5,0.402,12.8,23,0.109,2,4,3,TRUE
SP-10-D50x379-G16.65,50,379,10,850,7.58,5,0.402,16.65,23,0.141,5,5,5,TRUE
SP-10-D50x379-G20.4,50,379,10,850,7.58,5,0.402,20.4,23,0.173,6,7,6.5,TRUE
SP-10-D50x379-G22.45,50,379,10,850,7.58,5,0.402,22.45,23,0.191,8,8,8,TRUE
SP-10-D50x379-G28.35,50,379,10,850,7.58,5,0.402,28.35,23,0.241,11,12,11.5,TRUE
SP-10-D50x379-G31.15,50,379,10,850,7.58,5,0.402,31.15,23,0.264,13,14,13.5,TRUE
SP-10-D50x379-G34.5,50,379,10,850,7.58,5,0.402,34.5,23,0.293,15,16,15.5,TRUE
SP-10-D50x379-G40.25,50,379,10,850,7.58,5,0.402,40.25,23,0.342,19,20,19.5,TRUE
SP-10-D50x379-G43.05,50,379,10,850,7.58,5,0.402,43.05,23,0.365,22,23,22.5,TRUE
SP-10-D50x379-G49.3,50,379,10,850,7.58,5,0.402,49.3,23,0.418,27,28,27.5,TRUE
SP-10-D50x379-G52.15,50,379,10,850,7.58,5,0.402,52.15,23,0.443,29,30,29.5,TRUE
SP-10-D50x379-G57.2,50,379,10,850,7.58,5,0.402,57.2,23,0.486,33,34,33.5,TRUE
SP-10-D50x379-G61.4,50,379,10,850,7.58,5,0.402,61.4,23,0.521,37,38,37.5,TRUE
SP-10-D50x379-G64.4,50,379,10,850,7.58,5,0.402,64.4,23,0.547,41,42,41.5,TRUE
SP-10-D50x379-G69,50,379,10,850,7.58,5,0.402,69,23,0.586,47,48,47.5,TRUE
SP-10-D50x379-G70.6,50,379,10,850,7.58,5,0.402,70.6,23,0.599,48,49,48.5,TRUE
SP-10-D50x379-G73.2,50,379,10,850,7.58,5,0.402,73.2,23,0.621,49,51,50,TRUE
SP-10-D50x379-G78.15,50,379,10,850,7.58,5,0.402,78.15,23,0.663,54,56,55,TRUE
SP-10-D50x379-G80.05,50,379,10,850,7.58,5,0.402,80.05,23,0.679,58,59,58.5,TRUE
SP-10-D50x379-G83.4,50,379,10,850,7.58,5,0.402,83.4,23,0.708,60,63,61.5,TRUE
SP-10-D50x379-G85.35,50,379,10,850,7.58,5,0.402,85.35,23,0.724,62,66,64,TRUE
SP-10-D50x379-G87.1,50,379,10,850,7.58,5,0.402,87.1,23,0.739,66,68,67,TRUE
SP-10-D50x379-G90.35,50,379,10,850,7.58,5,0.402,90.35,23,0.767,69,72,70.5,TRUE
SP-10-D50x379-G92.2,50,379,10,850,7.58,5,0.402,92.2,23,0.783,73,75,74,TRUE
SP-10-D50x379-G96.35,50,379,10,850,7.58,5,0.402,96.35,23,0.818,78,80,79,TRUE
SP-10-D50x379-G101,50,379,10,850,7.58,5,0.402,101,23,0.857,82,85,83.5,TRUE
SP-10-D50x379-G105.1,50,379,10,850,7.58,5,0.402,105.1,23,0.892,90,93,91.5,TRUE
SP-10-D50x379-G109.35,50,379,10,850,7.58,5,0.402,109.35,23,0.928,96,100,98,TRUE
SP-10-D50x379-G113.85,50,379,10,850,7.58,5,0.402,113.85,23,0.966,99,104,101.5,TRUE
SP-10-D50x379-G115.5,50,379,10,850,7.58,5,0.402,115.5,23,0.98,102,104,103,TRUE
SP-10-D50x379-G118,50,379,10,850,7.58,5,0.402,118,23,1.002,103,106,104.5,TRUE
SP-10-D50x379-G120.5,50,379,10,850,7.58,5,0.402,120.5,23,1.023,106,109,107.5,TRUE
SP-10-D50x379-G123.25,50,379,10,850,7.58,5,0.402,123.25,23,1.046,112,115,113.5,TRUE
SP-10-D50x379-G124.8,50,379,10,850,7.58,5,0.402,124.8,23,1.059,115,118,116.5,TRUE
SP-10-D50x379-G126.75,50,379,10,850,7.58,5,0.402,126.75,23,1.076,118,120,119,TRUE
SP-10-D50x379-G130.4,50,379,10,850,7.58,5,0.402,130.4,23,1.107,125,128,126.5,TRUE
SP-10-D50x379-G136.75,50,379,10,850,7.58,5,0.402,136.75,23,1.161,136,141,138.5,TRUE
SP-10-D50x379-G143.1,50,379,10,850,7.58,5,0.402,143.1,23,1.215,149,154,151.5,TRUE
SP-10-D50x379-G148.35,50,379,10,850,7.58,5,0.402,148.35,23,1.259,150,156,153,TRUE
SP-10-D50x379-G150.7,50,379,10,850,7.58,5,0.402,150.7,23,1.279,158,160,159,TRUE
SP-10-D50x379-G153.35,50,379,10,850,7.58,5,0.402,153.35,23,1.302,162,165,163.5,TRUE
SP-10-D50x379-G154.35,50,379,10,850,7.58,5,0.402,154.35,23,1.31,162,166,164,TRUE
SP-10-D50x379-G159,50,379,10,850,7.58,5,0.402,159,23,1.35,169,172,170.5,TRUE
SP-10-D50x379-G157.55,50,379,10,850,7.58,5,0.402,157.55,23,1.337,174,179,176.5,TRUE
SP-10-D50x379-G161.05,50,379,10,850,7.58,5,0.402,161.05,23,1.367,176,180,178,TRUE
SP-10-D50x379-G162,50,379,10,850,7.58,5,0.402,162,23,1.375,179,183,181,TRUE
SP-10-D50x379-G166.95,50,379,10,850,7.58,5,0.402,166.95,23,1.417,198,200,199,TRUE
SP-10-D50x379-G166.35,50,379,10,850,7.58,5,0.402,166.35,23,1.412,197,200,198.5,TRUE
SP-10-D50x379-G170,50,379,10,850,7.58,5,0.402,170,23,1.443,194,197,195.5,TRUE
SP-10-D50x379-G174.6,50,379,10,850,7.58,5,0.402,174.6,23,1.482,198,200,199,TRUE
SP-10-D50x379-G175.35,50,379,10,850,7.58,5,0.402,175.35,23,1.488,210,220,215,TRUE
SP-10-D50x423-G11.1,50,423,10,950,8.46,5,0.401,11.1,23,0.094,3,3,3,TRUE
SP-10-D50x423-G14.7,50,423,10,950,8.46,5,0.401,14.7,23,0.125,4,5,4.5,TRUE
SP-10-D50x423-G17.65,50,423,10,950,8.46,5,0.401,17.65,23,0.15,6,6,6,TRUE
SP-10-D50x423-G20.65,50,423,10,950,8.46,5,0.401,20.65,23,0.175,8,8,8,TRUE
SP-10-D50x423-G24.4,50,423,10,950,8.46,5,0.401,24.4,23,0.207,10,10,10,TRUE
SP-10-D50x423-G27.2,50,423,10,950,8.46,5,0.401,27.2,23,0.231,12,12,12,TRUE
SP-10-D50x423-G30.95,50,423,10,950,8.46,5,0.401,30.95,23,0.263,15,15,15,TRUE
SP-10-D50x423-G34.35,50,423,10,950,8.46,5,0.401,34.35,23,0.292,17,17,17,TRUE
SP-10-D50x423-G37.9,50,423,10,950,8.46,5,0.401,37.9,23,0.322,19,20,19.5,TRUE
SP-10-D50x423-G41.05,50,423,10,950,8.46,5,0.401,41.05,23,0.348,23,23,23,TRUE
SP-10-D50x423-G42.3,50,423,10,950,8.46,5,0.401,42.3,23,0.359,23,24,23.5,TRUE
SP-10-D50x423-G46.45,50,423,10,950,8.46,5,0.401,46.45,23,0.394,27,28,27.5,TRUE
SP-10-D50x423-G49.7,50,423,10,950,8.46,5,0.401,49.7,23,0.422,30,32,31,TRUE
SP-10-D50x423-G51.15,50,423,10,950,8.46,5,0.401,51.15,23,0.434,32,33,32.5,TRUE
SP-10-D50x423-G55.55,50,423,10,950,8.46,5,0.401,55.55,23,0.472,36,37,36.5,TRUE
SP-10-D50x423-G58.35,50,423,10,950,8.46,5,0.401,58.35,23,0.495,38,40,39,TRUE
SP-10-D50x423-G61.1,50,423,10,950,8.46,5,0.401,61.1,23,0.519,41,42,41.5,TRUE
SP-10-D50x423-G65.55,50,423,10,950,8.46,5,0.401,65.55,23,0.556,46,47,46.5,TRUE
SP-10-D50x423-G68.7,50,423,10,950,8.46,5,0.401,68.7,23,0.583,50,52,51,TRUE
SP-10-D50x423-G70.1,50,423,10,950,8.46,5,0.401,70.1,23,0.595,52,53,52.5,TRUE
SP-10-D50x423-G72.8,50,423,10,950,8.46,5,0.401,72.8,23,0.618,54,56,55,TRUE
SP-10-D50x423-G75.4,50,423,10,950,8.46,5,0.401,75.4,23,0.64,58,59,58.5,TRUE
SP-10-D50x423-G80.7,50,423,10,950,8.46,5,0.401,80.7,23,0.685,64,67,65.5,TRUE
SP-10-D50x423-G83.45,50,423,10,950,8.46,5,0.401,83.45,23,0.708,68,70,69,TRUE
SP-10-D50x423-G85.5,50,423,10,950,8.46,5,0.401,85.5,23,0.726,70,73,71.5,TRUE
SP-10-D50x423-G90.4,50,423,10,950,8.46,5,0.401,90.4,23,0.767,77,80,78.5,TRUE
SP-10-D50x423-G91.9,50,423,10,950,8.46,5,0.401,91.9,23,0.78,81,83,82,TRUE
SP-10-D50x423-G97.65,50,423,10,950,8.46,5,0.401,97.65,23,0.829,89,91,90,TRUE
SP-10-D50x423-G99.7,50,423,10,950,8.46,5,0.401,99.7,23,0.846,90,94,92,TRUE
SP-10-D50x423-G103.4,50,423,10,950,8.46,5,0.401,103.4,23,0.878,97,98,97.5,TRUE
SP-10-D50x423-G107.15,50,423,10,950,8.46,5,0.401,107.15,23,0.91,101,103,102,TRUE
SP-10-D50x423-G109.35,50,423,10,950,8.46,5,0.401,109.35,23,0.928,102,105,103.5,TRUE
SP-10-D50x423-G114.2,50,423,10,950,8.46,5,0.401,114.2,23,0.969,113,116,114.5,TRUE
SP-10-D50x423-G117.2,50,423,10,950,8.46,5,0.401,117.2,23,0.995,119,124,121.5,TRUE
SP-10-D50x423-G121.7,50,423,10,950,8.46,5,0.401,121.7,23,1.033,124,126,125,TRUE
SP-10-D50x423-G123.35,50,423,10,950,8.46,5,0.401,123.35,23,1.047,128,129,128.5,TRUE
SP-10-D50x423-G127.1,50,423,10,950,8.46,5,0.401,127.1,23,1.079,138,141,139.5,TRUE
SP-10-D50x423-G130.45,50,423,10,950,8.46,5,0.401,130.45,23,1.107,144,146,145,TRUE
SP-10-D50x423-G135.8,50,423,10,950,8.46,5,0.401,135.8,23,1.153,152,154,153,TRUE
SP-10-D50x423-G138.95,50,423,10,950,8.46,5,0.401,138.95,23,1.179,155,159,157,TRUE
SP-10-D50x423-G140,50,423,10,950,8.46,5,0.401,140,23,1.188,155,157,156,TRUE
SP-10-D50x423-G142.2,50,423,10,950,8.46,5,0.401,142.2,23,1.207,162,164,163,TRUE
SP-10-D50x423-G144.4,50,423,10,950,8.46,5,0.401,144.4,23,1.226,162,165,163.5,TRUE
SP-10-D50x423-G147.9,50,423,10,950,8.46,5,0.401,147.9,23,1.255,169,172,170.5,TRUE
SP-10-D50x423-G148.55,50,423,10,950,8.46,5,0.401,148.55,23,1.261,176,179,177.5,TRUE
SP-10-D50x423-G155.65,50,423,10,950,8.46,5,0.401,155.65,23,1.321,187,190,188.5,TRUE
SP-10-D50x423-G158.75,50,423,10,950,8.46,5,0.401,158.75,23,1.348,198,200,199,TRUE
SP-10-D50x533-G12.15,50,533,10,1200,10.66,5,0.4,12.15,23,0.103,4,5,4.5,TRUE
SP-10-D50x533-G15.45,50,533,10,1200,10.66,5,0.4,15.45,23,0.131,6,7,6.5,TRUE
SP-10-D50x533-G18.3,50,533,10,1200,10.66,5,0.4,18.3,23,0.155,8,9,8.5,TRUE
SP-10-D50x533-G21.75,50,533,10,1200,10.66,5,0.4,21.75,23,0.185,10,11,10.5,TRUE
SP-10-D50x533-G24.15,50,533,10,1200,10.66,5,0.4,24.15,23,0.205,12,13,12.5,TRUE
SP-10-D50x533-G27.4,50,533,10,1200,10.66,5,0.4,27.4,23,0.233,15,16,15.5,TRUE
SP-10-D50x533-G31.35,50,533,10,1200,10.66,5,0.4,31.35,23,0.266,19,19,19,TRUE
SP-10-D50x533-G33.95,50,533,10,1200,10.66,5,0.4,33.95,23,0.288,21,22,21.5,TRUE
SP-10-D50x533-G39.3,50,533,10,1200,10.66,5,0.4,39.3,23,0.334,27,28,27.5,TRUE
SP-10-D50x533-G41.85,50,533,10,1200,10.66,5,0.4,41.85,23,0.355,30,31,30.5,TRUE
SP-10-D50x533-G43.85,50,533,10,1200,10.66,5,0.4,43.85,23,0.372,32,33,32.5,TRUE
SP-10-D50x533-G48.15,50,533,10,1200,10.66,5,0.4,48.15,23,0.409,37,38,37.5,TRUE
SP-10-D50x533-G50.5,50,533,10,1200,10.66,5,0.4,50.5,23,0.429,40,41,40.5,TRUE
SP-10-D50x533-G53.8,50,533,10,1200,10.66,5,0.4,53.8,23,0.457,44,45,44.5,TRUE
SP-10-D50x533-G58.95,50,533,10,1200,10.66,5,0.4,58.95,23,0.5,51,52,51.5,TRUE
SP-10-D50x533-G62.25,50,533,10,1200,10.66,5,0.4,62.25,23,0.528,54,56,55,TRUE
SP-10-D50x533-G65,50,533,10,1200,10.66,5,0.4,65,23,0.552,59,60,59.5,TRUE
SP-10-D50x533-G67.85,50,533,10,1200,10.66,5,0.4,67.85,23,0.576,63,64,63.5,TRUE
SP-10-D50x533-G70.6,50,533,10,1200,10.66,5,0.4,70.6,23,0.599,67,69,68,TRUE
SP-10-D50x533-G75.05,50,533,10,1200,10.66,5,0.4,75.05,23,0.637,73,75,74,TRUE
SP-10-D50x533-G77.05,50,533,10,1200,10.66,5,0.4,77.05,23,0.654,77,79,78,TRUE
SP-10-D50x533-G78.85,50,533,10,1200,10.66,5,0.4,78.85,23,0.669,80,82,81,TRUE
SP-10-D50x533-G80.35,50,533,10,1200,10.66,5,0.4,80.35,23,0.682,83,85,84,TRUE
SP-10-D50x533-G83.35,50,533,10,1200,10.66,5,0.4,83.35,23,0.707,90,92,91,TRUE
SP-10-D50x533-G86,50,533,10,1200,10.66,5,0.4,86,23,0.73,95,97,96,TRUE
SP-10-D50x533-G90.4,50,533,10,1200,10.66,5,0.4,90.4,23,0.767,102,105,103.5,TRUE
SP-10-D50x533-G93.2,50,533,10,1200,10.66,5,0.4,93.2,23,0.791,106,107,106.5,TRUE
SP-10-D50x533-G94.9,50,533,10,1200,10.66,5,0.4,94.9,23,0.806,108,110,109,TRUE
SP-10-D50x533-G97,50,533,10,1200,10.66,5,0.4,97,23,0.823,109,113,111,TRUE
SP-10-D50x533-G100.2,50,533,10,1200,10.66,5,0.4,100.2,23,0.851,119,123,121,TRUE
SP-10-D50x533-G104.05,50,533,10,1200,10.66,5,0.4,104.05,23,0.883,128,131,129.5,TRUE
SP-10-D50x533-G107.95,50,533,10,1200,10.66,5,0.4,107.95,23,0.916,134,140,137,TRUE
SP-10-D50x533-G108.3,50,533,10,1200,10.66,5,0.4,108.3,23,0.919,138,141,139.5,TRUE
SP-10-D50x533-G112.5,50,533,10,1200,10.66,5,0.4,112.5,23,0.955,145,150,147.5,TRUE
SP-10-D50x533-G113.9,50,533,10,1200,10.66,5,0.4,113.9,23,0.967,143,147,145,TRUE
SP-10-D50x533-G116.15,50,533,10,1200,10.66,5,0.4,116.15,23,0.986,155,159,157,TRUE
SP-10-D50x533-G119.15,50,533,10,1200,10.66,5,0.4,119.15,23,1.011,162,166,164,TRUE
SP-10-D50x533-G122,50,533,10,1200,10.66,5,0.4,122,23,1.036,172,175,173.5,TRUE
SP-10-D50x533-G124.5,50,533,10,1200,10.66,5,0.4,124.5,23,1.057,180,182,181,TRUE
SP-10-D50x533-G127.95,50,533,10,1200,10.66,5,0.4,127.95,23,1.086,184,187,185.5,TRUE
SP-10-D50x533-G130.75,50,533,10,1200,10.66,5,0.4,130.75,23,1.11,192,195,193.5,TRUE
SP-10-D50x533-G137.1,50,533,10,1200,10.66,5,0.4,137.1,23,1.164,200,210,205,TRUE
SP-10-D50x579-G14.3,50,579,10,1300,11.58,5,0.401,14.3,23,0.121,5,6,5.5,TRUE
SP-10-D50x579-G17.05,50,579,10,1300,11.58,5,0.401,17.05,23,0.145,7,8,7.5,TRUE
SP-10-D50x579-G19.15,50,579,10,1300,11.58,5,0.401,19.15,23,0.163,9,9,9,TRUE
SP-10-D50x579-G20.1,50,579,10,1300,11.58,5,0.401,20.1,23,0.171,9,10,9.5,TRUE
SP-10-D50x579-G22.7,50,579,10,1300,11.58,5,0.401,22.7,23,0.193,11,12,11.5,TRUE
SP-10-D50x579-G25.35,50,579,10,1300,11.58,5,0.401,25.35,23,0.215,14,14,14,TRUE
SP-10-D50x579-G28.1,50,579,10,1300,11.58,5,0.401,28.1,23,0.239,16,17,16.5,TRUE
SP-10-D50x579-G30.8,50,579,10,1300,11.58,5,0.401,30.8,23,0.261,19,19,19,TRUE
SP-10-D50x579-G32.55,50,579,10,1300,11.58,5,0.401,32.55,23,0.276,20,21,20.5,TRUE
SP-10-D50x579-G34.65,50,579,10,1300,11.58,5,0.401,34.65,23,0.294,22,23,22.5,TRUE
SP-10-D50x579-G37.45,50,579,10,1300,11.58,5,0.401,37.45,23,0.318,25,26,25.5,TRUE
SP-10-D50x579-G37.95,50,579,10,1300,11.58,5,0.401,37.95,23,0.322,26,27,26.5,TRUE
SP-10-D50x579-G40.25,50,579,10,1300,11.58,5,0.401,40.25,23,0.342,28,29,28.5,TRUE
SP-10-D50x579-G42.55,50,579,10,1300,11.58,5,0.401,42.55,23,0.361,31,32,31.5,TRUE
SP-10-D50x579-G44.55,50,579,10,1300,11.58,5,0.401,44.55,23,0.378,33,34,33.5,TRUE
SP-10-D50x579-G45.6,50,579,10,1300,11.58,5,0.401,45.6,23,0.387,35,36,35.5,TRUE
SP-10-D50x579-G47.1,50,579,10,1300,11.58,5,0.401,47.1,23,0.4,37,38,37.5,TRUE
SP-10-D50x579-G49.4,50,579,10,1300,11.58,5,0.401,49.4,23,0.419,40,41,40.5,TRUE
SP-10-D50x579-G51.5,50,579,10,1300,11.58,5,0.401,51.5,23,0.437,42,43,42.5,TRUE
SP-10-D50x579-G53,50,579,10,1300,11.58,5,0.401,53,23,0.45,44,45,44.5,TRUE
SP-10-D50x579-G53.5,50,579,10,1300,11.58,5,0.401,53.5,23,0.454,44,45,44.5,TRUE
SP-10-D50x579-G54.7,50,579,10,1300,11.58,5,0.401,54.7,23,0.464,46,47,46.5,TRUE
SP-10-D50x579-G55.75,50,579,10,1300,11.58,5,0.401,55.75,23,0.473,47,48,47.5,TRUE
SP-10-D50x579-G57.4,50,579,10,1300,11.58,5,0.401,57.4,23,0.487,49,50,49.5,TRUE
SP-10-D50x579-G59.15,50,579,10,1300,11.58,5,0.401,59.15,23,0.502,52,53,52.5,TRUE
SP-10-D50x579-G61.35,50,579,10,1300,11.58,5,0.401,61.35,23,0.521,54,55,54.5,TRUE
SP-10-D50x579-G62.7,50,579,10,1300,11.58,5,0.401,62.7,23,0.532,56,57,56.5,TRUE
SP-10-D50x579-G64.8,50,579,10,1300,11.58,5,0.401,64.8,23,0.55,60,61,60.5,TRUE
SP-10-D50x579-G66.4,50,579,10,1300,11.58,5,0.401,66.4,23,0.564,62,63,62.5,TRUE
SP-10-D50x579-G68.1,50,579,10,1300,11.58,5,0.401,68.1,23,0.578,65,66,65.5,TRUE
SP-10-D50x579-G69.95,50,579,10,1300,11.58,5,0.401,69.95,23,0.594,68,69,68.5,TRUE
SP-10-D50x579-G72.25,50,579,10,1300,11.58,5,0.401,72.25,23,0.613,71,72,71.5,TRUE
SP-10-D50x579-G74,50,579,10,1300,11.58,5,0.401,74,23,0.628,73,75,74,TRUE
SP-10-D50x579-G76.4,50,579,10,1300,11.58,5,0.401,76.4,23,0.649,78,79,78.5,TRUE
SP-10-D50x579-G78.2,50,579,10,1300,11.58,5,0.401,78.2,23,0.664,81,82,81.5,TRUE
SP-10-D50x579-G79.85,50,579,10,1300,11.58,5,0.401,79.85,23,0.678,84,86,85,TRUE
SP-10-D50x579-G81.9,50,579,10,1300,11.58,5,0.401,81.9,23,0.695,87,90,88.5,TRUE
SP-10-D50x579-G82.7,50,579,10,1300,11.58,5,0.401,82.7,23,0.702,89,91,90,TRUE
SP-10-D50x579-G83.45,50,579,10,1300,11.58,5,0.401,83.45,23,0.708,91,92,91.5,TRUE
SP-10-D50x579-G84.4,50,579,10,1300,11.58,5,0.401,84.4,23,0.716,92,93,92.5,TRUE
SP-10-D50x579-G86.05,50,579,10,1300,11.58,5,0.401,86.05,23,0.73,96,97,96.5,TRUE
SP-10-D50x579-G88,50,579,10,1300,11.58,5,0.401,88,23,0.747,98,100,99,TRUE
SP-10-D50x579-G90.2,50,579,10,1300,11.58,5,0.401,90.2,23,0.766,102,105,103.5,TRUE
SP-10-D50x579-G93,50,579,10,1300,11.58,5,0.401,93,23,0.789,109,110,109.5,TRUE
SP-10-D50x579-G93.9,50,579,10,1300,11.58,5,0.401,93.9,23,0.797,109,112,110.5,TRUE
SP-10-D50x579-G96,50,579,10,1300,11.58,5,0.401,96,23,0.815,116,118,117,TRUE
SP-10-D50x579-G98.1,50,579,10,1300,11.58,5,0.401,98.1,23,0.833,117,121,119,TRUE
SP-10-D50x579-G100.7,50,579,10,1300,11.58,5,0.401,100.7,23,0.855,124,126,125,TRUE
SP-10-D50x579-G103.05,50,579,10,1300,11.58,5,0.401,103.05,23,0.875,126,129,127.5,TRUE
SP-10-D50x579-G106.35,50,579,10,1300,11.58,5,0.401,106.35,23,0.903,132,136,134,TRUE
SP-10-D50x579-G108.95,50,579,10,1300,11.58,5,0.401,108.95,23,0.925,138,141,139.5,TRUE
SP-10-D50x579-G111.85,50,579,10,1300,11.58,5,0.401,111.85,23,0.949,142,147,144.5,TRUE
SP-10-D50x579-G114.2,50,579,10,1300,11.58,5,0.401,114.2,23,0.969,148,151,149.5,TRUE
SP-10-D50x579-G117.6,50,579,10,1300,11.58,5,0.401,117.6,23,0.998,156,160,158,TRUE
SP-10-D50x579-G120.6,50,579,10,1300,11.58,5,0.401,120.6,23,1.024,166,169,167.5,TRUE
SP-10-D50x579-G124.45,50,579,10,1300,11.58,5,0.401,124.45,23,1.056,174,177,175.5,TRUE
SP-10-D50x579-G126.65,50,579,10,1300,11.58,5,0.401,126.65,23,1.075,174,178,176,TRUE
SP-10-D50x579-G128.35,50,579,10,1300,11.58,5,0.401,128.35,23,1.089,177,182,179.5,TRUE
SP-10-D50x579-G131.75,50,579,10,1300,11.58,5,0.401,131.75,23,1.118,187,190,188.5,TRUE
SP-10-D50x579-G135.65,50,579,10,1300,11.58,5,0.401,135.65,23,1.151,190,200,195,TRUE
SP-10-D50x620-G12.95,50,620,10,1400,12.4,5,0.398,12.95,23,0.11,5,6,5.5,TRUE
SP-10-D50x620-G15,50,620,10,1400,12.4,5,0.398,15,23,0.127,7,7,7,TRUE
SP-10-D50x620-G18.2,50,620,10,1400,12.4,5,0.398,18.2,23,0.154,9,10,9.5,TRUE
SP-10-D50x620-G19.25,50,620,10,1400,12.4,5,0.398,19.25,23,0.163,10,10,10,TRUE
SP-10-D50x620-G20.5,50,620,10,1400,12.4,5,0.398,20.5,23,0.174,11,12,11.5,TRUE
SP-10-D50x620-G22.45,50,620,10,1400,12.4,5,0.398,22.45,23,0.191,13,13,13,TRUE
SP-10-D50x620-G24.45,50,620,10,1400,12.4,5,0.398,24.45,23,0.208,15,15,15,TRUE
SP-10-D50x620-G25.25,50,620,10,1400,12.4,5,0.398,25.25,23,0.214,15,16,15.5,TRUE
SP-10-D50x620-G26.5,50,620,10,1400,12.4,5,0.398,26.5,23,0.225,17,17,17,TRUE
SP-10-D50x620-G27.65,50,620,10,1400,12.4,5,0.398,27.65,23,0.235,18,18,18,TRUE
SP-10-D50x620-G29.65,50,620,10,1400,12.4,5,0.398,29.65,23,0.252,20,21,20.5,TRUE
SP-10-D50x620-G30.7,50,620,10,1400,12.4,5,0.398,30.7,23,0.261,21,22,21.5,TRUE
SP-10-D50x620-G31.6,50,620,10,1400,12.4,5,0.398,31.6,23,0.268,22,23,22.5,TRUE
SP-10-D50x620-G33.15,50,620,10,1400,12.4,5,0.398,33.15,23,0.281,23,24,23.5,TRUE
SP-10-D50x620-G34.75,50,620,10,1400,12.4,5,0.398,34.75,23,0.295,25,26,25.5,TRUE
SP-10-D50x620-G36.85,50,620,10,1400,12.4,5,0.398,36.85,23,0.313,28,29,28.5,TRUE
SP-10-D50x620-G38.15,50,620,10,1400,12.4,5,0.398,38.15,23,0.324,29,30,29.5,TRUE
SP-10-D50x620-G39.15,50,620,10,1400,12.4,5,0.398,39.15,23,0.332,31,32,31.5,TRUE
SP-10-D50x620-G41.8,50,620,10,1400,12.4,5,0.398,41.8,23,0.355,34,35,34.5,TRUE
SP-10-D50x620-G42.65,50,620,10,1400,12.4,5,0.398,42.65,23,0.362,35,36,35.5,TRUE
SP-10-D50x620-G43.25,50,620,10,1400,12.4,5,0.398,43.25,23,0.367,36,37,36.5,TRUE
SP-10-D50x620-G44.95,50,620,10,1400,12.4,5,0.398,44.95,23,0.382,38,39,38.5,TRUE
SP-10-D50x620-G46.15,50,620,10,1400,12.4,5,0.398,46.15,23,0.392,40,41,40.5,TRUE
SP-10-D50x620-G47.05,50,620,10,1400,12.4,5,0.398,47.05,23,0.399,42,42,42,TRUE
SP-10-D50x620-G49.3,50,620,10,1400,12.4,5,0.398,49.3,23,0.418,45,46,45.5,TRUE
SP-10-D50x620-G50.3,50,620,10,1400,12.4,5,0.398,50.3,23,0.427,47,48,47.5,TRUE
SP-10-D50x620-G51.8,50,620,10,1400,12.4,5,0.398,51.8,23,0.44,49,50,49.5,TRUE
SP-10-D50x620-G52.95,50,620,10,1400,12.4,5,0.398,52.95,23,0.449,50,51,50.5,TRUE
SP-10-D50x620-G54.3,50,620,10,1400,12.4,5,0.398,54.3,23,0.461,51,52,51.5,TRUE
SP-10-D50x620-G56.5,50,620,10,1400,12.4,5,0.398,56.5,23,0.48,54,55,54.5,TRUE
SP-10-D50x620-G57.65,50,620,10,1400,12.4,5,0.398,57.65,23,0.489,56,57,56.5,TRUE
SP-10-D50x620-G59.25,50,620,10,1400,12.4,5,0.398,59.25,23,0.503,58,59,58.5,TRUE
SP-10-D50x620-G60.4,50,620,10,1400,12.4,5,0.398,60.4,23,0.513,60,61,60.5,TRUE
SP-10-D50x620-G61.45,50,620,10,1400,12.4,5,0.398,61.45,23,0.522,62,63,62.5,TRUE
SP-10-D50x620-G62.55,50,620,10,1400,12.4,5,0.398,62.55,23,0.531,63,64,63.5,TRUE
SP-10-D50x620-G63.9,50,620,10,1400,12.4,5,0.398,63.9,23,0.542,66,67,66.5,TRUE
SP-10-D50x620-G65.15,50,620,10,1400,12.4,5,0.398,65.15,23,0.553,68,69,68.5,TRUE
SP-10-D50x620-G66.65,50,620,10,1400,12.4,5,0.398,66.65,23,0.566,71,72,71.5,TRUE
SP-10-D50x620-G67.55,50,620,10,1400,12.4,5,0.398,67.55,23,0.573,72,73,72.5,TRUE
SP-10-D50x620-G68.8,50,620,10,1400,12.4,5,0.398,68.8,23,0.584,75,76,75.5,TRUE
SP-10-D50x620-G70.5,50,620,10,1400,12.4,5,0.398,70.5,23,0.598,78,79,78.5,TRUE
SP-10-D50x620-G71.3,50,620,10,1400,12.4,5,0.398,71.3,23,0.605,79,80,79.5,TRUE
SP-10-D50x620-G72.5,50,620,10,1400,12.4,5,0.398,72.5,23,0.615,81,83,82,TRUE
SP-10-D50x620-G73.05,50,620,10,1400,12.4,5,0.398,73.05,23,0.62,83,84,83.5,TRUE
SP-10-D50x620-G74.25,50,620,10,1400,12.4,5,0.398,74.25,23,0.63,85,86,85.5,TRUE
SP-10-D50x620-G75.2,50,620,10,1400,12.4,5,0.398,75.2,23,0.638,86,87,86.5,TRUE
SP-10-D50x620-G77.4,50,620,10,1400,12.4,5,0.398,77.4,23,0.657,90,92,91,TRUE
SP-10-D50x620-G78.25,50,620,10,1400,12.4,5,0.398,78.25,23,0.664,94,95,94.5,TRUE
SP-10-D50x620-G80.15,50,620,10,1400,12.4,5,0.398,80.15,23,0.68,97,100,98.5,TRUE
SP-10-D50x620-G81.15,50,620,10,1400,12.4,5,0.398,81.15,23,0.689,98,100,99,TRUE
SP-10-D50x620-G82,50,620,10,1400,12.4,5,0.398,82,23,0.696,100,102,101,TRUE
SP-10-D50x620-G82.45,50,620,10,1400,12.4,5,0.398,82.45,23,0.7,101,102,101.5,TRUE
SP-10-D50x620-G82.9,50,620,10,1400,12.4,5,0.398,82.9,23,0.704,101,103,102,TRUE
SP-10-D50x620-G84.55,50,620,10,1400,12.4,5,0.398,84.55,23,0.718,103,106,104.5,TRUE
SP-10-D50x620-G86.3,50,620,10,1400,12.4,5,0.398,86.3,23,0.733,108,110,109,TRUE
SP-10-D50x620-G88.15,50,620,10,1400,12.4,5,0.398,88.15,23,0.748,113,115,114,TRUE
SP-10-D50x620-G88.85,50,620,10,1400,12.4,5,0.398,88.85,23,0.754,113,116,114.5,TRUE
SP-10-D50x620-G89.3,50,620,10,1400,12.4,5,0.398,89.3,23,0.758,115,116,115.5,TRUE
SP-10-D50x620-G90.9,50,620,10,1400,12.4,5,0.398,90.9,23,0.772,119,122,120.5,TRUE
SP-10-D50x620-G92.2,50,620,10,1400,12.4,5,0.398,92.2,23,0.783,122,123,122.5,TRUE
SP-10-D50x620-G93.8,50,620,10,1400,12.4,5,0.398,93.8,23,0.796,127,130,128.5,TRUE
SP-10-D50x620-G95.7,50,620,10,1400,12.4,5,0.398,95.7,23,0.812,126,128,127,TRUE
SP-10-D50x620-G97.25,50,620,10,1400,12.4,5,0.398,97.25,23,0.825,129,132,130.5,TRUE
SP-10-D50x620-G98.6,50,620,10,1400,12.4,5,0.398,98.6,23,0.837,133,136,134.5,TRUE
SP-10-D50x620-G100.6,50,620,10,1400,12.4,5,0.398,100.6,23,0.854,137,140,138.5,TRUE
SP-10-D50x620-G102.15,50,620,10,1400,12.4,5,0.398,102.15,23,0.867,139,143,141,TRUE
SP-10-D50x620-G104.45,50,620,10,1400,12.4,5,0.398,104.45,23,0.887,148,150,149,TRUE
SP-10-D50x620-G105,50,620,10,1400,12.4,5,0.398,105,23,0.891,147,148,147.5,TRUE
SP-10-D50x620-G107.45,50,620,10,1400,12.4,5,0.398,107.45,23,0.912,154,156,155,TRUE
SP-10-D50x620-G108.1,50,620,10,1400,12.4,5,0.398,108.1,23,0.918,154,158,156,TRUE
SP-10-D50x620-G110.85,50,620,10,1400,12.4,5,0.398,110.85,23,0.941,164,166,165,TRUE
SP-10-D50x620-G113.6,50,620,10,1400,12.4,5,0.398,113.6,23,0.964,169,172,170.5,TRUE
SP-10-D50x620-G116.45,50,620,10,1400,12.4,5,0.398,116.45,23,0.988,173,174,173.5,TRUE
SP-10-D50x620-G118.85,50,620,10,1400,12.4,5,0.398,118.85,23,1.009,182,184,183,TRUE
SP-10-D50x620-G120.45,50,620,10,1400,12.4,5,0.398,120.45,23,1.022,184,186,185,TRUE
SP-10-D50x620-G122,50,620,10,1400,12.4,5,0.398,122,23,1.036,192,194,193,TRUE
SP-10-D50x620-G123.35,50,620,10,1400,12.4,5,0.398,123.35,23,1.047,192,195,193.5,TRUE
SP-10-D50x620-G126.6,50,620,10,1400,12.4,5,0.398,126.6,23,1.075,200,200,200,TRUE
SP-10-D50x729-G12.85,50,729,10,1650,14.58,5,0.396,12.85,23,0.109,6,7,6.5,TRUE
SP-10-D50x729-G15.45,50,729,10,1650,14.58,5,0.396,15.45,23,0.131,8,9,8.5,TRUE
SP-10-D50x729-G17.05,50,729,10,1650,14.58,5,0.396,17.05,23,0.145,10,10,10,TRUE
SP-10-D50x729-G18.15,50,729,10,1650,14.58,5,0.396,18.15,23,0.154,11,11,11,TRUE
SP-10-D50x729-G19.55,50,729,10,1650,14.58,5,0.396,19.55,23,0.166,12,13,12.5,TRUE
SP-10-D50x729-G20.75,50,729,10,1650,14.58,5,0.396,20.75,23,0.176,14,14,14,TRUE
SP-10-D50x729-G21.65,50,729,10,1650,14.58,5,0.396,21.65,23,0.184,15,15,15,TRUE
SP-10-D50x729-G22.9,50,729,10,1650,14.58,5,0.396,22.9,23,0.194,16,16,16,TRUE
SP-10-D50x729-G24.2,50,729,10,1650,14.58,5,0.396,24.2,23,0.205,17,18,17.5,TRUE
SP-10-D50x729-G25.35,50,729,10,1650,14.58,5,0.396,25.35,23,0.215,18,19,18.5,TRUE
SP-10-D50x729-G26.25,50,729,10,1650,14.58,5,0.396,26.25,23,0.223,19,20,19.5,TRUE
SP-10-D50x729-G27.35,50,729,10,1650,14.58,5,0.396,27.35,23,0.232,21,21,21,TRUE
SP-10-D50x729-G28.9,50,729,10,1650,14.58,5,0.396,28.9,23,0.245,23,23,23,TRUE
SP-10-D50x729-G29.95,50,729,10,1650,14.58,5,0.396,29.95,23,0.254,24,25,24.5,TRUE
SP-10-D50x729-G31.15,50,729,10,1650,14.58,5,0.396,31.15,23,0.264,26,26,26,TRUE
SP-10-D50x729-G32.65,50,729,10,1650,14.58,5,0.396,32.65,23,0.277,28,28,28,TRUE
SP-10-D50x729-G33.85,50,729,10,1650,14.58,5,0.396,33.85,23,0.287,29,30,29.5,TRUE
SP-10-D50x729-G34.95,50,729,10,1650,14.58,5,0.396,34.95,23,0.297,30,31,30.5,TRUE
SP-10-D50x729-G36.45,50,729,10,1650,14.58,5,0.396,36.45,23,0.309,32,33,32.5,TRUE
SP-10-D50x729-G37.65,50,729,10,1650,14.58,5,0.396,37.65,23,0.32,34,35,34.5,TRUE
SP-10-D50x729-G39.4,50,729,10,1650,14.58,5,0.396,39.4,23,0.334,37,38,37.5,TRUE
SP-10-D50x729-G40.65,50,729,10,1650,14.58,5,0.396,40.65,23,0.345,39,40,39.5,TRUE
SP-10-D50x729-G41.9,50,729,10,1650,14.58,5,0.396,41.9,23,0.356,41,42,41.5,TRUE
SP-10-D50x729-G43.2,50,729,10,1650,14.58,5,0.396,43.2,23,0.367,43,44,43.5,TRUE
SP-10-D50x729-G45.05,50,729,10,1650,14.58,5,0.396,45.05,23,0.382,46,47,46.5,TRUE
SP-10-D50x729-G47.05,50,729,10,1650,14.58,5,0.396,47.05,23,0.399,50,51,50.5,TRUE
SP-10-D50x729-G48.4,50,729,10,1650,14.58,5,0.396,48.4,23,0.411,52,53,52.5,TRUE
SP-10-D50x729-G49.15,50,729,10,1650,14.58,5,0.396,49.15,23,0.417,53,54,53.5,TRUE
SP-10-D50x729-G50.8,50,729,10,1650,14.58,5,0.396,50.8,23,0.431,57,59,58,TRUE
SP-10-D50x729-G52.8,50,729,10,1650,14.58,5,0.396,52.8,23,0.448,59,60,59.5,TRUE
SP-10-D50x729-G54.45,50,729,10,1650,14.58,5,0.396,54.45,23,0.462,62,62,62,TRUE
SP-10-D50x729-G55.4,50,729,10,1650,14.58,5,0.396,55.4,23,0.47,63,64,63.5,TRUE
SP-10-D50x729-G57.3,50,729,10,1650,14.58,5,0.396,57.3,23,0.486,66,67,66.5,TRUE
SP-10-D50x729-G59.2,50,729,10,1650,14.58,5,0.396,59.2,23,0.503,70,71,70.5,TRUE
SP-10-D50x729-G60.65,50,729,10,1650,14.58,5,0.396,60.65,23,0.515,72,73,72.5,TRUE
SP-10-D50x729-G62.4,50,729,10,1650,14.58,5,0.396,62.4,23,0.53,75,77,76,TRUE
SP-10-D50x729-G64.2,50,729,10,1650,14.58,5,0.396,64.2,23,0.545,79,80,79.5,TRUE
SP-10-D50x729-G66.15,50,729,10,1650,14.58,5,0.396,66.15,23,0.561,84,85,84.5,TRUE
SP-10-D50x729-G68.2,50,729,10,1650,14.58,5,0.396,68.2,23,0.579,89,90,89.5,TRUE
SP-10-D50x729-G69.6,50,729,10,1650,14.58,5,0.396,69.6,23,0.591,91,93,92,TRUE
SP-10-D50x729-G70.6,50,729,10,1650,14.58,5,0.396,70.6,23,0.599,94,95,94.5,TRUE
SP-10-D50x729-G71.45,50,729,10,1650,14.58,5,0.396,71.45,23,0.606,95,96,95.5,TRUE
SP-10-D50x729-G73.4,50,729,10,1650,14.58,5,0.396,73.4,23,0.623,99,100,99.5,TRUE
SP-10-D50x729-G74.15,50,729,10,1650,14.58,5,0.396,74.15,23,0.629,100,102,101,TRUE
SP-10-D50x729-G75.3,50,729,10,1650,14.58,5,0.396,75.3,23,0.639,102,104,103,TRUE
SP-10-D50x729-G77.55,50,729,10,1650,14.58,5,0.396,77.55,23,0.658,107,109,108,TRUE
SP-10-D50x729-G78.6,50,729,10,1650,14.58,5,0.396,78.6,23,0.667,110,112,111,TRUE
SP-10-D50x729-G80.35,50,729,10,1650,14.58,5,0.396,80.35,23,0.682,113,118,115.5,TRUE
SP-10-D50x729-G82.75,50,729,10,1650,14.58,5,0.396,82.75,23,0.702,124,127,125.5,TRUE
SP-10-D50x729-G85.3,50,729,10,1650,14.58,5,0.396,85.3,23,0.724,129,132,130.5,TRUE
SP-10-D50x729-G86.3,50,729,10,1650,14.58,5,0.396,86.3,23,0.733,130,133,131.5,TRUE
SP-10-D50x729-G88.5,50,729,10,1650,14.58,5,0.396,88.5,23,0.751,134,137,135.5,TRUE
SP-10-D50x729-G90.55,50,729,10,1650,14.58,5,0.396,90.55,23,0.769,141,144,142.5,TRUE
SP-10-D50x729-G91.5,50,729,10,1650,14.58,5,0.396,91.5,23,0.777,142,147,144.5,TRUE
SP-10-D50x729-G94,50,729,10,1650,14.58,5,0.396,94,23,0.798,148,152,150,TRUE
SP-10-D50x729-G97.15,50,729,10,1650,14.58,5,0.396,97.15,23,0.825,156,158,157,TRUE
SP-10-D50x729-G98.6,50,729,10,1650,14.58,5,0.396,98.6,23,0.837,160,162,161,TRUE
SP-10-D50x729-G99.75,50,729,10,1650,14.58,5,0.396,99.75,23,0.847,163,165,164,TRUE
SP-10-D50x729-G101.2,50,729,10,1650,14.58,5,0.396,101.2,23,0.859,168,171,169.5,TRUE
SP-10-D50x729-G102.05,50,729,10,1650,14.58,5,0.396,102.05,23,0.866,172,174,173,TRUE
SP-10-D50x729-G106.7,50,729,10,1650,14.58,5,0.396,106.7,23,0.906,183,186,184.5,TRUE
SP-10-D50x729-G113.7,50,729,10,1650,14.58,5,0.396,113.7,23,0.965,200,200,200,TRUE
SP-10-D50x773-G12.15,50,773,10,1750,15.46,5,0.396,12.15,23,0.103,6,6,6,TRUE
SP-10-D50x773-G13.8,50,773,10,1750,15.46,5,0.396,13.8,23,0.117,7,8,7.5,TRUE
SP-10-D50x773-G15.15,50,773,10,1750,15.46,5,0.396,15.15,23,0.129,9,9,9,TRUE
SP-10-D50x773-G17,50,773,10,1750,15.46,5,0.396,17,23,0.144,10,11,10.5,TRUE
SP-10-D50x773-G19.45,50,773,10,1750,15.46,5,0.396,19.45,23,0.165,12,14,13,TRUE
SP-10-D50x773-G21.1,50,773,10,1750,15.46,5,0.396,21.1,23,0.179,15,15,15,TRUE
SP-10-D50x773-G22.85,50,773,10,1750,15.46,5,0.396,22.85,23,0.194,17,17,17,TRUE
SP-10-D50x773-G24.55,50,773,10,1750,15.46,5,0.396,24.55,23,0.208,19,19,19,TRUE
SP-10-D50x773-G26.4,50,773,10,1750,15.46,5,0.396,26.4,23,0.224,21,21,21,TRUE
SP-10-D50x773-G28.15,50,773,10,1750,15.46,5,0.396,28.15,23,0.239,23,24,23.5,TRUE
SP-10-D50x773-G29.35,50,773,10,1750,15.46,5,0.396,29.35,23,0.249,25,25,25,TRUE
SP-10-D50x773-G30.25,50,773,10,1750,15.46,5,0.396,30.25,23,0.257,26,27,26.5,TRUE
SP-10-D50x773-G31.65,50,773,10,1750,15.46,5,0.396,31.65,23,0.269,28,29,28.5,TRUE
SP-10-D50x773-G33.1,50,773,10,1750,15.46,5,0.396,33.1,23,0.281,30,30,30,TRUE
SP-10-D50x773-G35.15,50,773,10,1750,15.46,5,0.396,35.15,23,0.298,32,33,32.5,TRUE
SP-10-D50x773-G36.45,50,773,10,1750,15.46,5,0.396,36.45,23,0.309,35,36,35.5,TRUE
SP-10-D50x773-G37.65,50,773,10,1750,15.46,5,0.396,37.65,23,0.32,36,37,36.5,TRUE
SP-10-D50x773-G39.4,50,773,10,1750,15.46,5,0.396,39.4,23,0.334,39,40,39.5,TRUE
SP-10-D50x773-G40.75,50,773,10,1750,15.46,5,0.396,40.75,23,0.346,42,43,42.5,TRUE
SP-10-D50x773-G41.75,50,773,10,1750,15.46,5,0.396,41.75,23,0.354,43,44,43.5,TRUE
SP-10-D50x773-G43.65,50,773,10,1750,15.46,5,0.396,43.65,23,0.371,46,47,46.5,TRUE
SP-10-D50x773-G44.95,50,773,10,1750,15.46,5,0.396,44.95,23,0.382,49,50,49.5,TRUE
SP-10-D50x773-G46.35,50,773,10,1750,15.46,5,0.396,46.35,23,0.393,51,52,51.5,TRUE
SP-10-D50x773-G47.85,50,773,10,1750,15.46,5,0.396,47.85,23,0.406,54,55,54.5,TRUE
SP-10-D50x773-G48.95,50,773,10,1750,15.46,5,0.396,48.95,23,0.416,56,57,56.5,TRUE
SP-10-D50x773-G50.85,50,773,10,1750,15.46,5,0.396,50.85,23,0.432,60,61,60.5,TRUE
SP-10-D50x773-G52.25,50,773,10,1750,15.46,5,0.396,52.25,23,0.444,62,63,62.5,TRUE
SP-10-D50x773-G54.5,50,773,10,1750,15.46,5,0.396,54.5,23,0.463,65,66,65.5,TRUE
SP-10-D50x773-G56.45,50,773,10,1750,15.46,5,0.396,56.45,23,0.479,69,70,69.5,TRUE
SP-10-D50x773-G58.95,50,773,10,1750,15.46,5,0.396,58.95,23,0.5,73,74,73.5,TRUE
SP-10-D50x773-G60.65,50,773,10,1750,15.46,5,0.396,60.65,23,0.515,77,78,77.5,TRUE
SP-10-D50x773-G62.05,50,773,10,1750,15.46,5,0.396,62.05,23,0.527,80,81,80.5,TRUE
SP-10-D50x773-G63.7,50,773,10,1750,15.46,5,0.396,63.7,23,0.541,83,84,83.5,TRUE
SP-10-D50x773-G65.35,50,773,10,1750,15.46,5,0.396,65.35,23,0.555,86,88,87,TRUE
SP-10-D50x773-G66.95,50,773,10,1750,15.46,5,0.396,66.95,23,0.568,92,93,92.5,TRUE
SP-10-D50x773-G68.4,50,773,10,1750,15.46,5,0.396,68.4,23,0.581,94,96,95,TRUE
SP-10-D50x773-G71.1,50,773,10,1750,15.46,5,0.396,71.1,23,0.604,102,103,102.5,TRUE
SP-10-D50x773-G72.05,50,773,10,1750,15.46,5,0.396,72.05,23,0.612,103,104,103.5,TRUE
SP-10-D50x773-G74.25,50,773,10,1750,15.46,5,0.396,74.25,23,0.63,106,108,107,TRUE
SP-10-D50x773-G75.85,50,773,10,1750,15.46,5,0.396,75.85,23,0.644,110,113,111.5,TRUE
SP-10-D50x773-G78.05,50,773,10,1750,15.46,5,0.396,78.05,23,0.663,116,118,117,TRUE
SP-10-D50x773-G79.2,50,773,10,1750,15.46,5,0.396,79.2,23,0.672,119,121,120,TRUE
SP-10-D50x773-G80.05,50,773,10,1750,15.46,5,0.396,80.05,23,0.679,121,123,122,TRUE
SP-10-D50x773-G81.2,50,773,10,1750,15.46,5,0.396,81.2,23,0.689,124,126,125,TRUE
SP-10-D50x773-G82.65,50,773,10,1750,15.46,5,0.396,82.65,23,0.702,127,130,128.5,TRUE
SP-10-D50x773-G84.2,50,773,10,1750,15.46,5,0.396,84.2,23,0.715,132,135,133.5,TRUE
SP-10-D50x773-G85.9,50,773,10,1750,15.46,5,0.396,85.9,23,0.729,137,140,138.5,TRUE
SP-10-D50x773-G87.55,50,773,10,1750,15.46,5,0.396,87.55,23,0.743,140,143,141.5,TRUE
SP-10-D50x773-G90.85,50,773,10,1750,15.46,5,0.396,90.85,23,0.771,149,152,150.5,TRUE
SP-10-D50x773-G92.5,50,773,10,1750,15.46,5,0.396,92.5,23,0.785,153,155,154,TRUE
SP-10-D50x773-G94.4,50,773,10,1750,15.46,5,0.396,94.4,23,0.801,158,162,160,TRUE
SP-10-D50x773-G97.9,50,773,10,1750,15.46,5,0.396,97.9,23,0.831,169,171,170,TRUE
SP-10-D50x773-G99.8,50,773,10,1750,15.46,5,0.396,99.8,23,0.847,178,180,179,TRUE
SP-10-D50x773-G100.3,50,773,10,1750,15.46,5,0.396,100.3,23,0.851,175,177,176,TRUE
SP-10-D50x773-G101.85,50,773,10,1750,15.46,5,0.396,101.85,23,0.865,179,182,180.5,TRUE
SP-10-D50x773-G103.4,50,773,10,1750,15.46,5,0.396,103.4,23,0.878,183,185,184,TRUE
SP-10-D50x773-G105.55,50,773,10,1750,15.46,5,0.396,105.55,23,0.896,189,192,190.5,TRUE
SP-10-D50x773-G106.5,50,773,10,1750,15.46,5,0.396,106.5,23,0.904,194,197,195.5,TRUE
SP-10-D50x773-G107.75,50,773,10,1750,15.46,5,0.396,107.75,23,0.915,196,200,198,TRUE
SP-10-D50x773-G108.95,50,773,10,1750,15.46,5,0.396,108.95,23,0.925,200,210,205,TRUE
SP-7.5-D50x160-G9.25,50,160,7.5,800,3.2,6.666666667,0.438,9.25,23,0.079,1,2,1.5,TRUE
SP-7.5-D50x160-G12.5,50,160,7.5,800,3.2,6.666666667,0.438,12.5,23,0.106,2,3,2.5,TRUE
SP-7.5-D50x160-G14.5,50,160,7.5,800,3.2,6.666666667,0.438,14.5,23,0.123,3,3,3,TRUE
SP-7.5-D50x160-G16.3,50,160,7.5,800,3.2,6.666666667,0.438,16.3,23,0.138,3,4,3.5,TRUE
SP-7.5-D50x160-G18.25,50,160,7.5,800,3.2,6.666666667,0.438,18.25,23,0.155,4,4,4,TRUE
SP-7.5-D50x160-G20.8,50,160,7.5,800,3.2,6.666666667,0.438,20.8,23,0.177,5,5,5,TRUE
SP-7.5-D50x160-G22.6,50,160,7.5,800,3.2,6.666666667,0.438,22.6,23,0.192,5,6,5.5,TRUE
SP-7.5-D50x160-G24.7,50,160,7.5,800,3.2,6.666666667,0.438,24.7,23,0.21,6,7,6.5,TRUE
SP-7.5-D50x160-G26.25,50,160,7.5,800,3.2,6.666666667,0.438,26.25,23,0.223,7,8,7.5,TRUE
SP-7.5-D50x160-G29.65,50,160,7.5,800,3.2,6.666666667,0.438,29.65,23,0.252,9,9,9,TRUE
SP-7.5-D50x160-G32.2,50,160,7.5,800,3.2,6.666666667,0.438,32.2,23,0.273,10,11,10.5,TRUE
SP-7.5-D50x160-G35.05,50,160,7.5,800,3.2,6.666666667,0.438,35.05,23,0.298,11,12,11.5,TRUE
SP-7.5-D50x160-G38.6,50,160,7.5,800,3.2,6.666666667,0.438,38.6,23,0.328,14,15,14.5,TRUE
SP-7.5-D50x160-G40.9,50,160,7.5,800,3.2,6.666666667,0.438,40.9,23,0.347,15,16,15.5,TRUE
SP-7.5-D50x160-G43.1,50,160,7.5,800,3.2,6.666666667,0.438,43.1,23,0.366,16,17,16.5,TRUE
SP-7.5-D50x160-G46.7,50,160,7.5,800,3.2,6.666666667,0.438,46.7,23,0.396,18,19,18.5,TRUE
SP-7.5-D50x160-G48.9,50,160,7.5,800,3.2,6.666666667,0.438,48.9,23,0.415,20,21,20.5,TRUE
SP-7.5-D50x160-G51.9,50,160,7.5,800,3.2,6.666666667,0.438,51.9,23,0.441,21,22,21.5,TRUE
SP-7.5-D50x160-G55.4,50,160,7.5,800,3.2,6.666666667,0.438,55.4,23,0.47,23,24,23.5,TRUE
SP-7.5-D50x160-G57.35,50,160,7.5,800,3.2,6.666666667,0.438,57.35,23,0.487,25,26,25.5,TRUE
SP-7.5-D50x160-G59.25,50,160,7.5,800,3.2,6.666666667,0.438,59.25,23,0.503,25,27,26,TRUE
SP-7.5-D50x160-G61.2,50,160,7.5,800,3.2,6.666666667,0.438,61.2,23,0.519,26,27,26.5,TRUE
SP-7.5-D50x160-G63.25,50,160,7.5,800,3.2,6.666666667,0.438,63.25,23,0.537,28,29,28.5,TRUE
SP-7.5-D50x160-G66,50,160,7.5,800,3.2,6.666666667,0.438,66,23,0.56,29,30,29.5,TRUE
SP-7.5-D50x160-G68.8,50,160,7.5,800,3.2,6.666666667,0.438,68.8,23,0.584,31,33,32,TRUE
SP-7.5-D50x160-G70.6,50,160,7.5,800,3.2,6.666666667,0.438,70.6,23,0.599,32,34,33,TRUE
SP-7.5-D50x160-G73.65,50,160,7.5,800,3.2,6.666666667,0.438,73.65,23,0.625,33,36,34.5,TRUE
SP-7.5-D50x160-G75.2,50,160,7.5,800,3.2,6.666666667,0.438,75.2,23,0.638,34,37,35.5,TRUE
SP-7.5-D50x160-G78.85,50,160,7.5,800,3.2,6.666666667,0.438,78.85,23,0.669,37,39,38,TRUE
SP-7.5-D50x160-G80.3,50,160,7.5,800,3.2,6.666666667,0.438,80.3,23,0.682,38,39,38.5,TRUE
SP-7.5-D50x160-G82.6,50,160,7.5,800,3.2,6.666666667,0.438,82.6,23,0.701,39,41,40,TRUE
SP-7.5-D50x160-G84.65,50,160,7.5,800,3.2,6.666666667,0.438,84.65,23,0.719,42,43,42.5,TRUE
SP-7.5-D50x160-G88.2,50,160,7.5,800,3.2,6.666666667,0.438,88.2,23,0.749,44,46,45,TRUE
SP-7.5-D50x160-G91.55,50,160,7.5,800,3.2,6.666666667,0.438,91.55,23,0.777,46,49,47.5,TRUE
SP-7.5-D50x160-G93.85,50,160,7.5,800,3.2,6.666666667,0.438,93.85,23,0.797,48,51,49.5,TRUE
SP-7.5-D50x160-G96.6,50,160,7.5,800,3.2,6.666666667,0.438,96.6,23,0.82,50,52,51,TRUE
SP-7.5-D50x160-G99,50,160,7.5,800,3.2,6.666666667,0.438,99,23,0.84,52,54,53,TRUE
SP-7.5-D50x160-G100.85,50,160,7.5,800,3.2,6.666666667,0.438,100.85,23,0.856,54,56,55,TRUE
SP-7.5-D50x160-G102.3,50,160,7.5,800,3.2,6.666666667,0.438,102.3,23,0.868,55,57,56,TRUE
SP-7.5-D50x160-G104.95,50,160,7.5,800,3.2,6.666666667,0.438,104.95,23,0.891,57,59,58,TRUE
SP-7.5-D50x160-G108.25,50,160,7.5,800,3.2,6.666666667,0.438,108.25,23,0.919,60,63,61.5,TRUE
SP-7.5-D50x160-G112.7,50,160,7.5,800,3.2,6.666666667,0.438,112.7,23,0.957,67,69,68,TRUE
SP-7.5-D50x160-G118.05,50,160,7.5,800,3.2,6.666666667,0.438,118.05,23,1.002,70,74,72,TRUE
SP-7.5-D50x160-G122.65,50,160,7.5,800,3.2,6.666666667,0.438,122.65,23,1.041,75,78,76.5,TRUE
SP-7.5-D50x160-G126.4,50,160,7.5,800,3.2,6.666666667,0.438,126.4,23,1.073,78,80,79,TRUE
SP-7.5-D50x160-G128.2,50,160,7.5,800,3.2,6.666666667,0.438,128.2,23,1.088,79,82,80.5,TRUE
SP-7.5-D50x160-G130.15,50,160,7.5,800,3.2,6.666666667,0.438,130.15,23,1.105,81,84,82.5,TRUE
SP-7.5-D50x160-G133.75,50,160,7.5,800,3.2,6.666666667,0.438,133.75,23,1.135,86,89,87.5,TRUE
SP-7.5-D50x160-G134.4,50,160,7.5,800,3.2,6.666666667,0.438,134.4,23,1.141,89,91,90,TRUE
SP-7.5-D50x160-G137.9,50,160,7.5,800,3.2,6.666666667,0.438,137.9,23,1.171,89,92,90.5,TRUE
SP-7.5-D50x160-G139.9,50,160,7.5,800,3.2,6.666666667,0.438,139.9,23,1.188,93,96,94.5,TRUE
SP-7.5-D50x160-G141.9,50,160,7.5,800,3.2,6.666666667,0.438,141.9,23,1.204,94,97,95.5,TRUE
SP-7.5-D50x160-G144.4,50,160,7.5,800,3.2,6.666666667,0.438,144.4,23,1.226,95,98,96.5,TRUE
SP-7.5-D50x160-G150.1,50,160,7.5,800,3.2,6.666666667,0.438,150.1,23,1.274,103,105,104,TRUE
SP-7.5-D50x160-G154.5,50,160,7.5,800,3.2,6.666666667,0.438,154.5,23,1.311,109,114,111.5,TRUE
SP-7.5-D50x160-G155.5,50,160,7.5,800,3.2,6.666666667,0.438,155.5,23,1.32,110,115,112.5,TRUE
SP-7.5-D50x160-G156.2,50,160,7.5,800,3.2,6.666666667,0.438,156.2,23,1.326,112,114,113,TRUE
SP-7.5-D50x160-G160.35,50,160,7.5,800,3.2,6.666666667,0.438,160.35,23,1.361,114,117,115.5,TRUE
SP-7.5-D50x160-G163.55,50,160,7.5,800,3.2,6.666666667,0.438,163.55,23,1.388,119,121,120,TRUE
SP-7.5-D50x160-G167.5,50,160,7.5,800,3.2,6.666666667,0.438,167.5,23,1.422,124,127,125.5,TRUE
SP-7.5-D50x160-G170.05,50,160,7.5,800,3.2,6.666666667,0.438,170.05,23,1.443,129,132,130.5,TRUE
SP-7.5-D50x160-G172.6,50,160,7.5,800,3.2,6.666666667,0.438,172.6,23,1.465,134,137,135.5,TRUE
SP-7.5-D50x160-G177.7,50,160,7.5,800,3.2,6.666666667,0.438,177.7,23,1.508,140,143,141.5,TRUE
SP-7.5-D50x160-G182.85,50,160,7.5,800,3.2,6.666666667,0.438,182.85,23,1.552,141,146,143.5,TRUE
SP-7.5-D50x160-G185.5,50,160,7.5,800,3.2,6.666666667,0.438,185.5,23,1.575,147,150,148.5,TRUE
SP-7.5-D50x160-G189.2,50,160,7.5,800,3.2,6.666666667,0.438,189.2,23,1.606,152,157,154.5,TRUE
SP-7.5-D50x160-G194.1,50,160,7.5,800,3.2,6.666666667,0.438,194.1,23,1.648,159,164,161.5,TRUE
SP-7.5-D50x160-G194.95,50,160,7.5,800,3.2,6.666666667,0.438,194.95,23,1.655,162,165,163.5,TRUE
SP-7.5-D50x160-G199.55,50,160,7.5,800,3.2,6.666666667,0.438,199.55,23,1.694,172,176,174,TRUE
SP-7.5-D50x160-G205.3,50,160,7.5,800,3.2,6.666666667,0.438,205.3,23,1.743,179,185,182,TRUE
SP-7.5-D50x160-G208.5,50,160,7.5,800,3.2,6.666666667,0.438,208.5,23,1.77,189,194,191.5,TRUE
SP-7.5-D50x195-G11,50,195,7.5,1000,3.9,6.666666667,0.423,11,23,0.093,2,3,2.5,TRUE
SP-7.5-D50x195-G14.25,50,195,7.5,1000,3.9,6.666666667,0.423,14.25,23,0.121,4,4,4,TRUE
SP-7.5-D50x195-G17.45,50,195,7.5,1000,3.9,6.666666667,0.423,17.45,23,0.148,5,5,5,TRUE
SP-7.5-D50x195-G19.4,50,195,7.5,1000,3.9,6.666666667,0.423,19.4,23,0.165,6,6,6,TRUE
SP-7.5-D50x195-G20.4,50,195,7.5,1000,3.9,6.666666667,0.423,20.4,23,0.173,6,7,6.5,TRUE
SP-7.5-D50x195-G22.05,50,195,7.5,1000,3.9,6.666666667,0.423,22.05,23,0.187,7,8,7.5,TRUE
SP-7.5-D50x195-G25.4,50,195,7.5,1000,3.9,6.666666667,0.423,25.4,23,0.216,9,9,9,TRUE
SP-7.5-D50x195-G27.9,50,195,7.5,1000,3.9,6.666666667,0.423,27.9,23,0.237,10,11,10.5,TRUE
SP-7.5-D50x195-G29.45,50,195,7.5,1000,3.9,6.666666667,0.423,29.45,23,0.25,11,12,11.5,TRUE
SP-7.5-D50x195-G31.25,50,195,7.5,1000,3.9,6.666666667,0.423,31.25,23,0.265,13,13,13,TRUE
SP-7.5-D50x195-G34.35,50,195,7.5,1000,3.9,6.666666667,0.423,34.35,23,0.292,15,15,15,TRUE
SP-7.5-D50x195-G38.95,50,195,7.5,1000,3.9,6.666666667,0.423,38.95,23,0.331,17,18,17.5,TRUE
SP-7.5-D50x195-G41.7,50,195,7.5,1000,3.9,6.666666667,0.423,41.7,23,0.354,20,20,20,TRUE
SP-7.5-D50x195-G44.75,50,195,7.5,1000,3.9,6.666666667,0.423,44.75,23,0.38,22,23,22.5,TRUE
SP-7.5-D50x195-G48.35,50,195,7.5,1000,3.9,6.666666667,0.423,48.35,23,0.41,24,25,24.5,TRUE
SP-7.5-D50x195-G51.3,50,195,7.5,1000,3.9,6.666666667,0.423,51.3,23,0.435,27,28,27.5,TRUE
SP-7.5-D50x195-G53.2,50,195,7.5,1000,3.9,6.666666667,0.423,53.2,23,0.452,28,30,29,TRUE
SP-7.5-D50x195-G57.85,50,195,7.5,1000,3.9,6.666666667,0.423,57.85,23,0.491,32,33,32.5,TRUE
SP-7.5-D50x195-G60.9,50,195,7.5,1000,3.9,6.666666667,0.423,60.9,23,0.517,34,35,34.5,TRUE
SP-7.5-D50x195-G64.3,50,195,7.5,1000,3.9,6.666666667,0.423,64.3,23,0.546,36,39,37.5,TRUE
SP-7.5-D50x195-G68.3,50,195,7.5,1000,3.9,6.666666667,0.423,68.3,23,0.58,40,42,41,TRUE
SP-7.5-D50x195-G70.65,50,195,7.5,1000,3.9,6.666666667,0.423,70.65,23,0.6,42,44,43,TRUE
SP-7.5-D50x195-G73.55,50,195,7.5,1000,3.9,6.666666667,0.423,73.55,23,0.624,44,45,44.5,TRUE
SP-7.5-D50x195-G76.2,50,195,7.5,1000,3.9,6.666666667,0.423,76.2,23,0.647,47,49,48,TRUE
SP-7.5-D50x195-G79.2,50,195,7.5,1000,3.9,6.666666667,0.423,79.2,23,0.672,50,51,50.5,TRUE
SP-7.5-D50x195-G80.75,50,195,7.5,1000,3.9,6.666666667,0.423,80.75,23,0.685,52,54,53,TRUE
SP-7.5-D50x195-G84.1,50,195,7.5,1000,3.9,6.666666667,0.423,84.1,23,0.714,55,56,55.5,TRUE
SP-7.5-D50x195-G87.75,50,195,7.5,1000,3.9,6.666666667,0.423,87.75,23,0.745,59,60,59.5,TRUE
SP-7.5-D50x195-G90.15,50,195,7.5,1000,3.9,6.666666667,0.423,90.15,23,0.765,61,63,62,TRUE
SP-7.5-D50x195-G92.4,50,195,7.5,1000,3.9,6.666666667,0.423,92.4,23,0.784,63,65,64,TRUE
SP-7.5-D50x195-G95.1,50,195,7.5,1000,3.9,6.666666667,0.423,95.1,23,0.807,66,68,67,TRUE
SP-7.5-D50x195-G98.75,50,195,7.5,1000,3.9,6.666666667,0.423,98.75,23,0.838,70,73,71.5,TRUE
SP-7.5-D50x195-G101.95,50,195,7.5,1000,3.9,6.666666667,0.423,101.95,23,0.865,75,77,76,TRUE
SP-7.5-D50x195-G104.85,50,195,7.5,1000,3.9,6.666666667,0.423,104.85,23,0.89,78,79,78.5,TRUE
SP-7.5-D50x195-G107.1,50,195,7.5,1000,3.9,6.666666667,0.423,107.1,23,0.909,79,82,80.5,TRUE
SP-7.5-D50x195-G110.6,50,195,7.5,1000,3.9,6.666666667,0.423,110.6,23,0.939,84,86,85,TRUE
SP-7.5-D50x195-G114.9,50,195,7.5,1000,3.9,6.666666667,0.423,114.9,23,0.975,89,91,90,TRUE
SP-7.5-D50x195-G118.55,50,195,7.5,1000,3.9,6.666666667,0.423,118.55,23,1.006,92,95,93.5,TRUE
SP-7.5-D50x195-G119.7,50,195,7.5,1000,3.9,6.666666667,0.423,119.7,23,1.016,97,99,98,TRUE
SP-7.5-D50x195-G123.35,50,195,7.5,1000,3.9,6.666666667,0.423,123.35,23,1.047,99,103,101,TRUE
SP-7.5-D50x195-G124.7,50,195,7.5,1000,3.9,6.666666667,0.423,124.7,23,1.058,102,107,104.5,TRUE
SP-7.5-D50x195-G130.85,50,195,7.5,1000,3.9,6.666666667,0.423,130.85,23,1.111,109,114,111.5,TRUE
SP-7.5-D50x195-G132.7,50,195,7.5,1000,3.9,6.666666667,0.423,132.7,23,1.126,116,120,118,TRUE
SP-7.5-D50x195-G138.2,50,195,7.5,1000,3.9,6.666666667,0.423,138.2,23,1.173,128,130,129,TRUE
SP-7.5-D50x195-G139.75,50,195,7.5,1000,3.9,6.666666667,0.423,139.75,23,1.186,129,131,130,TRUE
SP-7.5-D50x195-G144.4,50,195,7.5,1000,3.9,6.666666667,0.423,144.4,23,1.226,132,136,134,TRUE
SP-7.5-D50x195-G147.25,50,195,7.5,1000,3.9,6.666666667,0.423,147.25,23,1.25,135,138,136.5,TRUE
SP-7.5-D50x195-G149.6,50,195,7.5,1000,3.9,6.666666667,0.423,149.6,23,1.27,139,142,140.5,TRUE
SP-7.5-D50x195-G151.2,50,195,7.5,1000,3.9,6.666666667,0.423,151.2,23,1.283,144,147,145.5,TRUE
SP-7.5-D50x195-G152.1,50,195,7.5,1000,3.9,6.666666667,0.423,152.1,23,1.291,146,148,147,TRUE
SP-7.5-D50x195-G158.5,50,195,7.5,1000,3.9,6.666666667,0.423,158.5,23,1.345,153,157,155,TRUE
SP-7.5-D50x195-G161.8,50,195,7.5,1000,3.9,6.666666667,0.423,161.8,23,1.373,163,167,165,TRUE
SP-7.5-D50x195-G164.65,50,195,7.5,1000,3.9,6.666666667,0.423,164.65,23,1.398,170,175,172.5,TRUE
SP-7.5-D50x195-G169.85,50,195,7.5,1000,3.9,6.666666667,0.423,169.85,23,1.442,182,185,183.5,TRUE
SP-7.5-D50x195-G178.65,50,195,7.5,1000,3.9,6.666666667,0.423,178.65,23,1.516,197,200,198.5,TRUE
SP-7.5-D50x195-G185,50,195,7.5,1000,3.9,6.666666667,0.423,185,23,1.57,199,200,199.5,TRUE
SP-7.5-D50x231-G12.15,50,231,7.5,1200,4.62,6.666666667,0.416,12.15,23,0.103,3,4,3.5,TRUE
SP-7.5-D50x231-G14.45,50,231,7.5,1200,4.62,6.666666667,0.416,14.45,23,0.123,4,5,4.5,TRUE
SP-7.5-D50x231-G17.85,50,231,7.5,1200,4.62,6.666666667,0.416,17.85,23,0.152,6,7,6.5,TRUE
SP-7.5-D50x231-G19.25,50,231,7.5,1200,4.62,6.666666667,0.416,19.25,23,0.163,7,8,7.5,TRUE
SP-7.5-D50x231-G20.85,50,231,7.5,1200,4.62,6.666666667,0.416,20.85,23,0.177,8,9,8.5,TRUE
SP-7.5-D50x231-G22.55,50,231,7.5,1200,4.62,6.666666667,0.416,22.55,23,0.191,9,9,9,TRUE
SP-7.5-D50x231-G24.05,50,231,7.5,1200,4.62,6.666666667,0.416,24.05,23,0.204,10,10,10,TRUE
SP-7.5-D50x231-G27.45,50,231,7.5,1200,4.62,6.666666667,0.416,27.45,23,0.233,12,13,12.5,TRUE
SP-7.5-D50x231-G29.35,50,231,7.5,1200,4.62,6.666666667,0.416,29.35,23,0.249,14,15,14.5,TRUE
SP-7.5-D50x231-G32.05,50,231,7.5,1200,4.62,6.666666667,0.416,32.05,23,0.272,16,16,16,TRUE
SP-7.5-D50x231-G34.65,50,231,7.5,1200,4.62,6.666666667,0.416,34.65,23,0.294,18,18,18,TRUE
SP-7.5-D50x231-G37.5,50,231,7.5,1200,4.62,6.666666667,0.416,37.5,23,0.318,20,21,20.5,TRUE
SP-7.5-D50x231-G40.3,50,231,7.5,1200,4.62,6.666666667,0.416,40.3,23,0.342,23,24,23.5,TRUE
SP-7.5-D50x231-G42.4,50,231,7.5,1200,4.62,6.666666667,0.416,42.4,23,0.36,24,25,24.5,TRUE
SP-7.5-D50x231-G44.5,50,231,7.5,1200,4.62,6.666666667,0.416,44.5,23,0.378,26,27,26.5,TRUE
SP-7.5-D50x231-G48.35,50,231,7.5,1200,4.62,6.666666667,0.416,48.35,23,0.41,30,31,30.5,TRUE
SP-7.5-D50x231-G50.7,50,231,7.5,1200,4.62,6.666666667,0.416,50.7,23,0.43,33,34,33.5,TRUE
SP-7.5-D50x231-G52.4,50,231,7.5,1200,4.62,6.666666667,0.416,52.4,23,0.445,34,35,34.5,TRUE
SP-7.5-D50x231-G55.15,50,231,7.5,1200,4.62,6.666666667,0.416,55.15,23,0.468,37,38,37.5,TRUE
SP-7.5-D50x231-G58.65,50,231,7.5,1200,4.62,6.666666667,0.416,58.65,23,0.498,40,41,40.5,TRUE
SP-7.5-D50x231-G61.1,50,231,7.5,1200,4.62,6.666666667,0.416,61.1,23,0.519,42,43,42.5,TRUE
SP-7.5-D50x231-G63.65,50,231,7.5,1200,4.62,6.666666667,0.416,63.65,23,0.54,44,46,45,TRUE
SP-7.5-D50x231-G65.6,50,231,7.5,1200,4.62,6.666666667,0.416,65.6,23,0.557,48,49,48.5,TRUE
SP-7.5-D50x231-G67.75,50,231,7.5,1200,4.62,6.666666667,0.416,67.75,23,0.575,49,51,50,TRUE
SP-7.5-D50x231-G69.4,50,231,7.5,1200,4.62,6.666666667,0.416,69.4,23,0.589,50,52,51,TRUE
SP-7.5-D50x231-G70.45,50,231,7.5,1200,4.62,6.666666667,0.416,70.45,23,0.598,52,53,52.5,TRUE
SP-7.5-D50x231-G74.35,50,231,7.5,1200,4.62,6.666666667,0.416,74.35,23,0.631,56,58,57,TRUE
SP-7.5-D50x231-G76.95,50,231,7.5,1200,4.62,6.666666667,0.416,76.95,23,0.653,59,61,60,TRUE
SP-7.5-D50x231-G80.2,50,231,7.5,1200,4.62,6.666666667,0.416,80.2,23,0.681,63,65,64,TRUE
SP-7.5-D50x231-G82.45,50,231,7.5,1200,4.62,6.666666667,0.416,82.45,23,0.7,67,68,67.5,TRUE
SP-7.5-D50x231-G84.35,50,231,7.5,1200,4.62,6.666666667,0.416,84.35,23,0.716,69,70,69.5,TRUE
SP-7.5-D50x231-G87.8,50,231,7.5,1200,4.62,6.666666667,0.416,87.8,23,0.745,73,75,74,TRUE
SP-7.5-D50x231-G89.7,50,231,7.5,1200,4.62,6.666666667,0.416,89.7,23,0.761,76,77,76.5,TRUE
SP-7.5-D50x231-G90.9,50,231,7.5,1200,4.62,6.666666667,0.416,90.9,23,0.772,78,80,79,TRUE
SP-7.5-D50x231-G94.7,50,231,7.5,1200,4.62,6.666666667,0.416,94.7,23,0.804,83,85,84,TRUE
SP-7.5-D50x231-G98.05,50,231,7.5,1200,4.62,6.666666667,0.416,98.05,23,0.832,87,89,88,TRUE
SP-7.5-D50x231-G101.4,50,231,7.5,1200,4.62,6.666666667,0.416,101.4,23,0.861,92,94,93,TRUE
SP-7.5-D50x231-G105.8,50,231,7.5,1200,4.62,6.666666667,0.416,105.8,23,0.898,98,100,99,TRUE
SP-7.5-D50x231-G108.85,50,231,7.5,1200,4.62,6.666666667,0.416,108.85,23,0.924,105,107,106,TRUE
SP-7.5-D50x231-G111,50,231,7.5,1200,4.62,6.666666667,0.416,111,23,0.942,109,112,110.5,TRUE
SP-7.5-D50x231-G115.95,50,231,7.5,1200,4.62,6.666666667,0.416,115.95,23,0.984,114,117,115.5,TRUE
SP-7.5-D50x231-G118.45,50,231,7.5,1200,4.62,6.666666667,0.416,118.45,23,1.005,119,120,119.5,TRUE
SP-7.5-D50x231-G122.5,50,231,7.5,1200,4.62,6.666666667,0.416,122.5,23,1.04,124,126,125,TRUE
SP-7.5-D50x231-G124.7,50,231,7.5,1200,4.62,6.666666667,0.416,124.7,23,1.058,129,132,130.5,TRUE
SP-7.5-D50x231-G131.2,50,231,7.5,1200,4.62,6.666666667,0.416,131.2,23,1.114,142,146,144,TRUE
SP-7.5-D50x231-G135.65,50,231,7.5,1200,4.62,6.666666667,0.416,135.65,23,1.151,150,153,151.5,TRUE
SP-7.5-D50x231-G137.05,50,231,7.5,1200,4.62,6.666666667,0.416,137.05,23,1.163,151,154,152.5,TRUE
SP-7.5-D50x231-G139.1,50,231,7.5,1200,4.62,6.666666667,0.416,139.1,23,1.181,156,158,157,TRUE
SP-7.5-D50x231-G141.45,50,231,7.5,1200,4.62,6.666666667,0.416,141.45,23,1.201,160,163,161.5,TRUE
SP-7.5-D50x231-G144.2,50,231,7.5,1200,4.62,6.666666667,0.416,144.2,23,1.224,169,173,171,TRUE
SP-7.5-D50x231-G152.95,50,231,7.5,1200,4.62,6.666666667,0.416,152.95,23,1.298,188,191,189.5,TRUE
SP-7.5-D50x231-G156.85,50,231,7.5,1200,4.62,6.666666667,0.416,156.85,23,1.331,190,194,192,TRUE
SP-7.5-D50x231-G161.85,50,231,7.5,1200,4.62,6.666666667,0.416,161.85,23,1.374,198,200,199,TRUE
SP-7.5-D50x250-G12.95,50,250,7.5,1300,5,6.666666667,0.415,12.95,23,0.11,3,5,4,TRUE
SP-7.5-D50x250-G15.35,50,250,7.5,1300,5,6.666666667,0.415,15.35,23,0.13,5,6,5.5,TRUE
SP-7.5-D50x250-G18.25,50,250,7.5,1300,5,6.666666667,0.415,18.25,23,0.155,7,7,7,TRUE
SP-7.5-D50x250-G19.7,50,250,7.5,1300,5,6.666666667,0.415,19.7,23,0.167,8,8,8,TRUE
SP-7.5-D50x250-G21.65,50,250,7.5,1300,5,6.666666667,0.415,21.65,23,0.184,9,9,9,TRUE
SP-7.5-D50x250-G24.15,50,250,7.5,1300,5,6.666666667,0.415,24.15,23,0.205,11,11,11,TRUE
SP-7.5-D50x250-G27.45,50,250,7.5,1300,5,6.666666667,0.415,27.45,23,0.233,13,13,13,TRUE
SP-7.5-D50x250-G29.65,50,250,7.5,1300,5,6.666666667,0.415,29.65,23,0.252,15,15,15,TRUE
SP-7.5-D50x250-G31.55,50,250,7.5,1300,5,6.666666667,0.415,31.55,23,0.268,16,17,16.5,TRUE
SP-7.5-D50x250-G34,50,250,7.5,1300,5,6.666666667,0.415,34,23,0.289,18,18,18,TRUE
SP-7.5-D50x250-G37.1,50,250,7.5,1300,5,6.666666667,0.415,37.1,23,0.315,21,21,21,TRUE
SP-7.5-D50x250-G39.75,50,250,7.5,1300,5,6.666666667,0.415,39.75,23,0.337,23,24,23.5,TRUE
SP-7.5-D50x250-G42.45,50,250,7.5,1300,5,6.666666667,0.415,42.45,23,0.36,26,26,26,TRUE
SP-7.5-D50x250-G44.45,50,250,7.5,1300,5,6.666666667,0.415,44.45,23,0.377,27,28,27.5,TRUE
SP-7.5-D50x250-G47.95,50,250,7.5,1300,5,6.666666667,0.415,47.95,23,0.407,31,32,31.5,TRUE
SP-7.5-D50x250-G51.55,50,250,7.5,1300,5,6.666666667,0.415,51.55,23,0.438,35,36,35.5,TRUE
SP-7.5-D50x250-G53.95,50,250,7.5,1300,5,6.666666667,0.415,53.95,23,0.458,37,38,37.5,TRUE
SP-7.5-D50x250-G57,50,250,7.5,1300,5,6.666666667,0.415,57,23,0.484,39,40,39.5,TRUE
SP-7.5-D50x250-G58.5,50,250,7.5,1300,5,6.666666667,0.415,58.5,23,0.497,41,42,41.5,TRUE
SP-7.5-D50x250-G61.35,50,250,7.5,1300,5,6.666666667,0.415,61.35,23,0.521,44,46,45,TRUE
SP-7.5-D50x250-G64.2,50,250,7.5,1300,5,6.666666667,0.415,64.2,23,0.545,47,48,47.5,TRUE
SP-7.5-D50x250-G67.2,50,250,7.5,1300,5,6.666666667,0.415,67.2,23,0.57,51,52,51.5,TRUE
SP-7.5-D50x250-G68.2,50,250,7.5,1300,5,6.666666667,0.415,68.2,23,0.579,51,53,52,TRUE
SP-7.5-D50x250-G71.1,50,250,7.5,1300,5,6.666666667,0.415,71.1,23,0.604,56,57,56.5,TRUE
SP-7.5-D50x250-G73.9,50,250,7.5,1300,5,6.666666667,0.415,73.9,23,0.627,58,60,59,TRUE
SP-7.5-D50x250-G77.95,50,250,7.5,1300,5,6.666666667,0.415,77.95,23,0.662,62,64,63,TRUE
SP-7.5-D50x250-G80,50,250,7.5,1300,5,6.666666667,0.415,80,23,0.679,66,67,66.5,TRUE
SP-7.5-D50x250-G82.35,50,250,7.5,1300,5,6.666666667,0.415,82.35,23,0.699,68,70,69,TRUE
SP-7.5-D50x250-G85.3,50,250,7.5,1300,5,6.666666667,0.415,85.3,23,0.724,73,75,74,TRUE
SP-7.5-D50x250-G88.6,50,250,7.5,1300,5,6.666666667,0.415,88.6,23,0.752,77,79,78,TRUE
SP-7.5-D50x250-G90.45,50,250,7.5,1300,5,6.666666667,0.415,90.45,23,0.768,80,82,81,TRUE
SP-7.5-D50x250-G92.7,50,250,7.5,1300,5,6.666666667,0.415,92.7,23,0.787,83,85,84,TRUE
SP-7.5-D50x250-G96,50,250,7.5,1300,5,6.666666667,0.415,96,23,0.815,87,89,88,TRUE
SP-7.5-D50x250-G100.6,50,250,7.5,1300,5,6.666666667,0.415,100.6,23,0.854,96,99,97.5,TRUE
SP-7.5-D50x250-G103.5,50,250,7.5,1300,5,6.666666667,0.415,103.5,23,0.879,96,97,96.5,TRUE
SP-7.5-D50x250-G107.1,50,250,7.5,1300,5,6.666666667,0.415,107.1,23,0.909,103,105,104,TRUE
SP-7.5-D50x250-G108.9,50,250,7.5,1300,5,6.666666667,0.415,108.9,23,0.924,106,107,106.5,TRUE
SP-7.5-D50x250-G111.15,50,250,7.5,1300,5,6.666666667,0.415,111.15,23,0.943,109,112,110.5,TRUE
SP-7.5-D50x250-G114.65,50,250,7.5,1300,5,6.666666667,0.415,114.65,23,0.973,116,119,117.5,TRUE
SP-7.5-D50x250-G117.15,50,250,7.5,1300,5,6.666666667,0.415,117.15,23,0.994,120,122,121,TRUE
SP-7.5-D50x250-G120.6,50,250,7.5,1300,5,6.666666667,0.415,120.6,23,1.024,128,130,129,TRUE
SP-7.5-D50x250-G125,50,250,7.5,1300,5,6.666666667,0.415,125,23,1.061,139,141,140,TRUE
SP-7.5-D50x250-G129.55,50,250,7.5,1300,5,6.666666667,0.415,129.55,23,1.1,142,146,144,TRUE
SP-7.5-D50x250-G132.8,50,250,7.5,1300,5,6.666666667,0.415,132.8,23,1.127,149,151,150,TRUE
SP-7.5-D50x250-G135.8,50,250,7.5,1300,5,6.666666667,0.415,135.8,23,1.153,153,156,154.5,TRUE
SP-7.5-D50x250-G140.45,50,250,7.5,1300,5,6.666666667,0.415,140.45,23,1.192,164,167,165.5,TRUE
SP-7.5-D50x250-G146.9,50,250,7.5,1300,5,6.666666667,0.415,146.9,23,1.247,176,179,177.5,TRUE
SP-7.5-D50x250-G149.7,50,250,7.5,1300,5,6.666666667,0.415,149.7,23,1.271,182,184,183,TRUE
SP-7.5-D50x250-G152.5,50,250,7.5,1300,5,6.666666667,0.415,152.5,23,1.294,189,192,190.5,TRUE
SP-7.5-D50x250-G160.3,50,250,7.5,1300,5,6.666666667,0.415,160.3,23,1.361,195,200,197.5,TRUE
SP-7.5-D50x341-G12.75,50,341,7.5,1800,6.82,6.666666667,0.406,12.75,23,0.108,6,6,6,TRUE
SP-7.5-D50x341-G14.35,50,341,7.5,1800,6.82,6.666666667,0.406,14.35,23,0.122,6,8,7,TRUE
SP-7.5-D50x341-G16.5,50,341,7.5,1800,6.82,6.666666667,0.406,16.5,23,0.14,9,9,9,TRUE
SP-7.5-D50x341-G18.35,50,341,7.5,1800,6.82,6.666666667,0.406,18.35,23,0.156,10,11,10.5,TRUE
SP-7.5-D50x341-G20.25,50,341,7.5,1800,6.82,6.666666667,0.406,20.25,23,0.172,12,12,12,TRUE
SP-7.5-D50x341-G22.35,50,341,7.5,1800,6.82,6.666666667,0.406,22.35,23,0.19,14,14,14,TRUE
SP-7.5-D50x341-G24.8,50,341,7.5,1800,6.82,6.666666667,0.406,24.8,23,0.211,16,17,16.5,TRUE
SP-7.5-D50x341-G27.55,50,341,7.5,1800,6.82,6.666666667,0.406,27.55,23,0.234,19,19,19,TRUE
SP-7.5-D50x341-G28.85,50,341,7.5,1800,6.82,6.666666667,0.406,28.85,23,0.245,20,21,20.5,TRUE
SP-7.5-D50x341-G30.7,50,341,7.5,1800,6.82,6.666666667,0.406,30.7,23,0.261,23,23,23,TRUE
SP-7.5-D50x341-G32.75,50,341,7.5,1800,6.82,6.666666667,0.406,32.75,23,0.278,25,25,25,TRUE
SP-7.5-D50x341-G34.2,50,341,7.5,1800,6.82,6.666666667,0.406,34.2,23,0.29,26,27,26.5,TRUE
SP-7.5-D50x341-G36.55,50,341,7.5,1800,6.82,6.666666667,0.406,36.55,23,0.31,29,30,29.5,TRUE
SP-7.5-D50x341-G38.75,50,341,7.5,1800,6.82,6.666666667,0.406,38.75,23,0.329,32,33,32.5,TRUE
SP-7.5-D50x341-G40.65,50,341,7.5,1800,6.82,6.666666667,0.406,40.65,23,0.345,35,35,35,TRUE
SP-7.5-D50x341-G42.05,50,341,7.5,1800,6.82,6.666666667,0.406,42.05,23,0.357,37,38,37.5,TRUE
SP-7.5-D50x341-G45.05,50,341,7.5,1800,6.82,6.666666667,0.406,45.05,23,0.382,40,41,40.5,TRUE
SP-7.5-D50x341-G47.95,50,341,7.5,1800,6.82,6.666666667,0.406,47.95,23,0.407,45,46,45.5,TRUE
SP-7.5-D50x341-G50.15,50,341,7.5,1800,6.82,6.666666667,0.406,50.15,23,0.426,49,50,49.5,TRUE
SP-7.5-D50x341-G53.95,50,341,7.5,1800,6.82,6.666666667,0.406,53.95,23,0.458,53,55,54,TRUE
SP-7.5-D50x341-G56.25,50,341,7.5,1800,6.82,6.666666667,0.406,56.25,23,0.477,56,57,56.5,TRUE
SP-7.5-D50x341-G58.45,50,341,7.5,1800,6.82,6.666666667,0.406,58.45,23,0.496,60,61,60.5,TRUE
SP-7.5-D50x341-G60.6,50,341,7.5,1800,6.82,6.666666667,0.406,60.6,23,0.514,63,64,63.5,TRUE
SP-7.5-D50x341-G62.9,50,341,7.5,1800,6.82,6.666666667,0.406,62.9,23,0.534,67,68,67.5,TRUE
SP-7.5-D50x341-G65.5,50,341,7.5,1800,6.82,6.666666667,0.406,65.5,23,0.556,72,73,72.5,TRUE
SP-7.5-D50x341-G67.7,50,341,7.5,1800,6.82,6.666666667,0.406,67.7,23,0.575,75,77,76,TRUE
SP-7.5-D50x341-G69.7,50,341,7.5,1800,6.82,6.666666667,0.406,69.7,23,0.592,79,80,79.5,TRUE
SP-7.5-D50x341-G71.2,50,341,7.5,1800,6.82,6.666666667,0.406,71.2,23,0.604,80,82,81,TRUE
SP-7.5-D50x341-G72.8,50,341,7.5,1800,6.82,6.666666667,0.406,72.8,23,0.618,83,85,84,TRUE
SP-7.5-D50x341-G74.75,50,341,7.5,1800,6.82,6.666666667,0.406,74.75,23,0.634,87,89,88,TRUE
SP-7.5-D50x341-G76.2,50,341,7.5,1800,6.82,6.666666667,0.406,76.2,23,0.647,89,91,90,TRUE
SP-7.5-D50x341-G78,50,341,7.5,1800,6.82,6.666666667,0.406,78,23,0.662,93,95,94,TRUE
SP-7.5-D50x341-G80.65,50,341,7.5,1800,6.82,6.666666667,0.406,80.65,23,0.685,98,100,99,TRUE
SP-7.5-D50x341-G81.4,50,341,7.5,1800,6.82,6.666666667,0.406,81.4,23,0.691,100,102,101,TRUE
SP-7.5-D50x341-G83.15,50,341,7.5,1800,6.82,6.666666667,0.406,83.15,23,0.706,103,105,104,TRUE
SP-7.5-D50x341-G84.8,50,341,7.5,1800,6.82,6.666666667,0.406,84.8,23,0.72,107,109,108,TRUE
SP-7.5-D50x341-G87.8,50,341,7.5,1800,6.82,6.666666667,0.406,87.8,23,0.745,113,114,113.5,TRUE
SP-7.5-D50x341-G90.4,50,341,7.5,1800,6.82,6.666666667,0.406,90.4,23,0.767,119,120,119.5,TRUE
SP-7.5-D50x341-G91.9,50,341,7.5,1800,6.82,6.666666667,0.406,91.9,23,0.78,122,123,122.5,TRUE
SP-7.5-D50x341-G93.8,50,341,7.5,1800,6.82,6.666666667,0.406,93.8,23,0.796,125,127,126,TRUE
SP-7.5-D50x341-G96.15,50,341,7.5,1800,6.82,6.666666667,0.406,96.15,23,0.816,130,132,131,TRUE
SP-7.5-D50x341-G97.25,50,341,7.5,1800,6.82,6.666666667,0.406,97.25,23,0.825,134,136,135,TRUE
SP-7.5-D50x341-G98.45,50,341,7.5,1800,6.82,6.666666667,0.406,98.45,23,0.836,135,137,136,TRUE
SP-7.5-D50x341-G100.85,50,341,7.5,1800,6.82,6.666666667,0.406,100.85,23,0.856,140,142,141,TRUE
SP-7.5-D50x341-G102.65,50,341,7.5,1800,6.82,6.666666667,0.406,102.65,23,0.871,146,147,146.5,TRUE
SP-7.5-D50x341-G105.1,50,341,7.5,1800,6.82,6.666666667,0.406,105.1,23,0.892,152,154,153,TRUE
SP-7.5-D50x341-G106.15,50,341,7.5,1800,6.82,6.666666667,0.406,106.15,23,0.901,154,156,155,TRUE
SP-7.5-D50x341-G109.5,50,341,7.5,1800,6.82,6.666666667,0.406,109.5,23,0.929,162,164,163,TRUE
SP-7.5-D50x341-G112.25,50,341,7.5,1800,6.82,6.666666667,0.406,112.25,23,0.953,169,172,170.5,TRUE
SP-7.5-D50x341-G115.1,50,341,7.5,1800,6.82,6.666666667,0.406,115.1,23,0.977,178,181,179.5,TRUE
SP-7.5-D50x341-G117.45,50,341,7.5,1800,6.82,6.666666667,0.406,117.45,23,0.997,181,184,182.5,TRUE
SP-7.5-D50x341-G120.6,50,341,7.5,1800,6.82,6.666666667,0.406,120.6,23,1.024,190,193,191.5,TRUE
SP-7.5-D50x341-G123.65,50,341,7.5,1800,6.82,6.666666667,0.406,123.65,23,1.05,199,200,199.5,TRUE
SP-7.5-D50x378-G9.35,50,378,7.5,2000,7.56,6.666666667,0.405,9.35,23,0.079,6,7,6.5,TRUE
SP-7.5-D50x378-G11.75,50,378,7.5,2000,7.56,6.666666667,0.405,11.75,23,0.1,9,10,9.5,TRUE
SP-7.5-D50x378-G13.4,50,378,7.5,2000,7.56,6.666666667,0.405,13.4,23,0.114,11,11,11,TRUE
SP-7.5-D50x378-G14.3,50,378,7.5,2000,7.56,6.666666667,0.405,14.3,23,0.121,12,13,12.5,TRUE
SP-7.5-D50x378-G15.5,50,378,7.5,2000,7.56,6.666666667,0.405,15.5,23,0.132,14,15,14.5,TRUE
SP-7.5-D50x378-G17,50,378,7.5,2000,7.56,6.666666667,0.405,17,23,0.144,16,17,16.5,TRUE
SP-7.5-D50x378-G18.35,50,378,7.5,2000,7.56,6.666666667,0.405,18.35,23,0.156,18,19,18.5,TRUE
SP-7.5-D50x378-G20.15,50,378,7.5,2000,7.56,6.666666667,0.405,20.15,23,0.171,21,21,21,TRUE
SP-7.5-D50x378-G21.75,50,378,7.5,2000,7.56,6.666666667,0.405,21.75,23,0.185,23,24,23.5,TRUE
SP-7.5-D50x378-G23.35,50,378,7.5,2000,7.56,6.666666667,0.405,23.35,23,0.198,26,26,26,TRUE
SP-7.5-D50x378-G24,50,378,7.5,2000,7.56,6.666666667,0.405,24,23,0.204,27,27,27,TRUE
SP-7.5-D50x378-G25.3,50,378,7.5,2000,7.56,6.666666667,0.405,25.3,23,0.215,29,30,29.5,TRUE
SP-7.5-D50x378-G26.1,50,378,7.5,2000,7.56,6.666666667,0.405,26.1,23,0.222,30,31,30.5,TRUE
SP-7.5-D50x378-G28.2,50,378,7.5,2000,7.56,6.666666667,0.405,28.2,23,0.239,34,35,34.5,TRUE
SP-7.5-D50x378-G29.75,50,378,7.5,2000,7.56,6.666666667,0.405,29.75,23,0.253,38,38,38,TRUE
SP-7.5-D50x378-G31.15,50,378,7.5,2000,7.56,6.666666667,0.405,31.15,23,0.264,40,41,40.5,TRUE
SP-7.5-D50x378-G33.75,50,378,7.5,2000,7.56,6.666666667,0.405,33.75,23,0.286,45,46,45.5,TRUE
SP-7.5-D50x378-G35.2,50,378,7.5,2000,7.56,6.666666667,0.405,35.2,23,0.299,48,49,48.5,TRUE
SP-7.5-D50x378-G37.45,50,378,7.5,2000,7.56,6.666666667,0.405,37.45,23,0.318,53,54,53.5,TRUE
SP-7.5-D50x378-G38.9,50,378,7.5,2000,7.56,6.666666667,0.405,38.9,23,0.33,56,57,56.5,TRUE
SP-7.5-D50x378-G40.85,50,378,7.5,2000,7.56,6.666666667,0.405,40.85,23,0.347,61,62,61.5,TRUE
SP-7.5-D50x378-G43.3,50,378,7.5,2000,7.56,6.666666667,0.405,43.3,23,0.368,67,68,67.5,TRUE
SP-7.5-D50x378-G45.8,50,378,7.5,2000,7.56,6.666666667,0.405,45.8,23,0.389,73,74,73.5,TRUE
SP-7.5-D50x378-G47.45,50,378,7.5,2000,7.56,6.666666667,0.405,47.45,23,0.403,78,79,78.5,TRUE
SP-7.5-D50x378-G48.65,50,378,7.5,2000,7.56,6.666666667,0.405,48.65,23,0.413,81,82,81.5,TRUE
SP-7.5-D50x378-G50.3,50,378,7.5,2000,7.56,6.666666667,0.405,50.3,23,0.427,85,87,86,TRUE
SP-7.5-D50x378-G52.7,50,378,7.5,2000,7.56,6.666666667,0.405,52.7,23,0.447,91,92,91.5,TRUE
SP-7.5-D50x378-G54.5,50,378,7.5,2000,7.56,6.666666667,0.405,54.5,23,0.463,95,96,95.5,TRUE
SP-7.5-D50x378-G56.2,50,378,7.5,2000,7.56,6.666666667,0.405,56.2,23,0.477,98,100,99,TRUE
SP-7.5-D50x378-G58.25,50,378,7.5,2000,7.56,6.666666667,0.405,58.25,23,0.494,103,105,104,TRUE
SP-7.5-D50x378-G60.5,50,378,7.5,2000,7.56,6.666666667,0.405,60.5,23,0.514,109,112,110.5,TRUE
SP-7.5-D50x378-G62.25,50,378,7.5,2000,7.56,6.666666667,0.405,62.25,23,0.528,113,116,114.5,TRUE
SP-7.5-D50x378-G64.45,50,378,7.5,2000,7.56,6.666666667,0.405,64.45,23,0.547,119,122,120.5,TRUE
SP-7.5-D50x378-G66,50,378,7.5,2000,7.56,6.666666667,0.405,66,23,0.56,124,127,125.5,TRUE
SP-7.5-D50x378-G68.75,50,378,7.5,2000,7.56,6.666666667,0.405,68.75,23,0.584,133,136,134.5,TRUE
SP-7.5-D50x378-G70.55,50,378,7.5,2000,7.56,6.666666667,0.405,70.55,23,0.599,139,142,140.5,TRUE
SP-7.5-D50x378-G71.55,50,378,7.5,2000,7.56,6.666666667,0.405,71.55,23,0.607,142,145,143.5,TRUE
SP-7.5-D50x378-G74.35,50,378,7.5,2000,7.56,6.666666667,0.405,74.35,23,0.631,150,154,152,TRUE
SP-7.5-D50x378-G76.15,50,378,7.5,2000,7.56,6.666666667,0.405,76.15,23,0.646,156,158,157,TRUE
SP-7.5-D50x378-G78.95,50,378,7.5,2000,7.56,6.666666667,0.405,78.95,23,0.67,167,169,168,TRUE
SP-7.5-D50x378-G80.7,50,378,7.5,2000,7.56,6.666666667,0.405,80.7,23,0.685,172,175,173.5,TRUE
SP-7.5-D50x378-G82.55,50,378,7.5,2000,7.56,6.666666667,0.405,82.55,23,0.701,179,181,180,TRUE
SP-7.5-D50x378-G83.45,50,378,7.5,2000,7.56,6.666666667,0.405,83.45,23,0.708,183,185,184,TRUE
SP-7.5-D50x378-G86.55,50,378,7.5,2000,7.56,6.666666667,0.405,86.55,23,0.735,194,196,195,TRUE
SP-7.5-D50x378-G87.6,50,378,7.5,2000,7.56,6.666666667,0.405,87.6,23,0.744,198,200,199,TRUE
SP-7.5-D50x414-G11.75,50,414,7.5,2200,8.28,6.666666667,0.402,11.75,23,0.1,10,11,10.5,TRUE
SP-7.5-D50x414-G13.15,50,414,7.5,2200,8.28,6.666666667,0.402,13.15,23,0.112,12,13,12.5,TRUE
SP-7.5-D50x414-G15.15,50,414,7.5,2200,8.28,6.666666667,0.402,15.15,23,0.129,15,16,15.5,TRUE
SP-7.5-D50x414-G17.25,50,414,7.5,2200,8.28,6.666666667,0.402,17.25,23,0.146,18,19,18.5,TRUE
SP-7.5-D50x414-G19,50,414,7.5,2200,8.28,6.666666667,0.402,19,23,0.161,21,22,21.5,TRUE
SP-7.5-D50x414-G21.65,50,414,7.5,2200,8.28,6.666666667,0.402,21.65,23,0.184,25,26,25.5,TRUE
SP-7.5-D50x414-G23.75,50,414,7.5,2200,8.28,6.666666667,0.402,23.75,23,0.202,29,30,29.5,TRUE
SP-7.5-D50x414-G25.65,50,414,7.5,2200,8.28,6.666666667,0.402,25.65,23,0.218,32,34,33,TRUE
SP-7.5-D50x414-G27.25,50,414,7.5,2200,8.28,6.666666667,0.402,27.25,23,0.231,36,37,36.5,TRUE
SP-7.5-D50x414-G29.65,50,414,7.5,2200,8.28,6.666666667,0.402,29.65,23,0.252,41,42,41.5,TRUE
SP-7.5-D50x414-G30.85,50,414,7.5,2200,8.28,6.666666667,0.402,30.85,23,0.262,44,44,44,TRUE
SP-7.5-D50x414-G32.95,50,414,7.5,2200,8.28,6.666666667,0.402,32.95,23,0.28,48,49,48.5,TRUE
SP-7.5-D50x414-G35.35,50,414,7.5,2200,8.28,6.666666667,0.402,35.35,23,0.3,53,54,53.5,TRUE
SP-7.5-D50x414-G37.35,50,414,7.5,2200,8.28,6.666666667,0.402,37.35,23,0.317,58,59,58.5,TRUE
SP-7.5-D50x414-G39.5,50,414,7.5,2200,8.28,6.666666667,0.402,39.5,23,0.335,64,65,64.5,TRUE
SP-7.5-D50x414-G41.65,50,414,7.5,2200,8.28,6.666666667,0.402,41.65,23,0.354,69,70,69.5,TRUE
SP-7.5-D50x414-G43.75,50,414,7.5,2200,8.28,6.666666667,0.402,43.75,23,0.371,75,76,75.5,TRUE
SP-7.5-D50x414-G45.8,50,414,7.5,2200,8.28,6.666666667,0.402,45.8,23,0.389,80,82,81,TRUE
SP-7.5-D50x414-G48.2,50,414,7.5,2200,8.28,6.666666667,0.402,48.2,23,0.409,88,89,88.5,TRUE
SP-7.5-D50x414-G50.25,50,414,7.5,2200,8.28,6.666666667,0.402,50.25,23,0.427,95,96,95.5,TRUE
SP-7.5-D50x414-G52.3,50,414,7.5,2200,8.28,6.666666667,0.402,52.3,23,0.444,99,101,100,TRUE
SP-7.5-D50x414-G54.45,50,414,7.5,2200,8.28,6.666666667,0.402,54.45,23,0.462,105,107,106,TRUE
SP-7.5-D50x414-G56.7,50,414,7.5,2200,8.28,6.666666667,0.402,56.7,23,0.481,111,112,111.5,TRUE
SP-7.5-D50x414-G58.7,50,414,7.5,2200,8.28,6.666666667,0.402,58.7,23,0.498,116,118,117,TRUE
SP-7.5-D50x414-G60.1,50,414,7.5,2200,8.28,6.666666667,0.402,60.1,23,0.51,120,122,121,TRUE
SP-7.5-D50x414-G62.25,50,414,7.5,2200,8.28,6.666666667,0.402,62.25,23,0.528,127,129,128,TRUE
SP-7.5-D50x414-G64.25,50,414,7.5,2200,8.28,6.666666667,0.402,64.25,23,0.545,133,135,134,TRUE
SP-7.5-D50x414-G66,50,414,7.5,2200,8.28,6.666666667,0.402,66,23,0.56,139,142,140.5,TRUE
SP-7.5-D50x414-G67.2,50,414,7.5,2200,8.28,6.666666667,0.402,67.2,23,0.57,143,146,144.5,TRUE
SP-7.5-D50x414-G68.95,50,414,7.5,2200,8.28,6.666666667,0.402,68.95,23,0.585,150,153,151.5,TRUE
SP-7.5-D50x414-G70.6,50,414,7.5,2200,8.28,6.666666667,0.402,70.6,23,0.599,156,160,158,TRUE
SP-7.5-D50x414-G71.5,50,414,7.5,2200,8.28,6.666666667,0.402,71.5,23,0.607,158,161,159.5,TRUE
SP-7.5-D50x414-G73.3,50,414,7.5,2200,8.28,6.666666667,0.402,73.3,23,0.622,164,166,165,TRUE
SP-7.5-D50x414-G75.4,50,414,7.5,2200,8.28,6.666666667,0.402,75.4,23,0.64,172,175,173.5,TRUE
SP-7.5-D50x414-G78.4,50,414,7.5,2200,8.28,6.666666667,0.402,78.4,23,0.665,182,185,183.5,TRUE
SP-7.5-D50x414-G79.75,50,414,7.5,2200,8.28,6.666666667,0.402,79.75,23,0.677,189,190,189.5,TRUE
SP-7.5-D50x414-G80.8,50,414,7.5,2200,8.28,6.666666667,0.402,80.8,23,0.686,193,196,194.5,TRUE
SP-7.5-D50x414-G82.35,50,414,7.5,2200,8.28,6.666666667,0.402,82.35,23,0.699,199,200,199.5,TRUE
SP-7.5-D50x450-G9.9,50,450,7.5,2400,9,6.666666667,0.4,9.9,20,0.084,7,10,8.5,TRUE
SP-7.5-D50x450-G12.15,50,450,7.5,2400,9,6.666666667,0.4,12.15,20,0.103,11,12,11.5,TRUE
SP-7.5-D50x450-G14.05,50,450,7.5,2400,9,6.666666667,0.4,14.05,20,0.119,14,15,14.5,TRUE
SP-7.5-D50x450-G15.4,50,450,7.5,2400,9,6.666666667,0.4,15.4,20,0.131,17,17,17,TRUE
SP-7.5-D50x450-G16.15,50,450,7.5,2400,9,6.666666667,0.4,16.15,20,0.137,18,18,18,TRUE
SP-7.5-D50x450-G17.3,50,450,7.5,2400,9,6.666666667,0.4,17.3,20,0.147,20,20,20,TRUE
SP-7.5-D50x450-G18.05,50,450,7.5,2400,9,6.666666667,0.4,18.05,20,0.153,21,22,21.5,TRUE
SP-7.5-D50x450-G19.1,50,450,7.5,2400,9,6.666666667,0.4,19.1,20,0.162,23,24,23.5,TRUE
SP-7.5-D50x450-G20.35,50,450,7.5,2400,9,6.666666667,0.4,20.35,20,0.173,25,26,25.5,TRUE
SP-7.5-D50x450-G21.65,50,450,7.5,2400,9,6.666666667,0.4,21.65,20,0.184,28,28,28,TRUE
SP-7.5-D50x450-G22.75,50,450,7.5,2400,9,6.666666667,0.4,22.75,20,0.193,30,30,30,TRUE
SP-7.5-D50x450-G23.65,50,450,7.5,2400,9,6.666666667,0.4,23.65,20,0.201,31,32,31.5,TRUE
SP-7.5-D50x450-G25.05,50,450,7.5,2400,9,6.666666667,0.4,25.05,20,0.213,34,34,34,TRUE
SP-7.5-D50x450-G26.35,50,450,7.5,2400,9,6.666666667,0.4,26.35,20,0.224,37,37,37,TRUE
SP-7.5-D50x450-G27.5,50,450,7.5,2400,9,6.666666667,0.4,27.5,20,0.233,40,40,40,TRUE
SP-7.5-D50x450-G28.75,50,450,7.5,2400,9,6.666666667,0.4,28.75,20,0.244,42,43,42.5,TRUE
SP-7.5-D50x450-G29.9,50,450,7.5,2400,9,6.666666667,0.4,29.9,20,0.254,45,45,45,TRUE
SP-7.5-D50x450-G30.95,50,450,7.5,2400,9,6.666666667,0.4,30.95,20,0.263,47,48,47.5,TRUE
SP-7.5-D50x450-G32.45,50,450,7.5,2400,9,6.666666667,0.4,32.45,20,0.275,50,51,50.5,TRUE
SP-7.5-D50x450-G33.55,50,450,7.5,2400,9,6.666666667,0.4,33.55,20,0.285,53,54,53.5,TRUE
SP-7.5-D50x450-G34.75,50,450,7.5,2400,9,6.666666667,0.4,34.75,20,0.295,56,56,56,TRUE
SP-7.5-D50x450-G35.85,50,450,7.5,2400,9,6.666666667,0.4,35.85,20,0.304,59,60,59.5,TRUE
SP-7.5-D50x450-G36.95,50,450,7.5,2400,9,6.666666667,0.4,36.95,20,0.314,62,63,62.5,TRUE
SP-7.5-D50x450-G38.05,50,450,7.5,2400,9,6.666666667,0.4,38.05,20,0.323,64,65,64.5,TRUE
SP-7.5-D50x450-G39.55,50,450,7.5,2400,9,6.666666667,0.4,39.55,20,0.336,69,70,69.5,TRUE
SP-7.5-D50x450-G40.15,50,450,7.5,2400,9,6.666666667,0.4,40.15,20,0.341,71,71,71,TRUE
SP-7.5-D50x450-G41.35,50,450,7.5,2400,9,6.666666667,0.4,41.35,20,0.351,74,75,74.5,TRUE
SP-7.5-D50x450-G43.1,50,450,7.5,2400,9,6.666666667,0.4,43.1,20,0.366,79,80,79.5,TRUE
SP-7.5-D50x450-G44.55,50,450,7.5,2400,9,6.666666667,0.4,44.55,20,0.378,83,84,83.5,TRUE
SP-7.5-D50x450-G46.15,50,450,7.5,2400,9,6.666666667,0.4,46.15,20,0.392,87,88,87.5,TRUE
SP-7.5-D50x450-G47.75,50,450,7.5,2400,9,6.666666667,0.4,47.75,20,0.405,93,94,93.5,TRUE
SP-7.5-D50x450-G48.65,50,450,7.5,2400,9,6.666666667,0.4,48.65,20,0.413,96,97,96.5,TRUE
SP-7.5-D50x450-G50.35,50,450,7.5,2400,9,6.666666667,0.4,50.35,20,0.427,102,103,102.5,TRUE
SP-7.5-D50x450-G51.3,50,450,7.5,2400,9,6.666666667,0.4,51.3,20,0.435,104,105,104.5,TRUE
SP-7.5-D50x450-G53.35,50,450,7.5,2400,9,6.666666667,0.4,53.35,20,0.453,109,110,109.5,TRUE
SP-7.5-D50x450-G54.9,50,450,7.5,2400,9,6.666666667,0.4,54.9,20,0.466,114,115,114.5,TRUE
SP-7.5-D50x450-G57.3,50,450,7.5,2400,9,6.666666667,0.4,57.3,20,0.486,120,122,121,TRUE
SP-7.5-D50x450-G58.35,50,450,7.5,2400,9,6.666666667,0.4,58.35,20,0.495,123,125,124,TRUE
SP-7.5-D50x450-G60.9,50,450,7.5,2400,9,6.666666667,0.4,60.9,20,0.517,132,134,133,TRUE
SP-7.5-D50x450-G62.3,50,450,7.5,2400,9,6.666666667,0.4,62.3,20,0.529,137,138,137.5,TRUE
SP-7.5-D50x450-G64.25,50,450,7.5,2400,9,6.666666667,0.4,64.25,20,0.545,144,145,144.5,TRUE
SP-7.5-D50x450-G66.65,50,450,7.5,2400,9,6.666666667,0.4,66.65,20,0.566,153,154,153.5,TRUE
SP-7.5-D50x450-G68.25,50,450,7.5,2400,9,6.666666667,0.4,68.25,20,0.579,159,161,160,TRUE
SP-7.5-D50x450-G70.45,50,450,7.5,2400,9,6.666666667,0.4,70.45,20,0.598,166,168,167,TRUE
SP-7.5-D50x450-G71.7,50,450,7.5,2400,9,6.666666667,0.4,71.7,20,0.609,170,172,171,TRUE
SP-7.5-D50x450-G72.65,50,450,7.5,2400,9,6.666666667,0.4,72.65,20,0.617,175,178,176.5,TRUE
SP-7.5-D50x450-G74.75,50,450,7.5,2400,9,6.666666667,0.4,74.75,20,0.634,183,185,184,TRUE
SP-7.5-D50x450-G76.35,50,450,7.5,2400,9,6.666666667,0.4,76.35,20,0.648,189,191,190,TRUE
SP-7.5-D50x450-G77.3,50,450,7.5,2400,9,6.666666667,0.4,77.3,20,0.656,192,194,193,TRUE
SP-7.5-D50x450-G78.65,50,450,7.5,2400,9,6.666666667,0.4,78.65,20,0.668,198,200,199,TRUE
SP-7.5-D50x541-G10.7,50,541,7.5,2900,10.82,6.666666667,0.397,10.7,20,0.091,10,12,11,TRUE
SP-7.5-D50x541-G12.5,50,541,7.5,2900,10.82,6.666666667,0.397,12.5,20,0.106,13,15,14,TRUE
SP-7.5-D50x541-G13.9,50,541,7.5,2900,10.82,6.666666667,0.397,13.9,20,0.118,16,17,16.5,TRUE
SP-7.5-D50x541-G15.25,50,541,7.5,2900,10.82,6.666666667,0.397,15.25,20,0.129,19,19,19,TRUE
SP-7.5-D50x541-G16.5,50,541,7.5,2900,10.82,6.666666667,0.397,16.5,20,0.14,21,22,21.5,TRUE
SP-7.5-D50x541-G17.75,50,541,7.5,2900,10.82,6.666666667,0.397,17.75,20,0.151,24,24,24,TRUE
SP-7.5-D50x541-G18.35,50,541,7.5,2900,10.82,6.666666667,0.397,18.35,20,0.156,25,26,25.5,TRUE
SP-7.5-D50x541-G19.05,50,541,7.5,2900,10.82,6.666666667,0.397,19.05,20,0.162,27,27,27,TRUE
SP-7.5-D50x541-G20.35,50,541,7.5,2900,10.82,6.666666667,0.397,20.35,20,0.173,29,30,29.5,TRUE
SP-7.5-D50x541-G21.95,50,541,7.5,2900,10.82,6.666666667,0.397,21.95,20,0.186,33,33,33,TRUE
SP-7.5-D50x541-G23.15,50,541,7.5,2900,10.82,6.666666667,0.397,23.15,20,0.197,35,35,35,TRUE
SP-7.5-D50x541-G25.1,50,541,7.5,2900,10.82,6.666666667,0.397,25.1,20,0.213,40,40,40,TRUE
SP-7.5-D50x541-G26.25,50,541,7.5,2900,10.82,6.666666667,0.397,26.25,20,0.223,42,43,42.5,TRUE
SP-7.5-D50x541-G27.1,50,541,7.5,2900,10.82,6.666666667,0.397,27.1,20,0.23,44,45,44.5,TRUE
SP-7.5-D50x541-G28.35,50,541,7.5,2900,10.82,6.666666667,0.397,28.35,20,0.241,48,48,48,TRUE
SP-7.5-D50x541-G29.15,50,541,7.5,2900,10.82,6.666666667,0.397,29.15,20,0.247,50,51,50.5,TRUE
SP-7.5-D50x541-G30.55,50,541,7.5,2900,10.82,6.666666667,0.397,30.55,20,0.259,54,54,54,TRUE
SP-7.5-D50x541-G31.1,50,541,7.5,2900,10.82,6.666666667,0.397,31.1,20,0.264,55,56,55.5,TRUE
SP-7.5-D50x541-G32.8,50,541,7.5,2900,10.82,6.666666667,0.397,32.8,20,0.278,60,60,60,TRUE
SP-7.5-D50x541-G33.15,50,541,7.5,2900,10.82,6.666666667,0.397,33.15,20,0.281,61,61,61,TRUE
SP-7.5-D50x541-G34.6,50,541,7.5,2900,10.82,6.666666667,0.397,34.6,20,0.294,65,65,65,TRUE
SP-7.5-D50x541-G35.45,50,541,7.5,2900,10.82,6.666666667,0.397,35.45,20,0.301,67,68,67.5,TRUE
SP-7.5-D50x541-G36.7,50,541,7.5,2900,10.82,6.666666667,0.397,36.7,20,0.312,70,71,70.5,TRUE
SP-7.5-D50x541-G37.6,50,541,7.5,2900,10.82,6.666666667,0.397,37.6,20,0.319,74,75,74.5,TRUE
SP-7.5-D50x541-G38.2,50,541,7.5,2900,10.82,6.666666667,0.397,38.2,20,0.324,76,77,76.5,TRUE
SP-7.5-D50x541-G39.6,50,541,7.5,2900,10.82,6.666666667,0.397,39.6,20,0.336,80,81,80.5,TRUE
SP-7.5-D50x541-G40.1,50,541,7.5,2900,10.82,6.666666667,0.397,40.1,20,0.34,82,83,82.5,TRUE
SP-7.5-D50x541-G41.05,50,541,7.5,2900,10.82,6.666666667,0.397,41.05,20,0.348,85,86,85.5,TRUE
SP-7.5-D50x541-G42.45,50,541,7.5,2900,10.82,6.666666667,0.397,42.45,20,0.36,90,91,90.5,TRUE
SP-7.5-D50x541-G44.9,50,541,7.5,2900,10.82,6.666666667,0.397,44.9,20,0.381,98,99,98.5,TRUE
SP-7.5-D50x541-G46.2,50,541,7.5,2900,10.82,6.666666667,0.397,46.2,20,0.392,102,104,103,TRUE
SP-7.5-D50x541-G47.2,50,541,7.5,2900,10.82,6.666666667,0.397,47.2,20,0.401,106,108,107,TRUE
SP-7.5-D50x541-G48.65,50,541,7.5,2900,10.82,6.666666667,0.397,48.65,20,0.413,112,113,112.5,TRUE
SP-7.5-D50x541-G49.65,50,541,7.5,2900,10.82,6.666666667,0.397,49.65,20,0.421,117,118,117.5,TRUE
SP-7.5-D50x541-G50.05,50,541,7.5,2900,10.82,6.666666667,0.397,50.05,20,0.425,118,119,118.5,TRUE
SP-7.5-D50x541-G51.35,50,541,7.5,2900,10.82,6.666666667,0.397,51.35,20,0.436,122,123,122.5,TRUE
SP-7.5-D50x541-G52.45,50,541,7.5,2900,10.82,6.666666667,0.397,52.45,20,0.445,125,126,125.5,TRUE
SP-7.5-D50x541-G52.95,50,541,7.5,2900,10.82,6.666666667,0.397,52.95,20,0.449,127,128,127.5,TRUE
SP-7.5-D50x541-G54.75,50,541,7.5,2900,10.82,6.666666667,0.397,54.75,20,0.465,132,134,133,TRUE
SP-7.5-D50x541-G55,50,541,7.5,2900,10.82,6.666666667,0.397,55,20,0.467,134,135,134.5,TRUE
SP-7.5-D50x541-G56.25,50,541,7.5,2900,10.82,6.666666667,0.397,56.25,20,0.477,138,139,138.5,TRUE
SP-7.5-D50x541-G57.4,50,541,7.5,2900,10.82,6.666666667,0.397,57.4,20,0.487,142,143,142.5,TRUE
SP-7.5-D50x541-G57.95,50,541,7.5,2900,10.82,6.666666667,0.397,57.95,20,0.492,144,145,144.5,TRUE
SP-7.5-D50x541-G59.35,50,541,7.5,2900,10.82,6.666666667,0.397,59.35,20,0.504,149,151,150,TRUE
SP-7.5-D50x541-G60.55,50,541,7.5,2900,10.82,6.666666667,0.397,60.55,20,0.514,152,154,153,TRUE
SP-7.5-D50x541-G61.35,50,541,7.5,2900,10.82,6.666666667,0.397,61.35,20,0.521,157,158,157.5,TRUE
SP-7.5-D50x541-G62.2,50,541,7.5,2900,10.82,6.666666667,0.397,62.2,20,0.528,162,164,163,TRUE
SP-7.5-D50x541-G63.3,50,541,7.5,2900,10.82,6.666666667,0.397,63.3,20,0.537,165,167,166,TRUE
SP-7.5-D50x541-G64.15,50,541,7.5,2900,10.82,6.666666667,0.397,64.15,20,0.545,167,169,168,TRUE
SP-7.5-D50x541-G65.3,50,541,7.5,2900,10.82,6.666666667,0.397,65.3,20,0.554,173,176,174.5,TRUE
SP-7.5-D50x541-G66.9,50,541,7.5,2900,10.82,6.666666667,0.397,66.9,20,0.568,179,182,180.5,TRUE
SP-7.5-D50x541-G67.9,50,541,7.5,2900,10.82,6.666666667,0.397,67.9,20,0.576,185,187,186,TRUE
SP-7.5-D50x541-G69.4,50,541,7.5,2900,10.82,6.666666667,0.397,69.4,20,0.589,194,196,195,TRUE
SP-7.5-D50x541-G70.7,50,541,7.5,2900,10.82,6.666666667,0.397,70.7,20,0.6,197,200,198.5,TRUE
SP-7.5-D50x578-G11.2,50,578,7.5,3100,11.56,6.666666667,0.397,11.2,20,0.095,12,14,13,TRUE
SP-7.5-D50x578-G12.3,50,578,7.5,3100,11.56,6.666666667,0.397,12.3,20,0.104,14,16,15,TRUE
SP-7.5-D50x578-G13.65,50,578,7.5,3100,11.56,6.666666667,0.397,13.65,20,0.116,17,18,17.5,TRUE
SP-7.5-D50x578-G14.8,50,578,7.5,3100,11.56,6.666666667,0.397,14.8,20,0.126,20,20,20,TRUE
SP-7.5-D50x578-G15.75,50,578,7.5,3100,11.56,6.666666667,0.397,15.75,20,0.134,21,22,21.5,TRUE
SP-7.5-D50x578-G16.6,50,578,7.5,3100,11.56,6.666666667,0.397,16.6,20,0.141,23,23,23,TRUE
SP-7.5-D50x578-G17.5,50,578,7.5,3100,11.56,6.666666667,0.397,17.5,20,0.149,25,25,25,TRUE
SP-7.5-D50x578-G18.4,50,578,7.5,3100,11.56,6.666666667,0.397,18.4,20,0.156,27,27,27,TRUE
SP-7.5-D50x578-G19.3,50,578,7.5,3100,11.56,6.666666667,0.397,19.3,20,0.164,29,29,29,TRUE
SP-7.5-D50x578-G20.55,50,578,7.5,3100,11.56,6.666666667,0.397,20.55,20,0.174,32,32,32,TRUE
SP-7.5-D50x578-G21.1,50,578,7.5,3100,11.56,6.666666667,0.397,21.1,20,0.179,33,33,33,TRUE
SP-7.5-D50x578-G22.1,50,578,7.5,3100,11.56,6.666666667,0.397,22.1,20,0.188,35,35,35,TRUE
SP-7.5-D50x578-G23.25,50,578,7.5,3100,11.56,6.666666667,0.397,23.25,20,0.197,38,38,38,TRUE
SP-7.5-D50x578-G24.75,50,578,7.5,3100,11.56,6.666666667,0.397,24.75,20,0.21,41,42,41.5,TRUE
SP-7.5-D50x578-G25.6,50,578,7.5,3100,11.56,6.666666667,0.397,25.6,20,0.217,43,44,43.5,TRUE
SP-7.5-D50x578-G26.8,50,578,7.5,3100,11.56,6.666666667,0.397,26.8,20,0.227,47,47,47,TRUE
SP-7.5-D50x578-G27.3,50,578,7.5,3100,11.56,6.666666667,0.397,27.3,20,0.232,48,49,48.5,TRUE
SP-7.5-D50x578-G28.1,50,578,7.5,3100,11.56,6.666666667,0.397,28.1,20,0.239,50,51,50.5,TRUE
SP-7.5-D50x578-G29.15,50,578,7.5,3100,11.56,6.666666667,0.397,29.15,20,0.247,53,54,53.5,TRUE
SP-7.5-D50x578-G30.05,50,578,7.5,3100,11.56,6.666666667,0.397,30.05,20,0.255,56,56,56,TRUE
SP-7.5-D50x578-G31.65,50,578,7.5,3100,11.56,6.666666667,0.397,31.65,20,0.269,60,60,60,TRUE
SP-7.5-D50x578-G32.95,50,578,7.5,3100,11.56,6.666666667,0.397,32.95,20,0.28,64,65,64.5,TRUE
SP-7.5-D50x578-G34.45,50,578,7.5,3100,11.56,6.666666667,0.397,34.45,20,0.292,68,69,68.5,TRUE
SP-7.5-D50x578-G35.45,50,578,7.5,3100,11.56,6.666666667,0.397,35.45,20,0.301,72,72,72,TRUE
SP-7.5-D50x578-G37.55,50,578,7.5,3100,11.56,6.666666667,0.397,37.55,20,0.319,78,79,78.5,TRUE
SP-7.5-D50x578-G38.45,50,578,7.5,3100,11.56,6.666666667,0.397,38.45,20,0.326,82,83,82.5,TRUE
SP-7.5-D50x578-G40.4,50,578,7.5,3100,11.56,6.666666667,0.397,40.4,20,0.343,88,89,88.5,TRUE
SP-7.5-D50x578-G42.25,50,578,7.5,3100,11.56,6.666666667,0.397,42.25,20,0.359,95,96,95.5,TRUE
SP-7.5-D50x578-G43.55,50,578,7.5,3100,11.56,6.666666667,0.397,43.55,20,0.37,99,101,100,TRUE
SP-7.5-D50x578-G44.35,50,578,7.5,3100,11.56,6.666666667,0.397,44.35,20,0.376,103,104,103.5,TRUE
SP-7.5-D50x578-G45.95,50,578,7.5,3100,11.56,6.666666667,0.397,45.95,20,0.39,109,110,109.5,TRUE
SP-7.5-D50x578-G47.55,50,578,7.5,3100,11.56,6.666666667,0.397,47.55,20,0.404,115,116,115.5,TRUE
SP-7.5-D50x578-G48.75,50,578,7.5,3100,11.56,6.666666667,0.397,48.75,20,0.414,120,121,120.5,TRUE
SP-7.5-D50x578-G49.35,50,578,7.5,3100,11.56,6.666666667,0.397,49.35,20,0.419,123,124,123.5,TRUE
SP-7.5-D50x578-G50.4,50,578,7.5,3100,11.56,6.666666667,0.397,50.4,20,0.428,127,128,127.5,TRUE
SP-7.5-D50x578-G52.2,50,578,7.5,3100,11.56,6.666666667,0.397,52.2,20,0.443,132,134,133,TRUE
SP-7.5-D50x578-G54.1,50,578,7.5,3100,11.56,6.666666667,0.397,54.1,20,0.459,139,140,139.5,TRUE
SP-7.5-D50x578-G56.45,50,578,7.5,3100,11.56,6.666666667,0.397,56.45,20,0.479,148,150,149,TRUE
SP-7.5-D50x578-G58.3,50,578,7.5,3100,11.56,6.666666667,0.397,58.3,20,0.495,154,156,155,TRUE
SP-7.5-D50x578-G60.3,50,578,7.5,3100,11.56,6.666666667,0.397,60.3,20,0.512,164,165,164.5,TRUE
SP-7.5-D50x578-G61.25,50,578,7.5,3100,11.56,6.666666667,0.397,61.25,20,0.52,167,169,168,TRUE
SP-7.5-D50x578-G62.7,50,578,7.5,3100,11.56,6.666666667,0.397,62.7,20,0.532,173,175,174,TRUE
SP-7.5-D50x578-G64.45,50,578,7.5,3100,11.56,6.666666667,0.397,64.45,20,0.547,179,181,180,TRUE
SP-7.5-D50x578-G66.95,50,578,7.5,3100,11.56,6.666666667,0.397,66.95,20,0.568,193,195,194,TRUE
SP-7.5-D50x578-G68.25,50,578,7.5,3100,11.56,6.666666667,0.397,68.25,20,0.579,198,200,199,TRUE
SP-5-D50x129-G11.3,50,129,5,2200,2.58,10,0.432,11.3,20,0.096,6,6,6,TRUE
SP-5-D50x129-G12.4,50,129,5,2200,2.58,10,0.432,12.4,20,0.105,7,7,7,TRUE
SP-5-D50x129-G13.2,50,129,5,2200,2.58,10,0.432,13.2,20,0.112,7,8,7.5,TRUE
SP-5-D50x129-G14.35,50,129,5,2200,2.58,10,0.432,14.35,20,0.122,9,9,9,FALSE
SP-5-D50x129-G15,50,129,5,2200,2.58,10,0.432,15,20,0.127,9,9,9,TRUE
SP-5-D50x129-G16.35,50,129,5,2200,2.58,10,0.432,16.35,20,0.139,10,10,10,TRUE
SP-5-D50x129-G17.1,50,129,5,2200,2.58,10,0.432,17.1,20,0.145,11,11,11,TRUE
SP-5-D50x129-G18.3,50,129,5,2200,2.58,10,0.432,18.3,20,0.155,12,12,12,TRUE
SP-5-D50x129-G19.3,50,129,5,2200,2.58,10,0.432,19.3,20,0.164,13,13,13,TRUE
SP-5-D50x129-G20.2,50,129,5,2200,2.58,10,0.432,20.2,20,0.171,14,14,14,TRUE
SP-5-D50x129-G21.7,50,129,5,2200,2.58,10,0.432,21.7,20,0.184,15,16,15.5,TRUE
SP-5-D50x129-G23.7,50,129,5,2200,2.58,10,0.432,23.7,20,0.201,17,18,17.5,TRUE
SP-5-D50x129-G25.25,50,129,5,2200,2.58,10,0.432,25.25,20,0.214,19,20,19.5,TRUE
SP-5-D50x129-G27.45,50,129,5,2200,2.58,10,0.432,27.45,20,0.233,21,22,21.5,TRUE
SP-5-D50x129-G29.1,50,129,5,2200,2.58,10,0.432,29.1,20,0.247,24,24,24,TRUE
SP-5-D50x129-G31.1,50,129,5,2200,2.58,10,0.432,31.1,20,0.264,26,27,26.5,TRUE
SP-5-D50x129-G33.45,50,129,5,2200,2.58,10,0.432,33.45,20,0.284,29,29,29,TRUE
SP-5-D50x129-G35.4,50,129,5,2200,2.58,10,0.432,35.4,20,0.3,31,32,31.5,TRUE
SP-5-D50x129-G37.35,50,129,5,2200,2.58,10,0.432,37.35,20,0.317,34,35,34.5,TRUE
SP-5-D50x129-G39.65,50,129,5,2200,2.58,10,0.432,39.65,20,0.337,37,38,37.5,TRUE
SP-5-D50x129-G41,50,129,5,2200,2.58,10,0.432,41,20,0.348,39,40,39.5,TRUE
SP-5-D50x129-G43.15,50,129,5,2200,2.58,10,0.432,43.15,20,0.366,42,43,42.5,TRUE
SP-5-D50x129-G45.55,50,129,5,2200,2.58,10,0.432,45.55,20,0.387,45,47,46,TRUE
SP-5-D50x129-G48.05,50,129,5,2200,2.58,10,0.432,48.05,20,0.408,50,51,50.5,TRUE
SP-5-D50x129-G50.35,50,129,5,2200,2.58,10,0.432,50.35,20,0.427,54,55,54.5,TRUE
SP-5-D50x129-G52.15,50,129,5,2200,2.58,10,0.432,52.15,20,0.443,56,57,56.5,TRUE
SP-5-D50x129-G54.6,50,129,5,2200,2.58,10,0.432,54.6,20,0.463,60,61,60.5,TRUE
SP-5-D50x129-G56.5,50,129,5,2200,2.58,10,0.432,56.5,20,0.48,63,64,63.5,TRUE
SP-5-D50x129-G58.65,50,129,5,2200,2.58,10,0.432,58.65,20,0.498,66,67,66.5,TRUE
SP-5-D50x129-G60.8,50,129,5,2200,2.58,10,0.432,60.8,20,0.516,69,71,70,TRUE
SP-5-D50x129-G62,50,129,5,2200,2.58,10,0.432,62,20,0.526,71,73,72,TRUE
SP-5-D50x129-G63.7,50,129,5,2200,2.58,10,0.432,63.7,20,0.541,74,76,75,TRUE
SP-5-D50x129-G65.15,50,129,5,2200,2.58,10,0.432,65.15,20,0.553,75,78,76.5,TRUE
SP-5-D50x129-G67.25,50,129,5,2200,2.58,10,0.432,67.25,20,0.571,79,82,80.5,TRUE
SP-5-D50x129-G69.85,50,129,5,2200,2.58,10,0.432,69.85,20,0.593,85,87,86,TRUE
SP-5-D50x129-G72.7,50,129,5,2200,2.58,10,0.432,72.7,20,0.617,90,93,91.5,TRUE
SP-5-D50x129-G74.7,50,129,5,2200,2.58,10,0.432,74.7,20,0.634,93,95,94,TRUE
SP-5-D50x129-G76.2,50,129,5,2200,2.58,10,0.432,76.2,20,0.647,96,100,98,TRUE
SP-5-D50x129-G78.05,50,129,5,2200,2.58,10,0.432,78.05,20,0.663,100,103,101.5,TRUE
SP-5-D50x129-G80.55,50,129,5,2200,2.58,10,0.432,80.55,20,0.684,105,107,106,TRUE
SP-5-D50x129-G82.25,50,129,5,2200,2.58,10,0.432,82.25,20,0.698,109,111,110,TRUE
SP-5-D50x129-G84.3,50,129,5,2200,2.58,10,0.432,84.3,20,0.716,113,115,114,TRUE
SP-5-D50x129-G85.8,50,129,5,2200,2.58,10,0.432,85.8,20,0.728,116,120,118,TRUE
SP-5-D50x129-G89.4,50,129,5,2200,2.58,10,0.432,89.4,20,0.759,124,126,125,TRUE
SP-5-D50x129-G90.65,50,129,5,2200,2.58,10,0.432,90.65,20,0.769,126,130,128,TRUE
SP-5-D50x129-G94.3,50,129,5,2200,2.58,10,0.432,94.3,20,0.8,134,136,135,TRUE
SP-5-D50x129-G96.2,50,129,5,2200,2.58,10,0.432,96.2,20,0.817,138,142,140,TRUE
SP-5-D50x129-G100.4,50,129,5,2200,2.58,10,0.432,100.4,20,0.852,147,149,148,TRUE
SP-5-D50x129-G101.85,50,129,5,2200,2.58,10,0.432,101.85,20,0.865,150,153,151.5,TRUE
SP-5-D50x129-G104.8,50,129,5,2200,2.58,10,0.432,104.8,20,0.89,157,159,158,TRUE
SP-5-D50x129-G108.6,50,129,5,2200,2.58,10,0.432,108.6,20,0.922,166,170,168,TRUE
SP-5-D50x129-G112.35,50,129,5,2200,2.58,10,0.432,112.35,20,0.954,178,180,179,TRUE
SP-5-D50x129-G117.2,50,129,5,2200,2.58,10,0.432,117.2,20,0.995,189,192,190.5,TRUE
SP-5-D50x129-G119.1,50,129,5,2200,2.58,10,0.432,119.1,20,1.011,193,198,195.5,TRUE
SP-5-D50x152-G8.85,50,152,5,2700,3.04,10,0.408,8.85,20,0.075,4,6,5,TRUE
SP-5-D50x152-G10.2,50,152,5,2700,3.04,10,0.408,10.2,20,0.087,5,7,6,TRUE
SP-5-D50x152-G11.6,50,152,5,2700,3.04,10,0.408,11.6,20,0.098,7,8,7.5,TRUE
SP-5-D50x152-G12.75,50,152,5,2700,3.04,10,0.408,12.75,20,0.108,8,9,8.5,TRUE
SP-5-D50x152-G13.5,50,152,5,2700,3.04,10,0.408,13.5,20,0.115,9,10,9.5,TRUE
SP-5-D50x152-G14.45,50,152,5,2700,3.04,10,0.408,14.45,20,0.123,10,11,10.5,TRUE
SP-5-D50x152-G15.45,50,152,5,2700,3.04,10,0.408,15.45,20,0.131,11,12,11.5,TRUE
SP-5-D50x152-G16.35,50,152,5,2700,3.04,10,0.408,16.35,20,0.139,12,13,12.5,TRUE
SP-5-D50x152-G17.3,50,152,5,2700,3.04,10,0.408,17.3,20,0.147,13,14,13.5,TRUE
SP-5-D50x152-G18.3,50,152,5,2700,3.04,10,0.408,18.3,20,0.155,14,15,14.5,TRUE
SP-5-D50x152-G19.35,50,152,5,2700,3.04,10,0.408,19.35,20,0.164,15,17,16,TRUE
SP-5-D50x152-G20.6,50,152,5,2700,3.04,10,0.408,20.6,20,0.175,17,18,17.5,TRUE
SP-5-D50x152-G21.65,50,152,5,2700,3.04,10,0.408,21.65,20,0.184,19,19,19,TRUE
SP-5-D50x152-G22.3,50,152,5,2700,3.04,10,0.408,22.3,20,0.189,19,20,19.5,TRUE
SP-5-D50x152-G23.45,50,152,5,2700,3.04,10,0.408,23.45,20,0.199,20,21,20.5,TRUE
SP-5-D50x152-G24.45,50,152,5,2700,3.04,10,0.408,24.45,20,0.208,22,22,22,TRUE
SP-5-D50x152-G25.6,50,152,5,2700,3.04,10,0.408,25.6,20,0.217,23,24,23.5,TRUE
SP-5-D50x152-G26.75,50,152,5,2700,3.04,10,0.408,26.75,20,0.227,25,26,25.5,TRUE
SP-5-D50x152-G27.75,50,152,5,2700,3.04,10,0.408,27.75,20,0.236,27,27,27,TRUE
SP-5-D50x152-G29.3,50,152,5,2700,3.04,10,0.408,29.3,20,0.249,29,29,29,TRUE
SP-5-D50x152-G30.55,50,152,5,2700,3.04,10,0.408,30.55,20,0.259,31,31,31,TRUE
SP-5-D50x152-G31.35,50,152,5,2700,3.04,10,0.408,31.35,20,0.266,32,33,32.5,TRUE
SP-5-D50x152-G33.05,50,152,5,2700,3.04,10,0.408,33.05,20,0.281,34,35,34.5,TRUE
SP-5-D50x152-G35.15,50,152,5,2700,3.04,10,0.408,35.15,20,0.298,38,38,38,TRUE
SP-5-D50x152-G37.45,50,152,5,2700,3.04,10,0.408,37.45,20,0.318,41,42,41.5,TRUE
SP-5-D50x152-G39.65,50,152,5,2700,3.04,10,0.408,39.65,20,0.337,45,46,45.5,TRUE
SP-5-D50x152-G41.6,50,152,5,2700,3.04,10,0.408,41.6,20,0.353,49,50,49.5,TRUE
SP-5-D50x152-G42.95,50,152,5,2700,3.04,10,0.408,42.95,20,0.365,51,52,51.5,TRUE
SP-5-D50x152-G45.75,50,152,5,2700,3.04,10,0.408,45.75,20,0.388,56,57,56.5,TRUE
SP-5-D50x152-G47.65,50,152,5,2700,3.04,10,0.408,47.65,20,0.404,60,61,60.5,TRUE
SP-5-D50x152-G49.15,50,152,5,2700,3.04,10,0.408,49.15,20,0.417,63,64,63.5,TRUE
SP-5-D50x152-G50.45,50,152,5,2700,3.04,10,0.408,50.45,20,0.428,66,67,66.5,TRUE
SP-5-D50x152-G51.3,50,152,5,2700,3.04,10,0.408,51.3,20,0.435,67,69,68,TRUE
SP-5-D50x152-G53.15,50,152,5,2700,3.04,10,0.408,53.15,20,0.451,70,72,71,TRUE
SP-5-D50x152-G55.15,50,152,5,2700,3.04,10,0.408,55.15,20,0.468,74,76,75,TRUE
SP-5-D50x152-G57.15,50,152,5,2700,3.04,10,0.408,57.15,20,0.485,79,80,79.5,TRUE
SP-5-D50x152-G59.2,50,152,5,2700,3.04,10,0.408,59.2,20,0.503,81,83,82,TRUE
SP-5-D50x152-G61.2,50,152,5,2700,3.04,10,0.408,61.2,20,0.519,85,87,86,TRUE
SP-5-D50x152-G63.85,50,152,5,2700,3.04,10,0.408,63.85,20,0.542,91,93,92,TRUE
SP-5-D50x152-G65.45,50,152,5,2700,3.04,10,0.408,65.45,20,0.556,94,97,95.5,TRUE
SP-5-D50x152-G67.65,50,152,5,2700,3.04,10,0.408,67.65,20,0.574,99,102,100.5,TRUE
SP-5-D50x152-G69.9,50,152,5,2700,3.04,10,0.408,69.9,20,0.593,104,107,105.5,TRUE
SP-5-D50x152-G71.2,50,152,5,2700,3.04,10,0.408,71.2,20,0.604,108,110,109,TRUE
SP-5-D50x152-G73.6,50,152,5,2700,3.04,10,0.408,73.6,20,0.625,113,115,114,TRUE
SP-5-D50x152-G75.3,50,152,5,2700,3.04,10,0.408,75.3,20,0.639,116,119,117.5,TRUE
SP-5-D50x152-G78.35,50,152,5,2700,3.04,10,0.408,78.35,20,0.665,124,126,125,TRUE
SP-5-D50x152-G80,50,152,5,2700,3.04,10,0.408,80,20,0.679,128,131,129.5,TRUE
SP-5-D50x152-G81.05,50,152,5,2700,3.04,10,0.408,81.05,20,0.688,130,132,131,TRUE
SP-5-D50x152-G81.95,50,152,5,2700,3.04,10,0.408,81.95,20,0.696,134,136,135,TRUE
SP-5-D50x152-G84.55,50,152,5,2700,3.04,10,0.408,84.55,20,0.718,140,143,141.5,TRUE
SP-5-D50x152-G87.35,50,152,5,2700,3.04,10,0.408,87.35,20,0.741,149,152,150.5,TRUE
SP-5-D50x152-G89.35,50,152,5,2700,3.04,10,0.408,89.35,20,0.758,154,156,155,TRUE
SP-5-D50x152-G91.45,50,152,5,2700,3.04,10,0.408,91.45,20,0.776,158,161,159.5,TRUE
SP-5-D50x152-G95.4,50,152,5,2700,3.04,10,0.408,95.4,20,0.81,172,175,173.5,TRUE
SP-5-D50x152-G98.25,50,152,5,2700,3.04,10,0.408,98.25,20,0.834,176,182,179,TRUE
SP-5-D50x152-G100.3,50,152,5,2700,3.04,10,0.408,100.3,20,0.851,183,185,184,TRUE
SP-5-D50x152-G103.7,50,152,5,2700,3.04,10,0.408,103.7,20,0.88,194,197,195.5,TRUE
SP-5-D50x152-G105.75,50,152,5,2700,3.04,10,0.408,105.75,20,0.898,198,200,199,TRUE
SP-5-D50x179-G10.55,50,179,5,3200,3.58,10,0.404,10.55,22,0.09,7,9,8,TRUE
SP-5-D50x179-G11.7,50,179,5,3200,3.58,10,0.404,11.7,22,0.099,9,10,9.5,TRUE
SP-5-D50x179-G12.35,50,179,5,3200,3.58,10,0.404,12.35,22,0.105,10,10,10,TRUE
SP-5-D50x179-G13.25,50,179,5,3200,3.58,10,0.404,13.25,22,0.112,11,12,11.5,TRUE
SP-5-D50x179-G14.55,50,179,5,3200,3.58,10,0.404,14.55,22,0.124,12,14,13,TRUE
SP-5-D50x179-G15.4,50,179,5,3200,3.58,10,0.404,15.4,22,0.131,14,14,14,TRUE
SP-5-D50x179-G16.65,50,179,5,3200,3.58,10,0.404,16.65,22,0.141,16,16,16,TRUE
SP-5-D50x179-G17.35,50,179,5,3200,3.58,10,0.404,17.35,22,0.147,16,17,16.5,TRUE
SP-5-D50x179-G18.15,50,179,5,3200,3.58,10,0.404,18.15,22,0.154,18,18,18,TRUE
SP-5-D50x179-G19.25,50,179,5,3200,3.58,10,0.404,19.25,22,0.163,19,20,19.5,TRUE
SP-5-D50x179-G20.35,50,179,5,3200,3.58,10,0.404,20.35,22,0.173,21,21,21,TRUE
SP-5-D50x179-G21.25,50,179,5,3200,3.58,10,0.404,21.25,22,0.18,22,22,22,TRUE
SP-5-D50x179-G22.7,50,179,5,3200,3.58,10,0.404,22.7,22,0.193,24,25,24.5,TRUE
SP-5-D50x179-G23.25,50,179,5,3200,3.58,10,0.404,23.25,22,0.197,25,25,25,TRUE
SP-5-D50x179-G24.25,50,179,5,3200,3.58,10,0.404,24.25,22,0.206,27,27,27,TRUE
SP-5-D50x179-G25.7,50,179,5,3200,3.58,10,0.404,25.7,22,0.218,29,29,29,TRUE
SP-5-D50x179-G26.4,50,179,5,3200,3.58,10,0.404,26.4,22,0.224,30,30,30,TRUE
SP-5-D50x179-G27.55,50,179,5,3200,3.58,10,0.404,27.55,22,0.234,32,32,32,TRUE
SP-5-D50x179-G28.35,50,179,5,3200,3.58,10,0.404,28.35,22,0.241,33,34,33.5,TRUE
SP-5-D50x179-G29.6,50,179,5,3200,3.58,10,0.404,29.6,22,0.251,36,36,36,TRUE
SP-5-D50x179-G30.55,50,179,5,3200,3.58,10,0.404,30.55,22,0.259,37,38,37.5,TRUE
SP-5-D50x179-G31.45,50,179,5,3200,3.58,10,0.404,31.45,22,0.267,39,39,39,TRUE
SP-5-D50x179-G32.65,50,179,5,3200,3.58,10,0.404,32.65,22,0.277,41,42,41.5,TRUE
SP-5-D50x179-G33.85,50,179,5,3200,3.58,10,0.404,33.85,22,0.287,43,44,43.5,TRUE
SP-5-D50x179-G34.9,50,179,5,3200,3.58,10,0.404,34.9,22,0.296,45,46,45.5,TRUE
SP-5-D50x179-G35.8,50,179,5,3200,3.58,10,0.404,35.8,22,0.304,47,48,47.5,TRUE
SP-5-D50x179-G36.9,50,179,5,3200,3.58,10,0.404,36.9,22,0.313,49,50,49.5,TRUE
SP-5-D50x179-G37.5,50,179,5,3200,3.58,10,0.404,37.5,22,0.318,51,51,51,TRUE
SP-5-D50x179-G38.4,50,179,5,3200,3.58,10,0.404,38.4,22,0.326,52,53,52.5,TRUE
SP-5-D50x179-G39.55,50,179,5,3200,3.58,10,0.404,39.55,22,0.336,55,56,55.5,TRUE
SP-5-D50x179-G40.85,50,179,5,3200,3.58,10,0.404,40.85,22,0.347,58,59,58.5,TRUE
SP-5-D50x179-G42.4,50,179,5,3200,3.58,10,0.404,42.4,22,0.36,61,62,61.5,TRUE
SP-5-D50x179-G44.55,50,179,5,3200,3.58,10,0.404,44.55,22,0.378,65,67,66,TRUE
SP-5-D50x179-G46.45,50,179,5,3200,3.58,10,0.404,46.45,22,0.394,70,71,70.5,TRUE
SP-5-D50x179-G48.1,50,179,5,3200,3.58,10,0.404,48.1,22,0.408,74,75,74.5,TRUE
SP-5-D50x179-G49.8,50,179,5,3200,3.58,10,0.404,49.8,22,0.423,79,80,79.5,TRUE
SP-5-D50x179-G50.45,50,179,5,3200,3.58,10,0.404,50.45,22,0.428,80,82,81,TRUE
SP-5-D50x179-G52.05,50,179,5,3200,3.58,10,0.404,52.05,22,0.442,83,85,84,TRUE
SP-5-D50x179-G54.75,50,179,5,3200,3.58,10,0.404,54.75,22,0.465,89,90,89.5,TRUE
SP-5-D50x179-G56.15,50,179,5,3200,3.58,10,0.404,56.15,22,0.477,92,93,92.5,TRUE
SP-5-D50x179-G57.75,50,179,5,3200,3.58,10,0.404,57.75,22,0.49,95,96,95.5,TRUE
SP-5-D50x179-G59.25,50,179,5,3200,3.58,10,0.404,59.25,22,0.503,99,102,100.5,TRUE
SP-5-D50x179-G60.5,50,179,5,3200,3.58,10,0.404,60.5,22,0.514,102,104,103,TRUE
SP-5-D50x179-G62,50,179,5,3200,3.58,10,0.404,62,22,0.526,105,107,106,TRUE
SP-5-D50x179-G64.2,50,179,5,3200,3.58,10,0.404,64.2,22,0.545,110,112,111,TRUE
SP-5-D50x179-G67,50,179,5,3200,3.58,10,0.404,67,22,0.569,119,120,119.5,TRUE
SP-5-D50x179-G68.35,50,179,5,3200,3.58,10,0.404,68.35,22,0.58,123,125,124,TRUE
SP-5-D50x179-G70.1,50,179,5,3200,3.58,10,0.404,70.1,22,0.595,128,130,129,TRUE
SP-5-D50x179-G72.65,50,179,5,3200,3.58,10,0.404,72.65,22,0.617,134,135,134.5,TRUE
SP-5-D50x179-G74.35,50,179,5,3200,3.58,10,0.404,74.35,22,0.631,139,141,140,TRUE
SP-5-D50x179-G76.3,50,179,5,3200,3.58,10,0.404,76.3,22,0.648,144,146,145,TRUE
SP-5-D50x179-G78.3,50,179,5,3200,3.58,10,0.404,78.3,22,0.665,150,152,151,TRUE
SP-5-D50x179-G80.9,50,179,5,3200,3.58,10,0.404,80.9,22,0.687,159,160,159.5,TRUE
SP-5-D50x179-G82.3,50,179,5,3200,3.58,10,0.404,82.3,22,0.699,163,165,164,TRUE
SP-5-D50x179-G86.45,50,179,5,3200,3.58,10,0.404,86.45,22,0.734,178,181,179.5,TRUE
SP-5-D50x179-G88.7,50,179,5,3200,3.58,10,0.404,88.7,22,0.753,183,187,185,TRUE
SP-5-D50x179-G90.9,50,179,5,3200,3.58,10,0.404,90.9,22,0.772,194,197,195.5,TRUE
SP-5-D50x179-G92.25,50,179,5,3200,3.58,10,0.404,92.25,22,0.783,199,200,199.5,TRUE
SP-5-D50x206-G9.9,50,206,5,3700,4.12,10,0.401,9.9,22,0.084,7,9,8,TRUE
SP-5-D50x206-G10.8,50,206,5,3700,4.12,10,0.401,10.8,22,0.092,8,10,9,TRUE
SP-5-D50x206-G11.8,50,206,5,3700,4.12,10,0.401,11.8,22,0.1,10,11,10.5,TRUE
SP-5-D50x206-G12.5,50,206,5,3700,4.12,10,0.401,12.5,22,0.106,11,12,11.5,TRUE
SP-5-D50x206-G13.5,50,206,5,3700,4.12,10,0.401,13.5,22,0.115,12,13,12.5,TRUE
SP-5-D50x206-G14.65,50,206,5,3700,4.12,10,0.401,14.65,22,0.124,14,15,14.5,TRUE
SP-5-D50x206-G15.5,50,206,5,3700,4.12,10,0.401,15.5,22,0.132,15,16,15.5,TRUE
SP-5-D50x206-G16.5,50,206,5,3700,4.12,10,0.401,16.5,22,0.14,17,17,17,TRUE
SP-5-D50x206-G17.6,50,206,5,3700,4.12,10,0.401,17.6,22,0.149,18,19,18.5,TRUE
SP-5-D50x206-G18.7,50,206,5,3700,4.12,10,0.401,18.7,22,0.159,20,20,20,TRUE
SP-5-D50x206-G19.7,50,206,5,3700,4.12,10,0.401,19.7,22,0.167,22,22,22,TRUE
SP-5-D50x206-G20.5,50,206,5,3700,4.12,10,0.401,20.5,22,0.174,23,24,23.5,TRUE
SP-5-D50x206-G21.55,50,206,5,3700,4.12,10,0.401,21.55,22,0.183,25,25,25,TRUE
SP-5-D50x206-G22.3,50,206,5,3700,4.12,10,0.401,22.3,22,0.189,26,26,26,TRUE
SP-5-D50x206-G23.1,50,206,5,3700,4.12,10,0.401,23.1,22,0.196,27,27,27,TRUE
SP-5-D50x206-G24.65,50,206,5,3700,4.12,10,0.401,24.65,22,0.209,30,30,30,TRUE
SP-5-D50x206-G25.2,50,206,5,3700,4.12,10,0.401,25.2,22,0.214,31,31,31,TRUE
SP-5-D50x206-G26.5,50,206,5,3700,4.12,10,0.401,26.5,22,0.225,33,33,33,TRUE
SP-5-D50x206-G27.8,50,206,5,3700,4.12,10,0.401,27.8,22,0.236,36,36,36,TRUE
SP-5-D50x206-G28.3,50,206,5,3700,4.12,10,0.401,28.3,22,0.24,37,38,37.5,TRUE
SP-5-D50x206-G29.9,50,206,5,3700,4.12,10,0.401,29.9,22,0.254,40,41,40.5,TRUE
SP-5-D50x206-G30.7,50,206,5,3700,4.12,10,0.401,30.7,22,0.261,42,42,42,TRUE
SP-5-D50x206-G31.85,50,206,5,3700,4.12,10,0.401,31.85,22,0.27,43,44,43.5,TRUE
SP-5-D50x206-G32.2,50,206,5,3700,4.12,10,0.401,32.2,22,0.273,44,45,44.5,TRUE
SP-5-D50x206-G33.65,50,206,5,3700,4.12,10,0.401,33.65,22,0.286,47,48,47.5,TRUE
SP-5-D50x206-G34.5,50,206,5,3700,4.12,10,0.401,34.5,22,0.293,49,50,49.5,TRUE
SP-5-D50x206-G35.65,50,206,5,3700,4.12,10,0.401,35.65,22,0.303,52,52,52,TRUE
SP-5-D50x206-G36.2,50,206,5,3700,4.12,10,0.401,36.2,22,0.307,53,53,53,TRUE
SP-5-D50x206-G37.2,50,206,5,3700,4.12,10,0.401,37.2,22,0.316,55,56,55.5,TRUE
SP-5-D50x206-G38.3,50,206,5,3700,4.12,10,0.401,38.3,22,0.325,57,58,57.5,TRUE
SP-5-D50x206-G39.75,50,206,5,3700,4.12,10,0.401,39.75,22,0.337,61,62,61.5,TRUE
SP-5-D50x206-G40.75,50,206,5,3700,4.12,10,0.401,40.75,22,0.346,63,64,63.5,TRUE
SP-5-D50x206-G42.75,50,206,5,3700,4.12,10,0.401,42.75,22,0.363,68,69,68.5,TRUE
SP-5-D50x206-G44.45,50,206,5,3700,4.12,10,0.401,44.45,22,0.377,72,74,73,TRUE
SP-5-D50x206-G46.5,50,206,5,3700,4.12,10,0.401,46.5,22,0.395,78,79,78.5,TRUE
SP-5-D50x206-G48.55,50,206,5,3700,4.12,10,0.401,48.55,22,0.412,83,84,83.5,TRUE
SP-5-D50x206-G50.75,50,206,5,3700,4.12,10,0.401,50.75,22,0.431,89,91,90,TRUE
SP-5-D50x206-G52.35,50,206,5,3700,4.12,10,0.401,52.35,22,0.444,94,95,94.5,TRUE
SP-5-D50x206-G54.1,50,206,5,3700,4.12,10,0.401,54.1,22,0.459,96,98,97,TRUE
SP-5-D50x206-G56.3,50,206,5,3700,4.12,10,0.401,56.3,22,0.478,102,104,103,TRUE
SP-5-D50x206-G58.45,50,206,5,3700,4.12,10,0.401,58.45,22,0.496,107,109,108,TRUE
SP-5-D50x206-G60.5,50,206,5,3700,4.12,10,0.401,60.5,22,0.514,114,116,115,TRUE
SP-5-D50x206-G62.3,50,206,5,3700,4.12,10,0.401,62.3,22,0.529,118,120,119,TRUE
SP-5-D50x206-G64.1,50,206,5,3700,4.12,10,0.401,64.1,22,0.544,122,124,123,TRUE
SP-5-D50x206-G66.1,50,206,5,3700,4.12,10,0.401,66.1,22,0.561,129,132,130.5,TRUE
SP-5-D50x206-G68.1,50,206,5,3700,4.12,10,0.401,68.1,22,0.578,135,137,136,TRUE
SP-5-D50x206-G69.95,50,206,5,3700,4.12,10,0.401,69.95,22,0.594,140,143,141.5,TRUE
SP-5-D50x206-G72.3,50,206,5,3700,4.12,10,0.401,72.3,22,0.614,148,150,149,TRUE
SP-5-D50x206-G74.2,50,206,5,3700,4.12,10,0.401,74.2,22,0.63,155,156,155.5,TRUE
SP-5-D50x206-G76.2,50,206,5,3700,4.12,10,0.401,76.2,22,0.647,160,163,161.5,TRUE
SP-5-D50x206-G78.2,50,206,5,3700,4.12,10,0.401,78.2,22,0.664,168,170,169,TRUE
SP-5-D50x206-G80.2,50,206,5,3700,4.12,10,0.401,80.2,22,0.681,175,177,176,TRUE
SP-5-D50x206-G82.2,50,206,5,3700,4.12,10,0.401,82.2,22,0.698,182,185,183.5,TRUE
SP-5-D50x206-G84.4,50,206,5,3700,4.12,10,0.401,84.4,22,0.716,190,193,191.5,TRUE
SP-5-D50x206-G86.1,50,206,5,3700,4.12,10,0.401,86.1,22,0.731,197,200,198.5,TRUE
SP-5-D50x229-G9.15,50,229,5,4200,4.58,10,0.389,9.15,22,0.078,8,9,8.5,TRUE
SP-5-D50x229-G10.2,50,229,5,4200,4.58,10,0.389,10.2,22,0.087,10,10,10,TRUE
SP-5-D50x229-G11.25,50,229,5,4200,4.58,10,0.389,11.25,22,0.095,11,12,11.5,TRUE
SP-5-D50x229-G12.05,50,229,5,4200,4.58,10,0.389,12.05,22,0.102,12,13,12.5,TRUE
SP-5-D50x229-G13.05,50,229,5,4200,4.58,10,0.389,13.05,22,0.111,14,14,14,TRUE
SP-5-D50x229-G14.2,50,229,5,4200,4.58,10,0.389,14.2,22,0.121,16,16,16,TRUE
SP-5-D50x229-G15.25,50,229,5,4200,4.58,10,0.389,15.25,22,0.129,17,18,17.5,TRUE
SP-5-D50x229-G16.15,50,229,5,4200,4.58,10,0.389,16.15,22,0.137,19,19,19,TRUE
SP-5-D50x229-G17.1,50,229,5,4200,4.58,10,0.389,17.1,22,0.145,20,20,20,TRUE
SP-5-D50x229-G18.1,50,229,5,4200,4.58,10,0.389,18.1,22,0.154,22,22,22,TRUE
SP-5-D50x229-G19,50,229,5,4200,4.58,10,0.389,19,22,0.161,24,24,24,TRUE
SP-5-D50x229-G20,50,229,5,4200,4.58,10,0.389,20,22,0.17,25,26,25.5,TRUE
SP-5-D50x229-G21.05,50,229,5,4200,4.58,10,0.389,21.05,22,0.179,27,28,27.5,TRUE
SP-5-D50x229-G22.2,50,229,5,4200,4.58,10,0.389,22.2,22,0.188,29,30,29.5,TRUE
SP-5-D50x229-G23.2,50,229,5,4200,4.58,10,0.389,23.2,22,0.197,31,31,31,TRUE
SP-5-D50x229-G24.6,50,229,5,4200,4.58,10,0.389,24.6,22,0.209,33,34,33.5,TRUE
SP-5-D50x229-G25.1,50,229,5,4200,4.58,10,0.389,25.1,22,0.213,34,35,34.5,TRUE
SP-5-D50x229-G26.25,50,229,5,4200,4.58,10,0.389,26.25,22,0.223,37,38,37.5,TRUE
SP-5-D50x229-G27.25,50,229,5,4200,4.58,10,0.389,27.25,22,0.231,39,40,39.5,TRUE
SP-5-D50x229-G28.15,50,229,5,4200,4.58,10,0.389,28.15,22,0.239,41,42,41.5,TRUE
SP-5-D50x229-G29.2,50,229,5,4200,4.58,10,0.389,29.2,22,0.248,44,44,44,TRUE
SP-5-D50x229-G30.25,50,229,5,4200,4.58,10,0.389,30.25,22,0.257,46,47,46.5,TRUE
SP-5-D50x229-G31.3,50,229,5,4200,4.58,10,0.389,31.3,22,0.266,48,49,48.5,TRUE
SP-5-D50x229-G32.05,50,229,5,4200,4.58,10,0.389,32.05,22,0.272,50,51,50.5,TRUE
SP-5-D50x229-G33.05,50,229,5,4200,4.58,10,0.389,33.05,22,0.281,52,53,52.5,TRUE
SP-5-D50x229-G34.2,50,229,5,4200,4.58,10,0.389,34.2,22,0.29,55,55,55,TRUE
SP-5-D50x229-G35.15,50,229,5,4200,4.58,10,0.389,35.15,22,0.298,57,58,57.5,TRUE
SP-5-D50x229-G36.35,50,229,5,4200,4.58,10,0.389,36.35,22,0.309,60,61,60.5,TRUE
SP-5-D50x229-G37.05,50,229,5,4200,4.58,10,0.389,37.05,22,0.314,62,63,62.5,TRUE
SP-5-D50x229-G38.2,50,229,5,4200,4.58,10,0.389,38.2,22,0.324,65,66,65.5,TRUE
SP-5-D50x229-G40.05,50,229,5,4200,4.58,10,0.389,40.05,22,0.34,70,71,70.5,TRUE
SP-5-D50x229-G42.05,50,229,5,4200,4.58,10,0.389,42.05,22,0.357,76,77,76.5,TRUE
SP-5-D50x229-G44.35,50,229,5,4200,4.58,10,0.389,44.35,22,0.376,82,83,82.5,TRUE
SP-5-D50x229-G46.45,50,229,5,4200,4.58,10,0.389,46.45,22,0.394,88,89,88.5,TRUE
SP-5-D50x229-G48.35,50,229,5,4200,4.58,10,0.389,48.35,22,0.41,94,95,94.5,TRUE
SP-5-D50x229-G50,50,229,5,4200,4.58,10,0.389,50,22,0.424,100,101,100.5,TRUE
SP-5-D50x229-G52,50,229,5,4200,4.58,10,0.389,52,22,0.441,105,106,105.5,TRUE
SP-5-D50x229-G54,50,229,5,4200,4.58,10,0.389,54,22,0.458,109,111,110,TRUE
SP-5-D50x229-G56,50,229,5,4200,4.58,10,0.389,56,22,0.475,115,117,116,TRUE
SP-5-D50x229-G58.75,50,229,5,4200,4.58,10,0.389,58.75,22,0.499,123,125,124,TRUE
SP-5-D50x229-G60.45,50,229,5,4200,4.58,10,0.389,60.45,22,0.513,129,131,130,TRUE
SP-5-D50x229-G62.1,50,229,5,4200,4.58,10,0.389,62.1,22,0.527,134,136,135,TRUE
SP-5-D50x229-G64.45,50,229,5,4200,4.58,10,0.389,64.45,22,0.547,140,143,141.5,TRUE
SP-5-D50x229-G66.35,50,229,5,4200,4.58,10,0.389,66.35,22,0.563,149,151,150,TRUE
SP-5-D50x229-G68.4,50,229,5,4200,4.58,10,0.389,68.4,22,0.581,155,158,156.5,TRUE
SP-5-D50x229-G70.05,50,229,5,4200,4.58,10,0.389,70.05,22,0.595,162,164,163,TRUE
SP-5-D50x229-G72.15,50,229,5,4200,4.58,10,0.389,72.15,22,0.612,170,173,171.5,TRUE
SP-5-D50x229-G74.15,50,229,5,4200,4.58,10,0.389,74.15,22,0.629,175,176,175.5,TRUE
SP-5-D50x229-G76.25,50,229,5,4200,4.58,10,0.389,76.25,22,0.647,184,186,185,TRUE
SP-5-D50x229-G79.1,50,229,5,4200,4.58,10,0.389,79.1,22,0.671,195,197,196,TRUE
SP-5-D50x229-G80,50,229,5,4200,4.58,10,0.389,80,22,0.679,199,200,199.5,TRUE
SP-5-D50x251-G7.6,50,251,5,4700,5.02,10,0.376,7.6,22,0.065,7,8,7.5,TRUE
SP-5-D50x251-G8.45,50,251,5,4700,5.02,10,0.376,8.45,22,0.072,8,9,8.5,TRUE
SP-5-D50x251-G9.4,50,251,5,4700,5.02,10,0.376,9.4,22,0.08,9,11,10,TRUE
SP-5-D50x251-G10.5,50,251,5,4700,5.02,10,0.376,10.5,22,0.089,12,12,12,TRUE
SP-5-D50x251-G11.4,50,251,5,4700,5.02,10,0.376,11.4,22,0.097,13,14,13.5,TRUE
SP-5-D50x251-G12.4,50,251,5,4700,5.02,10,0.376,12.4,22,0.105,15,15,15,TRUE
SP-5-D50x251-G13.55,50,251,5,4700,5.02,10,0.376,13.55,22,0.115,17,17,17,TRUE
SP-5-D50x251-G14.2,50,251,5,4700,5.02,10,0.376,14.2,22,0.121,18,18,18,TRUE
SP-5-D50x251-G15.1,50,251,5,4700,5.02,10,0.376,15.1,22,0.128,19,19,19,TRUE
SP-5-D50x251-G16.2,50,251,5,4700,5.02,10,0.376,16.2,22,0.138,22,22,22,TRUE
SP-5-D50x251-G17,50,251,5,4700,5.02,10,0.376,17,22,0.144,23,23,23,TRUE
SP-5-D50x251-G18,50,251,5,4700,5.02,10,0.376,18,22,0.153,25,25,25,TRUE
SP-5-D50x251-G18.95,50,251,5,4700,5.02,10,0.376,18.95,22,0.161,27,27,27,TRUE
SP-5-D50x251-G19.6,50,251,5,4700,5.02,10,0.376,19.6,22,0.166,28,29,28.5,TRUE
SP-5-D50x251-G20.1,50,251,5,4700,5.02,10,0.376,20.1,22,0.171,29,29,29,TRUE
SP-5-D50x251-G21,50,251,5,4700,5.02,10,0.376,21,22,0.178,31,31,31,TRUE
SP-5-D50x251-G21.6,50,251,5,4700,5.02,10,0.376,21.6,22,0.183,32,32,32,TRUE
SP-5-D50x251-G22.1,50,251,5,4700,5.02,10,0.376,22.1,22,0.188,33,33,33,TRUE
SP-5-D50x251-G22.6,50,251,5,4700,5.02,10,0.376,22.6,22,0.192,34,34,34,TRUE
SP-5-D50x251-G23.1,50,251,5,4700,5.02,10,0.376,23.1,22,0.196,35,35,35,TRUE
SP-5-D50x251-G24.2,50,251,5,4700,5.02,10,0.376,24.2,22,0.205,37,38,37.5,TRUE
SP-5-D50x251-G25.1,50,251,5,4700,5.02,10,0.376,25.1,22,0.213,39,40,39.5,TRUE
SP-5-D50x251-G26,50,251,5,4700,5.02,10,0.376,26,22,0.221,41,42,41.5,TRUE
SP-5-D50x251-G27,50,251,5,4700,5.02,10,0.376,27,22,0.229,44,44,44,TRUE
SP-5-D50x251-G28.05,50,251,5,4700,5.02,10,0.376,28.05,22,0.238,46,47,46.5,TRUE
SP-5-D50x251-G29.1,50,251,5,4700,5.02,10,0.376,29.1,22,0.247,49,50,49.5,TRUE
SP-5-D50x251-G30.05,50,251,5,4700,5.02,10,0.376,30.05,22,0.255,52,52,52,TRUE
SP-5-D50x251-G31.35,50,251,5,4700,5.02,10,0.376,31.35,22,0.266,54,55,54.5,TRUE
SP-5-D50x251-G32.05,50,251,5,4700,5.02,10,0.376,32.05,22,0.272,56,57,56.5,TRUE
SP-5-D50x251-G33.2,50,251,5,4700,5.02,10,0.376,33.2,22,0.282,59,60,59.5,TRUE
SP-5-D50x251-G34.25,50,251,5,4700,5.02,10,0.376,34.25,22,0.291,62,62,62,TRUE
SP-5-D50x251-G35.3,50,251,5,4700,5.02,10,0.376,35.3,22,0.3,65,65,65,TRUE
SP-5-D50x251-G36.35,50,251,5,4700,5.02,10,0.376,36.35,22,0.309,67,68,67.5,TRUE
SP-5-D50x251-G37.05,50,251,5,4700,5.02,10,0.376,37.05,22,0.314,69,70,69.5,TRUE
SP-5-D50x251-G38,50,251,5,4700,5.02,10,0.376,38,22,0.323,73,73,73,TRUE
SP-5-D50x251-G39.1,50,251,5,4700,5.02,10,0.376,39.1,22,0.332,76,76,76,TRUE
SP-5-D50x251-G39.85,50,251,5,4700,5.02,10,0.376,39.85,22,0.338,78,79,78.5,TRUE
SP-5-D50x251-G40.25,50,251,5,4700,5.02,10,0.376,40.25,22,0.342,79,80,79.5,TRUE
SP-5-D50x251-G41.15,50,251,5,4700,5.02,10,0.376,41.15,22,0.349,82,83,82.5,TRUE
SP-5-D50x251-G42.4,50,251,5,4700,5.02,10,0.376,42.4,22,0.36,86,87,86.5,TRUE
SP-5-D50x251-G43.15,50,251,5,4700,5.02,10,0.376,43.15,22,0.366,88,89,88.5,TRUE
SP-5-D50x251-G44.1,50,251,5,4700,5.02,10,0.376,44.1,22,0.374,91,92,91.5,TRUE
SP-5-D50x251-G45.05,50,251,5,4700,5.02,10,0.376,45.05,22,0.382,94,95,94.5,TRUE
SP-5-D50x251-G46.5,50,251,5,4700,5.02,10,0.376,46.5,22,0.395,98,100,99,TRUE
SP-5-D50x251-G47.15,50,251,5,4700,5.02,10,0.376,47.15,22,0.4,101,102,101.5,TRUE
SP-5-D50x251-G48.5,50,251,5,4700,5.02,10,0.376,48.5,22,0.412,106,107,106.5,TRUE
SP-5-D50x251-G49.45,50,251,5,4700,5.02,10,0.376,49.45,22,0.42,109,110,109.5,TRUE
SP-5-D50x251-G50.35,50,251,5,4700,5.02,10,0.376,50.35,22,0.427,112,113,112.5,TRUE
SP-5-D50x251-G51.1,50,251,5,4700,5.02,10,0.376,51.1,22,0.434,114,116,115,TRUE
SP-5-D50x251-G52.05,50,251,5,4700,5.02,10,0.376,52.05,22,0.442,117,118,117.5,TRUE
SP-5-D50x251-G53,50,251,5,4700,5.02,10,0.376,53,22,0.45,120,121,120.5,TRUE
SP-5-D50x251-G54.1,50,251,5,4700,5.02,10,0.376,54.1,22,0.459,122,124,123,TRUE
SP-5-D50x251-G55.75,50,251,5,4700,5.02,10,0.376,55.75,22,0.473,128,130,129,TRUE
SP-5-D50x251-G56.2,50,251,5,4700,5.02,10,0.376,56.2,22,0.477,129,131,130,TRUE
SP-5-D50x251-G57.4,50,251,5,4700,5.02,10,0.376,57.4,22,0.487,133,134,133.5,TRUE
SP-5-D50x251-G58,50,251,5,4700,5.02,10,0.376,58,22,0.492,135,136,135.5,TRUE
SP-5-D50x251-G59.45,50,251,5,4700,5.02,10,0.376,59.45,22,0.505,140,142,141,TRUE
SP-5-D50x251-G60.25,50,251,5,4700,5.02,10,0.376,60.25,22,0.511,143,145,144,TRUE
SP-5-D50x251-G61.45,50,251,5,4700,5.02,10,0.376,61.45,22,0.522,147,149,148,TRUE
SP-5-D50x251-G62.5,50,251,5,4700,5.02,10,0.376,62.5,22,0.531,151,153,152,TRUE
SP-5-D50x251-G63.3,50,251,5,4700,5.02,10,0.376,63.3,22,0.537,154,156,155,TRUE
SP-5-D50x251-G64.45,50,251,5,4700,5.02,10,0.376,64.45,22,0.547,158,160,159,TRUE
SP-5-D50x251-G65.15,50,251,5,4700,5.02,10,0.376,65.15,22,0.553,162,164,163,TRUE
SP-5-D50x251-G66.55,50,251,5,4700,5.02,10,0.376,66.55,22,0.565,168,170,169,TRUE
SP-5-D50x251-G67.45,50,251,5,4700,5.02,10,0.376,67.45,22,0.573,171,173,172,TRUE
SP-5-D50x251-G68.7,50,251,5,4700,5.02,10,0.376,68.7,22,0.583,176,178,177,TRUE
SP-5-D50x251-G70,50,251,5,4700,5.02,10,0.376,70,22,0.594,180,182,181,TRUE
SP-5-D50x251-G71.25,50,251,5,4700,5.02,10,0.376,71.25,22,0.605,186,189,187.5,TRUE
SP-5-D50x251-G72.55,50,251,5,4700,5.02,10,0.376,72.55,22,0.616,190,194,192,TRUE
SP-5-D50x251-G73.3,50,251,5,4700,5.02,10,0.376,73.3,22,0.622,194,196,195,TRUE
SP-5-D50x251-G74.05,50,251,5,4700,5.02,10,0.376,74.05,22,0.629,199,200,199.5,TRUE
SP-5-D50x331-G6.95,50,331,5,6200,6.62,10,0.376,6.95,22,0.059,8,10,9,TRUE
SP-5-D50x331-G7.9,50,331,5,6200,6.62,10,0.376,7.9,22,0.067,10,11,10.5,TRUE
SP-5-D50x331-G8.5,50,331,5,6200,6.62,10,0.376,8.5,22,0.072,11,13,12,TRUE
SP-5-D50x331-G9.3,50,331,5,6200,6.62,10,0.376,9.3,22,0.079,13,14,13.5,TRUE
SP-5-D50x331-G10.2,50,331,5,6200,6.62,10,0.376,10.2,22,0.087,15,15,15,TRUE
SP-5-D50x331-G10.8,50,331,5,6200,6.62,10,0.376,10.8,22,0.092,16,17,16.5,TRUE
SP-5-D50x331-G11.1,50,331,5,6200,6.62,10,0.376,11.1,22,0.094,17,17,17,TRUE
SP-5-D50x331-G11.6,50,331,5,6200,6.62,10,0.376,11.6,22,0.098,18,18,18,TRUE
SP-5-D50x331-G12.1,50,331,5,6200,6.62,10,0.376,12.1,22,0.103,19,19,19,TRUE
SP-5-D50x331-G12.7,50,331,5,6200,6.62,10,0.376,12.7,22,0.108,20,20,20,TRUE
SP-5-D50x331-G13.2,50,331,5,6200,6.62,10,0.376,13.2,22,0.112,21,21,21,TRUE
SP-5-D50x331-G13.7,50,331,5,6200,6.62,10,0.376,13.7,22,0.116,22,22,22,TRUE
SP-5-D50x331-G14.15,50,331,5,6200,6.62,10,0.376,14.15,22,0.12,23,23,23,TRUE
SP-5-D50x331-G14.7,50,331,5,6200,6.62,10,0.376,14.7,22,0.125,24,24,24,TRUE
SP-5-D50x331-G15.2,50,331,5,6200,6.62,10,0.376,15.2,22,0.129,25,25,25,TRUE
SP-5-D50x331-G15.9,50,331,5,6200,6.62,10,0.376,15.9,22,0.135,27,27,27,TRUE
SP-5-D50x331-G16.5,50,331,5,6200,6.62,10,0.376,16.5,22,0.14,28,28,28,TRUE
SP-5-D50x331-G17.25,50,331,5,6200,6.62,10,0.376,17.25,22,0.146,30,30,30,TRUE
SP-5-D50x331-G17.6,50,331,5,6200,6.62,10,0.376,17.6,22,0.149,31,31,31,TRUE
SP-5-D50x331-G18.4,50,331,5,6200,6.62,10,0.376,18.4,22,0.156,32,33,32.5,TRUE
SP-5-D50x331-G19.25,50,331,5,6200,6.62,10,0.376,19.25,22,0.163,35,35,35,TRUE
SP-5-D50x331-G19.75,50,331,5,6200,6.62,10,0.376,19.75,22,0.168,36,37,36.5,TRUE
SP-5-D50x331-G20.4,50,331,5,6200,6.62,10,0.376,20.4,22,0.173,38,38,38,TRUE
SP-5-D50x331-G21.5,50,331,5,6200,6.62,10,0.376,21.5,22,0.182,40,41,40.5,TRUE
SP-5-D50x331-G22.1,50,331,5,6200,6.62,10,0.376,22.1,22,0.188,42,42,42,TRUE
SP-5-D50x331-G23.4,50,331,5,6200,6.62,10,0.376,23.4,22,0.199,45,46,45.5,TRUE
SP-5-D50x331-G23.8,50,331,5,6200,6.62,10,0.376,23.8,22,0.202,46,47,46.5,TRUE
SP-5-D50x331-G24.4,50,331,5,6200,6.62,10,0.376,24.4,22,0.207,48,48,48,TRUE
SP-5-D50x331-G25.3,50,331,5,6200,6.62,10,0.376,25.3,22,0.215,51,51,51,TRUE
SP-5-D50x331-G26.1,50,331,5,6200,6.62,10,0.376,26.1,22,0.222,53,53,53,TRUE
SP-5-D50x331-G27.3,50,331,5,6200,6.62,10,0.376,27.3,22,0.232,57,57,57,TRUE
SP-5-D50x331-G28.3,50,331,5,6200,6.62,10,0.376,28.3,22,0.24,60,60,60,TRUE
SP-5-D50x331-G29.65,50,331,5,6200,6.62,10,0.376,29.65,22,0.252,65,65,65,TRUE
SP-5-D50x331-G30.55,50,331,5,6200,6.62,10,0.376,30.55,22,0.259,67,68,67.5,TRUE
SP-5-D50x331-G31.15,50,331,5,6200,6.62,10,0.376,31.15,22,0.264,69,70,69.5,TRUE
SP-5-D50x331-G32.25,50,331,5,6200,6.62,10,0.376,32.25,22,0.274,73,73,73,TRUE
SP-5-D50x331-G33.3,50,331,5,6200,6.62,10,0.376,33.3,22,0.283,76,77,76.5,TRUE
SP-5-D50x331-G34.05,50,331,5,6200,6.62,10,0.376,34.05,22,0.289,79,79,79,TRUE
SP-5-D50x331-G35.4,50,331,5,6200,6.62,10,0.376,35.4,22,0.3,83,84,83.5,TRUE
SP-5-D50x331-G36.1,50,331,5,6200,6.62,10,0.376,36.1,22,0.306,86,87,86.5,TRUE
SP-5-D50x331-G37,50,331,5,6200,6.62,10,0.376,37,22,0.314,89,89,89,TRUE
SP-5-D50x331-G38.3,50,331,5,6200,6.62,10,0.376,38.3,22,0.325,94,95,94.5,TRUE
SP-5-D50x331-G39.05,50,331,5,6200,6.62,10,0.376,39.05,22,0.331,97,98,97.5,TRUE
SP-5-D50x331-G40.35,50,331,5,6200,6.62,10,0.376,40.35,22,0.343,102,103,102.5,TRUE
SP-5-D50x331-G41.1,50,331,5,6200,6.62,10,0.376,41.1,22,0.349,105,106,105.5,TRUE
SP-5-D50x331-G42.15,50,331,5,6200,6.62,10,0.376,42.15,22,0.358,109,110,109.5,TRUE
SP-5-D50x331-G43.2,50,331,5,6200,6.62,10,0.376,43.2,22,0.367,113,114,113.5,TRUE
SP-5-D50x331-G44.45,50,331,5,6200,6.62,10,0.376,44.45,22,0.377,118,119,118.5,TRUE
SP-5-D50x331-G45.25,50,331,5,6200,6.62,10,0.376,45.25,22,0.384,122,123,122.5,TRUE
SP-5-D50x331-G46.05,50,331,5,6200,6.62,10,0.376,46.05,22,0.391,125,126,125.5,TRUE
SP-5-D50x331-G47.15,50,331,5,6200,6.62,10,0.376,47.15,22,0.4,130,131,130.5,TRUE
SP-5-D50x331-G48.1,50,331,5,6200,6.62,10,0.376,48.1,22,0.408,134,135,134.5,TRUE
SP-5-D50x331-G49.5,50,331,5,6200,6.62,10,0.376,49.5,22,0.42,140,142,141,TRUE
SP-5-D50x331-G50.65,50,331,5,6200,6.62,10,0.376,50.65,22,0.43,146,147,146.5,TRUE
SP-5-D50x331-G51.25,50,331,5,6200,6.62,10,0.376,51.25,22,0.435,149,150,149.5,TRUE
SP-5-D50x331-G52.8,50,331,5,6200,6.62,10,0.376,52.8,22,0.448,154,155,154.5,TRUE
SP-5-D50x331-G53.8,50,331,5,6200,6.62,10,0.376,53.8,22,0.457,157,159,158,TRUE
SP-5-D50x331-G54.25,50,331,5,6200,6.62,10,0.376,54.25,22,0.46,159,161,160,TRUE
SP-5-D50x331-G55.75,50,331,5,6200,6.62,10,0.376,55.75,22,0.473,165,167,166,TRUE
SP-5-D50x331-G56.2,50,331,5,6200,6.62,10,0.376,56.2,22,0.477,167,169,168,TRUE
SP-5-D50x331-G57.45,50,331,5,6200,6.62,10,0.376,57.45,22,0.488,172,174,173,TRUE
SP-5-D50x331-G58.2,50,331,5,6200,6.62,10,0.376,58.2,22,0.494,175,177,176,TRUE
SP-5-D50x331-G59.05,50,331,5,6200,6.62,10,0.376,59.05,22,0.501,179,180,179.5,TRUE
SP-5-D50x331-G60.5,50,331,5,6200,6.62,10,0.376,60.5,22,0.514,186,187,186.5,TRUE
SP-5-D50x331-G61.35,50,331,5,6200,6.62,10,0.376,61.35,22,0.521,190,192,191,TRUE
SP-5-D50x331-G62.3,50,331,5,6200,6.62,10,0.376,62.3,22,0.529,194,196,195,TRUE
SP-5-D50x331-G63.65,50,331,5,6200,6.62,10,0.376,63.65,22,0.54,200,200,200,TRUE
SP-5-D50x356-G7.3,50,356,5,6700,7.12,10,0.373,7.3,22,0.062,9,11,10,TRUE
SP-5-D50x356-G8.6,50,356,5,6700,7.12,10,0.373,8.6,22,0.073,12,13,12.5,TRUE
SP-5-D50x356-G9.4,50,356,5,6700,7.12,10,0.373,9.4,22,0.08,14,15,14.5,TRUE
SP-5-D50x356-G10.1,50,356,5,6700,7.12,10,0.373,10.1,22,0.086,16,16,16,TRUE
SP-5-D50x356-G10.6,50,356,5,6700,7.12,10,0.373,10.6,22,0.09,17,17,17,TRUE
SP-5-D50x356-G11.2,50,356,5,6700,7.12,10,0.373,11.2,22,0.095,18,18,18,TRUE
SP-5-D50x356-G11.6,50,356,5,6700,7.12,10,0.373,11.6,22,0.098,19,19,19,TRUE
SP-5-D50x356-G12.15,50,356,5,6700,7.12,10,0.373,12.15,22,0.103,20,20,20,TRUE
SP-5-D50x356-G12.6,50,356,5,6700,7.12,10,0.373,12.6,22,0.107,21,21,21,TRUE
SP-5-D50x356-G13.3,50,356,5,6700,7.12,10,0.373,13.3,22,0.113,22,23,22.5,TRUE
SP-5-D50x356-G13.7,50,356,5,6700,7.12,10,0.373,13.7,22,0.116,23,24,23.5,TRUE
SP-5-D50x356-G14.1,50,356,5,6700,7.12,10,0.373,14.1,22,0.12,24,25,24.5,TRUE
SP-5-D50x356-G14.6,50,356,5,6700,7.12,10,0.373,14.6,22,0.124,25,26,25.5,TRUE
SP-5-D50x356-G15.1,50,356,5,6700,7.12,10,0.373,15.1,22,0.128,26,27,26.5,TRUE
SP-5-D50x356-G15.8,50,356,5,6700,7.12,10,0.373,15.8,22,0.134,28,29,28.5,TRUE
SP-5-D50x356-G16.4,50,356,5,6700,7.12,10,0.373,16.4,22,0.139,30,30,30,TRUE
SP-5-D50x356-G16.95,50,356,5,6700,7.12,10,0.373,16.95,22,0.144,31,31,31,TRUE
SP-5-D50x356-G17.3,50,356,5,6700,7.12,10,0.373,17.3,22,0.147,32,32,32,TRUE
SP-5-D50x356-G17.7,50,356,5,6700,7.12,10,0.373,17.7,22,0.15,33,33,33,TRUE
SP-5-D50x356-G18.3,50,356,5,6700,7.12,10,0.373,18.3,22,0.155,34,35,34.5,TRUE
SP-5-D50x356-G18.7,50,356,5,6700,7.12,10,0.373,18.7,22,0.159,35,36,35.5,TRUE
SP-5-D50x356-G19.1,50,356,5,6700,7.12,10,0.373,19.1,22,0.162,37,37,37,TRUE
SP-5-D50x356-G19.8,50,356,5,6700,7.12,10,0.373,19.8,22,0.168,39,39,39,TRUE
SP-5-D50x356-G20.35,50,356,5,6700,7.12,10,0.373,20.35,22,0.173,40,40,40,TRUE
SP-5-D50x356-G20.8,50,356,5,6700,7.12,10,0.373,20.8,22,0.177,41,41,41,TRUE
SP-5-D50x356-G21.4,50,356,5,6700,7.12,10,0.373,21.4,22,0.182,42,43,42.5,TRUE
SP-5-D50x356-G22.2,50,356,5,6700,7.12,10,0.373,22.2,22,0.188,45,45,45,TRUE
SP-5-D50x356-G23,50,356,5,6700,7.12,10,0.373,23,22,0.195,47,47,47,TRUE
SP-5-D50x356-G24.1,50,356,5,6700,7.12,10,0.373,24.1,22,0.205,50,51,50.5,TRUE
SP-5-D50x356-G25.4,50,356,5,6700,7.12,10,0.373,25.4,22,0.216,54,54,54,TRUE
SP-5-D50x356-G26.4,50,356,5,6700,7.12,10,0.373,26.4,22,0.224,57,58,57.5,TRUE
SP-5-D50x356-G27.5,50,356,5,6700,7.12,10,0.373,27.5,22,0.233,61,61,61,TRUE
SP-5-D50x356-G28.5,50,356,5,6700,7.12,10,0.373,28.5,22,0.242,64,65,64.5,TRUE
SP-5-D50x356-G29.5,50,356,5,6700,7.12,10,0.373,29.5,22,0.25,68,69,68.5,TRUE
SP-5-D50x356-G30.3,50,356,5,6700,7.12,10,0.373,30.3,22,0.257,71,71,71,TRUE
SP-5-D50x356-G31.25,50,356,5,6700,7.12,10,0.373,31.25,22,0.265,74,75,74.5,TRUE
SP-5-D50x356-G32.2,50,356,5,6700,7.12,10,0.373,32.2,22,0.273,77,78,77.5,TRUE
SP-5-D50x356-G33.25,50,356,5,6700,7.12,10,0.373,33.25,22,0.282,81,82,81.5,TRUE
SP-5-D50x356-G34.55,50,356,5,6700,7.12,10,0.373,34.55,22,0.293,85,86,85.5,TRUE
SP-5-D50x356-G35.5,50,356,5,6700,7.12,10,0.373,35.5,22,0.301,89,90,89.5,TRUE
SP-5-D50x356-G36.55,50,356,5,6700,7.12,10,0.373,36.55,22,0.31,93,94,93.5,TRUE
SP-5-D50x356-G37.2,50,356,5,6700,7.12,10,0.373,37.2,22,0.316,96,97,96.5,TRUE
SP-5-D50x356-G38.25,50,356,5,6700,7.12,10,0.373,38.25,22,0.325,100,101,100.5,TRUE
SP-5-D50x356-G39.7,50,356,5,6700,7.12,10,0.373,39.7,22,0.337,106,107,106.5,TRUE
SP-5-D50x356-G40.25,50,356,5,6700,7.12,10,0.373,40.25,22,0.342,109,110,109.5,TRUE
SP-5-D50x356-G41.25,50,356,5,6700,7.12,10,0.373,41.25,22,0.35,113,114,113.5,TRUE
SP-5-D50x356-G42.45,50,356,5,6700,7.12,10,0.373,42.45,22,0.36,118,119,118.5,TRUE
SP-5-D50x356-G43.1,50,356,5,6700,7.12,10,0.373,43.1,22,0.366,120,121,120.5,TRUE
SP-5-D50x356-G44.35,50,356,5,6700,7.12,10,0.373,44.35,22,0.376,126,127,126.5,TRUE
SP-5-D50x356-G45.25,50,356,5,6700,7.12,10,0.373,45.25,22,0.384,130,131,130.5,TRUE
SP-5-D50x356-G46.5,50,356,5,6700,7.12,10,0.373,46.5,22,0.395,135,137,136,TRUE
SP-5-D50x356-G47.65,50,356,5,6700,7.12,10,0.373,47.65,22,0.404,141,142,141.5,TRUE
SP-5-D50x356-G48.75,50,356,5,6700,7.12,10,0.373,48.75,22,0.414,146,147,146.5,TRUE
SP-5-D50x356-G49.15,50,356,5,6700,7.12,10,0.373,49.15,22,0.417,148,150,149,TRUE
SP-5-D50x356-G50.15,50,356,5,6700,7.12,10,0.373,50.15,22,0.426,154,155,154.5,TRUE
SP-5-D50x356-G51.4,50,356,5,6700,7.12,10,0.373,51.4,22,0.436,159,160,159.5,TRUE
SP-5-D50x356-G52.65,50,356,5,6700,7.12,10,0.373,52.65,22,0.447,164,166,165,TRUE
SP-5-D50x356-G53.25,50,356,5,6700,7.12,10,0.373,53.25,22,0.452,166,167,166.5,TRUE
SP-5-D50x356-G54.15,50,356,5,6700,7.12,10,0.373,54.15,22,0.46,169,171,170,TRUE
SP-5-D50x356-G55.1,50,356,5,6700,7.12,10,0.373,55.1,22,0.468,173,175,174,TRUE
SP-5-D50x356-G56.65,50,356,5,6700,7.12,10,0.373,56.65,22,0.481,180,182,181,TRUE
SP-5-D50x356-G57.1,50,356,5,6700,7.12,10,0.373,57.1,22,0.485,183,184,183.5,TRUE
SP-5-D50x356-G58.2,50,356,5,6700,7.12,10,0.373,58.2,22,0.494,187,189,188,TRUE
SP-5-D50x356-G59.2,50,356,5,6700,7.12,10,0.373,59.2,22,0.503,192,194,193,TRUE
SP-5-D50x356-G60.2,50,356,5,6700,7.12,10,0.373,60.2,22,0.511,197,199,198,TRUE
SP-5-D50x356-G60.85,50,356,5,6700,7.12,10,0.373,60.85,22,0.517,199,200,199.5,TRUE
SP-5-D50x383-G6.05,50,383,5,7200,7.66,10,0.373,6.05,18,0.051,9,10,9.5,TRUE
SP-5-D50x383-G6.8,50,383,5,7200,7.66,10,0.373,6.8,18,0.058,10,12,11,TRUE
SP-5-D50x383-G7.4,50,383,5,7200,7.66,10,0.373,7.4,18,0.063,12,13,12.5,TRUE
SP-5-D50x383-G7.9,50,383,5,7200,7.66,10,0.373,7.9,18,0.067,13,14,13.5,TRUE
SP-5-D50x383-G8.2,50,383,5,7200,7.66,10,0.373,8.2,18,0.07,14,15,14.5,TRUE
SP-5-D50x383-G8.8,50,383,5,7200,7.66,10,0.373,8.8,18,0.075,16,16,16,TRUE
SP-5-D50x383-G9.6,50,383,5,7200,7.66,10,0.373,9.6,18,0.081,17,17,17,TRUE
SP-5-D50x383-G10.1,50,383,5,7200,7.66,10,0.373,10.1,18,0.086,18,18,18,TRUE
SP-5-D50x383-G10.8,50,383,5,7200,7.66,10,0.373,10.8,18,0.092,19,19,19,TRUE
SP-5-D50x383-G11.1,50,383,5,7200,7.66,10,0.373,11.1,18,0.094,20,20,20,TRUE
SP-5-D50x383-G11.8,50,383,5,7200,7.66,10,0.373,11.8,18,0.1,21,22,21.5,TRUE
SP-5-D50x383-G12.35,50,383,5,7200,7.66,10,0.373,12.35,18,0.105,22,23,22.5,TRUE
SP-5-D50x383-G12.8,50,383,5,7200,7.66,10,0.373,12.8,18,0.109,24,24,24,TRUE
SP-5-D50x383-G13.3,50,383,5,7200,7.66,10,0.373,13.3,18,0.113,25,25,25,TRUE
SP-5-D50x383-G13.8,50,383,5,7200,7.66,10,0.373,13.8,18,0.117,26,26,26,TRUE
SP-5-D50x383-G14.2,50,383,5,7200,7.66,10,0.373,14.2,18,0.121,27,27,27,TRUE
SP-5-D50x383-G14.8,50,383,5,7200,7.66,10,0.373,14.8,18,0.126,29,29,29,TRUE
SP-5-D50x383-G15.25,50,383,5,7200,7.66,10,0.373,15.25,18,0.129,29,30,29.5,TRUE
SP-5-D50x383-G15.7,50,383,5,7200,7.66,10,0.373,15.7,18,0.133,31,31,31,TRUE
SP-5-D50x383-G16.3,50,383,5,7200,7.66,10,0.373,16.3,18,0.138,32,32,32,TRUE
SP-5-D50x383-G16.7,50,383,5,7200,7.66,10,0.373,16.7,18,0.142,33,34,33.5,TRUE
SP-5-D50x383-G17.35,50,383,5,7200,7.66,10,0.373,17.35,18,0.147,35,36,35.5,TRUE
SP-5-D50x383-G17.75,50,383,5,7200,7.66,10,0.373,17.75,18,0.151,36,37,36.5,TRUE
SP-5-D50x383-G18.3,50,383,5,7200,7.66,10,0.373,18.3,18,0.155,38,38,38,TRUE
SP-5-D50x383-G18.8,50,383,5,7200,7.66,10,0.373,18.8,18,0.16,39,40,39.5,TRUE
SP-5-D50x383-G19.25,50,383,5,7200,7.66,10,0.373,19.25,18,0.163,41,41,41,TRUE
SP-5-D50x383-G19.7,50,383,5,7200,7.66,10,0.373,19.7,18,0.167,42,43,42.5,TRUE
SP-5-D50x383-G20.3,50,383,5,7200,7.66,10,0.373,20.3,18,0.172,44,44,44,TRUE
SP-5-D50x383-G20.85,50,383,5,7200,7.66,10,0.373,20.85,18,0.177,45,46,45.5,TRUE
SP-5-D50x383-G21.3,50,383,5,7200,7.66,10,0.373,21.3,18,0.181,47,47,47,TRUE
SP-5-D50x383-G21.8,50,383,5,7200,7.66,10,0.373,21.8,18,0.185,48,49,48.5,TRUE
SP-5-D50x383-G22.1,50,383,5,7200,7.66,10,0.373,22.1,18,0.188,49,49,49,TRUE
SP-5-D50x383-G22.55,50,383,5,7200,7.66,10,0.373,22.55,18,0.191,50,51,50.5,TRUE
SP-5-D50x383-G23.05,50,383,5,7200,7.66,10,0.373,23.05,18,0.196,52,52,52,TRUE
SP-5-D50x383-G23.95,50,383,5,7200,7.66,10,0.373,23.95,18,0.203,55,55,55,TRUE
SP-5-D50x383-G25.1,50,383,5,7200,7.66,10,0.373,25.1,18,0.213,58,59,58.5,TRUE
SP-5-D50x383-G26.2,50,383,5,7200,7.66,10,0.373,26.2,18,0.222,62,63,62.5,TRUE
SP-5-D50x383-G27.15,50,383,5,7200,7.66,10,0.373,27.15,18,0.23,65,66,65.5,TRUE
SP-5-D50x383-G28.5,50,383,5,7200,7.66,10,0.373,28.5,18,0.242,71,71,71,TRUE
SP-5-D50x383-G29.1,50,383,5,7200,7.66,10,0.373,29.1,18,0.247,73,73,73,TRUE
SP-5-D50x383-G30.25,50,383,5,7200,7.66,10,0.373,30.25,18,0.257,77,78,77.5,TRUE
SP-5-D50x383-G31.15,50,383,5,7200,7.66,10,0.373,31.15,18,0.264,80,81,80.5,TRUE
SP-5-D50x383-G32.15,50,383,5,7200,7.66,10,0.373,32.15,18,0.273,84,85,84.5,TRUE
SP-5-D50x383-G33.2,50,383,5,7200,7.66,10,0.373,33.2,18,0.282,88,89,88.5,TRUE
SP-5-D50x383-G34.45,50,383,5,7200,7.66,10,0.373,34.45,18,0.292,93,94,93.5,TRUE
SP-5-D50x383-G35.15,50,383,5,7200,7.66,10,0.373,35.15,18,0.298,96,97,96.5,TRUE
SP-5-D50x383-G36.4,50,383,5,7200,7.66,10,0.373,36.4,18,0.309,101,102,101.5,TRUE
SP-5-D50x383-G37.15,50,383,5,7200,7.66,10,0.373,37.15,18,0.315,104,105,104.5,TRUE
SP-5-D50x383-G38.4,50,383,5,7200,7.66,10,0.373,38.4,18,0.326,110,111,110.5,TRUE
SP-5-D50x383-G39.55,50,383,5,7200,7.66,10,0.373,39.55,18,0.336,115,116,115.5,TRUE
SP-5-D50x383-G40.15,50,383,5,7200,7.66,10,0.373,40.15,18,0.341,118,119,118.5,TRUE
SP-5-D50x383-G41.35,50,383,5,7200,7.66,10,0.373,41.35,18,0.351,123,124,123.5,TRUE
SP-5-D50x383-G42.25,50,383,5,7200,7.66,10,0.373,42.25,18,0.359,127,128,127.5,TRUE
SP-5-D50x383-G43.35,50,383,5,7200,7.66,10,0.373,43.35,18,0.368,132,133,132.5,TRUE
SP-5-D50x383-G44.2,50,383,5,7200,7.66,10,0.373,44.2,18,0.375,136,137,136.5,TRUE
SP-5-D50x383-G45.25,50,383,5,7200,7.66,10,0.373,45.25,18,0.384,141,142,141.5,TRUE
SP-5-D50x383-G46.35,50,383,5,7200,7.66,10,0.373,46.35,18,0.393,146,147,146.5,TRUE
SP-5-D50x383-G47.45,50,383,5,7200,7.66,10,0.373,47.45,18,0.403,152,153,152.5,TRUE
SP-5-D50x383-G48.15,50,383,5,7200,7.66,10,0.373,48.15,18,0.409,156,157,156.5,TRUE
SP-5-D50x383-G49.75,50,383,5,7200,7.66,10,0.373,49.75,18,0.422,165,167,166,TRUE
SP-5-D50x383-G50.55,50,383,5,7200,7.66,10,0.373,50.55,18,0.429,169,170,169.5,TRUE
SP-5-D50x383-G51.05,50,383,5,7200,7.66,10,0.373,51.05,18,0.433,171,172,171.5,TRUE
SP-5-D50x383-G52.4,50,383,5,7200,7.66,10,0.373,52.4,18,0.445,176,178,177,TRUE
SP-5-D50x383-G53.3,50,383,5,7200,7.66,10,0.373,53.3,18,0.452,180,182,181,TRUE
SP-5-D50x383-G54.75,50,383,5,7200,7.66,10,0.373,54.75,18,0.465,188,189,188.5,TRUE
SP-5-D50x383-G55.35,50,383,5,7200,7.66,10,0.373,55.35,18,0.47,190,192,191,TRUE
SP-5-D50x383-G56.15,50,383,5,7200,7.66,10,0.373,56.15,18,0.477,194,195,194.5,TRUE
SP-5-D50x383-G57.5,50,383,5,7200,7.66,10,0.373,57.5,18,0.488,199,200,199.5,TRUE
SP-5-D50x407-G5.8,50,407,5,7700,8.14,10,0.369,5.8,18,0.049,9,10,9.5,TRUE
SP-5-D50x407-G6.3,50,407,5,7700,8.14,10,0.369,6.3,18,0.053,10,11,10.5,TRUE
SP-5-D50x407-G6.6,50,407,5,7700,8.14,10,0.369,6.6,18,0.056,11,12,11.5,TRUE
SP-5-D50x407-G7.3,50,407,5,7700,8.14,10,0.369,7.3,18,0.062,12,14,13,TRUE
SP-5-D50x407-G7.8,50,407,5,7700,8.14,10,0.369,7.8,18,0.066,14,15,14.5,TRUE
SP-5-D50x407-G8.2,50,407,5,7700,8.14,10,0.369,8.2,18,0.07,15,15,15,TRUE
SP-5-D50x407-G8.7,50,407,5,7700,8.14,10,0.369,8.7,18,0.074,16,16,16,TRUE
SP-5-D50x407-G9.2,50,407,5,7700,8.14,10,0.369,9.2,18,0.078,17,17,17,TRUE
SP-5-D50x407-G9.7,50,407,5,7700,8.14,10,0.369,9.7,18,0.082,17,18,17.5,TRUE
SP-5-D50x407-G10.3,50,407,5,7700,8.14,10,0.369,10.3,18,0.087,18,19,18.5,TRUE
SP-5-D50x407-G10.8,50,407,5,7700,8.14,10,0.369,10.8,18,0.092,19,20,19.5,TRUE
SP-5-D50x407-G11.25,50,407,5,7700,8.14,10,0.369,11.25,18,0.095,20,21,20.5,TRUE
SP-5-D50x407-G11.8,50,407,5,7700,8.14,10,0.369,11.8,18,0.1,22,22,22,TRUE
SP-5-D50x407-G12.2,50,407,5,7700,8.14,10,0.369,12.2,18,0.104,23,23,23,TRUE
SP-5-D50x407-G12.85,50,407,5,7700,8.14,10,0.369,12.85,18,0.109,24,25,24.5,TRUE
SP-5-D50x407-G13.3,50,407,5,7700,8.14,10,0.369,13.3,18,0.113,25,26,25.5,TRUE
SP-5-D50x407-G13.7,50,407,5,7700,8.14,10,0.369,13.7,18,0.116,26,27,26.5,TRUE
SP-5-D50x407-G14.2,50,407,5,7700,8.14,10,0.369,14.2,18,0.121,28,28,28,TRUE
SP-5-D50x407-G15.5,50,407,5,7700,8.14,10,0.369,15.5,18,0.132,31,31,31,TRUE
SP-5-D50x407-G16.1,50,407,5,7700,8.14,10,0.369,16.1,18,0.137,33,33,33,TRUE
SP-5-D50x407-G16.6,50,407,5,7700,8.14,10,0.369,16.6,18,0.141,34,34,34,TRUE
SP-5-D50x407-G17.3,50,407,5,7700,8.14,10,0.369,17.3,18,0.147,36,36,36,TRUE
SP-5-D50x407-G17.65,50,407,5,7700,8.14,10,0.369,17.65,18,0.15,37,37,37,TRUE
SP-5-D50x407-G18.1,50,407,5,7700,8.14,10,0.369,18.1,18,0.154,38,39,38.5,TRUE
SP-5-D50x407-G18.8,50,407,5,7700,8.14,10,0.369,18.8,18,0.16,40,41,40.5,TRUE
SP-5-D50x407-G19.1,50,407,5,7700,8.14,10,0.369,19.1,18,0.162,41,42,41.5,TRUE
SP-5-D50x407-G19.6,50,407,5,7700,8.14,10,0.369,19.6,18,0.166,43,43,43,TRUE
SP-5-D50x407-G20.1,50,407,5,7700,8.14,10,0.369,20.1,18,0.171,44,45,44.5,TRUE
SP-5-D50x407-G20.8,50,407,5,7700,8.14,10,0.369,20.8,18,0.177,46,47,46.5,TRUE
SP-5-D50x407-G21.1,50,407,5,7700,8.14,10,0.369,21.1,18,0.179,47,48,47.5,TRUE
SP-5-D50x407-G21.5,50,407,5,7700,8.14,10,0.369,21.5,18,0.182,49,49,49,TRUE
SP-5-D50x407-G22,50,407,5,7700,8.14,10,0.369,22,18,0.187,50,50,50,TRUE
SP-5-D50x407-G22.9,50,407,5,7700,8.14,10,0.369,22.9,18,0.194,53,53,53,TRUE
SP-5-D50x407-G23.2,50,407,5,7700,8.14,10,0.369,23.2,18,0.197,54,54,54,TRUE
SP-5-D50x407-G24.2,50,407,5,7700,8.14,10,0.369,24.2,18,0.205,57,57,57,TRUE
SP-5-D50x407-G25.5,50,407,5,7700,8.14,10,0.369,25.5,18,0.216,61,62,61.5,TRUE
SP-5-D50x407-G26.3,50,407,5,7700,8.14,10,0.369,26.3,18,0.223,64,65,64.5,TRUE
SP-5-D50x407-G27.2,50,407,5,7700,8.14,10,0.369,27.2,18,0.231,68,68,68,TRUE
SP-5-D50x407-G28.4,50,407,5,7700,8.14,10,0.369,28.4,18,0.241,72,73,72.5,TRUE
SP-5-D50x407-G29.3,50,407,5,7700,8.14,10,0.369,29.3,18,0.249,76,77,76.5,TRUE
SP-5-D50x407-G30.35,50,407,5,7700,8.14,10,0.369,30.35,18,0.258,80,81,80.5,TRUE
SP-5-D50x407-G31.3,50,407,5,7700,8.14,10,0.369,31.3,18,0.266,84,84,84,TRUE
SP-5-D50x407-G32.45,50,407,5,7700,8.14,10,0.369,32.45,18,0.275,88,89,88.5,TRUE
SP-5-D50x407-G33.7,50,407,5,7700,8.14,10,0.369,33.7,18,0.286,93,94,93.5,TRUE
SP-5-D50x407-G34.65,50,407,5,7700,8.14,10,0.369,34.65,18,0.294,97,98,97.5,TRUE
SP-5-D50x407-G35.9,50,407,5,7700,8.14,10,0.369,35.9,18,0.305,102,103,102.5,TRUE
SP-5-D50x407-G36.65,50,407,5,7700,8.14,10,0.369,36.65,18,0.311,105,107,106,TRUE
SP-5-D50x407-G37.3,50,407,5,7700,8.14,10,0.369,37.3,18,0.317,108,109,108.5,TRUE
SP-5-D50x407-G38.75,50,407,5,7700,8.14,10,0.369,38.75,18,0.329,115,116,115.5,TRUE
SP-5-D50x407-G39.25,50,407,5,7700,8.14,10,0.369,39.25,18,0.333,118,119,118.5,TRUE
SP-5-D50x407-G40.25,50,407,5,7700,8.14,10,0.369,40.25,18,0.342,122,123,122.5,TRUE
SP-5-D50x407-G41.35,50,407,5,7700,8.14,10,0.369,41.35,18,0.351,127,128,127.5,TRUE
SP-5-D50x407-G42.65,50,407,5,7700,8.14,10,0.369,42.65,18,0.362,134,135,134.5,TRUE
SP-5-D50x407-G43.45,50,407,5,7700,8.14,10,0.369,43.45,18,0.369,138,139,138.5,TRUE
SP-5-D50x407-G44.25,50,407,5,7700,8.14,10,0.369,44.25,18,0.376,141,142,141.5,TRUE
SP-5-D50x407-G45.75,50,407,5,7700,8.14,10,0.369,45.75,18,0.388,149,150,149.5,TRUE
SP-5-D50x407-G46.15,50,407,5,7700,8.14,10,0.369,46.15,18,0.392,151,152,151.5,TRUE
SP-5-D50x407-G47.75,50,407,5,7700,8.14,10,0.369,47.75,18,0.405,159,161,160,TRUE
SP-5-D50x407-G48.15,50,407,5,7700,8.14,10,0.369,48.15,18,0.409,162,163,162.5,TRUE
SP-5-D50x407-G49.15,50,407,5,7700,8.14,10,0.369,49.15,18,0.417,167,168,167.5,TRUE
SP-5-D50x407-G50.15,50,407,5,7700,8.14,10,0.369,50.15,18,0.426,174,175,174.5,TRUE
SP-5-D50x407-G51.75,50,407,5,7700,8.14,10,0.369,51.75,18,0.439,182,183,182.5,TRUE
SP-5-D50x407-G52.5,50,407,5,7700,8.14,10,0.369,52.5,18,0.446,184,185,184.5,TRUE
SP-5-D50x407-G53.1,50,407,5,7700,8.14,10,0.369,53.1,18,0.451,187,188,187.5,TRUE
SP-5-D50x407-G54.35,50,407,5,7700,8.14,10,0.369,54.35,18,0.461,192,194,193,TRUE
SP-5-D50x407-G55.2,50,407,5,7700,8.14,10,0.369,55.2,18,0.469,197,198,197.5,TRUE
SP-5-D50x407-G56.1,50,407,5,7700,8.14,10,0.369,56.1,18,0.476,200,200,200,TRUE
SP-10-D100x127-G290.9,100,127,10,1100,1.27,10,0.423,290.9,,0.617,15,20,17.5,TRUE
SP-10-D100x127-G395.01,100,127,10,1100,1.27,10,0.423,395.01,,0.838,30,35,32.5,TRUE
SP-10-D100x127-G419.51,100,127,10,1100,1.27,10,0.423,419.51,,0.89,35,40,37.5,TRUE
SP-10-D100x127-G448.6,100,127,10,1100,1.27,10,0.423,448.6,,0.952,45,50,47.5,TRUE
SP-10-D100x127-G470.03,100,127,10,1100,1.27,10,0.423,470.03,,0.997,50,55,52.5,TRUE
SP-10-D100x127-G482.28,100,127,10,1100,1.27,10,0.423,482.28,,1.023,60,65,62.5,TRUE
SP-10-D100x127-G525.15,100,127,10,1100,1.27,10,0.423,525.15,,1.114,70,75,72.5,TRUE
SP-10-D100x127-G535.87,100,127,10,1100,1.27,10,0.423,535.87,,1.137,80,85,82.5,TRUE
SP-10-D100x127-G566.49,100,127,10,1100,1.27,10,0.423,566.49,,1.202,90,95,92.5,TRUE
SP-10-D100x127-G601.7,100,127,10,1100,1.27,10,0.423,601.7,,1.277,105,110,107.5,TRUE
SP-10-D100x127-G620.08,100,127,10,1100,1.27,10,0.423,620.08,,1.316,115,120,117.5,TRUE
SP-10-D100x127-G646.11,100,127,10,1100,1.27,10,0.423,646.11,24.3,1.371,145,155,150,TRUE
SP-10-D100x127-G718.06,100,127,10,1100,1.27,10,0.423,718.06,,1.524,170,175,172.5,TRUE
SP-10-D100x127-G741.03,100,127,10,1100,1.27,10,0.423,741.03,,1.573,185,190,187.5,TRUE
SP-10-D100x127-G756.34,100,127,10,1100,1.27,10,0.423,756.34,,1.605,205,209,207,TRUE
SP-10-D100x127-G793.09,100,127,10,1100,1.27,10,0.423,793.09,,1.683,250,255,252.5,TRUE
SP-10-D100x127-G805.34,100,127,10,1100,1.27,10,0.423,805.34,,1.709,265,270,267.5,TRUE
SP-10-D100x127-G834.43,100,127,10,1100,1.27,10,0.423,834.43,,1.771,290,295,292.5,TRUE
SP-10-D100x127-G866.58,100,127,10,1100,1.27,10,0.423,866.58,,1.839,300,310,305,TRUE
SP-10-D100x127-G894.14,100,127,10,1100,1.27,10,0.423,894.14,,1.897,330,335,332.5,TRUE
SP-10-D100x127-G912.51,100,127,10,1100,1.27,10,0.423,912.51,,1.936,350,355,352.5,TRUE
SP-10-D100x127-G947.72,100,127,10,1100,1.27,10,0.423,947.72,,2.011,375,380,377.5,TRUE
SP-10-D100x127-G972.22,100,127,10,1100,1.27,10,0.423,972.22,,2.063,385,390,387.5,TRUE
SP-10-D100x127-G1005.9,100,127,10,1100,1.27,10,0.423,1005.9,,2.135,415,420,417.5,TRUE
SP-10-D100x127-G1022.74,100,127,10,1100,1.27,10,0.423,1022.74,,2.17,435,440,437.5,TRUE
SP-10-D100x127-G1050.3,100,127,10,1100,1.27,10,0.423,1050.3,,2.229,465,470,467.5,TRUE
SP-10-D100x127-G1070.21,100,127,10,1100,1.27,10,0.423,1070.21,,2.271,495,500,497.5,TRUE
SP-10-D100x127-G1094.7,100,127,10,1100,1.27,10,0.423,1094.7,,2.323,515,520,517.5,TRUE
SP-10-D100x127-G1114.61,100,127,10,1100,1.27,10,0.423,1114.61,,2.365,535,540,537.5,TRUE
SP-10-D100x127-G1146.76,100,127,10,1100,1.27,10,0.423,1146.76,,2.434,575,579,577,TRUE
SP-10-D100x127-G1163.6,100,127,10,1100,1.27,10,0.423,1163.6,,2.469,595,600,597.5,TRUE
SP-10-D100x127-G1192.69,100,127,10,1100,1.27,10,0.423,1192.69,,2.531,625,630,627.5,TRUE
SP-10-D100x127-G1217.19,100,127,10,1100,1.27,10,0.423,1217.19,,2.583,645,650,647.5,TRUE
SP-10-D100x127-G1234.03,100,127,10,1100,1.27,10,0.423,1234.03,,2.619,685,690,687.5,TRUE
SP-10-D100x149-G263.34,100,149,10,1300,1.49,10,0.418,263.34,22.3,0.559,30,35,32.5,TRUE
SP-10-D100x149-G290.9,100,149,10,1300,1.49,10,0.418,290.9,,0.617,35,40,37.5,TRUE
SP-10-D100x149-G319.99,100,149,10,1300,1.49,10,0.418,319.99,,0.679,45,50,47.5,TRUE
SP-10-D100x149-G346.02,100,149,10,1300,1.49,10,0.418,346.02,,0.734,50,55,52.5,TRUE
SP-10-D100x149-G368.98,100,149,10,1300,1.49,10,0.418,368.98,,0.783,65,69,67,TRUE
SP-10-D100x149-G405.73,100,149,10,1300,1.49,10,0.418,405.73,,0.861,75,80,77.5,TRUE
SP-10-D100x149-G431.76,100,149,10,1300,1.49,10,0.418,431.76,,0.916,85,90,87.5,TRUE
SP-10-D100x149-G457.79,100,149,10,1300,1.49,10,0.418,457.79,,0.971,95,100,97.5,TRUE
SP-10-D100x149-G479.22,100,149,10,1300,1.49,10,0.418,479.22,,1.017,105,110,107.5,TRUE
SP-10-D100x149-G512.9,100,149,10,1300,1.49,10,0.418,512.9,,1.088,120,125,122.5,TRUE
SP-10-D100x149-G538.93,100,149,10,1300,1.49,10,0.418,538.93,,1.144,130,135,132.5,TRUE
SP-10-D100x149-G568.02,100,149,10,1300,1.49,10,0.418,568.02,,1.205,145,150,147.5,TRUE
SP-10-D100x149-G636.92,100,149,10,1300,1.49,10,0.418,636.92,23.5,1.352,160,165,162.5,TRUE
SP-10-D100x149-G666.01,100,149,10,1300,1.49,10,0.418,666.01,,1.413,175,180,177.5,TRUE
SP-10-D100x149-G678.26,100,149,10,1300,1.49,10,0.418,678.26,,1.439,190,195,192.5,TRUE
SP-10-D100x149-G707.35,100,149,10,1300,1.49,10,0.418,707.35,,1.501,215,220,217.5,TRUE
SP-10-D100x149-G737.97,100,149,10,1300,1.49,10,0.418,737.97,,1.566,225,230,227.5,TRUE
SP-10-D100x149-G760.93,100,149,10,1300,1.49,10,0.418,760.93,,1.615,245,250,247.5,TRUE
SP-10-D100x149-G774.71,100,149,10,1300,1.49,10,0.418,774.71,,1.644,260,265,262.5,TRUE
SP-10-D100x149-G812.99,100,149,10,1300,1.49,10,0.418,812.99,,1.725,280,285,282.5,TRUE
SP-10-D100x149-G837.49,100,149,10,1300,1.49,10,0.418,837.49,,1.777,300,305,302.5,TRUE
SP-10-D100x149-G872.7,100,149,10,1300,1.49,10,0.418,872.7,,1.852,325,330,327.5,TRUE
SP-10-D100x149-G892.61,100,149,10,1300,1.49,10,0.418,892.61,,1.894,345,350,347.5,TRUE
SP-10-D100x149-G909.45,100,149,10,1300,1.49,10,0.418,909.45,,1.93,365,370,367.5,TRUE
SP-10-D100x149-G926.29,100,149,10,1300,1.49,10,0.418,926.29,,1.966,385,390,387.5,TRUE
SP-10-D100x149-G959.97,100,149,10,1300,1.49,10,0.418,959.97,,2.037,405,410,407.5,TRUE
SP-10-D100x149-G976.81,100,149,10,1300,1.49,10,0.418,976.81,,2.073,435,440,437.5,TRUE
SP-10-D100x149-G998.25,100,149,10,1300,1.49,10,0.418,998.25,,2.118,455,460,457.5,TRUE
SP-10-D100x149-G1027.34,100,149,10,1300,1.49,10,0.418,1027.34,,2.18,485,490,487.5,TRUE
SP-10-D100x149-G1041.12,100,149,10,1300,1.49,10,0.418,1041.12,,2.209,505,510,507.5,TRUE
SP-10-D100x149-G1062.55,100,149,10,1300,1.49,10,0.418,1062.55,,2.255,525,530,527.5,TRUE
SP-10-D100x149-G1096.24,100,149,10,1300,1.49,10,0.418,1096.24,,2.326,565,570,567.5,TRUE
SP-10-D100x149-G1114.61,100,149,10,1300,1.49,10,0.418,1114.61,,2.365,585,590,587.5,TRUE
SP-10-D100x149-G1134.51,100,149,10,1300,1.49,10,0.418,1134.51,,2.408,605,610,607.5,TRUE
SP-10-D100x149-G1154.42,100,149,10,1300,1.49,10,0.418,1154.42,26.8,2.45,635,640,637.5,TRUE
SP-10-D100x149-G1171.26,100,149,10,1300,1.49,10,0.418,1171.26,,2.485,665,670,667.5,TRUE
SP-10-D100x171-G359.8,100,171,10,1500,1.71,10,0.415,359.8,,0.764,30,35,32.5,TRUE
SP-10-D100x171-G401.14,100,171,10,1500,1.71,10,0.415,401.14,,0.851,40,45,42.5,TRUE
SP-10-D100x171-G421.04,100,171,10,1500,1.71,10,0.415,421.04,,0.893,45,50,47.5,TRUE
SP-10-D100x171-G442.47,100,171,10,1500,1.71,10,0.415,442.47,,0.939,50,55,52.5,TRUE
SP-10-D100x171-G468.5,100,171,10,1500,1.71,10,0.415,468.5,,0.994,65,70,67.5,TRUE
SP-10-D100x171-G482.28,100,171,10,1500,1.71,10,0.415,482.28,,1.023,75,80,77.5,TRUE
SP-10-D100x171-G497.59,100,171,10,1500,1.71,10,0.415,497.59,,1.056,85,90,87.5,TRUE
SP-10-D100x171-G526.68,100,171,10,1500,1.71,10,0.415,526.68,,1.118,95,100,97.5,TRUE
SP-10-D100x171-G546.59,100,171,10,1500,1.71,10,0.415,546.59,,1.16,105,110,107.5,TRUE
SP-10-D100x171-G561.9,100,171,10,1500,1.71,10,0.415,561.9,,1.192,120,125,122.5,TRUE
SP-10-D100x171-G592.52,100,171,10,1500,1.71,10,0.415,592.52,,1.257,135,140,137.5,TRUE
SP-10-D100x171-G607.83,100,171,10,1500,1.71,10,0.415,607.83,,1.29,145,150,147.5,TRUE
SP-10-D100x171-G621.61,100,171,10,1500,1.71,10,0.415,621.61,,1.319,160,165,162.5,TRUE
SP-10-D100x171-G644.57,100,171,10,1500,1.71,10,0.415,644.57,,1.368,175,180,177.5,TRUE
SP-10-D100x171-G650.7,100,171,10,1500,1.71,10,0.415,650.7,,1.381,190,195,192.5,TRUE
SP-10-D100x171-G681.32,100,171,10,1500,1.71,10,0.415,681.32,,1.446,210,215,212.5,TRUE
SP-10-D100x171-G699.69,100,171,10,1500,1.71,10,0.415,699.69,,1.485,230,235,232.5,TRUE
SP-10-D100x171-G730.31,100,171,10,1500,1.71,10,0.415,730.31,,1.55,245,250,247.5,TRUE
SP-10-D100x171-G747.15,100,171,10,1500,1.71,10,0.415,747.15,,1.586,265,270,267.5,TRUE
SP-10-D100x171-G780.84,100,171,10,1500,1.71,10,0.415,780.84,,1.657,285,290,287.5,TRUE
SP-10-D100x171-G794.62,100,171,10,1500,1.71,10,0.415,794.62,,1.686,305,310,307.5,TRUE
SP-10-D100x171-G820.65,100,171,10,1500,1.71,10,0.415,820.65,,1.741,325,330,327.5,TRUE
SP-10-D100x171-G843.61,100,171,10,1500,1.71,10,0.415,843.61,,1.79,345,350,347.5,TRUE
SP-10-D100x171-G863.52,100,171,10,1500,1.71,10,0.415,863.52,,1.832,365,370,367.5,TRUE
SP-10-D100x171-G888.01,100,171,10,1500,1.71,10,0.415,888.01,,1.884,385,390,387.5,TRUE
SP-10-D100x171-G915.57,100,171,10,1500,1.71,10,0.415,915.57,,1.943,415,420,417.5,TRUE
SP-10-D100x171-G940.07,100,171,10,1500,1.71,10,0.415,940.07,,1.995,444,450,447,TRUE
SP-10-D100x171-G950.79,100,171,10,1500,1.71,10,0.415,950.79,,2.018,465,470,467.5,TRUE
SP-10-D100x171-G969.16,100,171,10,1500,1.71,10,0.415,969.16,,2.057,490,499,494.5,TRUE
SP-10-D100x171-G996.72,100,171,10,1500,1.71,10,0.415,996.72,,2.115,515,520,517.5,TRUE
SP-10-D100x171-G1018.15,100,171,10,1500,1.71,10,0.415,1018.15,,2.161,535,540,537.5,TRUE
SP-10-D100x171-G1053.37,100,171,10,1500,1.71,10,0.415,1053.37,,2.235,575,580,577.5,TRUE
SP-10-D100x171-G1061.02,100,171,10,1500,1.71,10,0.415,1061.02,,2.252,595,600,597.5,TRUE
SP-10-D100x171-G1071.74,100,171,10,1500,1.71,10,0.415,1071.74,,2.274,625,630,627.5,TRUE
SP-10-D100x171-G1091.64,100,171,10,1500,1.71,10,0.415,1091.64,,2.317,655,660,657.5,TRUE
SP-10-D100x171-G1120.73,100,171,10,1500,1.71,10,0.415,1120.73,,2.378,685,690,687.5,TRUE
SP-10-D100x195-G339.89,100,195,10,1700,1.95,10,0.419,339.89,,0.721,30,40,35,TRUE
SP-10-D100x195-G364.39,100,195,10,1700,1.95,10,0.419,364.39,,0.773,40,45,42.5,TRUE
SP-10-D100x195-G384.29,100,195,10,1700,1.95,10,0.419,384.29,,0.815,50,55,52.5,TRUE
SP-10-D100x195-G410.32,100,195,10,1700,1.95,10,0.419,410.32,,0.871,55,60,57.5,TRUE
SP-10-D100x195-G419.51,100,195,10,1700,1.95,10,0.419,419.51,,0.89,65,70,67.5,TRUE
SP-10-D100x195-G460.85,100,195,10,1700,1.95,10,0.419,460.85,,0.978,80,85,82.5,TRUE
SP-10-D100x195-G482.28,100,195,10,1700,1.95,10,0.419,482.28,,1.023,90,95,92.5,TRUE
SP-10-D100x195-G489.94,100,195,10,1700,1.95,10,0.419,489.94,,1.04,100,105,102.5,TRUE
SP-10-D100x195-G512.9,100,195,10,1700,1.95,10,0.419,512.9,,1.088,110,115,112.5,TRUE
SP-10-D100x195-G537.4,100,195,10,1700,1.95,10,0.419,537.4,,1.14,125,130,127.5,TRUE
SP-10-D100x195-G549.65,100,195,10,1700,1.95,10,0.419,549.65,,1.166,135,140,137.5,TRUE
SP-10-D100x195-G572.61,100,195,10,1700,1.95,10,0.419,572.61,,1.215,150,155,152.5,TRUE
SP-10-D100x195-G597.11,100,195,10,1700,1.95,10,0.419,597.11,,1.267,165,170,167.5,TRUE
SP-10-D100x195-G610.89,100,195,10,1700,1.95,10,0.419,610.89,,1.296,180,185,182.5,TRUE
SP-10-D100x195-G627.73,100,195,10,1700,1.95,10,0.419,627.73,,1.332,195,200,197.5,TRUE
SP-10-D100x195-G658.35,100,195,10,1700,1.95,10,0.419,658.35,,1.397,215,220,217.5,TRUE
SP-10-D100x195-G673.66,100,195,10,1700,1.95,10,0.419,673.66,,1.43,235,240,237.5,TRUE
SP-10-D100x195-G698.16,100,195,10,1700,1.95,10,0.419,698.16,,1.482,250,255,252.5,TRUE
SP-10-D100x195-G718.06,100,195,10,1700,1.95,10,0.419,718.06,,1.524,270,275,272.5,TRUE
SP-10-D100x195-G748.69,100,195,10,1700,1.95,10,0.419,748.69,,1.589,295,300,297.5,TRUE
SP-10-D100x195-G765.53,100,195,10,1700,1.95,10,0.419,765.53,,1.625,315,320,317.5,TRUE
SP-10-D100x195-G790.02,100,195,10,1700,1.95,10,0.419,790.02,,1.676,335,340,337.5,TRUE
SP-10-D100x195-G805.34,100,195,10,1700,1.95,10,0.419,805.34,,1.709,350,355,352.5,TRUE
SP-10-D100x195-G823.71,100,195,10,1700,1.95,10,0.419,823.71,,1.748,379,385,382,TRUE
SP-10-D100x195-G851.27,100,195,10,1700,1.95,10,0.419,851.27,,1.806,395,400,397.5,TRUE
SP-10-D100x195-G884.95,100,195,10,1700,1.95,10,0.419,884.95,,1.878,425,430,427.5,TRUE
SP-10-D100x195-G901.79,100,195,10,1700,1.95,10,0.419,901.79,,1.914,455,460,457.5,TRUE
SP-10-D100x195-G920.16,100,195,10,1700,1.95,10,0.419,920.16,,1.953,475,480,477.5,TRUE
SP-10-D100x195-G930.88,100,195,10,1700,1.95,10,0.419,930.88,,1.975,495,500,497.5,TRUE
SP-10-D100x195-G964.56,100,195,10,1700,1.95,10,0.419,964.56,,2.047,525,530,527.5,TRUE
SP-10-D100x214-G252.62,100,214,10,1900,2.14,10,0.408,252.62,24.3,0.536,40,45,42.5,TRUE
SP-10-D100x214-G281.71,100,214,10,1900,2.14,10,0.408,281.71,,0.598,50,55,52.5,TRUE
SP-10-D100x214-G274.06,100,214,10,1900,2.14,10,0.408,274.06,,0.582,45,51,48,TRUE
SP-10-D100x214-G298.56,100,214,10,1900,2.14,10,0.408,298.56,,0.634,55,60,57.5,TRUE
SP-10-D100x214-G324.58,100,214,10,1900,2.14,10,0.408,324.58,,0.689,65,70,67.5,TRUE
SP-10-D100x214-G342.96,100,214,10,1900,2.14,10,0.408,342.96,,0.728,80,85,82.5,TRUE
SP-10-D100x214-G365.92,100,214,10,1900,2.14,10,0.408,365.92,,0.777,90,95,92.5,TRUE
SP-10-D100x214-G388.89,100,214,10,1900,2.14,10,0.408,388.89,,0.825,100,105,102.5,TRUE
SP-10-D100x214-G413.38,100,214,10,1900,2.14,10,0.408,413.38,,0.877,110,115,112.5,TRUE
SP-10-D100x214-G436.35,100,214,10,1900,2.14,10,0.408,436.35,,0.926,120,125,122.5,TRUE
SP-10-D100x214-G460.85,100,214,10,1900,2.14,10,0.408,460.85,,0.978,135,140,137.5,TRUE
SP-10-D100x214-G480.75,100,214,10,1900,2.14,10,0.408,480.75,,1.02,150,155,152.5,TRUE
SP-10-D100x214-G503.72,100,214,10,1900,2.14,10,0.408,503.72,,1.069,165,170,167.5,TRUE
SP-10-D100x214-G529.75,100,214,10,1900,2.14,10,0.408,529.75,,1.124,180,185,182.5,TRUE
SP-10-D100x214-G551.18,100,214,10,1900,2.14,10,0.408,551.18,,1.17,200,205,202.5,TRUE
SP-10-D100x214-G561.9,100,214,10,1900,2.14,10,0.408,561.9,,1.192,215,220,217.5,TRUE
SP-10-D100x214-G590.99,100,214,10,1900,2.14,10,0.408,590.99,,1.254,235,240,237.5,TRUE
SP-10-D100x214-G623.14,100,214,10,1900,2.14,10,0.408,623.14,,1.322,255,260,257.5,TRUE
SP-10-D100x214-G636.92,100,214,10,1900,2.14,10,0.408,636.92,,1.352,270,275,272.5,TRUE
SP-10-D100x214-G652.23,100,214,10,1900,2.14,10,0.408,652.23,,1.384,275,280,277.5,TRUE
SP-10-D100x214-G682.85,100,214,10,1900,2.14,10,0.408,682.85,,1.449,315,320,317.5,TRUE
SP-10-D100x214-G695.1,100,214,10,1900,2.14,10,0.408,695.1,,1.475,335,340,337.5,TRUE
SP-10-D100x214-G716.53,100,214,10,1900,2.14,10,0.408,716.53,,1.521,355,360,357.5,TRUE
SP-10-D100x214-G739.5,100,214,10,1900,2.14,10,0.408,739.5,,1.569,385,390,387.5,TRUE
SP-10-D100x214-G765.53,100,214,10,1900,2.14,10,0.408,765.53,,1.625,400,405,402.5,TRUE
SP-10-D100x214-G786.96,100,214,10,1900,2.14,10,0.408,786.96,,1.67,425,430,427.5,TRUE
SP-10-D100x214-G797.68,100,214,10,1900,2.14,10,0.408,797.68,,1.693,455,460,457.5,TRUE
SP-10-D100x214-G817.58,100,214,10,1900,2.14,10,0.408,817.58,,1.735,475,482,478.5,TRUE
SP-10-D100x214-G834.43,100,214,10,1900,2.14,10,0.408,834.43,,1.771,505,510,507.5,TRUE
SP-10-D100x214-G855.86,100,214,10,1900,2.14,10,0.408,855.86,,1.816,535,540,537.5,TRUE
SP-10-D100x214-G869.64,100,214,10,1900,2.14,10,0.408,869.64,,1.845,555,560,557.5,TRUE
SP-10-D100x214-G903.32,100,214,10,1900,2.14,10,0.408,903.32,,1.917,595,600,597.5,TRUE
SP-10-D100x214-G909.45,100,214,10,1900,2.14,10,0.408,909.45,,1.93,615,620,617.5,TRUE
SP-10-D100x214-G929.35,100,214,10,1900,2.14,10,0.408,929.35,,1.972,645,650,647.5,TRUE
SP-10-D100x214-G952.32,100,214,10,1900,2.14,10,0.408,952.32,,2.021,675,680,677.5,TRUE
SP-42-D100x157-G502.19,100,157,42,12,1.57,2.380952381,0.622,502.19,24.5,1.066,20,25,22.5,TRUE
SP-42-D100x157-G548.12,100,157,42,15,1.57,2.380952381,0.528,548.12,,1.163,25,30,27.5,TRUE
SP-42-D100x157-G598.64,100,157,42,15,1.57,2.380952381,0.528,598.64,,1.27,30,35,32.5,TRUE
SP-42-D100x157-G649.17,100,157,42,15,1.57,2.380952381,0.528,649.17,,1.378,35,40,37.5,TRUE
SP-42-D100x157-G698.16,100,157,42,15,1.57,2.380952381,0.528,698.16,,1.482,40,45,42.5,TRUE
SP-42-D100x157-G747.15,100,157,42,15,1.57,2.380952381,0.528,747.15,,1.586,50,55,52.5,TRUE
SP-42-D100x157-G796.15,100,157,42,15,1.57,2.380952381,0.528,796.15,,1.689,60,65,62.5,TRUE
SP-42-D100x157-G840.55,100,157,42,15,1.57,2.380952381,0.528,840.55,,1.784,65,70,67.5,TRUE
SP-42-D100x157-G889.54,100,157,42,15,1.57,2.380952381,0.528,889.54,,1.888,70,75,72.5,TRUE
SP-42-D100x157-G932.41,100,157,42,15,1.57,2.380952381,0.528,932.41,,1.979,80,85,82.5,TRUE
SP-42-D100x157-G979.88,100,157,42,15,1.57,2.380952381,0.528,979.88,,2.079,90,95,92.5,TRUE
SP-42-D100x157-G1013.56,100,157,42,15,1.57,2.380952381,0.528,1013.56,,2.151,100,105,102.5,TRUE
SP-42-D100x157-G1057.96,100,157,42,15,1.57,2.380952381,0.528,1057.96,,2.245,110,115,112.5,TRUE
SP-42-D100x157-G1071.74,100,157,42,15,1.57,2.380952381,0.528,1071.74,24.6,2.274,145,150,147.5,TRUE
SP-42-D100x157-G1090.11,100,157,42,15,1.57,2.380952381,0.528,1090.11,,2.313,155,160,157.5,TRUE
SP-42-D100x157-G1103.89,100,157,42,15,1.57,2.380952381,0.528,1103.89,,2.343,166,172,169,TRUE
SP-42-D100x157-G1116.14,100,157,42,15,1.57,2.380952381,0.528,1116.14,,2.369,180,185,182.5,TRUE
SP-42-D100x157-G1132.98,100,157,42,15,1.57,2.380952381,0.528,1132.98,,2.404,190,195,192.5,TRUE
SP-42-D100x157-G1146.76,100,157,42,15,1.57,2.380952381,0.528,1146.76,,2.434,205,210,207.5,TRUE
SP-42-D100x157-G1181.97,100,157,42,15,1.57,2.380952381,0.528,1181.97,,2.508,220,225,222.5,TRUE
SP-42-D100x157-G1206.47,100,157,42,15,1.57,2.380952381,0.528,1206.47,,2.56,235,240,237.5,TRUE
SP-42-D100x157-G1218.72,100,157,42,15,1.57,2.380952381,0.528,1218.72,,2.586,245,250,247.5,TRUE
SP-42-D100x157-G1235.56,100,157,42,15,1.57,2.380952381,0.528,1235.56,,2.622,265,270,267.5,TRUE
SP-42-D100x157-G1243.22,100,157,42,15,1.57,2.380952381,0.528,1243.22,,2.638,280,285,282.5,TRUE
SP-42-D100x157-G1255.47,100,157,42,15,1.57,2.380952381,0.528,1255.47,,2.664,290,295,292.5,TRUE
SP-42-D100x157-G1266.18,100,157,42,15,1.57,2.380952381,0.528,1266.18,,2.687,305,310,307.5,TRUE
SP-42-D100x157-G1283.02,100,157,42,15,1.57,2.380952381,0.528,1283.02,,2.723,325,330,327.5,TRUE
SP-42-D100x157-G1290.68,100,157,42,15,1.57,2.380952381,0.528,1290.68,,2.739,335,340,337.5,TRUE
SP-42-D100x157-G1304.46,100,157,42,15,1.57,2.380952381,0.528,1304.46,,2.768,355,360,357.5,TRUE
SP-42-D100x255-G526.68,100,255,42,25,2.55,2.380952381,0.516,526.68,,1.118,25,30,27.5,TRUE
SP-42-D100x255-G575.68,100,255,42,25,2.55,2.380952381,0.516,575.68,,1.222,30,35,32.5,TRUE
SP-42-D100x255-G598.64,100,255,42,25,2.55,2.380952381,0.516,598.64,,1.27,35,40,37.5,TRUE
SP-42-D100x255-G649.17,100,255,42,25,2.55,2.380952381,0.516,649.17,,1.378,40,45,42.5,TRUE
SP-42-D100x255-G688.97,100,255,42,25,2.55,2.380952381,0.516,688.97,,1.462,50,55,52.5,TRUE
SP-42-D100x255-G730.31,100,255,42,25,2.55,2.380952381,0.516,730.31,,1.55,55,60,57.5,TRUE
SP-42-D100x255-G774.71,100,255,42,25,2.55,2.380952381,0.516,774.71,,1.644,65,70,67.5,TRUE
SP-42-D100x255-G823.71,100,255,42,25,2.55,2.380952381,0.516,823.71,,1.748,75,80,77.5,TRUE
SP-42-D100x255-G854.33,100,255,42,25,2.55,2.380952381,0.516,854.33,,1.813,80,85,82.5,TRUE
SP-42-D100x255-G898.73,100,255,42,25,2.55,2.380952381,0.516,898.73,,1.907,90,95,92.5,TRUE
SP-42-D100x255-G940.07,100,255,42,25,2.55,2.380952381,0.516,940.07,,1.995,100,105,102.5,TRUE
SP-42-D100x255-G976.81,100,255,42,25,2.55,2.380952381,0.516,976.81,,2.073,110,115,112.5,TRUE
SP-42-D100x255-G1022.74,100,255,42,25,2.55,2.380952381,0.516,1022.74,,2.17,125,130,127.5,TRUE
SP-42-D100x255-G1053.37,100,255,42,25,2.55,2.380952381,0.516,1053.37,,2.235,135,140,137.5,TRUE
SP-42-D100x255-G1094.7,100,255,42,25,2.55,2.380952381,0.516,1094.7,,2.323,145,150,147.5,TRUE
SP-42-D100x255-G1117.67,100,255,42,25,2.55,2.380952381,0.516,1117.67,,2.372,155,160,157.5,TRUE
SP-42-D100x255-G1175.85,100,255,42,25,2.55,2.380952381,0.516,1175.85,,2.495,175,180,177.5,TRUE
SP-42-D100x255-G1218.72,100,255,42,25,2.55,2.380952381,0.516,1218.72,,2.586,185,190,187.5,TRUE
SP-42-D100x255-G1243.22,100,255,42,25,2.55,2.380952381,0.516,1243.22,,2.638,200,205,202.5,TRUE
SP-42-D100x255-G1286.09,100,255,42,25,2.55,2.380952381,0.516,1286.09,,2.729,215,220,217.5,TRUE
SP-42-D100x255-G1330.49,100,255,42,25,2.55,2.380952381,0.516,1330.49,,2.823,230,235,232.5,TRUE
SP-42-D100x255-G1379.48,100,255,42,25,2.55,2.380952381,0.516,1379.48,,2.927,245,250,247.5,TRUE
SP-42-D100x255-G1414.69,100,255,42,25,2.55,2.380952381,0.516,1414.69,,3.002,265,270,267.5,TRUE
SP-42-D100x255-G1454.5,100,255,42,25,2.55,2.380952381,0.516,1454.5,,3.087,285,290,287.5,TRUE
SP-42-D100x255-G1486.65,100,255,42,25,2.55,2.380952381,0.516,1486.65,,3.155,295,300,297.5,TRUE
SP-42-D100x255-G1534.12,100,255,42,25,2.55,2.380952381,0.516,1534.12,,3.255,315,320,317.5,TRUE
SP-42-D100x255-G1573.92,100,255,42,25,2.55,2.380952381,0.516,1573.92,,3.34,335,340,337.5,TRUE
SP-42-D100x255-G1612.2,100,255,42,25,2.55,2.380952381,0.516,1612.2,,3.421,355,360,357.5,TRUE
SP-42-D100x255-G1642.82,100,255,42,25,2.55,2.380952381,0.516,1642.82,,3.486,365,370,367.5,TRUE
SP-42-D100x255-G1690.28,100,255,42,25,2.55,2.380952381,0.516,1690.28,,3.587,395,400,397.5,TRUE
SP-42-D100x255-G1717.84,100,255,42,25,2.55,2.380952381,0.516,1717.84,,3.645,415,420,417.5,TRUE
SP-42-D100x355-G502.19,100,355,42,35,3.55,2.380952381,0.513,502.19,,1.066,25,30,27.5,TRUE
SP-42-D100x355-G555.77,100,355,42,35,3.55,2.380952381,0.513,555.77,,1.179,30,35,32.5,TRUE
SP-42-D100x355-G590.99,100,355,42,35,3.55,2.380952381,0.513,590.99,,1.254,35,40,37.5,TRUE
SP-42-D100x355-G617.02,100,355,42,35,3.55,2.380952381,0.513,617.02,,1.309,40,45,42.5,TRUE
SP-42-D100x355-G667.54,100,355,42,35,3.55,2.380952381,0.513,667.54,,1.417,50,55,52.5,TRUE
SP-42-D100x355-G708.88,100,355,42,35,3.55,2.380952381,0.513,708.88,,1.504,60,65,62.5,TRUE
SP-42-D100x355-G742.56,100,355,42,35,3.55,2.380952381,0.513,742.56,,1.576,70,75,72.5,TRUE
SP-42-D100x355-G780.84,100,355,42,35,3.55,2.380952381,0.513,780.84,,1.657,80,85,82.5,TRUE
SP-42-D100x355-G822.18,100,355,42,35,3.55,2.380952381,0.513,822.18,,1.745,90,95,92.5,TRUE
SP-42-D100x355-G869.64,100,355,42,35,3.55,2.380952381,0.513,869.64,,1.845,100,105,102.5,TRUE
SP-42-D100x355-G909.45,100,355,42,35,3.55,2.380952381,0.513,909.45,,1.93,110,115,112.5,TRUE
SP-42-D100x355-G946.19,100,355,42,35,3.55,2.380952381,0.513,946.19,,2.008,120,125,122.5,TRUE
SP-42-D100x355-G973.75,100,355,42,35,3.55,2.380952381,0.513,973.75,,2.066,135,140,137.5,TRUE
SP-42-D100x355-G1016.62,100,355,42,35,3.55,2.380952381,0.513,1016.62,,2.157,145,150,147.5,TRUE
SP-42-D100x355-G1053.37,100,355,42,35,3.55,2.380952381,0.513,1053.37,,2.235,160,165,162.5,TRUE
SP-42-D100x355-G1099.3,100,355,42,35,3.55,2.380952381,0.513,1099.3,,2.333,170,175,172.5,TRUE
SP-42-D100x355-G1132.98,100,355,42,35,3.55,2.380952381,0.513,1132.98,,2.404,185,190,187.5,TRUE
SP-42-D100x355-G1162.07,100,355,42,35,3.55,2.380952381,0.513,1162.07,,2.466,200,205,202.5,TRUE
SP-42-D100x355-G1201.88,100,355,42,35,3.55,2.380952381,0.513,1201.88,,2.55,215,220,217.5,TRUE
SP-42-D100x355-G1235.56,100,355,42,35,3.55,2.380952381,0.513,1235.56,,2.622,235,240,237.5,TRUE
SP-42-D100x355-G1284.56,100,355,42,35,3.55,2.380952381,0.513,1284.56,,2.726,250,255,252.5,TRUE
SP-42-D100x355-G1327.42,100,355,42,35,3.55,2.380952381,0.513,1327.42,,2.817,265,270,267.5,TRUE
SP-42-D100x355-G1356.51,100,355,42,35,3.55,2.380952381,0.513,1356.51,,2.879,285,290,287.5,TRUE
SP-42-D100x355-G1408.57,100,355,42,35,3.55,2.380952381,0.513,1408.57,,2.989,305,310,307.5,TRUE
SP-42-D100x355-G1437.66,100,355,42,35,3.55,2.380952381,0.513,1437.66,,3.051,320,325,322.5,TRUE
SP-42-D100x355-G1486.65,100,355,42,35,3.55,2.380952381,0.513,1486.65,,3.155,345,350,347.5,TRUE
SP-42-D100x355-G1518.81,100,355,42,35,3.55,2.380952381,0.513,1518.81,,3.223,355,360,357.5,TRUE
SP-42-D100x355-G1569.33,100,355,42,35,3.55,2.380952381,0.513,1569.33,,3.33,375,380,377.5,TRUE
SP-42-D100x355-G1593.83,100,355,42,35,3.55,2.380952381,0.513,1593.83,,3.382,395,400,397.5,TRUE
SP-42-D100x355-G1641.29,100,355,42,35,3.55,2.380952381,0.513,1641.29,,3.483,425,430,427.5,TRUE
SP-42-D100x355-G1661.19,100,355,42,35,3.55,2.380952381,0.513,1661.19,,3.525,445,450,447.5,TRUE
SP-42-D100x448-G493,100,448,42,45,4.48,2.380952381,0.504,493,,1.046,30,35,32.5,TRUE
SP-42-D100x448-G520.56,100,448,42,45,4.48,2.380952381,0.504,520.56,,1.105,35,40,37.5,TRUE
SP-42-D100x448-G566.49,100,448,42,45,4.48,2.380952381,0.504,566.49,,1.202,40,45,42.5,TRUE
SP-42-D100x448-G595.58,100,448,42,45,4.48,2.380952381,0.504,595.58,,1.264,45,50,47.5,TRUE
SP-42-D100x448-G633.86,100,448,42,45,4.48,2.380952381,0.504,633.86,,1.345,55,60,57.5,TRUE
SP-42-D100x448-G666.01,100,448,42,45,4.48,2.380952381,0.504,666.01,,1.413,65,70,67.5,TRUE
SP-42-D100x448-G702.75,100,448,42,45,4.48,2.380952381,0.504,702.75,,1.491,70,75,72.5,TRUE
SP-42-D100x448-G739.5,100,448,42,45,4.48,2.380952381,0.504,739.5,,1.569,80,85,82.5,TRUE
SP-42-D100x448-G785.43,100,448,42,45,4.48,2.380952381,0.504,785.43,,1.667,90,95,92.5,TRUE
SP-42-D100x448-G823.71,100,448,42,45,4.48,2.380952381,0.504,823.71,,1.748,100,105,102.5,TRUE
SP-42-D100x448-G866.58,100,448,42,45,4.48,2.380952381,0.504,866.58,,1.839,110,115,112.5,TRUE
SP-42-D100x448-G901.79,100,448,42,45,4.48,2.380952381,0.504,901.79,,1.914,125,130,127.5,TRUE
SP-42-D100x448-G938.54,100,448,42,45,4.48,2.380952381,0.504,938.54,,1.992,140,145,142.5,TRUE
SP-42-D100x448-G967.63,100,448,42,45,4.48,2.380952381,0.504,967.63,,2.053,150,155,152.5,TRUE
SP-42-D100x448-G1008.97,100,448,42,45,4.48,2.380952381,0.504,1008.97,,2.141,160,165,162.5,TRUE
SP-42-D100x448-G1042.65,100,448,42,45,4.48,2.380952381,0.504,1042.65,,2.213,180,185,182.5,TRUE
SP-42-D100x448-G1085.52,100,448,42,45,4.48,2.380952381,0.504,1085.52,,2.304,195,200,197.5,TRUE
SP-42-D100x448-G1114.61,100,448,42,45,4.48,2.380952381,0.504,1114.61,,2.365,210,215,212.5,TRUE
SP-42-D100x448-G1152.88,100,448,42,45,4.48,2.380952381,0.504,1152.88,,2.446,225,230,227.5,TRUE
SP-42-D100x448-G1197.29,100,448,42,45,4.48,2.380952381,0.504,1197.29,,2.541,245,250,247.5,TRUE
SP-42-D100x448-G1227.91,100,448,42,45,4.48,2.380952381,0.504,1227.91,,2.606,260,265,262.5,TRUE
SP-42-D100x448-G1266.18,100,448,42,45,4.48,2.380952381,0.504,1266.18,,2.687,275,280,277.5,TRUE
SP-42-D100x448-G1302.93,100,448,42,45,4.48,2.380952381,0.504,1302.93,,2.765,295,300,297.5,TRUE
SP-42-D100x448-G1344.27,100,448,42,45,4.48,2.380952381,0.504,1344.27,,2.853,315,320,317.5,TRUE
SP-42-D100x448-G1374.89,100,448,42,45,4.48,2.380952381,0.504,1374.89,,2.918,330,335,332.5,TRUE
SP-42-D100x448-G1422.35,100,448,42,45,4.48,2.380952381,0.504,1422.35,,3.018,350,355,352.5,TRUE
SP-42-D100x448-G1454.5,100,448,42,45,4.48,2.380952381,0.504,1454.5,,3.087,375,380,377.5,TRUE
SP-42-D100x448-G1506.56,100,448,42,45,4.48,2.380952381,0.504,1506.56,,3.197,395,400,397.5,TRUE
SP-42-D100x448-G1538.71,100,448,42,45,4.48,2.380952381,0.504,1538.71,,3.265,415,420,417.5,TRUE
SP-42-D100x448-G1570.86,100,448,42,45,4.48,2.380952381,0.504,1570.86,,3.333,435,440,437.5,TRUE
SP-42-D100x448-G1615.26,100,448,42,45,4.48,2.380952381,0.504,1615.26,,3.428,455,460,457.5,TRUE
SP-42-D100x448-G1662.73,100,448,42,45,4.48,2.380952381,0.504,1662.73,,3.528,485,490,487.5,TRUE
SP-42-D100x448-G1681.1,100,448,42,45,4.48,2.380952381,0.504,1681.1,,3.567,505,510,507.5,TRUE
SP-42-D100x529-G384.29,100,529,42,55,5.29,2.380952381,0.486,384.29,,0.815,25,35,30,TRUE
SP-42-D100x529-G425.63,100,529,42,55,5.29,2.380952381,0.486,425.63,,0.903,30,35,32.5,TRUE
SP-42-D100x529-G463.91,100,529,42,55,5.29,2.380952381,0.486,463.91,,0.984,35,40,37.5,TRUE
SP-42-D100x529-G497.59,100,529,42,55,5.29,2.380952381,0.486,497.59,,1.056,40,50,45,TRUE
SP-42-D100x529-G535.87,100,529,42,55,5.29,2.380952381,0.486,535.87,,1.137,50,60,55,TRUE
SP-42-D100x529-G577.21,100,529,42,55,5.29,2.380952381,0.486,577.21,,1.225,60,70,65,TRUE
SP-42-D100x529-G615.48,100,529,42,55,5.29,2.380952381,0.486,615.48,,1.306,70,75,72.5,TRUE
SP-42-D100x529-G650.7,100,529,42,55,5.29,2.380952381,0.486,650.7,,1.381,80,85,82.5,TRUE
SP-42-D100x529-G690.51,100,529,42,55,5.29,2.380952381,0.486,690.51,,1.465,90,95,92.5,TRUE
SP-42-D100x529-G730.31,100,529,42,55,5.29,2.380952381,0.486,730.31,,1.55,100,105,102.5,TRUE
SP-42-D100x529-G760.93,100,529,42,55,5.29,2.380952381,0.486,760.93,,1.615,110,115,112.5,TRUE
SP-42-D100x529-G802.27,100,529,42,55,5.29,2.380952381,0.486,802.27,,1.702,125,130,127.5,TRUE
SP-42-D100x529-G845.14,100,529,42,55,5.29,2.380952381,0.486,845.14,,1.793,135,140,137.5,TRUE
SP-42-D100x529-G877.29,100,529,42,55,5.29,2.380952381,0.486,877.29,,1.862,150,155,152.5,TRUE
SP-42-D100x529-G914.04,100,529,42,55,5.29,2.380952381,0.486,914.04,,1.94,160,166,163,TRUE
SP-42-D100x529-G946.19,100,529,42,55,5.29,2.380952381,0.486,946.19,,2.008,175,180,177.5,TRUE
SP-42-D100x529-G992.12,100,529,42,55,5.29,2.380952381,0.486,992.12,,2.105,195,200,197.5,TRUE
SP-42-D100x529-G1028.87,100,529,42,55,5.29,2.380952381,0.486,1028.87,,2.183,205,210,207.5,TRUE
SP-42-D100x529-G1048.77,100,529,42,55,5.29,2.380952381,0.486,1048.77,,2.226,225,230,227.5,TRUE
SP-42-D100x529-G1077.86,100,529,42,55,5.29,2.380952381,0.486,1077.86,,2.287,240,245,242.5,TRUE
SP-42-D100x529-G1111.55,100,529,42,55,5.29,2.380952381,0.486,1111.55,,2.359,255,260,257.5,TRUE
SP-42-D100x529-G1154.42,100,529,42,55,5.29,2.380952381,0.486,1154.42,,2.45,275,280,277.5,TRUE
SP-42-D100x529-G1185.04,100,529,42,55,5.29,2.380952381,0.486,1185.04,,2.515,290,295,292.5,TRUE
SP-42-D100x529-G1218.72,100,529,42,55,5.29,2.380952381,0.486,1218.72,,2.586,315,320,317.5,TRUE
SP-42-D100x529-G1252.4,100,529,42,55,5.29,2.380952381,0.486,1252.4,,2.658,330,335,332.5,TRUE
SP-42-D100x529-G1292.21,100,529,42,55,5.29,2.380952381,0.486,1292.21,,2.742,355,360,357.5,TRUE
SP-42-D100x529-G1322.83,100,529,42,55,5.29,2.380952381,0.486,1322.83,,2.807,375,380,377.5,TRUE
SP-42-D100x529-G1374.89,100,529,42,55,5.29,2.380952381,0.486,1374.89,,2.918,395,400,397.5,TRUE
SP-42-D100x529-G1405.51,100,529,42,55,5.29,2.380952381,0.486,1405.51,,2.983,415,420,417.5,TRUE
SP-42-D100x529-G1436.13,100,529,42,55,5.29,2.380952381,0.486,1436.13,,3.048,435,440,437.5,TRUE
SP-42-D100x529-G1462.16,100,529,42,55,5.29,2.380952381,0.486,1462.16,,3.103,455,460,457.5,TRUE
SP-42-D100x529-G1520.34,100,529,42,55,5.29,2.380952381,0.486,1520.34,,3.226,485,490,487.5,TRUE
SP-42-D100x529-G1541.77,100,529,42,55,5.29,2.380952381,0.486,1541.77,,3.272,505,510,507.5,TRUE
SP-42-D100x529-G1576.99,100,529,42,55,5.29,2.380952381,0.486,1576.99,,3.346,525,530,527.5,TRUE
SP-42-D100x638-G367.45,100,638,42,66,6.38,2.380952381,0.489,367.45,25.1,0.78,20,25,22.5,TRUE
SP-42-D100x638-G401.14,100,638,42,66,6.38,2.380952381,0.489,401.14,,0.851,25,30,27.5,TRUE
SP-42-D100x638-G522.09,100,638,42,66,6.38,2.380952381,0.489,522.09,,1.108,40,50,45,TRUE
SP-42-D100x638-G554.24,100,638,42,66,6.38,2.380952381,0.489,554.24,,1.176,50,55,52.5,TRUE
SP-42-D100x638-G587.93,100,638,42,66,6.38,2.380952381,0.489,587.93,,1.248,60,65,62.5,TRUE
SP-42-D100x638-G618.55,100,638,42,66,6.38,2.380952381,0.489,618.55,,1.313,65,70,67.5,TRUE
SP-42-D100x638-G636.92,100,638,42,66,6.38,2.380952381,0.489,636.92,,1.352,70,75,72.5,TRUE
SP-42-D100x638-G669.07,100,638,42,66,6.38,2.380952381,0.489,669.07,,1.42,80,85,82.5,TRUE
SP-42-D100x638-G713.47,100,638,42,66,6.38,2.380952381,0.489,713.47,,1.514,90,95,92.5,TRUE
SP-42-D100x638-G741.03,100,638,42,66,6.38,2.380952381,0.489,741.03,,1.573,100,105,102.5,TRUE
SP-42-D100x638-G779.31,100,638,42,66,6.38,2.380952381,0.489,779.31,,1.654,115,120,117.5,TRUE
SP-42-D100x638-G817.58,100,638,42,66,6.38,2.380952381,0.489,817.58,,1.735,130,135,132.5,TRUE
SP-42-D100x638-G849.74,100,638,42,66,6.38,2.380952381,0.489,849.74,,1.803,140,145,142.5,TRUE
SP-42-D100x638-G880.36,100,638,42,66,6.38,2.380952381,0.489,880.36,,1.868,150,155,152.5,TRUE
SP-42-D100x638-G914.04,100,638,42,66,6.38,2.380952381,0.489,914.04,,1.94,165,170,167.5,TRUE
SP-42-D100x638-G950.79,100,638,42,66,6.38,2.380952381,0.489,950.79,,2.018,180,185,182.5,TRUE
SP-42-D100x638-G986,100,638,42,66,6.38,2.380952381,0.489,986,,2.092,195,200,197.5,TRUE
SP-42-D100x638-G1016.62,100,638,42,66,6.38,2.380952381,0.489,1016.62,,2.157,215,220,217.5,TRUE
SP-42-D100x638-G1054.9,100,638,42,66,6.38,2.380952381,0.489,1054.9,,2.239,230,235,232.5,TRUE
SP-42-D100x638-G1080.92,100,638,42,66,6.38,2.380952381,0.489,1080.92,,2.294,245,250,247.5,TRUE
SP-42-D100x638-G1116.14,100,638,42,66,6.38,2.380952381,0.489,1116.14,,2.369,265,270,267.5,TRUE
SP-42-D100x638-G1140.64,100,638,42,66,6.38,2.380952381,0.489,1140.64,,2.421,285,290,287.5,TRUE
SP-42-D100x638-G1168.2,100,638,42,66,6.38,2.380952381,0.489,1168.2,,2.479,295,300,297.5,TRUE
SP-42-D100x638-G1204.94,100,638,42,66,6.38,2.380952381,0.489,1204.94,,2.557,325,330,327.5,TRUE
SP-42-D100x638-G1235.56,100,638,42,66,6.38,2.380952381,0.489,1235.56,,2.622,335,340,337.5,TRUE
SP-42-D100x638-G1273.84,100,638,42,66,6.38,2.380952381,0.489,1273.84,,2.703,355,360,357.5,TRUE
SP-42-D100x638-G1305.99,100,638,42,66,6.38,2.380952381,0.489,1305.99,,2.771,385,390,387.5,TRUE
SP-42-D100x638-G1339.67,100,638,42,66,6.38,2.380952381,0.489,1339.67,,2.843,395,400,397.5,TRUE
SP-42-D100x638-G1373.36,100,638,42,66,6.38,2.380952381,0.489,1373.36,,2.914,425,430,427.5,TRUE
SP-42-D100x638-G1405.51,100,638,42,66,6.38,2.380952381,0.489,1405.51,,2.983,445,450,447.5,TRUE
SP-42-D100x638-G1440.72,100,638,42,66,6.38,2.380952381,0.489,1440.72,,3.057,465,470,467.5,TRUE
SP-42-D100x638-G1503.5,100,638,42,66,6.38,2.380952381,0.489,1503.5,,3.191,495,500,497.5,TRUE
SP-7.5-D100x125-G260.28,100,125,7.5,2000,1.25,13.33333333,0.55,260.28,25.9,0.552,15,25,20,TRUE
SP-7.5-D100x125-G287.84,100,125,7.5,2000,1.25,13.33333333,0.55,287.84,,0.611,20,30,25,TRUE
SP-7.5-D100x125-G316.93,100,125,7.5,2000,1.25,13.33333333,0.55,316.93,,0.673,30,35,32.5,TRUE
SP-7.5-D100x125-G448.6,100,125,7.5,2000,1.25,13.33333333,0.55,448.6,,0.952,55,60,57.5,TRUE
SP-7.5-D100x125-G477.69,100,125,7.5,2000,1.25,13.33333333,0.55,477.69,,1.014,60,70,65,TRUE
SP-7.5-D100x125-G494.53,100,125,7.5,2000,1.25,13.33333333,0.55,494.53,,1.049,70,75,72.5,TRUE
SP-7.5-D100x125-G522.09,100,125,7.5,2000,1.25,13.33333333,0.55,522.09,,1.108,80,85,82.5,TRUE
SP-7.5-D100x125-G543.52,100,125,7.5,2000,1.25,13.33333333,0.55,543.52,,1.153,90,95,92.5,TRUE
SP-7.5-D100x125-G566.49,100,125,7.5,2000,1.25,13.33333333,0.55,566.49,,1.202,105,110,107.5,TRUE
SP-7.5-D100x125-G583.33,100,125,7.5,2000,1.25,13.33333333,0.55,583.33,,1.238,120,125,122.5,TRUE
SP-7.5-D100x125-G603.24,100,125,7.5,2000,1.25,13.33333333,0.55,603.24,,1.28,130,135,132.5,TRUE
SP-7.5-D100x125-G620.08,100,125,7.5,2000,1.25,13.33333333,0.55,620.08,,1.316,140,145,142.5,TRUE
SP-7.5-D100x125-G643.04,100,125,7.5,2000,1.25,13.33333333,0.55,643.04,,1.365,155,160,157.5,TRUE
SP-7.5-D100x125-G662.95,100,125,7.5,2000,1.25,13.33333333,0.55,662.95,,1.407,175,180,177.5,TRUE
SP-7.5-D100x125-G679.79,100,125,7.5,2000,1.25,13.33333333,0.55,679.79,,1.443,190,195,192.5,TRUE
SP-7.5-D100x125-G711.94,100,125,7.5,2000,1.25,13.33333333,0.55,711.94,,1.511,205,210,207.5,TRUE
SP-7.5-D100x125-G734.91,100,125,7.5,2000,1.25,13.33333333,0.55,734.91,,1.56,225,230,227.5,TRUE
SP-7.5-D100x125-G754.81,100,125,7.5,2000,1.25,13.33333333,0.55,754.81,,1.602,245,250,247.5,TRUE
SP-7.5-D100x125-G791.56,100,125,7.5,2000,1.25,13.33333333,0.55,791.56,,1.68,260,265,262.5,TRUE
SP-7.5-D100x125-G805.34,100,125,7.5,2000,1.25,13.33333333,0.55,805.34,,1.709,280,285,282.5,TRUE
SP-7.5-D100x125-G834.43,100,125,7.5,2000,1.25,13.33333333,0.55,834.43,,1.771,305,310,307.5,TRUE
SP-7.5-D100x125-G851.27,100,125,7.5,2000,1.25,13.33333333,0.55,851.27,,1.806,325,330,327.5,TRUE
SP-7.5-D100x125-G881.89,100,125,7.5,2000,1.25,13.33333333,0.55,881.89,,1.871,340,345,342.5,TRUE
SP-7.5-D100x125-G894.14,100,125,7.5,2000,1.25,13.33333333,0.55,894.14,,1.897,365,370,367.5,TRUE
SP-7.5-D100x125-G915.57,100,125,7.5,2000,1.25,13.33333333,0.55,915.57,,1.943,385,390,387.5,TRUE
SP-7.5-D100x125-G946.19,100,125,7.5,2000,1.25,13.33333333,0.55,946.19,,2.008,405,410,407.5,TRUE
SP-7.5-D100x125-G972.22,100,125,7.5,2000,1.25,13.33333333,0.55,972.22,,2.063,435,440,437.5,TRUE
SP-7.5-D100x125-G1005.9,100,125,7.5,2000,1.25,13.33333333,0.55,1005.9,,2.135,455,460,457.5,TRUE
SP-7.5-D100x125-G1028.87,100,125,7.5,2000,1.25,13.33333333,0.55,1028.87,,2.183,485,490,487.5,TRUE
SP-7.5-D100x125-G1041.12,100,125,7.5,2000,1.25,13.33333333,0.55,1041.12,,2.209,505,510,507.5,TRUE
SP-7.5-D100x125-G1062.55,100,125,7.5,2000,1.25,13.33333333,0.55,1062.55,,2.255,534,540,537,TRUE
SP-7.5-D100x125-G1082.46,100,125,7.5,2000,1.25,13.33333333,0.55,1082.46,,2.297,565,570,567.5,TRUE
SP-7.5-D100x125-G1091.64,100,125,7.5,2000,1.25,13.33333333,0.55,1091.64,,2.317,585,590,587.5,TRUE
SP-7.5-D100x125-G1119.2,100,125,7.5,2000,1.25,13.33333333,0.55,1119.2,,2.375,615,620,617.5,TRUE
SP-7.5-D100x125-G1126.86,100,125,7.5,2000,1.25,13.33333333,0.55,1126.86,,2.391,645,650,647.5,TRUE
SP-7.5-D100x146-G342.96,100,146,7.5,2500,1.46,13.33333333,0.518,342.96,22.2,0.728,30,35,32.5,TRUE
SP-7.5-D100x146-G372.05,100,146,7.5,2500,1.46,13.33333333,0.518,372.05,,0.79,40,45,42.5,TRUE
SP-7.5-D100x146-G381.23,100,146,7.5,2500,1.46,13.33333333,0.518,381.23,,0.809,45,50,47.5,TRUE
SP-7.5-D100x146-G396.54,100,146,7.5,2500,1.46,13.33333333,0.518,396.54,,0.841,55,60,57.5,TRUE
SP-7.5-D100x146-G427.16,100,146,7.5,2500,1.46,13.33333333,0.518,427.16,,0.906,65,70,67.5,TRUE
SP-7.5-D100x146-G440.94,100,146,7.5,2500,1.46,13.33333333,0.518,440.94,,0.936,80,85,82.5,TRUE
SP-7.5-D100x146-G465.44,100,146,7.5,2500,1.46,13.33333333,0.518,465.44,,0.988,90,95,92.5,TRUE
SP-7.5-D100x146-G486.88,100,146,7.5,2500,1.46,13.33333333,0.518,486.88,,1.033,100,105,102.5,TRUE
SP-7.5-D100x146-G502.19,100,146,7.5,2500,1.46,13.33333333,0.518,502.19,,1.066,110,115,112.5,TRUE
SP-7.5-D100x146-G519.03,100,146,7.5,2500,1.46,13.33333333,0.518,519.03,,1.101,125,130,127.5,TRUE
SP-7.5-D100x146-G548.12,100,146,7.5,2500,1.46,13.33333333,0.518,548.12,,1.163,135,140,137.5,TRUE
SP-7.5-D100x146-G557.3,100,146,7.5,2500,1.46,13.33333333,0.518,557.3,,1.183,150,155,152.5,TRUE
SP-7.5-D100x146-G586.39,100,146,7.5,2500,1.46,13.33333333,0.518,586.39,,1.244,165,170,167.5,TRUE
SP-7.5-D100x146-G592.52,100,146,7.5,2500,1.46,13.33333333,0.518,592.52,,1.257,180,185,182.5,TRUE
SP-7.5-D100x146-G615.48,100,146,7.5,2500,1.46,13.33333333,0.518,615.48,,1.306,195,200,197.5,TRUE
SP-7.5-D100x146-G636.92,100,146,7.5,2500,1.46,13.33333333,0.518,636.92,,1.352,215,220,217.5,TRUE
SP-7.5-D100x146-G646.11,100,146,7.5,2500,1.46,13.33333333,0.518,646.11,,1.371,235,240,237.5,TRUE
SP-7.5-D100x146-G675.2,100,146,7.5,2500,1.46,13.33333333,0.518,675.2,,1.433,255,260,257.5,TRUE
SP-7.5-D100x146-G696.63,100,146,7.5,2500,1.46,13.33333333,0.518,696.63,,1.478,275,280,277.5,TRUE
SP-7.5-D100x146-G708.88,100,146,7.5,2500,1.46,13.33333333,0.518,708.88,,1.504,295,300,297.5,TRUE
SP-7.5-D100x146-G728.78,100,146,7.5,2500,1.46,13.33333333,0.518,728.78,,1.547,315,320,317.5,TRUE
SP-7.5-D100x146-G747.15,100,146,7.5,2500,1.46,13.33333333,0.518,747.15,,1.586,335,340,337.5,TRUE
SP-7.5-D100x146-G774.71,100,146,7.5,2500,1.46,13.33333333,0.518,774.71,,1.644,355,360,357.5,TRUE
SP-7.5-D100x146-G788.49,100,146,7.5,2500,1.46,13.33333333,0.518,788.49,,1.673,385,390,387.5,TRUE
SP-7.5-D100x146-G802.27,100,146,7.5,2500,1.46,13.33333333,0.518,802.27,,1.702,395,400,397.5,TRUE
SP-7.5-D100x146-G834.43,100,146,7.5,2500,1.46,13.33333333,0.518,834.43,,1.771,425,430,427.5,TRUE
SP-7.5-D100x146-G860.45,100,146,7.5,2500,1.46,13.33333333,0.518,860.45,,1.826,455,460,457.5,TRUE
SP-7.5-D100x146-G877.29,100,146,7.5,2500,1.46,13.33333333,0.518,877.29,,1.862,475,480,477.5,TRUE
SP-7.5-D100x146-G903.32,100,146,7.5,2500,1.46,13.33333333,0.518,903.32,,1.917,505,510,507.5,TRUE
SP-7.5-D100x146-G932.41,100,146,7.5,2500,1.46,13.33333333,0.518,932.41,,1.979,525,530,527.5,TRUE
SP-7.5-D100x146-G943.13,100,146,7.5,2500,1.46,13.33333333,0.518,943.13,,2.001,565,570,567.5,TRUE
SP-7.5-D100x146-G952.32,100,146,7.5,2500,1.46,13.33333333,0.518,952.32,,2.021,585,590,587.5,TRUE
SP-7.5-D100x146-G982.94,100,146,7.5,2500,1.46,13.33333333,0.518,982.94,,2.086,605,610,607.5,TRUE
SP-7.5-D100x167-G223.53,100,167,7.5,3000,1.67,13.33333333,0.495,223.53,,0.474,30,35,32.5,TRUE
SP-7.5-D100x167-G238.84,100,167,7.5,3000,1.67,13.33333333,0.495,238.84,,0.507,35,40,37.5,TRUE
SP-7.5-D100x167-G261.81,100,167,7.5,3000,1.67,13.33333333,0.495,261.81,,0.556,45,50,47.5,TRUE
SP-7.5-D100x167-G284.78,100,167,7.5,3000,1.67,13.33333333,0.495,284.78,,0.604,55,60,57.5,TRUE
SP-7.5-D100x167-G304.68,100,167,7.5,3000,1.67,13.33333333,0.495,304.68,,0.647,65,70,67.5,TRUE
SP-7.5-D100x167-G330.71,100,167,7.5,3000,1.67,13.33333333,0.495,330.71,,0.702,75,80,77.5,TRUE
SP-7.5-D100x167-G356.74,100,167,7.5,3000,1.67,13.33333333,0.495,356.74,,0.757,85,90,87.5,TRUE
SP-7.5-D100x167-G376.64,100,167,7.5,3000,1.67,13.33333333,0.495,376.64,,0.799,95,100,97.5,TRUE
SP-7.5-D100x167-G404.2,100,167,7.5,3000,1.67,13.33333333,0.495,404.2,,0.858,110,115,112.5,TRUE
SP-7.5-D100x167-G427.16,100,167,7.5,3000,1.67,13.33333333,0.495,427.16,,0.906,120,125,122.5,TRUE
SP-7.5-D100x167-G437.88,100,167,7.5,3000,1.67,13.33333333,0.495,437.88,,0.929,135,140,137.5,TRUE
SP-7.5-D100x167-G460.85,100,167,7.5,3000,1.67,13.33333333,0.495,460.85,,0.978,150,155,152.5,TRUE
SP-7.5-D100x167-G499.12,100,167,7.5,3000,1.67,13.33333333,0.495,499.12,,1.059,165,170,167.5,TRUE
SP-7.5-D100x167-G512.9,100,167,7.5,3000,1.67,13.33333333,0.495,512.9,,1.088,180,185,182.5,TRUE
SP-7.5-D100x167-G603.24,100,167,7.5,3000,1.67,13.33333333,0.495,603.24,,1.28,200,210,205,TRUE
SP-7.5-D100x167-G609.36,100,167,7.5,3000,1.67,13.33333333,0.495,609.36,,1.293,215,220,217.5,TRUE
SP-7.5-D100x167-G633.86,100,167,7.5,3000,1.67,13.33333333,0.495,633.86,,1.345,235,240,237.5,TRUE
SP-7.5-D100x167-G662.95,100,167,7.5,3000,1.67,13.33333333,0.495,662.95,,1.407,250,255,252.5,TRUE
SP-7.5-D100x167-G682.85,100,167,7.5,3000,1.67,13.33333333,0.495,682.85,,1.449,275,280,277.5,TRUE
SP-7.5-D100x167-G693.57,100,167,7.5,3000,1.67,13.33333333,0.495,693.57,,1.472,295,300,297.5,TRUE
SP-7.5-D100x167-G699.69,100,167,7.5,3000,1.67,13.33333333,0.495,699.69,,1.485,315,320,317.5,TRUE
SP-7.5-D100x167-G715,100,167,7.5,3000,1.67,13.33333333,0.495,715,,1.517,335,340,337.5,TRUE
SP-7.5-D100x167-G747.15,100,167,7.5,3000,1.67,13.33333333,0.495,747.15,,1.586,355,360,357.5,TRUE
SP-7.5-D100x167-G768.59,100,167,7.5,3000,1.67,13.33333333,0.495,768.59,,1.631,385,390,387.5,TRUE
SP-7.5-D100x167-G779.31,100,167,7.5,3000,1.67,13.33333333,0.495,779.31,,1.654,395,400,397.5,TRUE
SP-7.5-D100x167-G802.27,100,167,7.5,3000,1.67,13.33333333,0.495,802.27,,1.702,425,430,427.5,TRUE
SP-7.5-D100x167-G823.71,100,167,7.5,3000,1.67,13.33333333,0.495,823.71,,1.748,455,460,457.5,TRUE
SP-7.5-D100x167-G822.18,100,167,7.5,3000,1.67,13.33333333,0.495,822.18,,1.745,475,480,477.5,TRUE
SP-7.5-D100x167-G868.11,100,167,7.5,3000,1.67,13.33333333,0.495,868.11,,1.842,505,510,507.5,TRUE
SP-7.5-D100x167-G869.64,100,167,7.5,3000,1.67,13.33333333,0.495,869.64,,1.845,530,535,532.5,TRUE
SP-7.5-D100x167-G875.76,100,167,7.5,3000,1.67,13.33333333,0.495,875.76,,1.858,555,560,557.5,TRUE
SP-7.5-D100x167-G920.16,100,167,7.5,3000,1.67,13.33333333,0.495,920.16,,1.953,585,590,587.5,TRUE
SP-7.5-D100x167-G927.82,100,167,7.5,3000,1.67,13.33333333,0.495,927.82,,1.969,605,610,607.5,TRUE
SP-7.5-D100x167-G941.6,100,167,7.5,3000,1.67,13.33333333,0.495,941.6,,1.998,645,650,647.5,TRUE
SP-7.5-D100x188-G212.82,100,188,7.5,3484,1.88,13.33333333,0.479,212.82,,0.452,30,35,32.5,TRUE
SP-7.5-D100x188-G232.72,100,188,7.5,3484,1.88,13.33333333,0.479,232.72,,0.494,40,45,42.5,TRUE
SP-7.5-D100x188-G252.62,100,188,7.5,3484,1.88,13.33333333,0.479,252.62,,0.536,45,50,47.5,TRUE
SP-7.5-D100x188-G272.53,100,188,7.5,3484,1.88,13.33333333,0.479,272.53,,0.578,55,60,57.5,TRUE
SP-7.5-D100x188-G293.96,100,188,7.5,3484,1.88,13.33333333,0.479,293.96,,0.624,65,70,67.5,TRUE
SP-7.5-D100x188-G324.58,100,188,7.5,3484,1.88,13.33333333,0.479,324.58,,0.689,75,80,77.5,TRUE
SP-7.5-D100x188-G341.43,100,188,7.5,3484,1.88,13.33333333,0.479,341.43,,0.725,90,95,92.5,TRUE
SP-7.5-D100x188-G362.86,100,188,7.5,3484,1.88,13.33333333,0.479,362.86,,0.77,95,100,97.5,TRUE
SP-7.5-D100x188-G378.17,100,188,7.5,3484,1.88,13.33333333,0.479,378.17,,0.803,110,115,112.5,TRUE
SP-7.5-D100x188-G404.2,100,188,7.5,3484,1.88,13.33333333,0.479,404.2,,0.858,125,130,127.5,TRUE
SP-7.5-D100x188-G419.51,100,188,7.5,3484,1.88,13.33333333,0.479,419.51,,0.89,140,145,142.5,TRUE
SP-7.5-D100x188-G448.6,100,188,7.5,3484,1.88,13.33333333,0.479,448.6,,0.952,145,150,147.5,TRUE
SP-7.5-D100x188-G466.97,100,188,7.5,3484,1.88,13.33333333,0.479,466.97,,0.991,165,170,167.5,TRUE
SP-7.5-D100x188-G485.34,100,188,7.5,3484,1.88,13.33333333,0.479,485.34,,1.03,185,190,187.5,TRUE
SP-7.5-D100x188-G506.78,100,188,7.5,3484,1.88,13.33333333,0.479,506.78,,1.075,200,205,202.5,TRUE
SP-7.5-D100x188-G589.46,100,188,7.5,3484,1.88,13.33333333,0.479,589.46,,1.251,225,230,227.5,TRUE
SP-7.5-D100x188-G612.42,100,188,7.5,3484,1.88,13.33333333,0.479,612.42,,1.3,245,250,247.5,TRUE
SP-7.5-D100x188-G626.2,100,188,7.5,3484,1.88,13.33333333,0.479,626.2,,1.329,260,265,262.5,TRUE
SP-7.5-D100x188-G632.33,100,188,7.5,3484,1.88,13.33333333,0.479,632.33,,1.342,275,280,277.5,TRUE
SP-7.5-D100x188-G656.82,100,188,7.5,3484,1.88,13.33333333,0.479,656.82,,1.394,295,300,297.5,TRUE
SP-7.5-D100x188-G673.66,100,188,7.5,3484,1.88,13.33333333,0.479,673.66,,1.43,315,320,317.5,TRUE
SP-7.5-D100x188-G678.26,100,188,7.5,3484,1.88,13.33333333,0.479,678.26,,1.439,345,350,347.5,TRUE
SP-7.5-D100x188-G704.29,100,188,7.5,3484,1.88,13.33333333,0.479,704.29,,1.495,355,360,357.5,TRUE
SP-7.5-D100x188-G725.72,100,188,7.5,3484,1.88,13.33333333,0.479,725.72,,1.54,385,390,387.5,TRUE
SP-7.5-D100x188-G742.56,100,188,7.5,3484,1.88,13.33333333,0.479,742.56,,1.576,405,410,407.5,TRUE
SP-7.5-D100x188-G762.47,100,188,7.5,3484,1.88,13.33333333,0.479,762.47,,1.618,435,440,437.5,TRUE
SP-7.5-D100x188-G773.18,100,188,7.5,3484,1.88,13.33333333,0.479,773.18,,1.641,455,460,457.5,TRUE
SP-7.5-D100x188-G796.15,100,188,7.5,3484,1.88,13.33333333,0.479,796.15,,1.689,485,490,487.5,TRUE
SP-7.5-D100x188-G805.34,100,188,7.5,3484,1.88,13.33333333,0.479,805.34,,1.709,505,510,507.5,TRUE
SP-7.5-D100x188-G823.71,100,188,7.5,3484,1.88,13.33333333,0.479,823.71,,1.748,535,540,537.5,TRUE
SP-7.5-D100x188-G846.67,100,188,7.5,3484,1.88,13.33333333,0.479,846.67,,1.797,555,560,557.5,TRUE
SP-7.5-D100x188-G874.23,100,188,7.5,3484,1.88,13.33333333,0.479,874.23,,1.855,595,600,597.5,TRUE
SP-7.5-D100x188-G881.89,100,188,7.5,3484,1.88,13.33333333,0.479,881.89,,1.871,615,620,617.5,TRUE
SP-5-D100x129-G329.18,100,129,5,9000,1.29,20,0.419,329.18,,0.699,30,40,35,TRUE
SP-5-D100x129-G346.02,100,129,5,9000,1.29,20,0.419,346.02,,0.734,40,45,42.5,TRUE
SP-5-D100x129-G367.45,100,129,5,9000,1.29,20,0.419,367.45,,0.78,50,55,52.5,TRUE
SP-5-D100x129-G401.14,100,129,5,9000,1.29,20,0.419,401.14,,0.851,60,65,62.5,TRUE
SP-5-D100x129-G413.38,100,129,5,9000,1.29,20,0.419,413.38,,0.877,70,75,72.5,TRUE
SP-5-D100x129-G424.1,100,129,5,9000,1.29,20,0.419,424.1,,0.9,75,80,77.5,TRUE
SP-5-D100x129-G448.6,100,129,5,9000,1.29,20,0.419,448.6,,0.952,80,85,82.5,TRUE
SP-5-D100x129-G471.56,100,129,5,9000,1.29,20,0.419,471.56,,1.001,100,105,102.5,TRUE
SP-5-D100x129-G491.47,100,129,5,9000,1.29,20,0.419,491.47,,1.043,110,115,112.5,TRUE
SP-5-D100x129-G500.66,100,129,5,9000,1.29,20,0.419,500.66,,1.062,125,130,127.5,TRUE
SP-5-D100x129-G511.37,100,129,5,9000,1.29,20,0.419,511.37,,1.085,135,140,137.5,TRUE
SP-5-D100x129-G552.71,100,129,5,9000,1.29,20,0.419,552.71,,1.173,150,155,152.5,TRUE
SP-5-D100x129-G558.84,100,129,5,9000,1.29,20,0.419,558.84,,1.186,165,170,167.5,TRUE
SP-5-D100x129-G574.15,100,129,5,9000,1.29,20,0.419,574.15,,1.218,180,185,182.5,TRUE
SP-5-D100x129-G589.46,100,129,5,9000,1.29,20,0.419,589.46,,1.251,200,205,202.5,TRUE
SP-5-D100x129-G612.42,100,129,5,9000,1.29,20,0.419,612.42,,1.3,215,220,217.5,TRUE
SP-5-D100x129-G627.73,100,129,5,9000,1.29,20,0.419,627.73,,1.332,235,240,237.5,TRUE
SP-5-D100x129-G649.17,100,129,5,9000,1.29,20,0.419,649.17,,1.378,255,260,257.5,TRUE
SP-5-D100x129-G662.95,100,129,5,9000,1.29,20,0.419,662.95,,1.407,275,280,277.5,TRUE
SP-5-D100x129-G688.97,100,129,5,9000,1.29,20,0.419,688.97,,1.462,295,300,297.5,TRUE
SP-5-D100x129-G699.69,100,129,5,9000,1.29,20,0.419,699.69,,1.485,315,320,317.5,TRUE
SP-5-D100x129-G728.78,100,129,5,9000,1.29,20,0.419,728.78,,1.547,335,340,337.5,TRUE
SP-5-D100x129-G736.44,100,129,5,9000,1.29,20,0.419,736.44,,1.563,355,360,357.5,TRUE
SP-5-D100x129-G762.47,100,129,5,9000,1.29,20,0.419,762.47,,1.618,385,390,387.5,TRUE
SP-5-D100x129-G774.71,100,129,5,9000,1.29,20,0.419,774.71,,1.644,405,410,407.5,TRUE
SP-5-D100x129-G800.74,100,129,5,9000,1.29,20,0.419,800.74,,1.699,435,440,437.5,TRUE
SP-5-D100x129-G808.4,100,129,5,9000,1.29,20,0.419,808.4,,1.715,455,460,457.5,TRUE
SP-5-D100x129-G842.08,100,129,5,9000,1.29,20,0.419,842.08,,1.787,505,510,507.5,TRUE
SP-5-D100x129-G861.98,100,129,5,9000,1.29,20,0.419,861.98,,1.829,535,540,537.5,TRUE
SP-5-D100x129-G874.23,100,129,5,9000,1.29,20,0.419,874.23,,1.855,555,560,557.5,TRUE
SP-5-D100x129-G904.85,100,129,5,9000,1.29,20,0.419,904.85,,1.92,595,600,597.5,TRUE
SP-5-D100x142-G281.71,100,142,5,10000,1.42,20,0.413,281.71,24.4,0.598,30,35,32.5,TRUE
SP-5-D100x142-G309.27,100,142,5,10000,1.42,20,0.413,309.27,,0.656,40,45,42.5,TRUE
SP-5-D100x142-G321.52,100,142,5,10000,1.42,20,0.413,321.52,,0.682,50,55,52.5,TRUE
SP-5-D100x142-G342.96,100,142,5,10000,1.42,20,0.413,342.96,,0.728,60,65,62.5,TRUE
SP-5-D100x142-G364.39,100,142,5,10000,1.42,20,0.413,364.39,,0.773,70,75,72.5,TRUE
SP-5-D100x142-G375.11,100,142,5,10000,1.42,20,0.413,375.11,,0.796,80,85,82.5,TRUE
SP-5-D100x142-G390.42,100,142,5,10000,1.42,20,0.413,390.42,,0.828,90,95,92.5,TRUE
SP-5-D100x142-G411.85,100,142,5,10000,1.42,20,0.413,411.85,,0.874,100,105,102.5,TRUE
SP-5-D100x142-G422.57,100,142,5,10000,1.42,20,0.413,422.57,,0.897,115,120,117.5,TRUE
SP-5-D100x142-G439.41,100,142,5,10000,1.42,20,0.413,439.41,,0.932,130,135,132.5,TRUE
SP-5-D100x142-G470.03,100,142,5,10000,1.42,20,0.413,470.03,,0.997,145,150,147.5,TRUE
SP-5-D100x142-G474.63,100,142,5,10000,1.42,20,0.413,474.63,,1.007,155,160,157.5,TRUE
SP-5-D100x142-G488.41,100,142,5,10000,1.42,20,0.413,488.41,,1.036,175,180,177.5,TRUE
SP-5-D100x142-G502.19,100,142,5,10000,1.42,20,0.413,502.19,,1.066,190,195,192.5,TRUE
SP-5-D100x142-G514.43,100,142,5,10000,1.42,20,0.413,514.43,,1.092,210,215,212.5,TRUE
SP-5-D100x142-G548.12,100,142,5,10000,1.42,20,0.413,548.12,,1.163,225,230,227.5,TRUE
SP-5-D100x142-G557.3,100,142,5,10000,1.42,20,0.413,557.3,,1.183,245,250,247.5,TRUE
SP-5-D100x142-G508.31,100,142,5,10000,1.42,20,0.413,508.31,,1.079,265,270,267.5,FALSE
SP-5-D100x142-G575.68,100,142,5,10000,1.42,20,0.413,575.68,,1.222,285,290,287.5,TRUE
SP-5-D100x142-G606.3,100,142,5,10000,1.42,20,0.413,606.3,,1.287,305,310,307.5,TRUE
SP-5-D100x142-G613.95,100,142,5,10000,1.42,20,0.413,613.95,,1.303,325,330,327.5,TRUE
SP-5-D100x142-G623.14,100,142,5,10000,1.42,20,0.413,623.14,,1.322,345,350,347.5,TRUE
SP-5-D100x142-G643.04,100,142,5,10000,1.42,20,0.413,643.04,,1.365,365,370,367.5,TRUE
SP-5-D100x142-G646.11,100,142,5,10000,1.42,20,0.413,646.11,,1.371,395,400,397.5,TRUE
SP-5-D100x142-G658.35,100,142,5,10000,1.42,20,0.413,658.35,,1.397,415,420,417.5,TRUE
SP-5-D100x142-G684.38,100,142,5,10000,1.42,20,0.413,684.38,,1.452,445,450,447.5,TRUE
SP-5-D100x142-G687.44,100,142,5,10000,1.42,20,0.413,687.44,,1.459,465,470,467.5,TRUE
SP-5-D100x142-G699.69,100,142,5,10000,1.42,20,0.413,699.69,,1.485,495,500,497.5,TRUE
SP-5-D100x142-G731.84,100,142,5,10000,1.42,20,0.413,731.84,,1.553,525,530,527.5,TRUE
SP-5-D100x142-G744.09,100,142,5,10000,1.42,20,0.413,744.09,,1.579,545,550,547.5,TRUE
SP-5-D100x142-G748.69,100,142,5,10000,1.42,20,0.413,748.69,,1.589,565,570,567.5,TRUE
SP-5-D100x142-G759.4,100,142,5,10000,1.42,20,0.413,759.4,,1.612,615,620,617.5,TRUE
SP-5-D100x149-G277.12,100,149,5,10500,1.49,20,0.413,277.12,,0.588,30,35,32.5,TRUE
SP-5-D100x149-G298.56,100,149,5,10500,1.49,20,0.413,298.56,,0.634,40,45,42.5,TRUE
SP-5-D100x149-G329.18,100,149,5,10500,1.49,20,0.413,329.18,,0.699,50,60,55,TRUE
SP-5-D100x149-G335.3,100,149,5,10500,1.49,20,0.413,335.3,,0.712,55,60,57.5,TRUE
SP-5-D100x149-G367.45,100,149,5,10500,1.49,20,0.413,367.45,,0.78,70,75,72.5,TRUE
SP-5-D100x149-G375.11,100,149,5,10500,1.49,20,0.413,375.11,,0.796,80,85,82.5,TRUE
SP-5-D100x149-G391.95,100,149,5,10500,1.49,20,0.413,391.95,,0.832,90,95,92.5,TRUE
SP-5-D100x149-G405.73,100,149,5,10500,1.49,20,0.413,405.73,,0.861,100,105,102.5,TRUE
SP-5-D100x149-G414.92,100,149,5,10500,1.49,20,0.413,414.92,,0.88,110,120,115,TRUE
SP-5-D100x149-G437.88,100,149,5,10500,1.49,20,0.413,437.88,,0.929,130,135,132.5,TRUE
SP-5-D100x149-G447.07,100,149,5,10500,1.49,20,0.413,447.07,,0.949,140,145,142.5,TRUE
SP-5-D100x149-G468.5,100,149,5,10500,1.49,20,0.413,468.5,,0.994,155,160,157.5,TRUE
SP-5-D100x149-G488.41,100,149,5,10500,1.49,20,0.413,488.41,,1.036,175,180,177.5,TRUE
SP-5-D100x149-G508.31,100,149,5,10500,1.49,20,0.413,508.31,,1.079,190,195,192.5,TRUE
SP-5-D100x149-G515.97,100,149,5,10500,1.49,20,0.413,515.97,,1.095,205,210,207.5,TRUE
SP-5-D100x149-G534.34,100,149,5,10500,1.49,20,0.413,534.34,,1.134,225,230,227.5,TRUE
SP-5-D100x149-G549.65,100,149,5,10500,1.49,20,0.413,549.65,,1.166,245,250,247.5,TRUE
SP-5-D100x149-G558.84,100,149,5,10500,1.49,20,0.413,558.84,,1.186,265,270,267.5,TRUE
SP-5-D100x149-G578.74,100,149,5,10500,1.49,20,0.413,578.74,,1.228,285,290,287.5,TRUE
SP-5-D100x149-G589.46,100,149,5,10500,1.49,20,0.413,589.46,,1.251,305,310,307.5,TRUE
SP-5-D100x149-G601.7,100,149,5,10500,1.49,20,0.413,601.7,,1.277,325,330,327.5,TRUE
SP-5-D100x149-G620.08,100,149,5,10500,1.49,20,0.413,620.08,,1.316,355,360,357.5,TRUE
SP-5-D100x149-G632.33,100,149,5,10500,1.49,20,0.413,632.33,,1.342,395,400,397.5,TRUE
SP-5-D100x149-G647.64,100,149,5,10500,1.49,20,0.413,647.64,,1.374,415,420,417.5,TRUE
SP-5-D100x149-G655.29,100,149,5,10500,1.49,20,0.413,655.29,,1.391,445,450,447.5,TRUE
SP-5-D100x149-G679.79,100,149,5,10500,1.49,20,0.413,679.79,,1.443,475,480,477.5,TRUE
SP-5-D100x149-G693.57,100,149,5,10500,1.49,20,0.413,693.57,,1.472,495,500,497.5,TRUE
SP-5-D100x149-G704.29,100,149,5,10500,1.49,20,0.413,704.29,,1.495,525,530,527.5,TRUE
SP-5-D100x149-G713.47,100,149,5,10500,1.49,20,0.413,713.47,,1.514,555,560,557.5,TRUE
SP-5-D100x149-G725.72,100,149,5,10500,1.49,20,0.413,725.72,,1.54,575,580,577.5,TRUE
SP-5-D100x155-G283.25,100,155,5,10916,1.55,20,0.413,283.25,22,0.601,30,35,32.5,TRUE
SP-5-D100x155-G300.09,100,155,5,10916,1.55,20,0.413,300.09,,0.637,40,45,42.5,TRUE
SP-5-D100x155-G321.52,100,155,5,10916,1.55,20,0.413,321.52,,0.682,50,55,52.5,TRUE
SP-5-D100x155-G336.83,100,155,5,10916,1.55,20,0.413,336.83,,0.715,60,65,62.5,TRUE
SP-5-D100x155-G352.14,100,155,5,10916,1.55,20,0.413,352.14,,0.747,70,75,72.5,TRUE
SP-5-D100x155-G381.23,100,155,5,10916,1.55,20,0.413,381.23,,0.809,80,85,82.5,TRUE
SP-5-D100x155-G387.36,100,155,5,10916,1.55,20,0.413,387.36,,0.822,90,95,92.5,TRUE
SP-5-D100x155-G407.26,100,155,5,10916,1.55,20,0.413,407.26,,0.864,100,105,102.5,TRUE
SP-5-D100x155-G421.04,100,155,5,10916,1.55,20,0.413,421.04,,0.893,115,120,117.5,TRUE
SP-5-D100x155-G439.41,100,155,5,10916,1.55,20,0.413,439.41,,0.932,130,135,132.5,TRUE
SP-5-D100x155-G448.6,100,155,5,10916,1.55,20,0.413,448.6,,0.952,145,150,147.5,TRUE
SP-5-D100x155-G459.32,100,155,5,10916,1.55,20,0.413,459.32,,0.975,155,160,157.5,TRUE
SP-5-D100x155-G473.1,100,155,5,10916,1.55,20,0.413,473.1,,1.004,175,180,177.5,TRUE
SP-5-D100x155-G488.41,100,155,5,10916,1.55,20,0.413,488.41,,1.036,190,195,192.5,TRUE
SP-5-D100x155-G497.59,100,155,5,10916,1.55,20,0.413,497.59,,1.056,210,215,212.5,TRUE
SP-5-D100x155-G508.31,100,155,5,10916,1.55,20,0.413,508.31,,1.079,225,230,227.5,TRUE
SP-5-D100x155-G526.68,100,155,5,10916,1.55,20,0.413,526.68,,1.118,250,255,252.5,TRUE
SP-5-D100x155-G548.12,100,155,5,10916,1.55,20,0.413,548.12,,1.163,265,270,267.5,TRUE
SP-5-D100x155-G561.9,100,155,5,10916,1.55,20,0.413,561.9,,1.192,285,290,287.5,TRUE
SP-5-D100x155-G566.49,100,155,5,10916,1.55,20,0.413,566.49,,1.202,305,310,307.5,TRUE
SP-5-D100x155-G589.46,100,155,5,10916,1.55,20,0.413,589.46,,1.251,335,340,337.5,TRUE
SP-5-D100x155-G606.3,100,155,5,10916,1.55,20,0.413,606.3,,1.287,355,360,357.5,TRUE
SP-5-D100x155-G620.08,100,155,5,10916,1.55,20,0.413,620.08,,1.316,375,380,377.5,TRUE
SP-5-D100x155-G630.79,100,155,5,10916,1.55,20,0.413,630.79,,1.339,405,410,407.5,TRUE
SP-5-D100x155-G638.45,100,155,5,10916,1.55,20,0.413,638.45,,1.355,425,430,427.5,TRUE
SP-5-D100x155-G644.57,100,155,5,10916,1.55,20,0.413,644.57,,1.368,455,460,457.5,TRUE
SP-5-D100x155-G659.88,100,155,5,10916,1.55,20,0.413,659.88,,1.4,475,480,477.5,TRUE
SP-5-D100x155-G684.38,100,155,5,10916,1.55,20,0.413,684.38,,1.452,505,510,507.5,TRUE
SP-5-D100x155-G698.16,100,155,5,10916,1.55,20,0.413,698.16,,1.482,525,530,527.5,TRUE
SP-5-D100x155-G705.82,100,155,5,10916,1.55,20,0.413,705.82,,1.498,555,560,557.5,TRUE
SP-5-D100x155-G727.25,100,155,5,10916,1.55,20,0.413,727.25,,1.543,575,580,577.5,TRUE
SP-5-D100x155-G736.44,100,155,5,10916,1.55,20,0.413,736.44,,1.563,620,625,622.5,TRUE
SP-5-D100x137-G287.84,100,137,5,9500,1.37,20,0.422,287.84,,0.611,30,35,32.5,TRUE
SP-5-D100x137-G310.8,100,137,5,9500,1.37,20,0.422,310.8,,0.66,40,45,42.5,TRUE
SP-5-D100x137-G339.89,100,137,5,9500,1.37,20,0.422,339.89,,0.721,45,55,50,TRUE
SP-5-D100x137-G355.2,100,137,5,9500,1.37,20,0.422,355.2,,0.754,55,60,57.5,TRUE
SP-5-D100x137-G368.98,100,137,5,9500,1.37,20,0.422,368.98,,0.783,70,75,72.5,TRUE
SP-5-D100x137-G388.89,100,137,5,9500,1.37,20,0.422,388.89,,0.825,75,80,77.5,TRUE
SP-5-D100x137-G411.85,100,137,5,9500,1.37,20,0.422,411.85,,0.874,90,95,92.5,TRUE
SP-5-D100x137-G425.63,100,137,5,9500,1.37,20,0.422,425.63,,0.903,100,105,102.5,TRUE
SP-5-D100x137-G439.41,100,137,5,9500,1.37,20,0.422,439.41,,0.932,110,115,112.5,TRUE
SP-5-D100x137-G450.13,100,137,5,9500,1.37,20,0.422,450.13,,0.955,125,130,127.5,TRUE
SP-5-D100x137-G466.97,100,137,5,9500,1.37,20,0.422,466.97,,0.991,140,145,142.5,TRUE
SP-5-D100x137-G476.16,100,137,5,9500,1.37,20,0.422,476.16,,1.01,150,155,152.5,TRUE
SP-5-D100x137-G502.19,100,137,5,9500,1.37,20,0.422,502.19,,1.066,170,175,172.5,TRUE
SP-5-D100x137-G511.37,100,137,5,9500,1.37,20,0.422,511.37,,1.085,185,190,187.5,TRUE
SP-5-D100x137-G525.15,100,137,5,9500,1.37,20,0.422,525.15,,1.114,205,210,207.5,TRUE
SP-5-D100x137-G534.34,100,137,5,9500,1.37,20,0.422,534.34,,1.134,225,230,227.5,TRUE
SP-5-D100x137-G549.65,100,137,5,9500,1.37,20,0.422,549.65,,1.166,240,245,242.5,TRUE
SP-5-D100x137-G568.02,100,137,5,9500,1.37,20,0.422,568.02,,1.205,255,260,257.5,TRUE
SP-5-D100x137-G575.68,100,137,5,9500,1.37,20,0.422,575.68,,1.222,280,285,282.5,TRUE
SP-5-D100x137-G604.77,100,137,5,9500,1.37,20,0.422,604.77,,1.283,305,310,307.5,TRUE
SP-5-D100x137-G613.95,100,137,5,9500,1.37,20,0.422,613.95,,1.303,325,330,327.5,TRUE
SP-5-D100x137-G638.45,100,137,5,9500,1.37,20,0.422,638.45,,1.355,345,350,347.5,TRUE
SP-5-D100x137-G646.11,100,137,5,9500,1.37,20,0.422,646.11,,1.371,365,370,367.5,TRUE
SP-5-D100x137-G670.6,100,137,5,9500,1.37,20,0.422,670.6,,1.423,385,390,387.5,TRUE
SP-5-D100x137-G684.38,100,137,5,9500,1.37,20,0.422,684.38,,1.452,405,410,407.5,TRUE
SP-5-D100x137-G696.63,100,137,5,9500,1.37,20,0.422,696.63,,1.478,440,445,442.5,TRUE
SP-5-D100x137-G710.41,100,137,5,9500,1.37,20,0.422,710.41,,1.508,465,470,467.5,TRUE
SP-5-D100x137-G713.47,100,137,5,9500,1.37,20,0.422,713.47,,1.514,495,500,497.5,TRUE
SP-5-D100x137-G725.72,100,137,5,9500,1.37,20,0.422,725.72,,1.54,515,520,517.5,TRUE
SP-5-D100x137-G739.5,100,137,5,9500,1.37,20,0.422,739.5,,1.569,545,550,547.5,TRUE
SP-5-D100x137-G753.28,100,137,5,9500,1.37,20,0.422,753.28,,1.599,565,570,567.5,TRUE
SP-5-D100x137-G779.31,100,137,5,9500,1.37,20,0.422,779.31,,1.654,605,610,607.5,TRUE
SP-2.5-D100x125-G199.04,100,125,2.5,61116,1.25,40,0.491,199.04,22.6,0.422,30,35,32.5,TRUE
SP-2.5-D100x125-G222,100,125,2.5,61116,1.25,40,0.491,222,,0.471,40,45,42.5,TRUE
SP-2.5-D100x125-G252.62,100,125,2.5,61116,1.25,40,0.491,252.62,,0.536,50,55,52.5,TRUE
SP-2.5-D100x125-G263.34,100,125,2.5,61116,1.25,40,0.491,263.34,,0.559,60,65,62.5,TRUE
SP-2.5-D100x125-G275.59,100,125,2.5,61116,1.25,40,0.491,275.59,,0.585,75,80,77.5,TRUE
SP-2.5-D100x125-G309.27,100,125,2.5,61116,1.25,40,0.491,309.27,,0.656,85,90,87.5,TRUE
SP-2.5-D100x125-G323.05,100,125,2.5,61116,1.25,40,0.491,323.05,,0.686,95,100,97.5,TRUE
SP-2.5-D100x125-G335.3,100,125,2.5,61116,1.25,40,0.491,335.3,,0.712,110,115,112.5,TRUE
SP-2.5-D100x125-G339.89,100,125,2.5,61116,1.25,40,0.491,339.89,,0.721,125,130,127.5,TRUE
SP-2.5-D100x125-G353.67,100,125,2.5,61116,1.25,40,0.491,353.67,,0.751,135,140,137.5,TRUE
SP-2.5-D100x125-G373.58,100,125,2.5,61116,1.25,40,0.491,373.58,,0.793,150,155,152.5,TRUE
SP-2.5-D100x125-G381.23,100,125,2.5,61116,1.25,40,0.491,381.23,,0.809,165,170,167.5,TRUE
SP-2.5-D100x125-G385.83,100,125,2.5,61116,1.25,40,0.491,385.83,,0.819,180,185,182.5,TRUE
SP-2.5-D100x125-G408.79,100,125,2.5,61116,1.25,40,0.491,408.79,,0.867,195,200,197.5,TRUE
SP-2.5-D100x125-G421.04,100,125,2.5,61116,1.25,40,0.491,421.04,,0.893,220,225,222.5,TRUE
SP-2.5-D100x125-G424.1,100,125,2.5,61116,1.25,40,0.491,424.1,,0.9,235,240,237.5,TRUE
SP-2.5-D100x125-G430.23,100,125,2.5,61116,1.25,40,0.491,430.23,,0.913,255,260,257.5,TRUE
SP-2.5-D100x125-G450.13,100,125,2.5,61116,1.25,40,0.491,450.13,,0.955,275,280,277.5,TRUE
SP-2.5-D100x125-G468.5,100,125,2.5,61116,1.25,40,0.491,468.5,,0.994,300,305,302.5,TRUE
SP-2.5-D100x125-G479.22,100,125,2.5,61116,1.25,40,0.491,479.22,,1.017,325,330,327.5,TRUE
SP-2.5-D100x125-G491.47,100,125,2.5,61116,1.25,40,0.491,491.47,,1.043,345,350,347.5,TRUE
SP-2.5-D100x125-G499.12,100,125,2.5,61116,1.25,40,0.491,499.12,,1.059,385,390,387.5,TRUE
SP-2.5-D100x125-G503.72,100,125,2.5,61116,1.25,40,0.491,503.72,,1.069,425,430,427.5,TRUE
SP-2.5-D100x125-G512.9,100,125,2.5,61116,1.25,40,0.491,512.9,,1.088,445,450,447.5,TRUE
SP-2.5-D100x125-G532.81,100,125,2.5,61116,1.25,40,0.491,532.81,,1.131,475,480,477.5,TRUE
SP-2.5-D100x125-G538.93,100,125,2.5,61116,1.25,40,0.491,538.93,,1.144,495,500,497.5,TRUE
SP-2.5-D100x125-G557.3,100,125,2.5,61116,1.25,40,0.491,557.3,,1.183,525,530,527.5,TRUE
SP-2.5-D100x125-G563.43,100,125,2.5,61116,1.25,40,0.491,563.43,,1.196,555,560,557.5,TRUE
SP-2.5-D100x125-G568.02,100,125,2.5,61116,1.25,40,0.491,568.02,,1.205,585,590,587.5,TRUE
SP-2.5-D100x125-G575.68,100,125,2.5,61116,1.25,40,0.491,575.68,,1.222,605,610,607.5,TRUE
SP-2.5-D100x143-G186.79,100,143,2.5,70283,1.43,40,0.488,186.79,24.4,0.396,30,35,32.5,TRUE
SP-2.5-D100x143-G214.35,100,143,2.5,70283,1.43,40,0.488,214.35,,0.455,45,50,47.5,TRUE
SP-2.5-D100x143-G232.72,100,143,2.5,70283,1.43,40,0.488,232.72,,0.494,55,60,57.5,TRUE
SP-2.5-D100x143-G258.75,100,143,2.5,70283,1.43,40,0.488,258.75,,0.549,65,70,67.5,TRUE
SP-2.5-D100x143-G272.53,100,143,2.5,70283,1.43,40,0.488,272.53,,0.578,75,80,77.5,TRUE
SP-2.5-D100x143-G289.37,100,143,2.5,70283,1.43,40,0.488,289.37,,0.614,90,95,92.5,TRUE
SP-2.5-D100x143-G301.62,100,143,2.5,70283,1.43,40,0.488,301.62,,0.64,100,105,102.5,TRUE
SP-2.5-D100x143-G321.52,100,143,2.5,70283,1.43,40,0.488,321.52,,0.682,110,115,112.5,TRUE
SP-2.5-D100x143-G327.65,100,143,2.5,70283,1.43,40,0.488,327.65,,0.695,130,135,132.5,TRUE
SP-2.5-D100x143-G358.27,100,143,2.5,70283,1.43,40,0.488,358.27,,0.76,140,145,142.5,TRUE
SP-2.5-D100x143-G365.92,100,143,2.5,70283,1.43,40,0.488,365.92,,0.777,155,160,157.5,TRUE
SP-2.5-D100x143-G373.58,100,143,2.5,70283,1.43,40,0.488,373.58,,0.793,175,180,177.5,TRUE
SP-2.5-D100x143-G387.36,100,143,2.5,70283,1.43,40,0.488,387.36,,0.822,195,200,197.5,TRUE
SP-2.5-D100x143-G396.54,100,143,2.5,70283,1.43,40,0.488,396.54,,0.841,210,215,212.5,TRUE
SP-2.5-D100x143-G408.79,100,143,2.5,70283,1.43,40,0.488,408.79,,0.867,235,240,237.5,TRUE
SP-2.5-D100x143-G414.92,100,143,2.5,70283,1.43,40,0.488,414.92,,0.88,250,255,252.5,TRUE
SP-2.5-D100x143-G431.76,100,143,2.5,70283,1.43,40,0.488,431.76,,0.916,275,280,277.5,TRUE
SP-2.5-D100x143-G444.01,100,143,2.5,70283,1.43,40,0.488,444.01,,0.942,295,300,297.5,TRUE
SP-2.5-D100x143-G457.79,100,143,2.5,70283,1.43,40,0.488,457.79,,0.971,315,320,317.5,TRUE
SP-2.5-D100x143-G471.56,100,143,2.5,70283,1.43,40,0.488,471.56,,1.001,365,370,367.5,TRUE
SP-2.5-D100x143-G485.34,100,143,2.5,70283,1.43,40,0.488,485.34,,1.03,385,390,387.5,TRUE
SP-2.5-D100x143-G493,100,143,2.5,70283,1.43,40,0.488,493,,1.046,415,420,417.5,TRUE
SP-2.5-D100x143-G506.78,100,143,2.5,70283,1.43,40,0.488,506.78,,1.075,465,470,467.5,TRUE
SP-2.5-D100x143-G520.56,100,143,2.5,70283,1.43,40,0.488,520.56,,1.105,495,500,497.5,TRUE
SP-2.5-D100x143-G541.99,100,143,2.5,70283,1.43,40,0.488,541.99,,1.15,525,530,527.5,TRUE
SP-42-D50x337-G40.2,50,337,42,8,6.74,1.19047619,0.531,40.2,18,0.341,4,6,5,TRUE
SP-42-D50x337-G45.6,50,337,42,8,6.74,1.19047619,0.531,45.6,18,0.387,5,7,6,TRUE
SP-42-D50x337-G51.75,50,337,42,8,6.74,1.19047619,0.531,51.75,18,0.439,6,8,7,TRUE
SP-42-D50x337-G55.25,50,337,42,8,6.74,1.19047619,0.531,55.25,18,0.469,7,9,8,TRUE
SP-42-D50x337-G60.2,50,337,42,8,6.74,1.19047619,0.531,60.2,18,0.511,8,10,9,TRUE
SP-42-D50x337-G65.7,50,337,42,8,6.74,1.19047619,0.531,65.7,18,0.558,9,11,10,TRUE
SP-42-D50x337-G71.05,50,337,42,8,6.74,1.19047619,0.531,71.05,18,0.603,9,13,11,TRUE
SP-42-D50x337-G74.95,50,337,42,8,6.74,1.19047619,0.531,74.95,18,0.636,10,14,12,TRUE
SP-42-D50x337-G80.65,50,337,42,8,6.74,1.19047619,0.531,80.65,18,0.685,13,16,14.5,TRUE
SP-42-D50x337-G84.8,50,337,42,8,6.74,1.19047619,0.531,84.8,18,0.72,9,20,14.5,TRUE
SP-42-D50x337-G89.7,50,337,42,8,6.74,1.19047619,0.531,89.7,18,0.761,10,20,15,TRUE
SP-42-D50x337-G95.95,50,337,42,8,6.74,1.19047619,0.531,95.95,18,0.814,11,20,15.5,TRUE
SP-42-D50x337-G100,50,337,42,8,6.74,1.19047619,0.531,100,18,0.849,10,22,16,TRUE
SP-42-D50x337-G104.25,50,337,42,8,6.74,1.19047619,0.531,104.25,18,0.885,9,20,14.5,TRUE
SP-42-D50x337-G111.2,50,337,42,8,6.74,1.19047619,0.531,111.2,18,0.944,8,23,15.5,TRUE
SP-42-D50x337-G117.25,50,337,42,8,6.74,1.19047619,0.531,117.25,18,0.995,5,17,11,TRUE
SP-42-D50x337-G120.2,50,337,42,8,6.74,1.19047619,0.531,120.2,18,1.02,5,20,12.5,TRUE
SP-42-D50x337-G123.5,50,337,42,8,6.74,1.19047619,0.531,123.5,18,1.048,7,21,14,TRUE
SP-42-D50x337-G129,50,337,42,8,6.74,1.19047619,0.531,129,18,1.095,6,18,12,TRUE
SP-42-D50x337-G134.5,50,337,42,8,6.74,1.19047619,0.531,134.5,18,1.142,5,20,12.5,TRUE
SP-42-D50x337-G141,50,337,42,8,6.74,1.19047619,0.531,141,18,1.197,3,21,12,TRUE
SP-42-D50x337-G145.2,50,337,42,8,6.74,1.19047619,0.531,145.2,18,1.232,6,19,12.5,TRUE
SP-42-D50x418-G20.85,50,418,42,10,8.36,1.19047619,0.527,20.85,18,0.177,2,3,2.5,TRUE
SP-42-D50x418-G25.9,50,418,42,10,8.36,1.19047619,0.527,25.9,18,0.22,3,4,3.5,TRUE
SP-42-D50x418-G30.05,50,418,42,10,8.36,1.19047619,0.527,30.05,18,0.255,4,5,4.5,TRUE
SP-42-D50x418-G35.05,50,418,42,10,8.36,1.19047619,0.527,35.05,18,0.298,5,7,6,TRUE
SP-42-D50x418-G40.95,50,418,42,10,8.36,1.19047619,0.527,40.95,18,0.348,7,9,8,TRUE
SP-42-D50x418-G45.3,50,418,42,10,8.36,1.19047619,0.527,45.3,18,0.385,8,10,9,TRUE
SP-42-D50x418-G51.5,50,418,42,10,8.36,1.19047619,0.527,51.5,18,0.437,10,13,11.5,TRUE
SP-42-D50x418-G55.35,50,418,42,10,8.36,1.19047619,0.527,55.35,18,0.47,12,14,13,TRUE
SP-42-D50x418-G60.7,50,418,42,10,8.36,1.19047619,0.527,60.7,18,0.515,13,15,14,TRUE
SP-42-D50x418-G66,50,418,42,10,8.36,1.19047619,0.527,66,18,0.56,15,17,16,TRUE
SP-42-D50x418-G70.4,50,418,42,10,8.36,1.19047619,0.527,70.4,18,0.598,18,20,19,TRUE
SP-42-D50x418-G75.2,50,418,42,10,8.36,1.19047619,0.527,75.2,18,0.638,18,22,20,TRUE
SP-42-D50x418-G79.9,50,418,42,10,8.36,1.19047619,0.527,79.9,18,0.678,19,24,21.5,TRUE
SP-42-D50x418-G85.55,50,418,42,10,8.36,1.19047619,0.527,85.55,18,0.726,19,27,23,TRUE
SP-42-D50x418-G89.75,50,418,42,10,8.36,1.19047619,0.527,89.75,18,0.762,25,30,27.5,TRUE
SP-42-D50x418-G94.35,50,418,42,10,8.36,1.19047619,0.527,94.35,18,0.801,26,32,29,TRUE
SP-42-D50x418-G99.4,50,418,42,10,8.36,1.19047619,0.527,99.4,18,0.844,25,32,28.5,TRUE
SP-42-D50x418-G104.25,50,418,42,10,8.36,1.19047619,0.527,104.25,18,0.885,28,36,32,TRUE
SP-42-D50x418-G109.95,50,418,42,10,8.36,1.19047619,0.527,109.95,18,0.933,27,40,33.5,TRUE
SP-2.5-D50x151-G3.05,50,151,2.5,18335,3.02,20,0.494,3.05,20,0.026,10,16,13,TRUE
SP-2.5-D50x151-G4.15,50,151,2.5,18335,3.02,20,0.494,4.15,20,0.035,19,20,19.5,TRUE
SP-2.5-D50x151-G5.1,50,151,2.5,18335,3.02,20,0.494,5.1,20,0.043,23,23,23,TRUE
SP-2.5-D50x151-G6.2,50,151,2.5,18335,3.02,20,0.494,6.2,20,0.053,27,27,27,TRUE
SP-2.5-D50x151-G7.1,50,151,2.5,18335,3.02,20,0.494,7.1,20,0.06,30,30,30,TRUE
SP-2.5-D50x151-G7.95,50,151,2.5,18335,3.02,20,0.494,7.95,20,0.067,32,33,32.5,TRUE
SP-2.5-D50x151-G9.2,50,151,2.5,18335,3.02,20,0.494,9.2,20,0.078,37,38,37.5,TRUE
SP-2.5-D50x151-G10.3,50,151,2.5,18335,3.02,20,0.494,10.3,20,0.087,41,42,41.5,TRUE
SP-2.5-D50x151-G11,50,151,2.5,18335,3.02,20,0.494,11,20,0.093,44,45,44.5,TRUE
SP-2.5-D50x151-G12.2,50,151,2.5,18335,3.02,20,0.494,12.2,20,0.104,51,51,51,TRUE
SP-2.5-D50x151-G13.25,50,151,2.5,18335,3.02,20,0.494,13.25,20,0.112,56,56,56,TRUE
SP-2.5-D50x151-G14.2,50,151,2.5,18335,3.02,20,0.494,14.2,20,0.121,61,61,61,TRUE
SP-2.5-D50x151-G15.3,50,151,2.5,18335,3.02,20,0.494,15.3,20,0.13,67,67,67,TRUE
SP-2.5-D50x151-G16.1,50,151,2.5,18335,3.02,20,0.494,16.1,20,0.137,72,72,72,TRUE
SP-2.5-D50x151-G17.4,50,151,2.5,18335,3.02,20,0.494,17.4,20,0.148,79,80,79.5,TRUE
SP-2.5-D50x151-G18.2,50,151,2.5,18335,3.02,20,0.494,18.2,20,0.154,84,85,84.5,TRUE
SP-2.5-D50x151-G19.2,50,151,2.5,18335,3.02,20,0.494,19.2,20,0.163,92,92,92,TRUE
SP-2.5-D50x151-G20.05,50,151,2.5,18335,3.02,20,0.494,20.05,20,0.17,97,97,97,TRUE
SP-2.5-D50x151-G21.45,50,151,2.5,18335,3.02,20,0.494,21.45,20,0.182,106,107,106.5,TRUE
SP-2.5-D50x151-G22.2,50,151,2.5,18335,3.02,20,0.494,22.2,20,0.188,110,111,110.5,TRUE
SP-2.5-D50x151-G23.3,50,151,2.5,18335,3.02,20,0.494,23.3,20,0.198,117,118,117.5,TRUE
SP-2.5-D50x151-G24.3,50,151,2.5,18335,3.02,20,0.494,24.3,20,0.206,125,126,125.5,TRUE
SP-2.5-D50x151-G25.1,50,151,2.5,18335,3.02,20,0.494,25.1,20,0.213,131,132,131.5,TRUE
SP-2.5-D50x151-G26.4,50,151,2.5,18335,3.02,20,0.494,26.4,20,0.224,140,141,140.5,TRUE
SP-2.5-D50x151-G27.15,50,151,2.5,18335,3.02,20,0.494,27.15,20,0.23,146,147,146.5,TRUE
SP-2.5-D50x151-G28.15,50,151,2.5,18335,3.02,20,0.494,28.15,20,0.239,154,155,154.5,TRUE
SP-2.5-D50x151-G29.2,50,151,2.5,18335,3.02,20,0.494,29.2,20,0.248,163,164,163.5,TRUE
SP-2.5-D50x151-G30,50,151,2.5,18335,3.02,20,0.494,30,20,0.255,171,172,171.5,TRUE
SP-2.5-D50x151-G31.05,50,151,2.5,18335,3.02,20,0.494,31.05,20,0.264,179,180,179.5,TRUE
SP-2.5-D50x151-G32.3,50,151,2.5,18335,3.02,20,0.494,32.3,20,0.274,188,189,188.5,TRUE
SP-2.5-D50x151-G33.05,50,151,2.5,18335,3.02,20,0.494,33.05,20,0.281,194,195,194.5,TRUE
SP-2.5-D50x151-G33.35,50,151,2.5,18335,3.02,20,0.494,33.35,20,0.283,197,198,197.5,TRUE
SP-2.5-D50x222-G2.3,50,222,2.5,27502,4.44,20,0.484,2.3,20,0.02,15,20,17.5,TRUE
SP-2.5-D50x222-G3.2,50,222,2.5,27502,4.44,20,0.484,3.2,20,0.027,25,25,25,TRUE
SP-2.5-D50x222-G4.1,50,222,2.5,27502,4.44,20,0.484,4.1,20,0.035,29,30,29.5,TRUE
SP-2.5-D50x222-G5.15,50,222,2.5,27502,4.44,20,0.484,5.15,20,0.044,34,34,34,TRUE
SP-2.5-D50x222-G6.15,50,222,2.5,27502,4.44,20,0.484,6.15,20,0.052,39,40,39.5,TRUE
SP-2.5-D50x222-G7,50,222,2.5,27502,4.44,20,0.484,7,20,0.059,44,44,44,TRUE
SP-2.5-D50x222-G8.3,50,222,2.5,27502,4.44,20,0.484,8.3,20,0.07,50,51,50.5,TRUE
SP-2.5-D50x222-G9.05,50,222,2.5,27502,4.44,20,0.484,9.05,20,0.077,54,54,54,TRUE
SP-2.5-D50x222-G10.4,50,222,2.5,27502,4.44,20,0.484,10.4,20,0.088,62,62,62,TRUE
SP-2.5-D50x222-G11.05,50,222,2.5,27502,4.44,20,0.484,11.05,20,0.094,66,67,66.5,TRUE
SP-2.5-D50x222-G12,50,222,2.5,27502,4.44,20,0.484,12,20,0.102,73,74,73.5,TRUE
SP-2.5-D50x222-G13.2,50,222,2.5,27502,4.44,20,0.484,13.2,20,0.112,82,83,82.5,TRUE
SP-2.5-D50x222-G14.2,50,222,2.5,27502,4.44,20,0.484,14.2,20,0.121,90,91,90.5,TRUE
SP-2.5-D50x222-G15.3,50,222,2.5,27502,4.44,20,0.484,15.3,20,0.13,99,100,99.5,TRUE
SP-2.5-D50x222-G16.2,50,222,2.5,27502,4.44,20,0.484,16.2,20,0.138,107,108,107.5,TRUE
SP-2.5-D50x222-G17.1,50,222,2.5,27502,4.44,20,0.484,17.1,20,0.145,115,116,115.5,TRUE
SP-2.5-D50x222-G18.15,50,222,2.5,27502,4.44,20,0.484,18.15,20,0.154,125,126,125.5,TRUE
SP-2.5-D50x222-G19.1,50,222,2.5,27502,4.44,20,0.484,19.1,20,0.162,134,134,134,TRUE
SP-2.5-D50x222-G20,50,222,2.5,27502,4.44,20,0.484,20,20,0.17,143,144,143.5,TRUE
SP-2.5-D50x222-G21,50,222,2.5,27502,4.44,20,0.484,21,20,0.178,152,153,152.5,TRUE
SP-2.5-D50x222-G22.25,50,222,2.5,27502,4.44,20,0.484,22.25,20,0.189,164,165,164.5,TRUE
SP-2.5-D50x222-G23.3,50,222,2.5,27502,4.44,20,0.484,23.3,20,0.198,175,175,175,TRUE
SP-2.5-D50x222-G24.2,50,222,2.5,27502,4.44,20,0.484,24.2,20,0.205,184,185,184.5,TRUE
SP-2.5-D50x222-G25.2,50,222,2.5,27502,4.44,20,0.484,25.2,20,0.214,194,195,194.5,TRUE
SP-2.5-D50x222-G25.4,50,222,2.5,27502,4.44,20,0.484,25.4,20,0.216,197,198,197.5,TRUE
SP-2.5-D50x367-G2,50,367,2.5,45837,7.34,20,0.48,2,20,0.017,30,30,30,TRUE
SP-2.5-D50x367-G3.15,50,367,2.5,45837,7.34,20,0.48,3.15,20,0.027,41,41,41,TRUE
SP-2.5-D50x367-G4,50,367,2.5,45837,7.34,20,0.48,4,20,0.034,48,48,48,TRUE
SP-2.5-D50x367-G5.1,50,367,2.5,45837,7.34,20,0.48,5.1,20,0.043,57,58,57.5,TRUE
SP-2.5-D50x367-G6.1,50,367,2.5,45837,7.34,20,0.48,6.1,20,0.052,66,66,66,TRUE
SP-2.5-D50x367-G7,50,367,2.5,45837,7.34,20,0.48,7,20,0.059,73,74,73.5,TRUE
SP-2.5-D50x367-G8.2,50,367,2.5,45837,7.34,20,0.48,8.2,20,0.07,84,84,84,TRUE
SP-2.5-D50x367-G9.15,50,367,2.5,45837,7.34,20,0.48,9.15,20,0.078,92,92,92,TRUE
SP-2.5-D50x367-G10.2,50,367,2.5,45837,7.34,20,0.48,10.2,20,0.087,102,103,102.5,TRUE
SP-2.5-D50x367-G11.3,50,367,2.5,45837,7.34,20,0.48,11.3,20,0.096,115,115,115,TRUE
SP-2.5-D50x367-G12.3,50,367,2.5,45837,7.34,20,0.48,12.3,20,0.104,127,128,127.5,TRUE
SP-2.5-D50x367-G13.05,50,367,2.5,45837,7.34,20,0.48,13.05,20,0.111,136,137,136.5,TRUE
SP-2.5-D50x367-G14.05,50,367,2.5,45837,7.34,20,0.48,14.05,20,0.119,149,150,149.5,TRUE
SP-2.5-D50x367-G15.3,50,367,2.5,45837,7.34,20,0.48,15.3,20,0.13,166,167,166.5,TRUE
SP-2.5-D50x367-G16.3,50,367,2.5,45837,7.34,20,0.48,16.3,20,0.138,180,181,180.5,TRUE
SP-2.5-D50x367-G17,50,367,2.5,45837,7.34,20,0.48,17,20,0.144,191,192,191.5,TRUE
SP-2.5-D50x367-G17.4,50,367,2.5,45837,7.34,20,0.48,17.4,20,0.148,197,198,197.5,TRUE
SP-2.5-D50x437-G2.3,50,437,2.5,55004,8.74,20,0.476,2.3,20,0.02,39,40,39.5,TRUE
SP-2.5-D50x437-G3,50,437,2.5,55004,8.74,20,0.476,3,20,0.025,47,47,47,TRUE
SP-2.5-D50x437-G4,50,437,2.5,55004,8.74,20,0.476,4,20,0.034,56,57,56.5,TRUE
SP-2.5-D50x437-G5.05,50,437,2.5,55004,8.74,20,0.476,5.05,20,0.043,67,67,67,TRUE
SP-2.5-D50x437-G6.1,50,437,2.5,55004,8.74,20,0.476,6.1,20,0.052,77,78,77.5,TRUE
SP-2.5-D50x437-G7,50,437,2.5,55004,8.74,20,0.476,7,20,0.059,87,87,87,TRUE
SP-2.5-D50x437-G8,50,437,2.5,55004,8.74,20,0.476,8,20,0.068,97,97,97,TRUE
SP-2.5-D50x437-G9.1,50,437,2.5,55004,8.74,20,0.476,9.1,20,0.077,108,109,108.5,TRUE
SP-2.5-D50x437-G10.2,50,437,2.5,55004,8.74,20,0.476,10.2,20,0.087,120,121,120.5,TRUE
SP-2.5-D50x437-G11,50,437,2.5,55004,8.74,20,0.476,11,20,0.093,132,132,132,TRUE
SP-2.5-D50x437-G12,50,437,2.5,55004,8.74,20,0.476,12,20,0.102,146,146,146,TRUE
SP-2.5-D50x437-G13,50,437,2.5,55004,8.74,20,0.476,13,20,0.11,160,161,160.5,TRUE
SP-2.5-D50x437-G14.3,50,437,2.5,55004,8.74,20,0.476,14.3,20,0.121,181,181,181,TRUE
SP-2.5-D50x437-G15.1,50,437,2.5,55004,8.74,20,0.476,15.1,20,0.128,194,194,194,TRUE
SP-2.5-D50x437-G15.4,50,437,2.5,55004,8.74,20,0.476,15.4,20,0.131,199,200,199.5,TRUE
SP-2.5-D50x552-G2.1,50,552,2.5,70283,11.04,20,0.469,2.1,20,0.018,48,48,48,TRUE
SP-2.5-D50x552-G3.1,50,552,2.5,70283,11.04,20,0.469,3.1,20,0.026,61,61,61,TRUE
SP-2.5-D50x552-G4.2,50,552,2.5,70283,11.04,20,0.469,4.2,20,0.036,76,76,76,TRUE
SP-2.5-D50x552-G5.05,50,552,2.5,70283,11.04,20,0.469,5.05,20,0.043,86,87,86.5,TRUE
SP-2.5-D50x552-G6.2,50,552,2.5,70283,11.04,20,0.469,6.2,20,0.053,101,101,101,TRUE
SP-2.5-D50x552-G7,50,552,2.5,70283,11.04,20,0.469,7,20,0.059,111,111,111,TRUE
SP-2.5-D50x552-G8.2,50,552,2.5,70283,11.04,20,0.469,8.2,20,0.07,127,127,127,TRUE
SP-2.5-D50x552-G9.3,50,552,2.5,70283,11.04,20,0.469,9.3,20,0.079,142,142,142,TRUE
SP-2.5-D50x552-G10.3,50,552,2.5,70283,11.04,20,0.469,10.3,20,0.087,157,157,157,TRUE
SP-2.5-D50x552-G11,50,552,2.5,70283,11.04,20,0.469,11,20,0.093,169,169,169,TRUE
SP-2.5-D50x552-G12,50,552,2.5,70283,11.04,20,0.469,12,20,0.102,187,188,187.5,TRUE
SP-2.5-D50x552-G12.5,50,552,2.5,70283,11.04,20,0.469,12.5,20,0.106,196,197,196.5,TRUE
SP-42-D150x122-G594.05,150,122,42,27,0.8133333333,3.571428571,0.514,594.05,22.5,0.56,10,20,15,TRUE
SP-42-D150x122-G635.39,150,122,42,27,0.8133333333,3.571428571,0.514,635.39,,0.599,15,20,17.5,TRUE
SP-42-D150x122-G672.13,150,122,42,27,0.8133333333,3.571428571,0.514,672.13,,0.634,20,25,22.5,TRUE
SP-42-D150x122-G748.69,150,122,42,27,0.8133333333,3.571428571,0.514,748.69,,0.706,25,35,30,TRUE
SP-42-D150x122-G819.11,150,122,42,27,0.8133333333,3.571428571,0.514,819.11,,0.773,35,40,37.5,TRUE
SP-42-D150x122-G897.2,150,122,42,27,0.8133333333,3.571428571,0.514,897.2,,0.846,45,50,47.5,TRUE
SP-42-D150x122-G963.03,150,122,42,27,0.8133333333,3.571428571,0.514,963.03,,0.908,60,65,62.5,TRUE
SP-42-D150x122-G1031.93,150,122,42,27,0.8133333333,3.571428571,0.514,1031.93,,0.973,70,75,72.5,TRUE
SP-42-D150x122-G1079.39,150,122,42,27,0.8133333333,3.571428571,0.514,1079.39,,1.018,85,90,87.5,TRUE
SP-42-D150x122-G1137.57,150,122,42,27,0.8133333333,3.571428571,0.514,1137.57,,1.073,100,105,102.5,TRUE
SP-42-D150x122-G1198.82,150,122,42,27,0.8133333333,3.571428571,0.514,1198.82,,1.131,115,120,117.5,TRUE
SP-42-D150x122-G1252.4,150,122,42,27,0.8133333333,3.571428571,0.514,1252.4,,1.181,130,135,132.5,TRUE
SP-42-D150x122-G1301.4,150,122,42,27,0.8133333333,3.571428571,0.514,1301.4,,1.227,150,155,152.5,TRUE
SP-42-D150x122-G1359.58,150,122,42,27,0.8133333333,3.571428571,0.514,1359.58,,1.282,165,170,167.5,TRUE
SP-42-D150x122-G1400.92,150,122,42,27,0.8133333333,3.571428571,0.514,1400.92,,1.321,185,190,187.5,TRUE
SP-42-D150x122-G1440.72,150,122,42,27,0.8133333333,3.571428571,0.514,1440.72,,1.359,205,210,207.5,TRUE
SP-42-D150x122-G1500.43,150,122,42,27,0.8133333333,3.571428571,0.514,1500.43,,1.415,235,240,237.5,TRUE
SP-42-D150x122-G1543.3,150,122,42,27,0.8133333333,3.571428571,0.514,1543.3,,1.456,255,260,257.5,TRUE
SP-42-D150x178-G592.52,150,178,42,39,1.186666667,3.571428571,0.519,592.52,24.3,0.559,10,15,12.5,TRUE
SP-42-D150x178-G713.47,150,178,42,39,1.186666667,3.571428571,0.519,713.47,,0.673,20,25,22.5,TRUE
SP-42-D150x178-G790.02,150,178,42,39,1.186666667,3.571428571,0.519,790.02,,0.745,30,35,32.5,TRUE
SP-42-D150x178-G855.86,150,178,42,39,1.186666667,3.571428571,0.519,855.86,,0.807,35,40,37.5,TRUE
SP-42-D150x178-G929.35,150,178,42,39,1.186666667,3.571428571,0.519,929.35,,0.877,45,50,47.5,TRUE
SP-42-D150x178-G990.59,150,178,42,39,1.186666667,3.571428571,0.519,990.59,,0.934,60,65,62.5,TRUE
SP-42-D150x178-G1042.65,150,178,42,39,1.186666667,3.571428571,0.519,1042.65,,0.983,70,75,72.5,TRUE
SP-42-D150x178-G1111.55,150,178,42,39,1.186666667,3.571428571,0.519,1111.55,,1.048,85,90,87.5,TRUE
SP-42-D150x178-G1175.85,150,178,42,39,1.186666667,3.571428571,0.519,1175.85,,1.109,100,105,102.5,TRUE
SP-42-D150x178-G1230.97,150,178,42,39,1.186666667,3.571428571,0.519,1230.97,,1.161,115,120,117.5,TRUE
SP-42-D150x178-G1273.84,150,178,42,39,1.186666667,3.571428571,0.519,1273.84,,1.201,130,135,132.5,TRUE
SP-42-D150x178-G1330.49,150,178,42,39,1.186666667,3.571428571,0.519,1330.49,,1.255,150,155,152.5,TRUE
SP-42-D150x178-G1382.54,150,178,42,39,1.186666667,3.571428571,0.519,1382.54,,1.304,165,170,167.5,TRUE
SP-42-D150x178-G1416.23,150,178,42,39,1.186666667,3.571428571,0.519,1416.23,,1.336,185,190,187.5,TRUE
SP-42-D150x178-G1472.88,150,178,42,39,1.186666667,3.571428571,0.519,1472.88,,1.389,205,210,207.5,TRUE
SP-42-D150x178-G1517.28,150,178,42,39,1.186666667,3.571428571,0.519,1517.28,,1.431,230,235,232.5,TRUE
SP-42-D150x178-G1550.96,150,178,42,39,1.186666667,3.571428571,0.519,1550.96,,1.463,255,260,257.5,TRUE
SP-42-D150x235-G590.99,150,235,42,54,1.566666667,3.571428571,0.496,590.99,26.3,0.557,15,20,17.5,TRUE
SP-42-D150x235-G673.66,150,235,42,54,1.566666667,3.571428571,0.496,673.66,,0.635,20,25,22.5,TRUE
SP-42-D150x235-G744.09,150,235,42,54,1.566666667,3.571428571,0.496,744.09,,0.702,30,35,32.5,TRUE
SP-42-D150x235-G823.71,150,235,42,54,1.566666667,3.571428571,0.496,823.71,,0.777,40,45,42.5,TRUE
SP-42-D150x235-G881.89,150,235,42,54,1.566666667,3.571428571,0.496,881.89,,0.832,50,55,52.5,TRUE
SP-42-D150x235-G953.85,150,235,42,54,1.566666667,3.571428571,0.496,953.85,,0.9,65,70,67.5,TRUE
SP-42-D150x235-G1022.74,150,235,42,54,1.566666667,3.571428571,0.496,1022.74,,0.965,75,80,77.5,TRUE
SP-42-D150x235-G1082.46,150,235,42,54,1.566666667,3.571428571,0.496,1082.46,,1.021,90,95,92.5,TRUE
SP-42-D150x235-G1136.04,150,235,42,54,1.566666667,3.571428571,0.496,1136.04,,1.071,110,115,112.5,TRUE
SP-42-D150x235-G1189.63,150,235,42,54,1.566666667,3.571428571,0.496,1189.63,,1.122,130,135,132.5,TRUE
SP-42-D150x235-G1247.81,150,235,42,54,1.566666667,3.571428571,0.496,1247.81,,1.177,140,145,142.5,TRUE
SP-42-D150x235-G1296.8,150,235,42,54,1.566666667,3.571428571,0.496,1296.8,,1.223,175,180,177.5,TRUE
SP-42-D150x235-G1338.14,150,235,42,54,1.566666667,3.571428571,0.496,1338.14,,1.262,185,190,187.5,TRUE
SP-42-D150x235-G1377.95,150,235,42,54,1.566666667,3.571428571,0.496,1377.95,,1.3,205,210,207.5,TRUE
SP-42-D150x235-G1451.44,150,235,42,54,1.566666667,3.571428571,0.496,1451.44,,1.369,230,235,232.5,TRUE
SP-42-D150x235-G1500.43,150,235,42,54,1.566666667,3.571428571,0.496,1500.43,,1.415,255,260,257.5,TRUE
SP-42-D200x126-G843.61,200,126,42,55,0.63,4.761904762,0.461,843.61,,0.448,15,20,17.5,TRUE
SP-42-D200x126-G783.9,200,126,42,55,0.63,4.761904762,0.461,783.9,,0.416,20,25,22.5,TRUE
SP-42-D200x126-G1028.87,200,126,42,55,0.63,4.761904762,0.461,1028.87,,0.546,30,35,32.5,TRUE
SP-42-D200x126-G1100.83,200,126,42,55,0.63,4.761904762,0.461,1100.83,,0.584,35,40,37.5,TRUE
SP-42-D200x126-G1181.97,200,126,42,55,0.63,4.761904762,0.461,1181.97,,0.627,45,50,47.5,TRUE
SP-42-D200x126-G1270.78,200,126,42,55,0.63,4.761904762,0.461,1270.78,,0.674,55,60,57.5,TRUE
SP-42-D200x126-G1362.64,200,126,42,55,0.63,4.761904762,0.461,1362.64,,0.723,65,70,67.5,TRUE
SP-42-D200x126-G1503.5,200,126,42,55,0.63,4.761904762,0.461,1503.5,,0.798,75,80,77.5,TRUE
SP-42-D200x126-G1590.77,200,126,42,55,0.63,4.761904762,0.461,1590.77,,0.844,95,100,97.5,TRUE
SP-42-D200x126-G1647.42,200,126,42,55,0.63,4.761904762,0.461,1647.42,,0.874,105,110,107.5,TRUE
SP-42-D200x126-G1716.31,200,126,42,55,0.63,4.761904762,0.461,1716.31,,0.911,115,120,117.5,TRUE
SP-42-D200x126-G1783.68,200,126,42,55,0.63,4.761904762,0.461,1783.68,,0.946,125,130,127.5,TRUE
SP-42-D200x126-G1981.19,200,126,42,55,0.63,4.761904762,0.461,1981.19,,1.051,145,150,147.5,TRUE
SP-42-D200x158-G744.09,200,158,42,70,0.79,4.761904762,0.453,744.09,,0.395,10,15,12.5,TRUE
SP-42-D200x158-G851.27,200,158,42,70,0.79,4.761904762,0.453,851.27,,0.452,20,25,22.5,TRUE
SP-42-D200x158-G953.85,200,158,42,70,0.79,4.761904762,0.453,953.85,,0.506,30,35,32.5,TRUE
SP-42-D200x158-G1041.12,200,158,42,70,0.79,4.761904762,0.453,1041.12,,0.552,30,35,32.5,TRUE
SP-42-D200x158-G1134.51,200,158,42,70,0.79,4.761904762,0.453,1134.51,,0.602,45,50,47.5,TRUE
SP-42-D200x158-G1197.29,200,158,42,70,0.79,4.761904762,0.453,1197.29,,0.635,55,60,57.5,TRUE
SP-42-D200x158-G1237.09,200,158,42,70,0.79,4.761904762,0.453,1237.09,,0.656,65,70,67.5,TRUE
SP-42-D200x158-G1494.31,200,158,42,70,0.79,4.761904762,0.453,1494.31,,0.793,75,80,77.5,TRUE
SP-42-D200x158-G1563.21,200,158,42,70,0.79,4.761904762,0.453,1563.21,,0.829,95,100,97.5,TRUE
SP-42-D200x158-G1837.27,200,158,42,70,0.79,4.761904762,0.453,1837.27,,0.975,105,110,107.5,TRUE
SP-42-D200x158-G1847.98,200,158,42,70,0.79,4.761904762,0.453,1847.98,,0.98,115,120,117.5,TRUE
SP-42-D200x158-G1996.5,200,158,42,70,0.79,4.761904762,0.453,1996.5,,1.059,135,140,137.5,TRUE
SP-42-D200x158-G2201.66,200,158,42,70,0.79,4.761904762,0.453,2201.66,,1.168,150,155,152.5,TRUE
SP-42-D200x158-G2288.93,200,158,42,70,0.79,4.761904762,0.453,2288.93,,1.214,175,180,177.5,TRUE
SP-42-D200x190-G641.51,200,190,42,85,0.95,4.761904762,0.448,641.51,,0.34,5,10,7.5,TRUE
SP-42-D200x190-G736.44,200,190,42,85,0.95,4.761904762,0.448,736.44,,0.391,15,20,17.5,TRUE
SP-42-D200x190-G832.89,200,190,42,85,0.95,4.761904762,0.448,832.89,,0.442,20,25,22.5,TRUE
SP-42-D200x190-G956.91,200,190,42,85,0.95,4.761904762,0.448,956.91,,0.508,30,35,32.5,TRUE
SP-42-D200x190-G1028.87,200,190,42,85,0.95,4.761904762,0.448,1028.87,,0.546,35,40,37.5,TRUE
SP-42-D200x190-G1116.14,200,190,42,85,0.95,4.761904762,0.448,1116.14,,0.592,45,50,47.5,TRUE
SP-42-D200x190-G1188.1,200,190,42,85,0.95,4.761904762,0.448,1188.1,,0.63,60,65,62.5,TRUE
SP-42-D200x190-G1286.09,200,190,42,85,0.95,4.761904762,0.448,1286.09,,0.682,70,75,72.5,TRUE
SP-42-D200x190-G1411.63,200,190,42,85,0.95,4.761904762,0.448,1411.63,,0.749,80,85,82.5,TRUE
SP-42-D200x190-G1572.39,200,190,42,85,0.95,4.761904762,0.448,1572.39,,0.834,90,95,92.5,TRUE
SP-42-D200x190-G1622.92,200,190,42,85,0.95,4.761904762,0.448,1622.92,,0.861,100,105,102.5,TRUE
SP-42-D200x190-G1774.49,200,190,42,85,0.95,4.761904762,0.448,1774.49,,0.941,115,120,117.5,TRUE
SP-42-D200x190-G1998.03,200,190,42,85,0.95,4.761904762,0.448,1998.03,,1.06,140,145,142.5,TRUE
SP-42-D200x190-G2066.92,200,190,42,85,0.95,4.761904762,0.448,2066.92,,1.097,150,155,152.5,TRUE
SP-42-D200x190-G2212.37,200,190,42,85,0.95,4.761904762,0.448,2212.37,,1.174,165,170,167.5,TRUE
SP-42-D200x215-G635.39,200,215,42,100,1.075,4.761904762,0.426,635.39,,0.337,5,10,7.5,TRUE
SP-42-D200x215-G733.38,200,215,42,100,1.075,4.761904762,0.426,733.38,,0.389,15,20,17.5,TRUE
SP-42-D200x215-G823.71,200,215,42,100,1.075,4.761904762,0.426,823.71,,0.437,20,25,22.5,TRUE
SP-42-D200x215-G903.32,200,215,42,100,1.075,4.761904762,0.426,903.32,,0.479,30,35,32.5,TRUE
SP-42-D200x215-G914.04,200,215,42,100,1.075,4.761904762,0.426,914.04,,0.485,35,40,37.5,TRUE
SP-42-D200x215-G1087.05,200,215,42,100,1.075,4.761904762,0.426,1087.05,,0.577,45,50,47.5,TRUE
SP-42-D200x215-G1174.32,200,215,42,100,1.075,4.761904762,0.426,1174.32,,0.623,55,60,57.5,TRUE
SP-42-D200x215-G1263.12,200,215,42,100,1.075,4.761904762,0.426,1263.12,,0.67,65,70,67.5,TRUE
SP-42-D200x215-G1367.23,200,215,42,100,1.075,4.761904762,0.426,1367.23,,0.725,75,80,77.5,TRUE
SP-42-D200x215-G1492.78,200,215,42,100,1.075,4.761904762,0.426,1492.78,,0.792,90,95,92.5,TRUE
SP-42-D200x215-G1658.13,200,215,42,100,1.075,4.761904762,0.426,1658.13,,0.88,105,110,107.5,TRUE
SP-42-D200x215-G1728.56,200,215,42,100,1.075,4.761904762,0.426,1728.56,,0.917,120,125,122.5,TRUE
SP-42-D200x215-G1702.53,200,215,42,100,1.075,4.761904762,0.426,1702.53,,0.903,140,145,142.5,TRUE
SP-42-D200x215-G1955.16,200,215,42,100,1.075,4.761904762,0.426,1955.16,,1.037,160,165,162.5,TRUE
SP-42-D150x353-G578.74,150,353,42,84,2.353333333,3.571428571,0.478,578.74,27.3,0.546,15,20,17.5,TRUE
SP-42-D150x353-G659.88,150,353,42,84,2.353333333,3.571428571,0.478,659.88,,0.622,20,25,22.5,TRUE
SP-42-D150x353-G734.91,150,353,42,84,2.353333333,3.571428571,0.478,734.91,,0.693,30,35,32.5,TRUE
SP-42-D150x353-G805.34,150,353,42,84,2.353333333,3.571428571,0.478,805.34,,0.76,45,55,50,TRUE
SP-42-D150x353-G881.89,150,353,42,84,2.353333333,3.571428571,0.478,881.89,,0.832,60,65,62.5,TRUE
SP-42-D150x353-G937.01,150,353,42,84,2.353333333,3.571428571,0.478,937.01,,0.884,70,75,72.5,TRUE
SP-42-D150x353-G1002.84,150,353,42,84,2.353333333,3.571428571,0.478,1002.84,,0.946,85,90,87.5,TRUE
SP-42-D150x353-G1047.24,150,353,42,84,2.353333333,3.571428571,0.478,1047.24,,0.988,100,105,102.5,TRUE
SP-42-D150x353-G1100.83,150,353,42,84,2.353333333,3.571428571,0.478,1100.83,,1.038,120,125,122.5,TRUE
SP-42-D150x353-G1143.7,150,353,42,84,2.353333333,3.571428571,0.478,1143.7,,1.079,140,145,142.5,TRUE
SP-42-D150x353-G1185.04,150,353,42,84,2.353333333,3.571428571,0.478,1185.04,,1.118,155,160,157.5,TRUE
SP-42-D150x353-G1237.09,150,353,42,84,2.353333333,3.571428571,0.478,1237.09,,1.167,180,185,182.5,TRUE
SP-42-D150x353-G1289.15,150,353,42,84,2.353333333,3.571428571,0.478,1289.15,,1.216,200,205,202.5,TRUE
SP-42-D150x353-G1327.42,150,353,42,84,2.353333333,3.571428571,0.478,1327.42,,1.252,225,230,227.5,TRUE
SP-42-D150x353-G1370.29,150,353,42,84,2.353333333,3.571428571,0.478,1370.29,,1.292,250,255,252.5,TRUE
SP-42-D150x353-G1407.04,150,353,42,84,2.353333333,3.571428571,0.478,1407.04,,1.327,275,280,277.5,TRUE
SP-42-D150x353-G1433.07,150,353,42,84,2.353333333,3.571428571,0.478,1433.07,,1.352,305,310,307.5,TRUE
SP-42-D150x394-G621.61,150,394,42,94,2.626666667,3.571428571,0.476,621.61,,0.586,20,25,22.5,TRUE
SP-42-D150x394-G655.29,150,394,42,94,2.626666667,3.571428571,0.476,655.29,,0.618,25,30,27.5,TRUE
SP-42-D150x394-G730.31,150,394,42,94,2.626666667,3.571428571,0.476,730.31,,0.689,35,40,37.5,TRUE
SP-42-D150x394-G800.74,150,394,42,94,2.626666667,3.571428571,0.476,800.74,,0.755,50,55,52.5,TRUE
SP-42-D150x394-G869.64,150,394,42,94,2.626666667,3.571428571,0.476,869.64,27.1,0.82,60,65,62.5,TRUE
SP-42-D150x394-G921.7,150,394,42,94,2.626666667,3.571428571,0.476,921.7,,0.869,75,80,77.5,TRUE
SP-42-D150x394-G986,150,394,42,94,2.626666667,3.571428571,0.476,986,,0.93,90,95,92.5,TRUE
SP-42-D150x394-G1038.06,150,394,42,94,2.626666667,3.571428571,0.476,1038.06,,0.979,110,115,112.5,TRUE
SP-42-D150x394-G1087.05,150,394,42,94,2.626666667,3.571428571,0.476,1087.05,,1.025,130,135,132.5,TRUE
SP-42-D150x394-G1136.04,150,394,42,94,2.626666667,3.571428571,0.476,1136.04,,1.071,145,150,147.5,TRUE
SP-42-D150x394-G1171.26,150,394,42,94,2.626666667,3.571428571,0.476,1171.26,,1.105,165,170,167.5,TRUE
SP-42-D150x394-G1223.31,150,394,42,94,2.626666667,3.571428571,0.476,1223.31,,1.154,190,195,192.5,TRUE
SP-42-D150x394-G1270.78,150,394,42,94,2.626666667,3.571428571,0.476,1270.78,,1.199,210,215,212.5,TRUE
SP-42-D150x394-G1309.05,150,394,42,94,2.626666667,3.571428571,0.476,1309.05,,1.235,235,240,237.5,TRUE
SP-42-D150x394-G1347.33,150,394,42,94,2.626666667,3.571428571,0.476,1347.33,,1.271,265,270,267.5,TRUE
SP-42-D150x394-G1374.89,150,394,42,94,2.626666667,3.571428571,0.476,1374.89,,1.297,290,295,292.5,TRUE
SP-42-D150x394-G1422.35,150,394,42,94,2.626666667,3.571428571,0.476,1422.35,,1.341,315,320,317.5,TRUE
SP-42-D150x425-G583.33,150,425,42,102,2.833333333,3.571428571,0.473,583.33,27.6,0.55,15,25,20,TRUE
SP-42-D150x425-G653.76,150,425,42,102,2.833333333,3.571428571,0.473,653.76,,0.617,25,30,27.5,TRUE
SP-42-D150x425-G722.66,150,425,42,102,2.833333333,3.571428571,0.473,722.66,,0.682,35,40,37.5,TRUE
SP-42-D150x425-G796.15,150,425,42,102,2.833333333,3.571428571,0.473,796.15,,0.751,50,55,52.5,TRUE
SP-42-D150x425-G861.98,150,425,42,102,2.833333333,3.571428571,0.473,861.98,27.3,0.813,60,65,62.5,TRUE
SP-42-D150x425-G917.1,150,425,42,102,2.833333333,3.571428571,0.473,917.1,,0.865,75,80,77.5,TRUE
SP-42-D150x425-G981.41,150,425,42,102,2.833333333,3.571428571,0.473,981.41,,0.926,90,95,92.5,TRUE
SP-42-D150x425-G1034.99,150,425,42,102,2.833333333,3.571428571,0.473,1034.99,,0.976,110,115,112.5,TRUE
SP-42-D150x425-G1083.99,150,425,42,102,2.833333333,3.571428571,0.473,1083.99,,1.022,130,135,132.5,TRUE
SP-42-D150x425-G1129.92,150,425,42,102,2.833333333,3.571428571,0.473,1129.92,27.1,1.066,140,145,142.5,TRUE
SP-42-D150x425-G1166.66,150,425,42,102,2.833333333,3.571428571,0.473,1166.66,,1.1,165,170,167.5,TRUE
SP-42-D150x425-G1224.84,150,425,42,102,2.833333333,3.571428571,0.473,1224.84,,1.155,185,190,187.5,TRUE
SP-42-D150x425-G1258.53,150,425,42,102,2.833333333,3.571428571,0.473,1258.53,,1.187,210,215,212.5,TRUE
SP-42-D150x425-G1302.93,150,425,42,102,2.833333333,3.571428571,0.473,1302.93,,1.229,235,240,237.5,TRUE
SP-42-D150x425-G1336.61,150,425,42,102,2.833333333,3.571428571,0.473,1336.61,,1.261,265,270,267.5,TRUE
SP-42-D150x425-G1376.42,150,425,42,102,2.833333333,3.571428571,0.473,1376.42,,1.298,295,300,297.5,TRUE
SP-42-D150x425-G1400.92,150,425,42,102,2.833333333,3.571428571,0.473,1400.92,,1.321,315,320,317.5,TRUE
SP-42-D100x754-G378.17,100,754,42,75,7.54,2.380952381,0.509,378.17,26.6,0.803,25,30,27.5,TRUE
SP-42-D100x754-G414.92,100,754,42,75,7.54,2.380952381,0.509,414.92,,0.88,30,35,32.5,TRUE
SP-42-D100x754-G456.25,100,754,42,75,7.54,2.380952381,0.509,456.25,,0.968,40,45,42.5,TRUE
SP-42-D100x754-G494.53,100,754,42,75,7.54,2.380952381,0.509,494.53,,1.049,50,55,52.5,TRUE
SP-42-D100x754-G522.09,100,754,42,75,7.54,2.380952381,0.509,522.09,,1.108,55,60,57.5,TRUE
SP-42-D100x754-G566.49,100,754,42,75,7.54,2.380952381,0.509,566.49,,1.202,65,70,67.5,TRUE
SP-42-D100x754-G658.35,100,754,42,75,7.54,2.380952381,0.509,658.35,,1.397,80,85,82.5,TRUE
SP-42-D100x754-G685.91,100,754,42,75,7.54,2.380952381,0.509,685.91,,1.456,85,90,87.5,TRUE
SP-42-D100x754-G721.13,100,754,42,75,7.54,2.380952381,0.509,721.13,,1.53,95,100,97.5,TRUE
SP-42-D100x754-G747.15,100,754,42,75,7.54,2.380952381,0.509,747.15,,1.586,110,115,112.5,TRUE
SP-42-D100x754-G786.96,100,754,42,75,7.54,2.380952381,0.509,786.96,,1.67,120,125,122.5,TRUE
SP-42-D100x754-G814.52,100,754,42,75,7.54,2.380952381,0.509,814.52,,1.728,130,135,132.5,TRUE
SP-42-D100x754-G858.92,100,754,42,75,7.54,2.380952381,0.509,858.92,,1.823,145,150,147.5,TRUE
SP-42-D100x754-G888.01,100,754,42,75,7.54,2.380952381,0.509,888.01,,1.884,155,160,157.5,TRUE
SP-42-D100x754-G926.29,100,754,42,75,7.54,2.380952381,0.509,926.29,,1.966,175,180,177.5,TRUE
SP-42-D100x754-G964.56,100,754,42,75,7.54,2.380952381,0.509,964.56,,2.047,190,195,192.5,TRUE
SP-42-D100x754-G998.25,100,754,42,75,7.54,2.380952381,0.509,998.25,,2.118,205,210,207.5,TRUE
SP-42-D100x754-G1031.93,100,754,42,75,7.54,2.380952381,0.509,1031.93,,2.19,225,230,227.5,TRUE
SP-42-D100x754-G1051.83,100,754,42,75,7.54,2.380952381,0.509,1051.83,,2.232,240,245,242.5,TRUE
SP-42-D100x754-G1097.77,100,754,42,75,7.54,2.380952381,0.509,1097.77,,2.33,260,265,262.5,TRUE
SP-42-D100x754-G1123.79,100,754,42,75,7.54,2.380952381,0.509,1123.79,,2.385,275,280,277.5,TRUE
SP-42-D100x754-G1151.35,100,754,42,75,7.54,2.380952381,0.509,1151.35,,2.443,295,300,297.5,TRUE
SP-42-D100x754-G1185.04,100,754,42,75,7.54,2.380952381,0.509,1185.04,,2.515,315,320,317.5,TRUE
SP-42-D100x754-G1230.97,100,754,42,75,7.54,2.380952381,0.509,1230.97,,2.612,335,340,337.5,TRUE
SP-42-D100x754-G1263.12,100,754,42,75,7.54,2.380952381,0.509,1263.12,,2.68,355,360,357.5,TRUE
SP-42-D100x754-G1292.21,100,754,42,75,7.54,2.380952381,0.509,1292.21,,2.742,375,380,377.5,TRUE
SP-42-D100x754-G1324.36,100,754,42,75,7.54,2.380952381,0.509,1324.36,,2.81,395,400,397.5,TRUE
SP-42-D100x754-G1361.11,100,754,42,75,7.54,2.380952381,0.509,1361.11,,2.888,415,420,417.5,TRUE
SP-42-D100x754-G1414.69,100,754,42,75,7.54,2.380952381,0.509,1414.69,,3.002,445,450,447.5,TRUE
SP-42-D100x754-G1437.66,100,754,42,75,7.54,2.380952381,0.509,1437.66,,3.051,465,470,467.5,TRUE
SP-42-D100x754-G1468.28,100,754,42,75,7.54,2.380952381,0.509,1468.28,,3.116,485,490,487.5,TRUE
SP-42-D100x754-G1518.81,100,754,42,75,7.54,2.380952381,0.509,1518.81,,3.223,515,520,517.5,TRUE
SP-42-D100x754-G1535.65,100,754,42,75,7.54,2.380952381,0.509,1535.65,,3.259,535,540,537.5,TRUE
SP-42-D100x805-G463.91,100,805,42,81,8.05,2.380952381,0.503,463.91,,0.984,30,40,35,TRUE
SP-42-D100x805-G496.06,100,805,42,81,8.05,2.380952381,0.503,496.06,,1.053,35,45,40,TRUE
SP-42-D100x805-G522.09,100,805,42,81,8.05,2.380952381,0.503,522.09,,1.108,40,45,42.5,TRUE
SP-42-D100x805-G560.37,100,805,42,81,8.05,2.380952381,0.503,560.37,,1.189,50,55,52.5,TRUE
SP-42-D100x805-G584.86,100,805,42,81,8.05,2.380952381,0.503,584.86,,1.241,60,65,62.5,TRUE
SP-42-D100x805-G609.36,100,805,42,81,8.05,2.380952381,0.503,609.36,,1.293,65,70,67.5,TRUE
SP-42-D100x805-G632.33,100,805,42,81,8.05,2.380952381,0.503,632.33,,1.342,75,80,77.5,TRUE
SP-42-D100x805-G652.23,100,805,42,81,8.05,2.380952381,0.503,652.23,,1.384,85,90,87.5,TRUE
SP-42-D100x805-G685.91,100,805,42,81,8.05,2.380952381,0.503,685.91,,1.456,95,100,97.5,TRUE
SP-42-D100x805-G711.94,100,805,42,81,8.05,2.380952381,0.503,711.94,,1.511,110,115,112.5,TRUE
SP-42-D100x805-G751.75,100,805,42,81,8.05,2.380952381,0.503,751.75,,1.595,120,125,122.5,TRUE
SP-42-D100x805-G779.31,100,805,42,81,8.05,2.380952381,0.503,779.31,,1.654,130,135,132.5,TRUE
SP-42-D100x805-G822.18,100,805,42,81,8.05,2.380952381,0.503,822.18,,1.745,145,150,147.5,TRUE
SP-42-D100x805-G851.27,100,805,42,81,8.05,2.380952381,0.503,851.27,,1.806,160,165,162.5,TRUE
SP-42-D100x805-G891.07,100,805,42,81,8.05,2.380952381,0.503,891.07,,1.891,175,180,177.5,TRUE
SP-42-D100x805-G918.63,100,805,42,81,8.05,2.380952381,0.503,918.63,,1.949,195,200,197.5,TRUE
SP-42-D100x805-G959.97,100,805,42,81,8.05,2.380952381,0.503,959.97,,2.037,210,215,212.5,TRUE
SP-42-D100x805-G989.06,100,805,42,81,8.05,2.380952381,0.503,989.06,,2.099,225,230,227.5,TRUE
SP-42-D100x805-G1022.74,100,805,42,81,8.05,2.380952381,0.503,1022.74,,2.17,245,250,247.5,TRUE
SP-42-D100x805-G1056.43,100,805,42,81,8.05,2.380952381,0.503,1056.43,,2.242,265,270,267.5,TRUE
SP-42-D100x805-G1090.11,100,805,42,81,8.05,2.380952381,0.503,1090.11,,2.313,280,285,282.5,TRUE
SP-42-D100x805-G1126.86,100,805,42,81,8.05,2.380952381,0.503,1126.86,,2.391,295,300,297.5,TRUE
SP-42-D100x805-G1143.7,100,805,42,81,8.05,2.380952381,0.503,1143.7,,2.427,315,320,317.5,TRUE
SP-42-D100x805-G1178.91,100,805,42,81,8.05,2.380952381,0.503,1178.91,,2.502,345,350,347.5,TRUE
SP-42-D100x805-G1208,100,805,42,81,8.05,2.380952381,0.503,1208,,2.563,355,360,357.5,TRUE
SP-42-D100x805-G1243.22,100,805,42,81,8.05,2.380952381,0.503,1243.22,,2.638,380,385,382.5,TRUE
SP-42-D100x805-G1284.56,100,805,42,81,8.05,2.380952381,0.503,1284.56,,2.726,405,410,407.5,TRUE
SP-42-D100x805-G1319.77,100,805,42,81,8.05,2.380952381,0.503,1319.77,,2.801,425,430,427.5,TRUE
SP-42-D100x805-G1342.74,100,805,42,81,8.05,2.380952381,0.503,1342.74,,2.849,445,450,447.5,TRUE
SP-42-D100x805-G1382.54,100,805,42,81,8.05,2.380952381,0.503,1382.54,,2.934,475,480,477.5,TRUE
SP-42-D100x805-G1408.57,100,805,42,81,8.05,2.380952381,0.503,1408.57,,2.989,495,500,497.5,TRUE
SP-42-D100x805-G1446.85,100,805,42,81,8.05,2.380952381,0.503,1446.85,,3.07,525,530,527.5,TRUE
SP-42-D150x263-G583.33,150,263,42,62,1.753333333,3.571428571,0.483,583.33,25,0.55,15,20,17.5,TRUE
SP-42-D150x263-G659.88,150,263,42,62,1.753333333,3.571428571,0.483,659.88,,0.622,20,25,22.5,TRUE
SP-42-D150x263-G727.25,150,263,42,62,1.753333333,3.571428571,0.483,727.25,,0.686,30,35,32.5,TRUE
SP-42-D150x263-G768.59,150,263,42,62,1.753333333,3.571428571,0.483,768.59,,0.725,40,45,42.5,TRUE
SP-42-D150x263-G834.43,150,263,42,62,1.753333333,3.571428571,0.483,834.43,,0.787,50,55,52.5,TRUE
SP-42-D150x263-G901.79,150,263,42,62,1.753333333,3.571428571,0.483,901.79,,0.851,60,65,62.5,TRUE
SP-42-D150x263-G963.03,150,263,42,62,1.753333333,3.571428571,0.483,963.03,,0.908,70,75,72.5,TRUE
SP-42-D150x263-G1016.62,150,263,42,62,1.753333333,3.571428571,0.483,1016.62,,0.959,85,90,87.5,TRUE
SP-42-D150x263-G1068.68,150,263,42,62,1.753333333,3.571428571,0.483,1068.68,,1.008,100,105,102.5,TRUE
SP-42-D150x263-G1110.02,150,263,42,62,1.753333333,3.571428571,0.483,1110.02,,1.047,120,125,122.5,TRUE
SP-42-D150x263-G1160.54,150,263,42,62,1.753333333,3.571428571,0.483,1160.54,,1.095,135,140,137.5,TRUE
SP-42-D150x263-G1211.06,150,263,42,62,1.753333333,3.571428571,0.483,1211.06,,1.142,150,155,152.5,TRUE
SP-42-D150x263-G1240.15,150,263,42,62,1.753333333,3.571428571,0.483,1240.15,,1.17,165,170,167.5,TRUE
SP-42-D150x263-G1295.27,150,263,42,62,1.753333333,3.571428571,0.483,1295.27,,1.222,195,200,197.5,TRUE
SP-42-D150x263-G1332.02,150,263,42,62,1.753333333,3.571428571,0.483,1332.02,,1.256,215,220,217.5,TRUE
SP-42-D150x263-G1356.51,150,263,42,62,1.753333333,3.571428571,0.483,1356.51,,1.279,235,240,237.5,TRUE
SP-42-D150x263-G1403.98,150,263,42,62,1.753333333,3.571428571,0.483,1403.98,,1.324,260,265,262.5,TRUE
SP-42-D150x263-G1454.5,150,263,42,62,1.753333333,3.571428571,0.483,1454.5,,1.372,285,290,287.5,TRUE
SP-20-D100x125-G416.45,100,125,20,120,1.25,5,0.488,416.45,25.4,0.884,20,30,25,TRUE
SP-20-D100x125-G462.38,100,125,20,120,1.25,5,0.488,462.38,,0.981,30,35,32.5,TRUE
SP-20-D100x125-G505.25,100,125,20,120,1.25,5,0.488,505.25,,1.072,35,40,37.5,TRUE
SP-20-D100x125-G545.06,100,125,20,120,1.25,5,0.488,545.06,,1.157,45,50,47.5,TRUE
SP-20-D100x125-G587.93,100,125,20,120,1.25,5,0.488,587.93,,1.248,50,55,52.5,TRUE
SP-20-D100x125-G626.2,100,125,20,120,1.25,5,0.488,626.2,,1.329,60,65,62.5,TRUE
SP-20-D100x125-G670.6,100,125,20,120,1.25,5,0.488,670.6,,1.423,70,75,72.5,TRUE
SP-20-D100x125-G715,100,125,20,120,1.25,5,0.488,715,,1.517,80,85,82.5,TRUE
SP-20-D100x125-G753.28,100,125,20,120,1.25,5,0.488,753.28,,1.599,90,95,92.5,TRUE
SP-20-D100x125-G794.62,100,125,20,120,1.25,5,0.488,794.62,,1.686,100,105,102.5,TRUE
SP-20-D100x125-G831.36,100,125,20,120,1.25,5,0.488,831.36,,1.764,115,120,117.5,TRUE
SP-20-D100x125-G871.17,100,125,20,120,1.25,5,0.488,871.17,,1.849,125,130,127.5,TRUE
SP-20-D100x125-G909.45,100,125,20,120,1.25,5,0.488,909.45,,1.93,135,140,137.5,TRUE
SP-20-D100x125-G950.79,100,125,20,120,1.25,5,0.488,950.79,,2.018,145,150,147.5,TRUE
SP-20-D100x125-G989.06,100,125,20,120,1.25,5,0.488,989.06,,2.099,165,170,167.5,TRUE
SP-20-D100x125-G1019.68,100,125,20,120,1.25,5,0.488,1019.68,,2.164,175,180,177.5,TRUE
SP-20-D100x125-G1061.02,100,125,20,120,1.25,5,0.488,1061.02,,2.252,190,195,192.5,TRUE
SP-20-D100x125-G1093.17,100,125,20,120,1.25,5,0.488,1093.17,,2.32,205,210,207.5,TRUE
SP-20-D100x125-G1128.39,100,125,20,120,1.25,5,0.488,1128.39,,2.395,225,230,227.5,TRUE
SP-20-D100x125-G1165.13,100,125,20,120,1.25,5,0.488,1165.13,,2.472,235,240,237.5,TRUE
SP-20-D100x125-G1204.94,100,125,20,120,1.25,5,0.488,1204.94,,2.557,255,260,257.5,TRUE
SP-20-D100x125-G1244.75,100,125,20,120,1.25,5,0.488,1244.75,,2.641,275,280,277.5,TRUE
SP-20-D100x125-G1272.31,100,125,20,120,1.25,5,0.488,1272.31,,2.7,285,290,287.5,TRUE
SP-20-D100x125-G1321.3,100,125,20,120,1.25,5,0.488,1321.3,,2.804,315,320,317.5,TRUE
SP-20-D100x125-G1354.98,100,125,20,120,1.25,5,0.488,1354.98,,2.875,325,330,327.5,TRUE
SP-20-D100x125-G1397.85,100,125,20,120,1.25,5,0.488,1397.85,,2.966,345,350,347.5,TRUE
SP-20-D100x125-G1436.13,100,125,20,120,1.25,5,0.488,1436.13,,3.048,365,370,367.5,TRUE
SP-20-D100x125-G1466.75,100,125,20,120,1.25,5,0.488,1466.75,,3.113,385,390,387.5,TRUE
SP-20-D100x125-G1508.09,100,125,20,120,1.25,5,0.488,1508.09,,3.2,405,410,407.5,TRUE
SP-20-D100x125-G1550.96,100,125,20,120,1.25,5,0.488,1550.96,,3.291,435,440,437.5,TRUE
SP-20-D100x125-G1575.46,100,125,20,120,1.25,5,0.488,1575.46,,3.343,455,460,457.5,TRUE
SP-20-D100x125-G1627.51,100,125,20,120,1.25,5,0.488,1627.51,,3.454,485,490,487.5,TRUE
SP-20-D100x125-G1656.6,100,125,20,120,1.25,5,0.488,1656.6,,3.515,495,500,497.5,TRUE
SP-20-D100x216-G344.49,100,216,20,220,2.16,5,0.457,344.49,,0.731,30,35,32.5,TRUE
SP-20-D100x216-G381.23,100,216,20,220,2.16,5,0.457,381.23,,0.809,35,40,37.5,TRUE
SP-20-D100x216-G414.92,100,216,20,220,2.16,5,0.457,414.92,,0.88,45,50,47.5,TRUE
SP-20-D100x216-G445.54,100,216,20,220,2.16,5,0.457,445.54,,0.945,50,55,52.5,TRUE
SP-20-D100x216-G483.81,100,216,20,220,2.16,5,0.457,483.81,,1.027,60,65,62.5,TRUE
SP-20-D100x216-G517.5,100,216,20,220,2.16,5,0.457,517.5,,1.098,70,75,72.5,TRUE
SP-20-D100x216-G549.65,100,216,20,220,2.16,5,0.457,549.65,,1.166,80,85,82.5,TRUE
SP-20-D100x216-G589.46,100,216,20,220,2.16,5,0.457,589.46,,1.251,90,95,92.5,TRUE
SP-20-D100x216-G624.67,100,216,20,220,2.16,5,0.457,624.67,,1.326,100,105,102.5,TRUE
SP-20-D100x216-G656.82,100,216,20,220,2.16,5,0.457,656.82,,1.394,110,115,112.5,TRUE
SP-20-D100x216-G688.97,100,216,20,220,2.16,5,0.457,688.97,,1.462,125,130,127.5,TRUE
SP-20-D100x216-G721.13,100,216,20,220,2.16,5,0.457,721.13,,1.53,135,140,137.5,TRUE
SP-20-D100x216-G754.81,100,216,20,220,2.16,5,0.457,754.81,,1.602,145,150,147.5,TRUE
SP-20-D100x216-G780.84,100,216,20,220,2.16,5,0.457,780.84,,1.657,160,165,162.5,TRUE
SP-20-D100x216-G812.99,100,216,20,220,2.16,5,0.457,812.99,,1.725,175,180,177.5,TRUE
SP-20-D100x216-G858.92,100,216,20,220,2.16,5,0.457,858.92,,1.823,195,200,197.5,TRUE
SP-20-D100x216-G886.48,100,216,20,220,2.16,5,0.457,886.48,,1.881,205,210,207.5,TRUE
SP-20-D100x216-G920.16,100,216,20,220,2.16,5,0.457,920.16,,1.953,225,230,227.5,TRUE
SP-20-D100x216-G956.91,100,216,20,220,2.16,5,0.457,956.91,,2.031,245,250,247.5,TRUE
SP-20-D100x216-G978.34,100,216,20,220,2.16,5,0.457,978.34,,2.076,265,270,267.5,TRUE
SP-20-D100x216-G1016.62,100,216,20,220,2.16,5,0.457,1016.62,,2.157,275,280,277.5,TRUE
SP-20-D100x216-G1051.83,100,216,20,220,2.16,5,0.457,1051.83,,2.232,305,310,307.5,TRUE
SP-20-D100x216-G1070.21,100,216,20,220,2.16,5,0.457,1070.21,,2.271,320,325,322.5,TRUE
SP-20-D100x216-G1099.3,100,216,20,220,2.16,5,0.457,1099.3,,2.333,345,350,347.5,TRUE
SP-20-D100x216-G1123.79,100,216,20,220,2.16,5,0.457,1123.79,,2.385,355,360,357.5,TRUE
SP-20-D100x216-G1160.54,100,216,20,220,2.16,5,0.457,1160.54,,2.463,385,390,387.5,TRUE
SP-20-D100x216-G1191.16,100,216,20,220,2.16,5,0.457,1191.16,,2.528,405,410,407.5,TRUE
SP-20-D100x216-G1232.5,100,216,20,220,2.16,5,0.457,1232.5,,2.615,425,430,427.5,TRUE
SP-20-D100x216-G1260.06,100,216,20,220,2.16,5,0.457,1260.06,,2.674,455,460,457.5,TRUE
SP-20-D100x216-G1289.15,100,216,20,220,2.16,5,0.457,1289.15,,2.736,475,480,477.5,TRUE
SP-20-D100x216-G1316.71,100,216,20,220,2.16,5,0.457,1316.71,,2.794,495,500,497.5,TRUE
SP-20-D100x216-G1356.51,100,216,20,220,2.16,5,0.457,1356.51,,2.879,535,540,537.5,TRUE
SP-20-D100x216-G1384.07,100,216,20,220,2.16,5,0.457,1384.07,,2.937,545,550,547.5,TRUE
SP-20-D100x262-G332.24,100,262,20,270,2.62,5,0.45,332.24,,0.705,30,35,32.5,TRUE
SP-20-D100x262-G358.27,100,262,20,270,2.62,5,0.45,358.27,,0.76,35,40,37.5,TRUE
SP-20-D100x262-G390.42,100,262,20,270,2.62,5,0.45,390.42,,0.828,40,50,45,TRUE
SP-20-D100x262-G428.7,100,262,20,270,2.62,5,0.45,428.7,,0.91,50,55,52.5,TRUE
SP-20-D100x262-G463.91,100,262,20,270,2.62,5,0.45,463.91,,0.984,60,65,62.5,TRUE
SP-20-D100x262-G488.41,100,262,20,270,2.62,5,0.45,488.41,,1.036,70,75,72.5,TRUE
SP-20-D100x262-G520.56,100,262,20,270,2.62,5,0.45,520.56,,1.105,80,85,82.5,TRUE
SP-20-D100x262-G557.3,100,262,20,270,2.62,5,0.45,557.3,,1.183,90,95,92.5,TRUE
SP-20-D100x262-G589.46,100,262,20,270,2.62,5,0.45,589.46,,1.251,100,105,102.5,TRUE
SP-20-D100x262-G618.55,100,262,20,270,2.62,5,0.45,618.55,,1.313,110,115,112.5,TRUE
SP-20-D100x262-G650.7,100,262,20,270,2.62,5,0.45,650.7,,1.381,125,130,127.5,TRUE
SP-20-D100x262-G682.85,100,262,20,270,2.62,5,0.45,682.85,,1.449,135,140,137.5,TRUE
SP-20-D100x262-G721.13,100,262,20,270,2.62,5,0.45,721.13,,1.53,150,155,152.5,TRUE
SP-20-D100x262-G750.22,100,262,20,270,2.62,5,0.45,750.22,,1.592,165,170,167.5,TRUE
SP-20-D100x262-G779.31,100,262,20,270,2.62,5,0.45,779.31,,1.654,180,185,182.5,TRUE
SP-20-D100x262-G816.05,100,262,20,270,2.62,5,0.45,816.05,,1.732,195,200,197.5,TRUE
SP-20-D100x262-G852.8,100,262,20,270,2.62,5,0.45,852.8,,1.81,215,220,217.5,TRUE
SP-20-D100x262-G877.29,100,262,20,270,2.62,5,0.45,877.29,,1.862,230,235,232.5,TRUE
SP-20-D100x262-G914.04,100,262,20,270,2.62,5,0.45,914.04,,1.94,250,255,252.5,TRUE
SP-20-D100x262-G943.13,100,262,20,270,2.62,5,0.45,943.13,,2.001,265,270,267.5,TRUE
SP-20-D100x262-G979.88,100,262,20,270,2.62,5,0.45,979.88,,2.079,285,290,287.5,TRUE
SP-20-D100x262-G1010.5,100,262,20,270,2.62,5,0.45,1010.5,,2.144,305,310,307.5,TRUE
SP-20-D100x262-G1027.34,100,262,20,270,2.62,5,0.45,1027.34,,2.18,325,330,327.5,TRUE
SP-20-D100x262-G1062.55,100,262,20,270,2.62,5,0.45,1062.55,,2.255,345,350,347.5,TRUE
SP-20-D100x262-G1093.17,100,262,20,270,2.62,5,0.45,1093.17,,2.32,365,370,367.5,TRUE
SP-20-D100x262-G1114.61,100,262,20,270,2.62,5,0.45,1114.61,,2.365,385,390,387.5,TRUE
SP-20-D100x262-G1145.23,100,262,20,270,2.62,5,0.45,1145.23,,2.43,415,420,417.5,TRUE
SP-20-D100x262-G1166.66,100,262,20,270,2.62,5,0.45,1166.66,,2.476,435,440,437.5,TRUE
SP-20-D100x262-G1201.88,100,262,20,270,2.62,5,0.45,1201.88,,2.55,455,460,457.5,TRUE
SP-20-D100x262-G1240.15,100,262,20,270,2.62,5,0.45,1240.15,,2.632,485,490,487.5,TRUE
SP-20-D100x262-G1257,100,262,20,270,2.62,5,0.45,1257,,2.667,505,510,507.5,TRUE
SP-20-D100x262-G1295.27,100,262,20,270,2.62,5,0.45,1295.27,,2.749,535,540,537.5,TRUE
SP-20-D100x262-G1319.77,100,262,20,270,2.62,5,0.45,1319.77,,2.801,555,560,557.5,TRUE
SP-20-D100x351-G295.49,100,351,20,370,3.51,5,0.438,295.49,,0.627,30,35,32.5,TRUE
SP-20-D100x351-G321.52,100,351,20,370,3.51,5,0.438,321.52,,0.682,35,40,37.5,TRUE
SP-20-D100x351-G356.74,100,351,20,370,3.51,5,0.438,356.74,,0.757,45,50,47.5,TRUE
SP-20-D100x351-G379.7,100,351,20,370,3.51,5,0.438,379.7,,0.806,50,60,55,TRUE
SP-20-D100x351-G404.2,100,351,20,370,3.51,5,0.438,404.2,,0.858,60,65,62.5,TRUE
SP-20-D100x351-G440.94,100,351,20,370,3.51,5,0.438,440.94,,0.936,70,75,72.5,TRUE
SP-20-D100x351-G468.5,100,351,20,370,3.51,5,0.438,468.5,,0.994,80,85,82.5,TRUE
SP-20-D100x351-G493,100,351,20,370,3.51,5,0.438,493,,1.046,90,95,92.5,TRUE
SP-20-D100x351-G523.62,100,351,20,370,3.51,5,0.438,523.62,,1.111,105,110,107.5,TRUE
SP-20-D100x351-G548.12,100,351,20,370,3.51,5,0.438,548.12,,1.163,115,125,120,TRUE
SP-20-D100x351-G581.8,100,351,20,370,3.51,5,0.438,581.8,,1.235,130,135,132.5,TRUE
SP-20-D100x351-G607.83,100,351,20,370,3.51,5,0.438,607.83,,1.29,140,145,142.5,TRUE
SP-20-D100x351-G638.45,100,351,20,370,3.51,5,0.438,638.45,,1.355,155,160,157.5,TRUE
SP-20-D100x351-G662.95,100,351,20,370,3.51,5,0.438,662.95,,1.407,175,180,177.5,TRUE
SP-20-D100x351-G696.63,100,351,20,370,3.51,5,0.438,696.63,,1.478,190,195,192.5,TRUE
SP-20-D100x351-G711.94,100,351,20,370,3.51,5,0.438,711.94,,1.511,205,210,207.5,TRUE
SP-20-D100x351-G753.28,100,351,20,370,3.51,5,0.438,753.28,,1.599,225,230,227.5,TRUE
SP-20-D100x351-G780.84,100,351,20,370,3.51,5,0.438,780.84,,1.657,245,250,247.5,TRUE
SP-20-D100x351-G814.52,100,351,20,370,3.51,5,0.438,814.52,,1.728,265,270,267.5,TRUE
SP-20-D100x351-G835.96,100,351,20,370,3.51,5,0.438,835.96,,1.774,285,290,287.5,TRUE
SP-20-D100x351-G866.58,100,351,20,370,3.51,5,0.438,866.58,,1.839,305,310,307.5,TRUE
SP-20-D100x351-G895.67,100,351,20,370,3.51,5,0.438,895.67,,1.901,325,330,327.5,TRUE
SP-20-D100x351-G915.57,100,351,20,370,3.51,5,0.438,915.57,,1.943,345,350,347.5,TRUE
SP-20-D100x351-G946.19,100,351,20,370,3.51,5,0.438,946.19,,2.008,365,370,367.5,TRUE
SP-20-D100x351-G970.69,100,351,20,370,3.51,5,0.438,970.69,,2.06,385,390,387.5,TRUE
SP-20-D100x351-G1002.84,100,351,20,370,3.51,5,0.438,1002.84,,2.128,415,420,417.5,TRUE
SP-20-D100x351-G1016.62,100,351,20,370,3.51,5,0.438,1016.62,,2.157,435,440,437.5,TRUE
SP-20-D100x351-G1045.71,100,351,20,370,3.51,5,0.438,1045.71,,2.219,455,460,457.5,TRUE
SP-20-D100x351-G1064.08,100,351,20,370,3.51,5,0.438,1064.08,,2.258,485,490,487.5,TRUE
SP-20-D100x351-G1094.7,100,351,20,370,3.51,5,0.438,1094.7,,2.323,505,510,507.5,TRUE
SP-20-D100x351-G1106.95,100,351,20,370,3.51,5,0.438,1106.95,,2.349,525,530,527.5,TRUE
SP-20-D100x446-G274.06,100,446,20,470,4.46,5,0.438,274.06,,0.582,30,35,32.5,TRUE
SP-20-D100x446-G297.02,100,446,20,470,4.46,5,0.438,297.02,,0.63,35,40,37.5,TRUE
SP-20-D100x446-G326.11,100,446,20,470,4.46,5,0.438,326.11,,0.692,45,55,50,TRUE
SP-20-D100x446-G352.14,100,446,20,470,4.46,5,0.438,352.14,,0.747,55,65,60,TRUE
SP-20-D100x446-G373.58,100,446,20,470,4.46,5,0.438,373.58,,0.793,65,70,67.5,TRUE
SP-20-D100x446-G401.14,100,446,20,470,4.46,5,0.438,401.14,,0.851,75,80,77.5,TRUE
SP-20-D100x446-G437.88,100,446,20,470,4.46,5,0.438,437.88,,0.929,85,90,87.5,TRUE
SP-20-D100x446-G451.66,100,446,20,470,4.46,5,0.438,451.66,,0.958,95,100,97.5,TRUE
SP-20-D100x446-G474.63,100,446,20,470,4.46,5,0.438,474.63,,1.007,110,115,112.5,TRUE
SP-20-D100x446-G506.78,100,446,20,470,4.46,5,0.438,506.78,,1.075,120,125,122.5,TRUE
SP-20-D100x446-G534.34,100,446,20,470,4.46,5,0.438,534.34,,1.134,135,140,137.5,TRUE
SP-20-D100x446-G560.37,100,446,20,470,4.46,5,0.438,560.37,,1.189,145,150,147.5,TRUE
SP-20-D100x446-G587.93,100,446,20,470,4.46,5,0.438,587.93,,1.248,165,170,167.5,TRUE
SP-20-D100x446-G618.55,100,446,20,470,4.46,5,0.438,618.55,,1.313,180,185,182.5,TRUE
SP-20-D100x446-G635.39,100,446,20,470,4.46,5,0.438,635.39,,1.348,195,200,197.5,TRUE
SP-20-D100x446-G666.01,100,446,20,470,4.46,5,0.438,666.01,,1.413,215,220,217.5,TRUE
SP-20-D100x446-G693.57,100,446,20,470,4.46,5,0.438,693.57,,1.472,235,240,237.5,TRUE
SP-20-D100x446-G719.6,100,446,20,470,4.46,5,0.438,719.6,,1.527,245,250,247.5,TRUE
SP-20-D100x446-G737.97,100,446,20,470,4.46,5,0.438,737.97,,1.566,265,270,267.5,TRUE
SP-20-D100x446-G776.24,100,446,20,470,4.46,5,0.438,776.24,,1.647,295,300,297.5,TRUE
SP-20-D100x446-G788.49,100,446,20,470,4.46,5,0.438,788.49,,1.673,315,320,317.5,TRUE
SP-20-D100x446-G817.58,100,446,20,470,4.46,5,0.438,817.58,,1.735,335,340,337.5,TRUE
SP-20-D100x446-G834.43,100,446,20,470,4.46,5,0.438,834.43,,1.771,355,360,357.5,TRUE
SP-20-D100x446-G869.64,100,446,20,470,4.46,5,0.438,869.64,,1.845,375,380,377.5,TRUE
SP-20-D100x446-G892.61,100,446,20,470,4.46,5,0.438,892.61,,1.894,395,400,397.5,TRUE
SP-20-D100x446-G912.51,100,446,20,470,4.46,5,0.438,912.51,,1.936,425,430,427.5,TRUE
SP-20-D100x446-G937.01,100,446,20,470,4.46,5,0.438,937.01,,1.988,455,460,457.5,TRUE
SP-20-D100x446-G955.38,100,446,20,470,4.46,5,0.438,955.38,,2.027,465,470,467.5,TRUE
SP-20-D100x446-G981.41,100,446,20,470,4.46,5,0.438,981.41,,2.083,495,500,497.5,TRUE
SP-20-D100x446-G999.78,100,446,20,470,4.46,5,0.438,999.78,,2.122,525,530,527.5,TRUE
SP-20-D100x446-G1007.43,100,446,20,470,4.46,5,0.438,1007.43,,2.138,545,550,547.5,TRUE
SP-20-D100x538-G251.09,100,538,20,570,5.38,5,0.435,251.09,,0.533,30,35,32.5,TRUE
SP-20-D100x538-G280.18,100,538,20,570,5.38,5,0.435,280.18,,0.595,40,45,42.5,TRUE
SP-20-D100x538-G300.09,100,538,20,570,5.38,5,0.435,300.09,,0.637,45,55,50,TRUE
SP-20-D100x538-G327.65,100,538,20,570,5.38,5,0.435,327.65,,0.695,55,65,60,TRUE
SP-20-D100x538-G352.14,100,538,20,570,5.38,5,0.435,352.14,,0.747,65,70,67.5,TRUE
SP-20-D100x538-G375.11,100,538,20,570,5.38,5,0.435,375.11,,0.796,75,80,77.5,TRUE
SP-20-D100x538-G402.67,100,538,20,570,5.38,5,0.435,402.67,,0.854,85,90,87.5,TRUE
SP-20-D100x538-G433.29,100,538,20,570,5.38,5,0.435,433.29,,0.919,100,105,102.5,TRUE
SP-20-D100x538-G457.79,100,538,20,570,5.38,5,0.435,457.79,,0.971,115,120,117.5,TRUE
SP-20-D100x538-G465.44,100,538,20,570,5.38,5,0.435,465.44,,0.988,125,130,127.5,TRUE
SP-20-D100x538-G502.19,100,538,20,570,5.38,5,0.435,502.19,,1.066,140,145,142.5,TRUE
SP-20-D100x538-G526.68,100,538,20,570,5.38,5,0.435,526.68,,1.118,150,155,152.5,TRUE
SP-20-D100x538-G549.65,100,538,20,570,5.38,5,0.435,549.65,,1.166,165,170,167.5,TRUE
SP-20-D100x538-G568.02,100,538,20,570,5.38,5,0.435,568.02,,1.205,185,190,187.5,TRUE
SP-20-D100x538-G600.17,100,538,20,570,5.38,5,0.435,600.17,,1.274,200,205,202.5,TRUE
SP-20-D100x538-G620.08,100,538,20,570,5.38,5,0.435,620.08,,1.316,215,220,217.5,TRUE
SP-20-D100x538-G646.11,100,538,20,570,5.38,5,0.435,646.11,,1.371,235,240,237.5,TRUE
SP-20-D100x538-G666.01,100,538,20,570,5.38,5,0.435,666.01,,1.413,255,260,257.5,TRUE
SP-20-D100x538-G681.32,100,538,20,570,5.38,5,0.435,681.32,,1.446,275,280,277.5,TRUE
SP-20-D100x538-G711.94,100,538,20,570,5.38,5,0.435,711.94,,1.511,295,300,297.5,TRUE
SP-20-D100x538-G739.5,100,538,20,570,5.38,5,0.435,739.5,,1.569,325,330,327.5,TRUE
SP-20-D100x538-G764,100,538,20,570,5.38,5,0.435,764,,1.621,345,350,347.5,TRUE
SP-20-D100x538-G771.65,100,538,20,570,5.38,5,0.435,771.65,,1.637,365,370,367.5,TRUE
SP-20-D100x538-G802.27,100,538,20,570,5.38,5,0.435,802.27,,1.702,385,390,387.5,TRUE
SP-20-D100x538-G825.24,100,538,20,570,5.38,5,0.435,825.24,,1.751,405,410,407.5,TRUE
SP-20-D100x538-G852.8,100,538,20,570,5.38,5,0.435,852.8,,1.81,435,440,437.5,TRUE
SP-20-D100x538-G865.05,100,538,20,570,5.38,5,0.435,865.05,,1.836,465,470,467.5,TRUE
SP-20-D100x538-G892.61,100,538,20,570,5.38,5,0.435,892.61,,1.894,485,490,487.5,TRUE
SP-20-D100x538-G910.98,100,538,20,570,5.38,5,0.435,910.98,,1.933,515,520,517.5,TRUE
SP-20-D100x538-G927.82,100,538,20,570,5.38,5,0.435,927.82,,1.969,545,550,547.5,TRUE
SP-20-D100x538-G940.07,100,538,20,570,5.38,5,0.435,940.07,,1.995,565,570,567.5,TRUE
SP-20-D100x634-G241.91,100,634,20,670,6.34,5,0.436,241.91,,0.513,30,35,32.5,TRUE
SP-20-D100x634-G267.93,100,634,20,670,6.34,5,0.436,267.93,,0.569,40,45,42.5,TRUE
SP-20-D100x634-G290.9,100,634,20,670,6.34,5,0.436,290.9,,0.617,50,55,52.5,TRUE
SP-20-D100x634-G310.8,100,634,20,670,6.34,5,0.436,310.8,,0.66,60,65,62.5,TRUE
SP-20-D100x634-G333.77,100,634,20,670,6.34,5,0.436,333.77,,0.708,70,75,72.5,TRUE
SP-20-D100x634-G350.61,100,634,20,670,6.34,5,0.436,350.61,,0.744,80,85,82.5,TRUE
SP-20-D100x634-G381.23,100,634,20,670,6.34,5,0.436,381.23,,0.809,90,95,92.5,TRUE
SP-20-D100x634-G395.01,100,634,20,670,6.34,5,0.436,395.01,,0.838,100,105,102.5,TRUE
SP-20-D100x634-G427.16,100,634,20,670,6.34,5,0.436,427.16,,0.906,115,120,117.5,TRUE
SP-20-D100x634-G453.19,100,634,20,670,6.34,5,0.436,453.19,,0.962,130,135,132.5,TRUE
SP-20-D100x634-G470.03,100,634,20,670,6.34,5,0.436,470.03,,0.997,140,145,142.5,TRUE
SP-20-D100x634-G489.94,100,634,20,670,6.34,5,0.436,489.94,,1.04,155,160,157.5,TRUE
SP-20-D100x634-G515.97,100,634,20,670,6.34,5,0.436,515.97,,1.095,170,175,172.5,TRUE
SP-20-D100x634-G538.93,100,634,20,670,6.34,5,0.436,538.93,,1.144,185,190,187.5,TRUE
SP-20-D100x634-G554.24,100,634,20,670,6.34,5,0.436,554.24,,1.176,205,210,207.5,TRUE
SP-20-D100x634-G581.8,100,634,20,670,6.34,5,0.436,581.8,,1.235,225,230,227.5,TRUE
SP-20-D100x634-G604.77,100,634,20,670,6.34,5,0.436,604.77,,1.283,245,250,247.5,TRUE
SP-20-D100x634-G623.14,100,634,20,670,6.34,5,0.436,623.14,,1.322,265,270,267.5,TRUE
SP-20-D100x634-G639.98,100,634,20,670,6.34,5,0.436,639.98,,1.358,285,290,287.5,TRUE
SP-20-D100x634-G676.73,100,634,20,670,6.34,5,0.436,676.73,,1.436,305,310,307.5,TRUE
SP-20-D100x634-G690.51,100,634,20,670,6.34,5,0.436,690.51,,1.465,325,330,327.5,TRUE
SP-20-D100x634-G718.06,100,634,20,670,6.34,5,0.436,718.06,,1.524,345,350,347.5,TRUE
SP-20-D100x634-G733.38,100,634,20,670,6.34,5,0.436,733.38,,1.556,365,370,367.5,TRUE
SP-20-D100x634-G750.22,100,634,20,670,6.34,5,0.436,750.22,,1.592,395,400,397.5,TRUE
SP-20-D100x634-G771.65,100,634,20,670,6.34,5,0.436,771.65,,1.637,415,420,417.5,TRUE
SP-20-D100x634-G788.49,100,634,20,670,6.34,5,0.436,788.49,,1.673,445,450,447.5,TRUE
SP-20-D100x634-G814.52,100,634,20,670,6.34,5,0.436,814.52,,1.728,475,480,477.5,TRUE
SP-20-D100x634-G829.83,100,634,20,670,6.34,5,0.436,829.83,,1.761,495,500,497.5,TRUE
SP-20-D100x634-G843.61,100,634,20,670,6.34,5,0.436,843.61,,1.79,525,530,527.5,TRUE
SP-20-D100x634-G869.64,100,634,20,670,6.34,5,0.436,869.64,,1.845,555,560,557.5,TRUE
SP-20-D100x634-G888.01,100,634,20,670,6.34,5,0.436,888.01,,1.884,575,580,577.5,TRUE
SP-20-D100x734-G222,100,734,20,780,7.34,5,0.433,222,,0.471,30,35,32.5,TRUE
SP-20-D100x734-G246.5,100,734,20,780,7.34,5,0.433,246.5,,0.523,40,45,42.5,TRUE
SP-20-D100x734-G266.4,100,734,20,780,7.34,5,0.433,266.4,,0.565,50,55,52.5,TRUE
SP-20-D100x734-G297.02,100,734,20,780,7.34,5,0.433,297.02,,0.63,60,65,62.5,TRUE
SP-20-D100x734-G313.87,100,734,20,780,7.34,5,0.433,313.87,,0.666,70,75,72.5,TRUE
SP-20-D100x734-G335.3,100,734,20,780,7.34,5,0.433,335.3,,0.712,80,85,82.5,TRUE
SP-20-D100x734-G353.67,100,734,20,780,7.34,5,0.433,353.67,,0.751,90,95,92.5,TRUE
SP-20-D100x734-G375.11,100,734,20,780,7.34,5,0.433,375.11,,0.796,100,105,102.5,TRUE
SP-20-D100x734-G402.67,100,734,20,780,7.34,5,0.433,402.67,,0.854,115,120,117.5,TRUE
SP-20-D100x734-G416.45,100,734,20,780,7.34,5,0.433,416.45,,0.884,130,135,132.5,TRUE
SP-20-D100x734-G440.94,100,734,20,780,7.34,5,0.433,440.94,,0.936,140,145,142.5,TRUE
SP-20-D100x734-G465.44,100,734,20,780,7.34,5,0.433,465.44,,0.988,155,160,157.5,TRUE
SP-20-D100x734-G488.41,100,734,20,780,7.34,5,0.433,488.41,,1.036,175,180,177.5,TRUE
SP-20-D100x734-G506.78,100,734,20,780,7.34,5,0.433,506.78,,1.075,190,195,192.5,TRUE
SP-20-D100x734-G526.68,100,734,20,780,7.34,5,0.433,526.68,,1.118,205,210,207.5,TRUE
SP-20-D100x734-G551.18,100,734,20,780,7.34,5,0.433,551.18,,1.17,225,230,227.5,TRUE
SP-20-D100x734-G577.21,100,734,20,780,7.34,5,0.433,577.21,,1.225,245,250,247.5,TRUE
SP-20-D100x734-G590.99,100,734,20,780,7.34,5,0.433,590.99,,1.254,265,270,267.5,TRUE
SP-20-D100x734-G600.17,100,734,20,780,7.34,5,0.433,600.17,,1.274,285,290,287.5,TRUE
SP-20-D100x734-G627.73,100,734,20,780,7.34,5,0.433,627.73,,1.332,315,320,317.5,TRUE
SP-20-D100x734-G649.17,100,734,20,780,7.34,5,0.433,649.17,,1.378,335,340,337.5,TRUE
SP-20-D100x734-G672.13,100,734,20,780,7.34,5,0.433,672.13,,1.426,355,360,357.5,TRUE
SP-20-D100x734-G682.85,100,734,20,780,7.34,5,0.433,682.85,,1.449,375,380,377.5,TRUE
SP-20-D100x734-G704.29,100,734,20,780,7.34,5,0.433,704.29,,1.495,395,400,397.5,TRUE
SP-20-D100x734-G728.78,100,734,20,780,7.34,5,0.433,728.78,,1.547,425,430,427.5,TRUE
SP-20-D100x734-G739.5,100,734,20,780,7.34,5,0.433,739.5,,1.569,455,460,457.5,TRUE
SP-20-D100x734-G765.53,100,734,20,780,7.34,5,0.433,765.53,,1.625,485,490,487.5,TRUE
SP-20-D100x734-G768.59,100,734,20,780,7.34,5,0.433,768.59,,1.631,505,510,507.5,TRUE
SP-20-D100x734-G788.49,100,734,20,780,7.34,5,0.433,788.49,,1.673,525,530,527.5,TRUE
SP-20-D100x734-G800.74,100,734,20,780,7.34,5,0.433,800.74,,1.699,555,560,557.5,TRUE
SP-20-D100x734-G825.24,100,734,20,780,7.34,5,0.433,825.24,,1.751,585,590,587.5,TRUE
SP-20-D50x139-G169.95,50,139,20,30,2.78,2.5,0.54,169.95,,1.443,36,37,36.5,TRUE
SP-20-D50x139-G192.91,50,139,20,30,2.78,2.5,0.54,192.91,,1.637,44,45,44.5,TRUE
SP-20-D50x139-G202.1,50,139,20,30,2.78,2.5,0.54,202.1,,1.715,52,53,52.5,TRUE
SP-20-D50x139-G218.94,50,139,20,30,2.78,2.5,0.54,218.94,,1.858,62,63,62.5,TRUE
SP-20-D50x139-G232.72,50,139,20,30,2.78,2.5,0.54,232.72,,1.975,72,74,73,TRUE
SP-20-D50x139-G248.03,50,139,20,30,2.78,2.5,0.54,248.03,,2.105,82,84,83,TRUE
SP-20-D50x139-G266.4,50,139,20,30,2.78,2.5,0.54,266.4,,2.261,96,97,96.5,TRUE
SP-20-D50x139-G280.18,50,139,20,30,2.78,2.5,0.54,280.18,,2.378,108,110,109,TRUE
SP-20-D50x139-G295.49,50,139,20,30,2.78,2.5,0.54,295.49,,2.508,121,123,122,TRUE
SP-20-D50x139-G306.21,50,139,20,30,2.78,2.5,0.54,306.21,,2.599,137,140,138.5,TRUE
SP-20-D50x139-G319.99,50,139,20,30,2.78,2.5,0.54,319.99,,2.716,151,154,152.5,TRUE
SP-20-D50x139-G336.83,50,139,20,30,2.78,2.5,0.54,336.83,,2.859,169,171,170,TRUE
SP-20-D50x139-G349.08,50,139,20,30,2.78,2.5,0.54,349.08,,2.963,187,190,188.5,TRUE
SP-20-D150x129-G594.05,150,129,20,300,0.86,7.5,0.449,594.05,,0.56,20,25,22.5,TRUE
SP-20-D150x129-G659.88,150,129,20,300,0.86,7.5,0.449,659.88,,0.622,30,35,32.5,TRUE
SP-20-D150x129-G734.91,150,129,20,300,0.86,7.5,0.449,734.91,,0.693,40,45,42.5,TRUE
SP-20-D150x129-G794.62,150,129,20,300,0.86,7.5,0.449,794.62,,0.749,55,60,57.5,TRUE
SP-20-D150x129-G863.52,150,129,20,300,0.86,7.5,0.449,863.52,,0.814,70,75,72.5,TRUE
SP-20-D150x129-G921.7,150,129,20,300,0.86,7.5,0.449,921.7,,0.869,85,90,87.5,TRUE
SP-20-D150x129-G976.81,150,129,20,300,0.86,7.5,0.449,976.81,,0.921,100,105,102.5,TRUE
SP-20-D150x129-G1027.34,150,129,20,300,0.86,7.5,0.449,1027.34,,0.969,120,125,122.5,TRUE
SP-20-D150x129-G1079.39,150,129,20,300,0.86,7.5,0.449,1079.39,,1.018,140,145,142.5,TRUE
SP-20-D150x129-G1114.61,150,129,20,300,0.86,7.5,0.449,1114.61,,1.051,160,165,162.5,TRUE
SP-20-D150x129-G1159.01,150,129,20,300,0.86,7.5,0.449,1159.01,,1.093,185,190,187.5,TRUE
SP-20-D150x129-G1217.19,150,129,20,300,0.86,7.5,0.449,1217.19,,1.148,210,215,212.5,TRUE
SP-20-D150x129-G1243.22,150,129,20,300,0.86,7.5,0.449,1243.22,,1.173,235,240,237.5,TRUE
SP-20-D150x129-G1289.15,150,129,20,300,0.86,7.5,0.449,1289.15,,1.216,265,270,267.5,TRUE
SP-20-D150x129-G1312.11,150,129,20,300,0.86,7.5,0.449,1312.11,,1.238,295,300,297.5,TRUE
SP-20-D150x129-G1342.74,150,129,20,300,0.86,7.5,0.449,1342.74,,1.266,325,330,327.5,TRUE
SP-20-D150x129-G1396.32,150,129,20,300,0.86,7.5,0.449,1396.32,,1.317,355,360,357.5,TRUE
SP-20-D150x129-G1431.54,150,129,20,300,0.86,7.5,0.449,1431.54,,1.35,385,390,387.5,TRUE
SP-20-D150x207-G503.72,150,207,20,500,1.38,7.5,0.427,503.72,,0.475,20,25,22.5,TRUE
SP-20-D150x207-G609.36,150,207,20,500,1.38,7.5,0.427,609.36,,0.575,35,40,37.5,TRUE
SP-20-D150x207-G707.35,150,207,20,500,1.38,7.5,0.427,707.35,,0.667,50,55,52.5,TRUE
SP-20-D150x207-G845.14,150,207,20,500,1.38,7.5,0.427,845.14,,0.797,70,75,72.5,TRUE
SP-20-D150x207-G871.17,150,207,20,500,1.38,7.5,0.427,871.17,,0.822,80,85,82.5,TRUE
SP-20-D150x207-G915.57,150,207,20,500,1.38,7.5,0.427,915.57,,0.864,95,100,97.5,TRUE
SP-20-D150x207-G969.16,150,207,20,500,1.38,7.5,0.427,969.16,,0.914,115,120,117.5,TRUE
SP-20-D150x207-G1024.28,150,207,20,500,1.38,7.5,0.427,1024.28,,0.966,135,140,137.5,TRUE
SP-20-D150x207-G1064.08,150,207,20,500,1.38,7.5,0.427,1064.08,,1.004,160,165,162.5,TRUE
SP-20-D150x207-G1085.52,150,207,20,500,1.38,7.5,0.427,1085.52,,1.024,185,190,187.5,TRUE
SP-20-D150x207-G1122.26,150,207,20,500,1.38,7.5,0.427,1122.26,,1.058,210,215,212.5,TRUE
SP-20-D150x207-G1169.73,150,207,20,500,1.38,7.5,0.427,1169.73,,1.103,235,240,237.5,TRUE
SP-20-D150x207-G1212.6,150,207,20,500,1.38,7.5,0.427,1212.6,,1.144,265,270,267.5,TRUE
SP-20-D150x207-G1227.91,150,207,20,500,1.38,7.5,0.427,1227.91,,1.158,305,310,307.5,TRUE
SP-20-D150x207-G1257,150,207,20,500,1.38,7.5,0.427,1257,,1.186,330,335,332.5,TRUE
SP-20-D150x207-G1286.09,150,207,20,500,1.38,7.5,0.427,1286.09,,1.213,360,365,362.5,TRUE
SP-20-D150x207-G1313.65,150,207,20,500,1.38,7.5,0.427,1313.65,,1.239,400,405,402.5,TRUE
SP-20-D150x207-G1350.39,150,207,20,500,1.38,7.5,0.427,1350.39,,1.274,435,440,437.5,TRUE
SP-20-D150x263-G471.56,150,263,20,650,1.753333333,7.5,0.414,471.56,,0.445,25,30,27.5,TRUE
SP-20-D150x263-G575.68,150,263,20,650,1.753333333,7.5,0.414,575.68,,0.543,35,40,37.5,TRUE
SP-20-D150x263-G708.88,150,263,20,650,1.753333333,7.5,0.414,708.88,,0.669,55,60,57.5,TRUE
SP-20-D150x263-G791.56,150,263,20,650,1.753333333,7.5,0.414,791.56,,0.747,70,75,72.5,TRUE
SP-20-D150x263-G901.79,150,263,20,650,1.753333333,7.5,0.414,901.79,,0.851,85,90,87.5,TRUE
SP-20-D150x263-G969.16,150,263,20,650,1.753333333,7.5,0.414,969.16,,0.914,110,115,112.5,TRUE
SP-20-D150x263-G1053.37,150,263,20,650,1.753333333,7.5,0.414,1053.37,,0.993,130,135,132.5,TRUE
SP-20-D150x263-G1134.51,150,263,20,650,1.753333333,7.5,0.414,1134.51,,1.07,155,160,157.5,TRUE
SP-20-D150x263-G1218.72,150,263,20,650,1.753333333,7.5,0.414,1218.72,,1.149,185,190,187.5,TRUE
SP-20-D150x263-G1312.11,150,263,20,650,1.753333333,7.5,0.414,1312.11,,1.238,215,220,217.5,TRUE
SP-20-D150x341-G523.62,150,341,20,850,2.273333333,7.5,0.409,523.62,,0.494,30,35,32.5,TRUE
SP-20-D150x341-G592.52,150,341,20,850,2.273333333,7.5,0.409,592.52,,0.559,40,45,42.5,TRUE
SP-20-D150x341-G667.54,150,341,20,850,2.273333333,7.5,0.409,667.54,,0.63,60,65,62.5,TRUE
SP-20-D150x341-G748.69,150,341,20,850,2.273333333,7.5,0.409,748.69,,0.706,75,80,77.5,TRUE
SP-20-D150x341-G832.89,150,341,20,850,2.273333333,7.5,0.409,832.89,,0.786,95,100,97.5,TRUE
SP-20-D150x341-G926.29,150,341,20,850,2.273333333,7.5,0.409,926.29,,0.874,115,120,117.5,TRUE
SP-20-D150x341-G998.25,150,341,20,850,2.273333333,7.5,0.409,998.25,,0.941,140,145,142.5,TRUE
SP-20-D150x341-G1080.92,150,341,20,850,2.273333333,7.5,0.409,1080.92,,1.019,165,170,167.5,TRUE
SP-20-D150x341-G1155.95,150,341,20,850,2.273333333,7.5,0.409,1155.95,,1.09,195,200,197.5,TRUE
SP-20-D150x341-G1241.69,150,341,20,850,2.273333333,7.5,0.409,1241.69,,1.171,230,235,232.5,TRUE
SP-20-D150x341-G1321.3,150,341,20,850,2.273333333,7.5,0.409,1321.3,,1.246,265,270,267.5,TRUE
SP-20-D150x341-G1408.57,150,341,20,850,2.273333333,7.5,0.409,1408.57,,1.328,295,300,297.5,TRUE
SP-20-D150x419-G499.12,150,419,20,1050,2.793333333,7.5,0.406,499.12,,0.471,30,35,32.5,TRUE
SP-20-D150x419-G557.3,150,419,20,1050,2.793333333,7.5,0.406,557.3,,0.526,40,45,42.5,TRUE
SP-20-D150x419-G638.45,150,419,20,1050,2.793333333,7.5,0.406,638.45,,0.602,60,65,62.5,TRUE
SP-20-D150x419-G716.53,150,419,20,1050,2.793333333,7.5,0.406,716.53,,0.676,80,85,82.5,TRUE
SP-20-D150x419-G793.09,150,419,20,1050,2.793333333,7.5,0.406,793.09,,0.748,100,105,102.5,TRUE
SP-20-D150x419-G869.64,150,419,20,1050,2.793333333,7.5,0.406,869.64,,0.82,125,130,127.5,TRUE
SP-20-D150x419-G955.38,150,419,20,1050,2.793333333,7.5,0.406,955.38,,0.901,145,150,147.5,TRUE
SP-20-D150x419-G1034.99,150,419,20,1050,2.793333333,7.5,0.406,1034.99,,0.976,175,180,177.5,TRUE
SP-20-D150x419-G1106.95,150,419,20,1050,2.793333333,7.5,0.406,1106.95,,1.044,205,210,207.5,TRUE
SP-20-D150x419-G1177.38,150,419,20,1050,2.793333333,7.5,0.406,1177.38,,1.11,240,245,242.5,TRUE
SP-20-D150x419-G1263.12,150,419,20,1050,2.793333333,7.5,0.406,1263.12,,1.191,275,280,277.5,TRUE
SP-20-D150x419-G1328.96,150,419,20,1050,2.793333333,7.5,0.406,1328.96,,1.253,315,320,317.5,TRUE
SP-20-D150x419-G1420.82,150,419,20,1050,2.793333333,7.5,0.406,1420.82,,1.34,355,360,357.5,TRUE
SP-20-D150x419-G1509.62,150,419,20,1050,2.793333333,7.5,0.406,1509.62,,1.424,395,400,397.5,TRUE
SP-20-D150x419-G1576.99,150,419,20,1050,2.793333333,7.5,0.406,1576.99,,1.487,445,450,447.5,TRUE
SP-20-D150x419-G1656.6,150,419,20,1050,2.793333333,7.5,0.406,1656.6,,1.562,475,480,477.5,TRUE
SP-20-D150x463-G496.06,150,463,20,1160,3.086666667,7.5,0.406,496.06,,0.468,30,35,32.5,TRUE
SP-20-D150x463-G555.77,150,463,20,1160,3.086666667,7.5,0.406,555.77,,0.524,40,45,42.5,TRUE
SP-20-D150x463-G623.14,150,463,20,1160,3.086666667,7.5,0.406,623.14,,0.588,65,70,67.5,TRUE
SP-20-D150x463-G696.63,150,463,20,1160,3.086666667,7.5,0.406,696.63,,0.657,80,85,82.5,TRUE
SP-20-D150x463-G783.9,150,463,20,1160,3.086666667,7.5,0.406,783.9,,0.739,100,105,102.5,TRUE
SP-20-D150x463-G852.8,150,463,20,1160,3.086666667,7.5,0.406,852.8,,0.804,130,135,132.5,TRUE
SP-20-D150x463-G926.29,150,463,20,1160,3.086666667,7.5,0.406,926.29,,0.874,150,155,152.5,TRUE
SP-20-D150x463-G1012.03,150,463,20,1160,3.086666667,7.5,0.406,1012.03,,0.954,185,190,187.5,TRUE
SP-20-D150x463-G1083.99,150,463,20,1160,3.086666667,7.5,0.406,1083.99,,1.022,215,220,217.5,TRUE
SP-20-D150x463-G1162.07,150,463,20,1160,3.086666667,7.5,0.406,1162.07,,1.096,245,250,247.5,TRUE
SP-20-D150x463-G1235.56,150,463,20,1160,3.086666667,7.5,0.406,1235.56,,1.165,285,290,287.5,TRUE
SP-20-D150x463-G1312.11,150,463,20,1160,3.086666667,7.5,0.406,1312.11,,1.238,325,330,327.5,TRUE
SP-20-D150x463-G1381.01,150,463,20,1160,3.086666667,7.5,0.406,1381.01,,1.302,365,370,367.5,TRUE
SP-20-D150x463-G1475.94,150,463,20,1160,3.086666667,7.5,0.406,1475.94,,1.392,405,410,407.5,TRUE
SP-20-D150x463-G1549.43,150,463,20,1160,3.086666667,7.5,0.406,1549.43,,1.461,455,460,457.5,TRUE
SP-20-D150x463-G1604.55,150,463,20,1160,3.086666667,7.5,0.406,1604.55,,1.513,495,500,497.5,TRUE
SP-20-D50x226-G271,50,226,20,50,4.52,2.5,0.528,271,,2.3,16,18,17,TRUE
SP-20-D50x226-G295.49,50,226,20,50,4.52,2.5,0.528,295.49,,2.508,22,23,22.5,TRUE
SP-20-D50x226-G309.27,50,226,20,50,4.52,2.5,0.528,309.27,,2.625,27,28,27.5,TRUE
SP-20-D50x226-G327.65,50,226,20,50,4.52,2.5,0.528,327.65,,2.781,32,33,32.5,TRUE
SP-20-D50x226-G347.55,50,226,20,50,4.52,2.5,0.528,347.55,,2.95,38,39,38.5,TRUE
SP-20-D50x226-G359.8,50,226,20,50,4.52,2.5,0.528,359.8,,3.054,45,46,45.5,TRUE
SP-20-D50x226-G375.11,50,226,20,50,4.52,2.5,0.528,375.11,,3.184,52,53,52.5,TRUE
SP-20-D50x226-G382.76,50,226,20,50,4.52,2.5,0.528,382.76,,3.249,60,61,60.5,TRUE
SP-20-D50x226-G399.61,50,226,20,50,4.52,2.5,0.528,399.61,,3.392,68,70,69,TRUE
SP-20-D50x226-G416.45,50,226,20,50,4.52,2.5,0.528,416.45,,3.535,76,78,77,TRUE
SP-20-D50x226-G428.7,50,226,20,50,4.52,2.5,0.528,428.7,,3.639,85,87,86,TRUE
SP-20-D50x226-G436.35,50,226,20,50,4.52,2.5,0.528,436.35,,3.704,95,96,95.5,TRUE
SP-20-D50x226-G447.07,50,226,20,50,4.52,2.5,0.528,447.07,,3.795,106,107,106.5,TRUE
SP-20-D50x226-G456.25,50,226,20,50,4.52,2.5,0.528,456.25,,3.873,117,120,118.5,TRUE
SP-20-D50x226-G466.97,50,226,20,50,4.52,2.5,0.528,466.97,,3.964,129,131,130,TRUE
SP-20-D50x226-G473.1,50,226,20,50,4.52,2.5,0.528,473.1,,4.016,140,143,141.5,TRUE
SP-20-D50x226-G494.53,50,226,20,50,4.52,2.5,0.528,494.53,,4.198,153,156,154.5,TRUE
SP-20-D50x226-G503.72,50,226,20,50,4.52,2.5,0.528,503.72,,4.276,166,170,168,TRUE
SP-20-D50x226-G508.31,50,226,20,50,4.52,2.5,0.528,508.31,,4.315,182,184,183,TRUE
SP-20-D50x226-G517.5,50,226,20,50,4.52,2.5,0.528,517.5,,4.393,197,200,198.5,TRUE
SP-20-D50x346-G232.72,50,346,20,80,6.92,2.5,0.507,232.72,,1.975,17,20,18.5,TRUE
SP-20-D50x346-G258.75,50,346,20,80,6.92,2.5,0.507,258.75,,2.196,23,24,23.5,TRUE
SP-20-D50x346-G266.4,50,346,20,80,6.92,2.5,0.507,266.4,,2.261,29,30,29.5,TRUE
SP-20-D50x346-G290.9,50,346,20,80,6.92,2.5,0.507,290.9,,2.469,34,35,34.5,TRUE
SP-20-D50x346-G309.27,50,346,20,80,6.92,2.5,0.507,309.27,,2.625,41,42,41.5,TRUE
SP-20-D50x346-G323.05,50,346,20,80,6.92,2.5,0.507,323.05,,2.742,48,49,48.5,TRUE
SP-20-D50x346-G344.49,50,346,20,80,6.92,2.5,0.507,344.49,,2.924,55,56,55.5,TRUE
SP-20-D50x346-G356.74,50,346,20,80,6.92,2.5,0.507,356.74,,3.028,62,63,62.5,TRUE
SP-20-D50x346-G352.14,50,346,20,80,6.92,2.5,0.507,352.14,,2.989,71,72,71.5,TRUE
SP-20-D50x346-G370.52,50,346,20,80,6.92,2.5,0.507,370.52,,3.145,79,81,80,TRUE
SP-20-D50x346-G382.76,50,346,20,80,6.92,2.5,0.507,382.76,,3.249,89,91,90,TRUE
SP-20-D50x346-G390.42,50,346,20,80,6.92,2.5,0.507,390.42,,3.314,99,101,100,TRUE
SP-20-D50x346-G399.61,50,346,20,80,6.92,2.5,0.507,399.61,,3.392,109,112,110.5,TRUE
SP-20-D50x346-G405.73,50,346,20,80,6.92,2.5,0.507,405.73,,3.444,121,124,122.5,TRUE
SP-20-D50x346-G419.51,50,346,20,80,6.92,2.5,0.507,419.51,,3.561,132,135,133.5,TRUE
SP-20-D50x346-G427.16,50,346,20,80,6.92,2.5,0.507,427.16,,3.626,146,147,146.5,TRUE
SP-20-D50x346-G433.29,50,346,20,80,6.92,2.5,0.507,433.29,,3.678,158,161,159.5,TRUE
SP-20-D50x346-G447.07,50,346,20,80,6.92,2.5,0.507,447.07,,3.795,172,175,173.5,TRUE
SP-20-D50x346-G463.91,50,346,20,80,6.92,2.5,0.507,463.91,,3.938,187,192,189.5,TRUE
SP-20-D50x424-G234.25,50,424,20,100,8.48,2.5,0.497,234.25,,1.988,18,19,18.5,TRUE
SP-20-D50x424-G254.16,50,424,20,100,8.48,2.5,0.497,254.16,,2.157,23,24,23.5,TRUE
SP-20-D50x424-G269.47,50,424,20,100,8.48,2.5,0.497,269.47,,2.287,29,29,29,TRUE
SP-20-D50x424-G281.71,50,424,20,100,8.48,2.5,0.497,281.71,,2.391,34,35,34.5,TRUE
SP-20-D50x424-G295.49,50,424,20,100,8.48,2.5,0.497,295.49,,2.508,40,41,40.5,TRUE
SP-20-D50x424-G316.93,50,424,20,100,8.48,2.5,0.497,316.93,,2.69,46,47,46.5,TRUE
SP-20-D50x424-G324.58,50,424,20,100,8.48,2.5,0.497,324.58,,2.755,54,55,54.5,TRUE
SP-20-D50x424-G336.83,50,424,20,100,8.48,2.5,0.497,336.83,,2.859,62,63,62.5,TRUE
SP-20-D50x424-G355.2,50,424,20,100,8.48,2.5,0.497,355.2,,3.015,70,72,71,TRUE
SP-20-D50x424-G361.33,50,424,20,100,8.48,2.5,0.497,361.33,,3.067,80,81,80.5,TRUE
SP-20-D50x424-G367.45,50,424,20,100,8.48,2.5,0.497,367.45,,3.119,89,90,89.5,TRUE
SP-20-D50x424-G384.29,50,424,20,100,8.48,2.5,0.497,384.29,,3.262,99,101,100,TRUE
SP-20-D50x424-G388.89,50,424,20,100,8.48,2.5,0.497,388.89,,3.301,109,112,110.5,TRUE
SP-20-D50x424-G402.67,50,424,20,100,8.48,2.5,0.497,402.67,,3.418,120,122,121,TRUE
SP-20-D50x424-G407.26,50,424,20,100,8.48,2.5,0.497,407.26,,3.457,132,133,132.5,TRUE
SP-20-D50x424-G419.51,50,424,20,100,8.48,2.5,0.497,419.51,,3.561,144,147,145.5,TRUE
SP-20-D50x424-G433.29,50,424,20,100,8.48,2.5,0.497,433.29,,3.678,159,161,160,TRUE
SP-20-D50x424-G440.94,50,424,20,100,8.48,2.5,0.497,440.94,,3.743,172,174,173,TRUE
SP-20-D50x424-G447.07,50,424,20,100,8.48,2.5,0.497,447.07,,3.795,185,190,187.5,TRUE
SP-20-D50x543-G232.72,50,543,20,130,10.86,2.5,0.489,232.72,,1.975,19,19,19,TRUE
SP-20-D50x543-G246.5,50,543,20,130,10.86,2.5,0.489,246.5,,2.092,23,24,23.5,TRUE
SP-20-D50x543-G266.4,50,543,20,130,10.86,2.5,0.489,266.4,,2.261,28,29,28.5,TRUE
SP-20-D50x543-G275.59,50,543,20,130,10.86,2.5,0.489,275.59,,2.339,34,35,34.5,TRUE
SP-20-D50x543-G290.9,50,543,20,130,10.86,2.5,0.489,290.9,,2.469,40,41,40.5,TRUE
SP-20-D50x543-G304.68,50,543,20,130,10.86,2.5,0.489,304.68,,2.586,47,48,47.5,TRUE
SP-20-D50x543-G321.52,50,543,20,130,10.86,2.5,0.489,321.52,,2.729,55,56,55.5,TRUE
SP-20-D50x543-G335.3,50,543,20,130,10.86,2.5,0.489,335.3,,2.846,63,64,63.5,TRUE
SP-20-D50x543-G341.43,50,543,20,130,10.86,2.5,0.489,341.43,,2.898,72,73,72.5,TRUE
SP-20-D50x543-G364.39,50,543,20,130,10.86,2.5,0.489,364.39,,3.093,84,86,85,TRUE
SP-20-D50x543-G353.67,50,543,20,130,10.86,2.5,0.489,353.67,,3.002,89,91,90,TRUE
SP-20-D50x543-G372.05,50,543,20,130,10.86,2.5,0.489,372.05,,3.158,99,101,100,TRUE
SP-20-D50x543-G378.17,50,543,20,130,10.86,2.5,0.489,378.17,,3.21,109,112,110.5,TRUE
SP-20-D50x543-G395.01,50,543,20,130,10.86,2.5,0.489,395.01,,3.353,120,124,122,TRUE
SP-20-D50x543-G398.07,50,543,20,130,10.86,2.5,0.489,398.07,,3.379,134,136,135,TRUE
SP-20-D50x543-G399.61,50,543,20,130,10.86,2.5,0.489,399.61,,3.392,145,147,146,TRUE
SP-20-D50x543-G413.38,50,543,20,130,10.86,2.5,0.489,413.38,,3.509,159,163,161,TRUE
SP-20-D50x543-G421.04,50,543,20,130,10.86,2.5,0.489,421.04,,3.574,172,174,173,TRUE
SP-20-D50x543-G424.1,50,543,20,130,10.86,2.5,0.489,424.1,,3.6,186,190,188,TRUE
SP-20-D50x623-G232.72,50,623,20,150,12.46,2.5,0.486,232.72,,1.975,19,20,19.5,TRUE
SP-20-D50x623-G244.97,50,623,20,150,12.46,2.5,0.486,244.97,,2.079,23,24,23.5,TRUE
SP-20-D50x623-G254.16,50,623,20,150,12.46,2.5,0.486,254.16,,2.157,29,29,29,TRUE
SP-20-D50x623-G264.87,50,623,20,150,12.46,2.5,0.486,264.87,,2.248,34,35,34.5,TRUE
SP-20-D50x623-G289.37,50,623,20,150,12.46,2.5,0.486,289.37,,2.456,40,41,40.5,TRUE
SP-20-D50x623-G298.56,50,623,20,150,12.46,2.5,0.486,298.56,,2.534,47,48,47.5,TRUE
SP-20-D50x623-G307.74,50,623,20,150,12.46,2.5,0.486,307.74,,2.612,54,55,54.5,TRUE
SP-20-D50x623-G318.46,50,623,20,150,12.46,2.5,0.486,318.46,,2.703,63,64,63.5,TRUE
SP-20-D50x623-G324.58,50,623,20,150,12.46,2.5,0.486,324.58,,2.755,71,72,71.5,TRUE
SP-20-D50x623-G338.36,50,623,20,150,12.46,2.5,0.486,338.36,,2.872,79,82,80.5,TRUE
SP-20-D50x623-G349.08,50,623,20,150,12.46,2.5,0.486,349.08,,2.963,89,91,90,TRUE
SP-20-D50x623-G355.2,50,623,20,150,12.46,2.5,0.486,355.2,,3.015,99,100,99.5,TRUE
SP-20-D50x623-G364.39,50,623,20,150,12.46,2.5,0.486,364.39,,3.093,110,114,112,TRUE
SP-20-D50x623-G378.17,50,623,20,150,12.46,2.5,0.486,378.17,,3.21,120,124,122,TRUE
SP-20-D50x623-G391.95,50,623,20,150,12.46,2.5,0.486,391.95,,3.327,133,136,134.5,TRUE
SP-20-D50x623-G393.48,50,623,20,150,12.46,2.5,0.486,393.48,,3.34,146,147,146.5,TRUE
SP-20-D50x623-G404.2,50,623,20,150,12.46,2.5,0.486,404.2,,3.431,159,163,161,TRUE
SP-20-D50x623-G408.79,50,623,20,150,12.46,2.5,0.486,408.79,,3.47,175,176,175.5,TRUE
SP-20-D50x623-G407.26,50,623,20,150,12.46,2.5,0.486,407.26,,3.457,180,190,185,TRUE
SP-20-D50x743-G113.3,50,743,20,180,14.86,2.5,0.483,113.3,,0.962,17,20,18.5,TRUE
SP-20-D50x743-G127.08,50,743,20,180,14.86,2.5,0.483,127.08,,1.079,24,24,24,TRUE
SP-20-D50x743-G137.79,50,743,20,180,14.86,2.5,0.483,137.79,,1.17,29,30,29.5,TRUE
SP-20-D50x743-G156.17,50,743,20,180,14.86,2.5,0.483,156.17,,1.326,34,37,35.5,TRUE
SP-20-D50x743-G162.29,50,743,20,180,14.86,2.5,0.483,162.29,,1.378,41,42,41.5,TRUE
SP-20-D50x743-G168.42,50,743,20,180,14.86,2.5,0.483,168.42,,1.43,48,49,48.5,TRUE
SP-20-D50x743-G177.6,50,743,20,180,14.86,2.5,0.483,177.6,,1.508,55,56,55.5,TRUE
SP-20-D50x743-G191.38,50,743,20,180,14.86,2.5,0.483,191.38,,1.625,63,64,63.5,TRUE
SP-20-D50x743-G205.16,50,743,20,180,14.86,2.5,0.483,205.16,,1.741,71,73,72,TRUE
SP-20-D50x743-G211.29,50,743,20,180,14.86,2.5,0.483,211.29,,1.793,81,83,82,TRUE
SP-20-D50x743-G218.94,50,743,20,180,14.86,2.5,0.483,218.94,,1.858,90,93,91.5,TRUE
SP-20-D50x743-G226.6,50,743,20,180,14.86,2.5,0.483,226.6,,1.923,100,103,101.5,TRUE
SP-20-D50x743-G235.78,50,743,20,180,14.86,2.5,0.483,235.78,,2.001,112,114,113,TRUE
SP-20-D50x743-G244.97,50,743,20,180,14.86,2.5,0.483,244.97,,2.079,123,125,124,TRUE
SP-20-D50x743-G249.56,50,743,20,180,14.86,2.5,0.483,249.56,,2.118,132,133,132.5,TRUE
SP-20-D50x743-G255.69,50,743,20,180,14.86,2.5,0.483,255.69,,2.17,149,150,149.5,TRUE
SP-20-D50x743-G271,50,743,20,180,14.86,2.5,0.483,271,,2.3,163,165,164,TRUE
SP-20-D50x743-G281.71,50,743,20,180,14.86,2.5,0.483,281.71,,2.391,177,180,178.5,TRUE
SP-20-D50x743-G286.31,50,743,20,180,14.86,2.5,0.483,286.31,,2.43,190,194,192,TRUE
SP-20-D200x132-G546.59,200,132,20,585,0.66,10,0.409,546.59,,0.29,10,15,12.5,TRUE
SP-20-D200x132-G632.33,200,132,20,585,0.66,10,0.409,632.33,,0.335,15,20,17.5,TRUE
SP-20-D200x132-G716.53,200,132,20,585,0.66,10,0.409,716.53,,0.38,20,30,25,TRUE
SP-20-D200x132-G786.96,200,132,20,585,0.66,10,0.409,786.96,,0.417,30,35,32.5,TRUE
SP-20-D200x132-G871.17,200,132,20,585,0.66,10,0.409,871.17,,0.462,40,45,42.5,TRUE
SP-20-D200x132-G944.66,200,132,20,585,0.66,10,0.409,944.66,,0.501,50,55,52.5,TRUE
SP-20-D200x132-G1010.5,200,132,20,585,0.66,10,0.409,1010.5,,0.536,60,65,62.5,TRUE
SP-20-D200x132-G1071.74,200,132,20,585,0.66,10,0.409,1071.74,,0.569,70,75,72.5,TRUE
SP-20-D200x132-G1128.39,200,132,20,585,0.66,10,0.409,1128.39,,0.599,80,85,82.5,TRUE
SP-20-D200x132-G1178.91,200,132,20,585,0.66,10,0.409,1178.91,,0.625,95,100,97.5,TRUE
SP-20-D200x132-G1232.5,200,132,20,585,0.66,10,0.409,1232.5,,0.654,105,110,107.5,TRUE
SP-20-D200x132-G1305.99,200,132,20,585,0.66,10,0.409,1305.99,,0.693,120,125,122.5,TRUE
SP-20-D200x132-G1350.39,200,132,20,585,0.66,10,0.409,1350.39,,0.716,135,140,137.5,TRUE
SP-20-D200x132-G1411.63,200,132,20,585,0.66,10,0.409,1411.63,,0.749,155,160,157.5,TRUE
SP-20-D200x132-G1454.5,200,132,20,585,0.66,10,0.409,1454.5,,0.772,170,175,172.5,TRUE
SP-20-D200x132-G1535.65,200,132,20,585,0.66,10,0.409,1535.65,,0.815,205,210,207.5,TRUE
SP-20-D200x233-G538.93,200,233,20,1035,1.165,10,0.408,538.93,,0.286,10,15,12.5,TRUE
SP-20-D200x233-G627.73,200,233,20,1035,1.165,10,0.408,627.73,,0.333,20,25,22.5,TRUE
SP-20-D200x233-G693.57,200,233,20,1035,1.165,10,0.408,693.57,,0.368,25,35,30,TRUE
SP-20-D200x233-G767.06,200,233,20,1035,1.165,10,0.408,767.06,,0.407,35,40,37.5,TRUE
SP-20-D200x233-G846.67,200,233,20,1035,1.165,10,0.408,846.67,,0.449,45,50,47.5,TRUE
SP-20-D200x233-G900.26,200,233,20,1035,1.165,10,0.408,900.26,,0.478,55,60,57.5,TRUE
SP-20-D200x233-G975.28,200,233,20,1035,1.165,10,0.408,975.28,,0.517,70,75,72.5,TRUE
SP-20-D200x233-G1019.68,200,233,20,1035,1.165,10,0.408,1019.68,,0.541,80,85,82.5,TRUE
SP-20-D200x233-G1070.21,200,233,20,1035,1.165,10,0.408,1070.21,,0.568,100,105,102.5,TRUE
SP-20-D200x233-G1132.98,200,233,20,1035,1.165,10,0.408,1132.98,,0.601,110,115,112.5,TRUE
SP-20-D200x233-G1171.26,200,233,20,1035,1.165,10,0.408,1171.26,,0.621,130,135,132.5,TRUE
SP-20-D200x233-G1234.03,200,233,20,1035,1.165,10,0.408,1234.03,,0.655,145,150,147.5,TRUE
SP-20-D200x233-G1276.9,200,233,20,1035,1.165,10,0.408,1276.9,,0.677,160,165,162.5,TRUE
SP-20-D200x233-G1327.42,200,233,20,1035,1.165,10,0.408,1327.42,,0.704,180,185,182.5,TRUE
SP-20-D200x233-G1364.17,200,233,20,1035,1.165,10,0.408,1364.17,,0.724,205,210,207.5,TRUE
SP-20-D200x233-G1390.2,200,233,20,1035,1.165,10,0.408,1390.2,,0.738,225,230,227.5,TRUE
SP-20-D200x233-G1452.97,200,233,20,1035,1.165,10,0.408,1452.97,,0.771,245,250,247.5,TRUE