s,T,x,k_0,alpha,beta,sigma,q_true,q_noisy,a_true,b_true
8.858655508480719476e-01,2.030028962307443674e+00,1.690830675525065718e-01,1.500000000000000000e+00,0.000000000000000000e+00,0.000000000000000000e+00,5.000000000000000278e-02,-1.328798326272107921e+00,-1.393481445415500675e+00,-1.500000000000000000e+00,-0.000000000000000000e+00
-1.241628661696960734e-01,1.196445626668760642e-01,8.132858277106630451e-01,1.500000000000000000e+00,0.000000000000000000e+00,0.000000000000000000e+00,5.000000000000000278e-02,1.862442992545441101e-01,1.428003534108028827e-01,-1.500000000000000000e+00,0.000000000000000000e+00
-1.884763602340454591e+00,2.811561658197844205e-01,9.765925974774323226e-01,1.500000000000000000e+00,0.000000000000000000e+00,0.000000000000000000e+00,5.000000000000000278e-02,2.827145403510681998e+00,2.731656872210594944e+00,-1.500000000000000000e+00,0.000000000000000000e+00
2.849800724971367494e-01,1.809495601259293984e+00,3.050332269958382359e-01,1.500000000000000000e+00,0.000000000000000000e+00,0.000000000000000000e+00,5.000000000000000278e-02,-4.274701087457051241e-01,-3.563093265448806224e-01,-1.500000000000000000e+00,-0.000000000000000000e+00
2.915729411153456851e+00,1.496546648763011245e+00,9.843685019720105345e-01,1.500000000000000000e+00,0.000000000000000000e+00,0.000000000000000000e+00,5.000000000000000278e-02,-4.373594116730185277e+00,-4.272082307507766963e+00,-1.500000000000000000e+00,-0.000000000000000000e+00
-1.561936291174729874e+00,2.206113580691259068e-01,6.009206887539746411e-01,1.500000000000000000e+00,0.000000000000000000e+00,0.000000000000000000e+00,5.000000000000000278e-02,2.342904436762094811e+00,2.507662367892526056e+00,-1.500000000000000000e+00,0.000000000000000000e+00
1.634598045924009035e+00,2.934886130561101591e+00,6.570176060860251077e-01,1.500000000000000000e+00,0.000000000000000000e+00,0.000000000000000000e+00,5.000000000000000278e-02,-2.451897068886013553e+00,-2.406886198683277023e+00,-1.500000000000000000e+00,-0.000000000000000000e+00
1.813691915764790608e+00,5.986353159398888346e-01,4.509300724899587554e-01,1.500000000000000000e+00,0.000000000000000000e+00,0.000000000000000000e+00,5.000000000000000278e-02,-2.720537873647185911e+00,-2.497754435460178168e+00,-1.500000000000000000e+00,-0.000000000000000000e+00
2.742037165443079516e+00,1.874198873290181755e+00,5.954489970818868105e-01,1.500000000000000000e+00,0.000000000000000000e+00,0.000000000000000000e+00,5.000000000000000278e-02,-4.113055748164619274e+00,-4.491175477387125525e+00,-1.500000000000000000e+00,-0.000000000000000000e+00
1.839644838648802683e+00,6.920778833203033997e-02,3.913017505277127661e-01,1.500000000000000000e+00,0.000000000000000000e+00,0.000000000000000000e+00,5.000000000000000278e-02,-2.759467257973204024e+00,-2.984455522436481267e+00,-1.500000000000000000e+00,-0.000000000000000000e+00
7.760672093192138021e-01,1.329264488319172210e+00,2.060251769214382911e-01,1.500000000000000000e+00,0.000000000000000000e+00,0.000000000000000000e+00,5.000000000000000278e-02,-1.164100813978820703e+00,-1.154395594640488243e+00,-1.500000000000000000e+00,-0.000000000000000000e+00
-2.552466993241786497e-02,2.828285990038600595e+00,8.565291040160173397e-01,1.500000000000000000e+00,0.000000000000000000e+00,0.000000000000000000e+00,5.000000000000000278e-02,3.828700489862679746e-02,6.164913531911232758e-02,-1.500000000000000000e+00,0.000000000000000000e+00
-3.944895517117954498e-01,8.733318211929873565e-01,5.467546260642156541e-01,1.500000000000000000e+00,0.000000000000000000e+00,0.000000000000000000e+00,5.000000000000000278e-02,5.917343275676931746e-01,5.317881662003430820e-01,-1.500000000000000000e+00,0.000000000000000000e+00
7.355199283579048064e-01,1.640911915779408314e-01,6.337690103677208198e-01,1.500000000000000000e+00,0.000000000000000000e+00,0.000000000000000000e+00,5.000000000000000278e-02,-1.103279892536857210e+00,-1.127006105787806689e+00,-1.500000000000000000e+00,-0.000000000000000000e+00
-1.635765677286662889e+00,8.871223851364297142e-01,1.039909048346798759e-01,1.500000000000000000e+00,0.000000000000000000e+00,0.000000000000000000e+00,5.000000000000000278e-02,2.453648515929994112e+00,2.389815013190359938e+00,-1.500000000000000000e+00,0.000000000000000000e+00
-1.026942059249831729e+00,1.919261718143515649e+00,8.844969935285933449e-01,1.500000000000000000e+00,0.000000000000000000e+00,0.000000000000000000e+00,5.000000000000000278e-02,1.540413088874747594e+00,1.588114724453022264e+00,-1.500000000000000000e+00,0.000000000000000000e+00
2.258924429301801595e+00,8.562404845123754438e-01,5.113245069217281502e-01,1.500000000000000000e+00,0.000000000000000000e+00,0.000000000000000000e+00,5.000000000000000278e-02,-3.388386643952702393e+00,-3.539969564488525844e+00,-1.500000000000000000e+00,-0.000000000000000000e+00
-2.479247801050004085e+00,1.458156873866209846e-01,4.183955137199651952e-01,1.500000000000000000e+00,0.000000000000000000e+00,0.000000000000000000e+00,5.000000000000000278e-02,3.718871701575006128e+00,3.509245706679386956e+00,-1.500000000000000000e+00,0.000000000000000000e+00
2.560279299565833000e+00,1.139123910514938220e+00,3.393946046275287953e-01,1.500000000000000000e+00,0.000000000000000000e+00,0.000000000000000000e+00,5.000000000000000278e-02,-3.840418949348749500e+00,-3.963353456303740252e+00,-1.500000000000000000e+00,-0.000000000000000000e+00
1.328163741568259226e+00,1.647339431433792800e+00,9.182958662513347470e-01,1.500000000000000000e+00,0.000000000000000000e+00,0.000000000000000000e+00,5.000000000000000278e-02,-1.992245612352388839e+00,-2.081153727621444016e+00,-1.500000000000000000e+00,-0.000000000000000000e+00
-2.826548467479845339e+00,6.238114267271384072e-01,2.644527950492604473e-01,1.500000000000000000e+00,0.000000000000000000e+00,0.000000000000000000e+00,5.000000000000000278e-02,4.239822701219767787e+00,4.253421754102356012e+00,-1.500000000000000000e+00,0.000000000000000000e+00
-2.695919032656979297e-02,3.388231372248160511e-01,9.089683371685690627e-01,1.500000000000000000e+00,0.000000000000000000e+00,0.000000000000000000e+00,5.000000000000000278e-02,4.043878548985468946e-02,3.431413102680665184e-02,-1.500000000000000000e+00,0.000000000000000000e+00
-3.175343871725910816e-01,4.217869039347948990e-01,2.589087275648407349e-01,1.500000000000000000e+00,0.000000000000000000e+00,0.000000000000000000e+00,5.000000000000000278e-02,4.763015807588866224e-01,5.150666431047908889e-01,-1.500000000000000000e+00,0.000000000000000000e+00
8.166434595665035268e-01,2.132581624280762700e+00,1.985935843868006367e-01,1.500000000000000000e+00,0.000000000000000000e+00,0.000000000000000000e+00,5.000000000000000278e-02,-1.224965189349755290e+00,-1.263514152868766560e+00,-1.500000000000000000e+00,-0.000000000000000000e+00
-4.825854827107303180e-01,1.154804670189019333e+00,5.378636462169954502e-01,1.500000000000000000e+00,0.000000000000000000e+00,0.000000000000000000e+00,5.000000000000000278e-02,7.238782240660954770e-01,7.017780988447178681e-01,-1.500000000000000000e+00,0.000000000000000000e+00
2.872895969032358110e+00,5.836950782061884890e-01,8.614244311682204280e-01,1.500000000000000000e+00,0.000000000000000000e+00,0.000000000000000000e+00,5.000000000000000278e-02,-4.309343953548537165e+00,-4.506448041914221214e+00,-1.500000000000000000e+00,-0.000000000000000000e+00
-2.507856534710892760e-01,6.595535302257037324e-01,9.196539800473586546e-01,1.500000000000000000e+00,0.000000000000000000e+00,0.000000000000000000e+00,5.000000000000000278e-02,3.761784802066339140e-01,4.791062135596278471e-01,-1.500000000000000000e+00,0.000000000000000000e+00
-2.824193184573281279e+00,4.598298424148818953e-01,1.489318211224536226e-01,1.500000000000000000e+00,0.000000000000000000e+00,0.000000000000000000e+00,5.000000000000000278e-02,4.236289776859921474e+00,4.060255107214279846e+00,-1.500000000000000000e+00,0.000000000000000000e+00
-1.260651787265506973e+00,7.273470056386815985e-01,7.154453677275982582e-01,1.500000000000000000e+00,0.000000000000000000e+00,0.000000000000000000e+00,5.000000000000000278e-02,1.890977680898260349e+00,1.944962206077969435e+00,-1.500000000000000000e+00,0.000000000000000000e+00
-1.394729334094612971e+00,1.825130815048318311e+00,7.065485016763108916e-01,1.500000000000000000e+00,0.000000000000000000e+00,0.000000000000000000e+00,5.000000000000000278e-02,2.092094001141919346e+00,2.144484541473743899e+00,-1.500000000000000000e+00,0.000000000000000000e+00
-2.357645433299034643e+00,2.785501777897517517e+00,2.609899297341800040e-01,1.500000000000000000e+00,0.000000000000000000e+00,0.000000000000000000e+00,5.000000000000000278e-02,3.536468149948551964e+00,3.349684883206991870e+00,-1.500000000000000000e+00,0.000000000000000000e+00
-2.624466770657688741e+00,1.514568839741801343e+00,9.454796006542784959e-01,1.500000000000000000e+00,0.000000000000000000e+00,0.000000000000000000e+00,5.000000000000000278e-02,3.936700155986533112e+00,4.082596512071003936e+00,-1.500000000000000000e+00,0.000000000000000000e+00
2.065112632554486183e+00,2.204020913103016399e-01,1.712675434093968718e-02,1.500000000000000000e+00,0.000000000000000000e+00,0.000000000000000000e+00,5.000000000000000278e-02,-3.097668948831729274e+00,-3.036844950618637906e+00,-1.500000000000000000e+00,-0.000000000000000000e+00
-2.653534922869309476e+00,2.216653825175056269e+00,7.208183883522166768e-01,1.500000000000000000e+00,0.000000000000000000e+00,0.000000000000000000e+00,5.000000000000000278e-02,3.980302384303964214e+00,3.822361992364196492e+00,-1.500000000000000000e+00,0.000000000000000000e+00
-2.494003520052219258e+00,1.758005902511170726e+00,6.734380454425710205e-01,1.500000000000000000e+00,0.000000000000000000e+00,0.000000000000000000e+00,5.000000000000000278e-02,3.741005280078328887e+00,3.446004183643341712e+00,-1.500000000000000000e+00,0.000000000000000000e+00
-2.532976317173513792e+00,4.936483452488817925e-01,3.754945383952473792e-01,1.500000000000000000e+00,0.000000000000000000e+00,0.000000000000000000e+00,5.000000000000000278e-02,3.799464475760270687e+00,3.716077583703667475e+00,-1.500000000000000000e+00,0.000000000000000000e+00
8.721536333089900950e-01,2.553906780567252177e-01,9.585922843343708255e-01,1.500000000000000000e+00,0.000000000000000000e+00,0.000000000000000000e+00,5.000000000000000278e-02,-1.308230449963485142e+00,-1.344773779505120004e+00,-1.500000000000000000e+00,-0.000000000000000000e+00
-2.443913567338267256e-01,2.668105181180624452e-02,5.971979348965561485e-02,1.500000000000000000e+00,0.000000000000000000e+00,0.000000000000000000e+00,5.000000000000000278e-02,3.665870351007400885e-01,3.131982115828648716e-01,-1.500000000000000000e+00,0.000000000000000000e+00
-5.803947084304641457e-01,2.940225022098770236e+00,2.469704024142643783e-01,1.500000000000000000e+00,0.000000000000000000e+00,0.000000000000000000e+00,5.000000000000000278e-02,8.705920626456962186e-01,8.235208364442079265e-01,-1.500000000000000000e+00,0.000000000000000000e+00
1.624168936172106115e+00,2.998780630814223969e+00,5.875841418641303271e-01,1.500000000000000000e+00,0.000000000000000000e+00,0.000000000000000000e+00,5.000000000000000278e-02,-2.436253404258159172e+00,-2.385803828906388535e+00,-1.500000000000000000e+00,-0.000000000000000000e+00
-1.368717144858138113e-01,1.799829656669377886e+00,6.893642029841143826e-01,1.500000000000000000e+00,0.000000000000000000e+00,0.000000000000000000e+00,5.000000000000000278e-02,2.053075717287207169e-01,1.635972205811993541e-01,-1.500000000000000000e+00,0.000000000000000000e+00
-4.472347928517956817e-01,3.939608568424369794e-01,6.164394319067127981e-01,1.500000000000000000e+00,0.000000000000000000e+00,0.000000000000000000e+00,5.000000000000000278e-02,6.708521892776935225e-01,6.142901547531038897e-01,-1.500000000000000000e+00,0.000000000000000000e+00
1.291596587118756467e+00,2.836725298812676321e+00,9.882405735048197526e-01,1.500000000000000000e+00,0.000000000000000000e+00,0.000000000000000000e+00,5.000000000000000278e-02,-1.937394880678134701e+00,-1.930220481496443430e+00,-1.500000000000000000e+00,-0.000000000000000000e+00
-9.884675549132255767e-01,1.098264270379396557e+00,3.755904564514566113e-01,1.500000000000000000e+00,0.000000000000000000e+00,0.000000000000000000e+00,5.000000000000000278e-02,1.482701332369838365e+00,1.578898403508897541e+00,-1.500000000000000000e+00,0.000000000000000000e+00
-1.500083700518917151e+00,1.851039222097031978e+00,8.552160065557613544e-01,1.500000000000000000e+00,0.000000000000000000e+00,0.000000000000000000e+00,5.000000000000000278e-02,2.250125550778375505e+00,2.125790744292236578e+00,-1.500000000000000000e+00,0.000000000000000000e+00
2.187720918435124062e+00,1.186749664276027350e+00,5.409485070243663651e-01,1.500000000000000000e+00,0.000000000000000000e+00,0.000000000000000000e+00,5.000000000000000278e-02,-3.281581377652686093e+00,-3.482072694575055305e+00,-1.500000000000000000e+00,-0.000000000000000000e+00
-2.858248230703820170e+00,2.361903368574004958e+00,7.230402630529534358e-01,1.500000000000000000e+00,0.000000000000000000e+00,0.000000000000000000e+00,5.000000000000000278e-02,4.287372346055730254e+00,4.565534158993028946e+00,-1.500000000000000000e+00,0.000000000000000000e+00
8.143756983398375837e-01,4.337812411153495473e-01,5.733768133132746136e-01,1.500000000000000000e+00,0.000000000000000000e+00,0.000000000000000000e+00,5.000000000000000278e-02,-1.221563547509756376e+00,-1.352138662785935974e+00,-1.500000000000000000e+00,-0.000000000000000000e+00
-2.723389489214864234e+00,2.027485784147216030e+00,3.193778886236516845e-01,1.500000000000000000e+00,0.000000000000000000e+00,0.000000000000000000e+00,5.000000000000000278e-02,4.085084233822296795e+00,4.009992856363209235e+00,-1.500000000000000000e+00,0.000000000000000000e+00
-2.260378369725571268e+00,2.080401802824203727e+00,2.340916515648667762e-01,1.500000000000000000e+00,0.000000000000000000e+00,0.000000000000000000e+00,5.000000000000000278e-02,3.390567554588356902e+00,3.601055117019751339e+00,-1.500000000000000000e+00,0.000000000000000000e+00
-1.608322556723702279e+00,2.833865797528402730e+00,3.992476132356006513e-01,1.500000000000000000e+00,0.000000000000000000e+00,0.000000000000000000e+00,5.000000000000000278e-02,2.412483835085553530e+00,2.391121530207673374e+00,-1.500000000000000000e+00,0.000000000000000000e+00
-1.546405010538826730e+00,1.615874979115124344e+00,1.251188398219138520e-03,1.500000000000000000e+00,0.000000000000000000e+00,0.000000000000000000e+00,5.000000000000000278e-02,2.319607515808240095e+00,2.242149624126105856e+00,-1.500000000000000000e+00,0.000000000000000000e+00
5.528163496468234683e-01,1.194229456031074665e+00,7.790418981243651952e-01,1.500000000000000000e+00,0.000000000000000000e+00,0.000000000000000000e+00,5.000000000000000278e-02,-8.292245244702352025e-01,-8.305939112622759968e-01,-1.500000000000000000e+00,-0.000000000000000000e+00
6.483567805151282393e-01,1.195108752561334420e+00,4.492265961211093783e-01,1.500000000000000000e+00,0.000000000000000000e+00,0.000000000000000000e+00,5.000000000000000278e-02,-9.725351707726923589e-01,-9.417067429619871977e-01,-1.500000000000000000e+00,-0.000000000000000000e+00
2.637554022049886981e+00,2.624522738740046712e+00,1.170182913574721040e-01,1.500000000000000000e+00,0.000000000000000000e+00,0.000000000000000000e+00,5.000000000000000278e-02,-3.956331033074830472e+00,-4.109171413646971693e+00,-1.500000000000000000e+00,-0.000000000000000000e+00
1.687059196006652328e+00,1.249154944499581088e+00,7.554142902757443601e-02,1.500000000000000000e+00,0.000000000000000000e+00,0.000000000000000000e+00,5.000000000000000278e-02,-2.530588794009978493e+00,-2.541752372322756415e+00,-1.500000000000000000e+00,-0.000000000000000000e+00
-2.860463841727009626e+00,1.701632257562909700e+00,9.931826211570518037e-01,1.500000000000000000e+00,0.000000000000000000e+00,0.000000000000000000e+00,5.000000000000000278e-02,4.290695762590514661e+00,4.171453479478874016e+00,-1.500000000000000000e+00,0.000000000000000000e+00
-5.510394671488301199e-01,2.439349185033489187e-01,3.825283424516733310e-01,1.500000000000000000e+00,0.000000000000000000e+00,0.000000000000000000e+00,5.000000000000000278e-02,8.265592007232451799e-01,8.463281146940878630e-01,-1.500000000000000000e+00,0.000000000000000000e+00
1.517670662382152535e+00,2.882425878246344109e+00,5.196665399996825974e-01,1.500000000000000000e+00,0.000000000000000000e+00,0.000000000000000000e+00,5.000000000000000278e-02,-2.276505993573228803e+00,-2.250145380990766775e+00,-1.500000000000000000e+00,-0.000000000000000000e+00
2.903450064499868866e+00,9.037699411924493553e-01,7.966020465579588539e-01,1.500000000000000000e+00,0.000000000000000000e+00,0.000000000000000000e+00,5.000000000000000278e-02,-4.355175096749803743e+00,-4.513980872919182374e+00,-1.500000000000000000e+00,-0.000000000000000000e+00
-3.986976863759199574e-01,2.458016645978508219e+00,7.976136660255480626e-01,1.500000000000000000e+00,0.000000000000000000e+00,0.000000000000000000e+00,5.000000000000000278e-02,5.980465295638799361e-01,5.905643569004043192e-01,-1.500000000000000000e+00,0.000000000000000000e+00
-2.640572754725901916e+00,2.163714729434714101e+00,7.427233454320468775e-01,1.500000000000000000e+00,0.000000000000000000e+00,0.000000000000000000e+00,5.000000000000000278e-02,3.960859132088852874e+00,3.988430086411683728e+00,-1.500000000000000000e+00,0.000000000000000000e+00
-2.221874021345549011e+00,1.000610376717895322e-01,4.471940417733877293e-02,1.500000000000000000e+00,0.000000000000000000e+00,0.000000000000000000e+00,5.000000000000000278e-02,3.332811032018323516e+00,3.532257405731885402e+00,-1.500000000000000000e+00,0.000000000000000000e+00
1.515220649062722025e+00,2.567311320500962335e+00,6.578749395410438128e-01,1.500000000000000000e+00,0.000000000000000000e+00,0.000000000000000000e+00,5.000000000000000278e-02,-2.272830973594083037e+00,-2.281592634285461774e+00,-1.500000000000000000e+00,-0.000000000000000000e+00
1.646892227923041574e+00,1.001529357306082391e-01,7.699421049447093823e-01,1.500000000000000000e+00,0.000000000000000000e+00,0.000000000000000000e+00,5.000000000000000278e-02,-2.470338341884562361e+00,-2.575266544077116304e+00,-1.500000000000000000e+00,-0.000000000000000000e+00
3.922303383583978231e-01,1.295046474772233891e+00,9.058271270386186735e-02,1.500000000000000000e+00,0.000000000000000000e+00,0.000000000000000000e+00,5.000000000000000278e-02,-5.883455075375967347e-01,-5.856212424961447782e-01,-1.500000000000000000e+00,-0.000000000000000000e+00
9.064622870287797340e-01,8.327553221459288446e-01,2.737520980190415454e-01,1.500000000000000000e+00,0.000000000000000000e+00,0.000000000000000000e+00,5.000000000000000278e-02,-1.359693430543169601e+00,-1.224454055062020874e+00,-1.500000000000000000e+00,-0.000000000000000000e+00
1.845703525121480837e+00,1.495045144677836113e+00,7.125976465661387760e-01,1.500000000000000000e+00,0.000000000000000000e+00,0.000000000000000000e+00,5.000000000000000278e-02,-2.768555287682221255e+00,-2.593423779587633149e+00,-1.500000000000000000e+00,-0.000000000000000000e+00
1.687647883105336533e-01,1.131432274503260560e+00,4.657176555458407696e-01,1.500000000000000000e+00,0.000000000000000000e+00,0.000000000000000000e+00,5.000000000000000278e-02,-2.531471824658004799e-01,-1.851011244777019393e-01,-1.500000000000000000e+00,-0.000000000000000000e+00
-1.401429994183077454e+00,2.876370231601363958e+00,5.222963558135839124e-01,1.500000000000000000e+00,0.000000000000000000e+00,0.000000000000000000e+00,5.000000000000000278e-02,2.102144991274616181e+00,1.955552995749807454e+00,-1.500000000000000000e+00,0.000000000000000000e+00
8.061651965863334546e-01,1.943264352563331077e+00,8.173787387128670368e-01,1.500000000000000000e+00,0.000000000000000000e+00,0.000000000000000000e+00,5.000000000000000278e-02,-1.209247794879500182e+00,-1.091393052979726441e+00,-1.500000000000000000e+00,-0.000000000000000000e+00
-2.317089342322554479e+00,2.978299875126253049e+00,3.603713270965486215e-01,1.500000000000000000e+00,0.000000000000000000e+00,0.000000000000000000e+00,5.000000000000000278e-02,3.475634013483831719e+00,3.559619299305418760e+00,-1.500000000000000000e+00,0.000000000000000000e+00
1.279566060017628182e+00,2.665778758074169641e+00,1.298246031152845426e-01,1.500000000000000000e+00,0.000000000000000000e+00,0.000000000000000000e+00,5.000000000000000278e-02,-1.919349090026442273e+00,-1.891220651342866432e+00,-1.500000000000000000e+00,-0.000000000000000000e+00
-5.113497239047952725e-01,1.865799567347775634e+00,8.085557957371070081e-01,1.500000000000000000e+00,0.000000000000000000e+00,0.000000000000000000e+00,5.000000000000000278e-02,7.670245858571929087e-01,7.701401533632082907e-01,-1.500000000000000000e+00,0.000000000000000000e+00
-4.791916162719411787e-01,2.184187020666889190e+00,3.470333787425661232e-02,1.500000000000000000e+00,0.000000000000000000e+00,0.000000000000000000e+00,5.000000000000000278e-02,7.187874244079117680e-01,7.448494137120369452e-01,-1.500000000000000000e+00,0.000000000000000000e+00
7.080873558521334488e-01,1.507448915207536100e+00,8.321160942936468574e-01,1.500000000000000000e+00,0.000000000000000000e+00,0.000000000000000000e+00,5.000000000000000278e-02,-1.062131033778200173e+00,-1.168432958131034871e+00,-1.500000000000000000e+00,-0.000000000000000000e+00
1.282270018190866168e+00,2.210739639156257041e+00,4.199934372159466189e-01,1.500000000000000000e+00,0.000000000000000000e+00,0.000000000000000000e+00,5.000000000000000278e-02,-1.923405027286299251e+00,-1.829129060183400712e+00,-1.500000000000000000e+00,-0.000000000000000000e+00
-7.311812401236652548e-01,1.362650896617484397e-01,2.070747043694498579e-02,1.500000000000000000e+00,0.000000000000000000e+00,0.000000000000000000e+00,5.000000000000000278e-02,1.096771860185497882e+00,1.020181202953479360e+00,-1.500000000000000000e+00,0.000000000000000000e+00
2.368495094667541601e+00,1.756472697024477281e+00,7.815028982763322363e-01,1.500000000000000000e+00,0.000000000000000000e+00,0.000000000000000000e+00,5.000000000000000278e-02,-3.552742642001312401e+00,-3.254519529406064038e+00,-1.500000000000000000e+00,-0.000000000000000000e+00
2.683802334282722413e+00,1.089040218804573357e+00,3.977677933754272255e-01,1.500000000000000000e+00,0.000000000000000000e+00,0.000000000000000000e+00,5.000000000000000278e-02,-4.025703501424083619e+00,-3.967829143791489876e+00,-1.500000000000000000e+00,-0.000000000000000000e+00
2.761869650979893898e+00,1.433754604879144523e+00,4.122182350820361441e-01,1.500000000000000000e+00,0.000000000000000000e+00,0.000000000000000000e+00,5.000000000000000278e-02,-4.142804476469841291e+00,-4.283479688310864120e+00,-1.500000000000000000e+00,-0.000000000000000000e+00
2.563919130265380986e+00,9.103065513510726348e-01,2.026910113958280135e-03,1.500000000000000000e+00,0.000000000000000000e+00,0.000000000000000000e+00,5.000000000000000278e-02,-3.845878695398071478e+00,-4.042651960291959945e+00,-1.500000000000000000e+00,-0.000000000000000000e+00
9.940834109154472742e-02,1.344663808357963397e+00,9.600261215527550185e-01,1.500000000000000000e+00,0.000000000000000000e+00,0.000000000000000000e+00,5.000000000000000278e-02,-1.491125116373170911e-01,-1.627469108468094228e-01,-1.500000000000000000e+00,-0.000000000000000000e+00
-1.467779445568782482e+00,2.757558565331977185e+00,8.518143429248707932e-01,1.500000000000000000e+00,0.000000000000000000e+00,0.000000000000000000e+00,5.000000000000000278e-02,2.201669168353173944e+00,2.368380986052102344e+00,-1.500000000000000000e+00,0.000000000000000000e+00
2.124410235394061708e+00,2.857617664247558587e+00,3.596595276289110688e-01,1.500000000000000000e+00,0.000000000000000000e+00,0.000000000000000000e+00,5.000000000000000278e-02,-3.186615353091092562e+00,-3.192006227684644148e+00,-1.500000000000000000e+00,-0.000000000000000000e+00
2.346287992354820773e-01,4.307529136431239580e-01,1.339616795916231951e-01,1.500000000000000000e+00,0.000000000000000000e+00,0.000000000000000000e+00,5.000000000000000278e-02,-3.519431988532231159e-01,-3.474211300855820084e-01,-1.500000000000000000e+00,-0.000000000000000000e+00
-1.199704343919543836e+00,8.443441148152763809e-01,9.268098100930449723e-01,1.500000000000000000e+00,0.000000000000000000e+00,0.000000000000000000e+00,5.000000000000000278e-02,1.799556515879315644e+00,1.724397575740022059e+00,-1.500000000000000000e+00,0.000000000000000000e+00
7.186023062589619315e-02,2.919880568818530531e+00,4.871997689740024118e-01,1.500000000000000000e+00,0.000000000000000000e+00,0.000000000000000000e+00,5.000000000000000278e-02,-1.077903459388442897e-01,-3.080617831759990821e-02,-1.500000000000000000e+00,-0.000000000000000000e+00
-4.740855430684645100e-01,3.559532145568518047e-01,8.149616168280284789e-01,1.500000000000000000e+00,0.000000000000000000e+00,0.000000000000000000e+00,5.000000000000000278e-02,7.111283146026967650e-01,6.960163955603022590e-01,-1.500000000000000000e+00,0.000000000000000000e+00
-1.823368353467849090e-01,4.534065799839687161e-01,1.042940047039955243e-01,1.500000000000000000e+00,0.000000000000000000e+00,0.000000000000000000e+00,5.000000000000000278e-02,2.735052530201773635e-01,2.390315755195266123e-01,-1.500000000000000000e+00,0.000000000000000000e+00
2.712228923101735134e+00,1.275787419102226483e+00,6.369873040971214539e-01,1.500000000000000000e+00,0.000000000000000000e+00,0.000000000000000000e+00,5.000000000000000278e-02,-4.068343384652602701e+00,-4.001702763038660571e+00,-1.500000000000000000e+00,-0.000000000000000000e+00
-8.309613958675576839e-03,1.677281585998346314e+00,3.596128601071936215e-01,1.500000000000000000e+00,0.000000000000000000e+00,0.000000000000000000e+00,5.000000000000000278e-02,1.246442093801336526e-02,-1.962792123321055460e-02,-1.500000000000000000e+00,0.000000000000000000e+00
-8.445627379494169418e-01,1.117992048251807979e+00,2.870586464218400913e-01,1.500000000000000000e+00,0.000000000000000000e+00,0.000000000000000000e+00,5.000000000000000278e-02,1.266844106924125413e+00,1.250212273209568181e+00,-1.500000000000000000e+00,0.000000000000000000e+00
1.492573939471255606e+00,8.033956397919321812e-01,8.369768789951995691e-01,1.500000000000000000e+00,0.000000000000000000e+00,0.000000000000000000e+00,5.000000000000000278e-02,-2.238860909206883409e+00,-2.429334978181273197e+00,-1.500000000000000000e+00,-0.000000000000000000e+00
2.122750634447566398e+00,6.736007395113425833e-01,1.044523786372214547e-01,1.500000000000000000e+00,0.000000000000000000e+00,0.000000000000000000e+00,5.000000000000000278e-02,-3.184125951671349597e+00,-3.447185053513579955e+00,-1.500000000000000000e+00,-0.000000000000000000e+00
1.215338273277917658e+00,3.562536502955548912e-01,4.709097231689447494e-01,1.500000000000000000e+00,0.000000000000000000e+00,0.000000000000000000e+00,5.000000000000000278e-02,-1.823007409916876487e+00,-1.776968683739617028e+00,-1.500000000000000000e+00,-0.000000000000000000e+00
-2.533334792635969279e+00,4.344585331241407333e-01,6.285861156858204568e-01,1.500000000000000000e+00,0.000000000000000000e+00,0.000000000000000000e+00,5.000000000000000278e-02,3.800002188953953919e+00,3.639576924594560392e+00,-1.500000000000000000e+00,0.000000000000000000e+00
-1.003562599498623475e+00,2.020329948859003633e+00,1.173579192212980127e-01,1.500000000000000000e+00,0.000000000000000000e+00,0.000000000000000000e+00,5.000000000000000278e-02,1.505343899247935102e+00,1.542002782801635163e+00,-1.500000000000000000e+00,0.000000000000000000e+00
2.526139895581124506e+00,1.430392364983165576e+00,9.735804856459107093e-01,1.500000000000000000e+00,0.000000000000000000e+00,0.000000000000000000e+00,5.000000000000000278e-02,-3.789209843371686759e+00,-3.712899613913229757e+00,-1.500000000000000000e+00,-0.000000000000000000e+00
5.316579320592529356e-01,2.848745799680397983e+00,8.545929432937109382e-01,1.500000000000000000e+00,0.000000000000000000e+00,0.000000000000000000e+00,5.000000000000000278e-02,-7.974868980888794034e-01,-7.644818410909112183e-01,-1.500000000000000000e+00,-0.000000000000000000e+00
-2.483703685223966229e+00,2.398321747612939703e+00,9.921178315318178731e-01,1.500000000000000000e+00,0.000000000000000000e+00,0.000000000000000000e+00,5.000000000000000278e-02,3.725555527835949121e+00,3.841750186078201068e+00,-1.500000000000000000e+00,0.000000000000000000e+00
1.212665171866407654e+00,4.098098194166889252e-01,8.811924343202903742e-01,1.500000000000000000e+00,0.000000000000000000e+00,0.000000000000000000e+00,5.000000000000000278e-02,-1.818997757799611481e+00,-1.723520994959680142e+00,-1.500000000000000000e+00,-0.000000000000000000e+00
1.196362229114340536e+00,3.145134383186198868e-02,7.110305897189341806e-01,1.500000000000000000e+00,0.000000000000000000e+00,0.000000000000000000e+00,5.000000000000000278e-02,-1.794543343671510804e+00,-1.811054561446904909e+00,-1.500000000000000000e+00,-0.000000000000000000e+00
-1.455576908518808388e+00,1.886142066957323671e+00,4.278876828712623315e-01,1.500000000000000000e+00,0.000000000000000000e+00,0.000000000000000000e+00,5.000000000000000278e-02,2.183365362778212582e+00,2.141687094383273759e+00,-1.500000000000000000e+00,0.000000000000000000e+00
1.314393685934831524e+00,2.940243016276533172e+00,3.920608069678912511e-01,1.500000000000000000e+00,0.000000000000000000e+00,0.000000000000000000e+00,5.000000000000000278e-02,-1.971590528902247286e+00,-1.869947100222167258e+00,-1.500000000000000000e+00,-0.000000000000000000e+00
-1.635264629606654863e+00,4.909402915306281256e-01,8.005918175561210770e-02,1.500000000000000000e+00,0.000000000000000000e+00,0.000000000000000000e+00,5.000000000000000278e-02,2.452896944409982183e+00,2.309531908656085264e+00,-1.500000000000000000e+00,0.000000000000000000e+00
2.737321731984041051e+00,1.434100279688594881e+00,1.872645435150683824e-01,1.500000000000000000e+00,0.000000000000000000e+00,0.000000000000000000e+00,5.000000000000000278e-02,-4.105982597976061577e+00,-4.304750932449635137e+00,-1.500000000000000000e+00,-0.000000000000000000e+00
8.228257714160438496e-01,3.658042430872502360e-01,9.850962471533597498e-02,1.500000000000000000e+00,0.000000000000000000e+00,0.000000000000000000e+00,5.000000000000000278e-02,-1.234238657124065774e+00,-1.314908713175018118e+00,-1.500000000000000000e+00,-0.000000000000000000e+00
-2.067771306913771312e+00,1.946673474396182435e+00,2.180401692466322761e-01,1.500000000000000000e+00,0.000000000000000000e+00,0.000000000000000000e+00,5.000000000000000278e-02,3.101656960370656968e+00,2.972420825498926167e+00,-1.500000000000000000e+00,0.000000000000000000e+00
3.129487423074586161e-01,2.276726331665583025e+00,1.534678172696249954e-01,1.500000000000000000e+00,0.000000000000000000e+00,0.000000000000000000e+00,5.000000000000000278e-02,-4.694231134611879241e-01,-4.091639999266044603e-01,-1.500000000000000000e+00,-0.000000000000000000e+00
2.130111596092455706e+00,2.321256309393327832e+00,4.923450390145011069e-01,1.500000000000000000e+00,0.000000000000000000e+00,0.000000000000000000e+00,5.000000000000000278e-02,-3.195167394138683559e+00,-2.983716189240569694e+00,-1.500000000000000000e+00,-0.000000000000000000e+00
-2.017269563035681390e+00,2.410469521011077809e+00,4.444786143468119066e-01,1.500000000000000000e+00,0.000000000000000000e+00,0.000000000000000000e+00,5.000000000000000278e-02,3.025904344553522307e+00,2.952744532218313012e+00,-1.500000000000000000e+00,0.000000000000000000e+00
2.204570389091594862e+00,7.249865341792516293e-02,3.730918794913573588e-02,1.500000000000000000e+00,0.000000000000000000e+00,0.000000000000000000e+00,5.000000000000000278e-02,-3.306855583637392293e+00,-3.553379537498431606e+00,-1.500000000000000000e+00,-0.000000000000000000e+00
2.285130523712209261e+00,8.277527596813005761e-01,8.631888527359861119e-01,1.500000000000000000e+00,0.000000000000000000e+00,0.000000000000000000e+00,5.000000000000000278e-02,-3.427695785568313891e+00,-3.564956479525287492e+00,-1.500000000000000000e+00,-0.000000000000000000e+00
-2.331418299636154323e+00,2.851804668394725129e-01,5.587328677280511968e-02,1.500000000000000000e+00,0.000000000000000000e+00,0.000000000000000000e+00,5.000000000000000278e-02,3.497127449454231485e+00,3.525054946085369512e+00,-1.500000000000000000e+00,0.000000000000000000e+00
2.108577351975357672e+00,1.316941900416125577e+00,4.744586813495963451e-01,1.500000000000000000e+00,0.000000000000000000e+00,0.000000000000000000e+00,5.000000000000000278e-02,-3.162866027963036508e+00,-2.919868536935855463e+00,-1.500000000000000000e+00,-0.000000000000000000e+00
-2.860514280283799504e+00,4.788876774468550090e-01,6.529634737546097245e-01,1.500000000000000000e+00,0.000000000000000000e+00,0.000000000000000000e+00,5.000000000000000278e-02,4.290771420425699034e+00,4.237444818953432168e+00,-1.500000000000000000e+00,0.000000000000000000e+00
7.224911363097259454e-01,1.299957287926647220e+00,8.942180950367141223e-01,1.500000000000000000e+00,0.000000000000000000e+00,0.000000000000000000e+00,5.000000000000000278e-02,-1.083736704464588918e+00,-1.034198604000425625e+00,-1.500000000000000000e+00,-0.000000000000000000e+00
4.516805479295955550e-01,4.595937591043727233e-01,6.597444282431784712e-01,1.500000000000000000e+00,0.000000000000000000e+00,0.000000000000000000e+00,5.000000000000000278e-02,-6.775208218943933325e-01,-6.392374798659788970e-01,-1.500000000000000000e+00,-0.000000000000000000e+00
2.732596884207660892e+00,1.532369409683004280e-01,9.804733531775016164e-01,1.500000000000000000e+00,0.000000000000000000e+00,0.000000000000000000e+00,5.000000000000000278e-02,-4.098895326311491338e+00,-4.401501414631218800e+00,-1.500000000000000000e+00,-0.000000000000000000e+00
5.814477792862060568e-01,1.910791590619209668e-01,5.927273686225175142e-01,1.500000000000000000e+00,0.000000000000000000e+00,0.000000000000000000e+00,5.000000000000000278e-02,-8.721716689293090852e-01,-8.157951730087065201e-01,-1.500000000000000000e+00,-0.000000000000000000e+00
-2.761927093794809274e-01,1.986322893859749028e+00,5.681592744670223016e-01,1.500000000000000000e+00,0.000000000000000000e+00,0.000000000000000000e+00,5.000000000000000278e-02,4.142890640692213911e-01,4.783155693366294980e-01,-1.500000000000000000e+00,0.000000000000000000e+00
-1.855149606284882013e+00,2.617736486023922726e+00,9.625800477671004884e-01,1.500000000000000000e+00,0.000000000000000000e+00,0.000000000000000000e+00,5.000000000000000278e-02,2.782724409427323131e+00,2.859128558544513865e+00,-1.500000000000000000e+00,0.000000000000000000e+00
1.314239487526011274e+00,1.486033330856411538e+00,6.447723517695879147e-01,1.500000000000000000e+00,0.000000000000000000e+00,0.000000000000000000e+00,5.000000000000000278e-02,-1.971359231289016911e+00,-1.981866872611750097e+00,-1.500000000000000000e+00,-0.000000000000000000e+00
2.201526896144093470e+00,2.594873544055725123e+00,9.005549012485258853e-01,1.500000000000000000e+00,0.000000000000000000e+00,0.000000000000000000e+00,5.000000000000000278e-02,-3.302290344216140205e+00,-3.104545663607499506e+00,-1.500000000000000000e+00,-0.000000000000000000e+00
-9.687811106449837339e-01,2.897316518982016476e+00,6.989865546015838760e-02,1.500000000000000000e+00,0.000000000000000000e+00,0.000000000000000000e+00,5.000000000000000278e-02,1.453171665967475601e+00,1.493594583138394549e+00,-1.500000000000000000e+00,0.000000000000000000e+00
2.731853181257054786e+00,2.163531498008880671e+00,3.371722864707927814e-01,1.500000000000000000e+00,0.000000000000000000e+00,0.000000000000000000e+00,5.000000000000000278e-02,-4.097779771885582178e+00,-4.064035621305388979e+00,-1.500000000000000000e+00,-0.000000000000000000e+00
1.966266356552233141e+00,2.191706523804589857e+00,3.848179254776729064e-01,1.500000000000000000e+00,0.000000000000000000e+00,0.000000000000000000e+00,5.000000000000000278e-02,-2.949399534828349712e+00,-2.884235256761688682e+00,-1.500000000000000000e+00,-0.000000000000000000e+00
-5.654208595144805116e-01,1.345685725407580691e+00,2.152747476786632808e-01,1.500000000000000000e+00,0.000000000000000000e+00,0.000000000000000000e+00,5.000000000000000278e-02,8.481312892717207674e-01,9.210811843882139582e-01,-1.500000000000000000e+00,0.000000000000000000e+00
-1.666948634105244631e+00,2.319434533901725271e-01,6.081778279209182347e-01,1.500000000000000000e+00,0.000000000000000000e+00,0.000000000000000000e+00,5.000000000000000278e-02,2.500422951157867058e+00,2.378529689025076443e+00,-1.500000000000000000e+00,0.000000000000000000e+00
-8.402123471773261798e-01,2.279672678222647964e+00,9.164477476302599346e-01,1.500000000000000000e+00,0.000000000000000000e+00,0.000000000000000000e+00,5.000000000000000278e-02,1.260318520765989270e+00,1.246961750137323355e+00,-1.500000000000000000e+00,0.000000000000000000e+00
2.487140751916649961e-01,2.840546083123214771e+00,6.190707532856986051e-01,1.500000000000000000e+00,0.000000000000000000e+00,0.000000000000000000e+00,5.000000000000000278e-02,-3.730711127874974942e-01,-3.974056207103705551e-01,-1.500000000000000000e+00,-0.000000000000000000e+00
-2.382139630594301671e+00,1.768705938030975755e+00,9.436001219418227448e-01,1.500000000000000000e+00,0.000000000000000000e+00,0.000000000000000000e+00,5.000000000000000278e-02,3.573209445891452507e+00,3.618401541139298239e+00,-1.500000000000000000e+00,0.000000000000000000e+00
2.725708688452932904e+00,7.714776308315284270e-01,5.777099318873890610e-01,1.500000000000000000e+00,0.000000000000000000e+00,0.000000000000000000e+00,5.000000000000000278e-02,-4.088563032679399356e+00,-4.057580288125245183e+00,-1.500000000000000000e+00,-0.000000000000000000e+00
-7.348088845665454727e-01,2.337250619266681095e+00,7.006417144651144735e-01,1.500000000000000000e+00,0.000000000000000000e+00,0.000000000000000000e+00,5.000000000000000278e-02,1.102213326849818209e+00,1.081140400046501027e+00,-1.500000000000000000e+00,0.000000000000000000e+00
-1.671056241335179493e+00,1.652138168651037908e+00,8.096789507179645851e-01,1.500000000000000000e+00,0.000000000000000000e+00,0.000000000000000000e+00,5.000000000000000278e-02,2.506584362002769240e+00,2.537948391509660784e+00,-1.500000000000000000e+00,0.000000000000000000e+00
6.659780563858275215e-01,4.554740165570042576e-01,7.899054781300651751e-01,1.500000000000000000e+00,0.000000000000000000e+00,0.000000000000000000e+00,5.000000000000000278e-02,-9.989670845787412823e-01,-1.005325297728463907e+00,-1.500000000000000000e+00,-0.000000000000000000e+00
1.457012458229090868e+00,2.261933455496360157e+00,4.047863320860763947e-01,1.500000000000000000e+00,0.000000000000000000e+00,0.000000000000000000e+00,5.000000000000000278e-02,-2.185518687343636302e+00,-2.046314561604543059e+00,-1.500000000000000000e+00,-0.000000000000000000e+00
-2.071288719415056878e+00,1.634204684678431274e+00,5.367040296595227966e-01,1.500000000000000000e+00,0.000000000000000000e+00,0.000000000000000000e+00,5.000000000000000278e-02,3.106933079122585539e+00,3.278218033479796567e+00,-1.500000000000000000e+00,0.000000000000000000e+00
-7.676477284284661806e-01,2.260562661514574412e+00,4.107232944709915401e-01,1.500000000000000000e+00,0.000000000000000000e+00,0.000000000000000000e+00,5.000000000000000278e-02,1.151471592642699271e+00,1.148797176482125426e+00,-1.500000000000000000e+00,0.000000000000000000e+00
-5.635701959296950392e-01,2.272129572468022385e+00,8.679069068557176969e-02,1.500000000000000000e+00,0.000000000000000000e+00,0.000000000000000000e+00,5.000000000000000278e-02,8.453552938945425588e-01,8.499330268598089821e-01,-1.500000000000000000e+00,0.000000000000000000e+00
2.062861622694515340e+00,1.470236254426299016e+00,7.492188247582091121e-01,1.500000000000000000e+00,0.000000000000000000e+00,0.000000000000000000e+00,5.000000000000000278e-02,-3.094292434041773010e+00,-3.143661884283934338e+00,-1.500000000000000000e+00,-0.000000000000000000e+00
-1.449401504863270906e+00,2.267878945041552186e+00,2.427433952429850494e-01,1.500000000000000000e+00,0.000000000000000000e+00,0.000000000000000000e+00,5.000000000000000278e-02,2.174102257294906249e+00,2.081592487708286310e+00,-1.500000000000000000e+00,0.000000000000000000e+00
-8.745413609103329655e-01,9.891386400639990972e-01,7.705906177805088575e-01,1.500000000000000000e+00,0.000000000000000000e+00,0.000000000000000000e+00,5.000000000000000278e-02,1.311812041365499448e+00,1.340213056262931968e+00,-1.500000000000000000e+00,0.000000000000000000e+00
-1.823520163704762886e+00,2.248079205645571399e+00,3.763868441458537717e-01,1.500000000000000000e+00,0.000000000000000000e+00,0.000000000000000000e+00,5.000000000000000278e-02,2.735280245557144330e+00,2.869338127392663473e+00,-1.500000000000000000e+00,0.000000000000000000e+00
-2.821010748696917148e-02,4.001688414594322118e-01,2.467361152409501823e-01,1.500000000000000000e+00,0.000000000000000000e+00,0.000000000000000000e+00,5.000000000000000278e-02,4.231516123045375721e-02,-5.253018466808855036e-02,-1.500000000000000000e+00,0.000000000000000000e+00
-6.570351756347432293e-01,4.723320180912462529e-01,4.153888649371854092e-01,1.500000000000000000e+00,0.000000000000000000e+00,0.000000000000000000e+00,5.000000000000000278e-02,9.855527634521148439e-01,9.354718721668189296e-01,-1.500000000000000000e+00,0.000000000000000000e+00
1.202022244611411494e+00,2.236257730972683433e+00,4.263453684367383145e-01,1.500000000000000000e+00,0.000000000000000000e+00,0.000000000000000000e+00,5.000000000000000278e-02,-1.803033366917117242e+00,-1.705376010338560011e+00,-1.500000000000000000e+00,-0.000000000000000000e+00
-8.300089051431092102e-01,2.894102806811927664e+00,2.054297491099299489e-01,1.500000000000000000e+00,0.000000000000000000e+00,0.000000000000000000e+00,5.000000000000000278e-02,1.245013357714663815e+00,1.331824228477591188e+00,-1.500000000000000000e+00,0.000000000000000000e+00
-1.937804786600734186e+00,1.960180133092572774e-01,7.819710013787225522e-01,1.500000000000000000e+00,0.000000000000000000e+00,0.000000000000000000e+00,5.000000000000000278e-02,2.906707179901101057e+00,2.771297835554653144e+00,-1.500000000000000000e+00,0.000000000000000000e+00
-2.161718249700909311e+00,2.890378026808032352e+00,4.528881873357794019e-01,1.500000000000000000e+00,0.000000000000000000e+00,0.000000000000000000e+00,5.000000000000000278e-02,3.242577374551363967e+00,3.058870202360812751e+00,-1.500000000000000000e+00,0.000000000000000000e+00
1.213719262083780670e+00,2.979454134975286772e-01,6.661729526626245512e-01,1.500000000000000000e+00,0.000000000000000000e+00,0.000000000000000000e+00,5.000000000000000278e-02,-1.820578893125671005e+00,-1.952243880107060292e+00,-1.500000000000000000e+00,-0.000000000000000000e+00
-2.092735573644424196e+00,2.704593615460563871e+00,4.734267621974415086e-01,1.500000000000000000e+00,0.000000000000000000e+00,0.000000000000000000e+00,5.000000000000000278e-02,3.139103360466636516e+00,3.301894065339592732e+00,-1.500000000000000000e+00,0.000000000000000000e+00
-1.987646947979907930e+00,1.628617816482444525e+00,3.414154069986493623e-01,1.500000000000000000e+00,0.000000000000000000e+00,0.000000000000000000e+00,5.000000000000000278e-02,2.981470421969862006e+00,3.003421081075739796e+00,-1.500000000000000000e+00,0.000000000000000000e+00
1.219477193808866211e+00,1.214027612312924553e+00,6.018315899402205682e-01,1.500000000000000000e+00,0.000000000000000000e+00,0.000000000000000000e+00,5.000000000000000278e-02,-1.829215790713299317e+00,-1.841551540032737577e+00,-1.500000000000000000e+00,-0.000000000000000000e+00
1.509214207137949515e+00,1.389998072419353026e+00,9.158717528517814621e-01,1.500000000000000000e+00,0.000000000000000000e+00,0.000000000000000000e+00,5.000000000000000278e-02,-2.263821310706924272e+00,-2.359531198244182892e+00,-1.500000000000000000e+00,-0.000000000000000000e+00
-2.654644715756434792e+00,2.003452313777816407e+00,2.655500557412536766e-01,1.500000000000000000e+00,0.000000000000000000e+00,0.000000000000000000e+00,5.000000000000000278e-02,3.981967073634652188e+00,4.124730664696676818e+00,-1.500000000000000000e+00,0.000000000000000000e+00
-2.347157372582135082e+00,2.527426542240772678e-01,7.300832275495913182e-01,1.500000000000000000e+00,0.000000000000000000e+00,0.000000000000000000e+00,5.000000000000000278e-02,3.520736058873202623e+00,3.437641868963011049e+00,-1.500000000000000000e+00,0.000000000000000000e+00
-1.407758579379238206e+00,2.778330154306982713e+00,5.654287418019765532e-03,1.500000000000000000e+00,0.000000000000000000e+00,0.000000000000000000e+00,5.000000000000000278e-02,2.111637869068857309e+00,2.254797283697523635e+00,-1.500000000000000000e+00,0.000000000000000000e+00
-9.216597542712969826e-01,1.189213362094700077e+00,8.658246548139961751e-01,1.500000000000000000e+00,0.000000000000000000e+00,0.000000000000000000e+00,5.000000000000000278e-02,1.382489631406945474e+00,1.367005396099956416e+00,-1.500000000000000000e+00,0.000000000000000000e+00
3.252805985837348146e-02,1.064197513333479339e+00,6.956980690898961761e-01,1.500000000000000000e+00,0.000000000000000000e+00,0.000000000000000000e+00,5.000000000000000278e-02,-4.879208978756022219e-02,-8.166817337829590517e-03,-1.500000000000000000e+00,-0.000000000000000000e+00
-2.000922045500812096e+00,1.409708208575339405e+00,4.657294416212582888e-01,1.500000000000000000e+00,0.000000000000000000e+00,0.000000000000000000e+00,5.000000000000000278e-02,3.001383068251218145e+00,3.078079413504811512e+00,-1.500000000000000000e+00,0.000000000000000000e+00
2.550907192905636833e+00,1.676606592817649233e+00,2.317753359468562868e-01,1.500000000000000000e+00,0.000000000000000000e+00,0.000000000000000000e+00,5.000000000000000278e-02,-3.826360789358455250e+00,-3.803476658987628767e+00,-1.500000000000000000e+00,-0.000000000000000000e+00
-2.044350958522321626e+00,8.092524538770906606e-02,7.583004315106486315e-01,1.500000000000000000e+00,0.000000000000000000e+00,0.000000000000000000e+00,5.000000000000000278e-02,3.066526437783482439e+00,3.017240258327752667e+00,-1.500000000000000000e+00,0.000000000000000000e+00
2.352714912127316538e+00,8.404767576014006147e-01,2.210954429972131763e-01,1.500000000000000000e+00,0.000000000000000000e+00,0.000000000000000000e+00,5.000000000000000278e-02,-3.529072368190974807e+00,-3.227857019844860620e+00,-1.500000000000000000e+00,-0.000000000000000000e+00
-1.329657396147010617e+00,2.129653913079703198e+00,2.984730584846073675e-01,1.500000000000000000e+00,0.000000000000000000e+00,0.000000000000000000e+00,5.000000000000000278e-02,1.994486094220516037e+00,2.120311061071612713e+00,-1.500000000000000000e+00,0.000000000000000000e+00
4.892139571228568684e-01,8.185544684587564568e-01,2.189356749178434924e-01,1.500000000000000000e+00,0.000000000000000000e+00,0.000000000000000000e+00,5.000000000000000278e-02,-7.338209356842853026e-01,-7.835036666166831365e-01,-1.500000000000000000e+00,-0.000000000000000000e+00
-3.256706252166257087e-01,2.766037468294632706e+00,3.351134622035933930e-02,1.500000000000000000e+00,0.000000000000000000e+00,0.000000000000000000e+00,5.000000000000000278e-02,4.885059378249385631e-01,5.718941265892935055e-01,-1.500000000000000000e+00,0.000000000000000000e+00
-1.956356427532478293e+00,2.375032814652167090e+00,3.879979331801339804e-01,1.500000000000000000e+00,0.000000000000000000e+00,0.000000000000000000e+00,5.000000000000000278e-02,2.934534641298717439e+00,2.743379788214209469e+00,-1.500000000000000000e+00,0.000000000000000000e+00
-2.311239044498513806e+00,4.945785626777075006e-01,4.954397598165877215e-01,1.500000000000000000e+00,0.000000000000000000e+00,0.000000000000000000e+00,5.000000000000000278e-02,3.466858566747770709e+00,3.563500656988577209e+00,-1.500000000000000000e+00,0.000000000000000000e+00
-3.407008784078602304e-01,7.085429466842920743e-01,5.697963146144942037e-01,1.500000000000000000e+00,0.000000000000000000e+00,0.000000000000000000e+00,5.000000000000000278e-02,5.110513176117903456e-01,5.455214493751689986e-01,-1.500000000000000000e+00,0.000000000000000000e+00
-4.055389991522702076e-01,1.550002434568073184e+00,9.244468275118180589e-01,1.500000000000000000e+00,0.000000000000000000e+00,0.000000000000000000e+00,5.000000000000000278e-02,6.083084987284053113e-01,6.083348497849030423e-01,-1.500000000000000000e+00,0.000000000000000000e+00
-2.775027671367865878e+00,1.152276153575267692e+00,1.470988657338926364e-01,1.500000000000000000e+00,0.000000000000000000e+00,0.000000000000000000e+00,5.000000000000000278e-02,4.162541507051798817e+00,3.952903834509169823e+00,-1.500000000000000000e+00,0.000000000000000000e+00
-8.388988782145432310e-01,2.042251161567930406e+00,5.684695407949065249e-01,1.500000000000000000e+00,0.000000000000000000e+00,0.000000000000000000e+00,5.000000000000000278e-02,1.258348317321814847e+00,1.199901652897673587e+00,-1.500000000000000000e+00,0.000000000000000000e+00
-2.834833951664807117e+00,1.504362670515484002e+00,4.582651609170395046e-01,1.500000000000000000e+00,0.000000000000000000e+00,0.000000000000000000e+00,5.000000000000000278e-02,4.252250927497210675e+00,4.439695216050871807e+00,-1.500000000000000000e+00,0.000000000000000000e+00
-2.634921178442664491e+00,1.041223640133838835e+00,3.585569563305113228e-02,1.500000000000000000e+00,0.000000000000000000e+00,0.000000000000000000e+00,5.000000000000000278e-02,3.952381767663996737e+00,3.800129108561406621e+00,-1.500000000000000000e+00,0.000000000000000000e+00
1.415221741432162617e+00,1.905606511681805504e+00,6.050255544733168511e-01,1.500000000000000000e+00,0.000000000000000000e+00,0.000000000000000000e+00,5.000000000000000278e-02,-2.122832612148243925e+00,-2.122465765914454128e+00,-1.500000000000000000e+00,-0.000000000000000000e+00
2.447156082972483659e+00,1.597532887747575625e+00,8.872700291053281507e-02,1.500000000000000000e+00,0.000000000000000000e+00,0.000000000000000000e+00,5.000000000000000278e-02,-3.670734124458725489e+00,-3.632805192030428287e+00,-1.500000000000000000e+00,-0.000000000000000000e+00
-1.823987590038341322e+00,6.792573208237000504e-01,7.372282816706611230e-01,1.500000000000000000e+00,0.000000000000000000e+00,0.000000000000000000e+00,5.000000000000000278e-02,2.735981385057511872e+00,2.646336953261556602e+00,-1.500000000000000000e+00,0.000000000000000000e+00
-3.010222692925550447e-01,2.141455943563378206e+00,7.073919123996610381e-01,1.500000000000000000e+00,0.000000000000000000e+00,0.000000000000000000e+00,5.000000000000000278e-02,4.515334039388325671e-01,3.976576225207946180e-01,-1.500000000000000000e+00,0.000000000000000000e+00
2.497766614468452495e+00,1.260319058357004973e+00,7.415335446476818415e-01,1.500000000000000000e+00,0.000000000000000000e+00,0.000000000000000000e+00,5.000000000000000278e-02,-3.746649921702678743e+00,-3.984508532852768958e+00,-1.500000000000000000e+00,-0.000000000000000000e+00
-1.102920875167325176e+00,2.193568904612480441e+00,2.952906761114660883e-01,1.500000000000000000e+00,0.000000000000000000e+00,0.000000000000000000e+00,5.000000000000000278e-02,1.654381312750987654e+00,1.620080424419052534e+00,-1.500000000000000000e+00,0.000000000000000000e+00
-1.972296976310455197e+00,1.817469190753993935e+00,8.791009898430689473e-01,1.500000000000000000e+00,0.000000000000000000e+00,0.000000000000000000e+00,5.000000000000000278e-02,2.958445464465683017e+00,3.109691786278542924e+00,-1.500000000000000000e+00,0.000000000000000000e+00
1.208264853511901826e+00,2.004683466613067733e+00,5.462917402356826102e-03,1.500000000000000000e+00,0.000000000000000000e+00,0.000000000000000000e+00,5.000000000000000278e-02,-1.812397280267852739e+00,-1.823796485417185087e+00,-1.500000000000000000e+00,-0.000000000000000000e+00
-1.539289152638964264e+00,2.403618374437788585e+00,8.776754700973795620e-01,1.500000000000000000e+00,0.000000000000000000e+00,0.000000000000000000e+00,5.000000000000000278e-02,2.308933728958446174e+00,2.275803661658656107e+00,-1.500000000000000000e+00,0.000000000000000000e+00
-4.870806276628059095e-02,5.354022207805234634e-01,5.727277603435155795e-01,1.500000000000000000e+00,0.000000000000000000e+00,0.000000000000000000e+00,5.000000000000000278e-02,7.306209414942088642e-02,1.585776552312067600e-01,-1.500000000000000000e+00,0.000000000000000000e+00
-1.180177617963340531e+00,8.400759646525560731e-01,7.807099611730710098e-01,1.500000000000000000e+00,0.000000000000000000e+00,0.000000000000000000e+00,5.000000000000000278e-02,1.770266426945010796e+00,1.892439219855641008e+00,-1.500000000000000000e+00,0.000000000000000000e+00
-6.503370604501044205e-01,1.480627691449594163e-01,3.247709836489822699e-01,1.500000000000000000e+00,0.000000000000000000e+00,0.000000000000000000e+00,5.000000000000000278e-02,9.755055906751566308e-01,1.017965064068091063e+00,-1.500000000000000000e+00,0.000000000000000000e+00
-1.759966527687675475e+00,1.735356799623468005e+00,4.741150255520675261e-01,1.500000000000000000e+00,0.000000000000000000e+00,0.000000000000000000e+00,5.000000000000000278e-02,2.639949791531513323e+00,2.696403842013954222e+00,-1.500000000000000000e+00,0.000000000000000000e+00
-2.896847751888021349e+00,1.255428600317861854e+00,1.312120721945495561e-01,1.500000000000000000e+00,0.000000000000000000e+00,0.000000000000000000e+00,5.000000000000000278e-02,4.345271627832032024e+00,4.468753171901978405e+00,-1.500000000000000000e+00,0.000000000000000000e+00
-7.198080373916182495e-01,5.379198765755381917e-01,8.747528373583668415e-02,1.500000000000000000e+00,0.000000000000000000e+00,0.000000000000000000e+00,5.000000000000000278e-02,1.079712056087427374e+00,1.133317273884266729e+00,-1.500000000000000000e+00,0.000000000000000000e+00
2.225632208910171883e+00,1.607283711052625019e+00,1.154239076095499028e-01,1.500000000000000000e+00,0.000000000000000000e+00,0.000000000000000000e+00,5.000000000000000278e-02,-3.338448313365257825e+00,-3.290285363757825099e+00,-1.500000000000000000e+00,-0.000000000000000000e+00
1.081541922355084395e+00,2.529510397546169465e+00,3.474942626311694482e-01,1.500000000000000000e+00,0.000000000000000000e+00,0.000000000000000000e+00,5.000000000000000278e-02,-1.622312883532626593e+00,-1.544203240761740759e+00,-1.500000000000000000e+00,-0.000000000000000000e+00
2.277393327296875825e+00,1.878250986876490503e+00,7.204375222518850652e-01,1.500000000000000000e+00,0.000000000000000000e+00,0.000000000000000000e+00,5.000000000000000278e-02,-3.416089990945313737e+00,-3.375233067985114133e+00,-1.500000000000000000e+00,-0.000000000000000000e+00
-1.084472913790217374e+00,2.098048255828766084e+00,5.481285779958020576e-01,1.500000000000000000e+00,0.000000000000000000e+00,0.000000000000000000e+00,5.000000000000000278e-02,1.626709370685325950e+00,1.708324822431591672e+00,-1.500000000000000000e+00,0.000000000000000000e+00
-2.908052152213887354e+00,5.178372355041965802e-01,1.354577949191118069e-01,1.500000000000000000e+00,0.000000000000000000e+00,0.000000000000000000e+00,5.000000000000000278e-02,4.362078228320831030e+00,4.066079583786830653e+00,-1.500000000000000000e+00,0.000000000000000000e+00
-1.743117149479805450e+00,1.224350119573850204e+00,4.728885659197791247e-01,1.500000000000000000e+00,0.000000000000000000e+00,0.000000000000000000e+00,5.000000000000000278e-02,2.614675724219708286e+00,2.475364340611065472e+00,-1.500000000000000000e+00,0.000000000000000000e+00
-1.273866182192842977e+00,1.262157130520119352e+00,8.994959401742194105e-01,1.500000000000000000e+00,0.000000000000000000e+00,0.000000000000000000e+00,5.000000000000000278e-02,1.910799273289264466e+00,2.052453719687071576e+00,-1.500000000000000000e+00,0.000000000000000000e+00
2.328005203747122387e+00,1.418576890648254540e+00,8.625422672101556998e-02,1.500000000000000000e+00,0.000000000000000000e+00,0.000000000000000000e+00,5.000000000000000278e-02,-3.492007805620683580e+00,-3.263436422747580501e+00,-1.500000000000000000e+00,-0.000000000000000000e+00
2.470621754970078854e+00,2.525149551024819861e+00,8.441151607302785909e-01,1.500000000000000000e+00,0.000000000000000000e+00,0.000000000000000000e+00,5.000000000000000278e-02,-3.705932632455118281e+00,-3.859694299358950254e+00,-1.500000000000000000e+00,-0.000000000000000000e+00
-1.531261099639848799e+00,1.797046829041710314e+00,6.087164330992225203e-01,1.500000000000000000e+00,0.000000000000000000e+00,0.000000000000000000e+00,5.000000000000000278e-02,2.296891649459773088e+00,2.174842461553855077e+00,-1.500000000000000000e+00,0.000000000000000000e+00
-1.489151195654012660e+00,1.315421781110610588e+00,6.645788959145325636e-01,1.500000000000000000e+00,0.000000000000000000e+00,0.000000000000000000e+00,5.000000000000000278e-02,2.233726793481018991e+00,2.350838613988690540e+00,-1.500000000000000000e+00,0.000000000000000000e+00
-4.172114455519895238e-01,2.763506687952781871e+00,9.043673303904318228e-01,1.500000000000000000e+00,0.000000000000000000e+00,0.000000000000000000e+00,5.000000000000000278e-02,6.258171683279842856e-01,6.138732066489145378e-01,-1.500000000000000000e+00,0.000000000000000000e+00
-1.420075046983997336e+00,2.632463418197812821e+00,3.145839136622641252e-01,1.500000000000000000e+00,0.000000000000000000e+00,0.000000000000000000e+00,5.000000000000000278e-02,2.130112570475995781e+00,2.138721363611819637e+00,-1.500000000000000000e+00,0.000000000000000000e+00
1.937658340117458522e+00,8.594889782786430121e-01,4.526482614302181906e-01,1.500000000000000000e+00,0.000000000000000000e+00,0.000000000000000000e+00,5.000000000000000278e-02,-2.906487510176187783e+00,-2.709687251934311369e+00,-1.500000000000000000e+00,-0.000000000000000000e+00
1.193818094217867554e+00,1.027156905157902589e+00,7.148948087194482159e-01,1.500000000000000000e+00,0.000000000000000000e+00,0.000000000000000000e+00,5.000000000000000278e-02,-1.790727141326801330e+00,-1.739933404986751864e+00,-1.500000000000000000e+00,-0.000000000000000000e+00
2.612882031416238426e+00,4.330436817970847452e-01,9.513619566036479736e-01,1.500000000000000000e+00,0.000000000000000000e+00,0.000000000000000000e+00,5.000000000000000278e-02,-3.919323047124357640e+00,-3.901216180750822105e+00,-1.500000000000000000e+00,-0.000000000000000000e+00
-4.941652741891662259e-01,1.825944395669543363e+00,6.957809676798424325e-01,1.500000000000000000e+00,0.000000000000000000e+00,0.000000000000000000e+00,5.000000000000000278e-02,7.412479112837493389e-01,8.063555899443629604e-01,-1.500000000000000000e+00,0.000000000000000000e+00
2.973532260255105086e+00,1.053741078684091281e+00,8.167549220879135596e-01,1.500000000000000000e+00,0.000000000000000000e+00,0.000000000000000000e+00,5.000000000000000278e-02,-4.460298390382657630e+00,-4.831698872119975618e+00,-1.500000000000000000e+00,-0.000000000000000000e+00
-5.644999666779497716e-01,5.524626029435075747e-01,2.060425222501698350e-01,1.500000000000000000e+00,0.000000000000000000e+00,0.000000000000000000e+00,5.000000000000000278e-02,8.467499500169246573e-01,8.157914121044977929e-01,-1.500000000000000000e+00,0.000000000000000000e+00
-1.579714230618859183e+00,2.529028178602890531e+00,1.189599341092972828e-03,1.500000000000000000e+00,0.000000000000000000e+00,0.000000000000000000e+00,5.000000000000000278e-02,2.369571345928288775e+00,2.727952657499050915e+00,-1.500000000000000000e+00,0.000000000000000000e+00
1.953012444503892553e+00,2.344340284962572518e+00,7.986568684280886954e-01,1.500000000000000000e+00,0.000000000000000000e+00,0.000000000000000000e+00,5.000000000000000278e-02,-2.929518666755838829e+00,-2.819457813142441704e+00,-1.500000000000000000e+00,-0.000000000000000000e+00
1.114398858346136834e+00,8.148292092278279775e-01,7.764709164015966003e-01,1.500000000000000000e+00,0.000000000000000000e+00,0.000000000000000000e+00,5.000000000000000278e-02,-1.671598287519205250e+00,-1.538775820253434734e+00,-1.500000000000000000e+00,-0.000000000000000000e+00
-3.465118659909505183e-01,2.658710780373152449e-02,8.253209358262924011e-01,1.500000000000000000e+00,0.000000000000000000e+00,0.000000000000000000e+00,5.000000000000000278e-02,5.197677989864257775e-01,4.781222506442867615e-01,-1.500000000000000000e+00,0.000000000000000000e+00
7.848118053801615979e-01,1.720739921182780741e+00,6.978639584220345249e-01,1.500000000000000000e+00,0.000000000000000000e+00,0.000000000000000000e+00,5.000000000000000278e-02,-1.177217708070242397e+00,-1.060096412072312644e+00,-1.500000000000000000e+00,-0.000000000000000000e+00
-2.734801643191213216e+00,2.928111963151402541e+00,5.174510948830095547e-01,1.500000000000000000e+00,0.000000000000000000e+00,0.000000000000000000e+00,5.000000000000000278e-02,4.102202464786819824e+00,3.841284093553530177e+00,-1.500000000000000000e+00,0.000000000000000000e+00
3.122945244516568408e-01,2.813037438107203858e+00,5.420849375951745097e-01,1.500000000000000000e+00,0.000000000000000000e+00,0.000000000000000000e+00,5.000000000000000278e-02,-4.684417866774852612e-01,-4.388338616824480898e-01,-1.500000000000000000e+00,-0.000000000000000000e+00
-2.896002613823128069e+00,2.419956182519768628e+00,4.531504394835589311e-01,1.500000000000000000e+00,0.000000000000000000e+00,0.000000000000000000e+00,5.000000000000000278e-02,4.344003920734691881e+00,4.417132862138013927e+00,-1.500000000000000000e+00,0.000000000000000000e+00
1.477342585608258929e-01,1.598004109037769238e+00,3.985915867804279422e-02,1.500000000000000000e+00,0.000000000000000000e+00,0.000000000000000000e+00,5.000000000000000278e-02,-2.216013878412388394e-01,-2.669538995267175530e-01,-1.500000000000000000e+00,-0.000000000000000000e+00
2.124766799296073927e+00,2.505531991241564782e+00,9.498158710738021648e-01,1.500000000000000000e+00,0.000000000000000000e+00,0.000000000000000000e+00,5.000000000000000278e-02,-3.187150198944110890e+00,-3.093496978807903641e+00,-1.500000000000000000e+00,-0.000000000000000000e+00
-2.512500759834333852e+00,2.578996769240946119e+00,4.613975088382094025e-01,1.500000000000000000e+00,0.000000000000000000e+00,0.000000000000000000e+00,5.000000000000000278e-02,3.768751139751501000e+00,3.191830542068433196e+00,-1.500000000000000000e+00,0.000000000000000000e+00
-1.181307141691104290e+00,4.910962142209779335e-01,9.986546963028919421e-02,1.500000000000000000e+00,0.000000000000000000e+00,0.000000000000000000e+00,5.000000000000000278e-02,1.771960712536656324e+00,1.842062868959731592e+00,-1.500000000000000000e+00,0.000000000000000000e+00
-1.026140598329961406e+00,2.913789464777724270e+00,2.156534305621438108e-01,1.500000000000000000e+00,0.000000000000000000e+00,0.000000000000000000e+00,5.000000000000000278e-02,1.539210897494942110e+00,1.537325757230342038e+00,-1.500000000000000000e+00,0.000000000000000000e+00
-2.459609715715889600e+00,2.916231680058391618e+00,9.734993831511956630e-01,1.500000000000000000e+00,0.000000000000000000e+00,0.000000000000000000e+00,5.000000000000000278e-02,3.689414573573834399e+00,3.568382112167993725e+00,-1.500000000000000000e+00,0.000000000000000000e+00
2.650888907001203165e-01,2.703363999852979926e+00,5.657172958029688115e-01,1.500000000000000000e+00,0.000000000000000000e+00,0.000000000000000000e+00,5.000000000000000278e-02,-3.976333360501804748e-01,-4.708934254139767739e-01,-1.500000000000000000e+00,-0.000000000000000000e+00
1.882342291151408276e+00,2.945850644346976743e+00,5.656518056045284348e-01,1.500000000000000000e+00,0.000000000000000000e+00,0.000000000000000000e+00,5.000000000000000278e-02,-2.823513436727112413e+00,-3.011983362908528417e+00,-1.500000000000000000e+00,-0.000000000000000000e+00
6.535622371866689484e-01,1.508150108814064971e+00,3.649728140542047861e-01,1.500000000000000000e+00,0.000000000000000000e+00,0.000000000000000000e+00,5.000000000000000278e-02,-9.803433557800034226e-01,-1.038415717909587865e+00,-1.500000000000000000e+00,-0.000000000000000000e+00
-2.395771850917600254e+00,2.891039137402990011e+00,3.996595664392318392e-01,1.500000000000000000e+00,0.000000000000000000e+00,0.000000000000000000e+00,5.000000000000000278e-02,3.593657776376400381e+00,3.401818295695032468e+00,-1.500000000000000000e+00,0.000000000000000000e+00
-1.603622852519539954e+00,1.134124100344759967e+00,8.582583624320355709e-01,1.500000000000000000e+00,0.000000000000000000e+00,0.000000000000000000e+00,5.000000000000000278e-02,2.405434278779309931e+00,2.400507587241478280e+00,-1.500000000000000000e+00,0.000000000000000000e+00
-1.497868380835525315e-01,2.493623065661882521e+00,6.241624430383616584e-01,1.500000000000000000e+00,0.000000000000000000e+00,0.000000000000000000e+00,5.000000000000000278e-02,2.246802571253287972e-01,1.484440742060804952e-01,-1.500000000000000000e+00,0.000000000000000000e+00
1.422318216603397190e+00,2.888997258670121804e-01,2.482391444477173303e-01,1.500000000000000000e+00,0.000000000000000000e+00,0.000000000000000000e+00,5.000000000000000278e-02,-2.133477324905095784e+00,-2.213803025402586222e+00,-1.500000000000000000e+00,-0.000000000000000000e+00
-7.604125680666329323e-01,1.848223226630421934e+00,5.604419871448789170e-01,1.500000000000000000e+00,0.000000000000000000e+00,0.000000000000000000e+00,5.000000000000000278e-02,1.140618852099949398e+00,1.036118204765215101e+00,-1.500000000000000000e+00,0.000000000000000000e+00
2.960644419111835290e+00,2.097363389962245694e+00,5.599878621760301378e-01,1.500000000000000000e+00,0.000000000000000000e+00,0.000000000000000000e+00,5.000000000000000278e-02,-4.440966628667752936e+00,-3.994541521055807731e+00,-1.500000000000000000e+00,-0.000000000000000000e+00
-1.828664438484617349e-02,2.798480228365155753e+00,1.274549869666574686e-03,1.500000000000000000e+00,0.000000000000000000e+00,0.000000000000000000e+00,5.000000000000000278e-02,2.742996657726926024e-02,5.001969629391680994e-02,-1.500000000000000000e+00,0.000000000000000000e+00
2.969593456238690976e+00,2.680543554097630565e+00,6.410960887146641696e-01,1.500000000000000000e+00,0.000000000000000000e+00,0.000000000000000000e+00,5.000000000000000278e-02,-4.454390184358036464e+00,-5.046809714257006974e+00,-1.500000000000000000e+00,-0.000000000000000000e+00
1.855022007392856054e+00,7.832527383407161814e-01,3.636892098094268722e-01,1.500000000000000000e+00,0.000000000000000000e+00,0.000000000000000000e+00,5.000000000000000278e-02,-2.782533011089284081e+00,-2.695230048049650939e+00,-1.500000000000000000e+00,-0.000000000000000000e+00
-1.863751368346135973e+00,2.005957137301368931e+00,9.434504216195350734e-01,1.500000000000000000e+00,0.000000000000000000e+00,0.000000000000000000e+00,5.000000000000000278e-02,2.795627052519203737e+00,3.165529851078629608e+00,-1.500000000000000000e+00,0.000000000000000000e+00
2.377291014353216880e+00,6.226863878158565013e-01,2.744073916591078799e-01,1.500000000000000000e+00,0.000000000000000000e+00,0.000000000000000000e+00,5.000000000000000278e-02,-3.565936521529825320e+00,-3.520547563782097544e+00,-1.500000000000000000e+00,-0.000000000000000000e+00
-3.983168427070951090e-01,1.620288418448273760e+00,3.957152531438664633e-01,1.500000000000000000e+00,0.000000000000000000e+00,0.000000000000000000e+00,5.000000000000000278e-02,5.974752640606426635e-01,6.207075346552771711e-01,-1.500000000000000000e+00,0.000000000000000000e+00
2.664471912613620042e+00,1.682192293421470364e+00,7.696567518566106436e-01,1.500000000000000000e+00,0.000000000000000000e+00,0.000000000000000000e+00,5.000000000000000278e-02,-3.996707868920430062e+00,-3.895166605990254549e+00,-1.500000000000000000e+00,-0.000000000000000000e+00
-6.445413280025511504e-01,8.474679086368807068e-01,9.098032164477104500e-01,1.500000000000000000e+00,0.000000000000000000e+00,0.000000000000000000e+00,5.000000000000000278e-02,9.668119920038267257e-01,1.061232519218799020e+00,-1.500000000000000000e+00,0.000000000000000000e+00
1.698860796578775201e+00,1.241167443818977478e+00,9.009818377836552594e-01,1.500000000000000000e+00,0.000000000000000000e+00,0.000000000000000000e+00,5.000000000000000278e-02,-2.548291194868162801e+00,-2.271675679905893031e+00,-1.500000000000000000e+00,-0.000000000000000000e+00
1.418265979144101685e+00,2.497808674501387660e+00,4.518160119101433114e-02,1.500000000000000000e+00,0.000000000000000000e+00,0.000000000000000000e+00,5.000000000000000278e-02,-2.127398968716152527e+00,-2.098322413779291296e+00,-1.500000000000000000e+00,-0.000000000000000000e+00
-1.415493580712393173e+00,1.080968729273132922e+00,9.482092279349982888e-01,1.500000000000000000e+00,0.000000000000000000e+00,0.000000000000000000e+00,5.000000000000000278e-02,2.123240371068589649e+00,1.909445915369407887e+00,-1.500000000000000000e+00,0.000000000000000000e+00
-2.580436703174553870e+00,2.654246671774890265e-01,9.964071125925999528e-02,1.500000000000000000e+00,0.000000000000000000e+00,0.000000000000000000e+00,5.000000000000000278e-02,3.870655054761830804e+00,3.848973922978494500e+00,-1.500000000000000000e+00,0.000000000000000000e+00
-1.964935171685013193e+00,2.638510158370324543e+00,6.517394605639164062e-01,1.500000000000000000e+00,0.000000000000000000e+00,0.000000000000000000e+00,5.000000000000000278e-02,2.947402757527519679e+00,2.696654037380378011e+00,-1.500000000000000000e+00,0.000000000000000000e+00
-6.733267787460190945e-01,1.028360600054021301e+00,1.386464179144938358e-01,1.500000000000000000e+00,0.000000000000000000e+00,0.000000000000000000e+00,5.000000000000000278e-02,1.009990168119028642e+00,9.358375672765473219e-01,-1.500000000000000000e+00,0.000000000000000000e+00
2.442250164575792581e+00,2.386458373481283424e+00,7.466258405163690437e-01,1.500000000000000000e+00,0.000000000000000000e+00,0.000000000000000000e+00,5.000000000000000278e-02,-3.663375246863688872e+00,-3.481245067309978847e+00,-1.500000000000000000e+00,-0.000000000000000000e+00
1.282287862021362912e-01,1.816103093724681372e+00,4.197102493415463265e-01,1.500000000000000000e+00,0.000000000000000000e+00,0.000000000000000000e+00,5.000000000000000278e-02,-1.923431793032044368e-01,-2.031886882550025808e-01,-1.500000000000000000e+00,-0.000000000000000000e+00
2.514750596612646660e+00,4.217049770903753547e-01,7.482861835947740570e-01,1.500000000000000000e+00,0.000000000000000000e+00,0.000000000000000000e+00,5.000000000000000278e-02,-3.772125894918969990e+00,-3.847554002931166561e+00,-1.500000000000000000e+00,-0.000000000000000000e+00
2.028509990823193831e+00,4.768026669990247379e-01,6.951345099677774808e-01,1.500000000000000000e+00,0.000000000000000000e+00,0.000000000000000000e+00,5.000000000000000278e-02,-3.042764986234790747e+00,-2.967212466949896932e+00,-1.500000000000000000e+00,-0.000000000000000000e+00
2.428066727957554960e+00,2.086381079895964774e+00,7.030708949002928421e-03,1.500000000000000000e+00,0.000000000000000000e+00,0.000000000000000000e+00,5.000000000000000278e-02,-3.642100091936332440e+00,-3.494830068753128405e+00,-1.500000000000000000e+00,-0.000000000000000000e+00
4.257694419573887501e-01,1.064246297915996120e+00,1.557853134784680238e-01,1.500000000000000000e+00,0.000000000000000000e+00,0.000000000000000000e+00,5.000000000000000278e-02,-6.386541629360831251e-01,-6.819456539619682678e-01,-1.500000000000000000e+00,-0.000000000000000000e+00
8.463957848380783133e-01,2.883163207730425892e+00,1.561447571984134752e-01,1.500000000000000000e+00,0.000000000000000000e+00,0.000000000000000000e+00,5.000000000000000278e-02,-1.269593677257117470e+00,-1.174390192786588738e+00,-1.500000000000000000e+00,-0.000000000000000000e+00
9.416469581844628678e-01,2.098108596850429830e+00,6.563579665087224679e-01,1.500000000000000000e+00,0.000000000000000000e+00,0.000000000000000000e+00,5.000000000000000278e-02,-1.412470437276694302e+00,-1.474719051210152454e+00,-1.500000000000000000e+00,-0.000000000000000000e+00
2.738647474025080797e+00,6.716409974903425617e-02,3.320759976328365726e-01,1.500000000000000000e+00,0.000000000000000000e+00,0.000000000000000000e+00,5.000000000000000278e-02,-4.107971211037621195e+00,-3.970127986306358103e+00,-1.500000000000000000e+00,-0.000000000000000000e+00
2.112520080540701173e+00,4.901859007880923214e-01,9.732667145510233153e-01,1.500000000000000000e+00,0.000000000000000000e+00,0.000000000000000000e+00,5.000000000000000278e-02,-3.168780120811051759e+00,-3.215323754794973787e+00,-1.500000000000000000e+00,-0.000000000000000000e+00
5.773955017511549492e-01,2.337995212173456849e+00,9.417739287867701314e-01,1.500000000000000000e+00,0.000000000000000000e+00,0.000000000000000000e+00,5.000000000000000278e-02,-8.660932526267324238e-01,-8.744521737526285143e-01,-1.500000000000000000e+00,-0.000000000000000000e+00
7.078393516460819157e-01,1.852987093034988986e+00,4.898837792249500778e-01,1.500000000000000000e+00,0.000000000000000000e+00,0.000000000000000000e+00,5.000000000000000278e-02,-1.061759027469122874e+00,-1.079466329925545587e+00,-1.500000000000000000e+00,-0.000000000000000000e+00
4.652036105418186906e-01,7.715912558125261889e-01,8.041272262048595465e-01,1.500000000000000000e+00,0.000000000000000000e+00,0.000000000000000000e+00,5.000000000000000278e-02,-6.978054158127280360e-01,-6.466496800783444465e-01,-1.500000000000000000e+00,-0.000000000000000000e+00
1.115247563788596352e+00,1.071956598014133899e+00,6.834318148372935386e-01,1.500000000000000000e+00,0.000000000000000000e+00,0.000000000000000000e+00,5.000000000000000278e-02,-1.672871345682894528e+00,-1.600485692999040754e+00,-1.500000000000000000e+00,-0.000000000000000000e+00
2.026648776177104594e+00,4.334766817813858752e-01,2.459384639129548189e-01,1.500000000000000000e+00,0.000000000000000000e+00,0.000000000000000000e+00,5.000000000000000278e-02,-3.039973164265656891e+00,-3.038334445141595896e+00,-1.500000000000000000e+00,-0.000000000000000000e+00
-2.874734040863122786e+00,1.016834058908964167e+00,1.710075610440240368e-01,1.500000000000000000e+00,0.000000000000000000e+00,0.000000000000000000e+00,5.000000000000000278e-02,4.312101061294684179e+00,4.566314723777361806e+00,-1.500000000000000000e+00,0.000000000000000000e+00
7.490451561481008547e-01,4.790581365232057243e-01,6.189188246551799999e-01,1.500000000000000000e+00,0.000000000000000000e+00,0.000000000000000000e+00,5.000000000000000278e-02,-1.123567734222151282e+00,-1.200934419749879689e+00,-1.500000000000000000e+00,-0.000000000000000000e+00
1.157195271550339299e+00,1.701736033163604667e+00,3.966419935374171368e-01,1.500000000000000000e+00,0.000000000000000000e+00,0.000000000000000000e+00,5.000000000000000278e-02,-1.735792907325508949e+00,-1.697955449328502953e+00,-1.500000000000000000e+00,-0.000000000000000000e+00
-2.355586974818185020e+00,1.621896199894024004e-01,7.727474748234343105e-01,1.500000000000000000e+00,0.000000000000000000e+00,0.000000000000000000e+00,5.000000000000000278e-02,3.533380462227277530e+00,3.291520178535228158e+00,-1.500000000000000000e+00,0.000000000000000000e+00
-2.091167049024556412e+00,4.127693075722728144e-01,6.308730377176324788e-01,1.500000000000000000e+00,0.000000000000000000e+00,0.000000000000000000e+00,5.000000000000000278e-02,3.136750573536834619e+00,2.697831901732729687e+00,-1.500000000000000000e+00,0.000000000000000000e+00
1.333445713754889184e+00,7.391169958441875520e-01,9.213482159109799285e-01,1.500000000000000000e+00,0.000000000000000000e+00,0.000000000000000000e+00,5.000000000000000278e-02,-2.000168570632333775e+00,-2.165356835217333131e+00,-1.500000000000000000e+00,-0.000000000000000000e+00
-8.978924982076437189e-01,2.040106360430247179e+00,9.332773186648690711e-02,1.500000000000000000e+00,0.000000000000000000e+00,0.000000000000000000e+00,5.000000000000000278e-02,1.346838747311465578e+00,1.401843649768132138e+00,-1.500000000000000000e+00,0.000000000000000000e+00
1.454094850570033515e+00,8.784928026458098671e-01,3.503620276893769647e-01,1.500000000000000000e+00,0.000000000000000000e+00,0.000000000000000000e+00,5.000000000000000278e-02,-2.181142275855050272e+00,-2.196489422341404651e+00,-1.500000000000000000e+00,-0.000000000000000000e+00
2.927493573172426977e+00,3.585965360087539633e-02,8.134401497526924096e-01,1.500000000000000000e+00,0.000000000000000000e+00,0.000000000000000000e+00,5.000000000000000278e-02,-4.391240359758640466e+00,-4.369765048446105027e+00,-1.500000000000000000e+00,-0.000000000000000000e+00
1.346679245460052243e+00,1.320386617438098487e-01,2.680861531981615364e-01,1.500000000000000000e+00,0.000000000000000000e+00,0.000000000000000000e+00,5.000000000000000278e-02,-2.020018868190078365e+00,-2.111225597359420725e+00,-1.500000000000000000e+00,-0.000000000000000000e+00
3.329738368128341008e-01,1.688201510166955632e+00,1.054727265402886083e-01,1.500000000000000000e+00,0.000000000000000000e+00,0.000000000000000000e+00,5.000000000000000278e-02,-4.994607552192511513e-01,-5.371567902119578353e-01,-1.500000000000000000e+00,-0.000000000000000000e+00
-2.474023081969336069e+00,2.342060634720789514e-01,3.457877402623773522e-01,1.500000000000000000e+00,0.000000000000000000e+00,0.000000000000000000e+00,5.000000000000000278e-02,3.711034622954004103e+00,3.485204477231910847e+00,-1.500000000000000000e+00,0.000000000000000000e+00
1.968633846665388987e+00,2.698775333315422298e+00,1.421952146573707276e-01,1.500000000000000000e+00,0.000000000000000000e+00,0.000000000000000000e+00,5.000000000000000278e-02,-2.952950769998083480e+00,-2.975590525933579755e+00,-1.500000000000000000e+00,-0.000000000000000000e+00
1.227365142340168802e+00,5.957823609910841700e-01,6.256903448752256791e-01,1.500000000000000000e+00,0.000000000000000000e+00,0.000000000000000000e+00,5.000000000000000278e-02,-1.841047713510253203e+00,-1.826358055860405560e+00,-1.500000000000000000e+00,-0.000000000000000000e+00
-1.599692415705276094e+00,1.392139954629462828e+00,5.180166920393425301e-02,1.500000000000000000e+00,0.000000000000000000e+00,0.000000000000000000e+00,5.000000000000000278e-02,2.399538623557914363e+00,2.395182412511883463e+00,-1.500000000000000000e+00,0.000000000000000000e+00
2.081754374041767441e+00,6.226383892332443271e-01,1.479876673783591112e-01,1.500000000000000000e+00,0.000000000000000000e+00,0.000000000000000000e+00,5.000000000000000278e-02,-3.122631561062651162e+00,-3.136344973259581614e+00,-1.500000000000000000e+00,-0.000000000000000000e+00
1.934248374800358050e+00,1.781211730987378505e+00,2.164981305523101529e-01,1.500000000000000000e+00,0.000000000000000000e+00,0.000000000000000000e+00,5.000000000000000278e-02,-2.901372562200537075e+00,-2.935872072123549614e+00,-1.500000000000000000e+00,-0.000000000000000000e+00
2.072492670639109136e+00,2.279740516374862302e+00,8.797541781153486173e-01,1.500000000000000000e+00,0.000000000000000000e+00,0.000000000000000000e+00,5.000000000000000278e-02,-3.108739005958663704e+00,-3.097355739795499829e+00,-1.500000000000000000e+00,-0.000000000000000000e+00
-6.411812381046830822e-01,1.924784333064572861e+00,3.787813966278681388e-01,1.500000000000000000e+00,0.000000000000000000e+00,0.000000000000000000e+00,5.000000000000000278e-02,9.617718571570246233e-01,9.948396147988789462e-01,-1.500000000000000000e+00,0.000000000000000000e+00
1.420346591666232783e+00,8.232870968095151731e-01,7.241372349919804607e-01,1.500000000000000000e+00,0.000000000000000000e+00,0.000000000000000000e+00,5.000000000000000278e-02,-2.130519887499349174e+00,-2.222841886421612401e+00,-1.500000000000000000e+00,-0.000000000000000000e+00
6.049416641755840374e-01,1.084946143815255892e+00,6.069427770059855343e-01,1.500000000000000000e+00,0.000000000000000000e+00,0.000000000000000000e+00,5.000000000000000278e-02,-9.074124962633760560e-01,-8.829187907966229432e-01,-1.500000000000000000e+00,-0.000000000000000000e+00
-1.381191597881188393e+00,2.217436714060141867e+00,2.222269921739263854e-01,1.500000000000000000e+00,0.000000000000000000e+00,0.000000000000000000e+00,5.000000000000000278e-02,2.071787396821782590e+00,2.184563103332169742e+00,-1.500000000000000000e+00,0.000000000000000000e+00
-1.740178650925302106e+00,2.081595190232094161e+00,8.542608022797015810e-02,1.500000000000000000e+00,0.000000000000000000e+00,0.000000000000000000e+00,5.000000000000000278e-02,2.610267976387953048e+00,2.429339810682223266e+00,-1.500000000000000000e+00,0.000000000000000000e+00
-1.335952096212338791e+00,5.430337146749083521e-01,1.004871616610977236e-01,1.500000000000000000e+00,0.000000000000000000e+00,0.000000000000000000e+00,5.000000000000000278e-02,2.003928144318508409e+00,1.924434519638090091e+00,-1.500000000000000000e+00,0.000000000000000000e+00
-2.969906951126722205e+00,3.037841289116756105e-01,8.379193689211184015e-01,1.500000000000000000e+00,0.000000000000000000e+00,0.000000000000000000e+00,5.000000000000000278e-02,4.454860426690083308e+00,4.369750146288478021e+00,-1.500000000000000000e+00,0.000000000000000000e+00
-2.562791580814816506e+00,8.567347218156925459e-01,3.447961778955914713e-01,1.500000000000000000e+00,0.000000000000000000e+00,0.000000000000000000e+00,5.000000000000000278e-02,3.844187371222224758e+00,3.636599449140970108e+00,-1.500000000000000000e+00,0.000000000000000000e+00
1.230379769556107838e+00,1.910584480390555173e+00,5.104136392812348433e-01,1.500000000000000000e+00,0.000000000000000000e+00,0.000000000000000000e+00,5.000000000000000278e-02,-1.845569654334161758e+00,-1.892221171866916629e+00,-1.500000000000000000e+00,-0.000000000000000000e+00
2.537666855887718675e+00,1.411566978459912303e+00,2.297968385979027861e-01,1.500000000000000000e+00,0.000000000000000000e+00,0.000000000000000000e+00,5.000000000000000278e-02,-3.806500283831578013e+00,-3.927951417141835488e+00,-1.500000000000000000e+00,-0.000000000000000000e+00
2.395059756486732638e+00,2.867789098959420802e+00,3.356001697358501623e-03,1.500000000000000000e+00,0.000000000000000000e+00,0.000000000000000000e+00,5.000000000000000278e-02,-3.592589634730098958e+00,-3.303392901032083717e+00,-1.500000000000000000e+00,-0.000000000000000000e+00
2.085564302116560853e+00,1.581431111641943943e+00,5.686260150130781899e-01,1.500000000000000000e+00,0.000000000000000000e+00,0.000000000000000000e+00,5.000000000000000278e-02,-3.128346453174841280e+00,-3.084357855748824040e+00,-1.500000000000000000e+00,-0.000000000000000000e+00
-1.065999121683328443e+00,1.340089871341371808e+00,5.508424707401576859e-01,1.500000000000000000e+00,0.000000000000000000e+00,0.000000000000000000e+00,5.000000000000000278e-02,1.598998682524992665e+00,1.721517117725975377e+00,-1.500000000000000000e+00,0.000000000000000000e+00
-1.607058525929702109e+00,8.199198868476006430e-01,6.539014892439696247e-01,1.500000000000000000e+00,0.000000000000000000e+00,0.000000000000000000e+00,5.000000000000000278e-02,2.410587788894553274e+00,2.389335740416668408e+00,-1.500000000000000000e+00,0.000000000000000000e+00
-5.474028992270065785e-01,8.556299348582069308e-01,8.481251847880599826e-02,1.500000000000000000e+00,0.000000000000000000e+00,0.000000000000000000e+00,5.000000000000000278e-02,8.211043488405098678e-01,8.204746407242601292e-01,-1.500000000000000000e+00,0.000000000000000000e+00
1.044404714007198365e+00,2.059526344720095992e+00,8.328708168191660821e-01,1.500000000000000000e+00,0.000000000000000000e+00,0.000000000000000000e+00,5.000000000000000278e-02,-1.566607071010797547e+00,-1.578899199972835232e+00,-1.500000000000000000e+00,-0.000000000000000000e+00
2.401512311566803781e+00,9.244141676745299963e-01,6.195676655789095211e-01,1.500000000000000000e+00,0.000000000000000000e+00,0.000000000000000000e+00,5.000000000000000278e-02,-3.602268467350205672e+00,-3.644464932915318478e+00,-1.500000000000000000e+00,-0.000000000000000000e+00
-2.199052706078816755e-01,3.612061430774562432e-01,3.382238473080599883e-01,1.500000000000000000e+00,0.000000000000000000e+00,0.000000000000000000e+00,5.000000000000000278e-02,3.298579059118225132e-01,4.634468711061567880e-01,-1.500000000000000000e+00,0.000000000000000000e+00
2.367760805099763388e+00,2.166271689515873788e+00,6.730304431200000437e-01,1.500000000000000000e+00,0.000000000000000000e+00,0.000000000000000000e+00,5.000000000000000278e-02,-3.551641207649645082e+00,-3.330433585548185693e+00,-1.500000000000000000e+00,-0.000000000000000000e+00
2.186894864784914461e+00,9.083102492023810148e-01,8.407061475539179263e-01,1.500000000000000000e+00,0.000000000000000000e+00,0.000000000000000000e+00,5.000000000000000278e-02,-3.280342297177371691e+00,-3.255077217121870703e+00,-1.500000000000000000e+00,-0.000000000000000000e+00
-6.024403407227110208e-01,4.935112743404934665e-02,1.040195089675387541e-01,1.500000000000000000e+00,0.000000000000000000e+00,0.000000000000000000e+00,5.000000000000000278e-02,9.036605110840665311e-01,7.985654531224942732e-01,-1.500000000000000000e+00,0.000000000000000000e+00
-2.237114822207080245e+00,2.829275403165165681e+00,3.885489616302384430e-02,1.500000000000000000e+00,0.000000000000000000e+00,0.000000000000000000e+00,5.000000000000000278e-02,3.355672233310620367e+00,3.279121020518914520e+00,-1.500000000000000000e+00,0.000000000000000000e+00
8.322276111560111822e-01,2.435706579632838320e+00,9.709010893899809869e-01,1.500000000000000000e+00,0.000000000000000000e+00,0.000000000000000000e+00,5.000000000000000278e-02,-1.248341416734016773e+00,-1.188748456277373577e+00,-1.500000000000000000e+00,-0.000000000000000000e+00
-5.952025333445045696e-01,2.996622833411076492e+00,7.607471814172864777e-01,1.500000000000000000e+00,0.000000000000000000e+00,0.000000000000000000e+00,5.000000000000000278e-02,8.928038000167568544e-01,9.085773615697532168e-01,-1.500000000000000000e+00,0.000000000000000000e+00
2.429081558109768224e+00,2.079276878659234384e+00,9.011080846922455700e-01,1.500000000000000000e+00,0.000000000000000000e+00,0.000000000000000000e+00,5.000000000000000278e-02,-3.643622337164652336e+00,-3.697027740180923061e+00,-1.500000000000000000e+00,-0.000000000000000000e+00
2.946170397256420159e-03,1.020277604546639072e+00,7.286175929077084445e-01,1.500000000000000000e+00,0.000000000000000000e+00,0.000000000000000000e+00,5.000000000000000278e-02,-4.419255595884630239e-03,3.685793295189376123e-02,-1.500000000000000000e+00,-0.000000000000000000e+00
3.227218735824912699e-01,2.471984841458461091e+00,1.104012631731120520e-01,1.500000000000000000e+00,0.000000000000000000e+00,0.000000000000000000e+00,5.000000000000000278e-02,-4.840828103737369048e-01,-4.698154694542618359e-01,-1.500000000000000000e+00,-0.000000000000000000e+00
6.710027373751485946e-01,2.478707623047180952e+00,9.684932205025726937e-01,1.500000000000000000e+00,0.000000000000000000e+00,0.000000000000000000e+00,5.000000000000000278e-02,-1.006504106062722892e+00,-1.044672805746499344e+00,-1.500000000000000000e+00,-0.000000000000000000e+00
-1.099390111993162833e+00,1.177696397323629629e+00,8.772626041005087139e-01,1.500000000000000000e+00,0.000000000000000000e+00,0.000000000000000000e+00,5.000000000000000278e-02,1.649085167989744249e+00,1.665002185170771920e+00,-1.500000000000000000e+00,0.000000000000000000e+00
-1.695375236159294419e+00,1.670986366945621526e+00,1.358114052623322632e-01,1.500000000000000000e+00,0.000000000000000000e+00,0.000000000000000000e+00,5.000000000000000278e-02,2.543062854238941739e+00,2.638270011182691555e+00,-1.500000000000000000e+00,0.000000000000000000e+00
3.275307760822738778e-01,1.025246966695988249e+00,6.542194863490446988e-01,1.500000000000000000e+00,0.000000000000000000e+00,0.000000000000000000e+00,5.000000000000000278e-02,-4.912961641234108168e-01,-4.532583500941395060e-01,-1.500000000000000000e+00,-0.000000000000000000e+00
-2.406854496960207257e+00,1.938539403311172027e+00,6.450015967230655622e-01,1.500000000000000000e+00,0.000000000000000000e+00,0.000000000000000000e+00,5.000000000000000278e-02,3.610281745440310885e+00,3.579456587013385871e+00,-1.500000000000000000e+00,0.000000000000000000e+00
5.986331062331560204e-01,1.725332597990760330e+00,1.622771550322232859e-02,1.500000000000000000e+00,0.000000000000000000e+00,0.000000000000000000e+00,5.000000000000000278e-02,-8.979496593497340307e-01,-9.270995221094803229e-01,-1.500000000000000000e+00,-0.000000000000000000e+00
3.158140771666086977e-01,3.938484386220829636e-01,3.955007206315230839e-01,1.500000000000000000e+00,0.000000000000000000e+00,0.000000000000000000e+00,5.000000000000000278e-02,-4.737211157499130465e-01,-4.774516077979267803e-01,-1.500000000000000000e+00,-0.000000000000000000e+00
2.572676853823332443e+00,8.540077386552624716e-02,4.195204344439816824e-01,1.500000000000000000e+00,0.000000000000000000e+00,0.000000000000000000e+00,5.000000000000000278e-02,-3.859015280734998665e+00,-3.743110834054454106e+00,-1.500000000000000000e+00,-0.000000000000000000e+00
-2.772772024903379595e+00,1.453626834835299642e+00,9.907882088864583547e-02,1.500000000000000000e+00,0.000000000000000000e+00,0.000000000000000000e+00,5.000000000000000278e-02,4.159158037355069837e+00,4.221404506775238374e+00,-1.500000000000000000e+00,0.000000000000000000e+00
-1.503609667659314697e+00,1.453576434988189892e+00,2.338762280397531645e-01,1.500000000000000000e+00,0.000000000000000000e+00,0.000000000000000000e+00,5.000000000000000278e-02,2.255414501488972157e+00,2.384682696007175196e+00,-1.500000000000000000e+00,0.000000000000000000e+00
-1.537884417268017723e+00,1.767908230329684027e+00,2.638747592582880719e-01,1.500000000000000000e+00,0.000000000000000000e+00,0.000000000000000000e+00,5.000000000000000278e-02,2.306826625902026695e+00,2.265658084179533294e+00,-1.500000000000000000e+00,0.000000000000000000e+00
2.542620257671865502e+00,1.136335333061769814e+00,1.073927526902295204e-01,1.500000000000000000e+00,0.000000000000000000e+00,0.000000000000000000e+00,5.000000000000000278e-02,-3.813930386507798254e+00,-3.823284986247341699e+00,-1.500000000000000000e+00,-0.000000000000000000e+00
-5.610479444292648665e-02,2.042058317351238994e+00,6.841564454854565103e-02,1.500000000000000000e+00,0.000000000000000000e+00,0.000000000000000000e+00,5.000000000000000278e-02,8.415719166438972998e-02,7.485803972843517451e-02,-1.500000000000000000e+00,0.000000000000000000e+00
2.754346933126300634e+00,1.923448836876985535e+00,4.067317751115995250e-01,1.500000000000000000e+00,0.000000000000000000e+00,0.000000000000000000e+00,5.000000000000000278e-02,-4.131520399689451395e+00,-4.049169050852371221e+00,-1.500000000000000000e+00,-0.000000000000000000e+00
1.725002682161669298e-01,1.413077261980633104e+00,2.885853847320364318e-01,1.500000000000000000e+00,0.000000000000000000e+00,0.000000000000000000e+00,5.000000000000000278e-02,-2.587504023242503948e-01,-3.136732999949349288e-01,-1.500000000000000000e+00,-0.000000000000000000e+00
-1.722197567978645871e+00,1.454978905264016298e+00,5.867326602967604110e-02,1.500000000000000000e+00,0.000000000000000000e+00,0.000000000000000000e+00,5.000000000000000278e-02,2.583296351967968807e+00,2.750171949375286307e+00,-1.500000000000000000e+00,0.000000000000000000e+00
-2.608025447401158825e+00,1.462639438423533722e+00,6.298479800937428763e-02,1.500000000000000000e+00,0.000000000000000000e+00,0.000000000000000000e+00,5.000000000000000278e-02,3.912038171101738016e+00,3.858236461333893530e+00,-1.500000000000000000e+00,0.000000000000000000e+00
8.197936196906452366e-01,2.142235627208344262e+00,9.283863958387552628e-01,1.500000000000000000e+00,0.000000000000000000e+00,0.000000000000000000e+00,5.000000000000000278e-02,-1.229690429535967855e+00,-1.142578690373485362e+00,-1.500000000000000000e+00,-0.000000000000000000e+00
2.560648981295547522e+00,6.836617991225583113e-01,6.324681707114883089e-01,1.500000000000000000e+00,0.000000000000000000e+00,0.000000000000000000e+00,5.000000000000000278e-02,-3.840973471943321282e+00,-3.559505069410459299e+00,-1.500000000000000000e+00,-0.000000000000000000e+00
-1.987406060947374264e-01,2.803264723574073969e+00,1.458409868612159377e-01,1.500000000000000000e+00,0.000000000000000000e+00,0.000000000000000000e+00,5.000000000000000278e-02,2.981109091421061397e-01,2.296448254041537074e-01,-1.500000000000000000e+00,0.000000000000000000e+00
2.645906537093431155e+00,2.521608650574167498e+00,5.688101110820901196e-01,1.500000000000000000e+00,0.000000000000000000e+00,0.000000000000000000e+00,5.000000000000000278e-02,-3.968859805640146732e+00,-3.917984236175176882e+00,-1.500000000000000000e+00,-0.000000000000000000e+00
-5.495483775771443646e-01,2.405083959201347987e+00,1.949195716546784363e-01,1.500000000000000000e+00,0.000000000000000000e+00,0.000000000000000000e+00,5.000000000000000278e-02,8.243225663657165470e-01,8.533075721318633677e-01,-1.500000000000000000e+00,0.000000000000000000e+00
-2.954657768437492393e+00,6.377720204891531575e-01,2.770404786275115772e-01,1.500000000000000000e+00,0.000000000000000000e+00,0.000000000000000000e+00,5.000000000000000278e-02,4.431986652656238590e+00,4.425107549913958493e+00,-1.500000000000000000e+00,0.000000000000000000e+00
2.424513059085909639e+00,9.098897979297734251e-01,3.347563253574361575e-01,1.500000000000000000e+00,0.000000000000000000e+00,0.000000000000000000e+00,5.000000000000000278e-02,-3.636769588628864458e+00,-3.529174658978896595e+00,-1.500000000000000000e+00,-0.000000000000000000e+00
-3.432253888563350230e-01,4.713016915493443149e-01,1.633200851178341351e-01,1.500000000000000000e+00,0.000000000000000000e+00,0.000000000000000000e+00,5.000000000000000278e-02,5.148380832845025346e-01,4.719147880511527227e-01,-1.500000000000000000e+00,0.000000000000000000e+00
-8.790538468220030488e-01,1.417416653607314281e+00,6.118555550615879524e-01,1.500000000000000000e+00,0.000000000000000000e+00,0.000000000000000000e+00,5.000000000000000278e-02,1.318580770233004573e+00,1.383283915790592733e+00,-1.500000000000000000e+00,0.000000000000000000e+00
2.965798987455817048e+00,8.724738812564025725e-01,5.584925805174802971e-01,1.500000000000000000e+00,0.000000000000000000e+00,0.000000000000000000e+00,5.000000000000000278e-02,-4.448698481183726017e+00,-4.388467625369680825e+00,-1.500000000000000000e+00,-0.000000000000000000e+00
-3.557296720255580524e-01,1.264562398827245637e+00,4.921337423583420634e-01,1.500000000000000000e+00,0.000000000000000000e+00,0.000000000000000000e+00,5.000000000000000278e-02,5.335945080383370787e-01,5.228447448508253270e-01,-1.500000000000000000e+00,0.000000000000000000e+00
-1.967092553252140164e+00,1.632002941642442417e+00,3.647115330385944931e-01,1.500000000000000000e+00,0.000000000000000000e+00,0.000000000000000000e+00,5.000000000000000278e-02,2.950638829878210245e+00,2.580792064994523738e+00,-1.500000000000000000e+00,0.000000000000000000e+00
-8.403967284576130403e-01,1.648486909323759075e+00,2.666838350875658792e-01,1.500000000000000000e+00,0.000000000000000000e+00,0.000000000000000000e+00,5.000000000000000278e-02,1.260595092686419560e+00,1.311588213533926295e+00,-1.500000000000000000e+00,0.000000000000000000e+00
3.711136108761299290e-01,2.634404722447486691e+00,3.664849238506980855e-01,1.500000000000000000e+00,0.000000000000000000e+00,0.000000000000000000e+00,5.000000000000000278e-02,-5.566704163141948936e-01,-6.283512286835200022e-01,-1.500000000000000000e+00,-0.000000000000000000e+00
2.683747035233756684e+00,1.183765978468156455e+00,6.817288526981188923e-01,1.500000000000000000e+00,0.000000000000000000e+00,0.000000000000000000e+00,5.000000000000000278e-02,-4.025620552850634581e+00,-3.736419095444987626e+00,-1.500000000000000000e+00,-0.000000000000000000e+00
1.993700999227948856e+00,7.666490980471577510e-01,2.827617088658375133e-01,1.500000000000000000e+00,0.000000000000000000e+00,0.000000000000000000e+00,5.000000000000000278e-02,-2.990551498841923284e+00,-2.831372451213966190e+00,-1.500000000000000000e+00,-0.000000000000000000e+00
-5.332235679164192277e-01,1.525480869032760811e+00,5.223276152614656498e-01,1.500000000000000000e+00,0.000000000000000000e+00,0.000000000000000000e+00,5.000000000000000278e-02,7.998353518746288415e-01,7.333455357786511364e-01,-1.500000000000000000e+00,0.000000000000000000e+00
2.502709606994901748e+00,1.380266661995030120e+00,4.300191871121291642e-01,1.500000000000000000e+00,0.000000000000000000e+00,0.000000000000000000e+00,5.000000000000000278e-02,-3.754064410492352621e+00,-4.034498757398194968e+00,-1.500000000000000000e+00,-0.000000000000000000e+00
7.416820069789382686e-01,1.780214335440715168e+00,9.116843582299574145e-01,1.500000000000000000e+00,0.000000000000000000e+00,0.000000000000000000e+00,5.000000000000000278e-02,-1.112523010468407403e+00,-1.088620249269031559e+00,-1.500000000000000000e+00,-0.000000000000000000e+00
-1.488359466805160070e+00,3.783865642623311931e-01,9.563265675161111146e-01,1.500000000000000000e+00,0.000000000000000000e+00,0.000000000000000000e+00,5.000000000000000278e-02,2.232539200207740215e+00,2.377396110767984627e+00,-1.500000000000000000e+00,0.000000000000000000e+00
-1.814245980668742542e+00,3.570772448771286633e-02,6.390401490812752661e-01,1.500000000000000000e+00,0.000000000000000000e+00,0.000000000000000000e+00,5.000000000000000278e-02,2.721368971003113924e+00,2.754453014425447765e+00,-1.500000000000000000e+00,0.000000000000000000e+00
-2.656897584464319451e+00,2.657252050031789992e+00,3.678710098865023426e-02,1.500000000000000000e+00,0.000000000000000000e+00,0.000000000000000000e+00,5.000000000000000278e-02,3.985346376696479176e+00,4.043294984392282743e+00,-1.500000000000000000e+00,0.000000000000000000e+00
-1.803503129440711783e+00,1.716586831154534032e+00,8.866924599148493513e-01,1.500000000000000000e+00,0.000000000000000000e+00,0.000000000000000000e+00,5.000000000000000278e-02,2.705254694161067786e+00,2.727916692276934896e+00,-1.500000000000000000e+00,0.000000000000000000e+00
-1.927156380649125644e+00,2.664274729599985791e-01,3.399430889578280990e-01,1.500000000000000000e+00,0.000000000000000000e+00,0.000000000000000000e+00,5.000000000000000278e-02,2.890734570973688466e+00,3.137087702495557018e+00,-1.500000000000000000e+00,0.000000000000000000e+00
-1.996338038418719485e+00,4.411311774610648939e-02,7.626249433542640066e-01,1.500000000000000000e+00,0.000000000000000000e+00,0.000000000000000000e+00,5.000000000000000278e-02,2.994507057628079227e+00,3.075960210696083497e+00,-1.500000000000000000e+00,0.000000000000000000e+00
-1.950068201945164503e+00,1.919995441938827208e+00,4.904539118736324088e-01,1.500000000000000000e+00,0.000000000000000000e+00,0.000000000000000000e+00,5.000000000000000278e-02,2.925102302917746755e+00,2.745215896789793941e+00,-1.500000000000000000e+00,0.000000000000000000e+00
-7.430463028821394644e-01,2.573287740075388630e+00,2.718014051360224670e-01,1.500000000000000000e+00,0.000000000000000000e+00,0.000000000000000000e+00,5.000000000000000278e-02,1.114569454323209197e+00,1.192536701961639967e+00,-1.500000000000000000e+00,0.000000000000000000e+00
-2.828460011842099497e+00,3.202544058491845202e-01,2.858181334042941835e-01,1.500000000000000000e+00,0.000000000000000000e+00,0.000000000000000000e+00,5.000000000000000278e-02,4.242690017763148802e+00,4.464146433295391958e+00,-1.500000000000000000e+00,0.000000000000000000e+00
-1.550776431336622130e+00,2.785569839708178730e+00,9.889920115927375299e-03,1.500000000000000000e+00,0.000000000000000000e+00,0.000000000000000000e+00,5.000000000000000278e-02,2.326164647004933084e+00,2.325497843000892129e+00,-1.500000000000000000e+00,0.000000000000000000e+00
6.532266765153460497e-01,2.406476571697655054e+00,4.907275308584680973e-01,1.500000000000000000e+00,0.000000000000000000e+00,0.000000000000000000e+00,5.000000000000000278e-02,-9.798400147730190746e-01,-9.874987873065116384e-01,-1.500000000000000000e+00,-0.000000000000000000e+00
-5.417046998210395259e-02,1.413445829866170733e+00,3.824463691845502167e-01,1.500000000000000000e+00,0.000000000000000000e+00,0.000000000000000000e+00,5.000000000000000278e-02,8.125570497315592888e-02,1.556387140631761146e-01,-1.500000000000000000e+00,0.000000000000000000e+00
6.950495390676474372e-01,1.746896438061792400e-01,1.564507692280714402e-01,1.500000000000000000e+00,0.000000000000000000e+00,0.000000000000000000e+00,5.000000000000000278e-02,-1.042574308601471156e+00,-1.009256629247167192e+00,-1.500000000000000000e+00,-0.000000000000000000e+00
9.084153213831642759e-01,9.561554683278861155e-01,8.503924739637269692e-01,1.500000000000000000e+00,0.000000000000000000e+00,0.000000000000000000e+00,5.000000000000000278e-02,-1.362622982074746414e+00,-1.376424258914319187e+00,-1.500000000000000000e+00,-0.000000000000000000e+00
1.289240713882787048e+00,2.534088481912704971e+00,5.958190132253454729e-01,1.500000000000000000e+00,0.000000000000000000e+00,0.000000000000000000e+00,5.000000000000000278e-02,-1.933861070824180572e+00,-1.812058848380993625e+00,-1.500000000000000000e+00,-0.000000000000000000e+00
-1.932706500460304344e+00,2.551149081127266793e+00,7.601620238419959374e-01,1.500000000000000000e+00,0.000000000000000000e+00,0.000000000000000000e+00,5.000000000000000278e-02,2.899059750690456738e+00,2.852068834346612292e+00,-1.500000000000000000e+00,0.000000000000000000e+00
1.353908460079424003e+00,4.237765629092188346e-01,7.621829521370657723e-01,1.500000000000000000e+00,0.000000000000000000e+00,0.000000000000000000e+00,5.000000000000000278e-02,-2.030862690119136005e+00,-2.049222109799966773e+00,-1.500000000000000000e+00,-0.000000000000000000e+00
1.867553878584306659e+00,1.467588812278050048e+00,7.057637524656331651e-01,1.500000000000000000e+00,0.000000000000000000e+00,0.000000000000000000e+00,5.000000000000000278e-02,-2.801330817876459989e+00,-3.044809016070375129e+00,-1.500000000000000000e+00,-0.000000000000000000e+00
1.241444080116744786e+00,2.679446566337485791e+00,7.283599229559853949e-01,1.500000000000000000e+00,0.000000000000000000e+00,0.000000000000000000e+00,5.000000000000000278e-02,-1.862166120175117179e+00,-1.895157424435561566e+00,-1.500000000000000000e+00,-0.000000000000000000e+00
1.089124506194947273e-01,1.110222379074312204e+00,9.773116939332565645e-01,1.500000000000000000e+00,0.000000000000000000e+00,0.000000000000000000e+00,5.000000000000000278e-02,-1.633686759292420909e-01,-2.682863925655248893e-02,-1.500000000000000000e+00,-0.000000000000000000e+00
-2.329597159699814846e+00,1.606189460034769700e+00,4.625510303845119520e-01,1.500000000000000000e+00,0.000000000000000000e+00,0.000000000000000000e+00,5.000000000000000278e-02,3.494395739549722268e+00,3.212682524248952731e+00,-1.500000000000000000e+00,0.000000000000000000e+00
-1.600575729469741360e+00,3.688861957974989281e-01,8.999545168412620422e-01,1.500000000000000000e+00,0.000000000000000000e+00,0.000000000000000000e+00,5.000000000000000278e-02,2.400863594204611928e+00,2.242311265228288608e+00,-1.500000000000000000e+00,0.000000000000000000e+00
-1.365694435928177519e-01,1.427219248257991957e+00,4.357673921218861990e-01,1.500000000000000000e+00,0.000000000000000000e+00,0.000000000000000000e+00,5.000000000000000278e-02,2.048541653892266279e-01,2.548291087303343749e-01,-1.500000000000000000e+00,0.000000000000000000e+00
-9.610641753942368304e-01,1.571602193639707323e-01,7.570878631167153872e-01,1.500000000000000000e+00,0.000000000000000000e+00,0.000000000000000000e+00,5.000000000000000278e-02,1.441596263091355246e+00,1.386396430441572125e+00,-1.500000000000000000e+00,0.000000000000000000e+00
-6.168436296983532685e-01,2.662664065273365743e+00,2.952980862231040504e-01,1.500000000000000000e+00,0.000000000000000000e+00,0.000000000000000000e+00,5.000000000000000278e-02,9.252654445475299028e-01,9.725502385062075872e-01,-1.500000000000000000e+00,0.000000000000000000e+00
-1.428487496931557965e+00,1.336925028299414953e+00,8.379786210547699454e-01,1.500000000000000000e+00,0.000000000000000000e+00,0.000000000000000000e+00,5.000000000000000278e-02,2.142731245397337059e+00,2.326999510169506014e+00,-1.500000000000000000e+00,0.000000000000000000e+00
-1.716223224833934857e-01,2.147507914174325849e-01,3.173800874646918180e-01,1.500000000000000000e+00,0.000000000000000000e+00,0.000000000000000000e+00,5.000000000000000278e-02,2.574334837250902286e-01,2.410381897719901800e-01,-1.500000000000000000e+00,0.000000000000000000e+00
1.819042091002180506e+00,6.996109581506491093e-01,2.822141181791066877e-01,1.500000000000000000e+00,0.000000000000000000e+00,0.000000000000000000e+00,5.000000000000000278e-02,-2.728563136503270758e+00,-2.805536660919042191e+00,-1.500000000000000000e+00,-0.000000000000000000e+00
-2.457489039237197748e+00,2.360455755230997266e+00,2.712613246391456512e-01,1.500000000000000000e+00,0.000000000000000000e+00,0.000000000000000000e+00,5.000000000000000278e-02,3.686233558855796844e+00,3.891273528485297284e+00,-1.500000000000000000e+00,0.000000000000000000e+00
2.833463065230415800e+00,2.752725798249140876e+00,4.540326589630638843e-01,1.500000000000000000e+00,0.000000000000000000e+00,0.000000000000000000e+00,5.000000000000000278e-02,-4.250194597845624145e+00,-4.122528139402689362e+00,-1.500000000000000000e+00,-0.000000000000000000e+00
-2.030008689243838038e+00,2.799165523989299409e+00,2.473792862607741005e-01,1.500000000000000000e+00,0.000000000000000000e+00,0.000000000000000000e+00,5.000000000000000278e-02,3.045013033865757279e+00,3.280547284846631939e+00,-1.500000000000000000e+00,0.000000000000000000e+00
2.053891123613355241e+00,2.149416689702273509e+00,1.439534914014233280e-01,1.500000000000000000e+00,0.000000000000000000e+00,0.000000000000000000e+00,5.000000000000000278e-02,-3.080836685420032861e+00,-3.107033171630107393e+00,-1.500000000000000000e+00,-0.000000000000000000e+00
-1.657475982688359828e+00,1.509203112570652872e-01,3.405455809367817777e-01,1.500000000000000000e+00,0.000000000000000000e+00,0.000000000000000000e+00,5.000000000000000278e-02,2.486213974032539742e+00,2.547733330411477759e+00,-1.500000000000000000e+00,0.000000000000000000e+00
-1.455057299071369936e+00,2.043326776440981707e+00,5.042601827809045645e-01,1.500000000000000000e+00,0.000000000000000000e+00,0.000000000000000000e+00,5.000000000000000278e-02,2.182585948607054682e+00,2.114915171009038808e+00,-1.500000000000000000e+00,0.000000000000000000e+00
2.321002132577991262e+00,1.412045044092195223e+00,9.203420540873058497e-01,1.500000000000000000e+00,0.000000000000000000e+00,0.000000000000000000e+00,5.000000000000000278e-02,-3.481503198866986892e+00,-3.675420523413013729e+00,-1.500000000000000000e+00,-0.000000000000000000e+00
2.714779827288236191e+00,1.662492085593555213e+00,5.893556261198317214e-01,1.500000000000000000e+00,0.000000000000000000e+00,0.000000000000000000e+00,5.000000000000000278e-02,-4.072169740932354287e+00,-4.279570630426055011e+00,-1.500000000000000000e+00,-0.000000000000000000e+00
3.240345727084577021e-01,7.361592201257071144e-01,5.407879901908068110e-01,1.500000000000000000e+00,0.000000000000000000e+00,0.000000000000000000e+00,5.000000000000000278e-02,-4.860518590626865532e-01,-5.344043905114410631e-01,-1.500000000000000000e+00,-0.000000000000000000e+00
1.436960334258346350e+00,2.453038207711610852e-02,7.661210207113069437e-01,1.500000000000000000e+00,0.000000000000000000e+00,0.000000000000000000e+00,5.000000000000000278e-02,-2.155440501387519525e+00,-1.978731622811024105e+00,-1.500000000000000000e+00,-0.000000000000000000e+00
-1.454894128234481165e+00,2.201069402276715437e+00,3.770454536136363943e-01,1.500000000000000000e+00,0.000000000000000000e+00,0.000000000000000000e+00,5.000000000000000278e-02,2.182341192351721748e+00,2.284515087337954053e+00,-1.500000000000000000e+00,0.000000000000000000e+00
-2.420011034660258797e+00,1.431414397519292336e+00,7.446700187046961794e-02,1.500000000000000000e+00,0.000000000000000000e+00,0.000000000000000000e+00,5.000000000000000278e-02,3.630016551990387974e+00,3.653500062169662055e+00,-1.500000000000000000e+00,0.000000000000000000e+00
-9.725316562995454106e-01,1.873681556416537664e+00,1.183097024903534411e-01,1.500000000000000000e+00,0.000000000000000000e+00,0.000000000000000000e+00,5.000000000000000278e-02,1.458797484449318116e+00,1.451439147565446008e+00,-1.500000000000000000e+00,0.000000000000000000e+00
-1.161636893149084360e+00,2.118115972386659163e+00,8.639023545843017571e-01,1.500000000000000000e+00,0.000000000000000000e+00,0.000000000000000000e+00,5.000000000000000278e-02,1.742455339723626651e+00,1.730276869914958882e+00,-1.500000000000000000e+00,0.000000000000000000e+00
-1.080542943328953065e+00,5.873748110752655682e-01,1.466844118619913262e-01,1.500000000000000000e+00,0.000000000000000000e+00,0.000000000000000000e+00,5.000000000000000278e-02,1.620814414993429597e+00,1.724129403310284081e+00,-1.500000000000000000e+00,0.000000000000000000e+00
7.962250251628004705e-01,1.739677941806927919e+00,6.610712655492179124e-02,1.500000000000000000e+00,0.000000000000000000e+00,0.000000000000000000e+00,5.000000000000000278e-02,-1.194337537744200706e+00,-1.194343569750285550e+00,-1.500000000000000000e+00,-0.000000000000000000e+00
-1.850434492383268958e+00,2.815969701969424310e+00,8.043053417132761673e-02,1.500000000000000000e+00,0.000000000000000000e+00,0.000000000000000000e+00,5.000000000000000278e-02,2.775651738574903327e+00,2.539502917675330540e+00,-1.500000000000000000e+00,0.000000000000000000e+00
-7.546377571682292285e-01,1.288756573652387383e+00,4.199852242904180688e-01,1.500000000000000000e+00,0.000000000000000000e+00,0.000000000000000000e+00,5.000000000000000278e-02,1.131956635752343843e+00,1.124509930016797554e+00,-1.500000000000000000e+00,0.000000000000000000e+00
4.048437270242031261e-01,1.649488644013224370e+00,6.077890787440081155e-01,1.500000000000000000e+00,0.000000000000000000e+00,0.000000000000000000e+00,5.000000000000000278e-02,-6.072655905363046891e-01,-6.997080511128983549e-01,-1.500000000000000000e+00,-0.000000000000000000e+00
2.810177552298446457e+00,9.563945510542896100e-01,9.591988806988149818e-02,1.500000000000000000e+00,0.000000000000000000e+00,0.000000000000000000e+00,5.000000000000000278e-02,-4.215266328447669686e+00,-4.318214692664063215e+00,-1.500000000000000000e+00,-0.000000000000000000e+00
3.437263176239486739e-01,1.729201624869368459e+00,1.973882728787886842e-01,1.500000000000000000e+00,0.000000000000000000e+00,0.000000000000000000e+00,5.000000000000000278e-02,-5.155894764359230109e-01,-5.573110640991582043e-01,-1.500000000000000000e+00,-0.000000000000000000e+00
1.181177339594945863e+00,2.646567485700084710e+00,6.155480815629311708e-01,1.500000000000000000e+00,0.000000000000000000e+00,0.000000000000000000e+00,5.000000000000000278e-02,-1.771766009392418795e+00,-1.931488913383696104e+00,-1.500000000000000000e+00,-0.000000000000000000e+00
-7.567950308309523422e-02,9.756284768635600235e-01,6.207027029084969394e-01,1.500000000000000000e+00,0.000000000000000000e+00,0.000000000000000000e+00,5.000000000000000278e-02,1.135192546246428513e-01,2.592475710693761815e-02,-1.500000000000000000e+00,0.000000000000000000e+00
1.750758698233807920e+00,1.340827756029349782e+00,2.034356983649743267e-02,1.500000000000000000e+00,0.000000000000000000e+00,0.000000000000000000e+00,5.000000000000000278e-02,-2.626138047350711879e+00,-2.629049349967472970e+00,-1.500000000000000000e+00,-0.000000000000000000e+00
-2.714567646062049810e+00,1.145095773247535087e+00,6.054086630582710127e-01,1.500000000000000000e+00,0.000000000000000000e+00,0.000000000000000000e+00,5.000000000000000278e-02,4.071851469093074272e+00,4.174298059384506487e+00,-1.500000000000000000e+00,0.000000000000000000e+00
-5.842375217328510395e-01,2.578224201791957881e+00,5.885141669101341400e-01,1.500000000000000000e+00,0.000000000000000000e+00,0.000000000000000000e+00,5.000000000000000278e-02,8.763562825992765593e-01,8.993562608258460767e-01,-1.500000000000000000e+00,0.000000000000000000e+00
-1.749004028552777257e+00,4.211896964906538532e-01,7.076607444793097113e-01,1.500000000000000000e+00,0.000000000000000000e+00,0.000000000000000000e+00,5.000000000000000278e-02,2.623506042829165885e+00,2.504125371396791255e+00,-1.500000000000000000e+00,0.000000000000000000e+00
-8.777282842054274781e-01,8.310889219063409827e-01,4.438627511054095143e-01,1.500000000000000000e+00,0.000000000000000000e+00,0.000000000000000000e+00,5.000000000000000278e-02,1.316592426308141217e+00,1.253806223049225732e+00,-1.500000000000000000e+00,0.000000000000000000e+00
-1.200743096465951565e+00,1.601201311357715706e+00,4.304924221614124802e-01,1.500000000000000000e+00,0.000000000000000000e+00,0.000000000000000000e+00,5.000000000000000278e-02,1.801114644698927236e+00,1.812540333404142778e+00,-1.500000000000000000e+00,0.000000000000000000e+00
1.211217814727937991e+00,9.405495238629312249e-01,6.529638249104214864e-01,1.500000000000000000e+00,0.000000000000000000e+00,0.000000000000000000e+00,5.000000000000000278e-02,-1.816826722091906987e+00,-1.730118039739560798e+00,-1.500000000000000000e+00,-0.000000000000000000e+00
6.587669667591278255e-01,4.442551854209673134e-01,7.403131750201458194e-01,1.500000000000000000e+00,0.000000000000000000e+00,0.000000000000000000e+00,5.000000000000000278e-02,-9.881504501386917383e-01,-9.399967213515515452e-01,-1.500000000000000000e+00,-0.000000000000000000e+00
9.607036644648241364e-01,1.042460142034618231e+00,4.736203558148046611e-01,1.500000000000000000e+00,0.000000000000000000e+00,0.000000000000000000e+00,5.000000000000000278e-02,-1.441055496697236205e+00,-1.436799529328477654e+00,-1.500000000000000000e+00,-0.000000000000000000e+00
-3.813445662332171082e-01,8.772112023866163177e-01,2.726316606918904872e-01,1.500000000000000000e+00,0.000000000000000000e+00,0.000000000000000000e+00,5.000000000000000278e-02,5.720168493498256623e-01,5.229232215492812808e-01,-1.500000000000000000e+00,0.000000000000000000e+00
-1.935599143566930858e+00,1.982935751106727817e+00,8.951372644668053047e-01,1.500000000000000000e+00,0.000000000000000000e+00,0.000000000000000000e+00,5.000000000000000278e-02,2.903398715350396397e+00,2.998964576413118088e+00,-1.500000000000000000e+00,0.000000000000000000e+00
-1.658049811009680186e+00,2.755064008702637679e+00,5.710758914367172201e-01,1.500000000000000000e+00,0.000000000000000000e+00,0.000000000000000000e+00,5.000000000000000278e-02,2.487074716514520389e+00,2.524829855368257103e+00,-1.500000000000000000e+00,0.000000000000000000e+00
2.502479560897463706e-01,5.874603495052813651e-01,7.438459653895655999e-01,1.500000000000000000e+00,0.000000000000000000e+00,0.000000000000000000e+00,5.000000000000000278e-02,-3.753719341346195559e-01,-4.039088633396404338e-01,-1.500000000000000000e+00,-0.000000000000000000e+00
-1.515367742085436120e+00,7.704551094269829203e-02,5.783678978179215280e-01,1.500000000000000000e+00,0.000000000000000000e+00,0.000000000000000000e+00,5.000000000000000278e-02,2.273051613128154180e+00,2.148762843553801094e+00,-1.500000000000000000e+00,0.000000000000000000e+00
-3.578390372496729199e-01,1.748840667098813473e+00,9.894362686924490502e-01,1.500000000000000000e+00,0.000000000000000000e+00,0.000000000000000000e+00,5.000000000000000278e-02,5.367585558745093799e-01,5.091710130569635506e-01,-1.500000000000000000e+00,0.000000000000000000e+00
2.576458609156128787e+00,2.446756411876718218e-01,1.949877576522376366e-01,1.500000000000000000e+00,0.000000000000000000e+00,0.000000000000000000e+00,5.000000000000000278e-02,-3.864687913734193181e+00,-3.642189684473486011e+00,-1.500000000000000000e+00,-0.000000000000000000e+00
-1.183882662113965312e+00,1.488006774240375751e+00,5.995130945916503640e-01,1.500000000000000000e+00,0.000000000000000000e+00,0.000000000000000000e+00,5.000000000000000278e-02,1.775823993170948079e+00,1.891624143542719239e+00,-1.500000000000000000e+00,0.000000000000000000e+00
-2.364241779401808685e+00,6.993663137272913000e-01,1.020203240930575017e-01,1.500000000000000000e+00,0.000000000000000000e+00,0.000000000000000000e+00,5.000000000000000278e-02,3.546362669102713028e+00,3.485348336743355979e+00,-1.500000000000000000e+00,0.000000000000000000e+00
2.788683764621408656e+00,9.429153514338335373e-01,5.798825020248797868e-01,1.500000000000000000e+00,0.000000000000000000e+00,0.000000000000000000e+00,5.000000000000000278e-02,-4.183025646932112984e+00,-4.144100350608671768e+00,-1.500000000000000000e+00,-0.000000000000000000e+00
1.903210293621381055e+00,2.136607326764708326e+00,3.340047014271703141e-01,1.500000000000000000e+00,0.000000000000000000e+00,0.000000000000000000e+00,5.000000000000000278e-02,-2.854815440432071583e+00,-2.628327553382283188e+00,-1.500000000000000000e+00,-0.000000000000000000e+00
-2.338711662210115172e+00,1.831729486361565851e+00,6.572750922546811703e-01,1.500000000000000000e+00,0.000000000000000000e+00,0.000000000000000000e+00,5.000000000000000278e-02,3.508067493315172758e+00,3.261919028640370755e+00,-1.500000000000000000e+00,0.000000000000000000e+00
2.348142849989571346e+00,2.807308954407439661e+00,2.769611321754313904e-01,1.500000000000000000e+00,0.000000000000000000e+00,0.000000000000000000e+00,5.000000000000000278e-02,-3.522214274984357019e+00,-3.613610287072237970e+00,-1.500000000000000000e+00,-0.000000000000000000e+00
5.927753266018171985e-01,2.251197355794056776e+00,5.664917539419604964e-01,1.500000000000000000e+00,0.000000000000000000e+00,0.000000000000000000e+00,5.000000000000000278e-02,-8.891629899027257977e-01,-9.013070173635587823e-01,-1.500000000000000000e+00,-0.000000000000000000e+00
-1.873612703046251049e+00,1.605297119669617079e+00,7.766003721581177244e-01,1.500000000000000000e+00,0.000000000000000000e+00,0.000000000000000000e+00,5.000000000000000278e-02,2.810419054569376573e+00,2.858223916900345163e+00,-1.500000000000000000e+00,0.000000000000000000e+00
1.493004468768281967e+00,8.154453615984296189e-01,1.986144967117746685e-01,1.500000000000000000e+00,0.000000000000000000e+00,0.000000000000000000e+00,5.000000000000000278e-02,-2.239506703152422951e+00,-2.429096524955502101e+00,-1.500000000000000000e+00,-0.000000000000000000e+00
-4.319782265592682080e-01,1.580741109479604889e+00,7.595927876330119677e-01,1.500000000000000000e+00,0.000000000000000000e+00,0.000000000000000000e+00,5.000000000000000278e-02,6.479673398389023120e-01,6.687204566836801867e-01,-1.500000000000000000e+00,0.000000000000000000e+00
2.547060085176521937e+00,2.193790131504974816e+00,1.807007055989273692e-02,1.500000000000000000e+00,0.000000000000000000e+00,0.000000000000000000e+00,5.000000000000000278e-02,-3.820590127764782906e+00,-4.110241489905107848e+00,-1.500000000000000000e+00,-0.000000000000000000e+00
2.752417665534879987e+00,2.020581029968232523e-01,9.380333143812583652e-01,1.500000000000000000e+00,0.000000000000000000e+00,0.000000000000000000e+00,5.000000000000000278e-02,-4.128626498302319980e+00,-3.946389174382720633e+00,-1.500000000000000000e+00,-0.000000000000000000e+00
-2.576164965107313520e+00,2.885009457077572836e+00,5.255517513273517682e-01,1.500000000000000000e+00,0.000000000000000000e+00,0.000000000000000000e+00,5.000000000000000278e-02,3.864247447660970280e+00,3.843597444725974199e+00,-1.500000000000000000e+00,0.000000000000000000e+00
2.165792148704907660e+00,2.794894354607727838e+00,9.770655438099146162e-01,1.500000000000000000e+00,0.000000000000000000e+00,0.000000000000000000e+00,5.000000000000000278e-02,-3.248688223057361490e+00,-3.332990839175283604e+00,-1.500000000000000000e+00,-0.000000000000000000e+00
-2.721001517961613825e+00,1.368196851810663306e+00,4.762092130895460018e-01,1.500000000000000000e+00,0.000000000000000000e+00,0.000000000000000000e+00,5.000000000000000278e-02,4.081502276942420515e+00,4.253500113072729683e+00,-1.500000000000000000e+00,0.000000000000000000e+00
2.399231636733045292e+00,1.551968799945638189e+00,2.690152895798334498e-01,1.500000000000000000e+00,0.000000000000000000e+00,0.000000000000000000e+00,5.000000000000000278e-02,-3.598847455099567938e+00,-3.596889921598509954e+00,-1.500000000000000000e+00,-0.000000000000000000e+00
-7.406294251108658244e-02,3.771595265252214446e-02,6.837474164985589686e-01,1.500000000000000000e+00,0.000000000000000000e+00,0.000000000000000000e+00,5.000000000000000278e-02,1.110944137666298737e-01,6.251542307147764377e-02,-1.500000000000000000e+00,0.000000000000000000e+00
-2.480005545419346369e+00,3.869624882175637381e-02,4.586274575836838396e-01,1.500000000000000000e+00,0.000000000000000000e+00,0.000000000000000000e+00,5.000000000000000278e-02,3.720008318129019553e+00,3.886147791276483687e+00,-1.500000000000000000e+00,0.000000000000000000e+00
-5.989910940523017757e-01,7.264237940150741757e-01,2.877057084036095391e-01,1.500000000000000000e+00,0.000000000000000000e+00,0.000000000000000000e+00,5.000000000000000278e-02,8.984866410784526636e-01,8.833474788505241149e-01,-1.500000000000000000e+00,0.000000000000000000e+00
-1.038211552065095411e+00,1.955143254814285525e+00,4.063353303027643637e-01,1.500000000000000000e+00,0.000000000000000000e+00,0.000000000000000000e+00,5.000000000000000278e-02,1.557317328097643117e+00,1.578621242422499904e+00,-1.500000000000000000e+00,0.000000000000000000e+00
1.175325719308643713e+00,3.777963436020093102e-01,8.564939980551026233e-01,1.500000000000000000e+00,0.000000000000000000e+00,0.000000000000000000e+00,5.000000000000000278e-02,-1.762988578962965569e+00,-1.648369230847222200e+00,-1.500000000000000000e+00,-0.000000000000000000e+00
1.247335747224235014e+00,2.921321595387494252e+00,2.090667073021548195e-01,1.500000000000000000e+00,0.000000000000000000e+00,0.000000000000000000e+00,5.000000000000000278e-02,-1.871003620836352521e+00,-2.008408568482822343e+00,-1.500000000000000000e+00,-0.000000000000000000e+00
-7.945665135860178196e-01,2.768931385681444368e+00,1.202488965806469690e-01,1.500000000000000000e+00,0.000000000000000000e+00,0.000000000000000000e+00,5.000000000000000278e-02,1.191849770379026729e+00,1.233097403866363129e+00,-1.500000000000000000e+00,0.000000000000000000e+00
1.282359001887229510e+00,1.953126110556735906e+00,2.474466652355700180e-02,1.500000000000000000e+00,0.000000000000000000e+00,0.000000000000000000e+00,5.000000000000000278e-02,-1.923538502830844266e+00,-1.840012218845847647e+00,-1.500000000000000000e+00,-0.000000000000000000e+00
-2.941120033566588798e+00,7.662794285858907095e-01,7.006860384181406998e-01,1.500000000000000000e+00,0.000000000000000000e+00,0.000000000000000000e+00,5.000000000000000278e-02,4.411680050349882976e+00,4.897100839486839163e+00,-1.500000000000000000e+00,0.000000000000000000e+00
-1.604611566968203729e+00,2.961902755226551331e+00,1.891107021889711914e-01,1.500000000000000000e+00,0.000000000000000000e+00,0.000000000000000000e+00,5.000000000000000278e-02,2.406917350452305371e+00,2.179183826193213935e+00,-1.500000000000000000e+00,0.000000000000000000e+00
-2.345889344933004050e+00,7.427442045593724007e-01,2.585467328095284456e-01,1.500000000000000000e+00,0.000000000000000000e+00,0.000000000000000000e+00,5.000000000000000278e-02,3.518834017399505854e+00,3.657926146943908829e+00,-1.500000000000000000e+00,0.000000000000000000e+00
-2.042049654510153189e+00,1.459106728329802039e+00,7.357793176447455785e-01,1.500000000000000000e+00,0.000000000000000000e+00,0.000000000000000000e+00,5.000000000000000278e-02,3.063074481765229784e+00,3.401441255213680126e+00,-1.500000000000000000e+00,0.000000000000000000e+00
-1.242131793852454535e+00,2.831308362621371089e+00,2.713579296614854197e-02,1.500000000000000000e+00,0.000000000000000000e+00,0.000000000000000000e+00,5.000000000000000278e-02,1.863197690778681803e+00,1.896844776826084322e+00,-1.500000000000000000e+00,0.000000000000000000e+00
-1.922380705221429231e+00,9.946280132266963614e-01,8.338523699261342070e-01,1.500000000000000000e+00,0.000000000000000000e+00,0.000000000000000000e+00,5.000000000000000278e-02,2.883571057832143847e+00,2.887295109762150425e+00,-1.500000000000000000e+00,0.000000000000000000e+00
1.001947945883561175e-01,1.048977923717382410e+00,4.001530532397411521e-01,1.500000000000000000e+00,0.000000000000000000e+00,0.000000000000000000e+00,5.000000000000000278e-02,-1.502921918825341763e-01,-1.688610422088065999e-01,-1.500000000000000000e+00,-0.000000000000000000e+00
2.761426784738002738e+00,2.933708228187640543e+00,7.516310595646576997e-01,1.500000000000000000e+00,0.000000000000000000e+00,0.000000000000000000e+00,5.000000000000000278e-02,-4.142140177107004106e+00,-4.501412056696564079e+00,-1.500000000000000000e+00,-0.000000000000000000e+00
2.560274927915131116e+00,2.149798644082580701e+00,8.307320621143771122e-01,1.500000000000000000e+00,0.000000000000000000e+00,0.000000000000000000e+00,5.000000000000000278e-02,-3.840412391872696674e+00,-3.587036303924979741e+00,-1.500000000000000000e+00,-0.000000000000000000e+00
1.594418177618877941e+00,8.868603673558117517e-01,3.510723376240861837e-01,1.500000000000000000e+00,0.000000000000000000e+00,0.000000000000000000e+00,5.000000000000000278e-02,-2.391627266428316911e+00,-2.546730708049890879e+00,-1.500000000000000000e+00,-0.000000000000000000e+00
1.865098283701984272e+00,4.039140068437040432e-01,7.589781100315310391e-01,1.500000000000000000e+00,0.000000000000000000e+00,0.000000000000000000e+00,5.000000000000000278e-02,-2.797647425552976408e+00,-3.061643520544424124e+00,-1.500000000000000000e+00,-0.000000000000000000e+00
-2.145498773453459407e+00,2.463084794372891739e-01,5.973831326900157501e-01,1.500000000000000000e+00,0.000000000000000000e+00,0.000000000000000000e+00,5.000000000000000278e-02,3.218248160180189110e+00,3.341904642970673134e+00,-1.500000000000000000e+00,0.000000000000000000e+00
-2.499398975346599716e+00,6.608567089433926567e-01,3.307835571633084282e-01,1.500000000000000000e+00,0.000000000000000000e+00,0.000000000000000000e+00,5.000000000000000278e-02,3.749098463019899796e+00,3.939716968021603982e+00,-1.500000000000000000e+00,0.000000000000000000e+00
9.622662094538960709e-01,1.340953913707004119e+00,8.121395798570338886e-01,1.500000000000000000e+00,0.000000000000000000e+00,0.000000000000000000e+00,5.000000000000000278e-02,-1.443399314180844106e+00,-1.382190676614973190e+00,-1.500000000000000000e+00,-0.000000000000000000e+00
-4.692911543551447906e-01,2.161800003117294366e+00,3.890967928486576133e-01,1.500000000000000000e+00,0.000000000000000000e+00,0.000000000000000000e+00,5.000000000000000278e-02,7.039367315327171859e-01,7.449632272326579541e-01,-1.500000000000000000e+00,0.000000000000000000e+00
-1.846394044038996096e+00,3.646399658396981547e-01,9.780932155102395331e-02,1.500000000000000000e+00,0.000000000000000000e+00,0.000000000000000000e+00,5.000000000000000278e-02,2.769591066058493922e+00,2.632060443561250018e+00,-1.500000000000000000e+00,0.000000000000000000e+00
-2.490210439030787093e+00,1.139958071936937545e+00,3.943800510031928441e-01,1.500000000000000000e+00,0.000000000000000000e+00,0.000000000000000000e+00,5.000000000000000278e-02,3.735315658546180639e+00,3.716431260115633961e+00,-1.500000000000000000e+00,0.000000000000000000e+00
-1.164559910805646137e+00,2.968793002002637405e+00,2.038752256821976250e-01,1.500000000000000000e+00,0.000000000000000000e+00,0.000000000000000000e+00,5.000000000000000278e-02,1.746839866208469205e+00,1.712833462968212261e+00,-1.500000000000000000e+00,0.000000000000000000e+00
-3.091492329832421504e-01,1.792392975500889385e-02,5.233160343668380454e-01,1.500000000000000000e+00,0.000000000000000000e+00,0.000000000000000000e+00,5.000000000000000278e-02,4.637238494748632256e-01,4.183029095983669121e-01,-1.500000000000000000e+00,0.000000000000000000e+00
-2.864311144377743368e+00,2.716529433298005003e+00,5.484273396045784565e-01,1.500000000000000000e+00,0.000000000000000000e+00,0.000000000000000000e+00,5.000000000000000278e-02,4.296466716566614608e+00,4.368924372136470780e+00,-1.500000000000000000e+00,0.000000000000000000e+00
-5.634213956983034066e-01,1.446911014830448927e+00,6.916645126979381608e-01,1.500000000000000000e+00,0.000000000000000000e+00,0.000000000000000000e+00,5.000000000000000278e-02,8.451320935474551099e-01,7.903254436931038684e-01,-1.500000000000000000e+00,0.000000000000000000e+00
-2.052103294405936751e+00,2.126521750068335770e+00,9.290824632115182169e-01,1.500000000000000000e+00,0.000000000000000000e+00,0.000000000000000000e+00,5.000000000000000278e-02,3.078154941608905126e+00,3.046796939121043213e+00,-1.500000000000000000e+00,0.000000000000000000e+00
2.235331537383514977e+00,6.300375998880969330e-01,6.171657408647773790e-01,1.500000000000000000e+00,0.000000000000000000e+00,0.000000000000000000e+00,5.000000000000000278e-02,-3.352997306075272466e+00,-3.113230723464221583e+00,-1.500000000000000000e+00,-0.000000000000000000e+00
1.361640377761860421e+00,1.792707453740236767e+00,6.233928159797241797e-02,1.500000000000000000e+00,0.000000000000000000e+00,0.000000000000000000e+00,5.000000000000000278e-02,-2.042460566642790631e+00,-2.056270740728312507e+00,-1.500000000000000000e+00,-0.000000000000000000e+00
-1.734827187355654887e+00,1.179761974288533466e+00,1.465612014819805964e-01,1.500000000000000000e+00,0.000000000000000000e+00,0.000000000000000000e+00,5.000000000000000278e-02,2.602240781033482442e+00,2.576569696379096719e+00,-1.500000000000000000e+00,0.000000000000000000e+00
-2.237634091476159881e+00,4.693900616691779604e-01,7.098329015078925774e-01,1.500000000000000000e+00,0.000000000000000000e+00,0.000000000000000000e+00,5.000000000000000278e-02,3.356451137214239822e+00,3.484842480176594925e+00,-1.500000000000000000e+00,0.000000000000000000e+00
1.690952433548688738e+00,1.919606117315117988e+00,9.735443898491957793e-02,1.500000000000000000e+00,0.000000000000000000e+00,0.000000000000000000e+00,5.000000000000000278e-02,-2.536428650323033107e+00,-2.699960968809477002e+00,-1.500000000000000000e+00,-0.000000000000000000e+00
1.555737216116542143e+00,1.001990349095952304e+00,8.470154722204263908e-01,1.500000000000000000e+00,0.000000000000000000e+00,0.000000000000000000e+00,5.000000000000000278e-02,-2.333605824174813215e+00,-2.298713899843815245e+00,-1.500000000000000000e+00,-0.000000000000000000e+00
2.832712617583914572e+00,4.143577219226639574e-01,1.614813608532422728e-01,1.500000000000000000e+00,0.000000000000000000e+00,0.000000000000000000e+00,5.000000000000000278e-02,-4.249068926375871413e+00,-4.005945532092256123e+00,-1.500000000000000000e+00,-0.000000000000000000e+00
-2.170155867889961954e+00,1.618828107386469872e+00,7.578755623718446133e-01,1.500000000000000000e+00,0.000000000000000000e+00,0.000000000000000000e+00,5.000000000000000278e-02,3.255233801834942930e+00,3.347541815473633608e+00,-1.500000000000000000e+00,0.000000000000000000e+00
3.114626862003402330e-01,1.555876246862133216e+00,3.977177946487870930e-01,1.500000000000000000e+00,0.000000000000000000e+00,0.000000000000000000e+00,5.000000000000000278e-02,-4.671940293005103495e-01,-5.071641688890572430e-01,-1.500000000000000000e+00,-0.000000000000000000e+00
1.938188627367903649e+00,3.286242771373222293e-01,6.147889719957545518e-01,1.500000000000000000e+00,0.000000000000000000e+00,0.000000000000000000e+00,5.000000000000000278e-02,-2.907282941051855474e+00,-2.787235870097894530e+00,-1.500000000000000000e+00,-0.000000000000000000e+00
-3.230759738486073118e-01,1.497524555602399721e-01,1.630907521833995233e-01,1.500000000000000000e+00,0.000000000000000000e+00,0.000000000000000000e+00,5.000000000000000278e-02,4.846139607729109677e-01,4.614101191149487247e-01,-1.500000000000000000e+00,0.000000000000000000e+00
-1.504861130262108437e+00,2.877972875151781018e+00,6.367141063317164340e-01,1.500000000000000000e+00,0.000000000000000000e+00,0.000000000000000000e+00,5.000000000000000278e-02,2.257291695393162545e+00,2.344021066326632319e+00,-1.500000000000000000e+00,0.000000000000000000e+00
-2.238131850530193923e+00,3.005109916965421624e-01,4.905880670716938896e-01,1.500000000000000000e+00,0.000000000000000000e+00,0.000000000000000000e+00,5.000000000000000278e-02,3.357197775795290884e+00,3.182468147416864568e+00,-1.500000000000000000e+00,0.000000000000000000e+00
-1.273351221558477686e+00,8.969716300183915303e-01,6.956680569939915904e-01,1.500000000000000000e+00,0.000000000000000000e+00,0.000000000000000000e+00,5.000000000000000278e-02,1.910026832337716529e+00,1.799392247460635863e+00,-1.500000000000000000e+00,0.000000000000000000e+00
-8.334288052242309064e-01,1.610352727424466446e+00,2.705589743994778473e-01,1.500000000000000000e+00,0.000000000000000000e+00,0.000000000000000000e+00,5.000000000000000278e-02,1.250143207836346360e+00,1.345714315193462518e+00,-1.500000000000000000e+00,0.000000000000000000e+00
9.196005536742246633e-01,1.681842325759405288e+00,4.128815116381493455e-01,1.500000000000000000e+00,0.000000000000000000e+00,0.000000000000000000e+00,5.000000000000000278e-02,-1.379400830511336995e+00,-1.395740181175174621e+00,-1.500000000000000000e+00,-0.000000000000000000e+00
-2.530183442014170225e+00,2.833978282867551712e+00,7.527766085408513774e-01,1.500000000000000000e+00,0.000000000000000000e+00,0.000000000000000000e+00,5.000000000000000278e-02,3.795275163021255338e+00,3.751636638536012480e+00,-1.500000000000000000e+00,0.000000000000000000e+00
1.515484158766709832e+00,1.934271102517595819e+00,7.479456929589743952e-01,1.500000000000000000e+00,0.000000000000000000e+00,0.000000000000000000e+00,5.000000000000000278e-02,-2.273226238150064749e+00,-2.426108103276025219e+00,-1.500000000000000000e+00,-0.000000000000000000e+00
-2.230924792312265481e+00,6.394095594528828030e-01,7.391056402285681726e-01,1.500000000000000000e+00,0.000000000000000000e+00,0.000000000000000000e+00,5.000000000000000278e-02,3.346387188468398222e+00,3.252360150346270906e+00,-1.500000000000000000e+00,0.000000000000000000e+00
-1.405236701645062203e+00,5.332919167344309930e-01,8.855054945731621885e-02,1.500000000000000000e+00,0.000000000000000000e+00,0.000000000000000000e+00,5.000000000000000278e-02,2.107855052467593193e+00,2.259349616104104008e+00,-1.500000000000000000e+00,0.000000000000000000e+00
-2.967910849097745718e-01,1.191140990582456816e+00,9.867562183439283485e-01,1.500000000000000000e+00,0.000000000000000000e+00,0.000000000000000000e+00,5.000000000000000278e-02,4.451866273646618577e-01,4.685540546137663687e-01,-1.500000000000000000e+00,0.000000000000000000e+00
-2.711427657726359630e+00,2.217653926979741286e-01,4.720283535860848589e-01,1.500000000000000000e+00,0.000000000000000000e+00,0.000000000000000000e+00,5.000000000000000278e-02,4.067141486589539667e+00,4.052618732943570556e+00,-1.500000000000000000e+00,0.000000000000000000e+00
-9.473592944442854602e-01,2.960193431968697997e+00,3.859594609891152661e-01,1.500000000000000000e+00,0.000000000000000000e+00,0.000000000000000000e+00,5.000000000000000278e-02,1.421038941666428190e+00,1.282854164142601894e+00,-1.500000000000000000e+00,0.000000000000000000e+00
2.698901632208563051e+00,2.598242272084740456e+00,3.781877733943703745e-01,1.500000000000000000e+00,0.000000000000000000e+00,0.000000000000000000e+00,5.000000000000000278e-02,-4.048352448312844132e+00,-3.890545679347627850e+00,-1.500000000000000000e+00,-0.000000000000000000e+00
2.699142220902573719e+00,2.531222589038122806e+00,6.397770160631264247e-01,1.500000000000000000e+00,0.000000000000000000e+00,0.000000000000000000e+00,5.000000000000000278e-02,-4.048713331353861022e+00,-3.970819431476407591e+00,-1.500000000000000000e+00,-0.000000000000000000e+00
1.845068103483257005e+00,5.885646227019780685e-02,8.270314163753985648e-01,1.500000000000000000e+00,0.000000000000000000e+00,0.000000000000000000e+00,5.000000000000000278e-02,-2.767602155224885507e+00,-2.611762926133642360e+00,-1.500000000000000000e+00,-0.000000000000000000e+00
-1.207761891670293020e+00,2.526080008225276785e+00,3.618697212213739522e-02,1.500000000000000000e+00,0.000000000000000000e+00,0.000000000000000000e+00,5.000000000000000278e-02,1.811642837505439640e+00,1.767573664503736097e+00,-1.500000000000000000e+00,0.000000000000000000e+00
2.178436188500278980e-01,5.026418343687201196e-01,7.397777145617100425e-01,1.500000000000000000e+00,0.000000000000000000e+00,0.000000000000000000e+00,5.000000000000000278e-02,-3.267654282750418471e-01,-3.018772255780489688e-01,-1.500000000000000000e+00,-0.000000000000000000e+00
1.889021791018303809e+00,6.175043379438400759e-01,5.949340365438019473e-01,1.500000000000000000e+00,0.000000000000000000e+00,0.000000000000000000e+00,5.000000000000000278e-02,-2.833532686527455713e+00,-2.925556666146987617e+00,-1.500000000000000000e+00,-0.000000000000000000e+00
-2.996355723491384460e+00,2.875600298594020998e+00,3.701481027784233602e-01,1.500000000000000000e+00,0.000000000000000000e+00,0.000000000000000000e+00,5.000000000000000278e-02,4.494533585237077133e+00,4.151347977134852485e+00,-1.500000000000000000e+00,0.000000000000000000e+00
-4.950371190920233033e-01,1.055346750252504906e+00,3.156440506125833823e-01,1.500000000000000000e+00,0.000000000000000000e+00,0.000000000000000000e+00,5.000000000000000278e-02,7.425556786380349550e-01,6.429691528519615451e-01,-1.500000000000000000e+00,0.000000000000000000e+00
1.760939534645875604e-01,2.038537042736016325e+00,4.168724248256816534e-02,1.500000000000000000e+00,0.000000000000000000e+00,0.000000000000000000e+00,5.000000000000000278e-02,-2.641409301968813406e-01,-2.304120638041665114e-01,-1.500000000000000000e+00,-0.000000000000000000e+00
7.459442862723730805e-01,7.761181076981367166e-01,9.093691492441074997e-01,1.500000000000000000e+00,0.000000000000000000e+00,0.000000000000000000e+00,5.000000000000000278e-02,-1.118916429408559621e+00,-1.142241267824346096e+00,-1.500000000000000000e+00,-0.000000000000000000e+00
-1.577181313066122526e+00,7.983129871321057447e-01,4.654967971898831269e-01,1.500000000000000000e+00,0.000000000000000000e+00,0.000000000000000000e+00,5.000000000000000278e-02,2.365771969599183677e+00,2.347411919633155097e+00,-1.500000000000000000e+00,0.000000000000000000e+00
-9.694259880832971632e-01,2.467536961708420851e+00,7.550825106880098003e-01,1.500000000000000000e+00,0.000000000000000000e+00,0.000000000000000000e+00,5.000000000000000278e-02,1.454138982124945745e+00,1.330181340548714619e+00,-1.500000000000000000e+00,0.000000000000000000e+00
2.981384602103654302e+00,2.800331678823741122e+00,6.620893536100058707e-02,1.500000000000000000e+00,0.000000000000000000e+00,0.000000000000000000e+00,5.000000000000000278e-02,-4.472076903155481453e+00,-4.107257325082963817e+00,-1.500000000000000000e+00,-0.000000000000000000e+00
-2.522850443582871360e+00,1.352954359712899457e+00,6.085889899886955945e-01,1.500000000000000000e+00,0.000000000000000000e+00,0.000000000000000000e+00,5.000000000000000278e-02,3.784275665374306818e+00,3.660625610054565993e+00,-1.500000000000000000e+00,0.000000000000000000e+00
1.938610592119665910e+00,1.863963080446428222e+00,2.211398226514339482e-01,1.500000000000000000e+00,0.000000000000000000e+00,0.000000000000000000e+00,5.000000000000000278e-02,-2.907915888179498864e+00,-3.181999162879052712e+00,-1.500000000000000000e+00,-0.000000000000000000e+00
5.019715362122250113e-01,8.575432372504021572e-05,8.168145636319702474e-01,1.500000000000000000e+00,0.000000000000000000e+00,0.000000000000000000e+00,5.000000000000000278e-02,-7.529573043183375169e-01,-8.245227667660806059e-01,-1.500000000000000000e+00,-0.000000000000000000e+00
2.935086214151008122e+00,4.251264913151753255e-03,7.547311198973820634e-01,1.500000000000000000e+00,0.000000000000000000e+00,0.000000000000000000e+00,5.000000000000000278e-02,-4.402629321226512182e+00,-4.554760097118657924e+00,-1.500000000000000000e+00,-0.000000000000000000e+00
4.870838700414328315e-01,2.377003011813230593e+00,8.367531561743091206e-01,1.500000000000000000e+00,0.000000000000000000e+00,0.000000000000000000e+00,5.000000000000000278e-02,-7.306258050621492472e-01,-6.855244367483062096e-01,-1.500000000000000000e+00,-0.000000000000000000e+00
-5.942858925105021228e-01,2.559959729002960760e-01,2.114815994747888395e-01,1.500000000000000000e+00,0.000000000000000000e+00,0.000000000000000000e+00,5.000000000000000278e-02,8.914288387657531842e-01,9.101296563698805242e-01,-1.500000000000000000e+00,0.000000000000000000e+00
2.779573421852577830e+00,2.804383468095061893e+00,7.013766056469741272e-01,1.500000000000000000e+00,0.000000000000000000e+00,0.000000000000000000e+00,5.000000000000000278e-02,-4.169360132778866301e+00,-4.081326515684271072e+00,-1.500000000000000000e+00,-0.000000000000000000e+00
6.004646491765539551e-01,2.648060662907286478e+00,2.067686532928623144e-01,1.500000000000000000e+00,0.000000000000000000e+00,0.000000000000000000e+00,5.000000000000000278e-02,-9.006969737648309327e-01,-9.396412147391520753e-01,-1.500000000000000000e+00,-0.000000000000000000e+00
5.724566664797849924e-01,2.413575014720977574e+00,9.195904918858277544e-01,1.500000000000000000e+00,0.000000000000000000e+00,0.000000000000000000e+00,5.000000000000000278e-02,-8.586849997196774886e-01,-8.202436542362896432e-01,-1.500000000000000000e+00,-0.000000000000000000e+00
1.975664741188980500e+00,2.786142980115340784e+00,3.484857677759415351e-01,1.500000000000000000e+00,0.000000000000000000e+00,0.000000000000000000e+00,5.000000000000000278e-02,-2.963497111783470750e+00,-2.979985197597530888e+00,-1.500000000000000000e+00,-0.000000000000000000e+00
-9.275013923600150534e-01,2.144617379986919481e+00,2.208448520955094141e-01,1.500000000000000000e+00,0.000000000000000000e+00,0.000000000000000000e+00,5.000000000000000278e-02,1.391252088540022580e+00,1.459675134828913867e+00,-1.500000000000000000e+00,0.000000000000000000e+00
5.951041854535610298e-01,9.869338834940254435e-01,5.520039916616906739e-01,1.500000000000000000e+00,0.000000000000000000e+00,0.000000000000000000e+00,5.000000000000000278e-02,-8.926562781803415447e-01,-9.369397874075199306e-01,-1.500000000000000000e+00,-0.000000000000000000e+00
1.727359462727395822e+00,1.093092292488274664e-01,6.731405664658736132e-01,1.500000000000000000e+00,0.000000000000000000e+00,0.000000000000000000e+00,5.000000000000000278e-02,-2.591039194091093734e+00,-2.684487748706975818e+00,-1.500000000000000000e+00,-0.000000000000000000e+00
-1.687180302599258219e+00,2.256656111617260763e+00,7.811723295651723520e-01,1.500000000000000000e+00,0.000000000000000000e+00,0.000000000000000000e+00,5.000000000000000278e-02,2.530770453898887329e+00,2.409172944016932050e+00,-1.500000000000000000e+00,0.000000000000000000e+00
-1.531771553722242496e+00,1.933290978688317896e-02,7.850076269138295260e-01,1.500000000000000000e+00,0.000000000000000000e+00,0.000000000000000000e+00,5.000000000000000278e-02,2.297657330583363855e+00,2.213790147350248816e+00,-1.500000000000000000e+00,0.000000000000000000e+00
1.519079428807192933e+00,2.875874772443099303e+00,5.971903753192031594e-01,1.500000000000000000e+00,0.000000000000000000e+00,0.000000000000000000e+00,5.000000000000000278e-02,-2.278619143210789399e+00,-2.385251915656426913e+00,-1.500000000000000000e+00,-0.000000000000000000e+00
2.122011159437695582e+00,8.699109542349222624e-01,2.836661970800810062e-01,1.500000000000000000e+00,0.000000000000000000e+00,0.000000000000000000e+00,5.000000000000000278e-02,-3.183016739156543373e+00,-3.113585847756374925e+00,-1.500000000000000000e+00,-0.000000000000000000e+00
1.219636121281646446e+00,1.207589658412549394e+00,6.521422887160478465e-01,1.500000000000000000e+00,0.000000000000000000e+00,0.000000000000000000e+00,5.000000000000000278e-02,-1.829454181922469669e+00,-1.878342925764100446e+00,-1.500000000000000000e+00,-0.000000000000000000e+00
8.438123888535198347e-01,6.469198139890408594e-01,3.083445269867856053e-01,1.500000000000000000e+00,0.000000000000000000e+00,0.000000000000000000e+00,5.000000000000000278e-02,-1.265718583280279752e+00,-1.370698637825508381e+00,-1.500000000000000000e+00,-0.000000000000000000e+00
-2.190413636881507919e+00,2.370599223159681301e+00,4.075226504453888232e-01,1.500000000000000000e+00,0.000000000000000000e+00,0.000000000000000000e+00,5.000000000000000278e-02,3.285620455322261879e+00,3.195242470751021191e+00,-1.500000000000000000e+00,0.000000000000000000e+00
2.077221933659011199e+00,2.857922161764221869e+00,1.341061095948707926e-01,1.500000000000000000e+00,0.000000000000000000e+00,0.000000000000000000e+00,5.000000000000000278e-02,-3.115832900488516799e+00,-3.238402019306231949e+00,-1.500000000000000000e+00,-0.000000000000000000e+00
2.898137261332627723e+00,2.852731458006445564e+00,8.640529490399487811e-01,1.500000000000000000e+00,0.000000000000000000e+00,0.000000000000000000e+00,5.000000000000000278e-02,-4.347205891998941141e+00,-4.739683528949122149e+00,-1.500000000000000000e+00,-0.000000000000000000e+00
2.302748683651945072e+00,1.909530278400693781e+00,9.207094044477602823e-01,1.500000000000000000e+00,0.000000000000000000e+00,0.000000000000000000e+00,5.000000000000000278e-02,-3.454123025477917608e+00,-3.442056193925508101e+00,-1.500000000000000000e+00,-0.000000000000000000e+00
1.641987087733971507e-01,1.448236114571804123e+00,5.825812941409360679e-01,1.500000000000000000e+00,0.000000000000000000e+00,0.000000000000000000e+00,5.000000000000000278e-02,-2.462980631600957260e-01,-2.435558243764935071e-01,-1.500000000000000000e+00,-0.000000000000000000e+00
-2.242841273977313143e+00,2.534935036255249408e+00,2.642430416892027623e-01,1.500000000000000000e+00,0.000000000000000000e+00,0.000000000000000000e+00,5.000000000000000278e-02,3.364261910965969715e+00,3.344262843831188992e+00,-1.500000000000000000e+00,0.000000000000000000e+00
-3.309066727498115590e-01,1.592490678745603905e+00,8.028451106547905836e-01,1.500000000000000000e+00,0.000000000000000000e+00,0.000000000000000000e+00,5.000000000000000278e-02,4.963600091247173385e-01,5.661016736867975352e-01,-1.500000000000000000e+00,0.000000000000000000e+00
2.494745294244434142e+00,2.646543424400056743e+00,9.578197425254899589e-01,1.500000000000000000e+00,0.000000000000000000e+00,0.000000000000000000e+00,5.000000000000000278e-02,-3.742117941366651213e+00,-4.049333448275626246e+00,-1.500000000000000000e+00,-0.000000000000000000e+00
1.051552050146867145e+00,1.853362408191183253e+00,5.936497964694322782e-01,1.500000000000000000e+00,0.000000000000000000e+00,0.000000000000000000e+00,5.000000000000000278e-02,-1.577328075220300718e+00,-1.533580266785437463e+00,-1.500000000000000000e+00,-0.000000000000000000e+00
-2.079122159436193051e+00,2.555999463758244161e+00,7.248773287047562963e-01,1.500000000000000000e+00,0.000000000000000000e+00,0.000000000000000000e+00,5.000000000000000278e-02,3.118683239154289577e+00,3.146339608985656344e+00,-1.500000000000000000e+00,0.000000000000000000e+00
2.704961825067889514e+00,2.468811363535317049e+00,8.878396141549245169e-01,1.500000000000000000e+00,0.000000000000000000e+00,0.000000000000000000e+00,5.000000000000000278e-02,-4.057442737601833826e+00,-4.278236371625690815e+00,-1.500000000000000000e+00,-0.000000000000000000e+00
9.333948513319709761e-01,1.200957192842632804e+00,1.666114076410496470e-01,1.500000000000000000e+00,0.000000000000000000e+00,0.000000000000000000e+00,5.000000000000000278e-02,-1.400092276997956464e+00,-1.315007805127117013e+00,-1.500000000000000000e+00,-0.000000000000000000e+00
1.572656710918078460e+00,4.208671994543703443e-01,8.004650421820652673e-01,1.500000000000000000e+00,0.000000000000000000e+00,0.000000000000000000e+00,5.000000000000000278e-02,-2.358985066377117690e+00,-2.510986722172776187e+00,-1.500000000000000000e+00,-0.000000000000000000e+00
-2.349885851660278746e+00,1.399550106289773721e+00,1.270632931475641492e-01,1.500000000000000000e+00,0.000000000000000000e+00,0.000000000000000000e+00,5.000000000000000278e-02,3.524828777490418119e+00,3.540004825053491455e+00,-1.500000000000000000e+00,0.000000000000000000e+00
6.264788143146908794e-01,1.735654207139369909e-01,6.207527254193071498e-01,1.500000000000000000e+00,0.000000000000000000e+00,0.000000000000000000e+00,5.000000000000000278e-02,-9.397182214720363191e-01,-9.142127141772498078e-01,-1.500000000000000000e+00,-0.000000000000000000e+00
1.750022403454316589e+00,1.367169566837922456e+00,9.546293009787797379e-01,1.500000000000000000e+00,0.000000000000000000e+00,0.000000000000000000e+00,5.000000000000000278e-02,-2.625033605181474883e+00,-2.682418429403572890e+00,-1.500000000000000000e+00,-0.000000000000000000e+00
-2.032740860137574934e+00,1.413281048991993583e+00,4.366640956716443256e-01,1.500000000000000000e+00,0.000000000000000000e+00,0.000000000000000000e+00,5.000000000000000278e-02,3.049111290206362401e+00,2.930610534558506064e+00,-1.500000000000000000e+00,0.000000000000000000e+00
-1.346189323733091081e+00,2.712077732391906082e+00,7.315916313790800096e-01,1.500000000000000000e+00,0.000000000000000000e+00,0.000000000000000000e+00,5.000000000000000278e-02,2.019283985599636733e+00,2.102911073611047232e+00,-1.500000000000000000e+00,0.000000000000000000e+00
2.217068693541444091e+00,1.848735524602437286e+00,2.428694540894649201e-01,1.500000000000000000e+00,0.000000000000000000e+00,0.000000000000000000e+00,5.000000000000000278e-02,-3.325603040312166137e+00,-3.144850914609317538e+00,-1.500000000000000000e+00,-0.000000000000000000e+00
1.900231871019442131e-01,1.506270743322125405e+00,1.607953786102184202e-01,1.500000000000000000e+00,0.000000000000000000e+00,0.000000000000000000e+00,5.000000000000000278e-02,-2.850347806529163197e-01,-3.149476457535384522e-01,-1.500000000000000000e+00,-0.000000000000000000e+00
1.670178055153648700e+00,1.348500526195964611e+00,2.263136909131535646e-01,1.500000000000000000e+00,0.000000000000000000e+00,0.000000000000000000e+00,5.000000000000000278e-02,-2.505267082730473049e+00,-2.350619273042210189e+00,-1.500000000000000000e+00,-0.000000000000000000e+00
1.624315040474973770e+00,2.735083522945226164e+00,3.784717736065135174e-02,1.500000000000000000e+00,0.000000000000000000e+00,0.000000000000000000e+00,5.000000000000000278e-02,-2.436472560712460655e+00,-2.405787856909888056e+00,-1.500000000000000000e+00,-0.000000000000000000e+00
1.530586306435006705e-01,2.168298238434662739e-02,2.856646027150935296e-01,1.500000000000000000e+00,0.000000000000000000e+00,0.000000000000000000e+00,5.000000000000000278e-02,-2.295879459652510057e-01,-2.928132277554914009e-01,-1.500000000000000000e+00,-0.000000000000000000e+00
-4.560925445627876940e-01,2.535505810352761014e+00,8.181918024099555931e-01,1.500000000000000000e+00,0.000000000000000000e+00,0.000000000000000000e+00,5.000000000000000278e-02,6.841388168441815409e-01,7.203890141264277513e-01,-1.500000000000000000e+00,0.000000000000000000e+00
1.441637253277710862e+00,1.451446896371785922e+00,8.713328820838217581e-02,1.500000000000000000e+00,0.000000000000000000e+00,0.000000000000000000e+00,5.000000000000000278e-02,-2.162455879916566293e+00,-2.182204209026807895e+00,-1.500000000000000000e+00,-0.000000000000000000e+00
-7.423934263549938350e-01,1.445962904549937367e+00,6.925944828882285575e-01,1.500000000000000000e+00,0.000000000000000000e+00,0.000000000000000000e+00,5.000000000000000278e-02,1.113590139532490753e+00,1.084975177831223547e+00,-1.500000000000000000e+00,0.000000000000000000e+00
1.050136940832180343e+00,7.739953297045489844e-01,5.830412516778773480e-01,1.500000000000000000e+00,0.000000000000000000e+00,0.000000000000000000e+00,5.000000000000000278e-02,-1.575205411248270515e+00,-1.549520542930542977e+00,-1.500000000000000000e+00,-0.000000000000000000e+00
-2.449123673530940959e+00,1.417222113236110914e+00,1.919871711749951970e-01,1.500000000000000000e+00,0.000000000000000000e+00,0.000000000000000000e+00,5.000000000000000278e-02,3.673685510296411216e+00,3.729750964237809718e+00,-1.500000000000000000e+00,0.000000000000000000e+00
1.468402464107258609e+00,2.596701865203210335e-01,3.849078014775255685e-01,1.500000000000000000e+00,0.000000000000000000e+00,0.000000000000000000e+00,5.000000000000000278e-02,-2.202603696160887914e+00,-2.295717220479186693e+00,-1.500000000000000000e+00,-0.000000000000000000e+00
1.591648603784156180e+00,2.594687656801281328e+00,8.872972956205332773e-01,1.500000000000000000e+00,0.000000000000000000e+00,0.000000000000000000e+00,5.000000000000000278e-02,-2.387472905676234269e+00,-2.461341996314716507e+00,-1.500000000000000000e+00,-0.000000000000000000e+00
1.984361354065988792e+00,1.937280058999300003e+00,4.050284048068338860e-01,1.500000000000000000e+00,0.000000000000000000e+00,0.000000000000000000e+00,5.000000000000000278e-02,-2.976542031098983188e+00,-2.888794146009283637e+00,-1.500000000000000000e+00,-0.000000000000000000e+00
2.149481716428258693e-02,2.900340121253017767e+00,7.064011204646880593e-01,1.500000000000000000e+00,0.000000000000000000e+00,0.000000000000000000e+00,5.000000000000000278e-02,-3.224222574642388039e-02,2.592871262302523516e-03,-1.500000000000000000e+00,-0.000000000000000000e+00
1.905649078868806967e+00,2.272469274507435077e+00,7.952716805519597365e-01,1.500000000000000000e+00,0.000000000000000000e+00,0.000000000000000000e+00,5.000000000000000278e-02,-2.858473618303210451e+00,-2.612730458010435797e+00,-1.500000000000000000e+00,-0.000000000000000000e+00
-1.673812472372437687e+00,8.557817083419351212e-01,8.303489614140727726e-01,1.500000000000000000e+00,0.000000000000000000e+00,0.000000000000000000e+00,5.000000000000000278e-02,2.510718708558656420e+00,2.498996661146834164e+00,-1.500000000000000000e+00,0.000000000000000000e+00
-2.889755082012728238e+00,4.467434689757896482e-01,5.215701699102383015e-01,1.500000000000000000e+00,0.000000000000000000e+00,0.000000000000000000e+00,5.000000000000000278e-02,4.334632623019092357e+00,4.359214517081331230e+00,-1.500000000000000000e+00,0.000000000000000000e+00
2.324099946394587946e+00,2.889420241608322559e+00,4.127438545713728590e-01,1.500000000000000000e+00,0.000000000000000000e+00,0.000000000000000000e+00,5.000000000000000278e-02,-3.486149919591881918e+00,-3.632763906962573675e+00,-1.500000000000000000e+00,-0.000000000000000000e+00
-2.224486086936044771e+00,2.143776845902156669e+00,2.622875836510781822e-01,1.500000000000000000e+00,0.000000000000000000e+00,0.000000000000000000e+00,5.000000000000000278e-02,3.336729130404067156e+00,3.662778767215989717e+00,-1.500000000000000000e+00,0.000000000000000000e+00
-1.623397614414262780e+00,1.152967728373326839e+00,3.956113594190771021e-01,1.500000000000000000e+00,0.000000000000000000e+00,0.000000000000000000e+00,5.000000000000000278e-02,2.435096421621394391e+00,2.460792454055204637e+00,-1.500000000000000000e+00,0.000000000000000000e+00
-1.325826312840269861e+00,2.681321339909748414e+00,1.327861945964925461e-01,1.500000000000000000e+00,0.000000000000000000e+00,0.000000000000000000e+00,5.000000000000000278e-02,1.988739469260404791e+00,2.031526103120857574e+00,-1.500000000000000000e+00,0.000000000000000000e+00
-2.861958908490575659e+00,8.289038247083346800e-01,4.496691675085396911e-01,1.500000000000000000e+00,0.000000000000000000e+00,0.000000000000000000e+00,5.000000000000000278e-02,4.292938362735863933e+00,4.565318115519560571e+00,-1.500000000000000000e+00,0.000000000000000000e+00
-1.586980747269012282e+00,6.935146107917583569e-01,9.002428778504878437e-01,1.500000000000000000e+00,0.000000000000000000e+00,0.000000000000000000e+00,5.000000000000000278e-02,2.380471120903518312e+00,2.464790021383378882e+00,-1.500000000000000000e+00,0.000000000000000000e+00
-5.825441499415608959e-01,5.846512413720194035e-01,7.203122473551984983e-01,1.500000000000000000e+00,0.000000000000000000e+00,0.000000000000000000e+00,5.000000000000000278e-02,8.738162249123413439e-01,8.337647056388075573e-01,-1.500000000000000000e+00,0.000000000000000000e+00
-1.983943124411441827e+00,1.735341700605952386e+00,9.417808746964621003e-01,1.500000000000000000e+00,0.000000000000000000e+00,0.000000000000000000e+00,5.000000000000000278e-02,2.975914686617162630e+00,2.923744385079905861e+00,-1.500000000000000000e+00,0.000000000000000000e+00
2.523554306865809060e+00,2.739883739258995643e+00,5.358999805218618295e-01,1.500000000000000000e+00,0.000000000000000000e+00,0.000000000000000000e+00,5.000000000000000278e-02,-3.785331460298713591e+00,-3.570991409524233884e+00,-1.500000000000000000e+00,-0.000000000000000000e+00
-2.661227779798827964e+00,1.044612174271365879e+00,3.445813396728003575e-02,1.500000000000000000e+00,0.000000000000000000e+00,0.000000000000000000e+00,5.000000000000000278e-02,3.991841669698241724e+00,4.052999357051700891e+00,-1.500000000000000000e+00,0.000000000000000000e+00
-1.257875125044921605e+00,4.846275756700882953e-01,3.861602681588477415e-01,1.500000000000000000e+00,0.000000000000000000e+00,0.000000000000000000e+00,5.000000000000000278e-02,1.886812687567382518e+00,1.836966151443768513e+00,-1.500000000000000000e+00,0.000000000000000000e+00
-1.713734444509134702e+00,2.724714230605176368e+00,9.075367106207594681e-01,1.500000000000000000e+00,0.000000000000000000e+00,0.000000000000000000e+00,5.000000000000000278e-02,2.570601666763701942e+00,2.537661720797322662e+00,-1.500000000000000000e+00,0.000000000000000000e+00
2.192008011955470792e-01,2.615509304003773128e+00,7.137990891447438813e-01,1.500000000000000000e+00,0.000000000000000000e+00,0.000000000000000000e+00,5.000000000000000278e-02,-3.288012017933206188e-01,-2.761082666167243849e-01,-1.500000000000000000e+00,-0.000000000000000000e+00
-2.515086930992580516e+00,1.098598916867715714e+00,2.308614208294249570e-01,1.500000000000000000e+00,0.000000000000000000e+00,0.000000000000000000e+00,5.000000000000000278e-02,3.772630396488870552e+00,3.539389715590473884e+00,-1.500000000000000000e+00,0.000000000000000000e+00
2.514206632303817024e-01,1.376225493596309413e+00,9.804444436406656305e-01,1.500000000000000000e+00,0.000000000000000000e+00,0.000000000000000000e+00,5.000000000000000278e-02,-3.771309948455725536e-01,-3.861352907932170675e-01,-1.500000000000000000e+00,-0.000000000000000000e+00
-2.010349164172652081e+00,6.595266233711106763e-01,5.707588921413464522e-01,1.500000000000000000e+00,0.000000000000000000e+00,0.000000000000000000e+00,5.000000000000000278e-02,3.015523746258978122e+00,3.182594027027059624e+00,-1.500000000000000000e+00,0.000000000000000000e+00
1.532904347313651883e+00,1.246440474620947425e+00,3.581836739311479167e-01,1.500000000000000000e+00,0.000000000000000000e+00,0.000000000000000000e+00,5.000000000000000278e-02,-2.299356520970477824e+00,-2.181686443915703766e+00,-1.500000000000000000e+00,-0.000000000000000000e+00
-6.881745917251320677e-01,1.623051091348750585e+00,2.384655890043019255e-01,1.500000000000000000e+00,0.000000000000000000e+00,0.000000000000000000e+00,5.000000000000000278e-02,1.032261887587698101e+00,9.769546646345939056e-01,-1.500000000000000000e+00,0.000000000000000000e+00
-7.774548263940008752e-01,1.522903071050802470e+00,1.004091254199857008e-01,1.500000000000000000e+00,0.000000000000000000e+00,0.000000000000000000e+00,5.000000000000000278e-02,1.166182239591001313e+00,1.157948494954958552e+00,-1.500000000000000000e+00,0.000000000000000000e+00
2.148186687718234289e+00,2.746712164485331620e+00,8.060671895612072646e-01,1.500000000000000000e+00,0.000000000000000000e+00,0.000000000000000000e+00,5.000000000000000278e-02,-3.222280031577351433e+00,-3.167920502994760579e+00,-1.500000000000000000e+00,-0.000000000000000000e+00
-2.021086973696728961e+00,7.926779396459291416e-01,4.139118338472800307e-01,1.500000000000000000e+00,0.000000000000000000e+00,0.000000000000000000e+00,5.000000000000000278e-02,3.031630460545093442e+00,3.067215497621965437e+00,-1.500000000000000000e+00,0.000000000000000000e+00
8.834257783974130973e-02,2.809680023221744705e+00,5.359206914172901515e-01,1.500000000000000000e+00,0.000000000000000000e+00,0.000000000000000000e+00,5.000000000000000278e-02,-1.325138667596119646e-01,-1.455576046794402334e-01,-1.500000000000000000e+00,-0.000000000000000000e+00
1.372614566019357163e+00,2.010517060116898236e+00,3.046815247656660119e-01,1.500000000000000000e+00,0.000000000000000000e+00,0.000000000000000000e+00,5.000000000000000278e-02,-2.058921849029035744e+00,-2.121072536233258976e+00,-1.500000000000000000e+00,-0.000000000000000000e+00
-8.618687699914984179e-02,2.948818417029711370e+00,3.547009549260171646e-02,1.500000000000000000e+00,0.000000000000000000e+00,0.000000000000000000e+00,5.000000000000000278e-02,1.292803154987247627e-01,1.143270827668950856e-01,-1.500000000000000000e+00,0.000000000000000000e+00
2.972510236180783139e+00,2.836306482268354578e+00,7.890896634552384548e-01,1.500000000000000000e+00,0.000000000000000000e+00,0.000000000000000000e+00,5.000000000000000278e-02,-4.458765354271174708e+00,-4.431053788857268749e+00,-1.500000000000000000e+00,-0.000000000000000000e+00
2.973661110637074501e+00,2.697236744021366484e+00,4.747209795883650107e-01,1.500000000000000000e+00,0.000000000000000000e+00,0.000000000000000000e+00,5.000000000000000278e-02,-4.460491665955611751e+00,-4.460948734244690961e+00,-1.500000000000000000e+00,-0.000000000000000000e+00
-2.521164272567358644e+00,3.383102239529542921e-01,6.047002489463630948e-01,1.500000000000000000e+00,0.000000000000000000e+00,0.000000000000000000e+00,5.000000000000000278e-02,3.781746408851037966e+00,4.093903359443657131e+00,-1.500000000000000000e+00,0.000000000000000000e+00
2.680465746700555485e+00,2.938178655448479226e+00,9.485303998327687669e-01,1.500000000000000000e+00,0.000000000000000000e+00,0.000000000000000000e+00,5.000000000000000278e-02,-4.020698620050833227e+00,-3.950206739448157922e+00,-1.500000000000000000e+00,-0.000000000000000000e+00
2.338851253004171404e+00,2.604222564433350318e+00,3.151278708348104196e-01,1.500000000000000000e+00,0.000000000000000000e+00,0.000000000000000000e+00,5.000000000000000278e-02,-3.508276879506257107e+00,-3.380634364689353966e+00,-1.500000000000000000e+00,-0.000000000000000000e+00
-2.354219662094345189e+00,7.887270484702213480e-01,2.214793371939423050e-01,1.500000000000000000e+00,0.000000000000000000e+00,0.000000000000000000e+00,5.000000000000000278e-02,3.531329493141517784e+00,3.636698163909175108e+00,-1.500000000000000000e+00,0.000000000000000000e+00
1.536727336524605469e+00,2.131167902771954337e-01,1.254032822021085014e-01,1.500000000000000000e+00,0.000000000000000000e+00,0.000000000000000000e+00,5.000000000000000278e-02,-2.305091004786908204e+00,-2.343240906136573098e+00,-1.500000000000000000e+00,-0.000000000000000000e+00
-9.813840990141855514e-01,1.243610485379539554e+00,9.180082598602776756e-01,1.500000000000000000e+00,0.000000000000000000e+00,0.000000000000000000e+00,5.000000000000000278e-02,1.472076148521278327e+00,1.533983993918026645e+00,-1.500000000000000000e+00,0.000000000000000000e+00
-1.426741936993208837e+00,2.340711759229096245e+00,1.176463254103142786e-01,1.500000000000000000e+00,0.000000000000000000e+00,0.000000000000000000e+00,5.000000000000000278e-02,2.140112905489813144e+00,2.076999066497058344e+00,-1.500000000000000000e+00,0.000000000000000000e+00
1.757055053177563053e-01,8.323340900337471426e-01,9.065276823006801488e-01,1.500000000000000000e+00,0.000000000000000000e+00,0.000000000000000000e+00,5.000000000000000278e-02,-2.635582579766344580e-01,-2.114211218023513972e-01,-1.500000000000000000e+00,-0.000000000000000000e+00
-2.515676646866457755e+00,5.725730063531021541e-01,9.067388399055918979e-01,1.500000000000000000e+00,0.000000000000000000e+00,0.000000000000000000e+00,5.000000000000000278e-02,3.773514970299686411e+00,3.895476559040095932e+00,-1.500000000000000000e+00,0.000000000000000000e+00
1.741540233692719930e+00,6.705906192289298184e-01,3.352449583139228695e-01,1.500000000000000000e+00,0.000000000000000000e+00,0.000000000000000000e+00,5.000000000000000278e-02,-2.612310350539079895e+00,-2.680928836448825514e+00,-1.500000000000000000e+00,-0.000000000000000000e+00
2.775938703641307015e+00,1.177093908838046099e+00,6.928337590511060018e-01,1.500000000000000000e+00,0.000000000000000000e+00,0.000000000000000000e+00,5.000000000000000278e-02,-4.163908055461960522e+00,-3.992517542596629720e+00,-1.500000000000000000e+00,-0.000000000000000000e+00
-1.256898462030776820e+00,9.874506003946541544e-01,6.916861733400007095e-01,1.500000000000000000e+00,0.000000000000000000e+00,0.000000000000000000e+00,5.000000000000000278e-02,1.885347693046165229e+00,1.842766402418844374e+00,-1.500000000000000000e+00,0.000000000000000000e+00
2.921252520180912526e+00,2.981885496810803726e+00,8.460974147264244127e-02,1.500000000000000000e+00,0.000000000000000000e+00,0.000000000000000000e+00,5.000000000000000278e-02,-4.381878780271368790e+00,-4.206894162541566118e+00,-1.500000000000000000e+00,-0.000000000000000000e+00
2.641639912641808863e+00,8.364389070470809040e-01,8.491898301247398084e-01,1.500000000000000000e+00,0.000000000000000000e+00,0.000000000000000000e+00,5.000000000000000278e-02,-3.962459868962713294e+00,-4.167797736957726151e+00,-1.500000000000000000e+00,-0.000000000000000000e+00
-3.572836693900409699e-01,5.190366213306074616e-01,1.917420079344048789e-01,1.500000000000000000e+00,0.000000000000000000e+00,0.000000000000000000e+00,5.000000000000000278e-02,5.359255040850614549e-01,5.459790039387620864e-01,-1.500000000000000000e+00,0.000000000000000000e+00
-2.197736277017261486e-01,1.235345449713864285e+00,1.778665521919298165e-03,1.500000000000000000e+00,0.000000000000000000e+00,0.000000000000000000e+00,5.000000000000000278e-02,3.296604415525892229e-01,3.959271041081626752e-01,-1.500000000000000000e+00,0.000000000000000000e+00
8.718523499930794785e-01,2.761709523506346464e+00,7.860124537769801467e-01,1.500000000000000000e+00,0.000000000000000000e+00,0.000000000000000000e+00,5.000000000000000278e-02,-1.307778524989619218e+00,-1.345284590207283859e+00,-1.500000000000000000e+00,-0.000000000000000000e+00
-2.599865067882441316e+00,5.676567970551658071e-01,7.200484837862164422e-02,1.500000000000000000e+00,0.000000000000000000e+00,0.000000000000000000e+00,5.000000000000000278e-02,3.899797601823661974e+00,3.513450917561272924e+00,-1.500000000000000000e+00,0.000000000000000000e+00
-1.747644896650839774e+00,7.097866817096808445e-01,6.831698442304301455e-01,1.500000000000000000e+00,0.000000000000000000e+00,0.000000000000000000e+00,5.000000000000000278e-02,2.621467344976259550e+00,2.514557589893126721e+00,-1.500000000000000000e+00,0.000000000000000000e+00
3.479305739758959959e-01,6.919876417786864353e-01,8.139217457214867890e-01,1.500000000000000000e+00,0.000000000000000000e+00,0.000000000000000000e+00,5.000000000000000278e-02,-5.218958609638439938e-01,-4.979405079647635790e-01,-1.500000000000000000e+00,-0.000000000000000000e+00
-8.465754875993760642e-01,1.784114575683787285e+00,5.162989780098808934e-01,1.500000000000000000e+00,0.000000000000000000e+00,0.000000000000000000e+00,5.000000000000000278e-02,1.269863231399064096e+00,1.262460623076968158e+00,-1.500000000000000000e+00,0.000000000000000000e+00
5.391222397844686043e-02,6.761194595920472228e-01,2.382248225894245675e-02,1.500000000000000000e+00,0.000000000000000000e+00,0.000000000000000000e+00,5.000000000000000278e-02,-8.086833596767029064e-02,-1.619904442889999463e-01,-1.500000000000000000e+00,-0.000000000000000000e+00
-1.959425923481313614e+00,2.073337436539350431e+00,3.607397213957778126e-01,1.500000000000000000e+00,0.000000000000000000e+00,0.000000000000000000e+00,5.000000000000000278e-02,2.939138885221970199e+00,2.855925198288082445e+00,-1.500000000000000000e+00,0.000000000000000000e+00
2.726772282896882338e+00,2.015885124508017157e+00,8.488709053092124979e-01,1.500000000000000000e+00,0.000000000000000000e+00,0.000000000000000000e+00,5.000000000000000278e-02,-4.090158424345323951e+00,-4.194901253011613207e+00,-1.500000000000000000e+00,-0.000000000000000000e+00
-4.113697078877214253e-01,5.424540542208868832e-01,7.006117317894158258e-01,1.500000000000000000e+00,0.000000000000000000e+00,0.000000000000000000e+00,5.000000000000000278e-02,6.170545618315821379e-01,5.147246815325061675e-01,-1.500000000000000000e+00,0.000000000000000000e+00
-1.563568803584398870e+00,1.105388370607580439e+00,8.082671338094199465e-01,1.500000000000000000e+00,0.000000000000000000e+00,0.000000000000000000e+00,5.000000000000000278e-02,2.345353205376598194e+00,2.288021206639577976e+00,-1.500000000000000000e+00,0.000000000000000000e+00
-2.729842401501259452e+00,2.972533726972978574e+00,3.411970532628874064e-01,1.500000000000000000e+00,0.000000000000000000e+00,0.000000000000000000e+00,5.000000000000000278e-02,4.094763602251889623e+00,4.053668223585598973e+00,-1.500000000000000000e+00,0.000000000000000000e+00
4.829217848992439777e-01,7.415685230060229394e-01,9.786989765796595409e-01,1.500000000000000000e+00,0.000000000000000000e+00,0.000000000000000000e+00,5.000000000000000278e-02,-7.243826773488659665e-01,-7.499127766944911899e-01,-1.500000000000000000e+00,-0.000000000000000000e+00
-5.371543485886132174e-01,4.448186034159143931e-01,3.891132165146119481e-01,1.500000000000000000e+00,0.000000000000000000e+00,0.000000000000000000e+00,5.000000000000000278e-02,8.057315228829198261e-01,7.795851709712514621e-01,-1.500000000000000000e+00,0.000000000000000000e+00
1.102533648806285349e+00,2.512820240291649299e+00,4.964832949967838971e-01,1.500000000000000000e+00,0.000000000000000000e+00,0.000000000000000000e+00,5.000000000000000278e-02,-1.653800473209428024e+00,-1.549975136626057237e+00,-1.500000000000000000e+00,-0.000000000000000000e+00
1.170123052921702822e+00,2.694433203683006539e+00,5.555943140635557498e-01,1.500000000000000000e+00,0.000000000000000000e+00,0.000000000000000000e+00,5.000000000000000278e-02,-1.755184579382554233e+00,-1.884828420606731836e+00,-1.500000000000000000e+00,-0.000000000000000000e+00
-2.599544054473654775e+00,1.209122855233634386e+00,6.995905749000588258e-01,1.500000000000000000e+00,0.000000000000000000e+00,0.000000000000000000e+00,5.000000000000000278e-02,3.899316081710482162e+00,3.780145039063474766e+00,-1.500000000000000000e+00,0.000000000000000000e+00
-2.381473068299020834e+00,9.637596877674143858e-01,7.550293626163233629e-01,1.500000000000000000e+00,0.000000000000000000e+00,0.000000000000000000e+00,5.000000000000000278e-02,3.572209602448531029e+00,3.765785770147932254e+00,-1.500000000000000000e+00,0.000000000000000000e+00
-2.573003478636550767e-01,2.637547604275794377e+00,3.199117333765094662e-01,1.500000000000000000e+00,0.000000000000000000e+00,0.000000000000000000e+00,5.000000000000000278e-02,3.859505217954826151e-01,3.910456491417818037e-01,-1.500000000000000000e+00,0.000000000000000000e+00
-4.201667047201205207e-01,2.197647639709965350e-01,1.838489373591690734e-01,1.500000000000000000e+00,0.000000000000000000e+00,0.000000000000000000e+00,5.000000000000000278e-02,6.302500570801807811e-01,5.583219118717328566e-01,-1.500000000000000000e+00,0.000000000000000000e+00
-4.664235639266509637e-01,1.757157624622105896e+00,8.469300911863132386e-01,1.500000000000000000e+00,0.000000000000000000e+00,0.000000000000000000e+00,5.000000000000000278e-02,6.996353458899764455e-01,7.187039287193226489e-01,-1.500000000000000000e+00,0.000000000000000000e+00
1.576382073365820702e-01,8.655158353073210131e-01,2.576400495189706819e-01,1.500000000000000000e+00,0.000000000000000000e+00,0.000000000000000000e+00,5.000000000000000278e-02,-2.364573110048731053e-01,-3.635160859843860059e-01,-1.500000000000000000e+00,-0.000000000000000000e+00
-3.473356326441296993e-01,2.828642090150061073e+00,2.577851615402606544e-01,1.500000000000000000e+00,0.000000000000000000e+00,0.000000000000000000e+00,5.000000000000000278e-02,5.210034489661945489e-01,4.931639841748270969e-01,-1.500000000000000000e+00,0.000000000000000000e+00
2.063724965704953007e+00,1.668473550013064743e+00,3.460645830456021699e-02,1.500000000000000000e+00,0.000000000000000000e+00,0.000000000000000000e+00,5.000000000000000278e-02,-3.095587448557429511e+00,-3.017986657839512699e+00,-1.500000000000000000e+00,-0.000000000000000000e+00
5.617511886477060123e-01,1.135111453318205399e+00,2.649533473109388915e-02,1.500000000000000000e+00,0.000000000000000000e+00,0.000000000000000000e+00,5.000000000000000278e-02,-8.426267829715590185e-01,-9.127689133698121404e-01,-1.500000000000000000e+00,-0.000000000000000000e+00
-1.218444723789901873e+00,1.518913195527643811e+00,1.235810131569118342e-01,1.500000000000000000e+00,0.000000000000000000e+00,0.000000000000000000e+00,5.000000000000000278e-02,1.827667085684852921e+00,1.885344238606478040e+00,-1.500000000000000000e+00,0.000000000000000000e+00
-5.889683020995644114e-01,1.450915789396442168e+00,3.271022555362008699e-01,1.500000000000000000e+00,0.000000000000000000e+00,0.000000000000000000e+00,5.000000000000000278e-02,8.834524531493466171e-01,8.842267615962888794e-01,-1.500000000000000000e+00,0.000000000000000000e+00
-1.604723405543750259e+00,2.802044394929713356e+00,1.473452791008040830e-01,1.500000000000000000e+00,0.000000000000000000e+00,0.000000000000000000e+00,5.000000000000000278e-02,2.407085108315625277e+00,2.397100484075812776e+00,-1.500000000000000000e+00,0.000000000000000000e+00
4.051912658701759540e-01,1.677674269276171470e-01,8.169935202297741172e-01,1.500000000000000000e+00,0.000000000000000000e+00,0.000000000000000000e+00,5.000000000000000278e-02,-6.077868988052639310e-01,-4.801924000130929904e-01,-1.500000000000000000e+00,-0.000000000000000000e+00
2.221797439868525181e+00,1.819476383664449637e+00,4.275668908265226609e-01,1.500000000000000000e+00,0.000000000000000000e+00,0.000000000000000000e+00,5.000000000000000278e-02,-3.332696159802787772e+00,-3.209602800028448666e+00,-1.500000000000000000e+00,-0.000000000000000000e+00
8.883828610222264111e-01,2.202645113829720724e+00,9.983432827970787349e-01,1.500000000000000000e+00,0.000000000000000000e+00,0.000000000000000000e+00,5.000000000000000278e-02,-1.332574291533339617e+00,-1.326581919613079918e+00,-1.500000000000000000e+00,-0.000000000000000000e+00
2.528578823525304387e+00,8.639755484064102209e-01,5.923828132528252688e-02,1.500000000000000000e+00,0.000000000000000000e+00,0.000000000000000000e+00,5.000000000000000278e-02,-3.792868235287956580e+00,-4.122152863897587061e+00,-1.500000000000000000e+00,-0.000000000000000000e+00
1.533885529746255472e+00,1.388558354211072210e+00,5.593576857670393698e-01,1.500000000000000000e+00,0.000000000000000000e+00,0.000000000000000000e+00,5.000000000000000278e-02,-2.300828294619383207e+00,-2.485697467542926642e+00,-1.500000000000000000e+00,-0.000000000000000000e+00
5.538263012474096136e-01,9.396428202200931556e-01,9.986346078377567048e-01,1.500000000000000000e+00,0.000000000000000000e+00,0.000000000000000000e+00,5.000000000000000278e-02,-8.307394518711144205e-01,-8.538272680078620169e-01,-1.500000000000000000e+00,-0.000000000000000000e+00
1.974806637576207891e+00,9.276099922300627965e-01,8.711590273653009309e-01,1.500000000000000000e+00,0.000000000000000000e+00,0.000000000000000000e+00,5.000000000000000278e-02,-2.962209956364311836e+00,-2.961703026319987497e+00,-1.500000000000000000e+00,-0.000000000000000000e+00
1.017901892830564314e+00,4.758397534505636184e-01,4.000976790241482783e-01,1.500000000000000000e+00,0.000000000000000000e+00,0.000000000000000000e+00,5.000000000000000278e-02,-1.526852839245846472e+00,-1.483070791949979261e+00,-1.500000000000000000e+00,-0.000000000000000000e+00
-2.919689066734706628e+00,2.332124786746182288e+00,8.851709995789608376e-01,1.500000000000000000e+00,0.000000000000000000e+00,0.000000000000000000e+00,5.000000000000000278e-02,4.379533600102059943e+00,4.155661162503855977e+00,-1.500000000000000000e+00,0.000000000000000000e+00
8.943792707609414805e-01,4.300172040510270577e-01,9.953340869980249472e-01,1.500000000000000000e+00,0.000000000000000000e+00,0.000000000000000000e+00,5.000000000000000278e-02,-1.341568906141412221e+00,-1.376270545754611607e+00,-1.500000000000000000e+00,-0.000000000000000000e+00
1.631851699338756845e+00,2.426198817034206368e+00,1.490357785929088408e-01,1.500000000000000000e+00,0.000000000000000000e+00,0.000000000000000000e+00,5.000000000000000278e-02,-2.447777549008135267e+00,-2.392277184469862483e+00,-1.500000000000000000e+00,-0.000000000000000000e+00
1.643177410358928725e+00,7.576645246348873153e-01,4.931499156127172601e-01,1.500000000000000000e+00,0.000000000000000000e+00,0.000000000000000000e+00,5.000000000000000278e-02,-2.464766115538393088e+00,-2.657752173819823316e+00,-1.500000000000000000e+00,-0.000000000000000000e+00
-1.295684944476368727e+00,1.534282140810061534e+00,3.051584855987898859e-02,1.500000000000000000e+00,0.000000000000000000e+00,0.000000000000000000e+00,5.000000000000000278e-02,1.943527416714553091e+00,1.928986566452570273e+00,-1.500000000000000000e+00,0.000000000000000000e+00
-1.928780806661187786e+00,3.178103146833893833e-01,1.746244832714164419e-01,1.500000000000000000e+00,0.000000000000000000e+00,0.000000000000000000e+00,5.000000000000000278e-02,2.893171209991781900e+00,3.023627572150504150e+00,-1.500000000000000000e+00,0.000000000000000000e+00
-2.998183157856103342e+00,8.996502497000411491e-01,4.095451775289393748e-01,1.500000000000000000e+00,0.000000000000000000e+00,0.000000000000000000e+00,5.000000000000000278e-02,4.497274736784154570e+00,4.401368294742681542e+00,-1.500000000000000000e+00,0.000000000000000000e+00
-1.624150669914641743e+00,2.433325548983785058e+00,2.362627829374575050e-02,1.500000000000000000e+00,0.000000000000000000e+00,0.000000000000000000e+00,5.000000000000000278e-02,2.436226004871962836e+00,2.454117589076208361e+00,-1.500000000000000000e+00,0.000000000000000000e+00
-1.860165909507691229e+00,1.034220672438279864e+00,7.087858674538947135e-01,1.500000000000000000e+00,0.000000000000000000e+00,0.000000000000000000e+00,5.000000000000000278e-02,2.790248864261537065e+00,2.798731997439759311e+00,-1.500000000000000000e+00,0.000000000000000000e+00
-1.273337570083738379e+00,2.284024298637378880e+00,8.074344929161575424e-01,1.500000000000000000e+00,0.000000000000000000e+00,0.000000000000000000e+00,5.000000000000000278e-02,1.910006355125607680e+00,1.949599464659358183e+00,-1.500000000000000000e+00,0.000000000000000000e+00
-2.406316438966394244e+00,2.369254871513163607e+00,5.352976933035171747e-01,1.500000000000000000e+00,0.000000000000000000e+00,0.000000000000000000e+00,5.000000000000000278e-02,3.609474658449591367e+00,3.680257129561250284e+00,-1.500000000000000000e+00,0.000000000000000000e+00
-1.898151632432405034e+00,2.903759457391801746e+00,1.269490826248815818e-01,1.500000000000000000e+00,0.000000000000000000e+00,0.000000000000000000e+00,5.000000000000000278e-02,2.847227448648607329e+00,2.818091983421666669e+00,-1.500000000000000000e+00,0.000000000000000000e+00
-2.245870482238744970e+00,1.042208045027239738e+00,7.368111684141110951e-01,1.500000000000000000e+00,0.000000000000000000e+00,0.000000000000000000e+00,5.000000000000000278e-02,3.368805723358117454e+00,3.294907165216334199e+00,-1.500000000000000000e+00,0.000000000000000000e+00
-1.566240090799394968e+00,2.872071575662072718e+00,8.704291320740564775e-01,1.500000000000000000e+00,0.000000000000000000e+00,0.000000000000000000e+00,5.000000000000000278e-02,2.349360136199092342e+00,2.307597016794969313e+00,-1.500000000000000000e+00,0.000000000000000000e+00
-6.029307166610049507e-01,2.785662443596939930e+00,6.062361792709775044e-01,1.500000000000000000e+00,0.000000000000000000e+00,0.000000000000000000e+00,5.000000000000000278e-02,9.043960749915074260e-01,9.312003882265723620e-01,-1.500000000000000000e+00,0.000000000000000000e+00
1.887644670825562088e+00,7.638928320701980912e-01,5.240255379241565148e-02,1.500000000000000000e+00,0.000000000000000000e+00,0.000000000000000000e+00,5.000000000000000278e-02,-2.831467006238343131e+00,-2.963063681908806757e+00,-1.500000000000000000e+00,-0.000000000000000000e+00
2.501111836287619461e+00,4.370830246769699112e-01,1.011453088098533959e-01,1.500000000000000000e+00,0.000000000000000000e+00,0.000000000000000000e+00,5.000000000000000278e-02,-3.751667754431429191e+00,-3.508206048864174864e+00,-1.500000000000000000e+00,-0.000000000000000000e+00
5.362851588447461459e-01,3.133749394202890448e-01,7.381300487605462202e-01,1.500000000000000000e+00,0.000000000000000000e+00,0.000000000000000000e+00,5.000000000000000278e-02,-8.044277382671192189e-01,-9.342941289185460185e-01,-1.500000000000000000e+00,-0.000000000000000000e+00
7.075399560849415792e-02,1.807881867996858904e+00,7.591589464878022442e-01,1.500000000000000000e+00,0.000000000000000000e+00,0.000000000000000000e+00,5.000000000000000278e-02,-1.061309934127412369e-01,-8.007024676677937380e-02,-1.500000000000000000e+00,-0.000000000000000000e+00
-7.041818025041646223e-02,2.781569107525284412e+00,3.035751163143591835e-01,1.500000000000000000e+00,0.000000000000000000e+00,0.000000000000000000e+00,5.000000000000000278e-02,1.056272703756246933e-01,1.887977106895735724e-01,-1.500000000000000000e+00,0.000000000000000000e+00
2.650839064248946109e+00,1.909340968027271490e+00,4.984204248903401080e-01,1.500000000000000000e+00,0.000000000000000000e+00,0.000000000000000000e+00,5.000000000000000278e-02,-3.976258596373419163e+00,-3.959382958770518268e+00,-1.500000000000000000e+00,-0.000000000000000000e+00
2.328441425936231823e+00,1.090699689089435598e+00,6.167862461296476084e-01,1.500000000000000000e+00,0.000000000000000000e+00,0.000000000000000000e+00,5.000000000000000278e-02,-3.492662138904347735e+00,-3.385879442207720302e+00,-1.500000000000000000e+00,-0.000000000000000000e+00
8.192004053349242199e-01,2.108884876936366393e+00,9.773910953471448559e-01,1.500000000000000000e+00,0.000000000000000000e+00,0.000000000000000000e+00,5.000000000000000278e-02,-1.228800608002386330e+00,-1.207403461961414015e+00,-1.500000000000000000e+00,-0.000000000000000000e+00
-9.173853153959514728e-01,2.776152116250358848e+00,8.476352442085191008e-01,1.500000000000000000e+00,0.000000000000000000e+00,0.000000000000000000e+00,5.000000000000000278e-02,1.376077973093927209e+00,1.565305272021541683e+00,-1.500000000000000000e+00,0.000000000000000000e+00
2.046630915710240473e+00,2.414213575507333953e+00,8.455364235211032531e-01,1.500000000000000000e+00,0.000000000000000000e+00,0.000000000000000000e+00,5.000000000000000278e-02,-3.069946373565360709e+00,-2.926371390600909450e+00,-1.500000000000000000e+00,-0.000000000000000000e+00
2.692599111653693811e+00,1.845534023485082997e+00,7.526712235973080922e-01,1.500000000000000000e+00,0.000000000000000000e+00,0.000000000000000000e+00,5.000000000000000278e-02,-4.038898667480540716e+00,-3.737961333311076384e+00,-1.500000000000000000e+00,-0.000000000000000000e+00
-1.910645574642888533e-02,3.296040328285387844e-01,6.757624627503445724e-01,1.500000000000000000e+00,0.000000000000000000e+00,0.000000000000000000e+00,5.000000000000000278e-02,2.865968361964332800e-02,1.922548834686656216e-04,-1.500000000000000000e+00,0.000000000000000000e+00
-1.847471845473919183e+00,2.744006341076762112e+00,4.948317943882192260e-01,1.500000000000000000e+00,0.000000000000000000e+00,0.000000000000000000e+00,5.000000000000000278e-02,2.771207768210878886e+00,2.780923795375327412e+00,-1.500000000000000000e+00,0.000000000000000000e+00
-8.599345182047546388e-02,2.108371122179924395e+00,9.842218067352644928e-01,1.500000000000000000e+00,0.000000000000000000e+00,0.000000000000000000e+00,5.000000000000000278e-02,1.289901777307131958e-01,1.056628200835210835e-01,-1.500000000000000000e+00,0.000000000000000000e+00
-1.018608052533997332e+00,1.308741502569438220e-01,1.264017110434074720e-01,1.500000000000000000e+00,0.000000000000000000e+00,0.000000000000000000e+00,5.000000000000000278e-02,1.527912078800996110e+00,1.500817752121276216e+00,-1.500000000000000000e+00,0.000000000000000000e+00
-2.559675186817832238e+00,2.674403646691372316e+00,6.971086199313198950e-01,1.500000000000000000e+00,0.000000000000000000e+00,0.000000000000000000e+00,5.000000000000000278e-02,3.839512780226748134e+00,3.712115520491616305e+00,-1.500000000000000000e+00,0.000000000000000000e+00
8.598353760293440118e-01,2.030965134048283272e+00,6.221616461919653451e-01,1.500000000000000000e+00,0.000000000000000000e+00,0.000000000000000000e+00,5.000000000000000278e-02,-1.289753064044016018e+00,-1.282247758381011016e+00,-1.500000000000000000e+00,-0.000000000000000000e+00
6.155951953788805220e-01,1.685496264798131527e+00,2.776008018968745272e-02,1.500000000000000000e+00,0.000000000000000000e+00,0.000000000000000000e+00,5.000000000000000278e-02,-9.233927930683207830e-01,-9.691994817056175382e-01,-1.500000000000000000e+00,-0.000000000000000000e+00
4.686071085148046933e-01,8.502849240564454014e-01,8.758454062011745700e-01,1.500000000000000000e+00,0.000000000000000000e+00,0.000000000000000000e+00,5.000000000000000278e-02,-7.029106627722070399e-01,-6.625396314177505186e-01,-1.500000000000000000e+00,-0.000000000000000000e+00
-2.414125528941946985e+00,6.553992928549522423e-01,5.616891159495406294e-01,1.500000000000000000e+00,0.000000000000000000e+00,0.000000000000000000e+00,5.000000000000000278e-02,3.621188293412920700e+00,3.642098535243404100e+00,-1.500000000000000000e+00,0.000000000000000000e+00
1.015619810123544298e+00,1.158746355251744298e+00,8.479050872128894856e-01,1.500000000000000000e+00,0.000000000000000000e+00,0.000000000000000000e+00,5.000000000000000278e-02,-1.523429715185316446e+00,-1.472742314427592181e+00,-1.500000000000000000e+00,-0.000000000000000000e+00
-4.702748605067936793e-01,1.869075289559826603e+00,7.584242015585462848e-01,1.500000000000000000e+00,0.000000000000000000e+00,0.000000000000000000e+00,5.000000000000000278e-02,7.054122907601905190e-01,6.706735902803138138e-01,-1.500000000000000000e+00,0.000000000000000000e+00
-1.041110036193332311e+00,4.525781456083307619e-01,1.226374261680840405e-01,1.500000000000000000e+00,0.000000000000000000e+00,0.000000000000000000e+00,5.000000000000000278e-02,1.561665054289998356e+00,1.594635881485410023e+00,-1.500000000000000000e+00,0.000000000000000000e+00
-1.017847985345371020e+00,1.252235999635697539e+00,4.032765940075991873e-01,1.500000000000000000e+00,0.000000000000000000e+00,0.000000000000000000e+00,5.000000000000000278e-02,1.526771978018056419e+00,1.716651937107939618e+00,-1.500000000000000000e+00,0.000000000000000000e+00
-3.181845156014553311e-01,5.512819895009517523e-01,9.139921601722929001e-01,1.500000000000000000e+00,0.000000000000000000e+00,0.000000000000000000e+00,5.000000000000000278e-02,4.772767734021829966e-01,5.240309397309694806e-01,-1.500000000000000000e+00,0.000000000000000000e+00
2.046955051669678838e-01,4.533057257278488850e-01,9.553888932528920019e-01,1.500000000000000000e+00,0.000000000000000000e+00,0.000000000000000000e+00,5.000000000000000278e-02,-3.070432577504518257e-01,-2.753265302861684360e-01,-1.500000000000000000e+00,-0.000000000000000000e+00
1.802795368973486134e+00,1.171529132454417699e+00,5.007745692808927007e-01,1.500000000000000000e+00,0.000000000000000000e+00,0.000000000000000000e+00,5.000000000000000278e-02,-2.704193053460229201e+00,-2.583210719327501348e+00,-1.500000000000000000e+00,-0.000000000000000000e+00
5.625310336728297500e-01,8.822998047464081228e-02,1.984078638179231913e-01,1.500000000000000000e+00,0.000000000000000000e+00,0.000000000000000000e+00,5.000000000000000278e-02,-8.437965505092446250e-01,-7.786974508580660759e-01,-1.500000000000000000e+00,-0.000000000000000000e+00
-2.785689080630319836e+00,1.109015540246160336e+00,5.515224481902323284e-01,1.500000000000000000e+00,0.000000000000000000e+00,0.000000000000000000e+00,5.000000000000000278e-02,4.178533620945479754e+00,4.470364624002034049e+00,-1.500000000000000000e+00,0.000000000000000000e+00
-3.535548954804297317e-01,2.352629854903263595e+00,6.427949822140983649e-01,1.500000000000000000e+00,0.000000000000000000e+00,0.000000000000000000e+00,5.000000000000000278e-02,5.303323432206445975e-01,5.056002096179670335e-01,-1.500000000000000000e+00,0.000000000000000000e+00
1.262279837707140473e+00,2.482709689562093702e-01,8.651756496010515329e-01,1.500000000000000000e+00,0.000000000000000000e+00,0.000000000000000000e+00,5.000000000000000278e-02,-1.893419756560710709e+00,-1.928244075075722153e+00,-1.500000000000000000e+00,-0.000000000000000000e+00
-7.710405947159451046e-01,3.549871095703405199e-01,7.314010935788045620e-01,1.500000000000000000e+00,0.000000000000000000e+00,0.000000000000000000e+00,5.000000000000000278e-02,1.156560892073917657e+00,1.175200763051261532e+00,-1.500000000000000000e+00,0.000000000000000000e+00
-2.754917420999579036e+00,1.156678020167480003e+00,4.938461075400968348e-02,1.500000000000000000e+00,0.000000000000000000e+00,0.000000000000000000e+00,5.000000000000000278e-02,4.132376131499368555e+00,4.451746782328917185e+00,-1.500000000000000000e+00,0.000000000000000000e+00
2.709182360220314223e+00,2.946180633161410878e+00,4.015344175498850587e-01,1.500000000000000000e+00,0.000000000000000000e+00,0.000000000000000000e+00,5.000000000000000278e-02,-4.063773540330471334e+00,-3.870234278005476813e+00,-1.500000000000000000e+00,-0.000000000000000000e+00
1.289330923188014566e-01,2.097845651533813527e+00,8.881378160254739251e-01,1.500000000000000000e+00,0.000000000000000000e+00,0.000000000000000000e+00,5.000000000000000278e-02,-1.933996384782021849e-01,-2.136580311746117955e-01,-1.500000000000000000e+00,-0.000000000000000000e+00
-1.902114796937454333e+00,1.631885588543046994e+00,1.453795179192919340e-01,1.500000000000000000e+00,0.000000000000000000e+00,0.000000000000000000e+00,5.000000000000000278e-02,2.853172195406181721e+00,2.944018692276367588e+00,-1.500000000000000000e+00,0.000000000000000000e+00
2.638406770580603578e+00,3.008383029333152603e-01,1.196282778323241036e-01,1.500000000000000000e+00,0.000000000000000000e+00,0.000000000000000000e+00,5.000000000000000278e-02,-3.957610155870905366e+00,-3.841631324762064370e+00,-1.500000000000000000e+00,-0.000000000000000000e+00
-2.696057967299665847e+00,7.133466367736163161e-02,7.761748546009300531e-01,1.500000000000000000e+00,0.000000000000000000e+00,0.000000000000000000e+00,5.000000000000000278e-02,4.044086950949498771e+00,3.971580458150100856e+00,-1.500000000000000000e+00,0.000000000000000000e+00
-2.579077236332671941e+00,2.875678625480453832e+00,1.424453311815915280e-01,1.500000000000000000e+00,0.000000000000000000e+00,0.000000000000000000e+00,5.000000000000000278e-02,3.868615854499007689e+00,3.756653657564596571e+00,-1.500000000000000000e+00,0.000000000000000000e+00
-2.214467541640575021e+00,1.765109855700187858e+00,2.461176901305672793e-01,1.500000000000000000e+00,0.000000000000000000e+00,0.000000000000000000e+00,5.000000000000000278e-02,3.321701312460862532e+00,3.023851486300147329e+00,-1.500000000000000000e+00,0.000000000000000000e+00
-1.835708664253836719e+00,5.603454889975103548e-01,8.159661744111924575e-01,1.500000000000000000e+00,0.000000000000000000e+00,0.000000000000000000e+00,5.000000000000000278e-02,2.753562996380755301e+00,2.557057467145932517e+00,-1.500000000000000000e+00,0.000000000000000000e+00
5.794582404222450300e-01,1.524128713300542559e+00,1.099776769283062894e-01,1.500000000000000000e+00,0.000000000000000000e+00,0.000000000000000000e+00,5.000000000000000278e-02,-8.691873606333675450e-01,-9.167516548066252380e-01,-1.500000000000000000e+00,-0.000000000000000000e+00
2.602186255062338027e+00,6.508753655846559738e-01,8.286963587061519920e-01,1.500000000000000000e+00,0.000000000000000000e+00,0.000000000000000000e+00,5.000000000000000278e-02,-3.903279382593507041e+00,-3.569339793364625812e+00,-1.500000000000000000e+00,-0.000000000000000000e+00
-8.119602348329539865e-01,8.016633464264959485e-01,1.991349725793274406e-01,1.500000000000000000e+00,0.000000000000000000e+00,0.000000000000000000e+00,5.000000000000000278e-02,1.217940352249430980e+00,1.230532375863010230e+00,-1.500000000000000000e+00,0.000000000000000000e+00
2.499796229311501250e+00,2.305553502657446518e+00,9.294201911289792228e-01,1.500000000000000000e+00,0.000000000000000000e+00,0.000000000000000000e+00,5.000000000000000278e-02,-3.749694343967251875e+00,-3.548121213016279807e+00,-1.500000000000000000e+00,-0.000000000000000000e+00
-1.379433877376712525e+00,2.323088503370446034e+00,9.001280925561487845e-01,1.500000000000000000e+00,0.000000000000000000e+00,0.000000000000000000e+00,5.000000000000000278e-02,2.069150816065068899e+00,2.098383089157410009e+00,-1.500000000000000000e+00,0.000000000000000000e+00
-1.064986981297960877e+00,2.056983464109783721e+00,4.672273561337474401e-01,1.500000000000000000e+00,0.000000000000000000e+00,0.000000000000000000e+00,5.000000000000000278e-02,1.597480471946941316e+00,1.586010439943973616e+00,-1.500000000000000000e+00,0.000000000000000000e+00
2.552384852930318360e-01,2.874144989886833201e+00,8.763081605250615524e-01,1.500000000000000000e+00,0.000000000000000000e+00,0.000000000000000000e+00,5.000000000000000278e-02,-3.828577279395477539e-01,-3.026278528943968649e-01,-1.500000000000000000e+00,-0.000000000000000000e+00
2.021461390968051219e+00,2.285769238472684650e-01,6.302076316155087454e-01,1.500000000000000000e+00,0.000000000000000000e+00,0.000000000000000000e+00,5.000000000000000278e-02,-3.032192086452076829e+00,-3.046001584353873692e+00,-1.500000000000000000e+00,-0.000000000000000000e+00
1.105422967572252446e+00,1.421123742889928376e+00,2.330275237876909822e-01,1.500000000000000000e+00,0.000000000000000000e+00,0.000000000000000000e+00,5.000000000000000278e-02,-1.658134451358378669e+00,-1.587795907914636651e+00,-1.500000000000000000e+00,-0.000000000000000000e+00
-7.211444188771434227e-01,2.015842211817317597e+00,8.946217699451857186e-01,1.500000000000000000e+00,0.000000000000000000e+00,0.000000000000000000e+00,5.000000000000000278e-02,1.081716628315715134e+00,1.098351481007335373e+00,-1.500000000000000000e+00,0.000000000000000000e+00
-1.264063090966894842e+00,8.896847780336338829e-01,7.137753824611621223e-01,1.500000000000000000e+00,0.000000000000000000e+00,0.000000000000000000e+00,5.000000000000000278e-02,1.896094636450342374e+00,1.836706408936538137e+00,-1.500000000000000000e+00,0.000000000000000000e+00
-9.438587742556192595e-01,2.256104793952565579e+00,2.352988512246478869e-02,1.500000000000000000e+00,0.000000000000000000e+00,0.000000000000000000e+00,5.000000000000000278e-02,1.415788161383428889e+00,1.382826062646477006e+00,-1.500000000000000000e+00,0.000000000000000000e+00
2.252573450871160787e+00,1.482570496172786578e+00,1.901319589890996253e-01,1.500000000000000000e+00,0.000000000000000000e+00,0.000000000000000000e+00,5.000000000000000278e-02,-3.378860176306741181e+00,-3.271720160163444913e+00,-1.500000000000000000e+00,-0.000000000000000000e+00
-1.129586721299982610e+00,1.709900748340772214e+00,2.705461184702078192e-01,1.500000000000000000e+00,0.000000000000000000e+00,0.000000000000000000e+00,5.000000000000000278e-02,1.694380081949973915e+00,1.664267799064913511e+00,-1.500000000000000000e+00,0.000000000000000000e+00
-1.961928075586306219e+00,1.273211960435672863e-01,9.984803767959070653e-01,1.500000000000000000e+00,0.000000000000000000e+00,0.000000000000000000e+00,5.000000000000000278e-02,2.942892113379459218e+00,3.132351276974565835e+00,-1.500000000000000000e+00,0.000000000000000000e+00
-1.408848392357896273e+00,2.719862527683686082e+00,8.662514911612769763e-01,1.500000000000000000e+00,0.000000000000000000e+00,0.000000000000000000e+00,5.000000000000000278e-02,2.113272588536844410e+00,2.078437246601057442e+00,-1.500000000000000000e+00,0.000000000000000000e+00
-6.395220659892562054e-01,2.813181313636331282e+00,5.154117812884975169e-01,1.500000000000000000e+00,0.000000000000000000e+00,0.000000000000000000e+00,5.000000000000000278e-02,9.592830989838843081e-01,9.930613762337859862e-01,-1.500000000000000000e+00,0.000000000000000000e+00
2.725064175900752339e+00,1.058887216430506317e+00,8.907355096604027134e-01,1.500000000000000000e+00,0.000000000000000000e+00,0.000000000000000000e+00,5.000000000000000278e-02,-4.087596263851128953e+00,-4.071132355452139251e+00,-1.500000000000000000e+00,-0.000000000000000000e+00
-1.395994308868973022e-01,1.137553797877081774e+00,6.653847868915085950e-01,1.500000000000000000e+00,0.000000000000000000e+00,0.000000000000000000e+00,5.000000000000000278e-02,2.093991463303459533e-01,2.054776797081517004e-01,-1.500000000000000000e+00,0.000000000000000000e+00
2.271326413859229731e+00,2.724374843412062930e+00,7.912547789897803607e-01,1.500000000000000000e+00,0.000000000000000000e+00,0.000000000000000000e+00,5.000000000000000278e-02,-3.406989620788844597e+00,-3.323310098972452664e+00,-1.500000000000000000e+00,-0.000000000000000000e+00
2.368857391850193395e+00,1.707892994030009159e+00,9.703813362590009151e-01,1.500000000000000000e+00,0.000000000000000000e+00,0.000000000000000000e+00,5.000000000000000278e-02,-3.553286087775290092e+00,-3.604268876680314371e+00,-1.500000000000000000e+00,-0.000000000000000000e+00
5.338098910784445650e-01,1.759710096792983736e+00,8.148100489847291961e-01,1.500000000000000000e+00,0.000000000000000000e+00,0.000000000000000000e+00,5.000000000000000278e-02,-8.007148366176668475e-01,-8.322270774832895013e-01,-1.500000000000000000e+00,-0.000000000000000000e+00
1.376584996287353313e+00,2.558423728474862102e+00,2.240126458339067872e-01,1.500000000000000000e+00,0.000000000000000000e+00,0.000000000000000000e+00,5.000000000000000278e-02,-2.064877494431029969e+00,-2.127444657782728399e+00,-1.500000000000000000e+00,-0.000000000000000000e+00
-2.188631805467439850e+00,2.014542153000769886e+00,7.669788958401855261e-01,1.500000000000000000e+00,0.000000000000000000e+00,0.000000000000000000e+00,5.000000000000000278e-02,3.282947708201159998e+00,3.320151126205132197e+00,-1.500000000000000000e+00,0.000000000000000000e+00
-5.026531634705651008e-01,1.768506570256349608e+00,7.619034842003474806e-01,1.500000000000000000e+00,0.000000000000000000e+00,0.000000000000000000e+00,5.000000000000000278e-02,7.539797452058476512e-01,7.642539322968207038e-01,-1.500000000000000000e+00,0.000000000000000000e+00
-2.360299627037937942e+00,2.662802657297008047e+00,2.676239692607385035e-02,1.500000000000000000e+00,0.000000000000000000e+00,0.000000000000000000e+00,5.000000000000000278e-02,3.540449440556907135e+00,3.752461780814618120e+00,-1.500000000000000000e+00,0.000000000000000000e+00
-2.353401417940756080e+00,2.669624807864222404e+00,3.710325350769140273e-01,1.500000000000000000e+00,0.000000000000000000e+00,0.000000000000000000e+00,5.000000000000000278e-02,3.530102126911134341e+00,3.593438001882708122e+00,-1.500000000000000000e+00,0.000000000000000000e+00
-6.416618151325259589e-02,2.738451499441483250e+00,2.167815336179651498e-01,1.500000000000000000e+00,0.000000000000000000e+00,0.000000000000000000e+00,5.000000000000000278e-02,9.624927226987889384e-02,1.391086924072159059e-01,-1.500000000000000000e+00,0.000000000000000000e+00
2.000738982763758500e+00,2.830952706961185505e+00,5.180697139728172029e-01,1.500000000000000000e+00,0.000000000000000000e+00,0.000000000000000000e+00,5.000000000000000278e-02,-3.001108474145637750e+00,-2.860518821258815958e+00,-1.500000000000000000e+00,-0.000000000000000000e+00
-2.477736668882744464e+00,2.073982676939572833e+00,1.727524786686795988e-02,1.500000000000000000e+00,0.000000000000000000e+00,0.000000000000000000e+00,5.000000000000000278e-02,3.716605003324116474e+00,3.692410239520613757e+00,-1.500000000000000000e+00,0.000000000000000000e+00
-2.796796203833815220e+00,6.243796864686808057e-01,1.637713869100004827e-01,1.500000000000000000e+00,0.000000000000000000e+00,0.000000000000000000e+00,5.000000000000000278e-02,4.195194305750723274e+00,4.426597032209213189e+00,-1.500000000000000000e+00,0.000000000000000000e+00
2.025170431605354260e+00,2.517796423685576546e+00,6.704753826307772169e-01,1.500000000000000000e+00,0.000000000000000000e+00,0.000000000000000000e+00,5.000000000000000278e-02,-3.037755647408031390e+00,-3.118558285211175729e+00,-1.500000000000000000e+00,-0.000000000000000000e+00
-3.101282233319988535e-01,8.024245262165519144e-02,6.367424277341681149e-01,1.500000000000000000e+00,0.000000000000000000e+00,0.000000000000000000e+00,5.000000000000000278e-02,4.651923349979982802e-01,3.742675720509635040e-01,-1.500000000000000000e+00,0.000000000000000000e+00
-2.262489114347685071e+00,2.767523069678661685e+00,3.127736610401229411e-01,1.500000000000000000e+00,0.000000000000000000e+00,0.000000000000000000e+00,5.000000000000000278e-02,3.393733671521527384e+00,2.888809694056801991e+00,-1.500000000000000000e+00,0.000000000000000000e+00
2.384218130156780191e+00,1.665553726150081904e-02,6.956507627906195479e-01,1.500000000000000000e+00,0.000000000000000000e+00,0.000000000000000000e+00,5.000000000000000278e-02,-3.576327195235170286e+00,-3.608358567174104081e+00,-1.500000000000000000e+00,-0.000000000000000000e+00
2.949869678175121024e-01,9.149114740227657361e-01,3.417475617444151181e-01,1.500000000000000000e+00,0.000000000000000000e+00,0.000000000000000000e+00,5.000000000000000278e-02,-4.424804517262681536e-01,-3.871884592855890928e-01,-1.500000000000000000e+00,-0.000000000000000000e+00
1.510529128701500134e+00,3.569834254033561471e-01,2.919800243827685993e-01,1.500000000000000000e+00,0.000000000000000000e+00,0.000000000000000000e+00,5.000000000000000278e-02,-2.265793693052250202e+00,-2.314193615123711023e+00,-1.500000000000000000e+00,-0.000000000000000000e+00
2.493493155136802919e+00,5.535837241101291273e-01,6.796784749959167149e-01,1.500000000000000000e+00,0.000000000000000000e+00,0.000000000000000000e+00,5.000000000000000278e-02,-3.740239732705204379e+00,-4.582209258286608744e+00,-1.500000000000000000e+00,-0.000000000000000000e+00
-2.202939924722585818e+00,2.284806260483691620e+00,1.019113287249308053e-01,1.500000000000000000e+00,0.000000000000000000e+00,0.000000000000000000e+00,5.000000000000000278e-02,3.304409887083878949e+00,3.533565953606986554e+00,-1.500000000000000000e+00,0.000000000000000000e+00
-2.071317847031672876e+00,1.418463152992876175e+00,3.535935581443429010e-01,1.500000000000000000e+00,0.000000000000000000e+00,0.000000000000000000e+00,5.000000000000000278e-02,3.106976770547509314e+00,3.318621180643514190e+00,-1.500000000000000000e+00,0.000000000000000000e+00
2.623953808397535781e+00,3.065893938203433366e-01,2.984821775565075219e-01,1.500000000000000000e+00,0.000000000000000000e+00,0.000000000000000000e+00,5.000000000000000278e-02,-3.935930712596303671e+00,-4.094939792265277489e+00,-1.500000000000000000e+00,-0.000000000000000000e+00
-1.064221390889563024e+00,2.214876017071990333e+00,3.792635819951649667e-01,1.500000000000000000e+00,0.000000000000000000e+00,0.000000000000000000e+00,5.000000000000000278e-02,1.596332086334344424e+00,1.629066206975327002e+00,-1.500000000000000000e+00,0.000000000000000000e+00
5.379355282608906386e-01,4.800021419098718933e-01,2.862979654099796489e-01,1.500000000000000000e+00,0.000000000000000000e+00,0.000000000000000000e+00,5.000000000000000278e-02,-8.069032923913359578e-01,-7.381420670515081994e-01,-1.500000000000000000e+00,-0.000000000000000000e+00
2.975988301130132463e-01,4.859747951439508107e-02,7.939467247744994571e-01,1.500000000000000000e+00,0.000000000000000000e+00,0.000000000000000000e+00,5.000000000000000278e-02,-4.463982451695198694e-01,-4.812699526186726140e-01,-1.500000000000000000e+00,-0.000000000000000000e+00
-1.696178709040456978e+00,4.404257163098863614e-01,2.410132703590794900e-02,1.500000000000000000e+00,0.000000000000000000e+00,0.000000000000000000e+00,5.000000000000000278e-02,2.544268063560685356e+00,2.455351034525389053e+00,-1.500000000000000000e+00,0.000000000000000000e+00
-1.214986524985095517e+00,1.739061840762705202e+00,5.152783822111237644e-01,1.500000000000000000e+00,0.000000000000000000e+00,0.000000000000000000e+00,5.000000000000000278e-02,1.822479787477643276e+00,1.849679725188020374e+00,-1.500000000000000000e+00,0.000000000000000000e+00
-2.331504065350789467e+00,2.051565101326032980e+00,3.528148188888199366e-01,1.500000000000000000e+00,0.000000000000000000e+00,0.000000000000000000e+00,5.000000000000000278e-02,3.497256098026184201e+00,3.642026348471463670e+00,-1.500000000000000000e+00,0.000000000000000000e+00
8.192357942550509975e-02,1.157293247302128236e+00,2.072382862137375215e-01,1.500000000000000000e+00,0.000000000000000000e+00,0.000000000000000000e+00,5.000000000000000278e-02,-1.228853691382576496e-01,-1.255522935402794138e-01,-1.500000000000000000e+00,-0.000000000000000000e+00
7.842963016147255217e-01,2.603310810773624695e-01,7.735768564673994874e-01,1.500000000000000000e+00,0.000000000000000000e+00,0.000000000000000000e+00,5.000000000000000278e-02,-1.176444452422088283e+00,-1.152174693956960150e+00,-1.500000000000000000e+00,-0.000000000000000000e+00
-2.901110590824588886e+00,5.942860267475130742e-01,9.857518354347285516e-01,1.500000000000000000e+00,0.000000000000000000e+00,0.000000000000000000e+00,5.000000000000000278e-02,4.351665886236883551e+00,4.428778874635233009e+00,-1.500000000000000000e+00,0.000000000000000000e+00
1.937957474771961230e+00,3.913858704267677568e-01,9.514620052238607073e-01,1.500000000000000000e+00,0.000000000000000000e+00,0.000000000000000000e+00,5.000000000000000278e-02,-2.906936212157941846e+00,-2.841175290183221236e+00,-1.500000000000000000e+00,-0.000000000000000000e+00
-1.472419428174768008e+00,1.323439736474919304e+00,4.985211174915870069e-01,1.500000000000000000e+00,0.000000000000000000e+00,0.000000000000000000e+00,5.000000000000000278e-02,2.208629142262152012e+00,2.255311435966628419e+00,-1.500000000000000000e+00,0.000000000000000000e+00
1.661136486110303956e-01,1.843133355550329977e+00,8.775964568800527221e-01,1.500000000000000000e+00,0.000000000000000000e+00,0.000000000000000000e+00,5.000000000000000278e-02,-2.491704729165455934e-01,-2.942617396395790230e-01,-1.500000000000000000e+00,-0.000000000000000000e+00
-2.608586604959358013e+00,7.382393192767940926e-01,8.557633899601039262e-01,1.500000000000000000e+00,0.000000000000000000e+00,0.000000000000000000e+00,5.000000000000000278e-02,3.912879907439037019e+00,3.540545835280502374e+00,-1.500000000000000000e+00,0.000000000000000000e+00
-1.013623093600783953e+00,1.269476672664973105e-01,8.667723288036848217e-01,1.500000000000000000e+00,0.000000000000000000e+00,0.000000000000000000e+00,5.000000000000000278e-02,1.520434640401175930e+00,1.483706050658072595e+00,-1.500000000000000000e+00,0.000000000000000000e+00
-2.448333210236281587e+00,2.056367895547096758e+00,4.946154772830176904e-01,1.500000000000000000e+00,0.000000000000000000e+00,0.000000000000000000e+00,5.000000000000000278e-02,3.672499815354422381e+00,3.526816260759235711e+00,-1.500000000000000000e+00,0.000000000000000000e+00
5.329447734664727321e-01,1.074458807061766663e+00,9.880733773173265844e-01,1.500000000000000000e+00,0.000000000000000000e+00,0.000000000000000000e+00,5.000000000000000278e-02,-7.994171601997090981e-01,-9.033398472334274176e-01,-1.500000000000000000e+00,-0.000000000000000000e+00
-1.069974758094253797e+00,2.110506099648312262e+00,7.639382094689166625e-01,1.500000000000000000e+00,0.000000000000000000e+00,0.000000000000000000e+00,5.000000000000000278e-02,1.604962137141380696e+00,1.714255454898189424e+00,-1.500000000000000000e+00,0.000000000000000000e+00
2.507639230715360767e+00,8.473322681818751256e-01,9.074814937312934982e-01,1.500000000000000000e+00,0.000000000000000000e+00,0.000000000000000000e+00,5.000000000000000278e-02,-3.761458846073041151e+00,-3.897174880461414581e+00,-1.500000000000000000e+00,-0.000000000000000000e+00
-2.208836301551609260e+00,2.471132876674135836e+00,5.960937755138863148e-01,1.500000000000000000e+00,0.000000000000000000e+00,0.000000000000000000e+00,5.000000000000000278e-02,3.313254452327413890e+00,3.463883082332633201e+00,-1.500000000000000000e+00,0.000000000000000000e+00
2.591588474848944834e-01,2.795036683591302307e+00,5.239704178698767478e-01,1.500000000000000000e+00,0.000000000000000000e+00,0.000000000000000000e+00,5.000000000000000278e-02,-3.887382712273417251e-01,-4.286627125902436330e-01,-1.500000000000000000e+00,-0.000000000000000000e+00
2.735182430442307577e+00,2.208262477270984458e+00,6.402673074249406460e-01,1.500000000000000000e+00,0.000000000000000000e+00,0.000000000000000000e+00,5.000000000000000278e-02,-4.102773645663461366e+00,-4.047214083115408201e+00,-1.500000000000000000e+00,-0.000000000000000000e+00
-1.269210387967391718e+00,5.773630080672723652e-01,2.742796939975228332e-01,1.500000000000000000e+00,0.000000000000000000e+00,0.000000000000000000e+00,5.000000000000000278e-02,1.903815581951087577e+00,1.932556196232296131e+00,-1.500000000000000000e+00,0.000000000000000000e+00
2.220918110676810997e+00,3.981974312101629332e-01,6.866112871149643304e-02,1.500000000000000000e+00,0.000000000000000000e+00,0.000000000000000000e+00,5.000000000000000278e-02,-3.331377166015216496e+00,-3.276877680879588084e+00,-1.500000000000000000e+00,-0.000000000000000000e+00
2.945157524542660887e+00,1.555681507335166414e+00,8.407713378056508313e-01,1.500000000000000000e+00,0.000000000000000000e+00,0.000000000000000000e+00,5.000000000000000278e-02,-4.417736286813990887e+00,-4.460114797277128673e+00,-1.500000000000000000e+00,-0.000000000000000000e+00
-2.499825720089035919e+00,1.776703280773270555e+00,9.253101928823093125e-02,1.500000000000000000e+00,0.000000000000000000e+00,0.000000000000000000e+00,5.000000000000000278e-02,3.749738580133553878e+00,3.698009883719195479e+00,-1.500000000000000000e+00,0.000000000000000000e+00
2.326886155102565468e-01,2.577690214283463455e+00,1.913463563457513672e-01,1.500000000000000000e+00,0.000000000000000000e+00,0.000000000000000000e+00,5.000000000000000278e-02,-3.490329232653848202e-01,-3.524834560192279254e-01,-1.500000000000000000e+00,-0.000000000000000000e+00
-4.975279003492421026e-01,7.264113756631194185e-01,1.463424760846254724e-02,1.500000000000000000e+00,0.000000000000000000e+00,0.000000000000000000e+00,5.000000000000000278e-02,7.462918505238631539e-01,8.838640195489735341e-01,-1.500000000000000000e+00,0.000000000000000000e+00
-1.199680124000064296e-01,2.345208403066846969e+00,6.698628189041374581e-01,1.500000000000000000e+00,0.000000000000000000e+00,0.000000000000000000e+00,5.000000000000000278e-02,1.799520186000096444e-01,2.474632381947701742e-01,-1.500000000000000000e+00,0.000000000000000000e+00
1.887180951892287517e+00,8.205504591367112077e-01,5.023251999395885736e-01,1.500000000000000000e+00,0.000000000000000000e+00,0.000000000000000000e+00,5.000000000000000278e-02,-2.830771427838431276e+00,-2.939457142558440594e+00,-1.500000000000000000e+00,-0.000000000000000000e+00
1.774162339529802956e+00,2.655390704093233190e+00,1.163426789919055349e-01,1.500000000000000000e+00,0.000000000000000000e+00,0.000000000000000000e+00,5.000000000000000278e-02,-2.661243509294704435e+00,-2.684788561926875428e+00,-1.500000000000000000e+00,-0.000000000000000000e+00
-1.444053007995039550e+00,2.981218036871383426e+00,2.709342256368082458e-01,1.500000000000000000e+00,0.000000000000000000e+00,0.000000000000000000e+00,5.000000000000000278e-02,2.166079511992559326e+00,2.036006651911866694e+00,-1.500000000000000000e+00,0.000000000000000000e+00
4.678187315324922046e-01,1.668884708095689229e-01,4.007532279700544153e-01,1.500000000000000000e+00,0.000000000000000000e+00,0.000000000000000000e+00,5.000000000000000278e-02,-7.017280972987383070e-01,-6.185177996582023052e-01,-1.500000000000000000e+00,-0.000000000000000000e+00
2.745883327397313778e+00,2.718654647174602701e+00,7.428427299286710639e-01,1.500000000000000000e+00,0.000000000000000000e+00,0.000000000000000000e+00,5.000000000000000278e-02,-4.118824991095970667e+00,-3.951630109137079128e+00,-1.500000000000000000e+00,-0.000000000000000000e+00
-1.608592334480373642e+00,1.875834525535096997e+00,1.537866043589486420e-01,1.500000000000000000e+00,0.000000000000000000e+00,0.000000000000000000e+00,5.000000000000000278e-02,2.412888501720560352e+00,2.388724673888793504e+00,-1.500000000000000000e+00,0.000000000000000000e+00
-1.839382051982881405e+00,7.980316395381881200e-02,8.475684225215526224e-01,1.500000000000000000e+00,0.000000000000000000e+00,0.000000000000000000e+00,5.000000000000000278e-02,2.759073077974321997e+00,2.602455719985240723e+00,-1.500000000000000000e+00,0.000000000000000000e+00
3.683894309170652193e-01,1.003611416159867487e+00,6.077953979608125001e-01,1.500000000000000000e+00,0.000000000000000000e+00,0.000000000000000000e+00,5.000000000000000278e-02,-5.525841463755978289e-01,-6.029335173244501078e-01,-1.500000000000000000e+00,-0.000000000000000000e+00
-5.926807755700584934e-01,2.734996424980083329e+00,8.303647931455908626e-01,1.500000000000000000e+00,0.000000000000000000e+00,0.000000000000000000e+00,5.000000000000000278e-02,8.890211633550877401e-01,8.678885212689361195e-01,-1.500000000000000000e+00,0.000000000000000000e+00
-1.270710045199059834e+00,2.542673525375911403e+00,1.006674806609098027e-03,1.500000000000000000e+00,0.000000000000000000e+00,0.000000000000000000e+00,5.000000000000000278e-02,1.906065067798589752e+00,1.861024685217551822e+00,-1.500000000000000000e+00,0.000000000000000000e+00
1.654570828166705532e+00,3.947706815309736106e-01,9.609699911908697878e-01,1.500000000000000000e+00,0.000000000000000000e+00,0.000000000000000000e+00,5.000000000000000278e-02,-2.481856242250058298e+00,-2.526025383308903471e+00,-1.500000000000000000e+00,-0.000000000000000000e+00
2.709029181113772111e+00,2.882608167911058228e+00,1.776653402221457512e-01,1.500000000000000000e+00,0.000000000000000000e+00,0.000000000000000000e+00,5.000000000000000278e-02,-4.063543771670658167e+00,-4.109239304687732464e+00,-1.500000000000000000e+00,-0.000000000000000000e+00
-1.502723307886407289e+00,2.857555605389094033e+00,7.884550678337628460e-01,1.500000000000000000e+00,0.000000000000000000e+00,0.000000000000000000e+00,5.000000000000000278e-02,2.254084961829610823e+00,2.117500737477445938e+00,-1.500000000000000000e+00,0.000000000000000000e+00
-2.256359263556400485e+00,2.554429252608993117e+00,4.129807193154745315e-01,1.500000000000000000e+00,0.000000000000000000e+00,0.000000000000000000e+00,5.000000000000000278e-02,3.384538895334600728e+00,3.416608889703705909e+00,-1.500000000000000000e+00,0.000000000000000000e+00
-2.768662609262166896e-01,1.836257283512362504e+00,6.560520848135608096e-01,1.500000000000000000e+00,0.000000000000000000e+00,0.000000000000000000e+00,5.000000000000000278e-02,4.152993913893250344e-01,4.113146149599409829e-01,-1.500000000000000000e+00,0.000000000000000000e+00
1.898565834579835077e-01,1.845081542493244964e+00,8.721538432272204489e-01,1.500000000000000000e+00,0.000000000000000000e+00,0.000000000000000000e+00,5.000000000000000278e-02,-2.847848751869752615e-01,-2.534779713564770942e-01,-1.500000000000000000e+00,-0.000000000000000000e+00
2.288455505036369075e+00,1.457362871091552048e+00,6.146518039852725268e-01,1.500000000000000000e+00,0.000000000000000000e+00,0.000000000000000000e+00,5.000000000000000278e-02,-3.432683257554553613e+00,-3.666016131548764712e+00,-1.500000000000000000e+00,-0.000000000000000000e+00
2.725591590356880367e+00,2.260541827193496278e-02,9.844050126890132590e-01,1.500000000000000000e+00,0.000000000000000000e+00,0.000000000000000000e+00,5.000000000000000278e-02,-4.088387385535320107e+00,-3.938656871362955503e+00,-1.500000000000000000e+00,-0.000000000000000000e+00
2.184525008057240925e-01,1.683065727188914007e+00,8.601221959265487049e-01,1.500000000000000000e+00,0.000000000000000000e+00,0.000000000000000000e+00,5.000000000000000278e-02,-3.276787512085861387e-01,-2.758801402206275122e-01,-1.500000000000000000e+00,-0.000000000000000000e+00
8.978418002123071950e-01,2.988437992373262908e+00,8.309150733886294660e-01,1.500000000000000000e+00,0.000000000000000000e+00,0.000000000000000000e+00,5.000000000000000278e-02,-1.346762700318460793e+00,-1.324163716125975387e+00,-1.500000000000000000e+00,-0.000000000000000000e+00
3.685935631101617815e-01,2.377522133931711412e+00,8.692213475770316222e-01,1.500000000000000000e+00,0.000000000000000000e+00,0.000000000000000000e+00,5.000000000000000278e-02,-5.528903446652426723e-01,-5.949347790350285603e-01,-1.500000000000000000e+00,-0.000000000000000000e+00
-2.971618090358354891e+00,1.555313686151118979e+00,2.387112408359837179e-02,1.500000000000000000e+00,0.000000000000000000e+00,0.000000000000000000e+00,5.000000000000000278e-02,4.457427135537532337e+00,4.268200184316189194e+00,-1.500000000000000000e+00,0.000000000000000000e+00
3.969720055732701702e-01,1.332100463942341717e-01,4.908670269597618097e-01,1.500000000000000000e+00,0.000000000000000000e+00,0.000000000000000000e+00,5.000000000000000278e-02,-5.954580083599052553e-01,-6.016700654247233437e-01,-1.500000000000000000e+00,-0.000000000000000000e+00
1.137292257773201420e+00,2.757586650814543461e+00,9.565674462390473254e-01,1.500000000000000000e+00,0.000000000000000000e+00,0.000000000000000000e+00,5.000000000000000278e-02,-1.705938386659802131e+00,-1.680590998003649084e+00,-1.500000000000000000e+00,-0.000000000000000000e+00
-9.099354068239220439e-01,4.772803257841405911e-01,7.975700795188115366e-01,1.500000000000000000e+00,0.000000000000000000e+00,0.000000000000000000e+00,5.000000000000000278e-02,1.364903110235883066e+00,1.396960195144840933e+00,-1.500000000000000000e+00,0.000000000000000000e+00
6.915164829793836176e-01,1.921691881953675463e+00,6.396118244395628816e-01,1.500000000000000000e+00,0.000000000000000000e+00,0.000000000000000000e+00,5.000000000000000278e-02,-1.037274724469075426e+00,-1.035268876470568866e+00,-1.500000000000000000e+00,-0.000000000000000000e+00
-4.616949118542956754e-01,1.917483843541165633e+00,4.533730962077808790e-01,1.500000000000000000e+00,0.000000000000000000e+00,0.000000000000000000e+00,5.000000000000000278e-02,6.925423677814435131e-01,6.085628032381377173e-01,-1.500000000000000000e+00,0.000000000000000000e+00
2.502595646278248154e+00,1.629330232124843736e+00,6.683196223308829342e-02,1.500000000000000000e+00,0.000000000000000000e+00,0.000000000000000000e+00,5.000000000000000278e-02,-3.753893469417372231e+00,-3.814262052773845113e+00,-1.500000000000000000e+00,-0.000000000000000000e+00
-1.315501198416733075e-01,7.927589650440257651e-01,4.122182943326074822e-01,1.500000000000000000e+00,0.000000000000000000e+00,0.000000000000000000e+00,5.000000000000000278e-02,1.973251797625099613e-01,1.943824965921516768e-01,-1.500000000000000000e+00,0.000000000000000000e+00
3.830839879071916698e-01,1.647650599968401020e+00,8.842670086865610513e-01,1.500000000000000000e+00,0.000000000000000000e+00,0.000000000000000000e+00,5.000000000000000278e-02,-5.746259818607875047e-01,-6.027802119134599845e-01,-1.500000000000000000e+00,-0.000000000000000000e+00
-1.955478095533146776e+00,1.632075525273676941e+00,6.229159470139630228e-01,1.500000000000000000e+00,0.000000000000000000e+00,0.000000000000000000e+00,5.000000000000000278e-02,2.933217143299720053e+00,2.987680195138409989e+00,-1.500000000000000000e+00,0.000000000000000000e+00
1.360808221862426670e+00,2.063383120524641789e+00,1.715808859454074353e-01,1.500000000000000000e+00,0.000000000000000000e+00,0.000000000000000000e+00,5.000000000000000278e-02,-2.041212332793640005e+00,-1.931132629372869891e+00,-1.500000000000000000e+00,-0.000000000000000000e+00
-2.274286871540684984e-01,1.930404549356300681e+00,9.113320422232203954e-01,1.500000000000000000e+00,0.000000000000000000e+00,0.000000000000000000e+00,5.000000000000000278e-02,3.411430307311027477e-01,2.809319069101459121e-01,-1.500000000000000000e+00,0.000000000000000000e+00
-2.079336105225332965e+00,1.703987414044209947e+00,9.209113279404212982e-03,1.500000000000000000e+00,0.000000000000000000e+00,0.000000000000000000e+00,5.000000000000000278e-02,3.119004157837999447e+00,3.192966249793442124e+00,-1.500000000000000000e+00,0.000000000000000000e+00
7.604803535879289811e-02,2.811493027642142373e-02,1.303659528602777451e-01,1.500000000000000000e+00,0.000000000000000000e+00,0.000000000000000000e+00,5.000000000000000278e-02,-1.140720530381893472e-01,-1.570657267578636773e-01,-1.500000000000000000e+00,-0.000000000000000000e+00
-1.718552407392808679e+00,2.269761877778699422e+00,7.598801521451337138e-01,1.500000000000000000e+00,0.000000000000000000e+00,0.000000000000000000e+00,5.000000000000000278e-02,2.577828611089213240e+00,2.454713897087882568e+00,-1.500000000000000000e+00,0.000000000000000000e+00
-9.164993476098892700e-01,2.230971979977220521e+00,7.323003921540484074e-01,1.500000000000000000e+00,0.000000000000000000e+00,0.000000000000000000e+00,5.000000000000000278e-02,1.374749021414833905e+00,1.353255317849937356e+00,-1.500000000000000000e+00,0.000000000000000000e+00
-1.316646794360905037e+00,6.295400362833848407e-01,2.345833970531689960e-01,1.500000000000000000e+00,0.000000000000000000e+00,0.000000000000000000e+00,5.000000000000000278e-02,1.974970191541357556e+00,2.156799290977762240e+00,-1.500000000000000000e+00,0.000000000000000000e+00
7.051411736219614923e-02,2.925753937088149126e+00,4.773255083292790024e-01,1.500000000000000000e+00,0.000000000000000000e+00,0.000000000000000000e+00,5.000000000000000278e-02,-1.057711760432942238e-01,-7.802138974563731233e-02,-1.500000000000000000e+00,-0.000000000000000000e+00
4.160864808687732008e-01,7.319261808001747971e-01,2.749702461942897802e-01,1.500000000000000000e+00,0.000000000000000000e+00,0.000000000000000000e+00,5.000000000000000278e-02,-6.241297213031598012e-01,-6.364259997847840911e-01,-1.500000000000000000e+00,-0.000000000000000000e+00
1.774010374079102448e+00,2.678584305553976641e+00,4.800746493568841533e-02,1.500000000000000000e+00,0.000000000000000000e+00,0.000000000000000000e+00,5.000000000000000278e-02,-2.661015561118653672e+00,-2.509950879281994229e+00,-1.500000000000000000e+00,-0.000000000000000000e+00
8.290186513798936119e-02,3.683409660351975035e-01,8.754688798743311962e-01,1.500000000000000000e+00,0.000000000000000000e+00,0.000000000000000000e+00,5.000000000000000278e-02,-1.243527977069840418e-01,-1.213496230198425063e-01,-1.500000000000000000e+00,-0.000000000000000000e+00
2.278991000778387566e+00,4.317569911444903985e-01,8.505348243454267099e-01,1.500000000000000000e+00,0.000000000000000000e+00,0.000000000000000000e+00,5.000000000000000278e-02,-3.418486501167581348e+00,-3.345402550313539614e+00,-1.500000000000000000e+00,-0.000000000000000000e+00
2.011297596704718416e+00,2.680406934212460790e+00,5.690572698298153043e-01,1.500000000000000000e+00,0.000000000000000000e+00,0.000000000000000000e+00,5.000000000000000278e-02,-3.016946395057077623e+00,-3.178792302056897334e+00,-1.500000000000000000e+00,-0.000000000000000000e+00
-2.730217617291466503e+00,1.433170793923447484e+00,5.696788818647865460e-01,1.500000000000000000e+00,0.000000000000000000e+00,0.000000000000000000e+00,5.000000000000000278e-02,4.095326425937200199e+00,3.881365485943389260e+00,-1.500000000000000000e+00,0.000000000000000000e+00
-9.162774073009050113e-01,2.597826004733569061e+00,5.157805189070663321e-01,1.500000000000000000e+00,0.000000000000000000e+00,0.000000000000000000e+00,5.000000000000000278e-02,1.374416110951357517e+00,1.269990686115200385e+00,-1.500000000000000000e+00,0.000000000000000000e+00
-2.407398903983895444e+00,1.904088839115282372e+00,5.671401674109363134e-01,1.500000000000000000e+00,0.000000000000000000e+00,0.000000000000000000e+00,5.000000000000000278e-02,3.611098355975843166e+00,3.769214646082017950e+00,-1.500000000000000000e+00,0.000000000000000000e+00
2.205607454009594015e+00,2.229621821934234305e+00,5.819755062969125259e-01,1.500000000000000000e+00,0.000000000000000000e+00,0.000000000000000000e+00,5.000000000000000278e-02,-3.308411181014391023e+00,-3.547111569112760154e+00,-1.500000000000000000e+00,-0.000000000000000000e+00
-2.751610660758696536e+00,2.290460690472436944e+00,9.781473923900654288e-01,1.500000000000000000e+00,0.000000000000000000e+00,0.000000000000000000e+00,5.000000000000000278e-02,4.127415991138044582e+00,4.409107444446730639e+00,-1.500000000000000000e+00,0.000000000000000000e+00
-1.553034206233076198e+00,2.696662628866243860e+00,8.919446342062679056e-01,1.500000000000000000e+00,0.000000000000000000e+00,0.000000000000000000e+00,5.000000000000000278e-02,2.329551309349614296e+00,2.163637693162720588e+00,-1.500000000000000000e+00,0.000000000000000000e+00
5.173994906721546272e-01,2.739706033604520474e+00,5.156835710685979679e-01,1.500000000000000000e+00,0.000000000000000000e+00,0.000000000000000000e+00,5.000000000000000278e-02,-7.760992360082319408e-01,-7.791314122950470100e-01,-1.500000000000000000e+00,-0.000000000000000000e+00
-2.263009288289930865e+00,9.876495956198920734e-01,8.745236715781170567e-01,1.500000000000000000e+00,0.000000000000000000e+00,0.000000000000000000e+00,5.000000000000000278e-02,3.394513932434896297e+00,3.422220037824406980e+00,-1.500000000000000000e+00,0.000000000000000000e+00
2.640359699487746958e+00,1.304785261925015094e+00,1.414222491064508480e-01,1.500000000000000000e+00,0.000000000000000000e+00,0.000000000000000000e+00,5.000000000000000278e-02,-3.960539549231620438e+00,-4.202242528741312100e+00,-1.500000000000000000e+00,-0.000000000000000000e+00
-1.387234563987252089e+00,2.508152191421869404e+00,5.776199643316520804e-01,1.500000000000000000e+00,0.000000000000000000e+00,0.000000000000000000e+00,5.000000000000000278e-02,2.080851845980878245e+00,1.865836734841552103e+00,-1.500000000000000000e+00,0.000000000000000000e+00
-2.349983696973285685e+00,1.091423211373719226e+00,1.776007460245375702e-01,1.500000000000000000e+00,0.000000000000000000e+00,0.000000000000000000e+00,5.000000000000000278e-02,3.524975545459928306e+00,3.421207156468079713e+00,-1.500000000000000000e+00,0.000000000000000000e+00
-2.259794306198015690e+00,2.274329299408748284e+00,6.170112168832486699e-01,1.500000000000000000e+00,0.000000000000000000e+00,0.000000000000000000e+00,5.000000000000000278e-02,3.389691459297023535e+00,3.652801413043654577e+00,-1.500000000000000000e+00,0.000000000000000000e+00
-5.254836294592850621e-01,2.875082814218061777e+00,2.024345319708251711e-01,1.500000000000000000e+00,0.000000000000000000e+00,0.000000000000000000e+00,5.000000000000000278e-02,7.882254441889275931e-01,8.569278998418125015e-01,-1.500000000000000000e+00,0.000000000000000000e+00
-1.099399601614936550e-01,1.703217540764535354e+00,7.572536035504353613e-01,1.500000000000000000e+00,0.000000000000000000e+00,0.000000000000000000e+00,5.000000000000000278e-02,1.649099402422404825e-01,9.686681258007963369e-02,-1.500000000000000000e+00,0.000000000000000000e+00
6.544900721959372447e-01,2.101859003469199294e+00,8.795879782228126498e-01,1.500000000000000000e+00,0.000000000000000000e+00,0.000000000000000000e+00,5.000000000000000278e-02,-9.817351082939058671e-01,-9.822549613354926157e-01,-1.500000000000000000e+00,-0.000000000000000000e+00
-2.407618682062427684e+00,1.145202914353369739e+00,9.501206968003937936e-01,1.500000000000000000e+00,0.000000000000000000e+00,0.000000000000000000e+00,5.000000000000000278e-02,3.611428023093641748e+00,3.561497107698423203e+00,-1.500000000000000000e+00,0.000000000000000000e+00
-1.953692633312421378e+00,2.450513386783434555e+00,5.084252913978843935e-01,1.500000000000000000e+00,0.000000000000000000e+00,0.000000000000000000e+00,5.000000000000000278e-02,2.930538949968632068e+00,3.091247491777219025e+00,-1.500000000000000000e+00,0.000000000000000000e+00
-1.133288801100499343e+00,2.181935349521995082e+00,8.548626541710669935e-01,1.500000000000000000e+00,0.000000000000000000e+00,0.000000000000000000e+00,5.000000000000000278e-02,1.699933201650749126e+00,1.727425416789771129e+00,-1.500000000000000000e+00,0.000000000000000000e+00
-2.604952294944710367e+00,2.183682414541850969e-01,2.923887635619275560e-01,1.500000000000000000e+00,0.000000000000000000e+00,0.000000000000000000e+00,5.000000000000000278e-02,3.907428442417065551e+00,3.724272342238367450e+00,-1.500000000000000000e+00,0.000000000000000000e+00
-2.487647515046019553e+00,1.237039339857487930e+00,3.446049841860550078e-01,1.500000000000000000e+00,0.000000000000000000e+00,0.000000000000000000e+00,5.000000000000000278e-02,3.731471272569029551e+00,4.147551605748518000e+00,-1.500000000000000000e+00,0.000000000000000000e+00
-9.342625101205461746e-01,1.235356668855370765e+00,9.528921025625468610e-01,1.500000000000000000e+00,0.000000000000000000e+00,0.000000000000000000e+00,5.000000000000000278e-02,1.401393765180819262e+00,1.454646840106981198e+00,-1.500000000000000000e+00,0.000000000000000000e+00
-7.625062450747988052e-01,2.537267721574731905e+00,8.409577558519643059e-01,1.500000000000000000e+00,0.000000000000000000e+00,0.000000000000000000e+00,5.000000000000000278e-02,1.143759367612198208e+00,1.095223342475243777e+00,-1.500000000000000000e+00,0.000000000000000000e+00
1.452944640626007811e+00,1.037572603093769308e+00,3.304518919345336148e-01,1.500000000000000000e+00,0.000000000000000000e+00,0.000000000000000000e+00,5.000000000000000278e-02,-2.179416960939011716e+00,-2.051898646970029993e+00,-1.500000000000000000e+00,-0.000000000000000000e+00
2.851921038331411751e+00,2.904744628368355341e-01,6.441285928849229681e-01,1.500000000000000000e+00,0.000000000000000000e+00,0.000000000000000000e+00,5.000000000000000278e-02,-4.277881557497117626e+00,-4.103793929031641419e+00,-1.500000000000000000e+00,-0.000000000000000000e+00
-2.065865048398349391e+00,2.749569169778419919e+00,1.430515038932476113e-01,1.500000000000000000e+00,0.000000000000000000e+00,0.000000000000000000e+00,5.000000000000000278e-02,3.098797572597524308e+00,3.287735115198402447e+00,-1.500000000000000000e+00,0.000000000000000000e+00
1.476792435513780255e+00,8.347274889310707380e-01,6.236489719420477140e-01,1.500000000000000000e+00,0.000000000000000000e+00,0.000000000000000000e+00,5.000000000000000278e-02,-2.215188653270670383e+00,-2.346944172177982679e+00,-1.500000000000000000e+00,-0.000000000000000000e+00
-2.776285474797176356e+00,2.229599695045596075e+00,2.843396443863129841e-01,1.500000000000000000e+00,0.000000000000000000e+00,0.000000000000000000e+00,5.000000000000000278e-02,4.164428212195764090e+00,4.196410623397666129e+00,-1.500000000000000000e+00,0.000000000000000000e+00
-1.884743631904939987e+00,1.733925400555602625e+00,4.662015535749874928e-02,1.500000000000000000e+00,0.000000000000000000e+00,0.000000000000000000e+00,5.000000000000000278e-02,2.827115447857409869e+00,2.727496593036178751e+00,-1.500000000000000000e+00,0.000000000000000000e+00
-2.619037170429803218e+00,1.317284579278573009e+00,3.476260613786338327e-01,1.500000000000000000e+00,0.000000000000000000e+00,0.000000000000000000e+00,5.000000000000000278e-02,3.928555755644704828e+00,3.891024159570874996e+00,-1.500000000000000000e+00,0.000000000000000000e+00
-2.628527387380700908e+00,8.955001641853642669e-01,4.635621385687501705e-01,1.500000000000000000e+00,0.000000000000000000e+00,0.000000000000000000e+00,5.000000000000000278e-02,3.942791081071051362e+00,3.897296150979764562e+00,-1.500000000000000000e+00,0.000000000000000000e+00
-1.950118238832438733e+00,2.084630086122411630e+00,1.534296028344190876e-01,1.500000000000000000e+00,0.000000000000000000e+00,0.000000000000000000e+00,5.000000000000000278e-02,2.925177358248657988e+00,2.982474773781301547e+00,-1.500000000000000000e+00,0.000000000000000000e+00
2.729620015678504430e-01,2.379784894613935275e+00,9.895569543506167465e-01,1.500000000000000000e+00,0.000000000000000000e+00,0.000000000000000000e+00,5.000000000000000278e-02,-4.094430023517756645e-01,-4.610265133582296393e-01,-1.500000000000000000e+00,-0.000000000000000000e+00
1.644416524242132027e+00,2.463245192815464168e+00,1.229034723442670174e-01,1.500000000000000000e+00,0.000000000000000000e+00,0.000000000000000000e+00,5.000000000000000278e-02,-2.466624786363198041e+00,-2.341738350046549400e+00,-1.500000000000000000e+00,-0.000000000000000000e+00
2.406680972733345136e+00,1.602660878521971810e+00,9.283659185420755078e-01,1.500000000000000000e+00,0.000000000000000000e+00,0.000000000000000000e+00,5.000000000000000278e-02,-3.610021459100017704e+00,-3.692245863977891229e+00,-1.500000000000000000e+00,-0.000000000000000000e+00
2.516629375030795757e+00,3.103146130080927101e-01,2.764216966436627843e-02,1.500000000000000000e+00,0.000000000000000000e+00,0.000000000000000000e+00,5.000000000000000278e-02,-3.774944062546193635e+00,-3.701876892276580122e+00,-1.500000000000000000e+00,-0.000000000000000000e+00
-1.094900187783631296e+00,4.709406491568839392e-01,1.200194187103675869e-02,1.500000000000000000e+00,0.000000000000000000e+00,0.000000000000000000e+00,5.000000000000000278e-02,1.642350281675446944e+00,1.632209877033066414e+00,-1.500000000000000000e+00,0.000000000000000000e+00
2.058616898784953797e+00,5.460193842742352421e-01,2.212801074778439903e-01,1.500000000000000000e+00,0.000000000000000000e+00,0.000000000000000000e+00,5.000000000000000278e-02,-3.087925348177430696e+00,-3.044839005912571395e+00,-1.500000000000000000e+00,-0.000000000000000000e+00
5.371028703387104031e-01,1.121876307315657240e+00,2.000481303270682520e-01,1.500000000000000000e+00,0.000000000000000000e+00,0.000000000000000000e+00,5.000000000000000278e-02,-8.056543055080656046e-01,-7.686033123406696976e-01,-1.500000000000000000e+00,-0.000000000000000000e+00
1.021859109128165244e+00,2.826026007461607925e+00,8.164253034992842162e-01,1.500000000000000000e+00,0.000000000000000000e+00,0.000000000000000000e+00,5.000000000000000278e-02,-1.532788663692247866e+00,-1.562197210220377164e+00,-1.500000000000000000e+00,-0.000000000000000000e+00
1.084422418312554370e+00,4.771327224780239629e-01,6.557903826957610649e-01,1.500000000000000000e+00,0.000000000000000000e+00,0.000000000000000000e+00,5.000000000000000278e-02,-1.626633627468831556e+00,-1.556088444562991224e+00,-1.500000000000000000e+00,-0.000000000000000000e+00
-1.484721528913778066e+00,1.901656150090628161e+00,1.269172186977423067e-01,1.500000000000000000e+00,0.000000000000000000e+00,0.000000000000000000e+00,5.000000000000000278e-02,2.227082293370667099e+00,2.177264608854182271e+00,-1.500000000000000000e+00,0.000000000000000000e+00
2.629783582091474337e+00,7.826768633283225363e-01,5.629073183119640555e-01,1.500000000000000000e+00,0.000000000000000000e+00,0.000000000000000000e+00,5.000000000000000278e-02,-3.944675373137211505e+00,-3.869819817348791879e+00,-1.500000000000000000e+00,-0.000000000000000000e+00
-7.853003493186281325e-01,1.281009794122932366e+00,1.927565114777455291e-01,1.500000000000000000e+00,0.000000000000000000e+00,0.000000000000000000e+00,5.000000000000000278e-02,1.177950523977942199e+00,1.170275810158430740e+00,-1.500000000000000000e+00,0.000000000000000000e+00
-2.431369072633951856e+00,2.255024624761795771e+00,7.689593690221605549e-01,1.500000000000000000e+00,0.000000000000000000e+00,0.000000000000000000e+00,5.000000000000000278e-02,3.647053608950927561e+00,3.517330139126268573e+00,-1.500000000000000000e+00,0.000000000000000000e+00
-7.382635924215819045e-02,2.316839116832639434e+00,1.693381790039658608e-01,1.500000000000000000e+00,0.000000000000000000e+00,0.000000000000000000e+00,5.000000000000000278e-02,1.107395388632372857e-01,-3.671655096442627553e-03,-1.500000000000000000e+00,0.000000000000000000e+00
3.905202444003341711e-01,2.341647441222861392e+00,4.596955086610500230e-01,1.500000000000000000e+00,0.000000000000000000e+00,0.000000000000000000e+00,5.000000000000000278e-02,-5.857803666005012566e-01,-6.283429208390837184e-01,-1.500000000000000000e+00,-0.000000000000000000e+00
3.943798009498560297e-01,2.900229598764940242e+00,8.990115212813580836e-01,1.500000000000000000e+00,0.000000000000000000e+00,0.000000000000000000e+00,5.000000000000000278e-02,-5.915697014247840446e-01,-6.264811951636626297e-01,-1.500000000000000000e+00,-0.000000000000000000e+00
5.584350507694919585e-01,2.130167373212322524e+00,3.695064786076955876e-01,1.500000000000000000e+00,0.000000000000000000e+00,0.000000000000000000e+00,5.000000000000000278e-02,-8.376525761542379378e-01,-8.637323033942767569e-01,-1.500000000000000000e+00,-0.000000000000000000e+00
2.866308093707727878e+00,5.783415272412336661e-01,1.413780565934005251e-01,1.500000000000000000e+00,0.000000000000000000e+00,0.000000000000000000e+00,5.000000000000000278e-02,-4.299462140561591816e+00,-4.030270913926221610e+00,-1.500000000000000000e+00,-0.000000000000000000e+00
2.493256201530353877e-01,2.851730763780134126e+00,7.015423665811698628e-01,1.500000000000000000e+00,0.000000000000000000e+00,0.000000000000000000e+00,5.000000000000000278e-02,-3.739884302295530816e-01,-4.250954822661808241e-01,-1.500000000000000000e+00,-0.000000000000000000e+00
1.582875345814963808e+00,8.113999161173007790e-01,6.051150295155156567e-01,1.500000000000000000e+00,0.000000000000000000e+00,0.000000000000000000e+00,5.000000000000000278e-02,-2.374313018722445712e+00,-2.305774210168554106e+00,-1.500000000000000000e+00,-0.000000000000000000e+00
1.393511101950149822e+00,1.240193180380126492e+00,4.488833998079222454e-01,1.500000000000000000e+00,0.000000000000000000e+00,0.000000000000000000e+00,5.000000000000000278e-02,-2.090266652925224733e+00,-1.816149631691638788e+00,-1.500000000000000000e+00,-0.000000000000000000e+00
3.230961063991513171e-01,2.773267840929378281e+00,1.684300512982046527e-01,1.500000000000000000e+00,0.000000000000000000e+00,0.000000000000000000e+00,5.000000000000000278e-02,-4.846441595987269757e-01,-5.318598726464839332e-01,-1.500000000000000000e+00,-0.000000000000000000e+00
5.145914933651041245e-01,1.365331289924833769e+00,6.632727316818076702e-01,1.500000000000000000e+00,0.000000000000000000e+00,0.000000000000000000e+00,5.000000000000000278e-02,-7.718872400476561868e-01,-7.512683296853625015e-01,-1.500000000000000000e+00,-0.000000000000000000e+00
2.373223252151639429e+00,1.745578706552576964e+00,9.270153839915518112e-01,1.500000000000000000e+00,0.000000000000000000e+00,0.000000000000000000e+00,5.000000000000000278e-02,-3.559834878227459143e+00,-3.431397019507148372e+00,-1.500000000000000000e+00,-0.000000000000000000e+00
-1.541731217049945091e+00,1.865405805057341881e+00,9.740035547880907529e-01,1.500000000000000000e+00,0.000000000000000000e+00,0.000000000000000000e+00,5.000000000000000278e-02,2.312596825574917858e+00,2.315075918544633904e+00,-1.500000000000000000e+00,0.000000000000000000e+00
1.619226644198010767e+00,1.056293094631491236e+00,1.923249783347126263e-01,1.500000000000000000e+00,0.000000000000000000e+00,0.000000000000000000e+00,5.000000000000000278e-02,-2.428839966297016151e+00,-2.410000512293958064e+00,-1.500000000000000000e+00,-0.000000000000000000e+00
-6.810301251700803249e-01,1.061231656780801114e+00,8.012136614634703946e-01,1.500000000000000000e+00,0.000000000000000000e+00,0.000000000000000000e+00,5.000000000000000278e-02,1.021545187755120487e+00,1.055600197463987477e+00,-1.500000000000000000e+00,0.000000000000000000e+00
9.805214453770476624e-01,1.406648748408916516e+00,9.268267559413431167e-01,1.500000000000000000e+00,0.000000000000000000e+00,0.000000000000000000e+00,5.000000000000000278e-02,-1.470782168065571494e+00,-1.291690069485605052e+00,-1.500000000000000000e+00,-0.000000000000000000e+00
2.952551787871691147e+00,9.958385092448851506e-01,4.225911939439427334e-01,1.500000000000000000e+00,0.000000000000000000e+00,0.000000000000000000e+00,5.000000000000000278e-02,-4.428827681807536720e+00,-4.586047603021866870e+00,-1.500000000000000000e+00,-0.000000000000000000e+00
-4.253806050167963093e-01,1.124971450177817189e+00,2.581476443985785130e-01,1.500000000000000000e+00,0.000000000000000000e+00,0.000000000000000000e+00,5.000000000000000278e-02,6.380709075251944640e-01,6.633072391405999690e-01,-1.500000000000000000e+00,0.000000000000000000e+00
1.914277637690622313e+00,1.506134802343750412e+00,9.573206294096665570e-01,1.500000000000000000e+00,0.000000000000000000e+00,0.000000000000000000e+00,5.000000000000000278e-02,-2.871416456535933470e+00,-2.845045108757070729e+00,-1.500000000000000000e+00,-0.000000000000000000e+00
-4.795825271373361787e-01,5.704571184429189090e-01,3.549424920045783916e-01,1.500000000000000000e+00,0.000000000000000000e+00,0.000000000000000000e+00,5.000000000000000278e-02,7.193737907060042680e-01,8.253559630822417947e-01,-1.500000000000000000e+00,0.000000000000000000e+00
-1.516146901000027913e+00,2.941749904125705140e+00,2.415598874374291771e-01,1.500000000000000000e+00,0.000000000000000000e+00,0.000000000000000000e+00,5.000000000000000278e-02,2.274220351500042092e+00,2.449855883661833822e+00,-1.500000000000000000e+00,0.000000000000000000e+00
-2.027235769597786952e+00,5.779400788849461401e-01,2.547730982482970807e-01,1.500000000000000000e+00,0.000000000000000000e+00,0.000000000000000000e+00,5.000000000000000278e-02,3.040853654396680206e+00,3.339282780642827575e+00,-1.500000000000000000e+00,0.000000000000000000e+00
2.294536848803871543e+00,2.904481021109180716e+00,4.501727557174075578e-01,1.500000000000000000e+00,0.000000000000000000e+00,0.000000000000000000e+00,5.000000000000000278e-02,-3.441805273205807314e+00,-3.343074212955256641e+00,-1.500000000000000000e+00,-0.000000000000000000e+00
2.845510500877919569e+00,2.300799441145531254e+00,6.979132265521792444e-01,1.500000000000000000e+00,0.000000000000000000e+00,0.000000000000000000e+00,5.000000000000000278e-02,-4.268265751316879353e+00,-4.182334622377136490e+00,-1.500000000000000000e+00,-0.000000000000000000e+00
1.563404965329829643e+00,1.044008875060286279e+00,4.479184746754860669e-01,1.500000000000000000e+00,0.000000000000000000e+00,0.000000000000000000e+00,5.000000000000000278e-02,-2.345107447994744465e+00,-2.338920166368752884e+00,-1.500000000000000000e+00,-0.000000000000000000e+00
-9.286537015682467811e-01,4.847930262534450030e-01,4.297157742411659154e-01,1.500000000000000000e+00,0.000000000000000000e+00,0.000000000000000000e+00,5.000000000000000278e-02,1.392980552352370172e+00,1.368003662459801761e+00,-1.500000000000000000e+00,0.000000000000000000e+00
2.637201688741084737e+00,1.977879997887896035e+00,2.020036720643842987e-01,1.500000000000000000e+00,0.000000000000000000e+00,0.000000000000000000e+00,5.000000000000000278e-02,-3.955802533111627106e+00,-4.109150654305700812e+00,-1.500000000000000000e+00,-0.000000000000000000e+00
-9.943979949873327229e-02,2.504998269025619173e+00,3.750246791839687566e-01,1.500000000000000000e+00,0.000000000000000000e+00,0.000000000000000000e+00,5.000000000000000278e-02,1.491596992480999084e-01,1.675708407403128097e-01,-1.500000000000000000e+00,0.000000000000000000e+00
-2.028063724153206238e-02,2.862111854797427135e+00,9.696565166395788582e-01,1.500000000000000000e+00,0.000000000000000000e+00,0.000000000000000000e+00,5.000000000000000278e-02,3.042095586229809356e-02,6.943124240114736945e-02,-1.500000000000000000e+00,0.000000000000000000e+00
2.245911078570527408e+00,1.253956466789374780e+00,2.292449416775149684e-01,1.500000000000000000e+00,0.000000000000000000e+00,0.000000000000000000e+00,5.000000000000000278e-02,-3.368866617855791112e+00,-3.313871779487543634e+00,-1.500000000000000000e+00,-0.000000000000000000e+00
-2.894358816489820185e+00,1.066677099886792046e+00,1.006180068267120697e-01,1.500000000000000000e+00,0.000000000000000000e+00,0.000000000000000000e+00,5.000000000000000278e-02,4.341538224734730278e+00,4.004896891323679320e+00,-1.500000000000000000e+00,0.000000000000000000e+00
1.432750153101809865e+00,2.748149894673164173e-01,1.447209804098381625e-01,1.500000000000000000e+00,0.000000000000000000e+00,0.000000000000000000e+00,5.000000000000000278e-02,-2.149125229652714797e+00,-2.091585509403955268e+00,-1.500000000000000000e+00,-0.000000000000000000e+00
-4.561160131308730215e-01,6.765751672931455962e-01,5.904992669133037886e-01,1.500000000000000000e+00,0.000000000000000000e+00,0.000000000000000000e+00,5.000000000000000278e-02,6.841740196963095322e-01,8.226342779740698496e-01,-1.500000000000000000e+00,0.000000000000000000e+00
1.716281483971806132e+00,2.150807757281926413e+00,8.850349727378270526e-01,1.500000000000000000e+00,0.000000000000000000e+00,0.000000000000000000e+00,5.000000000000000278e-02,-2.574422225957709198e+00,-2.583063302756017254e+00,-1.500000000000000000e+00,-0.000000000000000000e+00
-9.402265279925252628e-01,1.727352677753595467e+00,3.320191689203233487e-02,1.500000000000000000e+00,0.000000000000000000e+00,0.000000000000000000e+00,5.000000000000000278e-02,1.410339791988787894e+00,1.335752417955408111e+00,-1.500000000000000000e+00,0.000000000000000000e+00
-1.989583194843836056e+00,2.485529489534826109e+00,2.805446037009117211e-01,1.500000000000000000e+00,0.000000000000000000e+00,0.000000000000000000e+00,5.000000000000000278e-02,2.984374792265754195e+00,3.180065944910758891e+00,-1.500000000000000000e+00,0.000000000000000000e+00
6.023284926065572975e-01,2.954493378355964595e+00,8.770081982036566082e-01,1.500000000000000000e+00,0.000000000000000000e+00,0.000000000000000000e+00,5.000000000000000278e-02,-9.034927389098359463e-01,-9.533755383309862053e-01,-1.500000000000000000e+00,-0.000000000000000000e+00
6.803201553104369914e-01,1.486397914249752095e+00,1.093400951865243220e-01,1.500000000000000000e+00,0.000000000000000000e+00,0.000000000000000000e+00,5.000000000000000278e-02,-1.020480232965655487e+00,-1.013502104669798287e+00,-1.500000000000000000e+00,-0.000000000000000000e+00
-6.519613799005572474e-01,5.330594615828854188e-03,5.900008686776959665e-01,1.500000000000000000e+00,0.000000000000000000e+00,0.000000000000000000e+00,5.000000000000000278e-02,9.779420698508358711e-01,9.928415625938767919e-01,-1.500000000000000000e+00,0.000000000000000000e+00
-8.798274287259060245e-01,1.225784990437383204e+00,4.858242075607985822e-01,1.500000000000000000e+00,0.000000000000000000e+00,0.000000000000000000e+00,5.000000000000000278e-02,1.319741143088859037e+00,1.284701373057951512e+00,-1.500000000000000000e+00,0.000000000000000000e+00
2.658239015943435035e+00,1.364193331767899808e+00,2.330876208263567007e-01,1.500000000000000000e+00,0.000000000000000000e+00,0.000000000000000000e+00,5.000000000000000278e-02,-3.987358523915152553e+00,-4.171225214807509296e+00,-1.500000000000000000e+00,-0.000000000000000000e+00
-2.008508819946721147e+00,1.663547779384231040e+00,7.262960737175554460e-01,1.500000000000000000e+00,0.000000000000000000e+00,0.000000000000000000e+00,5.000000000000000278e-02,3.012763229920081720e+00,3.057037631408508815e+00,-1.500000000000000000e+00,0.000000000000000000e+00
1.120630792464558212e+00,1.468392127527758051e+00,1.754839253732418669e-01,1.500000000000000000e+00,0.000000000000000000e+00,0.000000000000000000e+00,5.000000000000000278e-02,-1.680946188696837318e+00,-1.777067675560112026e+00,-1.500000000000000000e+00,-0.000000000000000000e+00
-6.999820191277219550e-01,5.887272784293184902e-01,1.173688500044618443e-01,1.500000000000000000e+00,0.000000000000000000e+00,0.000000000000000000e+00,5.000000000000000278e-02,1.049973028691582932e+00,1.070338184304608475e+00,-1.500000000000000000e+00,0.000000000000000000e+00
2.946427015646161607e+00,2.120131565297285636e+00,6.257547867466584091e-02,1.500000000000000000e+00,0.000000000000000000e+00,0.000000000000000000e+00,5.000000000000000278e-02,-4.419640523469242410e+00,-4.311045307211404776e+00,-1.500000000000000000e+00,-0.000000000000000000e+00
2.862993454019573392e+00,4.786863431676332548e-01,9.324497427595183074e-01,1.500000000000000000e+00,0.000000000000000000e+00,0.000000000000000000e+00,5.000000000000000278e-02,-4.294490181029360087e+00,-4.535285709130791432e+00,-1.500000000000000000e+00,-0.000000000000000000e+00
1.563908383159013482e+00,1.335179927290742530e+00,1.968827154407819524e-01,1.500000000000000000e+00,0.000000000000000000e+00,0.000000000000000000e+00,5.000000000000000278e-02,-2.345862574738520223e+00,-2.260236787994056140e+00,-1.500000000000000000e+00,-0.000000000000000000e+00
2.543534677365704155e-01,1.039275712794458961e+00,1.441579321885079201e-01,1.500000000000000000e+00,0.000000000000000000e+00,0.000000000000000000e+00,5.000000000000000278e-02,-3.815302016048556233e-01,-4.445903461010837776e-01,-1.500000000000000000e+00,-0.000000000000000000e+00
-1.130442858788049953e-01,2.251283362757645179e+00,3.594462550995883854e-01,1.500000000000000000e+00,0.000000000000000000e+00,0.000000000000000000e+00,5.000000000000000278e-02,1.695664288182074930e-01,1.814260078979138824e-01,-1.500000000000000000e+00,0.000000000000000000e+00
-2.166958392670486511e+00,1.002353759231136898e+00,1.845605753793413406e-01,1.500000000000000000e+00,0.000000000000000000e+00,0.000000000000000000e+00,5.000000000000000278e-02,3.250437589005729766e+00,3.131653424348059378e+00,-1.500000000000000000e+00,0.000000000000000000e+00
4.462461870740650483e-01,3.920966999950684650e-01,4.597626902801996707e-01,1.500000000000000000e+00,0.000000000000000000e+00,0.000000000000000000e+00,5.000000000000000278e-02,-6.693692806110975724e-01,-7.298672552351621601e-01,-1.500000000000000000e+00,-0.000000000000000000e+00
2.096752642784027287e+00,1.078277935463812343e+00,6.830866045371108974e-02,1.500000000000000000e+00,0.000000000000000000e+00,0.000000000000000000e+00,5.000000000000000278e-02,-3.145128964176040931e+00,-3.224667021637827702e+00,-1.500000000000000000e+00,-0.000000000000000000e+00
1.681800916359020626e+00,2.732480765659945909e+00,2.122229409003620892e-01,1.500000000000000000e+00,0.000000000000000000e+00,0.000000000000000000e+00,5.000000000000000278e-02,-2.522701374538530938e+00,-2.502899841541414538e+00,-1.500000000000000000e+00,-0.000000000000000000e+00
-7.486100314029231484e-01,2.484869445741780147e+00,6.881461684572781623e-01,1.500000000000000000e+00,0.000000000000000000e+00,0.000000000000000000e+00,5.000000000000000278e-02,1.122915047104384723e+00,1.163177064445489295e+00,-1.500000000000000000e+00,0.000000000000000000e+00
-1.934647877078924161e+00,2.971403098760791561e+00,5.634094009790810986e-01,1.500000000000000000e+00,0.000000000000000000e+00,0.000000000000000000e+00,5.000000000000000278e-02,2.901971815618386241e+00,2.990944183804712164e+00,-1.500000000000000000e+00,0.000000000000000000e+00
-1.932091988903068547e-01,1.707984142129686855e+00,8.796580745962744308e-01,1.500000000000000000e+00,0.000000000000000000e+00,0.000000000000000000e+00,5.000000000000000278e-02,2.898137983354602820e-01,2.466639071186462195e-01,-1.500000000000000000e+00,0.000000000000000000e+00
-2.774746453127837853e+00,1.372049649391255510e+00,9.631804504460061978e-02,1.500000000000000000e+00,0.000000000000000000e+00,0.000000000000000000e+00,5.000000000000000278e-02,4.162119679691756780e+00,4.139695688780642868e+00,-1.500000000000000000e+00,0.000000000000000000e+00
4.030030635750563306e-01,6.227556378504365275e-01,6.325299154709470573e-01,1.500000000000000000e+00,0.000000000000000000e+00,0.000000000000000000e+00,5.000000000000000278e-02,-6.045045953625844959e-01,-7.362674115583826007e-01,-1.500000000000000000e+00,-0.000000000000000000e+00
1.233945605780875532e+00,1.916541625644117008e-01,4.761025546257436902e-01,1.500000000000000000e+00,0.000000000000000000e+00,0.000000000000000000e+00,5.000000000000000278e-02,-1.850918408671313298e+00,-1.775757781842216998e+00,-1.500000000000000000e+00,-0.000000000000000000e+00
-2.963931901854246931e+00,2.632803280729989037e+00,3.000390678270228317e-01,1.500000000000000000e+00,0.000000000000000000e+00,0.000000000000000000e+00,5.000000000000000278e-02,4.445897852781370396e+00,4.443915736238061243e+00,-1.500000000000000000e+00,0.000000000000000000e+00
1.720354009475460799e+00,1.732480760005455700e+00,3.985974974331321086e-01,1.500000000000000000e+00,0.000000000000000000e+00,0.000000000000000000e+00,5.000000000000000278e-02,-2.580531014213191199e+00,-2.601037831381372900e+00,-1.500000000000000000e+00,-0.000000000000000000e+00
-7.858213950129275815e-01,1.496034496007685899e+00,8.513377281652814155e-01,1.500000000000000000e+00,0.000000000000000000e+00,0.000000000000000000e+00,5.000000000000000278e-02,1.178732092519391372e+00,1.161984409305490074e+00,-1.500000000000000000e+00,0.000000000000000000e+00
5.460350694688234086e-01,1.437470172399769375e+00,9.857475060315096238e-01,1.500000000000000000e+00,0.000000000000000000e+00,0.000000000000000000e+00,5.000000000000000278e-02,-8.190526042032351128e-01,-9.145790903002088967e-01,-1.500000000000000000e+00,-0.000000000000000000e+00
9.067302787420707944e-01,6.024553798390555048e-01,5.978234532529577150e-01,1.500000000000000000e+00,0.000000000000000000e+00,0.000000000000000000e+00,5.000000000000000278e-02,-1.360095418113106192e+00,-1.339508783203696929e+00,-1.500000000000000000e+00,-0.000000000000000000e+00
2.188953851058703215e+00,2.203972643710637946e+00,6.324569225788864157e-01,1.500000000000000000e+00,0.000000000000000000e+00,0.000000000000000000e+00,5.000000000000000278e-02,-3.283430776588054822e+00,-3.260440481096120724e+00,-1.500000000000000000e+00,-0.000000000000000000e+00
2.875635960003113389e+00,1.035258668528344472e+00,7.633951374315317562e-02,1.500000000000000000e+00,0.000000000000000000e+00,0.000000000000000000e+00,5.000000000000000278e-02,-4.313453940004670528e+00,-4.332671677610161254e+00,-1.500000000000000000e+00,-0.000000000000000000e+00
9.246707640738001110e-01,3.227243794982729286e-01,3.175680434322469825e-02,1.500000000000000000e+00,0.000000000000000000e+00,0.000000000000000000e+00,5.000000000000000278e-02,-1.387006146110700167e+00,-1.316076553329019294e+00,-1.500000000000000000e+00,-0.000000000000000000e+00
-3.129171339140617292e-01,2.591695836722521129e+00,5.606347106082018028e-01,1.500000000000000000e+00,0.000000000000000000e+00,0.000000000000000000e+00,5.000000000000000278e-02,4.693757008710925938e-01,4.617897284464678731e-01,-1.500000000000000000e+00,0.000000000000000000e+00
1.502693510240888486e+00,1.988863725623142509e+00,7.142771186230789660e-02,1.500000000000000000e+00,0.000000000000000000e+00,0.000000000000000000e+00,5.000000000000000278e-02,-2.254040265361332729e+00,-2.314160482785364792e+00,-1.500000000000000000e+00,-0.000000000000000000e+00
1.273592818180661723e+00,3.137980717224257976e-01,9.782385237906860986e-01,1.500000000000000000e+00,0.000000000000000000e+00,0.000000000000000000e+00,5.000000000000000278e-02,-1.910389227270992585e+00,-1.802542886380118503e+00,-1.500000000000000000e+00,-0.000000000000000000e+00
-7.702108811790626675e-01,1.043723466866674832e+00,1.172312729053990310e-01,1.500000000000000000e+00,0.000000000000000000e+00,0.000000000000000000e+00,5.000000000000000278e-02,1.155316321768594001e+00,1.141466920789352857e+00,-1.500000000000000000e+00,0.000000000000000000e+00
2.398527541706906518e+00,1.434750411347196497e-01,1.201139422395853806e-01,1.500000000000000000e+00,0.000000000000000000e+00,0.000000000000000000e+00,5.000000000000000278e-02,-3.597791312560359778e+00,-3.753168745787282656e+00,-1.500000000000000000e+00,-0.000000000000000000e+00
-2.214153283850348597e+00,2.674695241268897128e+00,5.859610084508288796e-01,1.500000000000000000e+00,0.000000000000000000e+00,0.000000000000000000e+00,5.000000000000000278e-02,3.321229925775522673e+00,2.956082841705191200e+00,-1.500000000000000000e+00,0.000000000000000000e+00
-2.891596058359367838e+00,1.990137013291467749e+00,4.810755479755007835e-01,1.500000000000000000e+00,0.000000000000000000e+00,0.000000000000000000e+00,5.000000000000000278e-02,4.337394087539051313e+00,4.236843578039716895e+00,-1.500000000000000000e+00,0.000000000000000000e+00
-1.853963443933102084e+00,2.385538766637161689e+00,6.573918720930593818e-01,1.500000000000000000e+00,0.000000000000000000e+00,0.000000000000000000e+00,5.000000000000000278e-02,2.780945165899653126e+00,2.721224567320835508e+00,-1.500000000000000000e+00,0.000000000000000000e+00
9.422302101670108065e-01,1.949266932895246773e+00,6.945450875749025199e-01,1.500000000000000000e+00,0.000000000000000000e+00,0.000000000000000000e+00,5.000000000000000278e-02,-1.413345315250516210e+00,-1.491416064959830257e+00,-1.500000000000000000e+00,-0.000000000000000000e+00
2.925122365167319494e+00,6.953832662343788495e-01,3.390865865796229839e-01,1.500000000000000000e+00,0.000000000000000000e+00,0.000000000000000000e+00,5.000000000000000278e-02,-4.387683547750979685e+00,-4.290294106694799936e+00,-1.500000000000000000e+00,-0.000000000000000000e+00
-5.804717230322022914e-01,2.209352612215247369e+00,2.150711433572284337e-01,1.500000000000000000e+00,0.000000000000000000e+00,0.000000000000000000e+00,5.000000000000000278e-02,8.707075845483034371e-01,7.876836803167115431e-01,-1.500000000000000000e+00,0.000000000000000000e+00
-2.208616229433641553e+00,1.629643740135567898e+00,5.007835430026932322e-01,1.500000000000000000e+00,0.000000000000000000e+00,0.000000000000000000e+00,5.000000000000000278e-02,3.312924344150462552e+00,3.294316754754825105e+00,-1.500000000000000000e+00,0.000000000000000000e+00
1.788012921462718730e+00,2.941498166377090939e+00,1.635507420238162535e-01,1.500000000000000000e+00,0.000000000000000000e+00,0.000000000000000000e+00,5.000000000000000278e-02,-2.682019382194078094e+00,-2.677613723107911792e+00,-1.500000000000000000e+00,-0.000000000000000000e+00
2.931321385460641693e+00,3.294536029954366896e-01,5.056393181196693343e-01,1.500000000000000000e+00,0.000000000000000000e+00,0.000000000000000000e+00,5.000000000000000278e-02,-4.396982078190962540e+00,-4.180484719214213385e+00,-1.500000000000000000e+00,-0.000000000000000000e+00
-2.559485486967252754e+00,9.185676227807780814e-01,8.035930060993059509e-01,1.500000000000000000e+00,0.000000000000000000e+00,0.000000000000000000e+00,5.000000000000000278e-02,3.839228230450879131e+00,3.834192050922892392e+00,-1.500000000000000000e+00,0.000000000000000000e+00
1.038561686328901779e+00,1.867660851497418673e+00,1.051126981531599336e-01,1.500000000000000000e+00,0.000000000000000000e+00,0.000000000000000000e+00,5.000000000000000278e-02,-1.557842529493352668e+00,-1.580661004487092569e+00,-1.500000000000000000e+00,-0.000000000000000000e+00
1.206574253839840516e-01,1.627538840167892076e+00,6.088435321238783171e-01,1.500000000000000000e+00,0.000000000000000000e+00,0.000000000000000000e+00,5.000000000000000278e-02,-1.809861380759760774e-01,-1.307085393303899779e-01,-1.500000000000000000e+00,-0.000000000000000000e+00
7.702749577158778393e-01,1.408904104106621258e+00,3.198025234578516507e-02,1.500000000000000000e+00,0.000000000000000000e+00,0.000000000000000000e+00,5.000000000000000278e-02,-1.155412436573816759e+00,-1.075884579582726097e+00,-1.500000000000000000e+00,-0.000000000000000000e+00
-8.067685214056723453e-01,2.350353625608209818e+00,7.748843898501763805e-01,1.500000000000000000e+00,0.000000000000000000e+00,0.000000000000000000e+00,5.000000000000000278e-02,1.210152782108508518e+00,1.224537651912833258e+00,-1.500000000000000000e+00,0.000000000000000000e+00
-1.316933916621069844e+00,3.807981713054252593e-01,6.994909366865713629e-01,1.500000000000000000e+00,0.000000000000000000e+00,0.000000000000000000e+00,5.000000000000000278e-02,1.975400874931604767e+00,1.889586081458238809e+00,-1.500000000000000000e+00,0.000000000000000000e+00
2.053093551839122455e+00,2.672654403441481641e+00,8.109357958052922921e-01,1.500000000000000000e+00,0.000000000000000000e+00,0.000000000000000000e+00,5.000000000000000278e-02,-3.079640327758683682e+00,-3.005376565143217160e+00,-1.500000000000000000e+00,-0.000000000000000000e+00
-2.478671844997821783e+00,9.032761317225486142e-01,7.813424466514212741e-01,1.500000000000000000e+00,0.000000000000000000e+00,0.000000000000000000e+00,5.000000000000000278e-02,3.718007767496732896e+00,3.502066608740344922e+00,-1.500000000000000000e+00,0.000000000000000000e+00
1.103929580937672128e+00,7.952884490653379101e-01,6.892423053800634802e-01,1.500000000000000000e+00,0.000000000000000000e+00,0.000000000000000000e+00,5.000000000000000278e-02,-1.655894371406508192e+00,-1.550059208919278619e+00,-1.500000000000000000e+00,-0.000000000000000000e+00
-4.127585567154543611e-01,1.854758029555521048e-01,6.259582276713165916e-01,1.500000000000000000e+00,0.000000000000000000e+00,0.000000000000000000e+00,5.000000000000000278e-02,6.191378350731815416e-01,6.314732615139220240e-01,-1.500000000000000000e+00,0.000000000000000000e+00
3.537069877485068403e-01,1.276504066287498684e+00,3.366007863909583619e-01,1.500000000000000000e+00,0.000000000000000000e+00,0.000000000000000000e+00,5.000000000000000278e-02,-5.305604816227602605e-01,-5.765184923680978235e-01,-1.500000000000000000e+00,-0.000000000000000000e+00
2.659471234351584279e+00,1.004394732488492537e+00,1.595203989642022258e-01,1.500000000000000000e+00,0.000000000000000000e+00,0.000000000000000000e+00,5.000000000000000278e-02,-3.989206851527376418e+00,-3.620536968642429798e+00,-1.500000000000000000e+00,-0.000000000000000000e+00
1.327358740905182799e+00,9.080247106265132429e-01,9.302820234871717053e-01,1.500000000000000000e+00,0.000000000000000000e+00,0.000000000000000000e+00,5.000000000000000278e-02,-1.991038111357774198e+00,-2.132841522698821990e+00,-1.500000000000000000e+00,-0.000000000000000000e+00
1.368455013122637176e+00,2.384093819508755541e+00,9.350284835033997322e-01,1.500000000000000000e+00,0.000000000000000000e+00,0.000000000000000000e+00,5.000000000000000278e-02,-2.052682519683955764e+00,-1.946895676149729137e+00,-1.500000000000000000e+00,-0.000000000000000000e+00
-1.293430977254939052e-01,1.483175212533403009e+00,3.315121607758596545e-01,1.500000000000000000e+00,0.000000000000000000e+00,0.000000000000000000e+00,5.000000000000000278e-02,1.940146465882408577e-01,1.764547091990759098e-01,-1.500000000000000000e+00,0.000000000000000000e+00
9.888059681200638273e-01,8.698515790443067663e-01,9.339233485761815334e-01,1.500000000000000000e+00,0.000000000000000000e+00,0.000000000000000000e+00,5.000000000000000278e-02,-1.483208952180095741e+00,-1.521302136132142602e+00,-1.500000000000000000e+00,-0.000000000000000000e+00
-4.777298117629529273e-01,1.030672760735267257e+00,5.921278422759365112e-01,1.500000000000000000e+00,0.000000000000000000e+00,0.000000000000000000e+00,5.000000000000000278e-02,7.165947176444293909e-01,6.396279383976193333e-01,-1.500000000000000000e+00,0.000000000000000000e+00
-3.077300071416102512e-01,1.906161234076902966e-01,1.868051105399394229e-01,1.500000000000000000e+00,0.000000000000000000e+00,0.000000000000000000e+00,5.000000000000000278e-02,4.615950107124153767e-01,3.648345172199605191e-01,-1.500000000000000000e+00,0.000000000000000000e+00
2.098824647917806985e+00,9.558528859614181528e-01,1.479718239881391284e-01,1.500000000000000000e+00,0.000000000000000000e+00,0.000000000000000000e+00,5.000000000000000278e-02,-3.148236971876710477e+00,-3.113494199680214791e+00,-1.500000000000000000e+00,-0.000000000000000000e+00
5.650846129254638583e-01,4.827841604983994506e-01,3.981810122632613025e-01,1.500000000000000000e+00,0.000000000000000000e+00,0.000000000000000000e+00,5.000000000000000278e-02,-8.476269193881957875e-01,-8.974792485254883267e-01,-1.500000000000000000e+00,-0.000000000000000000e+00
1.668741989527734226e+00,7.295831592914572283e-01,4.022094604968714515e-01,1.500000000000000000e+00,0.000000000000000000e+00,0.000000000000000000e+00,5.000000000000000278e-02,-2.503112984291601339e+00,-2.374187841381417474e+00,-1.500000000000000000e+00,-0.000000000000000000e+00
5.357707424813584751e-01,4.959973495924715481e-01,2.752612984386456629e-01,1.500000000000000000e+00,0.000000000000000000e+00,0.000000000000000000e+00,5.000000000000000278e-02,-8.036561137220377127e-01,-8.062715615363663657e-01,-1.500000000000000000e+00,-0.000000000000000000e+00
5.487870591148080734e-02,1.028949078107957549e+00,3.752745952988756351e-01,1.500000000000000000e+00,0.000000000000000000e+00,0.000000000000000000e+00,5.000000000000000278e-02,-8.231805886722121102e-02,-6.575027390818188877e-02,-1.500000000000000000e+00,-0.000000000000000000e+00
1.479736566238455175e+00,1.354662658700236388e-01,2.808825143576133554e-01,1.500000000000000000e+00,0.000000000000000000e+00,0.000000000000000000e+00,5.000000000000000278e-02,-2.219604849357682763e+00,-2.008892363597472031e+00,-1.500000000000000000e+00,-0.000000000000000000e+00
-1.006238345295944248e+00,1.280058186049099600e+00,9.945348452091467006e-01,1.500000000000000000e+00,0.000000000000000000e+00,0.000000000000000000e+00,5.000000000000000278e-02,1.509357517943916260e+00,1.382224072101595702e+00,-1.500000000000000000e+00,0.000000000000000000e+00
2.005992335300129881e+00,2.609913902844767986e+00,8.663417317464050527e-02,1.500000000000000000e+00,0.000000000000000000e+00,0.000000000000000000e+00,5.000000000000000278e-02,-3.008988502950194821e+00,-2.992040108478501548e+00,-1.500000000000000000e+00,-0.000000000000000000e+00
7.307492134492328262e-01,2.170459857975303386e+00,7.594117427427201639e-01,1.500000000000000000e+00,0.000000000000000000e+00,0.000000000000000000e+00,5.000000000000000278e-02,-1.096123820173849239e+00,-1.120416330775741764e+00,-1.500000000000000000e+00,-0.000000000000000000e+00
-1.495110214385627190e+00,1.912044655538509552e+00,1.744012827445903246e-01,1.500000000000000000e+00,0.000000000000000000e+00,0.000000000000000000e+00,5.000000000000000278e-02,2.242665321578440896e+00,2.317213649427263711e+00,-1.500000000000000000e+00,0.000000000000000000e+00
1.024157156194171137e+00,2.510466487302132954e+00,4.594160077207005699e-01,1.500000000000000000e+00,0.000000000000000000e+00,0.000000000000000000e+00,5.000000000000000278e-02,-1.536235734291256705e+00,-1.550055064122279225e+00,-1.500000000000000000e+00,-0.000000000000000000e+00
1.991683019281251354e+00,2.309710827755108831e+00,2.690842575783304325e-01,1.500000000000000000e+00,0.000000000000000000e+00,0.000000000000000000e+00,5.000000000000000278e-02,-2.987524528921877032e+00,-3.068989750075716838e+00,-1.500000000000000000e+00,-0.000000000000000000e+00
-1.621420556073960295e+00,2.310746670682174653e+00,6.357262485372050520e-01,1.500000000000000000e+00,0.000000000000000000e+00,0.000000000000000000e+00,5.000000000000000278e-02,2.432130834110940221e+00,2.332401527271676933e+00,-1.500000000000000000e+00,0.000000000000000000e+00
-8.386133849934909179e-01,2.832794209036792576e+00,7.271821184414228867e-01,1.500000000000000000e+00,0.000000000000000000e+00,0.000000000000000000e+00,5.000000000000000278e-02,1.257920077490236377e+00,1.243127749115437775e+00,-1.500000000000000000e+00,0.000000000000000000e+00
2.249816402355175882e-01,1.717277647043649047e+00,4.318253617531103705e-01,1.500000000000000000e+00,0.000000000000000000e+00,0.000000000000000000e+00,5.000000000000000278e-02,-3.374724603532763822e-01,-4.101473782661994028e-01,-1.500000000000000000e+00,-0.000000000000000000e+00
-1.611853910785286281e+00,1.799951134735262359e+00,5.808165221005842094e-01,1.500000000000000000e+00,0.000000000000000000e+00,0.000000000000000000e+00,5.000000000000000278e-02,2.417780866177929422e+00,2.492791057305261848e+00,-1.500000000000000000e+00,0.000000000000000000e+00
1.109337845257357458e+00,2.691136629716261996e+00,7.369233131590468000e-01,1.500000000000000000e+00,0.000000000000000000e+00,0.000000000000000000e+00,5.000000000000000278e-02,-1.664006767886036187e+00,-1.897699403257097517e+00,-1.500000000000000000e+00,-0.000000000000000000e+00
1.902511764113515191e+00,3.746368486172761969e-01,2.202112455968751048e-01,1.500000000000000000e+00,0.000000000000000000e+00,0.000000000000000000e+00,5.000000000000000278e-02,-2.853767646170272787e+00,-2.782545228583595431e+00,-1.500000000000000000e+00,-0.000000000000000000e+00
-1.790810524752188826e-01,2.930761130961998973e+00,9.729254453880734621e-01,1.500000000000000000e+00,0.000000000000000000e+00,0.000000000000000000e+00,5.000000000000000278e-02,2.686215787128283239e-01,2.928033234201235513e-01,-1.500000000000000000e+00,0.000000000000000000e+00
-2.760294832644262009e+00,2.817916928946253119e+00,9.762708245540725471e-01,1.500000000000000000e+00,0.000000000000000000e+00,0.000000000000000000e+00,5.000000000000000278e-02,4.140442248966392569e+00,4.150918336161060651e+00,-1.500000000000000000e+00,0.000000000000000000e+00
-1.032811155954795446e+00,1.598036076458237309e+00,5.163235471750717842e-01,1.500000000000000000e+00,0.000000000000000000e+00,0.000000000000000000e+00,5.000000000000000278e-02,1.549216733932193168e+00,1.522587832397804597e+00,-1.500000000000000000e+00,0.000000000000000000e+00
1.335998912868789468e+00,2.406815261042421383e+00,9.954918546269875268e-02,1.500000000000000000e+00,0.000000000000000000e+00,0.000000000000000000e+00,5.000000000000000278e-02,-2.003998369303184202e+00,-1.912425534533031879e+00,-1.500000000000000000e+00,-0.000000000000000000e+00
6.363561239202422115e-01,2.193165354010434331e+00,6.516754519106198185e-01,1.500000000000000000e+00,0.000000000000000000e+00,0.000000000000000000e+00,5.000000000000000278e-02,-9.545341858803633173e-01,-9.177101744507693004e-01,-1.500000000000000000e+00,-0.000000000000000000e+00
5.160962852500539100e-02,1.467666251323404225e+00,6.379737271606944482e-01,1.500000000000000000e+00,0.000000000000000000e+00,0.000000000000000000e+00,5.000000000000000278e-02,-7.741444278750808650e-02,-3.831896402553136571e-02,-1.500000000000000000e+00,-0.000000000000000000e+00
1.627783322551584533e+00,1.992372809709080927e-01,4.152971331113433084e-01,1.500000000000000000e+00,0.000000000000000000e+00,0.000000000000000000e+00,5.000000000000000278e-02,-2.441674983827376799e+00,-2.494969502701051223e+00,-1.500000000000000000e+00,-0.000000000000000000e+00
2.810953694075653431e+00,1.702546137454581832e+00,5.312708025394408118e-02,1.500000000000000000e+00,0.000000000000000000e+00,0.000000000000000000e+00,5.000000000000000278e-02,-4.216430541113480146e+00,-4.127437038542454140e+00,-1.500000000000000000e+00,-0.000000000000000000e+00
-3.376366346137782415e-02,8.576865003183762326e-01,1.959764647576847096e-01,1.500000000000000000e+00,0.000000000000000000e+00,0.000000000000000000e+00,5.000000000000000278e-02,5.064549519206673622e-02,4.466946650579837336e-02,-1.500000000000000000e+00,0.000000000000000000e+00
-1.369415787836534504e+00,1.447863804387264697e+00,1.169864051662161675e-01,1.500000000000000000e+00,0.000000000000000000e+00,0.000000000000000000e+00,5.000000000000000278e-02,2.054123681754801645e+00,2.001293777727916723e+00,-1.500000000000000000e+00,0.000000000000000000e+00
1.547222321580492554e+00,2.969803532048115313e-01,4.030890548618706326e-01,1.500000000000000000e+00,0.000000000000000000e+00,0.000000000000000000e+00,5.000000000000000278e-02,-2.320833482370738832e+00,-2.198360927071926429e+00,-1.500000000000000000e+00,-0.000000000000000000e+00
-1.928864351402959754e+00,1.441531262055688600e+00,1.980739659891671556e-01,1.500000000000000000e+00,0.000000000000000000e+00,0.000000000000000000e+00,5.000000000000000278e-02,2.893296527104439519e+00,2.695785936647907111e+00,-1.500000000000000000e+00,0.000000000000000000e+00
-2.072546597133448021e+00,2.767312301918733120e+00,4.987431962207827807e-01,1.500000000000000000e+00,0.000000000000000000e+00,0.000000000000000000e+00,5.000000000000000278e-02,3.108819895700172253e+00,3.064370313359210396e+00,-1.500000000000000000e+00,0.000000000000000000e+00
1.069144988618815795e+00,2.458927293229566935e+00,7.213710387523538659e-01,1.500000000000000000e+00,0.000000000000000000e+00,0.000000000000000000e+00,5.000000000000000278e-02,-1.603717482928223692e+00,-1.708680756626462127e+00,-1.500000000000000000e+00,-0.000000000000000000e+00
-1.479608818301117568e+00,2.144984746134588782e+00,7.265498603206378414e-01,1.500000000000000000e+00,0.000000000000000000e+00,0.000000000000000000e+00,5.000000000000000278e-02,2.219413227451676462e+00,2.011925955496227214e+00,-1.500000000000000000e+00,0.000000000000000000e+00
1.713426520995646740e+00,1.305573083658181366e-01,9.741205676919324485e-01,1.500000000000000000e+00,0.000000000000000000e+00,0.000000000000000000e+00,5.000000000000000278e-02,-2.570139781493470110e+00,-2.413826357645989074e+00,-1.500000000000000000e+00,-0.000000000000000000e+00
-1.347541879344259952e+00,1.849578482898669662e+00,8.677798878407693151e-01,1.500000000000000000e+00,0.000000000000000000e+00,0.000000000000000000e+00,5.000000000000000278e-02,2.021312819016389817e+00,2.087912608165127804e+00,-1.500000000000000000e+00,0.000000000000000000e+00
-1.680492823389396762e-01,4.010509430091175886e-01,2.567204647736917034e-01,1.500000000000000000e+00,0.000000000000000000e+00,0.000000000000000000e+00,5.000000000000000278e-02,2.520739235084095142e-01,2.655646370716092663e-01,-1.500000000000000000e+00,0.000000000000000000e+00
-8.105906189258917927e-01,2.554325428376971630e+00,3.088693924829477577e-01,1.500000000000000000e+00,0.000000000000000000e+00,0.000000000000000000e+00,5.000000000000000278e-02,1.215885928388837689e+00,1.143059942033699539e+00,-1.500000000000000000e+00,0.000000000000000000e+00
-1.810708020576893729e+00,2.557563578507207946e+00,4.904620721884960233e-01,1.500000000000000000e+00,0.000000000000000000e+00,0.000000000000000000e+00,5.000000000000000278e-02,2.716062030865340482e+00,2.710552986243852658e+00,-1.500000000000000000e+00,0.000000000000000000e+00
-1.415539673316408731e+00,2.446384324344586858e+00,6.398168838088288402e-01,1.500000000000000000e+00,0.000000000000000000e+00,0.000000000000000000e+00,5.000000000000000278e-02,2.123309509974613096e+00,2.196633638029452662e+00,-1.500000000000000000e+00,0.000000000000000000e+00
8.107403893223175118e-01,1.128259601170515491e+00,7.038545454377529431e-01,1.500000000000000000e+00,0.000000000000000000e+00,0.000000000000000000e+00,5.000000000000000278e-02,-1.216110583983476268e+00,-1.336453227812594902e+00,-1.500000000000000000e+00,-0.000000000000000000e+00
-1.753275000723899524e+00,4.514886353771684346e-01,1.885747193611315708e-01,1.500000000000000000e+00,0.000000000000000000e+00,0.000000000000000000e+00,5.000000000000000278e-02,2.629912501085849286e+00,2.717411602800136272e+00,-1.500000000000000000e+00,0.000000000000000000e+00
1.201712187965398471e+00,2.716327041504193129e+00,6.305695971451324988e-01,1.500000000000000000e+00,0.000000000000000000e+00,0.000000000000000000e+00,5.000000000000000278e-02,-1.802568281948097706e+00,-1.768452434223306557e+00,-1.500000000000000000e+00,-0.000000000000000000e+00
-7.553405954991410098e-02,3.521100962286822789e-01,7.425890749317523021e-01,1.500000000000000000e+00,0.000000000000000000e+00,0.000000000000000000e+00,5.000000000000000278e-02,1.133010893248711515e-01,2.025946206118367232e-01,-1.500000000000000000e+00,0.000000000000000000e+00
-1.371041869085011911e+00,2.218001803918830284e+00,6.298194632045208685e-01,1.500000000000000000e+00,0.000000000000000000e+00,0.000000000000000000e+00,5.000000000000000278e-02,2.056562803627517866e+00,1.958330257862401336e+00,-1.500000000000000000e+00,0.000000000000000000e+00
2.028700013440461802e+00,6.885659106827893838e-01,8.512315224583322237e-01,1.500000000000000000e+00,0.000000000000000000e+00,0.000000000000000000e+00,5.000000000000000278e-02,-3.043050020160692704e+00,-2.765841996807760772e+00,-1.500000000000000000e+00,-0.000000000000000000e+00
-1.479993728607971182e+00,2.437736760995973251e-01,1.540054355834329369e-01,1.500000000000000000e+00,0.000000000000000000e+00,0.000000000000000000e+00,5.000000000000000278e-02,2.219990592911956995e+00,2.227288320840899782e+00,-1.500000000000000000e+00,0.000000000000000000e+00
2.652972677534656043e+00,2.023851125653448157e+00,1.293748197150713652e-01,1.500000000000000000e+00,0.000000000000000000e+00,0.000000000000000000e+00,5.000000000000000278e-02,-3.979459016301984065e+00,-3.909113139007383442e+00,-1.500000000000000000e+00,-0.000000000000000000e+00
4.182955334775160239e-01,2.025890881722082426e+00,1.704997687364461223e-01,1.500000000000000000e+00,0.000000000000000000e+00,0.000000000000000000e+00,5.000000000000000278e-02,-6.274433002162740358e-01,-5.854151409229453318e-01,-1.500000000000000000e+00,-0.000000000000000000e+00
1.600886763408293945e+00,2.646450064196818719e+00,2.497596629365391729e-01,1.500000000000000000e+00,0.000000000000000000e+00,0.000000000000000000e+00,5.000000000000000278e-02,-2.401330145112440917e+00,-2.127022795708512160e+00,-1.500000000000000000e+00,-0.000000000000000000e+00
2.928899691394354576e+00,2.315577789135419895e+00,8.140779964464397445e-01,1.500000000000000000e+00,0.000000000000000000e+00,0.000000000000000000e+00,5.000000000000000278e-02,-4.393349537091531865e+00,-4.174859685416318911e+00,-1.500000000000000000e+00,-0.000000000000000000e+00
-1.319333494217129754e-01,2.561514135569937345e+00,1.908810306155329650e-01,1.500000000000000000e+00,0.000000000000000000e+00,0.000000000000000000e+00,5.000000000000000278e-02,1.979000241325694631e-01,2.902618931974222383e-01,-1.500000000000000000e+00,0.000000000000000000e+00
1.187617246855653619e+00,2.060922444870045833e+00,7.475371414644083057e-02,1.500000000000000000e+00,0.000000000000000000e+00,0.000000000000000000e+00,5.000000000000000278e-02,-1.781425870283480428e+00,-1.776096024809554752e+00,-1.500000000000000000e+00,-0.000000000000000000e+00
-2.518564421602618175e+00,8.827841940151653910e-01,5.971809743534823856e-01,1.500000000000000000e+00,0.000000000000000000e+00,0.000000000000000000e+00,5.000000000000000278e-02,3.777846632403927263e+00,3.910186498037513392e+00,-1.500000000000000000e+00,0.000000000000000000e+00
1.574243931209742264e+00,2.614742845532957105e+00,5.831492499347945557e-02,1.500000000000000000e+00,0.000000000000000000e+00,0.000000000000000000e+00,5.000000000000000278e-02,-2.361365896814613397e+00,-2.257395887755593744e+00,-1.500000000000000000e+00,-0.000000000000000000e+00
-2.432681564755199588e+00,1.811505787092074993e+00,8.538931323972942522e-01,1.500000000000000000e+00,0.000000000000000000e+00,0.000000000000000000e+00,5.000000000000000278e-02,3.649022347132799382e+00,3.406067457850091351e+00,-1.500000000000000000e+00,0.000000000000000000e+00
-1.329643328336584052e+00,2.612922910647510477e-01,6.878677854069528141e-01,1.500000000000000000e+00,0.000000000000000000e+00,0.000000000000000000e+00,5.000000000000000278e-02,1.994464992504876077e+00,2.017852136996369339e+00,-1.500000000000000000e+00,0.000000000000000000e+00
1.815697800499473047e+00,9.513595829442765828e-01,1.521286861073242180e-01,1.500000000000000000e+00,0.000000000000000000e+00,0.000000000000000000e+00,5.000000000000000278e-02,-2.723546700749209570e+00,-2.694751244752837671e+00,-1.500000000000000000e+00,-0.000000000000000000e+00
1.148417372495002198e+00,7.925417180109151083e-02,5.931273204869816906e-01,1.500000000000000000e+00,0.000000000000000000e+00,0.000000000000000000e+00,5.000000000000000278e-02,-1.722626058742503297e+00,-1.672586586996135827e+00,-1.500000000000000000e+00,-0.000000000000000000e+00
-9.731096367130431801e-01,1.069174218904818785e+00,7.606598036240234117e-01,1.500000000000000000e+00,0.000000000000000000e+00,0.000000000000000000e+00,5.000000000000000278e-02,1.459664455069564770e+00,1.577980250977034427e+00,-1.500000000000000000e+00,0.000000000000000000e+00
-2.318178061178235438e+00,2.862159095311840762e+00,4.647497826488223849e-01,1.500000000000000000e+00,0.000000000000000000e+00,0.000000000000000000e+00,5.000000000000000278e-02,3.477267091767353158e+00,3.595340405739908984e+00,-1.500000000000000000e+00,0.000000000000000000e+00
-2.251685626704383658e+00,8.618005497561589401e-01,5.551705060627355470e-01,1.500000000000000000e+00,0.000000000000000000e+00,0.000000000000000000e+00,5.000000000000000278e-02,3.377528440056575487e+00,3.427324881207126861e+00,-1.500000000000000000e+00,0.000000000000000000e+00
1.729004071512683538e+00,2.343232987181360638e+00,9.924793022587538038e-01,1.500000000000000000e+00,0.000000000000000000e+00,0.000000000000000000e+00,5.000000000000000278e-02,-2.593506107269025307e+00,-2.579026803606058849e+00,-1.500000000000000000e+00,-0.000000000000000000e+00
-1.370052606256323413e+00,1.643082917810857246e+00,5.605274333477637816e-01,1.500000000000000000e+00,0.000000000000000000e+00,0.000000000000000000e+00,5.000000000000000278e-02,2.055078909384485009e+00,2.063022440137855629e+00,-1.500000000000000000e+00,0.000000000000000000e+00
-1.489411792039189608e+00,4.056180637618336249e-01,8.758739072971625239e-01,1.500000000000000000e+00,0.000000000000000000e+00,0.000000000000000000e+00,5.000000000000000278e-02,2.234117688058784523e+00,2.082064827298125032e+00,-1.500000000000000000e+00,0.000000000000000000e+00
-2.934598537910707350e+00,1.404157200028892216e+00,7.235322744350691782e-02,1.500000000000000000e+00,0.000000000000000000e+00,0.000000000000000000e+00,5.000000000000000278e-02,4.401897806866061025e+00,4.355345629652606299e+00,-1.500000000000000000e+00,0.000000000000000000e+00
4.044315706364924878e-01,1.794344783778571095e+00,4.546059650521001583e-01,1.500000000000000000e+00,0.000000000000000000e+00,0.000000000000000000e+00,5.000000000000000278e-02,-6.066473559547387318e-01,-6.507475889841914940e-01,-1.500000000000000000e+00,-0.000000000000000000e+00
1.307435505171889112e+00,2.820274264833019462e+00,2.008099541021270973e-01,1.500000000000000000e+00,0.000000000000000000e+00,0.000000000000000000e+00,5.000000000000000278e-02,-1.961153257757833668e+00,-2.094049618098716703e+00,-1.500000000000000000e+00,-0.000000000000000000e+00
2.610880355149324927e+00,1.526166028418407095e+00,8.312115564538713475e-01,1.500000000000000000e+00,0.000000000000000000e+00,0.000000000000000000e+00,5.000000000000000278e-02,-3.916320532723987391e+00,-3.718731758304762103e+00,-1.500000000000000000e+00,-0.000000000000000000e+00
2.804092240851611351e+00,2.166608588418271530e+00,9.309927657525425282e-01,1.500000000000000000e+00,0.000000000000000000e+00,0.000000000000000000e+00,5.000000000000000278e-02,-4.206138361277417026e+00,-4.402456177460450704e+00,-1.500000000000000000e+00,-0.000000000000000000e+00
-1.784654789575998102e+00,2.284736603719287551e+00,2.502122332578524677e-01,1.500000000000000000e+00,0.000000000000000000e+00,0.000000000000000000e+00,5.000000000000000278e-02,2.676982184363997153e+00,2.538999443561445357e+00,-1.500000000000000000e+00,0.000000000000000000e+00
-2.675836629322381199e+00,2.827365192710997288e+00,9.722587006843684820e-01,1.500000000000000000e+00,0.000000000000000000e+00,0.000000000000000000e+00,5.000000000000000278e-02,4.013754943983571799e+00,3.681500475021088015e+00,-1.500000000000000000e+00,0.000000000000000000e+00
-5.053862420523485000e-01,1.018638514425238562e+00,7.956286180549799747e-01,1.500000000000000000e+00,0.000000000000000000e+00,0.000000000000000000e+00,5.000000000000000278e-02,7.580793630785227499e-01,8.153045098915192579e-01,-1.500000000000000000e+00,0.000000000000000000e+00
-9.802570877640315317e-01,2.640078506466640551e+00,3.231165495816590294e-01,1.500000000000000000e+00,0.000000000000000000e+00,0.000000000000000000e+00,5.000000000000000278e-02,1.470385631646047297e+00,1.573878039860241218e+00,-1.500000000000000000e+00,0.000000000000000000e+00
-2.376323353460175092e+00,8.680558908013660258e-01,1.836597485633194582e-01,1.500000000000000000e+00,0.000000000000000000e+00,0.000000000000000000e+00,5.000000000000000278e-02,3.564485030190262638e+00,3.633589898105153981e+00,-1.500000000000000000e+00,0.000000000000000000e+00
1.909049259589160386e+00,6.239678097490510833e-01,9.137026594317434469e-01,1.500000000000000000e+00,0.000000000000000000e+00,0.000000000000000000e+00,5.000000000000000278e-02,-2.863573889383740578e+00,-2.909616266097016180e+00,-1.500000000000000000e+00,-0.000000000000000000e+00
-8.677735368731855914e-01,1.441825928009801139e+00,6.732113264423711385e-01,1.500000000000000000e+00,0.000000000000000000e+00,0.000000000000000000e+00,5.000000000000000278e-02,1.301660305309778387e+00,1.334928995406569063e+00,-1.500000000000000000e+00,0.000000000000000000e+00
1.640489249982719500e+00,2.476030946767473484e+00,6.895881643375104675e-01,1.500000000000000000e+00,0.000000000000000000e+00,0.000000000000000000e+00,5.000000000000000278e-02,-2.460733874974079249e+00,-2.397308439022044269e+00,-1.500000000000000000e+00,-0.000000000000000000e+00
-1.089595271535834353e+00,1.721637736167833443e+00,9.787616851839855414e-01,1.500000000000000000e+00,0.000000000000000000e+00,0.000000000000000000e+00,5.000000000000000278e-02,1.634392907303751530e+00,1.641487485091344789e+00,-1.500000000000000000e+00,0.000000000000000000e+00
-1.661522064768388596e+00,1.689881802814773071e+00,8.586456761977599994e-01,1.500000000000000000e+00,0.000000000000000000e+00,0.000000000000000000e+00,5.000000000000000278e-02,2.492283097152582894e+00,2.524770835060480056e+00,-1.500000000000000000e+00,0.000000000000000000e+00
-9.622494350097796634e-01,1.977984745826274482e-01,5.640316604344148832e-01,1.500000000000000000e+00,0.000000000000000000e+00,0.000000000000000000e+00,5.000000000000000278e-02,1.443374152514669495e+00,1.322453614741561978e+00,-1.500000000000000000e+00,0.000000000000000000e+00
9.457821465556648377e-01,2.359467325170537810e-01,6.778721525745833310e-01,1.500000000000000000e+00,0.000000000000000000e+00,0.000000000000000000e+00,5.000000000000000278e-02,-1.418673219833497257e+00,-1.408847885978739667e+00,-1.500000000000000000e+00,-0.000000000000000000e+00
-7.451487498556872424e-01,2.897683586316995630e+00,6.463629484321412599e-01,1.500000000000000000e+00,0.000000000000000000e+00,0.000000000000000000e+00,5.000000000000000278e-02,1.117723124783530864e+00,1.093458831113605756e+00,-1.500000000000000000e+00,0.000000000000000000e+00
1.869554151311470847e+00,2.272207484705369929e+00,4.598609843642798012e-03,1.500000000000000000e+00,0.000000000000000000e+00,0.000000000000000000e+00,5.000000000000000278e-02,-2.804331226967206270e+00,-2.834388338199873125e+00,-1.500000000000000000e+00,-0.000000000000000000e+00
-2.382584013558051161e-01,1.341142124572389793e+00,1.267540601403367440e-01,1.500000000000000000e+00,0.000000000000000000e+00,0.000000000000000000e+00,5.000000000000000278e-02,3.573876020337076742e-01,3.516091446753815686e-01,-1.500000000000000000e+00,0.000000000000000000e+00
1.200513761766295318e+00,1.921313389800047622e+00,8.691441400968480391e-02,1.500000000000000000e+00,0.000000000000000000e+00,0.000000000000000000e+00,5.000000000000000278e-02,-1.800770642649442976e+00,-1.926239466099927578e+00,-1.500000000000000000e+00,-0.000000000000000000e+00
-6.833529014967547610e-01,2.849713572600856004e+00,6.544698940270384790e-01,1.500000000000000000e+00,0.000000000000000000e+00,0.000000000000000000e+00,5.000000000000000278e-02,1.025029352245132142e+00,1.037706358305792609e+00,-1.500000000000000000e+00,0.000000000000000000e+00
1.306504940568370188e+00,2.181511442966246328e+00,9.744072793147063871e-01,1.500000000000000000e+00,0.000000000000000000e+00,0.000000000000000000e+00,5.000000000000000278e-02,-1.959757410852555282e+00,-1.899169272846952250e+00,-1.500000000000000000e+00,-0.000000000000000000e+00
6.389484568203762649e-02,2.969964220958982715e-01,7.060814946140214765e-01,1.500000000000000000e+00,0.000000000000000000e+00,0.000000000000000000e+00,5.000000000000000278e-02,-9.584226852305643973e-02,-2.045391933379599181e-01,-1.500000000000000000e+00,-0.000000000000000000e+00
2.861136618109410890e+00,2.284775873666540225e+00,3.792608893626675526e-01,1.500000000000000000e+00,0.000000000000000000e+00,0.000000000000000000e+00,5.000000000000000278e-02,-4.291704927164116334e+00,-4.621611820574250906e+00,-1.500000000000000000e+00,-0.000000000000000000e+00
6.755181105040719558e-01,2.063240766384569103e+00,1.254093445566919485e-01,1.500000000000000000e+00,0.000000000000000000e+00,0.000000000000000000e+00,5.000000000000000278e-02,-1.013277165756107934e+00,-9.409756269205502566e-01,-1.500000000000000000e+00,-0.000000000000000000e+00
-4.585039610832022383e-01,1.669706133998098752e+00,7.615118965262026585e-01,1.500000000000000000e+00,0.000000000000000000e+00,0.000000000000000000e+00,5.000000000000000278e-02,6.877559416248033575e-01,6.124591192289524644e-01,-1.500000000000000000e+00,0.000000000000000000e+00
9.402444763720945176e-01,1.575962319623094299e+00,2.996419533810230629e-01,1.500000000000000000e+00,0.000000000000000000e+00,0.000000000000000000e+00,5.000000000000000278e-02,-1.410366714558141776e+00,-1.360646610384323552e+00,-1.500000000000000000e+00,-0.000000000000000000e+00
-1.040181972798924104e+00,1.121067694493361078e+00,6.499312640680758868e-01,1.500000000000000000e+00,0.000000000000000000e+00,0.000000000000000000e+00,5.000000000000000278e-02,1.560272959198386156e+00,1.627234118007827357e+00,-1.500000000000000000e+00,0.000000000000000000e+00
7.800840952834624531e-01,1.488971292958918280e-01,3.866153471569988564e-02,1.500000000000000000e+00,0.000000000000000000e+00,0.000000000000000000e+00,5.000000000000000278e-02,-1.170126142925193680e+00,-1.062285169465063239e+00,-1.500000000000000000e+00,-0.000000000000000000e+00
-1.698623743578235645e+00,2.408363089187822048e+00,7.295559678600840314e-01,1.500000000000000000e+00,0.000000000000000000e+00,0.000000000000000000e+00,5.000000000000000278e-02,2.547935615367353357e+00,2.507168152715405718e+00,-1.500000000000000000e+00,0.000000000000000000e+00
2.903294549476139963e+00,2.705781174703950853e+00,2.582089300360609352e-01,1.500000000000000000e+00,0.000000000000000000e+00,0.000000000000000000e+00,5.000000000000000278e-02,-4.354941824214209944e+00,-4.522946416373943457e+00,-1.500000000000000000e+00,-0.000000000000000000e+00
2.081747246655490713e+00,1.558593525654369039e+00,8.669025882628461632e-01,1.500000000000000000e+00,0.000000000000000000e+00,0.000000000000000000e+00,5.000000000000000278e-02,-3.122620869983236069e+00,-3.236546305132401713e+00,-1.500000000000000000e+00,-0.000000000000000000e+00
-1.825216209893649522e+00,1.624319755752305028e+00,5.848226424525234668e-01,1.500000000000000000e+00,0.000000000000000000e+00,0.000000000000000000e+00,5.000000000000000278e-02,2.737824314840474393e+00,2.634061471376744290e+00,-1.500000000000000000e+00,0.000000000000000000e+00
-1.623344412421395599e+00,2.813225527931968895e+00,2.263099203429000950e-01,1.500000000000000000e+00,0.000000000000000000e+00,0.000000000000000000e+00,5.000000000000000278e-02,2.435016618632093177e+00,2.231224191330306805e+00,-1.500000000000000000e+00,0.000000000000000000e+00
1.985212330950352211e-01,1.019709640043503285e+00,8.746629416053527395e-01,1.500000000000000000e+00,0.000000000000000000e+00,0.000000000000000000e+00,5.000000000000000278e-02,-2.977818496425528316e-01,-3.546462145864706650e-01,-1.500000000000000000e+00,-0.000000000000000000e+00
7.845695091640201291e-01,2.545577418959799054e-02,6.124119731937590627e-01,1.500000000000000000e+00,0.000000000000000000e+00,0.000000000000000000e+00,5.000000000000000278e-02,-1.176854263746030194e+00,-1.209814933868673004e+00,-1.500000000000000000e+00,-0.000000000000000000e+00
-1.031168858514933673e+00,7.212971538382665360e-01,7.320502251963740825e-01,1.500000000000000000e+00,0.000000000000000000e+00,0.000000000000000000e+00,5.000000000000000278e-02,1.546753287772400398e+00,1.509164872012920933e+00,-1.500000000000000000e+00,0.000000000000000000e+00
2.180548988281069356e+00,7.575650520011459887e-01,9.728944413977250738e-01,1.500000000000000000e+00,0.000000000000000000e+00,0.000000000000000000e+00,5.000000000000000278e-02,-3.270823482421604034e+00,-3.154418570834992774e+00,-1.500000000000000000e+00,-0.000000000000000000e+00
-2.351928489816324408e+00,1.712759205070701229e+00,4.914265742444088314e-01,1.500000000000000000e+00,0.000000000000000000e+00,0.000000000000000000e+00,5.000000000000000278e-02,3.527892734724486612e+00,3.651671008093984483e+00,-1.500000000000000000e+00,0.000000000000000000e+00
3.804766176290272917e-01,8.581376552238291211e-01,7.253705623483105436e-01,1.500000000000000000e+00,0.000000000000000000e+00,0.000000000000000000e+00,5.000000000000000278e-02,-5.707149264435409375e-01,-5.696656171435560134e-01,-1.500000000000000000e+00,-0.000000000000000000e+00
-4.919098597822628705e-01,2.457967508903065035e+00,9.051248630786269400e-01,1.500000000000000000e+00,0.000000000000000000e+00,0.000000000000000000e+00,5.000000000000000278e-02,7.378647896733943057e-01,6.465224113569705278e-01,-1.500000000000000000e+00,0.000000000000000000e+00
2.655126897797799757e+00,6.720851669716543242e-02,2.586670855242685363e-01,1.500000000000000000e+00,0.000000000000000000e+00,0.000000000000000000e+00,5.000000000000000278e-02,-3.982690346696699635e+00,-3.874975248206263601e+00,-1.500000000000000000e+00,-0.000000000000000000e+00
1.381291608309358487e+00,2.873321318648251133e+00,3.376868470776860365e-01,1.500000000000000000e+00,0.000000000000000000e+00,0.000000000000000000e+00,5.000000000000000278e-02,-2.071937412464037731e+00,-2.104975529151435598e+00,-1.500000000000000000e+00,-0.000000000000000000e+00
2.423666486089073757e+00,1.007328510381159559e+00,9.048284783099493911e-01,1.500000000000000000e+00,0.000000000000000000e+00,0.000000000000000000e+00,5.000000000000000278e-02,-3.635499729133610636e+00,-3.981730620401085829e+00,-1.500000000000000000e+00,-0.000000000000000000e+00
1.847152663922113192e+00,1.411694550863037190e+00,1.881640841721020641e-01,1.500000000000000000e+00,0.000000000000000000e+00,0.000000000000000000e+00,5.000000000000000278e-02,-2.770728995883169787e+00,-2.850055345951207908e+00,-1.500000000000000000e+00,-0.000000000000000000e+00
-1.902020320411060172e+00,1.274061241778839282e+00,5.454245726451610876e-01,1.500000000000000000e+00,0.000000000000000000e+00,0.000000000000000000e+00,5.000000000000000278e-02,2.853030480616590481e+00,2.735351019073122725e+00,-1.500000000000000000e+00,0.000000000000000000e+00
-1.026540636144352314e+00,2.038008184863102645e-01,7.478010645242580967e-01,1.500000000000000000e+00,0.000000000000000000e+00,0.000000000000000000e+00,5.000000000000000278e-02,1.539810954216528582e+00,1.536593512647428827e+00,-1.500000000000000000e+00,0.000000000000000000e+00
-9.348026323283815664e-01,1.327884210978095503e+00,7.115335151415433934e-01,1.500000000000000000e+00,0.000000000000000000e+00,0.000000000000000000e+00,5.000000000000000278e-02,1.402203948492572350e+00,1.423290032635699642e+00,-1.500000000000000000e+00,0.000000000000000000e+00
-2.405140759096255021e+00,5.532352371400791613e-01,2.233616513293091854e-01,1.500000000000000000e+00,0.000000000000000000e+00,0.000000000000000000e+00,5.000000000000000278e-02,3.607711138644382309e+00,3.892691790092429382e+00,-1.500000000000000000e+00,0.000000000000000000e+00
2.011246893998997365e+00,3.610349084796564689e-01,5.040417478457440703e-01,1.500000000000000000e+00,0.000000000000000000e+00,0.000000000000000000e+00,5.000000000000000278e-02,-3.016870340998496047e+00,-3.124666055103573648e+00,-1.500000000000000000e+00,-0.000000000000000000e+00
2.012478335580100364e+00,3.957528255476019385e-01,4.771178611378452672e-01,1.500000000000000000e+00,0.000000000000000000e+00,0.000000000000000000e+00,5.000000000000000278e-02,-3.018717503370150546e+00,-3.002306926526991493e+00,-1.500000000000000000e+00,-0.000000000000000000e+00
1.776742933553902226e+00,7.935909603408006774e-01,4.546019218908001758e-01,1.500000000000000000e+00,0.000000000000000000e+00,0.000000000000000000e+00,5.000000000000000278e-02,-2.665114400330853339e+00,-2.810366544961743429e+00,-1.500000000000000000e+00,-0.000000000000000000e+00
-2.862792525849275904e+00,2.514320645882353933e+00,6.422193060293999167e-01,1.500000000000000000e+00,0.000000000000000000e+00,0.000000000000000000e+00,5.000000000000000278e-02,4.294188788773913856e+00,4.163064722429915321e+00,-1.500000000000000000e+00,0.000000000000000000e+00
2.934831590763868903e+00,2.191537164848005759e+00,8.419185035653153903e-02,1.500000000000000000e+00,0.000000000000000000e+00,0.000000000000000000e+00,5.000000000000000278e-02,-4.402247386145803354e+00,-4.704013758890012831e+00,-1.500000000000000000e+00,-0.000000000000000000e+00
2.045925469891395565e+00,1.463840047525208465e+00,2.088304836708454459e-01,1.500000000000000000e+00,0.000000000000000000e+00,0.000000000000000000e+00,5.000000000000000278e-02,-3.068888204837093348e+00,-3.086288875033132761e+00,-1.500000000000000000e+00,-0.000000000000000000e+00
-2.205987932699201792e+00,8.077780967639180965e-01,3.084056970529458486e-01,1.500000000000000000e+00,0.000000000000000000e+00,0.000000000000000000e+00,5.000000000000000278e-02,3.308981899048802688e+00,3.391478407632151360e+00,-1.500000000000000000e+00,0.000000000000000000e+00
-1.319838175384665968e+00,1.814456038793818671e+00,4.621793371339286693e-01,1.500000000000000000e+00,0.000000000000000000e+00,0.000000000000000000e+00,5.000000000000000278e-02,1.979757263076999063e+00,1.943087778086564299e+00,-1.500000000000000000e+00,0.000000000000000000e+00
7.826947417569467547e-01,1.579932908138713232e+00,6.127196277962171367e-01,1.500000000000000000e+00,0.000000000000000000e+00,0.000000000000000000e+00,5.000000000000000278e-02,-1.174042112635420132e+00,-1.094829781467537400e+00,-1.500000000000000000e+00,-0.000000000000000000e+00
-1.932236906812390131e-01,7.169025266500658189e-01,1.825591399118682290e-01,1.500000000000000000e+00,0.000000000000000000e+00,0.000000000000000000e+00,5.000000000000000278e-02,2.898355360218585197e-01,2.844870843863622212e-01,-1.500000000000000000e+00,0.000000000000000000e+00
-1.836937522736677320e+00,7.532555898662195437e-01,5.249077403930879626e-02,1.500000000000000000e+00,0.000000000000000000e+00,0.000000000000000000e+00,5.000000000000000278e-02,2.755406284105015757e+00,2.868722130644384194e+00,-1.500000000000000000e+00,0.000000000000000000e+00
1.297157107689058009e+00,8.028863579820811891e-01,4.093843353158799214e-01,1.500000000000000000e+00,0.000000000000000000e+00,0.000000000000000000e+00,5.000000000000000278e-02,-1.945735661533587013e+00,-1.978253537072778956e+00,-1.500000000000000000e+00,-0.000000000000000000e+00
1.357535201108047040e+00,2.543578838621813887e+00,8.661431722056648352e-01,1.500000000000000000e+00,0.000000000000000000e+00,0.000000000000000000e+00,5.000000000000000278e-02,-2.036302801662070561e+00,-2.043530637120773985e+00,-1.500000000000000000e+00,-0.000000000000000000e+00
-1.956775057020144093e+00,2.396457469547429220e+00,3.177700576244740782e-01,1.500000000000000000e+00,0.000000000000000000e+00,0.000000000000000000e+00,5.000000000000000278e-02,2.935162585530216361e+00,3.179247125406297503e+00,-1.500000000000000000e+00,0.000000000000000000e+00
-1.883766380536879836e-01,1.510099639573840635e+00,6.850309383592454449e-01,1.500000000000000000e+00,0.000000000000000000e+00,0.000000000000000000e+00,5.000000000000000278e-02,2.825649570805319755e-01,2.341766373301722159e-01,-1.500000000000000000e+00,0.000000000000000000e+00
2.351962903541618743e+00,2.583017669622280188e+00,7.336548503864404047e-02,1.500000000000000000e+00,0.000000000000000000e+00,0.000000000000000000e+00,5.000000000000000278e-02,-3.527944355312428115e+00,-3.415564520254668501e+00,-1.500000000000000000e+00,-0.000000000000000000e+00
-1.849023410566057901e+00,2.012207829209326171e+00,5.669851496822000403e-01,1.500000000000000000e+00,0.000000000000000000e+00,0.000000000000000000e+00,5.000000000000000278e-02,2.773535115849086630e+00,2.541909214868672162e+00,-1.500000000000000000e+00,0.000000000000000000e+00
-2.420749469315164770e+00,2.775402886177798401e+00,1.047350115459718678e-01,1.500000000000000000e+00,0.000000000000000000e+00,0.000000000000000000e+00,5.000000000000000278e-02,3.631124203972746933e+00,3.581203755935993271e+00,-1.500000000000000000e+00,0.000000000000000000e+00
1.663746731450542526e+00,7.143062359868125322e-01,3.407201318127789369e-01,1.500000000000000000e+00,0.000000000000000000e+00,0.000000000000000000e+00,5.000000000000000278e-02,-2.495620097175813790e+00,-2.387540115072215752e+00,-1.500000000000000000e+00,-0.000000000000000000e+00
2.827035781010475368e+00,1.369635889987061539e+00,3.491279947662432326e-01,1.500000000000000000e+00,0.000000000000000000e+00,0.000000000000000000e+00,5.000000000000000278e-02,-4.240553671515712608e+00,-3.785082408658090536e+00,-1.500000000000000000e+00,-0.000000000000000000e+00
1.826212951332450984e-02,2.672909695887428771e+00,2.466279034565015404e-01,1.500000000000000000e+00,0.000000000000000000e+00,0.000000000000000000e+00,5.000000000000000278e-02,-2.739319426998676477e-02,1.320279697750237347e-02,-1.500000000000000000e+00,-0.000000000000000000e+00
-2.889666931379105907e+00,5.343113451525282054e-01,1.330269866093070075e-01,1.500000000000000000e+00,0.000000000000000000e+00,0.000000000000000000e+00,5.000000000000000278e-02,4.334500397068659083e+00,4.372947792514237264e+00,-1.500000000000000000e+00,0.000000000000000000e+00
-2.937649125166821307e+00,1.235741792461885868e+00,6.665728771061804059e-01,1.500000000000000000e+00,0.000000000000000000e+00,0.000000000000000000e+00,5.000000000000000278e-02,4.406473687750231960e+00,4.341289531514855859e+00,-1.500000000000000000e+00,0.000000000000000000e+00
-9.333535364489353725e-01,2.544757553605514921e+00,3.673446018262072066e-01,1.500000000000000000e+00,0.000000000000000000e+00,0.000000000000000000e+00,5.000000000000000278e-02,1.400030304673403059e+00,1.374537070850162968e+00,-1.500000000000000000e+00,0.000000000000000000e+00
2.884195176239871650e+00,1.057874948730852083e+00,8.796549962456774452e-01,1.500000000000000000e+00,0.000000000000000000e+00,0.000000000000000000e+00,5.000000000000000278e-02,-4.326292764359807919e+00,-4.316495965034087057e+00,-1.500000000000000000e+00,-0.000000000000000000e+00
-5.199942441869458420e-01,2.000396762004713613e-01,1.982728507724043077e-01,1.500000000000000000e+00,0.000000000000000000e+00,0.000000000000000000e+00,5.000000000000000278e-02,7.799913662804187631e-01,7.829013457683329236e-01,-1.500000000000000000e+00,0.000000000000000000e+00
2.148025305716189770e+00,1.246986846716991337e+00,7.003193179772428945e-01,1.500000000000000000e+00,0.000000000000000000e+00,0.000000000000000000e+00,5.000000000000000278e-02,-3.222037958574284655e+00,-3.022872953422467202e+00,-1.500000000000000000e+00,-0.000000000000000000e+00
2.467905685655587433e+00,1.308697506782665165e+00,2.800373437382829289e-01,1.500000000000000000e+00,0.000000000000000000e+00,0.000000000000000000e+00,5.000000000000000278e-02,-3.701858528483381150e+00,-3.862817055532100863e+00,-1.500000000000000000e+00,-0.000000000000000000e+00
-7.633269679506784477e-01,3.926513994089977366e-01,1.030575678258575101e-01,1.500000000000000000e+00,0.000000000000000000e+00,0.000000000000000000e+00,5.000000000000000278e-02,1.144990451926017672e+00,1.092793449720153021e+00,-1.500000000000000000e+00,0.000000000000000000e+00
1.662385965054889780e+00,9.657559539572797558e-01,3.525905484075656515e-01,1.500000000000000000e+00,0.000000000000000000e+00,0.000000000000000000e+00,5.000000000000000278e-02,-2.493578947582334671e+00,-2.361857086412344042e+00,-1.500000000000000000e+00,-0.000000000000000000e+00
9.100347008493563372e-01,1.897940578158220148e+00,8.634041862876844498e-01,1.500000000000000000e+00,0.000000000000000000e+00,0.000000000000000000e+00,5.000000000000000278e-02,-1.365052051274034506e+00,-1.322389709723578166e+00,-1.500000000000000000e+00,-0.000000000000000000e+00
4.770142356664823780e-01,2.724183488273260956e+00,7.738193249122161665e-01,1.500000000000000000e+00,0.000000000000000000e+00,0.000000000000000000e+00,5.000000000000000278e-02,-7.155213534997235669e-01,-7.377537639179249096e-01,-1.500000000000000000e+00,-0.000000000000000000e+00
-1.380481763467072076e+00,1.203595710493789106e+00,1.606649866452527498e-01,1.500000000000000000e+00,0.000000000000000000e+00,0.000000000000000000e+00,5.000000000000000278e-02,2.070722645200608003e+00,2.048209517312652217e+00,-1.500000000000000000e+00,0.000000000000000000e+00
1.633448864694620362e+00,2.303388206620978762e-01,3.835977759666064912e-02,1.500000000000000000e+00,0.000000000000000000e+00,0.000000000000000000e+00,5.000000000000000278e-02,-2.450173297041930542e+00,-2.386189673148725987e+00,-1.500000000000000000e+00,-0.000000000000000000e+00
1.092677621037764446e+00,6.996798616676075389e-01,2.568882476036572493e-01,1.500000000000000000e+00,0.000000000000000000e+00,0.000000000000000000e+00,5.000000000000000278e-02,-1.639016431556646669e+00,-1.662477499030002415e+00,-1.500000000000000000e+00,-0.000000000000000000e+00
-7.573444597649032772e-01,5.957013563627444608e-01,2.268592543679894824e-01,1.500000000000000000e+00,0.000000000000000000e+00,0.000000000000000000e+00,5.000000000000000278e-02,1.136016689647354916e+00,1.095108612564831496e+00,-1.500000000000000000e+00,0.000000000000000000e+00
-1.179322878972979494e+00,9.344951624250373845e-01,7.939350382013169449e-01,1.500000000000000000e+00,0.000000000000000000e+00,0.000000000000000000e+00,5.000000000000000278e-02,1.768984318459469129e+00,1.779256943505286515e+00,-1.500000000000000000e+00,0.000000000000000000e+00
-2.024140237441289791e+00,2.592717996006016268e+00,4.172476246357590401e-01,1.500000000000000000e+00,0.000000000000000000e+00,0.000000000000000000e+00,5.000000000000000278e-02,3.036210356161934687e+00,3.141657438282858816e+00,-1.500000000000000000e+00,0.000000000000000000e+00
-2.837089193597112757e+00,2.439818097240705530e+00,5.294447540032636290e-01,1.500000000000000000e+00,0.000000000000000000e+00,0.000000000000000000e+00,5.000000000000000278e-02,4.255633790395669358e+00,4.053343588714639623e+00,-1.500000000000000000e+00,0.000000000000000000e+00
-3.029077418442271963e-01,1.316115980600600199e+00,6.873128477922771928e-01,1.500000000000000000e+00,0.000000000000000000e+00,0.000000000000000000e+00,5.000000000000000278e-02,4.543616127663407944e-01,4.316279082524486221e-01,-1.500000000000000000e+00,0.000000000000000000e+00
8.917605588386123827e-01,2.932309687476887916e+00,9.253857829772685895e-01,1.500000000000000000e+00,0.000000000000000000e+00,0.000000000000000000e+00,5.000000000000000278e-02,-1.337640838257918574e+00,-1.301200986685751904e+00,-1.500000000000000000e+00,-0.000000000000000000e+00
2.064871419673037778e-01,2.296000758790679441e+00,7.036771032944333371e-02,1.500000000000000000e+00,0.000000000000000000e+00,0.000000000000000000e+00,5.000000000000000278e-02,-3.097307129509556667e-01,-3.988382537584103105e-01,-1.500000000000000000e+00,-0.000000000000000000e+00
5.506221776570434656e-01,2.505778442385325988e+00,3.527186926206281603e-01,1.500000000000000000e+00,0.000000000000000000e+00,0.000000000000000000e+00,5.000000000000000278e-02,-8.259332664855651984e-01,-8.408873513198266147e-01,-1.500000000000000000e+00,-0.000000000000000000e+00
-1.305345555664552792e+00,2.960199389954324189e+00,5.477231583274944082e-02,1.500000000000000000e+00,0.000000000000000000e+00,0.000000000000000000e+00,5.000000000000000278e-02,1.958018333496829300e+00,2.043153042813413034e+00,-1.500000000000000000e+00,0.000000000000000000e+00
9.435789196019501723e-01,2.882648453059166727e+00,6.322027389429299982e-01,1.500000000000000000e+00,0.000000000000000000e+00,0.000000000000000000e+00,5.000000000000000278e-02,-1.415368379402925259e+00,-1.478679730638937651e+00,-1.500000000000000000e+00,-0.000000000000000000e+00
-2.522042434861697657e+00,5.502552223060716008e-01,4.194126898303658368e-01,1.500000000000000000e+00,0.000000000000000000e+00,0.000000000000000000e+00,5.000000000000000278e-02,3.783063652292546486e+00,3.895584186266489723e+00,-1.500000000000000000e+00,0.000000000000000000e+00
-1.621675454946596151e+00,2.035015870483882772e+00,3.304056021337099525e-01,1.500000000000000000e+00,0.000000000000000000e+00,0.000000000000000000e+00,5.000000000000000278e-02,2.432513182419894449e+00,2.716545991559418560e+00,-1.500000000000000000e+00,0.000000000000000000e+00
-2.021795971391919799e+00,2.719956140503657416e+00,5.704185726829921199e-01,1.500000000000000000e+00,0.000000000000000000e+00,0.000000000000000000e+00,5.000000000000000278e-02,3.032693957087879699e+00,3.131198240862475224e+00,-1.500000000000000000e+00,0.000000000000000000e+00
-1.348859558030582662e+00,1.804643320442194998e+00,4.069559282493890873e-01,1.500000000000000000e+00,0.000000000000000000e+00,0.000000000000000000e+00,5.000000000000000278e-02,2.023289337045873992e+00,1.925835561489464443e+00,-1.500000000000000000e+00,0.000000000000000000e+00
1.663092320336126306e+00,2.096378879495594205e+00,6.374571301928632083e-01,1.500000000000000000e+00,0.000000000000000000e+00,0.000000000000000000e+00,5.000000000000000278e-02,-2.494638480504189459e+00,-2.213121272220635039e+00,-1.500000000000000000e+00,-0.000000000000000000e+00
-1.378046748238115349e-01,2.055913055275919277e+00,2.991496467783024693e-01,1.500000000000000000e+00,0.000000000000000000e+00,0.000000000000000000e+00,5.000000000000000278e-02,2.067070122357173023e-01,2.452621325939039199e-01,-1.500000000000000000e+00,0.000000000000000000e+00
1.286210441497324553e+00,5.875787297930954445e-01,8.559987143867409110e-03,1.500000000000000000e+00,0.000000000000000000e+00,0.000000000000000000e+00,5.000000000000000278e-02,-1.929315662245986829e+00,-1.830117499610943943e+00,-1.500000000000000000e+00,-0.000000000000000000e+00
1.852346981608042675e+00,2.275723362266823813e+00,9.598723702795668444e-01,1.500000000000000000e+00,0.000000000000000000e+00,0.000000000000000000e+00,5.000000000000000278e-02,-2.778520472412064013e+00,-2.729260746128437720e+00,-1.500000000000000000e+00,-0.000000000000000000e+00
-4.461041341040905550e-01,1.519056012591216476e+00,7.007735072521825703e-02,1.500000000000000000e+00,0.000000000000000000e+00,0.000000000000000000e+00,5.000000000000000278e-02,6.691562011561358325e-01,6.303167300322513045e-01,-1.500000000000000000e+00,0.000000000000000000e+00
-1.079701562512801472e+00,1.063412236808135569e-01,8.024902805111451265e-01,1.500000000000000000e+00,0.000000000000000000e+00,0.000000000000000000e+00,5.000000000000000278e-02,1.619552343769202096e+00,1.609369752897253258e+00,-1.500000000000000000e+00,0.000000000000000000e+00
-2.591253527894337161e+00,2.047256979763381057e+00,4.442800522868725066e-01,1.500000000000000000e+00,0.000000000000000000e+00,0.000000000000000000e+00,5.000000000000000278e-02,3.886880291841505741e+00,3.843308313470477522e+00,-1.500000000000000000e+00,0.000000000000000000e+00
-1.396703036005755294e-01,2.539230154079771040e+00,3.158725211794680687e-01,1.500000000000000000e+00,0.000000000000000000e+00,0.000000000000000000e+00,5.000000000000000278e-02,2.095054554008632941e-01,2.985702096552775853e-01,-1.500000000000000000e+00,0.000000000000000000e+00
2.277300259873086929e+00,1.522810711454400501e+00,6.983012039455503972e-01,1.500000000000000000e+00,0.000000000000000000e+00,0.000000000000000000e+00,5.000000000000000278e-02,-3.415950389809630394e+00,-3.207361969296283366e+00,-1.500000000000000000e+00,-0.000000000000000000e+00
2.500424823881978398e+00,1.017646615546062616e+00,2.633276838695447486e-01,1.500000000000000000e+00,0.000000000000000000e+00,0.000000000000000000e+00,5.000000000000000278e-02,-3.750637235822967597e+00,-3.807327089665260456e+00,-1.500000000000000000e+00,-0.000000000000000000e+00
1.025083891068494069e+00,1.300190777764602679e-01,2.348987417349004403e-01,1.500000000000000000e+00,0.000000000000000000e+00,0.000000000000000000e+00,5.000000000000000278e-02,-1.537625836602741103e+00,-1.518326172024728082e+00,-1.500000000000000000e+00,-0.000000000000000000e+00
1.746411429952154926e-01,1.035949533048701632e+00,9.306476331158513027e-01,1.500000000000000000e+00,0.000000000000000000e+00,0.000000000000000000e+00,5.000000000000000278e-02,-2.619617144928232388e-01,-2.332939764440686847e-01,-1.500000000000000000e+00,-0.000000000000000000e+00
2.433643293514617056e+00,6.104823089543666148e-01,1.745484260820496791e-01,1.500000000000000000e+00,0.000000000000000000e+00,0.000000000000000000e+00,5.000000000000000278e-02,-3.650464940271925585e+00,-3.418802793118098204e+00,-1.500000000000000000e+00,-0.000000000000000000e+00
-1.164939824344871422e+00,1.656153147919483537e-01,9.149006030822187663e-01,1.500000000000000000e+00,0.000000000000000000e+00,0.000000000000000000e+00,5.000000000000000278e-02,1.747409736517307133e+00,1.825511537450858812e+00,-1.500000000000000000e+00,0.000000000000000000e+00
-1.152497090830383097e+00,2.340582280783090496e+00,3.457928987475091809e-01,1.500000000000000000e+00,0.000000000000000000e+00,0.000000000000000000e+00,5.000000000000000278e-02,1.728745636245574646e+00,1.630375957749397919e+00,-1.500000000000000000e+00,0.000000000000000000e+00
2.772551615083334475e+00,1.817147929198890788e+00,6.362629697057210487e-01,1.500000000000000000e+00,0.000000000000000000e+00,0.000000000000000000e+00,5.000000000000000278e-02,-4.158827422625002157e+00,-3.913312664052297052e+00,-1.500000000000000000e+00,-0.000000000000000000e+00
1.676097625925801360e+00,1.887603146188310488e+00,6.929123722659360496e-01,1.500000000000000000e+00,0.000000000000000000e+00,0.000000000000000000e+00,5.000000000000000278e-02,-2.514146438888702040e+00,-2.662426480097531911e+00,-1.500000000000000000e+00,-0.000000000000000000e+00
2.817084824117400466e+00,1.333093728192333405e+00,1.950313651973225593e-01,1.500000000000000000e+00,0.000000000000000000e+00,0.000000000000000000e+00,5.000000000000000278e-02,-4.225627236176100254e+00,-4.325027169740700117e+00,-1.500000000000000000e+00,-0.000000000000000000e+00
1.190419319984227009e+00,5.578083238822626466e-01,2.703851446206925191e-01,1.500000000000000000e+00,0.000000000000000000e+00,0.000000000000000000e+00,5.000000000000000278e-02,-1.785628979976340514e+00,-1.920787790491416125e+00,-1.500000000000000000e+00,-0.000000000000000000e+00
-2.842163393775523073e+00,2.991813099901619033e-01,6.355132531966514176e-01,1.500000000000000000e+00,0.000000000000000000e+00,0.000000000000000000e+00,5.000000000000000278e-02,4.263245090663284387e+00,4.182326864155037072e+00,-1.500000000000000000e+00,0.000000000000000000e+00
5.707386575754194169e-01,2.713188669494627447e+00,1.384370597398070224e-01,1.500000000000000000e+00,0.000000000000000000e+00,0.000000000000000000e+00,5.000000000000000278e-02,-8.561079863631291254e-01,-8.199705874565874630e-01,-1.500000000000000000e+00,-0.000000000000000000e+00
-7.442312958031767067e-01,1.277577917548057496e+00,6.928014510993107944e-02,1.500000000000000000e+00,0.000000000000000000e+00,0.000000000000000000e+00,5.000000000000000278e-02,1.116346943704765060e+00,1.118667208301666660e+00,-1.500000000000000000e+00,0.000000000000000000e+00
-1.291134153060376155e+00,1.981523963889760820e-01,1.661731822715140083e-02,1.500000000000000000e+00,0.000000000000000000e+00,0.000000000000000000e+00,5.000000000000000278e-02,1.936701229590564122e+00,2.038631264259924247e+00,-1.500000000000000000e+00,0.000000000000000000e+00
1.132306932481816020e+00,2.103510892398816168e+00,9.189788273001834318e-01,1.500000000000000000e+00,0.000000000000000000e+00,0.000000000000000000e+00,5.000000000000000278e-02,-1.698460398722724030e+00,-1.614021556660268697e+00,-1.500000000000000000e+00,-0.000000000000000000e+00
2.089854510724954650e+00,1.359703166760496629e+00,8.078940819486297720e-01,1.500000000000000000e+00,0.000000000000000000e+00,0.000000000000000000e+00,5.000000000000000278e-02,-3.134781766087431976e+00,-3.168783415837054029e+00,-1.500000000000000000e+00,-0.000000000000000000e+00
1.730538037489784742e+00,2.342974121330576143e+00,9.931173918484057506e-01,1.500000000000000000e+00,0.000000000000000000e+00,0.000000000000000000e+00,5.000000000000000278e-02,-2.595807056234677113e+00,-2.666240808112946059e+00,-1.500000000000000000e+00,-0.000000000000000000e+00
2.029654386950594080e+00,2.110890657582825902e+00,2.743278064823440054e-01,1.500000000000000000e+00,0.000000000000000000e+00,0.000000000000000000e+00,5.000000000000000278e-02,-3.044481580425891121e+00,-2.847170067087742673e+00,-1.500000000000000000e+00,-0.000000000000000000e+00
-1.690865507994123496e+00,2.174724511820126160e+00,5.910658089918486846e-01,1.500000000000000000e+00,0.000000000000000000e+00,0.000000000000000000e+00,5.000000000000000278e-02,2.536298261991185132e+00,2.624194784719382056e+00,-1.500000000000000000e+00,0.000000000000000000e+00
-3.229710535622616341e-01,1.243715017215412111e+00,3.705374083846489919e-01,1.500000000000000000e+00,0.000000000000000000e+00,0.000000000000000000e+00,5.000000000000000278e-02,4.844565803433924511e-01,5.351968696630640121e-01,-1.500000000000000000e+00,0.000000000000000000e+00
7.098717877217421979e-01,1.039220182130446313e+00,8.067433104411662059e-01,1.500000000000000000e+00,0.000000000000000000e+00,0.000000000000000000e+00,5.000000000000000278e-02,-1.064807681582613297e+00,-9.994314487888609211e-01,-1.500000000000000000e+00,-0.000000000000000000e+00
-2.843779764676821031e+00,3.894611189774088711e-01,3.543968377892400268e-01,1.500000000000000000e+00,0.000000000000000000e+00,0.000000000000000000e+00,5.000000000000000278e-02,4.265669647015231547e+00,4.203001772289391980e+00,-1.500000000000000000e+00,0.000000000000000000e+00
2.399305225232617467e-01,3.101931320824617977e-01,8.576633813621271640e-01,1.500000000000000000e+00,0.000000000000000000e+00,0.000000000000000000e+00,5.000000000000000278e-02,-3.598957837848926200e-01,-3.939312374234341663e-01,-1.500000000000000000e+00,-0.000000000000000000e+00
-2.666581923481636807e+00,2.050332883754129476e+00,6.746700171820394498e-01,1.500000000000000000e+00,0.000000000000000000e+00,0.000000000000000000e+00,5.000000000000000278e-02,3.999872885222455210e+00,4.039388797051869595e+00,-1.500000000000000000e+00,0.000000000000000000e+00
-3.158084217569836483e-01,2.852264555310196403e+00,2.527106308490610909e-01,1.500000000000000000e+00,0.000000000000000000e+00,0.000000000000000000e+00,5.000000000000000278e-02,4.737126326354754724e-01,4.482818466004706015e-01,-1.500000000000000000e+00,0.000000000000000000e+00
-9.971000098914051257e-01,2.214186991690294537e+00,8.895372591910644111e-02,1.500000000000000000e+00,0.000000000000000000e+00,0.000000000000000000e+00,5.000000000000000278e-02,1.495650014837107689e+00,1.445994620581574353e+00,-1.500000000000000000e+00,0.000000000000000000e+00
8.214858754572786914e-01,1.233780138518362435e+00,4.941375300969776951e-01,1.500000000000000000e+00,0.000000000000000000e+00,0.000000000000000000e+00,5.000000000000000278e-02,-1.232228813185918037e+00,-1.287260143925097022e+00,-1.500000000000000000e+00,-0.000000000000000000e+00
-4.543075961589595479e-01,1.648966251899200985e+00,9.492707651683451875e-01,1.500000000000000000e+00,0.000000000000000000e+00,0.000000000000000000e+00,5.000000000000000278e-02,6.814613942384393219e-01,6.749133166631381409e-01,-1.500000000000000000e+00,0.000000000000000000e+00
-1.675571935084831487e+00,1.424402941153906088e-01,8.884488795175273790e-01,1.500000000000000000e+00,0.000000000000000000e+00,0.000000000000000000e+00,5.000000000000000278e-02,2.513357902627247231e+00,2.472502529977624430e+00,-1.500000000000000000e+00,0.000000000000000000e+00
-2.171068441544599992e+00,2.482768276202573787e+00,6.953808665730200067e-01,1.500000000000000000e+00,0.000000000000000000e+00,0.000000000000000000e+00,5.000000000000000278e-02,3.256602662316899988e+00,3.325566842802916145e+00,-1.500000000000000000e+00,0.000000000000000000e+00
2.053822781672477227e+00,7.388927614754814410e-02,4.285997919888355767e-01,1.500000000000000000e+00,0.000000000000000000e+00,0.000000000000000000e+00,5.000000000000000278e-02,-3.080734172508715840e+00,-2.991699813834214794e+00,-1.500000000000000000e+00,-0.000000000000000000e+00
-2.626531934816953573e+00,6.607814994408222065e-01,5.321219136785312331e-01,1.500000000000000000e+00,0.000000000000000000e+00,0.000000000000000000e+00,5.000000000000000278e-02,3.939797902225430359e+00,4.182204262557648988e+00,-1.500000000000000000e+00,0.000000000000000000e+00
3.718160705208224392e-01,2.947563883601257650e+00,8.089580686100257267e-01,1.500000000000000000e+00,0.000000000000000000e+00,0.000000000000000000e+00,5.000000000000000278e-02,-5.577241057812336589e-01,-5.424737661697708324e-01,-1.500000000000000000e+00,-0.000000000000000000e+00
1.643671439446556803e-01,1.498422757790211834e+00,7.817748124781160879e-01,1.500000000000000000e+00,0.000000000000000000e+00,0.000000000000000000e+00,5.000000000000000278e-02,-2.465507159169835205e-01,-2.355249007311550624e-01,-1.500000000000000000e+00,-0.000000000000000000e+00
-2.461033710157420451e+00,1.133323029845832108e+00,3.560136800982341976e-01,1.500000000000000000e+00,0.000000000000000000e+00,0.000000000000000000e+00,5.000000000000000278e-02,3.691550565236130677e+00,3.779781867754029800e+00,-1.500000000000000000e+00,0.000000000000000000e+00
-8.322878530499382421e-01,2.514106448540230687e+00,7.410038158583864831e-01,1.500000000000000000e+00,0.000000000000000000e+00,0.000000000000000000e+00,5.000000000000000278e-02,1.248431779574907363e+00,1.258438252264757251e+00,-1.500000000000000000e+00,0.000000000000000000e+00
2.207088469277402432e+00,2.058889452539038434e+00,7.301758160590016145e-01,1.500000000000000000e+00,0.000000000000000000e+00,0.000000000000000000e+00,5.000000000000000278e-02,-3.310632703916103647e+00,-3.249982331188167706e+00,-1.500000000000000000e+00,-0.000000000000000000e+00
2.247526448856834946e+00,1.094255822704778502e+00,3.165949092651973995e-01,1.500000000000000000e+00,0.000000000000000000e+00,0.000000000000000000e+00,5.000000000000000278e-02,-3.371289673285252420e+00,-3.466911632050700742e+00,-1.500000000000000000e+00,-0.000000000000000000e+00
-2.484626621560667381e+00,1.917437340499384746e+00,3.708539038819348432e-01,1.500000000000000000e+00,0.000000000000000000e+00,0.000000000000000000e+00,5.000000000000000278e-02,3.726939932341001072e+00,3.750422552836489842e+00,-1.500000000000000000e+00,0.000000000000000000e+00
2.475055223801041038e+00,1.295512373336161538e+00,7.520380033399728381e-01,1.500000000000000000e+00,0.000000000000000000e+00,0.000000000000000000e+00,5.000000000000000278e-02,-3.712582835701561557e+00,-3.953043333291973216e+00,-1.500000000000000000e+00,-0.000000000000000000e+00
-5.015076694279461123e-01,2.148644071412269874e+00,3.391131191815737189e-01,1.500000000000000000e+00,0.000000000000000000e+00,0.000000000000000000e+00,5.000000000000000278e-02,7.522615041419191684e-01,8.055518279723642427e-01,-1.500000000000000000e+00,0.000000000000000000e+00
5.961143422382129131e-01,1.789762061016739736e-01,8.499383433356811901e-01,1.500000000000000000e+00,0.000000000000000000e+00,0.000000000000000000e+00,5.000000000000000278e-02,-8.941715133573193697e-01,-8.846595616847677812e-01,-1.500000000000000000e+00,-0.000000000000000000e+00
-2.267571029174202835e+00,2.076483897848092397e+00,6.373568986088847810e-01,1.500000000000000000e+00,0.000000000000000000e+00,0.000000000000000000e+00,5.000000000000000278e-02,3.401356543761304252e+00,3.481118950727758676e+00,-1.500000000000000000e+00,0.000000000000000000e+00
2.562380567415298849e-01,3.703454161741785988e-01,4.900269389137854592e-01,1.500000000000000000e+00,0.000000000000000000e+00,0.000000000000000000e+00,5.000000000000000278e-02,-3.843570851122948273e-01,-4.534556640402010452e-01,-1.500000000000000000e+00,-0.000000000000000000e+00
1.010909983432237702e+00,5.754720450010588628e-01,6.251615736534442691e-01,1.500000000000000000e+00,0.000000000000000000e+00,0.000000000000000000e+00,5.000000000000000278e-02,-1.516364975148356553e+00,-1.589509841473684792e+00,-1.500000000000000000e+00,-0.000000000000000000e+00
-8.246390577616726780e-01,6.563389081751377363e-01,1.716991964960290495e-01,1.500000000000000000e+00,0.000000000000000000e+00,0.000000000000000000e+00,5.000000000000000278e-02,1.236958586642509017e+00,1.198568795824536570e+00,-1.500000000000000000e+00,0.000000000000000000e+00
-4.076339153259347370e-01,2.153649868756189356e+00,3.122261580997021113e-01,1.500000000000000000e+00,0.000000000000000000e+00,0.000000000000000000e+00,5.000000000000000278e-02,6.114508729889021055e-01,5.103131883094852439e-01,-1.500000000000000000e+00,0.000000000000000000e+00
1.369789882153821026e+00,2.743462316936286172e+00,7.021595718159749921e-01,1.500000000000000000e+00,0.000000000000000000e+00,0.000000000000000000e+00,5.000000000000000278e-02,-2.054684823230731539e+00,-1.952662224905360899e+00,-1.500000000000000000e+00,-0.000000000000000000e+00
-1.436977037935531776e+00,1.416782134281489025e+00,5.446590098311472339e-01,1.500000000000000000e+00,0.000000000000000000e+00,0.000000000000000000e+00,5.000000000000000278e-02,2.155465556903297664e+00,2.219460632133092304e+00,-1.500000000000000000e+00,0.000000000000000000e+00
-7.512521705939327887e-01,2.132074449335996658e+00,9.169924735552742456e-01,1.500000000000000000e+00,0.000000000000000000e+00,0.000000000000000000e+00,5.000000000000000278e-02,1.126878255890899183e+00,1.127274845822360261e+00,-1.500000000000000000e+00,0.000000000000000000e+00
5.161332111201217820e-01,1.769411743763139588e+00,7.822262090762671649e-01,1.500000000000000000e+00,0.000000000000000000e+00,0.000000000000000000e+00,5.000000000000000278e-02,-7.741998166801826731e-01,-7.220052666962674115e-01,-1.500000000000000000e+00,-0.000000000000000000e+00
2.677697845164594526e+00,1.398330677102393338e+00,1.848860912161098824e-01,1.500000000000000000e+00,0.000000000000000000e+00,0.000000000000000000e+00,5.000000000000000278e-02,-4.016546767746891788e+00,-4.381714303654820952e+00,-1.500000000000000000e+00,-0.000000000000000000e+00
1.045597142747237918e+00,2.763337013637700235e+00,3.466797703505923867e-01,1.500000000000000000e+00,0.000000000000000000e+00,0.000000000000000000e+00,5.000000000000000278e-02,-1.568395714120856876e+00,-1.650656902502445345e+00,-1.500000000000000000e+00,-0.000000000000000000e+00
-1.345973210853770308e+00,2.292330106741310214e+00,5.464463082108643732e-01,1.500000000000000000e+00,0.000000000000000000e+00,0.000000000000000000e+00,5.000000000000000278e-02,2.018959816280655239e+00,2.124114372693644004e+00,-1.500000000000000000e+00,0.000000000000000000e+00
2.576405352962665596e+00,1.391586568772164023e+00,3.617169868851555226e-01,1.500000000000000000e+00,0.000000000000000000e+00,0.000000000000000000e+00,5.000000000000000278e-02,-3.864608029443998394e+00,-3.727456876183824264e+00,-1.500000000000000000e+00,-0.000000000000000000e+00
-1.366828319431374616e+00,2.621288004850828468e+00,2.363298628683152547e-02,1.500000000000000000e+00,0.000000000000000000e+00,0.000000000000000000e+00,5.000000000000000278e-02,2.050242479147061925e+00,2.036420242446580264e+00,-1.500000000000000000e+00,0.000000000000000000e+00
-4.846446671523674254e-02,2.543356191977456104e-01,4.058959919659967941e-01,1.500000000000000000e+00,0.000000000000000000e+00,0.000000000000000000e+00,5.000000000000000278e-02,7.269670007285511382e-02,9.341628410087136902e-02,-1.500000000000000000e+00,0.000000000000000000e+00
-1.471521251614976267e+00,2.093702504771894901e+00,2.380703261362009382e-01,1.500000000000000000e+00,0.000000000000000000e+00,0.000000000000000000e+00,5.000000000000000278e-02,2.207281877422464511e+00,2.217976827357290404e+00,-1.500000000000000000e+00,0.000000000000000000e+00
-9.762081185696809271e-01,7.407870725106150411e-01,4.685034738548349287e-01,1.500000000000000000e+00,0.000000000000000000e+00,0.000000000000000000e+00,5.000000000000000278e-02,1.464312177854521391e+00,1.429534548011481387e+00,-1.500000000000000000e+00,0.000000000000000000e+00
1.822708586627411087e+00,9.217506221015556722e-01,4.340863342686035464e-01,1.500000000000000000e+00,0.000000000000000000e+00,0.000000000000000000e+00,5.000000000000000278e-02,-2.734062879941116631e+00,-2.808655371967479830e+00,-1.500000000000000000e+00,-0.000000000000000000e+00
-1.627616390296090287e+00,1.344278471474346981e+00,5.055554353261146883e-01,1.500000000000000000e+00,0.000000000000000000e+00,0.000000000000000000e+00,5.000000000000000278e-02,2.441424585444135431e+00,2.320858593927733970e+00,-1.500000000000000000e+00,0.000000000000000000e+00
2.494643969757976087e+00,3.782210859225166866e-01,1.773992602710519062e-01,1.500000000000000000e+00,0.000000000000000000e+00,0.000000000000000000e+00,5.000000000000000278e-02,-3.741965954636964131e+00,-3.754570508271521057e+00,-1.500000000000000000e+00,-0.000000000000000000e+00
1.790898417334688020e+00,1.274008875529965890e+00,7.496825912326037233e-01,1.500000000000000000e+00,0.000000000000000000e+00,0.000000000000000000e+00,5.000000000000000278e-02,-2.686347626002032030e+00,-2.718027578485430862e+00,-1.500000000000000000e+00,-0.000000000000000000e+00
2.711328805975324663e+00,2.035526581699164117e-01,9.021013566254429961e-01,1.500000000000000000e+00,0.000000000000000000e+00,0.000000000000000000e+00,5.000000000000000278e-02,-4.066993208962987438e+00,-3.894725741157929466e+00,-1.500000000000000000e+00,-0.000000000000000000e+00
1.744077831275192558e+00,2.340594502051369208e+00,5.441032407800051596e-01,1.500000000000000000e+00,0.000000000000000000e+00,0.000000000000000000e+00,5.000000000000000278e-02,-2.616116746912788837e+00,-2.830596512974169254e+00,-1.500000000000000000e+00,-0.000000000000000000e+00
-3.425075443640537287e-01,1.100134557871408791e+00,5.883489436240618708e-03,1.500000000000000000e+00,0.000000000000000000e+00,0.000000000000000000e+00,5.000000000000000278e-02,5.137613165460805931e-01,5.101262316291654830e-01,-1.500000000000000000e+00,0.000000000000000000e+00
6.622983318566229016e-01,1.059459964963647804e+00,4.638509221695163998e-01,1.500000000000000000e+00,0.000000000000000000e+00,0.000000000000000000e+00,5.000000000000000278e-02,-9.934474977849343524e-01,-1.016986067511451930e+00,-1.500000000000000000e+00,-0.000000000000000000e+00
-5.987060718044228125e-01,3.394118116511307681e-01,5.557312349552748776e-01,1.500000000000000000e+00,0.000000000000000000e+00,0.000000000000000000e+00,5.000000000000000278e-02,8.980591077066342187e-01,8.602874271366606207e-01,-1.500000000000000000e+00,0.000000000000000000e+00
1.657448162724128871e-01,1.983512215329417572e+00,3.265594863791587699e-01,1.500000000000000000e+00,0.000000000000000000e+00,0.000000000000000000e+00,5.000000000000000278e-02,-2.486172244086193306e-01,-2.663504342581684003e-01,-1.500000000000000000e+00,-0.000000000000000000e+00
7.156956206928706266e-01,1.160613633481607065e+00,7.165520014013364580e-01,1.500000000000000000e+00,0.000000000000000000e+00,0.000000000000000000e+00,5.000000000000000278e-02,-1.073543431039305940e+00,-9.950943899097457468e-01,-1.500000000000000000e+00,-0.000000000000000000e+00
-2.716971216638102593e+00,2.469734688857442295e-01,1.996988523490617062e-02,1.500000000000000000e+00,0.000000000000000000e+00,0.000000000000000000e+00,5.000000000000000278e-02,4.075456824957154112e+00,4.427814798259024798e+00,-1.500000000000000000e+00,0.000000000000000000e+00
1.258563960450915786e-01,2.775579267414860496e+00,6.755662420224460840e-01,1.500000000000000000e+00,0.000000000000000000e+00,0.000000000000000000e+00,5.000000000000000278e-02,-1.887845940676373679e-01,-2.968610454877273486e-01,-1.500000000000000000e+00,-0.000000000000000000e+00
1.104358994397971472e-01,6.477146004613462127e-01,2.877937960147595176e-01,1.500000000000000000e+00,0.000000000000000000e+00,0.000000000000000000e+00,5.000000000000000278e-02,-1.656538491596957208e-01,-1.181039576612769870e-01,-1.500000000000000000e+00,-0.000000000000000000e+00
9.658126322460915958e-01,1.026935922471826634e-01,4.042031556415228710e-01,1.500000000000000000e+00,0.000000000000000000e+00,0.000000000000000000e+00,5.000000000000000278e-02,-1.448718948369137394e+00,-1.568213154238796925e+00,-1.500000000000000000e+00,-0.000000000000000000e+00
-9.628939095400745884e-02,9.084110962628610952e-01,1.028978970422567141e-01,1.500000000000000000e+00,0.000000000000000000e+00,0.000000000000000000e+00,5.000000000000000278e-02,1.444340864310111883e-01,8.645984044324038498e-02,-1.500000000000000000e+00,0.000000000000000000e+00
-2.818619175697060442e+00,2.004685917166888043e+00,9.277097089096808524e-02,1.500000000000000000e+00,0.000000000000000000e+00,0.000000000000000000e+00,5.000000000000000278e-02,4.227928763545590662e+00,4.019130003877481982e+00,-1.500000000000000000e+00,0.000000000000000000e+00
1.426367768817646819e+00,2.758125492571818604e+00,5.933987689902385787e-01,1.500000000000000000e+00,0.000000000000000000e+00,0.000000000000000000e+00,5.000000000000000278e-02,-2.139551653226470229e+00,-2.285793485904481059e+00,-1.500000000000000000e+00,-0.000000000000000000e+00
2.036950456684226474e+00,2.731995527118928457e+00,4.339935693545377005e-01,1.500000000000000000e+00,0.000000000000000000e+00,0.000000000000000000e+00,5.000000000000000278e-02,-3.055425685026339711e+00,-2.891264010182548194e+00,-1.500000000000000000e+00,-0.000000000000000000e+00
1.935269286051992665e-01,1.291314907789435029e+00,4.761758854719234657e-01,1.500000000000000000e+00,0.000000000000000000e+00,0.000000000000000000e+00,5.000000000000000278e-02,-2.902903929077988998e-01,-2.123692566678565263e-01,-1.500000000000000000e+00,-0.000000000000000000e+00
2.194259022702382822e+00,1.053359145692642329e+00,3.133805566063000425e-01,1.500000000000000000e+00,0.000000000000000000e+00,0.000000000000000000e+00,5.000000000000000278e-02,-3.291388534053574233e+00,-3.588989950069605861e+00,-1.500000000000000000e+00,-0.000000000000000000e+00
2.829740710994153474e+00,8.992798473859786590e-02,5.836118768606090024e-01,1.500000000000000000e+00,0.000000000000000000e+00,0.000000000000000000e+00,5.000000000000000278e-02,-4.244611066491230211e+00,-4.126638269950452909e+00,-1.500000000000000000e+00,-0.000000000000000000e+00
-2.720451618146024764e+00,1.575303829006916345e+00,3.589401837661276851e-01,1.500000000000000000e+00,0.000000000000000000e+00,0.000000000000000000e+00,5.000000000000000278e-02,4.080677427219036701e+00,4.153233265096172744e+00,-1.500000000000000000e+00,0.000000000000000000e+00
2.819200671706521888e+00,2.461928779858463479e+00,4.920898544493487181e-01,1.500000000000000000e+00,0.000000000000000000e+00,0.000000000000000000e+00,5.000000000000000278e-02,-4.228801007559782832e+00,-4.337316543603475516e+00,-1.500000000000000000e+00,-0.000000000000000000e+00
-6.897351027464599937e-01,2.200795173454816123e+00,9.568682393250855789e-01,1.500000000000000000e+00,0.000000000000000000e+00,0.000000000000000000e+00,5.000000000000000278e-02,1.034602654119689991e+00,1.011245991155581336e+00,-1.500000000000000000e+00,0.000000000000000000e+00
5.075261483206485735e-01,2.284934281404667811e+00,5.556790602353678388e-02,1.500000000000000000e+00,0.000000000000000000e+00,0.000000000000000000e+00,5.000000000000000278e-02,-7.612892224809728603e-01,-7.755117135598299516e-01,-1.500000000000000000e+00,-0.000000000000000000e+00
2.925436123959515022e+00,7.633857877902427980e-01,6.274282555897476854e-01,1.500000000000000000e+00,0.000000000000000000e+00,0.000000000000000000e+00,5.000000000000000278e-02,-4.388154185939272978e+00,-4.475914017991484251e+00,-1.500000000000000000e+00,-0.000000000000000000e+00
-2.231263956851608832e+00,8.642746073416134323e-01,8.679301220667720029e-01,1.500000000000000000e+00,0.000000000000000000e+00,0.000000000000000000e+00,5.000000000000000278e-02,3.346895935277413248e+00,3.175218991764316545e+00,-1.500000000000000000e+00,0.000000000000000000e+00
-2.936587401150584586e+00,1.097896571534453525e+00,9.788549749726861426e-01,1.500000000000000000e+00,0.000000000000000000e+00,0.000000000000000000e+00,5.000000000000000278e-02,4.404881101725877102e+00,4.352544363359553969e+00,-1.500000000000000000e+00,0.000000000000000000e+00
-2.695147816493417281e-01,1.606697879492264169e+00,5.299904665949988214e-01,1.500000000000000000e+00,0.000000000000000000e+00,0.000000000000000000e+00,5.000000000000000278e-02,4.042721724740125921e-01,4.072776894293382299e-01,-1.500000000000000000e+00,0.000000000000000000e+00
5.793717486836369446e-01,1.083451977903060026e+00,5.305683186385222738e-01,1.500000000000000000e+00,0.000000000000000000e+00,0.000000000000000000e+00,5.000000000000000278e-02,-8.690576230254554169e-01,-8.652040083029766127e-01,-1.500000000000000000e+00,-0.000000000000000000e+00
2.952231974252807589e+00,2.821383773594120292e+00,7.083741370050808950e-01,1.500000000000000000e+00,0.000000000000000000e+00,0.000000000000000000e+00,5.000000000000000278e-02,-4.428347961379211384e+00,-4.687589562070885840e+00,-1.500000000000000000e+00,-0.000000000000000000e+00
2.526294558772886667e+00,9.004668618001122615e-01,2.770556049575981783e-01,1.500000000000000000e+00,0.000000000000000000e+00,0.000000000000000000e+00,5.000000000000000278e-02,-3.789441838159330000e+00,-3.668394828690221043e+00,-1.500000000000000000e+00,-0.000000000000000000e+00
1.019633245935243515e+00,3.046058884840880943e-01,5.267490596086252808e-01,1.500000000000000000e+00,0.000000000000000000e+00,0.000000000000000000e+00,5.000000000000000278e-02,-1.529449868902865273e+00,-1.636923927734292183e+00,-1.500000000000000000e+00,-0.000000000000000000e+00
4.126911853361692195e-01,1.374933974859243069e+00,8.116483369439060347e-01,1.500000000000000000e+00,0.000000000000000000e+00,0.000000000000000000e+00,5.000000000000000278e-02,-6.190367780042538293e-01,-6.565617530235191568e-01,-1.500000000000000000e+00,-0.000000000000000000e+00
1.744942835486461341e+00,1.337855828752632092e-02,6.640597320100243284e-01,1.500000000000000000e+00,0.000000000000000000e+00,0.000000000000000000e+00,5.000000000000000278e-02,-2.617414253229692012e+00,-2.781496277749971213e+00,-1.500000000000000000e+00,-0.000000000000000000e+00
-9.944560771997301707e-01,1.255040752817565552e-01,5.230612831842074151e-02,1.500000000000000000e+00,0.000000000000000000e+00,0.000000000000000000e+00,5.000000000000000278e-02,1.491684115799595256e+00,1.346387474357303660e+00,-1.500000000000000000e+00,0.000000000000000000e+00
4.446141679761836940e-01,1.270953339186117415e+00,7.626620511985837680e-01,1.500000000000000000e+00,0.000000000000000000e+00,0.000000000000000000e+00,5.000000000000000278e-02,-6.669212519642755410e-01,-6.635790967549342056e-01,-1.500000000000000000e+00,-0.000000000000000000e+00
7.231458957348264605e-01,2.070894308240749382e+00,6.583373113724089176e-02,1.500000000000000000e+00,0.000000000000000000e+00,0.000000000000000000e+00,5.000000000000000278e-02,-1.084718843602239691e+00,-1.132807594675672158e+00,-1.500000000000000000e+00,-0.000000000000000000e+00
-2.398466912185489797e+00,1.783689620122551389e+00,8.416494425826308579e-01,1.500000000000000000e+00,0.000000000000000000e+00,0.000000000000000000e+00,5.000000000000000278e-02,3.597700368278234695e+00,3.810278450088085300e+00,-1.500000000000000000e+00,0.000000000000000000e+00
-1.081054173526103224e+00,7.648124852182249800e-01,2.636103305646532169e-01,1.500000000000000000e+00,0.000000000000000000e+00,0.000000000000000000e+00,5.000000000000000278e-02,1.621581260289154836e+00,1.592928296723248094e+00,-1.500000000000000000e+00,0.000000000000000000e+00
-2.706768796428669077e+00,1.253369873641037024e+00,5.263247079526020000e-01,1.500000000000000000e+00,0.000000000000000000e+00,0.000000000000000000e+00,5.000000000000000278e-02,4.060153194643003616e+00,4.220516166357274557e+00,-1.500000000000000000e+00,0.000000000000000000e+00
-7.550772884490584147e-01,7.959407016635714482e-01,5.105210604789115481e-01,1.500000000000000000e+00,0.000000000000000000e+00,0.000000000000000000e+00,5.000000000000000278e-02,1.132615932673587622e+00,1.079209804526143124e+00,-1.500000000000000000e+00,0.000000000000000000e+00
2.490357561298202071e-01,2.293986354319971221e-01,7.031256515043919908e-01,1.500000000000000000e+00,0.000000000000000000e+00,0.000000000000000000e+00,5.000000000000000278e-02,-3.735536341947303107e-01,-4.082807542084784247e-01,-1.500000000000000000e+00,-0.000000000000000000e+00
-2.407484577624499522e+00,1.263324248820375750e+00,4.696621811808125990e-01,1.500000000000000000e+00,0.000000000000000000e+00,0.000000000000000000e+00,5.000000000000000278e-02,3.611226866436749283e+00,3.685671314788291575e+00,-1.500000000000000000e+00,0.000000000000000000e+00
-1.861351157292686187e+00,1.722809230573131511e+00,4.976270531969791966e-01,1.500000000000000000e+00,0.000000000000000000e+00,0.000000000000000000e+00,5.000000000000000278e-02,2.792026735939029169e+00,2.713421793346234345e+00,-1.500000000000000000e+00,0.000000000000000000e+00
-1.987583916328263145e+00,1.021196731159043303e+00,9.409107110561519827e-01,1.500000000000000000e+00,0.000000000000000000e+00,0.000000000000000000e+00,5.000000000000000278e-02,2.981375874492394829e+00,2.833788177146949749e+00,-1.500000000000000000e+00,0.000000000000000000e+00
2.739829847035935018e+00,1.426815401944934170e+00,3.468067073626882602e-01,1.500000000000000000e+00,0.000000000000000000e+00,0.000000000000000000e+00,5.000000000000000278e-02,-4.109744770553902526e+00,-4.118128030561459596e+00,-1.500000000000000000e+00,-0.000000000000000000e+00
-2.713806979856415502e+00,2.208891379897883311e+00,6.129621756517175113e-01,1.500000000000000000e+00,0.000000000000000000e+00,0.000000000000000000e+00,5.000000000000000278e-02,4.070710469784623697e+00,4.288873630486778943e+00,-1.500000000000000000e+00,0.000000000000000000e+00
-2.753115289223361906e+00,1.765057757285916074e-01,8.580326556021199425e-01,1.500000000000000000e+00,0.000000000000000000e+00,0.000000000000000000e+00,5.000000000000000278e-02,4.129672933835042414e+00,4.199104988816900530e+00,-1.500000000000000000e+00,0.000000000000000000e+00
-6.117564731879472362e-01,6.630281134133209076e-02,8.416598952435773162e-01,1.500000000000000000e+00,0.000000000000000000e+00,0.000000000000000000e+00,5.000000000000000278e-02,9.176347097819208543e-01,9.398636611292658927e-01,-1.500000000000000000e+00,0.000000000000000000e+00
-6.334373196316298582e-01,1.330623374326379116e+00,2.519337750860183300e-01,1.500000000000000000e+00,0.000000000000000000e+00,0.000000000000000000e+00,5.000000000000000278e-02,9.501559794474447873e-01,1.066249094306735978e+00,-1.500000000000000000e+00,0.000000000000000000e+00
1.505937512918160692e+00,1.281042664788539120e+00,9.710456647613497916e-01,1.500000000000000000e+00,0.000000000000000000e+00,0.000000000000000000e+00,5.000000000000000278e-02,-2.258906269377241038e+00,-2.180620844201784703e+00,-1.500000000000000000e+00,-0.000000000000000000e+00
-1.739182625648187708e+00,2.652179724088031154e+00,2.746052264175746771e-02,1.500000000000000000e+00,0.000000000000000000e+00,0.000000000000000000e+00,5.000000000000000278e-02,2.608773938472281451e+00,2.537229379118787431e+00,-1.500000000000000000e+00,0.000000000000000000e+00
-2.391618693634428805e+00,2.348800285387578679e+00,4.508784413154997006e-01,1.500000000000000000e+00,0.000000000000000000e+00,0.000000000000000000e+00,5.000000000000000278e-02,3.587428040451642985e+00,3.608788215183940107e+00,-1.500000000000000000e+00,0.000000000000000000e+00
-1.419933228025256122e+00,7.880541853944774688e-01,7.258441645696536160e-01,1.500000000000000000e+00,0.000000000000000000e+00,0.000000000000000000e+00,5.000000000000000278e-02,2.129899842037884294e+00,1.997727260504501112e+00,-1.500000000000000000e+00,0.000000000000000000e+00
1.941034534282307433e+00,2.457857661221944046e+00,6.858943449676584425e-01,1.500000000000000000e+00,0.000000000000000000e+00,0.000000000000000000e+00,5.000000000000000278e-02,-2.911551801423461150e+00,-2.965996336410547052e+00,-1.500000000000000000e+00,-0.000000000000000000e+00
-8.935478687257760733e-01,1.390977535443434832e+00,4.022693860744053218e-01,1.500000000000000000e+00,0.000000000000000000e+00,0.000000000000000000e+00,5.000000000000000278e-02,1.340321803088664110e+00,1.434838348770989036e+00,-1.500000000000000000e+00,0.000000000000000000e+00
6.499664373558466934e-01,1.941774120779066415e+00,4.768602474580335704e-01,1.500000000000000000e+00,0.000000000000000000e+00,0.000000000000000000e+00,5.000000000000000278e-02,-9.749496560337700402e-01,-9.528040387398122313e-01,-1.500000000000000000e+00,-0.000000000000000000e+00
-1.261562712779960016e-01,5.996991722083813148e-01,3.268659314056754361e-02,1.500000000000000000e+00,0.000000000000000000e+00,0.000000000000000000e+00,5.000000000000000278e-02,1.892344069169940024e-01,1.292106021441351837e-01,-1.500000000000000000e+00,0.000000000000000000e+00
2.240915400096405996e+00,9.001880149358040262e-01,9.224409340074405383e-01,1.500000000000000000e+00,0.000000000000000000e+00,0.000000000000000000e+00,5.000000000000000278e-02,-3.361373100144608994e+00,-3.488849273550028496e+00,-1.500000000000000000e+00,-0.000000000000000000e+00
-2.841467877359297400e+00,2.608185167943395832e+00,7.386460734531657968e-01,1.500000000000000000e+00,0.000000000000000000e+00,0.000000000000000000e+00,5.000000000000000278e-02,4.262201816038945879e+00,3.936725090922460701e+00,-1.500000000000000000e+00,0.000000000000000000e+00
2.152924767157600172e-01,4.922758620113102390e-01,5.976049460579941908e-01,1.500000000000000000e+00,0.000000000000000000e+00,0.000000000000000000e+00,5.000000000000000278e-02,-3.229387150736400258e-01,-2.127651994423183646e-01,-1.500000000000000000e+00,-0.000000000000000000e+00
1.553941049930542384e+00,1.195836746359851821e-01,7.127132216689211486e-01,1.500000000000000000e+00,0.000000000000000000e+00,0.000000000000000000e+00,5.000000000000000278e-02,-2.330911574895813576e+00,-2.389385320691169046e+00,-1.500000000000000000e+00,-0.000000000000000000e+00
1.708913425619684290e+00,2.295055327896861064e-01,5.932739936162135796e-01,1.500000000000000000e+00,0.000000000000000000e+00,0.000000000000000000e+00,5.000000000000000278e-02,-2.563370138429526435e+00,-2.725060977963741138e+00,-1.500000000000000000e+00,-0.000000000000000000e+00
1.483274604207270642e+00,1.781327468049037632e+00,5.782658944674934354e-02,1.500000000000000000e+00,0.000000000000000000e+00,0.000000000000000000e+00,5.000000000000000278e-02,-2.224911906310905962e+00,-2.059246810994397769e+00,-1.500000000000000000e+00,-0.000000000000000000e+00
-8.262362919752219703e-01,1.366947200675618923e+00,3.098556278616556581e-01,1.500000000000000000e+00,0.000000000000000000e+00,0.000000000000000000e+00,5.000000000000000278e-02,1.239354437962832955e+00,1.241552741663257020e+00,-1.500000000000000000e+00,0.000000000000000000e+00
1.808767295193574931e+00,1.867397407685947419e+00,8.228068420616774237e-01,1.500000000000000000e+00,0.000000000000000000e+00,0.000000000000000000e+00,5.000000000000000278e-02,-2.713150942790362397e+00,-2.855382259133580902e+00,-1.500000000000000000e+00,-0.000000000000000000e+00
6.498241092686205533e-01,1.041696256011932942e+00,7.126187991459971283e-01,1.500000000000000000e+00,0.000000000000000000e+00,0.000000000000000000e+00,5.000000000000000278e-02,-9.747361639029308300e-01,-1.022713524807494556e+00,-1.500000000000000000e+00,-0.000000000000000000e+00
2.103143292861627600e+00,3.298856272530716893e-01,3.847713101938724511e-01,1.500000000000000000e+00,0.000000000000000000e+00,0.000000000000000000e+00,5.000000000000000278e-02,-3.154714939292441400e+00,-3.341840313893092329e+00,-1.500000000000000000e+00,-0.000000000000000000e+00
2.304031529883724616e+00,5.673304634526922241e-01,8.485509093877083853e-01,1.500000000000000000e+00,0.000000000000000000e+00,0.000000000000000000e+00,5.000000000000000278e-02,-3.456047294825586924e+00,-3.500001255177227044e+00,-1.500000000000000000e+00,-0.000000000000000000e+00
3.595808355628715702e-01,2.914007140989248068e+00,3.633464800790552340e-01,1.500000000000000000e+00,0.000000000000000000e+00,0.000000000000000000e+00,5.000000000000000278e-02,-5.393712533443073553e-01,-5.512653682242644182e-01,-1.500000000000000000e+00,-0.000000000000000000e+00
-2.642531553048545589e+00,2.313080968387733360e+00,9.231944642962021108e-01,1.500000000000000000e+00,0.000000000000000000e+00,0.000000000000000000e+00,5.000000000000000278e-02,3.963797329572818384e+00,4.034169810073182205e+00,-1.500000000000000000e+00,0.000000000000000000e+00
2.896766292663504494e+00,1.996044858468625449e+00,8.681945035232596641e-01,1.500000000000000000e+00,0.000000000000000000e+00,0.000000000000000000e+00,5.000000000000000278e-02,-4.345149438995257185e+00,-4.550384401119612399e+00,-1.500000000000000000e+00,-0.000000000000000000e+00
-1.750597917999947351e+00,2.988850414705591874e+00,1.212461588561085657e-01,1.500000000000000000e+00,0.000000000000000000e+00,0.000000000000000000e+00,5.000000000000000278e-02,2.625896876999921137e+00,2.544701154566364476e+00,-1.500000000000000000e+00,0.000000000000000000e+00
6.845126064043269842e-01,2.062858894325454440e+00,3.249434727382457533e-01,1.500000000000000000e+00,0.000000000000000000e+00,0.000000000000000000e+00,5.000000000000000278e-02,-1.026768909606490476e+00,-1.009522724168251395e+00,-1.500000000000000000e+00,-0.000000000000000000e+00
-2.868058577408183929e+00,2.872109225116331599e-01,2.187568336104571687e-01,1.500000000000000000e+00,0.000000000000000000e+00,0.000000000000000000e+00,5.000000000000000278e-02,4.302087866112275449e+00,4.559317421462198539e+00,-1.500000000000000000e+00,0.000000000000000000e+00
-2.804669401239316073e+00,1.011802100893443246e+00,9.247323592374103729e-01,1.500000000000000000e+00,0.000000000000000000e+00,0.000000000000000000e+00,5.000000000000000278e-02,4.207004101858974110e+00,4.615294055998336198e+00,-1.500000000000000000e+00,0.000000000000000000e+00
2.135934626234909928e+00,2.122372533248880089e+00,8.592135851963352833e-01,1.500000000000000000e+00,0.000000000000000000e+00,0.000000000000000000e+00,5.000000000000000278e-02,-3.203901939352364892e+00,-3.024913159254760675e+00,-1.500000000000000000e+00,-0.000000000000000000e+00
2.889158641330392463e+00,2.492966994118049229e+00,2.276899502653795260e-01,1.500000000000000000e+00,0.000000000000000000e+00,0.000000000000000000e+00,5.000000000000000278e-02,-4.333737961995588250e+00,-4.610055273143596644e+00,-1.500000000000000000e+00,-0.000000000000000000e+00
-1.291197107228195584e+00,2.178638688470722951e+00,2.640689606954071955e-03,1.500000000000000000e+00,0.000000000000000000e+00,0.000000000000000000e+00,5.000000000000000278e-02,1.936795660842293376e+00,1.899119561643601406e+00,-1.500000000000000000e+00,0.000000000000000000e+00
-1.545626534939525953e-01,2.558281206301142419e+00,6.456577274573533920e-01,1.500000000000000000e+00,0.000000000000000000e+00,0.000000000000000000e+00,5.000000000000000278e-02,2.318439802409288930e-01,2.622349856977175264e-01,-1.500000000000000000e+00,0.000000000000000000e+00
-2.801958435654237967e+00,1.498438554518726429e+00,2.626300335050064660e-01,1.500000000000000000e+00,0.000000000000000000e+00,0.000000000000000000e+00,5.000000000000000278e-02,4.202937653481356506e+00,4.002654252091091713e+00,-1.500000000000000000e+00,0.000000000000000000e+00
-2.944913462055271935e+00,5.370529155870809035e-01,1.511738253034099477e-01,1.500000000000000000e+00,0.000000000000000000e+00,0.000000000000000000e+00,5.000000000000000278e-02,4.417370193082907903e+00,4.120059494010941847e+00,-1.500000000000000000e+00,0.000000000000000000e+00
-2.460964237133693722e+00,1.667885336372077587e+00,8.737551467169346608e-01,1.500000000000000000e+00,0.000000000000000000e+00,0.000000000000000000e+00,5.000000000000000278e-02,3.691446355700540582e+00,3.383069018934121708e+00,-1.500000000000000000e+00,0.000000000000000000e+00
2.333223298565192394e+00,2.166727750862595503e+00,2.418719516163840844e-01,1.500000000000000000e+00,0.000000000000000000e+00,0.000000000000000000e+00,5.000000000000000278e-02,-3.499834947847788591e+00,-3.519772846713874248e+00,-1.500000000000000000e+00,-0.000000000000000000e+00
-1.994659590324528997e+00,2.368309726381682800e+00,8.883124606218217867e-02,1.500000000000000000e+00,0.000000000000000000e+00,0.000000000000000000e+00,5.000000000000000278e-02,2.991989385486793385e+00,2.877393174160372880e+00,-1.500000000000000000e+00,0.000000000000000000e+00
-2.604871510363233167e+00,2.609821043407097862e-01,7.984812545836637021e-01,1.500000000000000000e+00,0.000000000000000000e+00,0.000000000000000000e+00,5.000000000000000278e-02,3.907307265544849528e+00,3.816636369014855479e+00,-1.500000000000000000e+00,0.000000000000000000e+00
4.410163243444342740e-02,5.632134547353664367e-01,4.611258694954351034e-01,1.500000000000000000e+00,0.000000000000000000e+00,0.000000000000000000e+00,5.000000000000000278e-02,-6.615244865166514110e-02,-1.313948101231389165e-01,-1.500000000000000000e+00,-0.000000000000000000e+00
-1.850825103862450138e+00,2.783662768860601489e+00,1.860572592469430520e-01,1.500000000000000000e+00,0.000000000000000000e+00,0.000000000000000000e+00,5.000000000000000278e-02,2.776237655793675430e+00,2.817076576202838467e+00,-1.500000000000000000e+00,0.000000000000000000e+00
2.587500504105183730e+00,2.279525221703816662e+00,1.518460429118517752e-04,1.500000000000000000e+00,0.000000000000000000e+00,0.000000000000000000e+00,5.000000000000000278e-02,-3.881250756157775594e+00,-4.048604442120181446e+00,-1.500000000000000000e+00,-0.000000000000000000e+00
1.773965823568238065e+00,9.290649458530814142e-01,4.731717265261183858e-01,1.500000000000000000e+00,0.000000000000000000e+00,0.000000000000000000e+00,5.000000000000000278e-02,-2.660948735352357097e+00,-2.833313010810555976e+00,-1.500000000000000000e+00,-0.000000000000000000e+00
1.432803152187467788e+00,2.335949156959664652e-01,2.815950575839678560e-01,1.500000000000000000e+00,0.000000000000000000e+00,0.000000000000000000e+00,5.000000000000000278e-02,-2.149204728281201682e+00,-2.276545271146994232e+00,-1.500000000000000000e+00,-0.000000000000000000e+00
-1.276714477479648391e+00,1.843982992751868277e+00,1.109721232698380744e-01,1.500000000000000000e+00,0.000000000000000000e+00,0.000000000000000000e+00,5.000000000000000278e-02,1.915071716219472586e+00,1.783975207569541865e+00,-1.500000000000000000e+00,0.000000000000000000e+00
6.992391713390313512e-01,2.016032560339318103e+00,7.131395299164416945e-01,1.500000000000000000e+00,0.000000000000000000e+00,0.000000000000000000e+00,5.000000000000000278e-02,-1.048858757008547027e+00,-1.025317820434049398e+00,-1.500000000000000000e+00,-0.000000000000000000e+00
6.533972800656631108e-01,2.545202974353267811e-01,8.662984241667062157e-01,1.500000000000000000e+00,0.000000000000000000e+00,0.000000000000000000e+00,5.000000000000000278e-02,-9.800959200984946662e-01,-9.470789351291806213e-01,-1.500000000000000000e+00,-0.000000000000000000e+00
-2.719636340669706165e+00,2.943868405770597718e+00,6.400484900693156343e-01,1.500000000000000000e+00,0.000000000000000000e+00,0.000000000000000000e+00,5.000000000000000278e-02,4.079454511004559691e+00,3.920102867418592929e+00,-1.500000000000000000e+00,0.000000000000000000e+00
1.361543431243064539e+00,7.512328882702670185e-01,8.973353439423538136e-01,1.500000000000000000e+00,0.000000000000000000e+00,0.000000000000000000e+00,5.000000000000000278e-02,-2.042315146864596809e+00,-2.129509266531103062e+00,-1.500000000000000000e+00,-0.000000000000000000e+00
2.864301541345456670e+00,1.954248011548376907e+00,7.072999962335440038e-01,1.500000000000000000e+00,0.000000000000000000e+00,0.000000000000000000e+00,5.000000000000000278e-02,-4.296452312018185005e+00,-3.870193313515439382e+00,-1.500000000000000000e+00,-0.000000000000000000e+00
-1.185622503815630280e+00,1.064426301140671605e+00,4.680165800510041052e-01,1.500000000000000000e+00,0.000000000000000000e+00,0.000000000000000000e+00,5.000000000000000278e-02,1.778433755723445309e+00,1.844621954917491369e+00,-1.500000000000000000e+00,0.000000000000000000e+00
2.187082170508382717e+00,1.967111065739675091e-01,3.594045847130167282e-02,1.500000000000000000e+00,0.000000000000000000e+00,0.000000000000000000e+00,5.000000000000000278e-02,-3.280623255762574075e+00,-3.054888880298870735e+00,-1.500000000000000000e+00,-0.000000000000000000e+00
-1.802465413798911564e+00,5.579563995977355750e-01,2.808947425314289870e-01,1.500000000000000000e+00,0.000000000000000000e+00,0.000000000000000000e+00,5.000000000000000278e-02,2.703698120698367457e+00,2.768297544732334359e+00,-1.500000000000000000e+00,0.000000000000000000e+00
-2.767798664454482527e+00,1.763581583624137306e+00,3.449782190867177745e-01,1.500000000000000000e+00,0.000000000000000000e+00,0.000000000000000000e+00,5.000000000000000278e-02,4.151697996681724234e+00,4.164336694462256183e+00,-1.500000000000000000e+00,0.000000000000000000e+00
-4.558147766170090875e-01,2.520472793125691169e+00,6.095053881400519513e-01,1.500000000000000000e+00,0.000000000000000000e+00,0.000000000000000000e+00,5.000000000000000278e-02,6.837221649255136313e-01,6.924182734719785959e-01,-1.500000000000000000e+00,0.000000000000000000e+00
3.325445953227283979e-01,2.739645663109442797e+00,4.691074695467383204e-01,1.500000000000000000e+00,0.000000000000000000e+00,0.000000000000000000e+00,5.000000000000000278e-02,-4.988168929840925969e-01,-4.235007283794272048e-01,-1.500000000000000000e+00,-0.000000000000000000e+00
-4.085983659894627529e-01,1.471287190747926132e+00,2.932703015099259458e-01,1.500000000000000000e+00,0.000000000000000000e+00,0.000000000000000000e+00,5.000000000000000278e-02,6.128975489841941293e-01,7.195825546741684287e-01,-1.500000000000000000e+00,0.000000000000000000e+00
-1.483084987194331905e+00,1.039523998035588370e+00,5.050789858743857108e-01,1.500000000000000000e+00,0.000000000000000000e+00,0.000000000000000000e+00,5.000000000000000278e-02,2.224627480791498080e+00,2.264191248456075112e+00,-1.500000000000000000e+00,0.000000000000000000e+00
-2.609446288949004433e+00,6.922474976312774642e-01,5.667159492002364907e-01,1.500000000000000000e+00,0.000000000000000000e+00,0.000000000000000000e+00,5.000000000000000278e-02,3.914169433423506650e+00,3.933989976421078616e+00,-1.500000000000000000e+00,0.000000000000000000e+00
-5.497441658562332023e-01,4.430756231707400072e-02,9.184316312405508276e-01,1.500000000000000000e+00,0.000000000000000000e+00,0.000000000000000000e+00,5.000000000000000278e-02,8.246162487843498035e-01,8.723038735489461182e-01,-1.500000000000000000e+00,0.000000000000000000e+00
-2.510958328856726318e+00,2.572203806032174800e+00,7.977815279805473558e-01,1.500000000000000000e+00,0.000000000000000000e+00,0.000000000000000000e+00,5.000000000000000278e-02,3.766437493285089477e+00,3.906618174725714709e+00,-1.500000000000000000e+00,0.000000000000000000e+00
-1.802112599768067591e+00,3.941041642483134044e-01,8.421782941197381023e-01,1.500000000000000000e+00,0.000000000000000000e+00,0.000000000000000000e+00,5.000000000000000278e-02,2.703168899652101498e+00,2.685549783012675995e+00,-1.500000000000000000e+00,0.000000000000000000e+00
1.997213321922743923e+00,1.128544274342341502e+00,2.783923307364251087e-01,1.500000000000000000e+00,0.000000000000000000e+00,0.000000000000000000e+00,5.000000000000000278e-02,-2.995819982884115884e+00,-3.090039558749807735e+00,-1.500000000000000000e+00,-0.000000000000000000e+00
1.704976302358047313e+00,1.852731105135574374e+00,5.109700799399851112e-01,1.500000000000000000e+00,0.000000000000000000e+00,0.000000000000000000e+00,5.000000000000000278e-02,-2.557464453537070970e+00,-2.646248861612262804e+00,-1.500000000000000000e+00,-0.000000000000000000e+00
2.159892707504209142e+00,2.120026068600483704e+00,8.734143494015418341e-01,1.500000000000000000e+00,0.000000000000000000e+00,0.000000000000000000e+00,5.000000000000000278e-02,-3.239839061256313713e+00,-2.986932216620401981e+00,-1.500000000000000000e+00,-0.000000000000000000e+00
-3.666053031770415416e-01,2.866450006010258900e+00,1.756254128554207705e-01,1.500000000000000000e+00,0.000000000000000000e+00,0.000000000000000000e+00,5.000000000000000278e-02,5.499079547655623124e-01,5.302929342599789209e-01,-1.500000000000000000e+00,0.000000000000000000e+00
2.852445990179139912e-01,9.066925188659854529e-01,1.267487552905548487e-01,1.500000000000000000e+00,0.000000000000000000e+00,0.000000000000000000e+00,5.000000000000000278e-02,-4.278668985268709868e-01,-4.436934028471297697e-01,-1.500000000000000000e+00,-0.000000000000000000e+00
2.721416042814078118e+00,9.532218140783889071e-01,6.235710734508723707e-01,1.500000000000000000e+00,0.000000000000000000e+00,0.000000000000000000e+00,5.000000000000000278e-02,-4.082124064221117621e+00,-4.155035480021291860e+00,-1.500000000000000000e+00,-0.000000000000000000e+00
1.751248874086584806e+00,1.293227684310704673e+00,2.779820252589243479e-01,1.500000000000000000e+00,0.000000000000000000e+00,0.000000000000000000e+00,5.000000000000000278e-02,-2.626873311129877209e+00,-2.786673732476907972e+00,-1.500000000000000000e+00,-0.000000000000000000e+00
-2.210773756582710803e+00,2.431746852839664630e+00,3.756719764087312896e-01,1.500000000000000000e+00,0.000000000000000000e+00,0.000000000000000000e+00,5.000000000000000278e-02,3.316160634874066204e+00,3.399194918433391610e+00,-1.500000000000000000e+00,0.000000000000000000e+00
1.678890270142469276e+00,2.365095630379304037e+00,5.884438473805780889e-01,1.500000000000000000e+00,0.000000000000000000e+00,0.000000000000000000e+00,5.000000000000000278e-02,-2.518335405213703915e+00,-2.524573965703711398e+00,-1.500000000000000000e+00,-0.000000000000000000e+00
-1.455797779651802903e+00,2.812711841435961979e+00,8.557580505449157160e-01,1.500000000000000000e+00,0.000000000000000000e+00,0.000000000000000000e+00,5.000000000000000278e-02,2.183696669477704244e+00,2.231281790670247123e+00,-1.500000000000000000e+00,0.000000000000000000e+00
6.505536130105991077e-01,6.545451879983473775e-01,3.673335065524830911e-01,1.500000000000000000e+00,0.000000000000000000e+00,0.000000000000000000e+00,5.000000000000000278e-02,-9.758304195158986616e-01,-9.055613518153706742e-01,-1.500000000000000000e+00,-0.000000000000000000e+00
-2.831586091287917828e+00,1.919759172266182645e+00,1.857839424890829205e-01,1.500000000000000000e+00,0.000000000000000000e+00,0.000000000000000000e+00,5.000000000000000278e-02,4.247379136931876964e+00,4.205977643038997904e+00,-1.500000000000000000e+00,0.000000000000000000e+00
-6.172835997457131185e-01,1.705598225980215155e+00,2.490994925621573541e-01,1.500000000000000000e+00,0.000000000000000000e+00,0.000000000000000000e+00,5.000000000000000278e-02,9.259253996185696778e-01,9.309127049378708163e-01,-1.500000000000000000e+00,0.000000000000000000e+00
-5.916101280066676793e-01,9.408268992815937981e-02,8.420662647783017096e-01,1.500000000000000000e+00,0.000000000000000000e+00,0.000000000000000000e+00,5.000000000000000278e-02,8.874151920100015190e-01,8.528038566158717693e-01,-1.500000000000000000e+00,0.000000000000000000e+00
2.946343372188620080e-01,5.641861390535738430e-01,1.113079098906742948e-01,1.500000000000000000e+00,0.000000000000000000e+00,0.000000000000000000e+00,5.000000000000000278e-02,-4.419515058282930120e-01,-3.970038601232174225e-01,-1.500000000000000000e+00,-0.000000000000000000e+00
-5.326768569337558823e-01,1.795688559212188951e+00,7.705812509025000701e-01,1.500000000000000000e+00,0.000000000000000000e+00,0.000000000000000000e+00,5.000000000000000278e-02,7.990152854006338234e-01,8.210200012665416214e-01,-1.500000000000000000e+00,0.000000000000000000e+00
-2.059940425966630517e+00,2.190842589480253011e-01,9.935067741080174653e-01,1.500000000000000000e+00,0.000000000000000000e+00,0.000000000000000000e+00,5.000000000000000278e-02,3.089910638949945998e+00,3.255556215529552322e+00,-1.500000000000000000e+00,0.000000000000000000e+00
2.219538699900234668e+00,2.120712850608762245e+00,5.502531984960303824e-01,1.500000000000000000e+00,0.000000000000000000e+00,0.000000000000000000e+00,5.000000000000000278e-02,-3.329308049850352003e+00,-3.062942819078356749e+00,-1.500000000000000000e+00,-0.000000000000000000e+00
-5.405029535004963748e-01,9.706156943923657243e-01,7.421159413803521954e-01,1.500000000000000000e+00,0.000000000000000000e+00,0.000000000000000000e+00,5.000000000000000278e-02,8.107544302507445622e-01,7.453483615898722769e-01,-1.500000000000000000e+00,0.000000000000000000e+00
-2.478168784504964695e+00,4.573543687721259854e-02,7.168729549112654587e-01,1.500000000000000000e+00,0.000000000000000000e+00,0.000000000000000000e+00,5.000000000000000278e-02,3.717253176757447264e+00,4.011192651460811831e+00,-1.500000000000000000e+00,0.000000000000000000e+00
1.428552441863832456e+00,2.856408884519781921e+00,8.453413049364374432e-01,1.500000000000000000e+00,0.000000000000000000e+00,0.000000000000000000e+00,5.000000000000000278e-02,-2.142828662795748684e+00,-2.276535751525286422e+00,-1.500000000000000000e+00,-0.000000000000000000e+00
1.513404401558465118e+00,2.892629554973253025e+00,9.098371207151938478e-01,1.500000000000000000e+00,0.000000000000000000e+00,0.000000000000000000e+00,5.000000000000000278e-02,-2.270106602337697677e+00,-2.387924971220659831e+00,-1.500000000000000000e+00,-0.000000000000000000e+00
-2.641382236443237552e+00,1.114625302828533560e+00,7.528847921366466078e-01,1.500000000000000000e+00,0.000000000000000000e+00,0.000000000000000000e+00,5.000000000000000278e-02,3.962073354664856328e+00,3.572621659164203933e+00,-1.500000000000000000e+00,0.000000000000000000e+00
-2.309870997244428459e+00,1.436968737053486045e+00,6.411618714735254354e-01,1.500000000000000000e+00,0.000000000000000000e+00,0.000000000000000000e+00,5.000000000000000278e-02,3.464806495866642688e+00,3.732554700250742208e+00,-1.500000000000000000e+00,0.000000000000000000e+00
-2.950383108063313387e+00,1.836490569920512073e+00,3.685335302632392063e-01,1.500000000000000000e+00,0.000000000000000000e+00,0.000000000000000000e+00,5.000000000000000278e-02,4.425574662094970080e+00,4.312078724344723391e+00,-1.500000000000000000e+00,0.000000000000000000e+00
2.355859417599805994e-01,2.525476559546683042e+00,1.261789698921024216e-01,1.500000000000000000e+00,0.000000000000000000e+00,0.000000000000000000e+00,5.000000000000000278e-02,-3.533789126399708991e-01,-3.241286290704327722e-01,-1.500000000000000000e+00,-0.000000000000000000e+00
3.767575926004065323e-01,7.219988505932196654e-01,1.061636448758073170e-01,1.500000000000000000e+00,0.000000000000000000e+00,0.000000000000000000e+00,5.000000000000000278e-02,-5.651363889006097985e-01,-5.974260550717601648e-01,-1.500000000000000000e+00,-0.000000000000000000e+00
2.898594097574017425e+00,2.052074813276611565e+00,3.926607484941472270e-01,1.500000000000000000e+00,0.000000000000000000e+00,0.000000000000000000e+00,5.000000000000000278e-02,-4.347891146361026138e+00,-3.983563042321027314e+00,-1.500000000000000000e+00,-0.000000000000000000e+00
-1.173679768838647774e+00,1.720575704881210033e+00,8.160162198213676277e-01,1.500000000000000000e+00,0.000000000000000000e+00,0.000000000000000000e+00,5.000000000000000278e-02,1.760519653257971662e+00,1.650269875666492636e+00,-1.500000000000000000e+00,0.000000000000000000e+00
-2.080812609432314275e+00,1.542789763081594767e+00,4.104290432967397928e-01,1.500000000000000000e+00,0.000000000000000000e+00,0.000000000000000000e+00,5.000000000000000278e-02,3.121218914148471413e+00,3.115238596142681171e+00,-1.500000000000000000e+00,0.000000000000000000e+00
2.496606643812233628e+00,1.028748246420855050e+00,5.559848073575973659e-01,1.500000000000000000e+00,0.000000000000000000e+00,0.000000000000000000e+00,5.000000000000000278e-02,-3.744909965718350442e+00,-3.957690459779918513e+00,-1.500000000000000000e+00,-0.000000000000000000e+00
-1.896103094117790322e+00,1.438562469095303609e+00,7.469345562664135851e-01,1.500000000000000000e+00,0.000000000000000000e+00,0.000000000000000000e+00,5.000000000000000278e-02,2.844154641176685594e+00,2.803938566713659597e+00,-1.500000000000000000e+00,0.000000000000000000e+00
6.620296431076915233e-01,4.921835069907354310e-01,4.101446253763568750e-01,1.500000000000000000e+00,0.000000000000000000e+00,0.000000000000000000e+00,5.000000000000000278e-02,-9.930444646615372850e-01,-9.239688871487135025e-01,-1.500000000000000000e+00,-0.000000000000000000e+00
-2.500661150389721588e+00,2.369428041547284813e+00,9.097228659195549794e-01,1.500000000000000000e+00,0.000000000000000000e+00,0.000000000000000000e+00,5.000000000000000278e-02,3.750991725584582603e+00,3.803226343066822057e+00,-1.500000000000000000e+00,0.000000000000000000e+00
1.776783135882842757e+00,1.522010049952475352e+00,8.634222254864591939e-01,1.500000000000000000e+00,0.000000000000000000e+00,0.000000000000000000e+00,5.000000000000000278e-02,-2.665174703824264135e+00,-2.624503794136128221e+00,-1.500000000000000000e+00,-0.000000000000000000e+00
-2.405082103494739165e+00,1.803023835172902878e+00,6.172412167305852959e-01,1.500000000000000000e+00,0.000000000000000000e+00,0.000000000000000000e+00,5.000000000000000278e-02,3.607623155242108748e+00,3.745297803006744530e+00,-1.500000000000000000e+00,0.000000000000000000e+00
-2.575764990237617624e+00,2.088226106220273159e+00,4.545050703139779102e-01,1.500000000000000000e+00,0.000000000000000000e+00,0.000000000000000000e+00,5.000000000000000278e-02,3.863647485356426436e+00,3.763137762463260483e+00,-1.500000000000000000e+00,0.000000000000000000e+00
-1.937281682786213377e+00,1.667509847509643262e+00,9.353920465248938276e-01,1.500000000000000000e+00,0.000000000000000000e+00,0.000000000000000000e+00,5.000000000000000278e-02,2.905922524179319844e+00,2.723229055015113254e+00,-1.500000000000000000e+00,0.000000000000000000e+00
2.257825436802060715e+00,1.277185431276309568e+00,4.613304139314169383e-01,1.500000000000000000e+00,0.000000000000000000e+00,0.000000000000000000e+00,5.000000000000000278e-02,-3.386738155203091072e+00,-3.577934325516109570e+00,-1.500000000000000000e+00,-0.000000000000000000e+00
5.353575202202032202e-02,1.065743516672749802e+00,5.299568673202676994e-01,1.500000000000000000e+00,0.000000000000000000e+00,0.000000000000000000e+00,5.000000000000000278e-02,-8.030362803303048302e-02,-1.056905459454523244e-01,-1.500000000000000000e+00,-0.000000000000000000e+00
6.112945845951514023e-01,9.964034144911166901e-01,7.313526501898914844e-02,1.500000000000000000e+00,0.000000000000000000e+00,0.000000000000000000e+00,5.000000000000000278e-02,-9.169418768927271035e-01,-8.580191587393628527e-01,-1.500000000000000000e+00,-0.000000000000000000e+00
-1.789866956841019041e+00,1.232126385742297270e+00,5.606008359773018146e-01,1.500000000000000000e+00,0.000000000000000000e+00,0.000000000000000000e+00,5.000000000000000278e-02,2.684800435261528673e+00,2.683471245173807418e+00,-1.500000000000000000e+00,0.000000000000000000e+00
2.508466063058586215e+00,1.508376339735384208e+00,7.102849352187525778e-01,1.500000000000000000e+00,0.000000000000000000e+00,0.000000000000000000e+00,5.000000000000000278e-02,-3.762699094587879323e+00,-3.856574677056904932e+00,-1.500000000000000000e+00,-0.000000000000000000e+00
2.546610929536631929e+00,2.371737616512473057e+00,6.156231239630666208e-01,1.500000000000000000e+00,0.000000000000000000e+00,0.000000000000000000e+00,5.000000000000000278e-02,-3.819916394304947893e+00,-3.807651507754045817e+00,-1.500000000000000000e+00,-0.000000000000000000e+00
-8.159074337321046144e-01,2.767007986054689894e+00,5.968069982925817696e-01,1.500000000000000000e+00,0.000000000000000000e+00,0.000000000000000000e+00,5.000000000000000278e-02,1.223861150598156922e+00,1.178926617128450482e+00,-1.500000000000000000e+00,0.000000000000000000e+00
1.465380672762539582e+00,2.239983020698008254e+00,9.942356494935669087e-01,1.500000000000000000e+00,0.000000000000000000e+00,0.000000000000000000e+00,5.000000000000000278e-02,-2.198071009143809373e+00,-2.104861878214679294e+00,-1.500000000000000000e+00,-0.000000000000000000e+00
2.672871273439132445e+00,2.838540238669668980e+00,2.414876396787591917e-01,1.500000000000000000e+00,0.000000000000000000e+00,0.000000000000000000e+00,5.000000000000000278e-02,-4.009306910158699111e+00,-3.855833526748670081e+00,-1.500000000000000000e+00,-0.000000000000000000e+00
3.078077321517191933e-01,2.821521404981694126e+00,9.474207814649132642e-01,1.500000000000000000e+00,0.000000000000000000e+00,0.000000000000000000e+00,5.000000000000000278e-02,-4.617115982275787900e-01,-5.017068866978573460e-01,-1.500000000000000000e+00,-0.000000000000000000e+00
-9.474589859484261467e-02,2.566415974838328395e+00,9.852170460327058787e-01,1.500000000000000000e+00,0.000000000000000000e+00,0.000000000000000000e+00,5.000000000000000278e-02,1.421188478922639220e-01,2.262662014320182546e-01,-1.500000000000000000e+00,0.000000000000000000e+00
8.147587899160315672e-01,2.752844716634516242e+00,3.848392865847206634e-01,1.500000000000000000e+00,0.000000000000000000e+00,0.000000000000000000e+00,5.000000000000000278e-02,-1.222138184874047351e+00,-1.297918879165615103e+00,-1.500000000000000000e+00,-0.000000000000000000e+00
-2.826585801569161838e+00,1.169359689011273407e+00,5.327000170329514450e-01,1.500000000000000000e+00,0.000000000000000000e+00,0.000000000000000000e+00,5.000000000000000278e-02,4.239878702353742312e+00,4.330886700811123369e+00,-1.500000000000000000e+00,0.000000000000000000e+00
-2.343451902768478590e+00,1.525265173705279143e+00,2.412771307982575220e-01,1.500000000000000000e+00,0.000000000000000000e+00,0.000000000000000000e+00,5.000000000000000278e-02,3.515177854152717885e+00,3.458202195913886445e+00,-1.500000000000000000e+00,0.000000000000000000e+00
1.771491920850798429e-01,2.098586280185943842e+00,4.985685399977802801e-01,1.500000000000000000e+00,0.000000000000000000e+00,0.000000000000000000e+00,5.000000000000000278e-02,-2.657237881276197644e-01,-2.247767790649354558e-01,-1.500000000000000000e+00,-0.000000000000000000e+00
-5.496803134345400466e-01,2.829509948346912829e+00,8.663649110489476390e-01,1.500000000000000000e+00,0.000000000000000000e+00,0.000000000000000000e+00,5.000000000000000278e-02,8.245204701518100698e-01,8.670930921378617873e-01,-1.500000000000000000e+00,0.000000000000000000e+00
-1.341830016570360051e+00,1.933164578442131409e-01,9.314285134169049130e-01,1.500000000000000000e+00,0.000000000000000000e+00,0.000000000000000000e+00,5.000000000000000278e-02,2.012745024855540077e+00,2.019277102873866525e+00,-1.500000000000000000e+00,0.000000000000000000e+00
1.081450143300664024e-01,1.738865750996637427e+00,6.938007518372706350e-01,1.500000000000000000e+00,0.000000000000000000e+00,0.000000000000000000e+00,5.000000000000000278e-02,-1.622175214950996036e-01,-1.487725093391812914e-01,-1.500000000000000000e+00,-0.000000000000000000e+00
-8.224398405348631869e-02,1.341552004700409917e+00,9.681708448125813105e-01,1.500000000000000000e+00,0.000000000000000000e+00,0.000000000000000000e+00,5.000000000000000278e-02,1.233659760802294780e-01,5.255879455345087437e-02,-1.500000000000000000e+00,0.000000000000000000e+00
-4.762739019974691068e-01,9.703914193377483066e-02,1.714967089815658818e-01,1.500000000000000000e+00,0.000000000000000000e+00,0.000000000000000000e+00,5.000000000000000278e-02,7.144108529962036602e-01,6.390586249143814790e-01,-1.500000000000000000e+00,0.000000000000000000e+00
2.279870228443261482e+00,1.997754340777043502e+00,6.964454784287573696e-01,1.500000000000000000e+00,0.000000000000000000e+00,0.000000000000000000e+00,5.000000000000000278e-02,-3.419805342664892223e+00,-3.421043224649584769e+00,-1.500000000000000000e+00,-0.000000000000000000e+00
-2.208024643403652121e+00,3.455542941760586517e-01,4.934871885335555541e-01,1.500000000000000000e+00,0.000000000000000000e+00,0.000000000000000000e+00,5.000000000000000278e-02,3.312036965105478181e+00,3.359200237433950686e+00,-1.500000000000000000e+00,0.000000000000000000e+00
2.422784802040858665e+00,1.913424674068271658e+00,2.963064646054291984e-02,1.500000000000000000e+00,0.000000000000000000e+00,0.000000000000000000e+00,5.000000000000000278e-02,-3.634177203061287997e+00,-3.732698924587542155e+00,-1.500000000000000000e+00,-0.000000000000000000e+00
1.765683852865679526e+00,2.390424683013595564e-01,6.298483844640523355e-02,1.500000000000000000e+00,0.000000000000000000e+00,0.000000000000000000e+00,5.000000000000000278e-02,-2.648525779298519289e+00,-2.567968676100598202e+00,-1.500000000000000000e+00,-0.000000000000000000e+00
-1.475443387559658426e+00,8.017653672815449051e-01,5.311405557804774746e-01,1.500000000000000000e+00,0.000000000000000000e+00,0.000000000000000000e+00,5.000000000000000278e-02,2.213165081339487639e+00,2.332169918602760905e+00,-1.500000000000000000e+00,0.000000000000000000e+00
5.023791296886370716e-01,2.680282045468585839e+00,5.632850170744774232e-02,1.500000000000000000e+00,0.000000000000000000e+00,0.000000000000000000e+00,5.000000000000000278e-02,-7.535686945329556075e-01,-8.408760138589355115e-01,-1.500000000000000000e+00,-0.000000000000000000e+00
1.547292771288232061e+00,1.752900008871812965e+00,7.200016515297679165e-01,1.500000000000000000e+00,0.000000000000000000e+00,0.000000000000000000e+00,5.000000000000000278e-02,-2.320939156932348091e+00,-2.279914631519155410e+00,-1.500000000000000000e+00,-0.000000000000000000e+00
3.299154089041111959e-01,8.812201542295104995e-01,1.559918386603662555e-01,1.500000000000000000e+00,0.000000000000000000e+00,0.000000000000000000e+00,5.000000000000000278e-02,-4.948731133561667939e-01,-4.000520199361444207e-01,-1.500000000000000000e+00,-0.000000000000000000e+00
-2.035002431349980156e+00,5.830717691605122877e-01,5.204585680957496407e-01,1.500000000000000000e+00,0.000000000000000000e+00,0.000000000000000000e+00,5.000000000000000278e-02,3.052503647024970235e+00,3.038845539045692767e+00,-1.500000000000000000e+00,0.000000000000000000e+00
-8.259001926934637083e-01,4.843118287154757340e-01,3.564448814526944842e-01,1.500000000000000000e+00,0.000000000000000000e+00,0.000000000000000000e+00,5.000000000000000278e-02,1.238850289040195563e+00,1.236512181544760614e+00,-1.500000000000000000e+00,0.000000000000000000e+00
2.661413591183157124e-01,2.667294481326797584e+00,1.454450097941346609e-01,1.500000000000000000e+00,0.000000000000000000e+00,0.000000000000000000e+00,5.000000000000000278e-02,-3.992120386774735685e-01,-3.985234017653088712e-01,-1.500000000000000000e+00,-0.000000000000000000e+00
1.114699234629535241e+00,1.918728689358418782e+00,6.178662414964053440e-01,1.500000000000000000e+00,0.000000000000000000e+00,0.000000000000000000e+00,5.000000000000000278e-02,-1.672048851944302861e+00,-1.631330027253205639e+00,-1.500000000000000000e+00,-0.000000000000000000e+00
-1.689348024028625161e-01,4.712965364371635157e-01,2.771964077008528538e-01,1.500000000000000000e+00,0.000000000000000000e+00,0.000000000000000000e+00,5.000000000000000278e-02,2.534022036042937742e-01,1.291645651845016451e-01,-1.500000000000000000e+00,0.000000000000000000e+00
6.887129141265377896e-01,1.784026968176532613e+00,8.342333923659368544e-01,1.500000000000000000e+00,0.000000000000000000e+00,0.000000000000000000e+00,5.000000000000000278e-02,-1.033069371189806684e+00,-1.010032312901707696e+00,-1.500000000000000000e+00,-0.000000000000000000e+00
1.386394031749593303e+00,3.936944669360822324e-01,8.104110555984936903e-01,1.500000000000000000e+00,0.000000000000000000e+00,0.000000000000000000e+00,5.000000000000000278e-02,-2.079591047624389955e+00,-2.119993649181985518e+00,-1.500000000000000000e+00,-0.000000000000000000e+00
1.625732930977424218e+00,8.377574954070760027e-01,4.191562688894600042e-01,1.500000000000000000e+00,0.000000000000000000e+00,0.000000000000000000e+00,5.000000000000000278e-02,-2.438599396466136326e+00,-2.363260740807497040e+00,-1.500000000000000000e+00,-0.000000000000000000e+00
1.558903393460370879e+00,1.963963910605452723e+00,6.564036603296140582e-01,1.500000000000000000e+00,0.000000000000000000e+00,0.000000000000000000e+00,5.000000000000000278e-02,-2.338355090190556318e+00,-2.410142647068949984e+00,-1.500000000000000000e+00,-0.000000000000000000e+00
-2.228982105467167685e-01,2.522683957846897584e+00,9.433327493150313048e-01,1.500000000000000000e+00,0.000000000000000000e+00,0.000000000000000000e+00,5.000000000000000278e-02,3.343473158200751527e-01,3.296386559269102734e-01,-1.500000000000000000e+00,0.000000000000000000e+00
2.204043062592402791e+00,2.838814734408744656e+00,5.556454049993204691e-01,1.500000000000000000e+00,0.000000000000000000e+00,0.000000000000000000e+00,5.000000000000000278e-02,-3.306064593888604186e+00,-3.251439436732357358e+00,-1.500000000000000000e+00,-0.000000000000000000e+00
-2.018193212885048382e+00,2.761076132098960301e+00,7.613502223060224505e-01,1.500000000000000000e+00,0.000000000000000000e+00,0.000000000000000000e+00,5.000000000000000278e-02,3.027289819327572573e+00,3.176082913805768460e+00,-1.500000000000000000e+00,0.000000000000000000e+00
4.291721602136000513e-01,1.375228398289400911e+00,1.455570444816616238e-01,1.500000000000000000e+00,0.000000000000000000e+00,0.000000000000000000e+00,5.000000000000000278e-02,-6.437582403204000769e-01,-6.518857174147547617e-01,-1.500000000000000000e+00,-0.000000000000000000e+00
-1.945403684019253898e+00,1.100361524517279754e+00,4.755818545271609521e-01,1.500000000000000000e+00,0.000000000000000000e+00,0.000000000000000000e+00,5.000000000000000278e-02,2.918105526028880625e+00,2.971386944785821882e+00,-1.500000000000000000e+00,0.000000000000000000e+00
-2.233161363657560461e+00,2.187478750800728289e+00,6.607954739711358050e-01,1.500000000000000000e+00,0.000000000000000000e+00,0.000000000000000000e+00,5.000000000000000278e-02,3.349742045486340913e+00,3.179355139631729887e+00,-1.500000000000000000e+00,0.000000000000000000e+00
2.192693711644864152e-01,1.745136867950261683e+00,7.362826741591469437e-01,1.500000000000000000e+00,0.000000000000000000e+00,0.000000000000000000e+00,5.000000000000000278e-02,-3.289040567467296228e-01,-3.327151288824384268e-01,-1.500000000000000000e+00,-0.000000000000000000e+00
5.207173007434411360e-01,1.464544797526803332e-01,7.835624699052536890e-01,1.500000000000000000e+00,0.000000000000000000e+00,0.000000000000000000e+00,5.000000000000000278e-02,-7.810759511151617041e-01,-7.627468048144724344e-01,-1.500000000000000000e+00,-0.000000000000000000e+00
2.332471619568102561e+00,1.237055596737576701e+00,8.780680389641496442e-01,1.500000000000000000e+00,0.000000000000000000e+00,0.000000000000000000e+00,5.000000000000000278e-02,-3.498707429352153842e+00,-3.165906278741305702e+00,-1.500000000000000000e+00,-0.000000000000000000e+00
1.610467218137680234e+00,1.317519026983399621e+00,7.595668883740910315e-01,1.500000000000000000e+00,0.000000000000000000e+00,0.000000000000000000e+00,5.000000000000000278e-02,-2.415700827206520351e+00,-2.518895832515574362e+00,-1.500000000000000000e+00,-0.000000000000000000e+00
1.553545973792250123e+00,1.166964227528866083e+00,6.091477570306109701e-01,1.500000000000000000e+00,0.000000000000000000e+00,0.000000000000000000e+00,5.000000000000000278e-02,-2.330318960688375185e+00,-2.315259512803494957e+00,-1.500000000000000000e+00,-0.000000000000000000e+00
-1.110956226408905678e-01,8.723644036656736933e-01,9.326912088508835241e-01,1.500000000000000000e+00,0.000000000000000000e+00,0.000000000000000000e+00,5.000000000000000278e-02,1.666434339613358517e-01,1.405008804256514809e-01,-1.500000000000000000e+00,0.000000000000000000e+00
-4.520471799281251535e-01,3.281820689619880937e-01,6.021840167056333737e-01,1.500000000000000000e+00,0.000000000000000000e+00,0.000000000000000000e+00,5.000000000000000278e-02,6.780707698921877302e-01,7.071199253382409733e-01,-1.500000000000000000e+00,0.000000000000000000e+00
1.515297139167826934e+00,2.610414898816200147e+00,9.439547993258226022e-01,1.500000000000000000e+00,0.000000000000000000e+00,0.000000000000000000e+00,5.000000000000000278e-02,-2.272945708751740401e+00,-2.365548382642952419e+00,-1.500000000000000000e+00,-0.000000000000000000e+00
2.112093540212162779e+00,2.220640655847254230e+00,4.548250677865570690e-01,1.500000000000000000e+00,0.000000000000000000e+00,0.000000000000000000e+00,5.000000000000000278e-02,-3.168140310318244168e+00,-3.037361351272013454e+00,-1.500000000000000000e+00,-0.000000000000000000e+00
-1.541094479509446780e+00,4.595529702565147590e-01,4.099858911144932394e-01,1.500000000000000000e+00,0.000000000000000000e+00,0.000000000000000000e+00,5.000000000000000278e-02,2.311641719264170280e+00,2.188564492113230564e+00,-1.500000000000000000e+00,0.000000000000000000e+00
-2.238647036562152692e+00,2.823855401131363241e+00,3.947942156284223181e-01,1.500000000000000000e+00,0.000000000000000000e+00,0.000000000000000000e+00,5.000000000000000278e-02,3.357970554843229039e+00,3.638535232990022905e+00,-1.500000000000000000e+00,0.000000000000000000e+00
-1.098917094132692229e+00,1.044873767539207909e+00,1.431102931454313332e-01,1.500000000000000000e+00,0.000000000000000000e+00,0.000000000000000000e+00,5.000000000000000278e-02,1.648375641199038455e+00,1.654249730269822694e+00,-1.500000000000000000e+00,0.000000000000000000e+00
-6.049048820168794194e-01,2.212583374218697330e+00,5.217564693461229641e-02,1.500000000000000000e+00,0.000000000000000000e+00,0.000000000000000000e+00,5.000000000000000278e-02,9.073573230253191291e-01,8.954832105086412142e-01,-1.500000000000000000e+00,0.000000000000000000e+00
2.937662426718443243e+00,6.125690486472230578e-01,8.239564077718219970e-02,1.500000000000000000e+00,0.000000000000000000e+00,0.000000000000000000e+00,5.000000000000000278e-02,-4.406493640077664864e+00,-4.384743860782560176e+00,-1.500000000000000000e+00,-0.000000000000000000e+00
1.842626015392212935e+00,2.811294940415727694e+00,7.265223074476734322e-02,1.500000000000000000e+00,0.000000000000000000e+00,0.000000000000000000e+00,5.000000000000000278e-02,-2.763939023088319402e+00,-2.727002615881642278e+00,-1.500000000000000000e+00,-0.000000000000000000e+00
1.865541023379190477e+00,2.215027562276345563e+00,8.069801581676968594e-01,1.500000000000000000e+00,0.000000000000000000e+00,0.000000000000000000e+00,5.000000000000000278e-02,-2.798311535068785716e+00,-2.747446751737287141e+00,-1.500000000000000000e+00,-0.000000000000000000e+00
2.823113517735275302e+00,2.123636362692411517e+00,7.920568210598570857e-01,1.500000000000000000e+00,0.000000000000000000e+00,0.000000000000000000e+00,5.000000000000000278e-02,-4.234670276602912509e+00,-4.012540290136234589e+00,-1.500000000000000000e+00,-0.000000000000000000e+00
2.355844415049335616e+00,2.610271958415197879e+00,9.004290316718600584e-01,1.500000000000000000e+00,0.000000000000000000e+00,0.000000000000000000e+00,5.000000000000000278e-02,-3.533766622574003424e+00,-3.524357309076748823e+00,-1.500000000000000000e+00,-0.000000000000000000e+00
-1.909664100892025873e+00,2.105410764492604780e+00,5.359482286348095093e-01,1.500000000000000000e+00,0.000000000000000000e+00,0.000000000000000000e+00,5.000000000000000278e-02,2.864496151338038921e+00,2.775718444674228458e+00,-1.500000000000000000e+00,0.000000000000000000e+00
-1.538865856895459405e+00,2.545678163215309375e+00,9.895664398985239973e-01,1.500000000000000000e+00,0.000000000000000000e+00,0.000000000000000000e+00,5.000000000000000278e-02,2.308298785343189330e+00,2.148674200960038583e+00,-1.500000000000000000e+00,0.000000000000000000e+00
1.743334113889388526e+00,9.464512631880934723e-01,8.694700106079048529e-01,1.500000000000000000e+00,0.000000000000000000e+00,0.000000000000000000e+00,5.000000000000000278e-02,-2.615001170834082789e+00,-2.680822773494874856e+00,-1.500000000000000000e+00,-0.000000000000000000e+00
2.542421252832746781e+00,2.380612576093687593e+00,8.814618298621882397e-01,1.500000000000000000e+00,0.000000000000000000e+00,0.000000000000000000e+00,5.000000000000000278e-02,-3.813631879249120171e+00,-3.999977280989848172e+00,-1.500000000000000000e+00,-0.000000000000000000e+00
-7.429258288987536929e-01,1.828491730392437065e+00,8.717960538644916602e-01,1.500000000000000000e+00,0.000000000000000000e+00,0.000000000000000000e+00,5.000000000000000278e-02,1.114388743348130539e+00,1.166749445308123523e+00,-1.500000000000000000e+00,0.000000000000000000e+00
2.974067820188460054e+00,1.599713542474186401e+00,9.583611881086175899e-01,1.500000000000000000e+00,0.000000000000000000e+00,0.000000000000000000e+00,5.000000000000000278e-02,-4.461101730282690525e+00,-4.711580002288171976e+00,-1.500000000000000000e+00,-0.000000000000000000e+00
-1.941379246053034358e+00,2.790474371229133332e+00,1.691686120427094986e-01,1.500000000000000000e+00,0.000000000000000000e+00,0.000000000000000000e+00,5.000000000000000278e-02,2.912068869079551536e+00,2.841145986896854492e+00,-1.500000000000000000e+00,0.000000000000000000e+00
-2.764189878691580837e+00,1.242361155374211101e+00,2.081275500323538363e-01,1.500000000000000000e+00,0.000000000000000000e+00,0.000000000000000000e+00,5.000000000000000278e-02,4.146284818037370812e+00,4.199285464519307176e+00,-1.500000000000000000e+00,0.000000000000000000e+00
2.595935292597668642e+00,1.691135731392187314e+00,5.978706476987989404e-01,1.500000000000000000e+00,0.000000000000000000e+00,0.000000000000000000e+00,5.000000000000000278e-02,-3.893902938896502963e+00,-3.606773670721204805e+00,-1.500000000000000000e+00,-0.000000000000000000e+00
-9.945993087021847145e-01,3.898482909275970965e-01,5.130219206173336488e-01,1.500000000000000000e+00,0.000000000000000000e+00,0.000000000000000000e+00,5.000000000000000278e-02,1.491898963053277072e+00,1.376099064530897698e+00,-1.500000000000000000e+00,0.000000000000000000e+00
-2.481616561388345410e+00,7.523887877023790471e-01,3.512284266969251112e-01,1.500000000000000000e+00,0.000000000000000000e+00,0.000000000000000000e+00,5.000000000000000278e-02,3.722424842082518115e+00,3.699156558905311698e+00,-1.500000000000000000e+00,0.000000000000000000e+00
2.442129551099216478e+00,1.993967094255976846e+00,6.949691123156011008e-01,1.500000000000000000e+00,0.000000000000000000e+00,0.000000000000000000e+00,5.000000000000000278e-02,-3.663194326648824717e+00,-3.489529753142462276e+00,-1.500000000000000000e+00,-0.000000000000000000e+00
-1.300687105487704054e+00,5.146679940685484622e-01,4.988886320486728421e-01,1.500000000000000000e+00,0.000000000000000000e+00,0.000000000000000000e+00,5.000000000000000278e-02,1.951030658231556192e+00,1.795278466647151960e+00,-1.500000000000000000e+00,0.000000000000000000e+00
1.970277889294522744e+00,4.465108629238622173e-01,5.037665144576097820e-01,1.500000000000000000e+00,0.000000000000000000e+00,0.000000000000000000e+00,5.000000000000000278e-02,-2.955416833941784116e+00,-2.849172574786479117e+00,-1.500000000000000000e+00,-0.000000000000000000e+00
2.707978317588257688e+00,2.482615851432995235e+00,5.140850234248883766e-01,1.500000000000000000e+00,0.000000000000000000e+00,0.000000000000000000e+00,5.000000000000000278e-02,-4.061967476382386977e+00,-4.500941843368129192e+00,-1.500000000000000000e+00,-0.000000000000000000e+00
-6.929754283394995440e-01,3.338112057549871281e-01,1.528078095489877608e-01,1.500000000000000000e+00,0.000000000000000000e+00,0.000000000000000000e+00,5.000000000000000278e-02,1.039463142509249316e+00,1.034410822320007473e+00,-1.500000000000000000e+00,0.000000000000000000e+00
-8.624811329931638682e-01,2.862414611003158971e+00,8.424730665450964606e-01,1.500000000000000000e+00,0.000000000000000000e+00,0.000000000000000000e+00,5.000000000000000278e-02,1.293721699489745802e+00,1.231998687402911852e+00,-1.500000000000000000e+00,0.000000000000000000e+00
1.138618374665517408e+00,1.096594618888878880e+00,2.082452187421768297e-02,1.500000000000000000e+00,0.000000000000000000e+00,0.000000000000000000e+00,5.000000000000000278e-02,-1.707927561998276111e+00,-1.745264999787374371e+00,-1.500000000000000000e+00,-0.000000000000000000e+00
-1.622309238505580398e+00,2.701587529427884604e+00,2.944733069089396915e-01,1.500000000000000000e+00,0.000000000000000000e+00,0.000000000000000000e+00,5.000000000000000278e-02,2.433463857758370708e+00,2.475871993297638518e+00,-1.500000000000000000e+00,0.000000000000000000e+00
2.590874287813734966e+00,1.341339184965183229e+00,6.715362800245138208e-01,1.500000000000000000e+00,0.000000000000000000e+00,0.000000000000000000e+00,5.000000000000000278e-02,-3.886311431720602450e+00,-3.590802425205805726e+00,-1.500000000000000000e+00,-0.000000000000000000e+00
2.866025432497586678e+00,7.703160860222896256e-01,4.502575580380704379e-01,1.500000000000000000e+00,0.000000000000000000e+00,0.000000000000000000e+00,5.000000000000000278e-02,-4.299038148746380017e+00,-4.475539042867748840e+00,-1.500000000000000000e+00,-0.000000000000000000e+00
-2.811172366628117203e+00,1.523689715996062066e+00,3.728713500318682206e-01,1.500000000000000000e+00,0.000000000000000000e+00,0.000000000000000000e+00,5.000000000000000278e-02,4.216758549942175804e+00,4.556023703345465137e+00,-1.500000000000000000e+00,0.000000000000000000e+00
1.956444953766298234e+00,2.300139493172089100e+00,2.009202763915353129e-01,1.500000000000000000e+00,0.000000000000000000e+00,0.000000000000000000e+00,5.000000000000000278e-02,-2.934667430649447351e+00,-2.689381162725046792e+00,-1.500000000000000000e+00,-0.000000000000000000e+00
-1.260445888919949020e+00,2.221738616043956061e+00,7.457183198164472060e-01,1.500000000000000000e+00,0.000000000000000000e+00,0.000000000000000000e+00,5.000000000000000278e-02,1.890668833379923530e+00,1.753152818387814893e+00,-1.500000000000000000e+00,0.000000000000000000e+00
-3.816076994761066210e-01,2.999293602614646836e+00,9.723517232227690821e-01,1.500000000000000000e+00,0.000000000000000000e+00,0.000000000000000000e+00,5.000000000000000278e-02,5.724115492141599315e-01,5.754816977668386624e-01,-1.500000000000000000e+00,0.000000000000000000e+00
-1.802568342968148718e+00,5.500294580307261150e-01,9.895739553696601964e-01,1.500000000000000000e+00,0.000000000000000000e+00,0.000000000000000000e+00,5.000000000000000278e-02,2.703852514452222966e+00,2.783854458406398447e+00,-1.500000000000000000e+00,0.000000000000000000e+00
1.931446583543150020e+00,4.796187553753396005e-01,7.090755727564748145e-01,1.500000000000000000e+00,0.000000000000000000e+00,0.000000000000000000e+00,5.000000000000000278e-02,-2.897169875314725029e+00,-2.679001450979947130e+00,-1.500000000000000000e+00,-0.000000000000000000e+00
5.541443095065039515e-01,1.635277190967439953e+00,4.309234539628168381e-01,1.500000000000000000e+00,0.000000000000000000e+00,0.000000000000000000e+00,5.000000000000000278e-02,-8.312164642597559272e-01,-7.948596727383117067e-01,-1.500000000000000000e+00,-0.000000000000000000e+00
8.486215858808661139e-01,7.322104388995483992e-01,9.722312991371884205e-01,1.500000000000000000e+00,0.000000000000000000e+00,0.000000000000000000e+00,5.000000000000000278e-02,-1.272932378821299171e+00,-1.297987600429797883e+00,-1.500000000000000000e+00,-0.000000000000000000e+00
1.229872104164612345e+00,1.194094513400387747e-01,9.121104481511607132e-01,1.500000000000000000e+00,0.000000000000000000e+00,0.000000000000000000e+00,5.000000000000000278e-02,-1.844808156246918518e+00,-1.887641008589194591e+00,-1.500000000000000000e+00,-0.000000000000000000e+00
-7.496512701400490641e-01,1.671682944343781729e+00,4.338541378990413699e-01,1.500000000000000000e+00,0.000000000000000000e+00,0.000000000000000000e+00,5.000000000000000278e-02,1.124476905210073596e+00,1.165870052000426593e+00,-1.500000000000000000e+00,0.000000000000000000e+00
2.180111010995299026e+00,2.396987092469635705e+00,9.424625530868118162e-01,1.500000000000000000e+00,0.000000000000000000e+00,0.000000000000000000e+00,5.000000000000000278e-02,-3.270166516492948539e+00,-3.393285346039546457e+00,-1.500000000000000000e+00,-0.000000000000000000e+00
-2.763636818404328732e+00,2.745389046084956597e+00,7.783011621439003269e-01,1.500000000000000000e+00,0.000000000000000000e+00,0.000000000000000000e+00,5.000000000000000278e-02,4.145455227606492876e+00,4.202711685190419821e+00,-1.500000000000000000e+00,0.000000000000000000e+00
1.857816864816097535e-02,9.211139707352121730e-01,5.729848571890183706e-02,1.500000000000000000e+00,0.000000000000000000e+00,0.000000000000000000e+00,5.000000000000000278e-02,-2.786725297224146303e-02,-2.503448942269605529e-02,-1.500000000000000000e+00,-0.000000000000000000e+00
-1.630718389701435456e-01,1.547082333157864031e+00,7.909192459584072354e-01,1.500000000000000000e+00,0.000000000000000000e+00,0.000000000000000000e+00,5.000000000000000278e-02,2.446077584552153183e-01,2.041579162140101378e-01,-1.500000000000000000e+00,0.000000000000000000e+00
-1.200439293793307272e-01,2.046905187838971685e+00,8.974185388842028654e-01,1.500000000000000000e+00,0.000000000000000000e+00,0.000000000000000000e+00,5.000000000000000278e-02,1.800658940689960907e-01,2.954795978020686720e-01,-1.500000000000000000e+00,0.000000000000000000e+00
3.510252471536245977e-01,3.005018143316950940e-02,2.874307392693314922e-01,1.500000000000000000e+00,0.000000000000000000e+00,0.000000000000000000e+00,5.000000000000000278e-02,-5.265378707304368966e-01,-5.180476659631420011e-01,-1.500000000000000000e+00,-0.000000000000000000e+00
1.023014813808884149e+00,1.964345941891604053e+00,8.884972016743607481e-01,1.500000000000000000e+00,0.000000000000000000e+00,0.000000000000000000e+00,5.000000000000000278e-02,-1.534522220713326224e+00,-1.369491956330658455e+00,-1.500000000000000000e+00,-0.000000000000000000e+00
-1.300431159419998872e+00,3.783007790579161478e-01,1.523384788904272868e-01,1.500000000000000000e+00,0.000000000000000000e+00,0.000000000000000000e+00,5.000000000000000278e-02,1.950646739129998419e+00,2.057326898297582307e+00,-1.500000000000000000e+00,0.000000000000000000e+00
2.697341385566787153e-01,1.579695589712187154e+00,7.447893292167651058e-01,1.500000000000000000e+00,0.000000000000000000e+00,0.000000000000000000e+00,5.000000000000000278e-02,-4.046012078350180730e-01,-3.516243650702698953e-01,-1.500000000000000000e+00,-0.000000000000000000e+00
-1.003352883424385000e+00,2.132349067905311646e+00,6.173430433039104326e-01,1.500000000000000000e+00,0.000000000000000000e+00,0.000000000000000000e+00,5.000000000000000278e-02,1.505029325136577611e+00,1.458659238228915411e+00,-1.500000000000000000e+00,0.000000000000000000e+00
2.930503933658290094e+00,1.127457561434118016e+00,5.894520527199953452e-02,1.500000000000000000e+00,0.000000000000000000e+00,0.000000000000000000e+00,5.000000000000000278e-02,-4.395755900487435142e+00,-4.513996596926517668e+00,-1.500000000000000000e+00,-0.000000000000000000e+00
2.197645840248170224e+00,2.760082428392802711e+00,7.473552288370217678e-01,1.500000000000000000e+00,0.000000000000000000e+00,0.000000000000000000e+00,5.000000000000000278e-02,-3.296468760372255336e+00,-3.281826476797242709e+00,-1.500000000000000000e+00,-0.000000000000000000e+00
-2.941132456512119298e+00,1.111887515691974082e+00,8.711499399956029732e-01,1.500000000000000000e+00,0.000000000000000000e+00,0.000000000000000000e+00,5.000000000000000278e-02,4.411698684768179390e+00,4.386493994188927381e+00,-1.500000000000000000e+00,0.000000000000000000e+00
-2.622996635305430591e+00,6.009880929637837488e-01,9.662666859335768965e-01,1.500000000000000000e+00,0.000000000000000000e+00,0.000000000000000000e+00,5.000000000000000278e-02,3.934494952958146108e+00,3.699153405651821380e+00,-1.500000000000000000e+00,0.000000000000000000e+00
-1.183889416318873344e+00,7.939331048964153315e-01,1.862238168185478271e-01,1.500000000000000000e+00,0.000000000000000000e+00,0.000000000000000000e+00,5.000000000000000278e-02,1.775834124478310017e+00,1.974829487066938949e+00,-1.500000000000000000e+00,0.000000000000000000e+00
1.272132998799188286e+00,3.009891082772671034e-01,4.288654751354356032e-01,1.500000000000000000e+00,0.000000000000000000e+00,0.000000000000000000e+00,5.000000000000000278e-02,-1.908199498198782429e+00,-1.682248687740824700e+00,-1.500000000000000000e+00,-0.000000000000000000e+00
2.974621702992726213e+00,3.951956753228806907e-01,7.227149920835503893e-01,1.500000000000000000e+00,0.000000000000000000e+00,0.000000000000000000e+00,5.000000000000000278e-02,-4.461932554489089320e+00,-4.325960238042569017e+00,-1.500000000000000000e+00,-0.000000000000000000e+00
2.491020979283392833e+00,1.715711992975165412e+00,6.141584408873174139e-01,1.500000000000000000e+00,0.000000000000000000e+00,0.000000000000000000e+00,5.000000000000000278e-02,-3.736531468925089250e+00,-3.701913870864598000e+00,-1.500000000000000000e+00,-0.000000000000000000e+00
-2.932600650693856004e+00,1.814731961947759320e+00,7.831036463154632532e-01,1.500000000000000000e+00,0.000000000000000000e+00,0.000000000000000000e+00,5.000000000000000278e-02,4.398900976040783561e+00,4.342463760954379914e+00,-1.500000000000000000e+00,0.000000000000000000e+00
-1.793399267813726716e+00,2.266790804582405894e+00,1.506694948976454729e-01,1.500000000000000000e+00,0.000000000000000000e+00,0.000000000000000000e+00,5.000000000000000278e-02,2.690098901720590074e+00,2.552106989189486974e+00,-1.500000000000000000e+00,0.000000000000000000e+00
2.901152923304818110e+00,2.412976386402672091e+00,9.673805809246343035e-01,1.500000000000000000e+00,0.000000000000000000e+00,0.000000000000000000e+00,5.000000000000000278e-02,-4.351729384957227609e+00,-4.259584395282337788e+00,-1.500000000000000000e+00,-0.000000000000000000e+00
-2.140722668903238812e-01,1.248110180795654056e+00,1.111343166079636902e-01,1.500000000000000000e+00,0.000000000000000000e+00,0.000000000000000000e+00,5.000000000000000278e-02,3.211084003354858218e-01,3.197969834615074225e-01,-1.500000000000000000e+00,0.000000000000000000e+00
5.888648504908342574e-01,6.177166145241913542e-01,9.417104704795423720e-01,1.500000000000000000e+00,0.000000000000000000e+00,0.000000000000000000e+00,5.000000000000000278e-02,-8.832972757362513860e-01,-8.536060697020039223e-01,-1.500000000000000000e+00,-0.000000000000000000e+00
-1.361580697453672606e-01,1.081788727842177167e+00,5.831689215381410385e-01,1.500000000000000000e+00,0.000000000000000000e+00,0.000000000000000000e+00,5.000000000000000278e-02,2.042371046180508909e-01,2.526733423355869701e-01,-1.500000000000000000e+00,0.000000000000000000e+00
2.633991487067151027e-01,1.195216074038779386e+00,1.400739141264515375e-01,1.500000000000000000e+00,0.000000000000000000e+00,0.000000000000000000e+00,5.000000000000000278e-02,-3.950987230600726541e-01,-2.873033083778256946e-01,-1.500000000000000000e+00,-0.000000000000000000e+00
-2.420957518575237888e+00,1.830034658283141713e-02,2.683824777589760568e-02,1.500000000000000000e+00,0.000000000000000000e+00,0.000000000000000000e+00,5.000000000000000278e-02,3.631436277862857054e+00,3.626812368659690922e+00,-1.500000000000000000e+00,0.000000000000000000e+00
1.971391776431337561e+00,1.609606051171653895e+00,6.795184948311659978e-01,1.500000000000000000e+00,0.000000000000000000e+00,0.000000000000000000e+00,5.000000000000000278e-02,-2.957087664647006342e+00,-2.922060234764954245e+00,-1.500000000000000000e+00,-0.000000000000000000e+00
-5.149297326017423515e-01,2.866693963009411039e+00,7.019421805858413466e-01,1.500000000000000000e+00,0.000000000000000000e+00,0.000000000000000000e+00,5.000000000000000278e-02,7.723945989026135273e-01,7.601093520745870746e-01,-1.500000000000000000e+00,0.000000000000000000e+00
2.978424207891818831e-01,4.439516707609370005e-01,6.917225959616609687e-01,1.500000000000000000e+00,0.000000000000000000e+00,0.000000000000000000e+00,5.000000000000000278e-02,-4.467636311837728247e-01,-4.296064026389667112e-01,-1.500000000000000000e+00,-0.000000000000000000e+00
-1.067017082867746103e+00,8.526002624495770954e-01,1.321984299075694702e-01,1.500000000000000000e+00,0.000000000000000000e+00,0.000000000000000000e+00,5.000000000000000278e-02,1.600525624301619043e+00,1.520342728819112921e+00,-1.500000000000000000e+00,0.000000000000000000e+00
-1.764751531577176902e+00,1.799354453558269507e+00,3.017645147512014736e-01,1.500000000000000000e+00,0.000000000000000000e+00,0.000000000000000000e+00,5.000000000000000278e-02,2.647127297365765131e+00,2.861701729137786643e+00,-1.500000000000000000e+00,0.000000000000000000e+00
-1.486580285779446786e+00,1.684394522036866793e+00,1.344858645945575804e-01,1.500000000000000000e+00,0.000000000000000000e+00,0.000000000000000000e+00,5.000000000000000278e-02,2.229870428669170401e+00,2.289462576642494973e+00,-1.500000000000000000e+00,0.000000000000000000e+00
-3.314239888969923165e-01,1.710334255096670697e+00,8.278889025238302946e-01,1.500000000000000000e+00,0.000000000000000000e+00,0.000000000000000000e+00,5.000000000000000278e-02,4.971359833454884747e-01,4.329072655152019222e-01,-1.500000000000000000e+00,0.000000000000000000e+00
-2.105053022515897876e+00,2.315508066169618573e+00,8.366103312955129878e-01,1.500000000000000000e+00,0.000000000000000000e+00,0.000000000000000000e+00,5.000000000000000278e-02,3.157579533773846592e+00,3.160305293454044318e+00,-1.500000000000000000e+00,0.000000000000000000e+00
1.244192408720382836e+00,1.411000764403300245e+00,5.948406658009052217e-01,1.500000000000000000e+00,0.000000000000000000e+00,0.000000000000000000e+00,5.000000000000000278e-02,-1.866288613080574255e+00,-1.754541962688671575e+00,-1.500000000000000000e+00,-0.000000000000000000e+00
-1.408337390469826422e+00,7.165842761360108337e-01,4.216815860381547543e-01,1.500000000000000000e+00,0.000000000000000000e+00,0.000000000000000000e+00,5.000000000000000278e-02,2.112506085704739522e+00,2.182772336929869716e+00,-1.500000000000000000e+00,0.000000000000000000e+00
2.571296890330351914e+00,1.281491168725027441e-01,9.743570272937036592e-01,1.500000000000000000e+00,0.000000000000000000e+00,0.000000000000000000e+00,5.000000000000000278e-02,-3.856945335495527871e+00,-3.972009011604357376e+00,-1.500000000000000000e+00,-0.000000000000000000e+00
2.210152955766829130e+00,3.520145939965900750e-01,3.587485370825872488e-01,1.500000000000000000e+00,0.000000000000000000e+00,0.000000000000000000e+00,5.000000000000000278e-02,-3.315229433650243696e+00,-3.208588775629133583e+00,-1.500000000000000000e+00,-0.000000000000000000e+00
2.667315929210267278e+00,4.743115463495881645e-01,1.771533709693839942e-02,1.500000000000000000e+00,0.000000000000000000e+00,0.000000000000000000e+00,5.000000000000000278e-02,-4.000973893815400473e+00,-3.932592056109044609e+00,-1.500000000000000000e+00,-0.000000000000000000e+00
6.458351823009502723e-01,1.165235583211498227e+00,6.621184687569520166e-01,1.500000000000000000e+00,0.000000000000000000e+00,0.000000000000000000e+00,5.000000000000000278e-02,-9.687527734514254085e-01,-9.985395567128390049e-01,-1.500000000000000000e+00,-0.000000000000000000e+00
4.819781526980468911e-01,2.415487075905528691e+00,5.017976936712680303e-01,1.500000000000000000e+00,0.000000000000000000e+00,0.000000000000000000e+00,5.000000000000000278e-02,-7.229672290470703366e-01,-7.057549540612856331e-01,-1.500000000000000000e+00,-0.000000000000000000e+00
-8.719279251344573822e-01,7.245563817953719621e-01,1.124298127565597216e-01,1.500000000000000000e+00,0.000000000000000000e+00,0.000000000000000000e+00,5.000000000000000278e-02,1.307891887701686073e+00,1.232660469393902058e+00,-1.500000000000000000e+00,0.000000000000000000e+00
-2.802895091138935868e+00,4.520931173937962066e-01,4.238012721753909862e-01,1.500000000000000000e+00,0.000000000000000000e+00,0.000000000000000000e+00,5.000000000000000278e-02,4.204342636708403802e+00,4.124537734109644305e+00,-1.500000000000000000e+00,0.000000000000000000e+00
1.723779134493908849e+00,3.081815897478672461e-01,9.146562004450476957e-01,1.500000000000000000e+00,0.000000000000000000e+00,0.000000000000000000e+00,5.000000000000000278e-02,-2.585668701740863273e+00,-2.746877342345094952e+00,-1.500000000000000000e+00,-0.000000000000000000e+00
7.335596110496869215e-01,1.760766069561886304e+00,6.615769198875873780e-01,1.500000000000000000e+00,0.000000000000000000e+00,0.000000000000000000e+00,5.000000000000000278e-02,-1.100339416574530382e+00,-1.048073366870831080e+00,-1.500000000000000000e+00,-0.000000000000000000e+00
-1.111973255280061412e+00,1.383640616807392254e+00,4.557474235322048761e-01,1.500000000000000000e+00,0.000000000000000000e+00,0.000000000000000000e+00,5.000000000000000278e-02,1.667959882920092118e+00,1.754220065766943337e+00,-1.500000000000000000e+00,0.000000000000000000e+00
5.058328698229788145e-01,1.678934638968238691e+00,5.799914464958495497e-01,1.500000000000000000e+00,0.000000000000000000e+00,0.000000000000000000e+00,5.000000000000000278e-02,-7.587493047344682218e-01,-7.806582538011648253e-01,-1.500000000000000000e+00,-0.000000000000000000e+00
2.322734406080956049e+00,3.424801170403821704e-01,5.439630337568719387e-01,1.500000000000000000e+00,0.000000000000000000e+00,0.000000000000000000e+00,5.000000000000000278e-02,-3.484101609121434073e+00,-3.452728222109511691e+00,-1.500000000000000000e+00,-0.000000000000000000e+00
-1.935013946390433226e+00,6.630052823120879957e-02,3.355416553976783289e-01,1.500000000000000000e+00,0.000000000000000000e+00,0.000000000000000000e+00,5.000000000000000278e-02,2.902520919585649839e+00,3.115361733746557782e+00,-1.500000000000000000e+00,0.000000000000000000e+00
-2.421740776961476271e+00,4.515177172863086286e-01,1.360237052269935853e-01,1.500000000000000000e+00,0.000000000000000000e+00,0.000000000000000000e+00,5.000000000000000278e-02,3.632611165442214407e+00,3.350487652692976326e+00,-1.500000000000000000e+00,0.000000000000000000e+00
-4.225941691774885989e-01,1.021258317429523110e+00,2.870739965153690232e-01,1.500000000000000000e+00,0.000000000000000000e+00,0.000000000000000000e+00,5.000000000000000278e-02,6.338912537662328983e-01,6.310045032596901526e-01,-1.500000000000000000e+00,0.000000000000000000e+00
-1.592440584087768896e+00,2.704232506448884799e+00,2.711115510514300331e-01,1.500000000000000000e+00,0.000000000000000000e+00,0.000000000000000000e+00,5.000000000000000278e-02,2.388660876131653232e+00,2.454373735370133147e+00,-1.500000000000000000e+00,0.000000000000000000e+00
2.618825541217755237e+00,2.955508887209073787e+00,8.923034781274189475e-01,1.500000000000000000e+00,0.000000000000000000e+00,0.000000000000000000e+00,5.000000000000000278e-02,-3.928238311826632856e+00,-3.814292313550527780e+00,-1.500000000000000000e+00,-0.000000000000000000e+00
2.147014358799192557e+00,2.816826156390086933e+00,4.967370112677861327e-01,1.500000000000000000e+00,0.000000000000000000e+00,0.000000000000000000e+00,5.000000000000000278e-02,-3.220521538198788836e+00,-3.295345379493621607e+00,-1.500000000000000000e+00,-0.000000000000000000e+00
-2.243061850191729434e+00,8.752788948994779661e-01,4.486082218737313942e-01,1.500000000000000000e+00,0.000000000000000000e+00,0.000000000000000000e+00,5.000000000000000278e-02,3.364592775287594151e+00,3.033590966295283131e+00,-1.500000000000000000e+00,0.000000000000000000e+00
-9.277554877494944563e-01,1.796920424562478136e+00,2.177788853857109963e-03,1.500000000000000000e+00,0.000000000000000000e+00,0.000000000000000000e+00,5.000000000000000278e-02,1.391633231624241684e+00,1.342318447791391645e+00,-1.500000000000000000e+00,0.000000000000000000e+00
1.369712325007567344e+00,1.764815972313149572e-02,7.498132048892924839e-01,1.500000000000000000e+00,0.000000000000000000e+00,0.000000000000000000e+00,5.000000000000000278e-02,-2.054568487511351016e+00,-1.950132545977456777e+00,-1.500000000000000000e+00,-0.000000000000000000e+00
-2.573417929279742111e-02,1.869061335398735979e+00,2.548386358206629065e-01,1.500000000000000000e+00,0.000000000000000000e+00,0.000000000000000000e+00,5.000000000000000278e-02,3.860126893919613167e-02,8.030381052671158731e-03,-1.500000000000000000e+00,0.000000000000000000e+00
2.659148004672411858e+00,7.419528339004388684e-03,7.806086898671567020e-01,1.500000000000000000e+00,0.000000000000000000e+00,0.000000000000000000e+00,5.000000000000000278e-02,-3.988722007008617787e+00,-3.950709199363877211e+00,-1.500000000000000000e+00,-0.000000000000000000e+00
2.572719947115701622e+00,6.125203812679135273e-01,5.896298314467099955e-01,1.500000000000000000e+00,0.000000000000000000e+00,0.000000000000000000e+00,5.000000000000000278e-02,-3.859079920673552433e+00,-3.895142085111830355e+00,-1.500000000000000000e+00,-0.000000000000000000e+00
-2.937084656835900365e+00,2.253878013697909743e+00,9.163740452403543735e-01,1.500000000000000000e+00,0.000000000000000000e+00,0.000000000000000000e+00,5.000000000000000278e-02,4.405626985253850769e+00,4.603184336279184663e+00,-1.500000000000000000e+00,0.000000000000000000e+00
2.685074375325469553e+00,6.390747578992609368e-01,5.031156097137143846e-01,1.500000000000000000e+00,0.000000000000000000e+00,0.000000000000000000e+00,5.000000000000000278e-02,-4.027611562988203886e+00,-4.162364939949405596e+00,-1.500000000000000000e+00,-0.000000000000000000e+00
-2.266555913856997950e+00,1.117815312209007761e+00,9.224330555335504833e-01,1.500000000000000000e+00,0.000000000000000000e+00,0.000000000000000000e+00,5.000000000000000278e-02,3.399833870785497147e+00,3.454694115259464127e+00,-1.500000000000000000e+00,0.000000000000000000e+00
-1.895896871372370063e+00,1.915390589792087317e+00,4.123570802372444888e-01,1.500000000000000000e+00,0.000000000000000000e+00,0.000000000000000000e+00,5.000000000000000278e-02,2.843845307058554983e+00,2.876019005679428808e+00,-1.500000000000000000e+00,0.000000000000000000e+00
1.445886084268817484e+00,8.374977015356355192e-01,2.212254202753115573e-01,1.500000000000000000e+00,0.000000000000000000e+00,0.000000000000000000e+00,5.000000000000000278e-02,-2.168829126403226226e+00,-2.283474129877780534e+00,-1.500000000000000000e+00,-0.000000000000000000e+00
1.052917177000814775e+00,1.394059318080860699e+00,9.820744664599043716e-01,1.500000000000000000e+00,0.000000000000000000e+00,0.000000000000000000e+00,5.000000000000000278e-02,-1.579375765501222162e+00,-1.554717686965160883e+00,-1.500000000000000000e+00,-0.000000000000000000e+00
-2.113604220237008668e+00,9.976743111231649586e-01,2.042201423119508474e-01,1.500000000000000000e+00,0.000000000000000000e+00,0.000000000000000000e+00,5.000000000000000278e-02,3.170406330355513003e+00,3.323173517872849203e+00,-1.500000000000000000e+00,0.000000000000000000e+00
2.771457198586745108e+00,1.389838033316694199e+00,1.733680299018195425e-01,1.500000000000000000e+00,0.000000000000000000e+00,0.000000000000000000e+00,5.000000000000000278e-02,-4.157185797880117661e+00,-4.080255354450713412e+00,-1.500000000000000000e+00,-0.000000000000000000e+00
-1.371839016203595385e-01,1.600404804530896063e-01,1.987987956354296815e-01,1.500000000000000000e+00,0.000000000000000000e+00,0.000000000000000000e+00,5.000000000000000278e-02,2.057758524305393077e-01,1.710579273789978316e-01,-1.500000000000000000e+00,0.000000000000000000e+00
6.797597122334582131e-01,1.173673452865771960e+00,4.261061068507585592e-01,1.500000000000000000e+00,0.000000000000000000e+00,0.000000000000000000e+00,5.000000000000000278e-02,-1.019639568350187320e+00,-1.051816864451934119e+00,-1.500000000000000000e+00,-0.000000000000000000e+00
-2.058442472453745786e+00,2.466267283202701499e+00,5.007648585231662119e-01,1.500000000000000000e+00,0.000000000000000000e+00,0.000000000000000000e+00,5.000000000000000278e-02,3.087663708680618679e+00,2.881095144595064106e+00,-1.500000000000000000e+00,0.000000000000000000e+00
2.166919020291555142e+00,2.413557513319863457e+00,2.071174305435210528e-01,1.500000000000000000e+00,0.000000000000000000e+00,0.000000000000000000e+00,5.000000000000000278e-02,-3.250378530437332714e+00,-3.436494883403134804e+00,-1.500000000000000000e+00,-0.000000000000000000e+00
2.068881239090744728e+00,7.122274450440795324e-01,5.902589275677707636e-01,1.500000000000000000e+00,0.000000000000000000e+00,0.000000000000000000e+00,5.000000000000000278e-02,-3.103321858636117092e+00,-3.427106110115925475e+00,-1.500000000000000000e+00,-0.000000000000000000e+00
-9.776758065494490779e-01,4.483626341115135583e-01,9.315326314279391839e-01,1.500000000000000000e+00,0.000000000000000000e+00,0.000000000000000000e+00,5.000000000000000278e-02,1.466513709824173617e+00,1.490126878047475678e+00,-1.500000000000000000e+00,0.000000000000000000e+00
4.149773283760804787e-02,9.453762320573854128e-01,5.388964530329939384e-01,1.500000000000000000e+00,0.000000000000000000e+00,0.000000000000000000e+00,5.000000000000000278e-02,-6.224659925641207181e-02,-6.229315076291179476e-02,-1.500000000000000000e+00,-0.000000000000000000e+00
-2.701649232313118709e+00,6.650039685619777430e-01,6.165705577647552227e-01,1.500000000000000000e+00,0.000000000000000000e+00,0.000000000000000000e+00,5.000000000000000278e-02,4.052473848469677620e+00,4.040887813047199906e+00,-1.500000000000000000e+00,0.000000000000000000e+00
2.106120466288170512e+00,2.379801100073781761e+00,3.276286280494931091e-01,1.500000000000000000e+00,0.000000000000000000e+00,0.000000000000000000e+00,5.000000000000000278e-02,-3.159180699432255768e+00,-2.768357637941724292e+00,-1.500000000000000000e+00,-0.000000000000000000e+00
-2.001410183962630818e+00,9.338505955697262717e-01,3.597992558908915672e-01,1.500000000000000000e+00,0.000000000000000000e+00,0.000000000000000000e+00,5.000000000000000278e-02,3.002115275943946227e+00,3.007187189405178263e+00,-1.500000000000000000e+00,0.000000000000000000e+00
1.887921454750055794e+00,1.670010501610908360e+00,4.150524128055651518e-01,1.500000000000000000e+00,0.000000000000000000e+00,0.000000000000000000e+00,5.000000000000000278e-02,-2.831882182125083691e+00,-2.726842187366107062e+00,-1.500000000000000000e+00,-0.000000000000000000e+00
-2.062328409458248579e+00,1.842851191250269638e+00,7.216747052477685553e-01,1.500000000000000000e+00,0.000000000000000000e+00,0.000000000000000000e+00,5.000000000000000278e-02,3.093492614187372869e+00,2.889463048230285214e+00,-1.500000000000000000e+00,0.000000000000000000e+00
-8.403136889903306539e-02,6.950997241985157338e-01,7.084537148209448798e-01,1.500000000000000000e+00,0.000000000000000000e+00,0.000000000000000000e+00,5.000000000000000278e-02,1.260470533485495981e-01,1.071876233279614732e-01,-1.500000000000000000e+00,0.000000000000000000e+00
2.549030527713485483e+00,2.499197628798354165e-01,8.381226370315644214e-01,1.500000000000000000e+00,0.000000000000000000e+00,0.000000000000000000e+00,5.000000000000000278e-02,-3.823545791570228225e+00,-3.949819429777752244e+00,-1.500000000000000000e+00,-0.000000000000000000e+00
-2.062594703938247953e+00,1.668159630504008062e+00,5.773230138241699505e-01,1.500000000000000000e+00,0.000000000000000000e+00,0.000000000000000000e+00,5.000000000000000278e-02,3.093892055907371930e+00,3.114488601049382410e+00,-1.500000000000000000e+00,0.000000000000000000e+00
-1.715954367890092147e+00,2.737854853172417835e-01,4.836147020624620430e-01,1.500000000000000000e+00,0.000000000000000000e+00,0.000000000000000000e+00,5.000000000000000278e-02,2.573931551835138443e+00,2.431154198979482928e+00,-1.500000000000000000e+00,0.000000000000000000e+00
-3.308631413360285656e-01,2.378753753308572971e+00,5.675291539094550197e-01,1.500000000000000000e+00,0.000000000000000000e+00,0.000000000000000000e+00,5.000000000000000278e-02,4.962947120040428484e-01,4.605290469947373455e-01,-1.500000000000000000e+00,0.000000000000000000e+00
9.031313515405394732e-01,5.181541599271579646e-01,9.880022586758769876e-01,1.500000000000000000e+00,0.000000000000000000e+00,0.000000000000000000e+00,5.000000000000000278e-02,-1.354697027310809210e+00,-1.403516710825593483e+00,-1.500000000000000000e+00,-0.000000000000000000e+00
-2.801243345262587781e+00,1.279478644092157058e+00,4.178904381306189908e-01,1.500000000000000000e+00,0.000000000000000000e+00,0.000000000000000000e+00,5.000000000000000278e-02,4.201865017893881671e+00,4.248008819848692497e+00,-1.500000000000000000e+00,0.000000000000000000e+00
-5.363155562862775838e-01,7.422188039888102384e-01,7.700151379914810246e-01,1.500000000000000000e+00,0.000000000000000000e+00,0.000000000000000000e+00,5.000000000000000278e-02,8.044733344294163757e-01,7.395035114557964029e-01,-1.500000000000000000e+00,0.000000000000000000e+00
-1.484810577029310075e+00,1.842700034642226203e+00,8.310271025015070201e-01,1.500000000000000000e+00,0.000000000000000000e+00,0.000000000000000000e+00,5.000000000000000278e-02,2.227215865543965112e+00,2.242281895735465103e+00,-1.500000000000000000e+00,0.000000000000000000e+00
-1.562475975739987755e+00,6.099607937300345339e-01,4.718586549489061088e-01,1.500000000000000000e+00,0.000000000000000000e+00,0.000000000000000000e+00,5.000000000000000278e-02,2.343713963609981743e+00,2.397751420406037948e+00,-1.500000000000000000e+00,0.000000000000000000e+00
-1.519747789770645952e+00,2.606073277613779604e-01,1.334631179272623980e-01,1.500000000000000000e+00,0.000000000000000000e+00,0.000000000000000000e+00,5.000000000000000278e-02,2.279621684655968927e+00,2.289051802007885161e+00,-1.500000000000000000e+00,0.000000000000000000e+00
8.719273250687500365e-01,2.676199536552318570e+00,9.242715755487764806e-01,1.500000000000000000e+00,0.000000000000000000e+00,0.000000000000000000e+00,5.000000000000000278e-02,-1.307890987603125055e+00,-1.232984923858381432e+00,-1.500000000000000000e+00,-0.000000000000000000e+00
1.216240153512746502e+00,2.061776786637492531e-02,4.348113318524307047e-01,1.500000000000000000e+00,0.000000000000000000e+00,0.000000000000000000e+00,5.000000000000000278e-02,-1.824360230269119754e+00,-1.819389989523354290e+00,-1.500000000000000000e+00,-0.000000000000000000e+00
-1.834444765433544511e+00,3.226771781897075364e-01,4.442475734148909616e-03,1.500000000000000000e+00,0.000000000000000000e+00,0.000000000000000000e+00,5.000000000000000278e-02,2.751667148150316766e+00,2.775361033205834715e+00,-1.500000000000000000e+00,0.000000000000000000e+00
-1.702957758900939700e+00,8.044032482108436355e-01,9.475715587911415216e-01,1.500000000000000000e+00,0.000000000000000000e+00,0.000000000000000000e+00,5.000000000000000278e-02,2.554436638351409439e+00,2.580832467372839112e+00,-1.500000000000000000e+00,0.000000000000000000e+00
1.699199148755065281e+00,1.303113611389699056e-01,4.822369262433462422e-01,1.500000000000000000e+00,0.000000000000000000e+00,0.000000000000000000e+00,5.000000000000000278e-02,-2.548798723132597921e+00,-2.437151110393889208e+00,-1.500000000000000000e+00,-0.000000000000000000e+00
2.788625967379489090e+00,1.953650111580847781e+00,4.471946689002859188e-03,1.500000000000000000e+00,0.000000000000000000e+00,0.000000000000000000e+00,5.000000000000000278e-02,-4.182938951069234079e+00,-4.091205528025065874e+00,-1.500000000000000000e+00,-0.000000000000000000e+00
1.006467634291352553e-01,9.655432059250799171e-01,8.684557321319514855e-01,1.500000000000000000e+00,0.000000000000000000e+00,0.000000000000000000e+00,5.000000000000000278e-02,-1.509701451437028830e-01,-1.498303027382043018e-01,-1.500000000000000000e+00,-0.000000000000000000e+00
2.709812599571847613e+00,1.410903679950160416e+00,8.063539355767423977e-01,1.500000000000000000e+00,0.000000000000000000e+00,0.000000000000000000e+00,5.000000000000000278e-02,-4.064718899357771420e+00,-3.927091678700227462e+00,-1.500000000000000000e+00,-0.000000000000000000e+00
7.251666837725636583e-01,1.017131269023886286e+00,7.706823712314125885e-02,1.500000000000000000e+00,0.000000000000000000e+00,0.000000000000000000e+00,5.000000000000000278e-02,-1.087750025658845487e+00,-1.131040182680145278e+00,-1.500000000000000000e+00,-0.000000000000000000e+00
-1.319123823256323602e+00,1.701071267926204555e+00,4.992393945984272552e-01,1.500000000000000000e+00,0.000000000000000000e+00,0.000000000000000000e+00,5.000000000000000278e-02,1.978685734884485292e+00,2.057451094237034539e+00,-1.500000000000000000e+00,0.000000000000000000e+00
2.770451495589755453e+00,1.104500842017387185e+00,8.015953100228055961e-01,1.500000000000000000e+00,0.000000000000000000e+00,0.000000000000000000e+00,5.000000000000000278e-02,-4.155677243384633179e+00,-4.405725893152453665e+00,-1.500000000000000000e+00,-0.000000000000000000e+00
-1.848430222454087613e+00,4.499206921155304295e-01,8.351996860939951972e-01,1.500000000000000000e+00,0.000000000000000000e+00,0.000000000000000000e+00,5.000000000000000278e-02,2.772645333681131419e+00,2.953437243683999291e+00,-1.500000000000000000e+00,0.000000000000000000e+00
2.206713105576035616e+00,2.290435185396365370e+00,3.119669703670829852e-01,1.500000000000000000e+00,0.000000000000000000e+00,0.000000000000000000e+00,5.000000000000000278e-02,-3.310069658364053424e+00,-3.412346550925927868e+00,-1.500000000000000000e+00,-0.000000000000000000e+00
2.390316243506781291e+00,1.415738577579292112e+00,3.725023958843562966e-01,1.500000000000000000e+00,0.000000000000000000e+00,0.000000000000000000e+00,5.000000000000000278e-02,-3.585474365260171936e+00,-3.630029424006290029e+00,-1.500000000000000000e+00,-0.000000000000000000e+00
-7.991540192187347458e-01,1.046254626726173420e+00,7.741930380700039471e-01,1.500000000000000000e+00,0.000000000000000000e+00,0.000000000000000000e+00,5.000000000000000278e-02,1.198731028828102119e+00,1.183137372558596523e+00,-1.500000000000000000e+00,0.000000000000000000e+00
-2.837042952423051823e+00,1.559325574133870074e+00,5.671903882516606821e-01,1.500000000000000000e+00,0.000000000000000000e+00,0.000000000000000000e+00,5.000000000000000278e-02,4.255564428634578178e+00,4.360421093736316145e+00,-1.500000000000000000e+00,0.000000000000000000e+00
2.341861166765369262e+00,2.380133966622246966e+00,9.197988379841017803e-01,1.500000000000000000e+00,0.000000000000000000e+00,0.000000000000000000e+00,5.000000000000000278e-02,-3.512791750148053893e+00,-3.849285924437563899e+00,-1.500000000000000000e+00,-0.000000000000000000e+00
4.693461889482897220e-02,1.643745572812677747e+00,8.391393754444883557e-01,1.500000000000000000e+00,0.000000000000000000e+00,0.000000000000000000e+00,5.000000000000000278e-02,-7.040192834224345830e-02,-9.413120619408513190e-02,-1.500000000000000000e+00,-0.000000000000000000e+00
-9.308535257206145275e-01,1.920878856602485918e+00,1.820078082301985756e-01,1.500000000000000000e+00,0.000000000000000000e+00,0.000000000000000000e+00,5.000000000000000278e-02,1.396280288580921791e+00,1.439952961191685255e+00,-1.500000000000000000e+00,0.000000000000000000e+00
5.567068933581302836e-01,6.086309254766770760e-01,9.435391592197011068e-01,1.500000000000000000e+00,0.000000000000000000e+00,0.000000000000000000e+00,5.000000000000000278e-02,-8.350603400371954255e-01,-8.183228653269825070e-01,-1.500000000000000000e+00,-0.000000000000000000e+00
2.639764368831589714e+00,1.859185466992506974e+00,6.177245947075866717e-01,1.500000000000000000e+00,0.000000000000000000e+00,0.000000000000000000e+00,5.000000000000000278e-02,-3.959646553247384571e+00,-4.193513181769574771e+00,-1.500000000000000000e+00,-0.000000000000000000e+00
1.520338316768921061e+00,6.743570347342078275e-01,7.258737752647420605e-01,1.500000000000000000e+00,0.000000000000000000e+00,0.000000000000000000e+00,5.000000000000000278e-02,-2.280507475153381591e+00,-2.141638337242564916e+00,-1.500000000000000000e+00,-0.000000000000000000e+00
6.750753952014263426e-01,2.885461450920470128e+00,4.401045123633867684e-01,1.500000000000000000e+00,0.000000000000000000e+00,0.000000000000000000e+00,5.000000000000000278e-02,-1.012613092802139514e+00,-9.189667148969602462e-01,-1.500000000000000000e+00,-0.000000000000000000e+00
1.924923064762649183e+00,1.664050449712344948e+00,1.370708225342964770e-02,1.500000000000000000e+00,0.000000000000000000e+00,0.000000000000000000e+00,5.000000000000000278e-02,-2.887384597143973775e+00,-3.014482417037761763e+00,-1.500000000000000000e+00,-0.000000000000000000e+00
6.184411288785884864e-01,4.094704802281375899e-01,5.631776886346750999e-02,1.500000000000000000e+00,0.000000000000000000e+00,0.000000000000000000e+00,5.000000000000000278e-02,-9.276616933178827296e-01,-9.497871292763042650e-01,-1.500000000000000000e+00,-0.000000000000000000e+00
-5.105922323681886255e-01,2.512770584652423089e+00,1.795146022115442497e-01,1.500000000000000000e+00,0.000000000000000000e+00,0.000000000000000000e+00,5.000000000000000278e-02,7.658883485522829382e-01,7.041885095011661821e-01,-1.500000000000000000e+00,0.000000000000000000e+00
2.323969417934374171e+00,4.631663280930732318e-01,7.590019359308307623e-01,1.500000000000000000e+00,0.000000000000000000e+00,0.000000000000000000e+00,5.000000000000000278e-02,-3.485954126901561256e+00,-3.598881011158062471e+00,-1.500000000000000000e+00,-0.000000000000000000e+00
-6.607271821328764005e-02,1.818094966648791111e+00,1.488819482169834174e-01,1.500000000000000000e+00,0.000000000000000000e+00,0.000000000000000000e+00,5.000000000000000278e-02,9.910907731993146008e-02,8.758552579844096353e-02,-1.500000000000000000e+00,0.000000000000000000e+00
8.891323280190404077e-01,1.833299691516408814e+00,6.572819664545753726e-01,1.500000000000000000e+00,0.000000000000000000e+00,0.000000000000000000e+00,5.000000000000000278e-02,-1.333698492028560612e+00,-1.195005019498103005e+00,-1.500000000000000000e+00,-0.000000000000000000e+00
-1.222623814522703745e+00,2.403846404545093574e-01,2.974524736850603368e-02,1.500000000000000000e+00,0.000000000000000000e+00,0.000000000000000000e+00,5.000000000000000278e-02,1.833935721784055506e+00,1.711313522213547378e+00,-1.500000000000000000e+00,0.000000000000000000e+00
1.253117006412390211e+00,2.252848492648504397e+00,7.463212498634380632e-01,1.500000000000000000e+00,0.000000000000000000e+00,0.000000000000000000e+00,5.000000000000000278e-02,-1.879675509618585316e+00,-1.707640611975950629e+00,-1.500000000000000000e+00,-0.000000000000000000e+00
2.492008269397849141e+00,2.224100277130021119e+00,7.074341021902896820e-02,1.500000000000000000e+00,0.000000000000000000e+00,0.000000000000000000e+00,5.000000000000000278e-02,-3.738012404096773711e+00,-3.747422450652122539e+00,-1.500000000000000000e+00,-0.000000000000000000e+00
-7.250162206688974820e-01,2.990751103276018341e+00,1.005199556888362045e-01,1.500000000000000000e+00,0.000000000000000000e+00,0.000000000000000000e+00,5.000000000000000278e-02,1.087524331003346223e+00,1.066275425495335494e+00,-1.500000000000000000e+00,0.000000000000000000e+00
1.926017946470540032e+00,2.063982423719527670e+00,1.691128659372154175e-02,1.500000000000000000e+00,0.000000000000000000e+00,0.000000000000000000e+00,5.000000000000000278e-02,-2.889026919705810048e+00,-2.961688569905251533e+00,-1.500000000000000000e+00,-0.000000000000000000e+00
2.793756053819837604e+00,1.591815621732515673e+00,2.146903293299795568e-02,1.500000000000000000e+00,0.000000000000000000e+00,0.000000000000000000e+00,5.000000000000000278e-02,-4.190634080729756406e+00,-4.067775440524299846e+00,-1.500000000000000000e+00,-0.000000000000000000e+00
6.612215974554418452e-01,8.566912203677307103e-01,4.236981991222652510e-01,1.500000000000000000e+00,0.000000000000000000e+00,0.000000000000000000e+00,5.000000000000000278e-02,-9.918323961831627678e-01,-1.011724326969756893e+00,-1.500000000000000000e+00,-0.000000000000000000e+00
-5.946776486271905249e-01,5.278524335014604940e-01,2.287692091451042353e-01,1.500000000000000000e+00,0.000000000000000000e+00,0.000000000000000000e+00,5.000000000000000278e-02,8.920164729407857873e-01,8.803965192230308601e-01,-1.500000000000000000e+00,0.000000000000000000e+00
-8.259376183358497769e-01,2.100559504105027120e+00,4.098461073229435758e-01,1.500000000000000000e+00,0.000000000000000000e+00,0.000000000000000000e+00,5.000000000000000278e-02,1.238906427503774665e+00,1.226541116188829994e+00,-1.500000000000000000e+00,0.000000000000000000e+00
-2.625309816900515791e+00,2.780361853158350716e+00,1.631393456999212788e-01,1.500000000000000000e+00,0.000000000000000000e+00,0.000000000000000000e+00,5.000000000000000278e-02,3.937964725350773687e+00,3.941899776893462271e+00,-1.500000000000000000e+00,0.000000000000000000e+00
-7.769174800061193764e-01,2.449114676744657437e+00,6.424530327721733602e-02,1.500000000000000000e+00,0.000000000000000000e+00,0.000000000000000000e+00,5.000000000000000278e-02,1.165376220009179065e+00,1.179614754857309933e+00,-1.500000000000000000e+00,0.000000000000000000e+00
-9.842317732105572148e-01,1.150402298116205646e+00,7.602822190776994393e-01,1.500000000000000000e+00,0.000000000000000000e+00,0.000000000000000000e+00,5.000000000000000278e-02,1.476347659815835822e+00,1.453302100864771074e+00,-1.500000000000000000e+00,0.000000000000000000e+00
-1.017737289853869243e+00,8.757012987336048049e-01,1.568044778418269392e-01,1.500000000000000000e+00,0.000000000000000000e+00,0.000000000000000000e+00,5.000000000000000278e-02,1.526605934780803864e+00,1.464489361522651301e+00,-1.500000000000000000e+00,0.000000000000000000e+00
-6.048516969817367972e-01,9.502653669793366120e-01,4.749373334361479682e-01,1.500000000000000000e+00,0.000000000000000000e+00,0.000000000000000000e+00,5.000000000000000278e-02,9.072775454726051958e-01,9.379451645292652406e-01,-1.500000000000000000e+00,0.000000000000000000e+00
-1.482436054663600622e+00,2.167125073359890131e-01,2.858971611057424811e-01,1.500000000000000000e+00,0.000000000000000000e+00,0.000000000000000000e+00,5.000000000000000278e-02,2.223654081995400933e+00,2.235816238665585765e+00,-1.500000000000000000e+00,0.000000000000000000e+00
1.711400912492019977e+00,1.651957123597173061e-01,8.268762243522265187e-02,1.500000000000000000e+00,0.000000000000000000e+00,0.000000000000000000e+00,5.000000000000000278e-02,-2.567101368738029965e+00,-2.565677164300658397e+00,-1.500000000000000000e+00,-0.000000000000000000e+00
1.400041434416010588e-02,2.648792394800851824e+00,4.349000012187437259e-01,1.500000000000000000e+00,0.000000000000000000e+00,0.000000000000000000e+00,5.000000000000000278e-02,-2.100062151624015883e-02,-1.194307607580316066e-01,-1.500000000000000000e+00,-0.000000000000000000e+00
1.557687949367287494e+00,7.840193852412767894e-01,9.956853101158948949e-01,1.500000000000000000e+00,0.000000000000000000e+00,0.000000000000000000e+00,5.000000000000000278e-02,-2.336531924050931242e+00,-2.348509226649146076e+00,-1.500000000000000000e+00,-0.000000000000000000e+00
-2.343362863428515741e+00,6.055128452826021856e-01,6.559446752828321792e-01,1.500000000000000000e+00,0.000000000000000000e+00,0.000000000000000000e+00,5.000000000000000278e-02,3.515044295142773834e+00,3.375784524160819533e+00,-1.500000000000000000e+00,0.000000000000000000e+00
2.331289026566261136e+00,2.285128547713108915e+00,7.452998819240534978e-01,1.500000000000000000e+00,0.000000000000000000e+00,0.000000000000000000e+00,5.000000000000000278e-02,-3.496933539849391703e+00,-3.683834316101382456e+00,-1.500000000000000000e+00,-0.000000000000000000e+00
-1.597329256789036034e+00,2.783653021235006353e+00,6.788567860298019285e-01,1.500000000000000000e+00,0.000000000000000000e+00,0.000000000000000000e+00,5.000000000000000278e-02,2.395993885183553829e+00,2.334871361409443402e+00,-1.500000000000000000e+00,0.000000000000000000e+00
-1.223938193302385846e+00,1.810655890809435231e+00,1.970083235208501815e-01,1.500000000000000000e+00,0.000000000000000000e+00,0.000000000000000000e+00,5.000000000000000278e-02,1.835907289953578658e+00,1.747483741555242887e+00,-1.500000000000000000e+00,0.000000000000000000e+00
1.107696028742963357e+00,1.519458432654426261e+00,9.171867247467820894e-01,1.500000000000000000e+00,0.000000000000000000e+00,0.000000000000000000e+00,5.000000000000000278e-02,-1.661544043114445035e+00,-1.826494510040075792e+00,-1.500000000000000000e+00,-0.000000000000000000e+00
1.838651069790980586e+00,1.534503961248038451e+00,9.968649355101011356e-02,1.500000000000000000e+00,0.000000000000000000e+00,0.000000000000000000e+00,5.000000000000000278e-02,-2.757976604686470878e+00,-2.931287170503495076e+00,-1.500000000000000000e+00,-0.000000000000000000e+00
1.005245020271266831e+00,2.810926294910924383e+00,8.787296021879842378e-01,1.500000000000000000e+00,0.000000000000000000e+00,0.000000000000000000e+00,5.000000000000000278e-02,-1.507867530406900247e+00,-1.443661596182854723e+00,-1.500000000000000000e+00,-0.000000000000000000e+00
2.971817769155480349e-01,1.845645148438997962e+00,6.048599060652807280e-01,1.500000000000000000e+00,0.000000000000000000e+00,0.000000000000000000e+00,5.000000000000000278e-02,-4.457726653733220523e-01,-4.580433947485865187e-01,-1.500000000000000000e+00,-0.000000000000000000e+00
-1.495790140934984080e+00,1.623360792925718332e+00,7.112640869776754027e-02,1.500000000000000000e+00,0.000000000000000000e+00,0.000000000000000000e+00,5.000000000000000278e-02,2.243685211402476121e+00,2.142752240265055619e+00,-1.500000000000000000e+00,0.000000000000000000e+00
-2.220835217111865934e+00,1.514570975386378526e+00,2.479363559244450732e-01,1.500000000000000000e+00,0.000000000000000000e+00,0.000000000000000000e+00,5.000000000000000278e-02,3.331252825667799122e+00,3.316901869035327799e+00,-1.500000000000000000e+00,0.000000000000000000e+00
-1.332017066493686119e+00,2.874256232707979031e+00,4.560350170115358148e-01,1.500000000000000000e+00,0.000000000000000000e+00,0.000000000000000000e+00,5.000000000000000278e-02,1.998025599740529179e+00,1.795527366843158612e+00,-1.500000000000000000e+00,0.000000000000000000e+00
-1.745528494256206153e+00,2.495798797557223558e+00,2.289622024687346658e-01,1.500000000000000000e+00,0.000000000000000000e+00,0.000000000000000000e+00,5.000000000000000278e-02,2.618292741384309341e+00,2.799698980728650088e+00,-1.500000000000000000e+00,0.000000000000000000e+00
2.684278735237937141e-01,2.623709114509821472e+00,6.138950123399893322e-01,1.500000000000000000e+00,0.000000000000000000e+00,0.000000000000000000e+00,5.000000000000000278e-02,-4.026418102856905712e-01,-3.505947637970441844e-01,-1.500000000000000000e+00,-0.000000000000000000e+00
1.308258514366376524e+00,7.956186970954581827e-02,6.855601726672778673e-01,1.500000000000000000e+00,0.000000000000000000e+00,0.000000000000000000e+00,5.000000000000000278e-02,-1.962387771549564786e+00,-1.979977930992012691e+00,-1.500000000000000000e+00,-0.000000000000000000e+00
1.004408993320653920e+00,1.851896854205433041e+00,9.549089373772686740e-01,1.500000000000000000e+00,0.000000000000000000e+00,0.000000000000000000e+00,5.000000000000000278e-02,-1.506613489980980880e+00,-1.484624676500732043e+00,-1.500000000000000000e+00,-0.000000000000000000e+00
-1.502218347465140935e+00,1.126202290127168659e+00,7.718424319350812857e-01,1.500000000000000000e+00,0.000000000000000000e+00,0.000000000000000000e+00,5.000000000000000278e-02,2.253327521197711292e+00,2.173700913273645785e+00,-1.500000000000000000e+00,0.000000000000000000e+00
2.286153525331635628e-01,8.793408940959662745e-01,8.776627250966939631e-02,1.500000000000000000e+00,0.000000000000000000e+00,0.000000000000000000e+00,5.000000000000000278e-02,-3.429230287997453441e-01,-3.691872815638116423e-01,-1.500000000000000000e+00,-0.000000000000000000e+00
2.432698415845872653e+00,2.884613915431007314e+00,4.295053165062922007e-01,1.500000000000000000e+00,0.000000000000000000e+00,0.000000000000000000e+00,5.000000000000000278e-02,-3.649047623768808979e+00,-3.706521803477961896e+00,-1.500000000000000000e+00,-0.000000000000000000e+00
3.812927559381056319e-01,2.136719896808061847e+00,7.201686909700888428e-02,1.500000000000000000e+00,0.000000000000000000e+00,0.000000000000000000e+00,5.000000000000000278e-02,-5.719391339071584479e-01,-6.010697015162197454e-01,-1.500000000000000000e+00,-0.000000000000000000e+00
-1.814415949935124006e+00,2.796162242614147697e+00,1.133226704816225894e-02,1.500000000000000000e+00,0.000000000000000000e+00,0.000000000000000000e+00,5.000000000000000278e-02,2.721623924902686120e+00,2.785772774804487817e+00,-1.500000000000000000e+00,0.000000000000000000e+00
1.878992906783053307e+00,7.765907622221117634e-01,9.269735143329165261e-01,1.500000000000000000e+00,0.000000000000000000e+00,0.000000000000000000e+00,5.000000000000000278e-02,-2.818489360174579961e+00,-2.987097256455041983e+00,-1.500000000000000000e+00,-0.000000000000000000e+00
-1.195984498736076374e+00,9.998492532902281127e-02,5.703565925597419151e-01,1.500000000000000000e+00,0.000000000000000000e+00,0.000000000000000000e+00,5.000000000000000278e-02,1.793976748104114449e+00,1.837406678823832129e+00,-1.500000000000000000e+00,0.000000000000000000e+00
2.511260041694227674e+00,8.135292856933876715e-01,2.038569575772974929e-02,1.500000000000000000e+00,0.000000000000000000e+00,0.000000000000000000e+00,5.000000000000000278e-02,-3.766890062541341511e+00,-3.957054584310636169e+00,-1.500000000000000000e+00,-0.000000000000000000e+00
1.475690748221914816e+00,6.108334298817934549e-01,2.297705003134813406e-01,1.500000000000000000e+00,0.000000000000000000e+00,0.000000000000000000e+00,5.000000000000000278e-02,-2.213536122332872225e+00,-2.203925918631328251e+00,-1.500000000000000000e+00,-0.000000000000000000e+00
-1.933775094545079121e+00,9.667575818023763645e-01,9.328311202248922296e-01,1.500000000000000000e+00,0.000000000000000000e+00,0.000000000000000000e+00,5.000000000000000278e-02,2.900662641817618681e+00,3.073986105356980136e+00,-1.500000000000000000e+00,0.000000000000000000e+00
-2.436100591215499378e+00,1.857658968952919931e+00,6.797528538245692920e-01,1.500000000000000000e+00,0.000000000000000000e+00,0.000000000000000000e+00,5.000000000000000278e-02,3.654150886823249067e+00,3.963067946654811102e+00,-1.500000000000000000e+00,0.000000000000000000e+00
-1.189630440358333541e+00,5.585552074277148060e-01,9.958770859541787868e-01,1.500000000000000000e+00,0.000000000000000000e+00,0.000000000000000000e+00,5.000000000000000278e-02,1.784445660537500311e+00,1.651030684057519071e+00,-1.500000000000000000e+00,0.000000000000000000e+00
2.671448602296143449e+00,1.589445980969308003e+00,9.693035493728729968e-02,1.500000000000000000e+00,0.000000000000000000e+00,0.000000000000000000e+00,5.000000000000000278e-02,-4.007172903444215173e+00,-3.888767101789588843e+00,-1.500000000000000000e+00,-0.000000000000000000e+00
2.900599253201981753e+00,2.871968391923974018e+00,7.443745492230409155e-01,1.500000000000000000e+00,0.000000000000000000e+00,0.000000000000000000e+00,5.000000000000000278e-02,-4.350898879802972630e+00,-4.046180110221438753e+00,-1.500000000000000000e+00,-0.000000000000000000e+00
3.559522125755041344e-01,1.184669973825003275e+00,3.076757829616360018e-01,1.500000000000000000e+00,0.000000000000000000e+00,0.000000000000000000e+00,5.000000000000000278e-02,-5.339283188632562016e-01,-5.347522187403948024e-01,-1.500000000000000000e+00,-0.000000000000000000e+00
-2.093182542977975125e+00,1.308937530805873495e+00,3.627111468136410277e-01,1.500000000000000000e+00,0.000000000000000000e+00,0.000000000000000000e+00,5.000000000000000278e-02,3.139773814466962687e+00,3.348361621031840318e+00,-1.500000000000000000e+00,0.000000000000000000e+00
-3.163067470912839241e-02,1.367024995986260150e-01,3.147291881669267433e-01,1.500000000000000000e+00,0.000000000000000000e+00,0.000000000000000000e+00,5.000000000000000278e-02,4.744601206369258861e-02,5.521737982855816351e-03,-1.500000000000000000e+00,0.000000000000000000e+00
2.184139981160154065e+00,8.337246673917969586e-01,7.308633815358654973e-01,1.500000000000000000e+00,0.000000000000000000e+00,0.000000000000000000e+00,5.000000000000000278e-02,-3.276209971740231097e+00,-3.279689901235338656e+00,-1.500000000000000000e+00,-0.000000000000000000e+00
4.266377104607821380e-01,1.877399687437559361e+00,2.675126472739663974e-02,1.500000000000000000e+00,0.000000000000000000e+00,0.000000000000000000e+00,5.000000000000000278e-02,-6.399565656911732070e-01,-5.293041889183558446e-01,-1.500000000000000000e+00,-0.000000000000000000e+00
-2.505734874140346236e+00,1.452855789280337317e+00,6.343973343545025179e-01,1.500000000000000000e+00,0.000000000000000000e+00,0.000000000000000000e+00,5.000000000000000278e-02,3.758602311210519353e+00,3.892984271407853303e+00,-1.500000000000000000e+00,0.000000000000000000e+00
2.072197005370730594e-01,1.890975110067300236e+00,6.860609648350887158e-01,1.500000000000000000e+00,0.000000000000000000e+00,0.000000000000000000e+00,5.000000000000000278e-02,-3.108295508056095890e-01,-2.656733303094143128e-01,-1.500000000000000000e+00,-0.000000000000000000e+00
2.929308838428564599e+00,8.545526715917526328e-01,7.422841813593294980e-01,1.500000000000000000e+00,0.000000000000000000e+00,0.000000000000000000e+00,5.000000000000000278e-02,-4.393963257642846898e+00,-4.434929388552606433e+00,-1.500000000000000000e+00,-0.000000000000000000e+00
-2.467299288819157610e+00,2.540539671448621029e+00,5.884377621323090279e-01,1.500000000000000000e+00,0.000000000000000000e+00,0.000000000000000000e+00,5.000000000000000278e-02,3.700948933228736415e+00,3.658930287820174154e+00,-1.500000000000000000e+00,0.000000000000000000e+00
-1.418232099752853470e+00,2.551079936487321564e+00,9.139347476304567897e-01,1.500000000000000000e+00,0.000000000000000000e+00,0.000000000000000000e+00,5.000000000000000278e-02,2.127348149629280094e+00,2.220259527663054566e+00,-1.500000000000000000e+00,0.000000000000000000e+00
1.921237262166959781e+00,2.113355738656641947e+00,6.242899691532802775e-01,1.500000000000000000e+00,0.000000000000000000e+00,0.000000000000000000e+00,5.000000000000000278e-02,-2.881855893250439671e+00,-2.874030362347119283e+00,-1.500000000000000000e+00,-0.000000000000000000e+00
1.349156830757833880e+00,2.248858576328217840e+00,3.783752036855624334e-01,1.500000000000000000e+00,0.000000000000000000e+00,0.000000000000000000e+00,5.000000000000000278e-02,-2.023735246136750821e+00,-1.858654828374011192e+00,-1.500000000000000000e+00,-0.000000000000000000e+00
2.587561989461239165e+00,2.449598965021912989e+00,8.936103259911026830e-01,1.500000000000000000e+00,0.000000000000000000e+00,0.000000000000000000e+00,5.000000000000000278e-02,-3.881342984191858747e+00,-4.032698822343407485e+00,-1.500000000000000000e+00,-0.000000000000000000e+00
-2.175752498345203456e+00,1.703036224583102332e+00,7.318921964028104465e-01,1.500000000000000000e+00,0.000000000000000000e+00,0.000000000000000000e+00,5.000000000000000278e-02,3.263628747517805184e+00,3.116248386899083123e+00,-1.500000000000000000e+00,0.000000000000000000e+00
9.865968100944888519e-02,6.783084034019695174e-01,7.535617841665935845e-01,1.500000000000000000e+00,0.000000000000000000e+00,0.000000000000000000e+00,5.000000000000000278e-02,-1.479895215141733278e-01,-1.271660077191127114e-01,-1.500000000000000000e+00,-0.000000000000000000e+00
3.213002569158760480e-01,2.927830926941088041e+00,9.337871643624018336e-02,1.500000000000000000e+00,0.000000000000000000e+00,0.000000000000000000e+00,5.000000000000000278e-02,-4.819503853738140720e-01,-5.557488355875612740e-01,-1.500000000000000000e+00,-0.000000000000000000e+00
5.061536112202862370e-01,1.194974693512718122e+00,8.735061741214926734e-01,1.500000000000000000e+00,0.000000000000000000e+00,0.000000000000000000e+00,5.000000000000000278e-02,-7.592304168304293555e-01,-7.299228636159876826e-01,-1.500000000000000000e+00,-0.000000000000000000e+00
-2.097086239197262003e+00,1.483049152472175614e-01,9.789322919445200277e-01,1.500000000000000000e+00,0.000000000000000000e+00,0.000000000000000000e+00,5.000000000000000278e-02,3.145629358795893005e+00,3.364781875146430679e+00,-1.500000000000000000e+00,0.000000000000000000e+00
9.992691361524328464e-01,7.579096332824382110e-01,9.252964839983623957e-02,1.500000000000000000e+00,0.000000000000000000e+00,0.000000000000000000e+00,5.000000000000000278e-02,-1.498903704228649270e+00,-1.365022793411051927e+00,-1.500000000000000000e+00,-0.000000000000000000e+00
2.680411882112011313e+00,1.431842884333388355e+00,1.440510713358934547e-01,1.500000000000000000e+00,0.000000000000000000e+00,0.000000000000000000e+00,5.000000000000000278e-02,-4.020617823168016969e+00,-4.266229713543211233e+00,-1.500000000000000000e+00,-0.000000000000000000e+00
-1.047786999065501545e+00,1.646244476659032285e+00,4.124578593314984776e-01,1.500000000000000000e+00,0.000000000000000000e+00,0.000000000000000000e+00,5.000000000000000278e-02,1.571680498598252207e+00,1.540467127936945513e+00,-1.500000000000000000e+00,0.000000000000000000e+00
2.659546637259486701e+00,2.082236512239616033e+00,9.696402588661575672e-01,1.500000000000000000e+00,0.000000000000000000e+00,0.000000000000000000e+00,5.000000000000000278e-02,-3.989319955889230052e+00,-3.829537529109387162e+00,-1.500000000000000000e+00,-0.000000000000000000e+00
1.629267091696666725e-01,1.368364333709114700e+00,6.463096390514920797e-01,1.500000000000000000e+00,0.000000000000000000e+00,0.000000000000000000e+00,5.000000000000000278e-02,-2.443900637545000087e-01,-2.668709358419247835e-01,-1.500000000000000000e+00,-0.000000000000000000e+00
1.683893832622749720e+00,2.732042779827768442e+00,4.241635248200126274e-01,1.500000000000000000e+00,0.000000000000000000e+00,0.000000000000000000e+00,5.000000000000000278e-02,-2.525840748934124580e+00,-2.470811224935944406e+00,-1.500000000000000000e+00,-0.000000000000000000e+00
1.369262811262935919e+00,2.636163276358028718e+00,5.389111084527676843e-01,1.500000000000000000e+00,0.000000000000000000e+00,0.000000000000000000e+00,5.000000000000000278e-02,-2.053894216894403879e+00,-2.223615620709328944e+00,-1.500000000000000000e+00,-0.000000000000000000e+00
1.944402049461735338e+00,1.036904881017685076e+00,1.252427636871561445e-01,1.500000000000000000e+00,0.000000000000000000e+00,0.000000000000000000e+00,5.000000000000000278e-02,-2.916603074192603007e+00,-2.933779297950692033e+00,-1.500000000000000000e+00,-0.000000000000000000e+00
2.258304516586091104e+00,2.302167391686823716e+00,8.909369579268890948e-01,1.500000000000000000e+00,0.000000000000000000e+00,0.000000000000000000e+00,5.000000000000000278e-02,-3.387456774879136656e+00,-3.287967811175708466e+00,-1.500000000000000000e+00,-0.000000000000000000e+00
7.304953795714830278e-02,2.254595745737144608e+00,2.684518875223872447e-01,1.500000000000000000e+00,0.000000000000000000e+00,0.000000000000000000e+00,5.000000000000000278e-02,-1.095743069357224542e-01,-1.427899717258838685e-01,-1.500000000000000000e+00,-0.000000000000000000e+00
-1.581891794462251033e+00,9.621389771457296014e-01,6.912127106856110759e-01,1.500000000000000000e+00,0.000000000000000000e+00,0.000000000000000000e+00,5.000000000000000278e-02,2.372837691693376438e+00,2.426274126436824830e+00,-1.500000000000000000e+00,0.000000000000000000e+00
-1.302081380111855813e+00,2.980838662487805824e+00,5.269214206803958245e-01,1.500000000000000000e+00,0.000000000000000000e+00,0.000000000000000000e+00,5.000000000000000278e-02,1.953122070167783608e+00,1.960336514859640555e+00,-1.500000000000000000e+00,0.000000000000000000e+00
-1.960624286240685743e+00,1.332288254771428093e+00,2.514512872032499402e-01,1.500000000000000000e+00,0.000000000000000000e+00,0.000000000000000000e+00,5.000000000000000278e-02,2.940936429361028726e+00,2.894518003240558635e+00,-1.500000000000000000e+00,0.000000000000000000e+00
-2.816199897939638319e+00,1.745173027738430527e+00,8.492393910973359272e-01,1.500000000000000000e+00,0.000000000000000000e+00,0.000000000000000000e+00,5.000000000000000278e-02,4.224299846909457479e+00,4.020260307367382602e+00,-1.500000000000000000e+00,0.000000000000000000e+00
2.817859723736885869e+00,2.848137015442161468e-01,8.774920468378046845e-01,1.500000000000000000e+00,0.000000000000000000e+00,0.000000000000000000e+00,5.000000000000000278e-02,-4.226789585605328803e+00,-4.271245366243904940e+00,-1.500000000000000000e+00,-0.000000000000000000e+00
9.338572748034077442e-01,3.981252889018707108e-01,4.210975688323180810e-01,1.500000000000000000e+00,0.000000000000000000e+00,0.000000000000000000e+00,5.000000000000000278e-02,-1.400785912205111616e+00,-1.378496811349661177e+00,-1.500000000000000000e+00,-0.000000000000000000e+00
-1.311845111877881331e+00,1.500531184698322029e+00,6.789362332539883305e-01,1.500000000000000000e+00,0.000000000000000000e+00,0.000000000000000000e+00,5.000000000000000278e-02,1.967767667816822108e+00,1.942872151859123875e+00,-1.500000000000000000e+00,0.000000000000000000e+00
-8.259025750669835020e-01,1.563866624845013042e+00,3.821315092923389667e-01,1.500000000000000000e+00,0.000000000000000000e+00,0.000000000000000000e+00,5.000000000000000278e-02,1.238853862600475253e+00,1.278422765810460326e+00,-1.500000000000000000e+00,0.000000000000000000e+00
-1.785342785558315493e+00,2.494265480653930833e+00,5.987770733059083472e-02,1.500000000000000000e+00,0.000000000000000000e+00,0.000000000000000000e+00,5.000000000000000278e-02,2.678014178337473350e+00,2.740420042947254053e+00,-1.500000000000000000e+00,0.000000000000000000e+00
2.703710228617854483e+00,2.593363974821612405e+00,6.165914272908581406e-01,1.500000000000000000e+00,0.000000000000000000e+00,0.000000000000000000e+00,5.000000000000000278e-02,-4.055565342926781724e+00,-4.289236374752088743e+00,-1.500000000000000000e+00,-0.000000000000000000e+00
2.603908567354714876e+00,1.479349435192711670e-01,3.131160709731939384e-01,1.500000000000000000e+00,0.000000000000000000e+00,0.000000000000000000e+00,5.000000000000000278e-02,-3.905862851032072314e+00,-3.899811082125330675e+00,-1.500000000000000000e+00,-0.000000000000000000e+00
-7.247284185459119676e-01,1.799537561593850254e-01,6.024818955029058731e-01,1.500000000000000000e+00,0.000000000000000000e+00,0.000000000000000000e+00,5.000000000000000278e-02,1.087092627818867951e+00,1.142908272563392780e+00,-1.500000000000000000e+00,0.000000000000000000e+00
2.548871714705124525e+00,1.089802863367158370e+00,6.812770093614171074e-01,1.500000000000000000e+00,0.000000000000000000e+00,0.000000000000000000e+00,5.000000000000000278e-02,-3.823307572057686787e+00,-3.711005457568880672e+00,-1.500000000000000000e+00,-0.000000000000000000e+00
-2.299728644730414828e+00,2.440809702899552125e+00,4.054630493626079080e-01,1.500000000000000000e+00,0.000000000000000000e+00,0.000000000000000000e+00,5.000000000000000278e-02,3.449592967095622242e+00,3.396512301797127265e+00,-1.500000000000000000e+00,0.000000000000000000e+00
1.244304136903563673e+00,1.170594499331593319e+00,8.235800139835274258e-01,1.500000000000000000e+00,0.000000000000000000e+00,0.000000000000000000e+00,5.000000000000000278e-02,-1.866456205355345510e+00,-1.991399248400027355e+00,-1.500000000000000000e+00,-0.000000000000000000e+00
-1.453844614666500945e+00,4.913941833844273077e-01,2.801523722681947826e-01,1.500000000000000000e+00,0.000000000000000000e+00,0.000000000000000000e+00,5.000000000000000278e-02,2.180766921999751418e+00,2.192940788338010094e+00,-1.500000000000000000e+00,0.000000000000000000e+00
2.473920865140865288e+00,2.894814504477575268e-01,3.857364978717596760e-01,1.500000000000000000e+00,0.000000000000000000e+00,0.000000000000000000e+00,5.000000000000000278e-02,-3.710881297711297933e+00,-3.673871102958916168e+00,-1.500000000000000000e+00,-0.000000000000000000e+00
-2.407106856218360846e+00,2.245099086591864523e+00,6.747726838688958839e-01,1.500000000000000000e+00,0.000000000000000000e+00,0.000000000000000000e+00,5.000000000000000278e-02,3.610660284327541270e+00,3.814141414240862282e+00,-1.500000000000000000e+00,0.000000000000000000e+00
-7.124443308673269470e-01,1.441180019090038122e+00,9.319579949635470317e-02,1.500000000000000000e+00,0.000000000000000000e+00,0.000000000000000000e+00,5.000000000000000278e-02,1.068666496300990421e+00,1.063889824844485243e+00,-1.500000000000000000e+00,0.000000000000000000e+00
1.464799221556588371e+00,1.852844875220863052e+00,6.432583792432966519e-01,1.500000000000000000e+00,0.000000000000000000e+00,0.000000000000000000e+00,5.000000000000000278e-02,-2.197198832334882557e+00,-2.195700631856952523e+00,-1.500000000000000000e+00,-0.000000000000000000e+00
-1.912936678606160790e+00,2.766614460246414886e+00,5.557152583540631019e-01,1.500000000000000000e+00,0.000000000000000000e+00,0.000000000000000000e+00,5.000000000000000278e-02,2.869405017909241185e+00,2.917836324441050344e+00,-1.500000000000000000e+00,0.000000000000000000e+00
1.002276114822977071e+00,1.864912901159158309e+00,8.404100923525332778e-01,1.500000000000000000e+00,0.000000000000000000e+00,0.000000000000000000e+00,5.000000000000000278e-02,-1.503414172234465607e+00,-1.402367076378603583e+00,-1.500000000000000000e+00,-0.000000000000000000e+00
1.231296393042774717e+00,3.802591903546017615e-01,6.917815113812227912e-01,1.500000000000000000e+00,0.000000000000000000e+00,0.000000000000000000e+00,5.000000000000000278e-02,-1.846944589564162076e+00,-1.758979232877562193e+00,-1.500000000000000000e+00,-0.000000000000000000e+00
2.202870107241587938e+00,1.087467212155563967e+00,7.090316798309407309e-01,1.500000000000000000e+00,0.000000000000000000e+00,0.000000000000000000e+00,5.000000000000000278e-02,-3.304305160862381907e+00,-2.990382639784711305e+00,-1.500000000000000000e+00,-0.000000000000000000e+00
2.846255946216294852e+00,2.278401017707532894e+00,7.942437767717523966e-01,1.500000000000000000e+00,0.000000000000000000e+00,0.000000000000000000e+00,5.000000000000000278e-02,-4.269383919324441834e+00,-4.375192326108368945e+00,-1.500000000000000000e+00,-0.000000000000000000e+00
-2.089393462139839563e+00,9.093030291814407917e-03,6.904119099791805603e-01,1.500000000000000000e+00,0.000000000000000000e+00,0.000000000000000000e+00,5.000000000000000278e-02,3.134090193209759345e+00,3.294383808863267760e+00,-1.500000000000000000e+00,0.000000000000000000e+00
-1.866444135818528194e+00,2.776907983904159050e+00,3.669902933006580215e-01,1.500000000000000000e+00,0.000000000000000000e+00,0.000000000000000000e+00,5.000000000000000278e-02,2.799666203727792180e+00,2.832422087802557442e+00,-1.500000000000000000e+00,0.000000000000000000e+00
-9.855619720189126021e-01,2.772718555285182962e+00,1.262014413070048358e-01,1.500000000000000000e+00,0.000000000000000000e+00,0.000000000000000000e+00,5.000000000000000278e-02,1.478342958028368903e+00,1.589013450510202041e+00,-1.500000000000000000e+00,0.000000000000000000e+00
2.035912586558477066e-01,6.357891871313900989e-01,8.884834316318717118e-01,1.500000000000000000e+00,0.000000000000000000e+00,0.000000000000000000e+00,5.000000000000000278e-02,-3.053868879837715600e-01,-3.287989226680739785e-01,-1.500000000000000000e+00,-0.000000000000000000e+00
1.929072836989603523e+00,2.980106733464592317e+00,9.193253282603714993e-01,1.500000000000000000e+00,0.000000000000000000e+00,0.000000000000000000e+00,5.000000000000000278e-02,-2.893609255484405285e+00,-2.787479543103518420e+00,-1.500000000000000000e+00,-0.000000000000000000e+00
2.244008202450944012e+00,1.703601833821814182e+00,4.011231933784987769e-01,1.500000000000000000e+00,0.000000000000000000e+00,0.000000000000000000e+00,5.000000000000000278e-02,-3.366012303676416018e+00,-3.252016173945095012e+00,-1.500000000000000000e+00,-0.000000000000000000e+00
2.690989408756506940e+00,5.984411507306737210e-01,6.071152601898043288e-01,1.500000000000000000e+00,0.000000000000000000e+00,0.000000000000000000e+00,5.000000000000000278e-02,-4.036484113134759966e+00,-4.211306829836545695e+00,-1.500000000000000000e+00,-0.000000000000000000e+00
-1.368766624868208881e+00,2.120373654196563873e+00,9.482118949765175886e-01,1.500000000000000000e+00,0.000000000000000000e+00,0.000000000000000000e+00,5.000000000000000278e-02,2.053149937302313432e+00,2.054493796256835925e+00,-1.500000000000000000e+00,0.000000000000000000e+00
3.408105607990741248e-02,2.113441520249581096e+00,1.019109126187748293e-01,1.500000000000000000e+00,0.000000000000000000e+00,0.000000000000000000e+00,5.000000000000000278e-02,-5.112158411986111872e-02,-6.136640229831552551e-02,-1.500000000000000000e+00,-0.000000000000000000e+00
2.958110842437750243e+00,2.040592493391658380e+00,9.405692406662290450e-01,1.500000000000000000e+00,0.000000000000000000e+00,0.000000000000000000e+00,5.000000000000000278e-02,-4.437166263656624920e+00,-4.540459137460145733e+00,-1.500000000000000000e+00,-0.000000000000000000e+00
2.693469646149160290e-01,2.701987540810351085e+00,9.791969403171748576e-01,1.500000000000000000e+00,0.000000000000000000e+00,0.000000000000000000e+00,5.000000000000000278e-02,-4.040204469223740436e-01,-4.382659121205151886e-01,-1.500000000000000000e+00,-0.000000000000000000e+00
1.511834149051091813e+00,2.491066188843897855e+00,5.924135408304675998e-02,1.500000000000000000e+00,0.000000000000000000e+00,0.000000000000000000e+00,5.000000000000000278e-02,-2.267751223576637720e+00,-2.424371272088596374e+00,-1.500000000000000000e+00,-0.000000000000000000e+00
1.913999552530874837e+00,2.200066494200419998e-01,1.322738645648263711e-01,1.500000000000000000e+00,0.000000000000000000e+00,0.000000000000000000e+00,5.000000000000000278e-02,-2.870999328796312255e+00,-2.814805454899324655e+00,-1.500000000000000000e+00,-0.000000000000000000e+00
-1.722577562652491512e+00,8.409939857946595598e-01,2.467882971394383951e-01,1.500000000000000000e+00,0.000000000000000000e+00,0.000000000000000000e+00,5.000000000000000278e-02,2.583866343978737490e+00,2.593794380484508277e+00,-1.500000000000000000e+00,0.000000000000000000e+00
9.387529946196004893e-01,1.854710759198875403e+00,7.054425308538569972e-02,1.500000000000000000e+00,0.000000000000000000e+00,0.000000000000000000e+00,5.000000000000000278e-02,-1.408129491929400734e+00,-1.398251485738497557e+00,-1.500000000000000000e+00,-0.000000000000000000e+00
-1.000540203077378898e+00,1.235068314921256460e+00,1.685963806736805459e-01,1.500000000000000000e+00,0.000000000000000000e+00,0.000000000000000000e+00,5.000000000000000278e-02,1.500810304616068347e+00,1.491996605096811201e+00,-1.500000000000000000e+00,0.000000000000000000e+00
4.305221399948866434e-02,1.326326194392720925e+00,7.988338447222709249e-01,1.500000000000000000e+00,0.000000000000000000e+00,0.000000000000000000e+00,5.000000000000000278e-02,-6.457832099923299651e-02,-4.863172422201503253e-02,-1.500000000000000000e+00,-0.000000000000000000e+00
2.837263476149820107e+00,7.873673216012752052e-01,6.601148823762766904e-01,1.500000000000000000e+00,0.000000000000000000e+00,0.000000000000000000e+00,5.000000000000000278e-02,-4.255895214224730161e+00,-4.394913340556692916e+00,-1.500000000000000000e+00,-0.000000000000000000e+00
-1.051918696594874358e+00,1.469747361802530961e+00,1.048830788435672901e-01,1.500000000000000000e+00,0.000000000000000000e+00,0.000000000000000000e+00,5.000000000000000278e-02,1.577878044892311538e+00,1.505094394788160095e+00,-1.500000000000000000e+00,0.000000000000000000e+00
2.286144558329771037e+00,5.727195043300659094e-02,4.170785273777530833e-01,1.500000000000000000e+00,0.000000000000000000e+00,0.000000000000000000e+00,5.000000000000000278e-02,-3.429216837494656556e+00,-3.363362755576206897e+00,-1.500000000000000000e+00,-0.000000000000000000e+00
9.552743880184997316e-01,1.307377815918111086e+00,7.975253426354771413e-01,1.500000000000000000e+00,0.000000000000000000e+00,0.000000000000000000e+00,5.000000000000000278e-02,-1.432911582027749597e+00,-1.408845689472960627e+00,-1.500000000000000000e+00,-0.000000000000000000e+00
-2.970820018244709093e+00,2.694542891074549473e+00,2.877533027006168309e-01,1.500000000000000000e+00,0.000000000000000000e+00,0.000000000000000000e+00,5.000000000000000278e-02,4.456230027367063862e+00,4.570317623821155806e+00,-1.500000000000000000e+00,0.000000000000000000e+00
-2.106417697176217629e+00,9.290730949341730049e-01,5.709852396455218360e-01,1.500000000000000000e+00,0.000000000000000000e+00,0.000000000000000000e+00,5.000000000000000278e-02,3.159626545764326444e+00,3.222024969953448004e+00,-1.500000000000000000e+00,0.000000000000000000e+00
8.225320622000875659e-03,2.416156191345338655e+00,3.854707807478648940e-01,1.500000000000000000e+00,0.000000000000000000e+00,0.000000000000000000e+00,5.000000000000000278e-02,-1.233798093300131349e-02,-7.220416041907393168e-02,-1.500000000000000000e+00,-0.000000000000000000e+00
1.101279599056820047e+00,2.590795215081238556e-01,1.975208002012402986e-01,1.500000000000000000e+00,0.000000000000000000e+00,0.000000000000000000e+00,5.000000000000000278e-02,-1.651919398585230070e+00,-1.746458544841135163e+00,-1.500000000000000000e+00,-0.000000000000000000e+00
2.242453510997709287e+00,2.550358686946061493e+00,9.192629867754014139e-01,1.500000000000000000e+00,0.000000000000000000e+00,0.000000000000000000e+00,5.000000000000000278e-02,-3.363680266496563931e+00,-3.483010472705140081e+00,-1.500000000000000000e+00,-0.000000000000000000e+00
-6.547047001569561431e-01,8.752907090600574591e-01,2.047749874694149153e-01,1.500000000000000000e+00,0.000000000000000000e+00,0.000000000000000000e+00,5.000000000000000278e-02,9.820570502354342146e-01,1.072247352133837595e+00,-1.500000000000000000e+00,0.000000000000000000e+00
-3.832309976863355061e-01,1.965017076591325296e+00,5.750431672991110910e-01,1.500000000000000000e+00,0.000000000000000000e+00,0.000000000000000000e+00,5.000000000000000278e-02,5.748464965295032592e-01,6.039095618682797095e-01,-1.500000000000000000e+00,0.000000000000000000e+00
2.594264074916075913e+00,1.619313210315961982e+00,5.819433278110754948e-01,1.500000000000000000e+00,0.000000000000000000e+00,0.000000000000000000e+00,5.000000000000000278e-02,-3.891396112374113869e+00,-4.104183634214309429e+00,-1.500000000000000000e+00,-0.000000000000000000e+00
-2.347286718940249983e+00,2.221720446642069469e+00,6.996733114718443058e-01,1.500000000000000000e+00,0.000000000000000000e+00,0.000000000000000000e+00,5.000000000000000278e-02,3.520930078410374975e+00,3.691529384286426296e+00,-1.500000000000000000e+00,0.000000000000000000e+00
4.147607927882930312e-01,1.259674971682946065e+00,6.244068118844006143e-01,1.500000000000000000e+00,0.000000000000000000e+00,0.000000000000000000e+00,5.000000000000000278e-02,-6.221411891824395468e-01,-5.854989769569144409e-01,-1.500000000000000000e+00,-0.000000000000000000e+00
1.664099817233983813e+00,1.252150563378612080e+00,6.707012322815282257e-01,1.500000000000000000e+00,0.000000000000000000e+00,0.000000000000000000e+00,5.000000000000000278e-02,-2.496149725850975720e+00,-2.552984775914600490e+00,-1.500000000000000000e+00,-0.000000000000000000e+00
-1.199164433208010916e+00,7.687348367880835198e-01,9.795913237671193263e-01,1.500000000000000000e+00,0.000000000000000000e+00,0.000000000000000000e+00,5.000000000000000278e-02,1.798746649812016374e+00,1.859176059487984922e+00,-1.500000000000000000e+00,0.000000000000000000e+00
2.263115964343599629e+00,1.213425286594647101e+00,9.950671445951625449e-01,1.500000000000000000e+00,0.000000000000000000e+00,0.000000000000000000e+00,5.000000000000000278e-02,-3.394673946515399443e+00,-3.365992772100877772e+00,-1.500000000000000000e+00,-0.000000000000000000e+00
9.860278609976615982e-01,2.655876991850861568e+00,6.304364478385183768e-01,1.500000000000000000e+00,0.000000000000000000e+00,0.000000000000000000e+00,5.000000000000000278e-02,-1.479041791496492397e+00,-1.478472854797028724e+00,-1.500000000000000000e+00,-0.000000000000000000e+00
-1.562212047243115576e+00,1.567696706148145269e+00,3.690566052635859684e-01,1.500000000000000000e+00,0.000000000000000000e+00,0.000000000000000000e+00,5.000000000000000278e-02,2.343318070864673253e+00,2.376303240220945856e+00,-1.500000000000000000e+00,0.000000000000000000e+00
1.226223233526153145e+00,1.597687617807571181e+00,8.822689953784319528e-01,1.500000000000000000e+00,0.000000000000000000e+00,0.000000000000000000e+00,5.000000000000000278e-02,-1.839334850289229717e+00,-1.732371754641246930e+00,-1.500000000000000000e+00,-0.000000000000000000e+00
7.145604575501698363e-01,2.939286009418520251e+00,7.329671966578792386e-01,1.500000000000000000e+00,0.000000000000000000e+00,0.000000000000000000e+00,5.000000000000000278e-02,-1.071840686325254755e+00,-1.036272958873825312e+00,-1.500000000000000000e+00,-0.000000000000000000e+00
-2.597259144174750567e+00,1.688153083863804138e+00,9.232892077962333577e-01,1.500000000000000000e+00,0.000000000000000000e+00,0.000000000000000000e+00,5.000000000000000278e-02,3.895888716262125850e+00,3.564637351686615219e+00,-1.500000000000000000e+00,0.000000000000000000e+00
-1.475514040342310151e+00,1.804246492919753919e+00,3.233145347733673569e-01,1.500000000000000000e+00,0.000000000000000000e+00,0.000000000000000000e+00,5.000000000000000278e-02,2.213271060513465116e+00,2.147457548535734340e+00,-1.500000000000000000e+00,0.000000000000000000e+00
-2.351816580357890984e+00,2.415847747239422638e+00,6.086156050081936719e-02,1.500000000000000000e+00,0.000000000000000000e+00,0.000000000000000000e+00,5.000000000000000278e-02,3.527724870536836477e+00,3.765049022705624360e+00,-1.500000000000000000e+00,0.000000000000000000e+00
-1.974723805810924215e+00,9.193600446148159078e-01,4.335185653578286225e-01,1.500000000000000000e+00,0.000000000000000000e+00,0.000000000000000000e+00,5.000000000000000278e-02,2.962085708716386101e+00,3.282294726050038580e+00,-1.500000000000000000e+00,0.000000000000000000e+00
1.618969777189654735e+00,2.821099985781472252e+00,4.468921914408719998e-01,1.500000000000000000e+00,0.000000000000000000e+00,0.000000000000000000e+00,5.000000000000000278e-02,-2.428454665784482103e+00,-2.558397892839941345e+00,-1.500000000000000000e+00,-0.000000000000000000e+00
-4.824869000192890667e-01,1.940601824267298436e+00,5.350963079812952605e-01,1.500000000000000000e+00,0.000000000000000000e+00,0.000000000000000000e+00,5.000000000000000278e-02,7.237303500289336000e-01,7.806060925703910414e-01,-1.500000000000000000e+00,0.000000000000000000e+00
-1.982524714194961346e+00,1.238901087001962331e+00,9.588367229563257155e-01,1.500000000000000000e+00,0.000000000000000000e+00,0.000000000000000000e+00,5.000000000000000278e-02,2.973787071292441908e+00,2.759103657750037630e+00,-1.500000000000000000e+00,0.000000000000000000e+00
8.127038751589807930e-01,2.929783218910276155e+00,8.212078659328644337e-01,1.500000000000000000e+00,0.000000000000000000e+00,0.000000000000000000e+00,5.000000000000000278e-02,-1.219055812738471190e+00,-1.143944287696489814e+00,-1.500000000000000000e+00,-0.000000000000000000e+00
-2.384292733011655230e+00,2.761883362182423252e+00,8.362365874284858336e-01,1.500000000000000000e+00,0.000000000000000000e+00,0.000000000000000000e+00,5.000000000000000278e-02,3.576439099517482845e+00,3.535650227285571212e+00,-1.500000000000000000e+00,0.000000000000000000e+00
-1.654056769412282080e+00,6.542262359332904342e-01,7.050719519579848882e-01,1.500000000000000000e+00,0.000000000000000000e+00,0.000000000000000000e+00,5.000000000000000278e-02,2.481085154118423119e+00,2.622610265619950809e+00,-1.500000000000000000e+00,0.000000000000000000e+00
1.478189172727168099e+00,1.898115560074396857e+00,2.117106019318613086e-01,1.500000000000000000e+00,0.000000000000000000e+00,0.000000000000000000e+00,5.000000000000000278e-02,-2.217283759090752149e+00,-2.150370840301646602e+00,-1.500000000000000000e+00,-0.000000000000000000e+00
-6.180047981164999982e-01,1.539787338658543669e+00,2.431540836539343164e-01,1.500000000000000000e+00,0.000000000000000000e+00,0.000000000000000000e+00,5.000000000000000278e-02,9.270071971747499973e-01,8.887010434399857939e-01,-1.500000000000000000e+00,0.000000000000000000e+00
-2.518092408375723679e+00,7.462304623582216578e-04,4.967802509907879305e-01,1.500000000000000000e+00,0.000000000000000000e+00,0.000000000000000000e+00,5.000000000000000278e-02,3.777138612563585518e+00,3.598393783808372604e+00,-1.500000000000000000e+00,0.000000000000000000e+00
-1.868009475014126730e+00,1.314395462345796517e+00,3.416501901034442179e-01,1.500000000000000000e+00,0.000000000000000000e+00,0.000000000000000000e+00,5.000000000000000278e-02,2.802014212521190206e+00,2.632378147518366074e+00,-1.500000000000000000e+00,0.000000000000000000e+00
-2.250746496746733882e-01,2.076003137263020104e+00,6.482356413819616581e-01,1.500000000000000000e+00,0.000000000000000000e+00,0.000000000000000000e+00,5.000000000000000278e-02,3.376119745120100823e-01,2.486499455902277667e-01,-1.500000000000000000e+00,0.000000000000000000e+00
-1.723657203478259348e-01,2.349392895714886631e+00,3.371436170991818360e-01,1.500000000000000000e+00,0.000000000000000000e+00,0.000000000000000000e+00,5.000000000000000278e-02,2.585485805217389021e-01,9.942639201712363817e-02,-1.500000000000000000e+00,0.000000000000000000e+00
1.356975408380046488e+00,2.805907233747462204e+00,1.529095308498328309e-01,1.500000000000000000e+00,0.000000000000000000e+00,0.000000000000000000e+00,5.000000000000000278e-02,-2.035463112570069732e+00,-2.141798675789661655e+00,-1.500000000000000000e+00,-0.000000000000000000e+00
1.132525965637395160e+00,1.552892199976628973e+00,1.030855461189050803e-01,1.500000000000000000e+00,0.000000000000000000e+00,0.000000000000000000e+00,5.000000000000000278e-02,-1.698788948456092740e+00,-1.691438275337670438e+00,-1.500000000000000000e+00,-0.000000000000000000e+00
-6.930808000874941754e-01,6.386090570539084688e-01,1.325198950617817450e-01,1.500000000000000000e+00,0.000000000000000000e+00,0.000000000000000000e+00,5.000000000000000278e-02,1.039621200131241263e+00,1.021184191769543892e+00,-1.500000000000000000e+00,0.000000000000000000e+00
2.822080517478394945e+00,1.910961924673374446e+00,1.804454808939270904e-01,1.500000000000000000e+00,0.000000000000000000e+00,0.000000000000000000e+00,5.000000000000000278e-02,-4.233120776217592862e+00,-4.125918025601656325e+00,-1.500000000000000000e+00,-0.000000000000000000e+00
-7.447670447347167766e-01,8.249100135202164230e-01,5.600804193122798091e-01,1.500000000000000000e+00,0.000000000000000000e+00,0.000000000000000000e+00,5.000000000000000278e-02,1.117150567102075165e+00,1.091946032832378455e+00,-1.500000000000000000e+00,0.000000000000000000e+00
-1.403454253833348542e+00,9.426166722246249741e-01,7.177608161223698602e-01,1.500000000000000000e+00,0.000000000000000000e+00,0.000000000000000000e+00,5.000000000000000278e-02,2.105181380750022591e+00,2.172190705386327192e+00,-1.500000000000000000e+00,0.000000000000000000e+00
-2.571765481264200126e+00,3.052161161270955381e-01,5.336552361284733204e-01,1.500000000000000000e+00,0.000000000000000000e+00,0.000000000000000000e+00,5.000000000000000278e-02,3.857648221896300189e+00,3.941438823305263295e+00,-1.500000000000000000e+00,0.000000000000000000e+00
1.239741936783866905e-01,1.819011394662713776e+00,4.104637581264897195e-01,1.500000000000000000e+00,0.000000000000000000e+00,0.000000000000000000e+00,5.000000000000000278e-02,-1.859612905175800357e-01,-2.064567634368689453e-01,-1.500000000000000000e+00,-0.000000000000000000e+00
7.526793528030841784e-01,3.857902310960154013e-01,4.825107375327747361e-01,1.500000000000000000e+00,0.000000000000000000e+00,0.000000000000000000e+00,5.000000000000000278e-02,-1.129019029204626268e+00,-1.196123161984539385e+00,-1.500000000000000000e+00,-0.000000000000000000e+00
1.413239496329683931e+00,2.977121779478640207e+00,3.044799763845841278e-01,1.500000000000000000e+00,0.000000000000000000e+00,0.000000000000000000e+00,5.000000000000000278e-02,-2.119859244494525896e+00,-2.320057859079585061e+00,-1.500000000000000000e+00,-0.000000000000000000e+00
1.076818185875692890e+00,2.352314835840521923e+00,5.280667384003526754e-01,1.500000000000000000e+00,0.000000000000000000e+00,0.000000000000000000e+00,5.000000000000000278e-02,-1.615227278813539336e+00,-1.562109756210077194e+00,-1.500000000000000000e+00,-0.000000000000000000e+00
1.528498583399102273e+00,2.334142064066248690e+00,4.426216271852871920e-01,1.500000000000000000e+00,0.000000000000000000e+00,0.000000000000000000e+00,5.000000000000000278e-02,-2.292747875098653410e+00,-2.297009707660806033e+00,-1.500000000000000000e+00,-0.000000000000000000e+00
2.582129669066079103e+00,2.264296054715103423e+00,9.636756405780494417e-01,1.500000000000000000e+00,0.000000000000000000e+00,0.000000000000000000e+00,5.000000000000000278e-02,-3.873194503599118654e+00,-4.226172282321181584e+00,-1.500000000000000000e+00,-0.000000000000000000e+00
4.672084788385544307e-01,5.472269965057662278e-01,8.930004007808615141e-01,1.500000000000000000e+00,0.000000000000000000e+00,0.000000000000000000e+00,5.000000000000000278e-02,-7.008127182578316461e-01,-7.402417176088300632e-01,-1.500000000000000000e+00,-0.000000000000000000e+00
2.915407606372532712e+00,1.707084667682783330e-01,3.736847738129752683e-01,1.500000000000000000e+00,0.000000000000000000e+00,0.000000000000000000e+00,5.000000000000000278e-02,-4.373111409558799068e+00,-4.454448913772453444e+00,-1.500000000000000000e+00,-0.000000000000000000e+00
1.677508882560174719e+00,2.062674749218709636e+00,3.750749251641035675e-01,1.500000000000000000e+00,0.000000000000000000e+00,0.000000000000000000e+00,5.000000000000000278e-02,-2.516263323840262078e+00,-2.320946074835493977e+00,-1.500000000000000000e+00,-0.000000000000000000e+00
-2.080425558126344665e+00,8.892471642977719526e-01,3.727228861891815903e-01,1.500000000000000000e+00,0.000000000000000000e+00,0.000000000000000000e+00,5.000000000000000278e-02,3.120638337189516776e+00,3.282234985905678748e+00,-1.500000000000000000e+00,0.000000000000000000e+00
-5.031619845301840144e-01,1.968960580201132959e+00,5.286709837708332138e-01,1.500000000000000000e+00,0.000000000000000000e+00,0.000000000000000000e+00,5.000000000000000278e-02,7.547429767952760216e-01,7.445654561703759500e-01,-1.500000000000000000e+00,0.000000000000000000e+00
1.239372108730176336e+00,1.887425268924815880e+00,1.874265573516917804e-01,1.500000000000000000e+00,0.000000000000000000e+00,0.000000000000000000e+00,5.000000000000000278e-02,-1.859058163095264504e+00,-1.796296331809700941e+00,-1.500000000000000000e+00,-0.000000000000000000e+00
-1.744357042984416406e+00,1.952151814958711817e+00,8.769526673014965690e-01,1.500000000000000000e+00,0.000000000000000000e+00,0.000000000000000000e+00,5.000000000000000278e-02,2.616535564476624387e+00,2.421937718991748589e+00,-1.500000000000000000e+00,0.000000000000000000e+00
2.303376847211323408e+00,9.087587801287109190e-01,3.175410696743552474e-01,1.500000000000000000e+00,0.000000000000000000e+00,0.000000000000000000e+00,5.000000000000000278e-02,-3.455065270816985112e+00,-3.533818436333560520e+00,-1.500000000000000000e+00,-0.000000000000000000e+00
1.827361519187927996e+00,2.882691850468504846e+00,7.771412783815856429e-02,1.500000000000000000e+00,0.000000000000000000e+00,0.000000000000000000e+00,5.000000000000000278e-02,-2.741042278781891994e+00,-2.796854878736606764e+00,-1.500000000000000000e+00,-0.000000000000000000e+00
7.231514913848715587e-01,2.966596700423514754e+00,8.730569740944190693e-01,1.500000000000000000e+00,0.000000000000000000e+00,0.000000000000000000e+00,5.000000000000000278e-02,-1.084727237077307338e+00,-1.157648063129102844e+00,-1.500000000000000000e+00,-0.000000000000000000e+00
-1.542897815026346597e+00,1.279078113561258778e+00,5.706375445047203732e-01,1.500000000000000000e+00,0.000000000000000000e+00,0.000000000000000000e+00,5.000000000000000278e-02,2.314346722539519785e+00,2.454781291711251257e+00,-1.500000000000000000e+00,0.000000000000000000e+00
8.081173007504758310e-01,1.088225825305741967e+00,9.773277593015716747e-02,1.500000000000000000e+00,0.000000000000000000e+00,0.000000000000000000e+00,5.000000000000000278e-02,-1.212175951125713746e+00,-1.235019150356525319e+00,-1.500000000000000000e+00,-0.000000000000000000e+00
2.115460581778674687e+00,7.583503793643796564e-01,5.542725464225505272e-01,1.500000000000000000e+00,0.000000000000000000e+00,0.000000000000000000e+00,5.000000000000000278e-02,-3.173190872668012030e+00,-2.969374731634097930e+00,-1.500000000000000000e+00,-0.000000000000000000e+00
1.076225465855290331e+00,1.530923237533436065e+00,6.094351488389502247e-01,1.500000000000000000e+00,0.000000000000000000e+00,0.000000000000000000e+00,5.000000000000000278e-02,-1.614338198782935496e+00,-1.742345831572392978e+00,-1.500000000000000000e+00,-0.000000000000000000e+00
-1.493696170582528238e+00,1.174396730639953867e+00,3.786898667153896225e-01,1.500000000000000000e+00,0.000000000000000000e+00,0.000000000000000000e+00,5.000000000000000278e-02,2.240544255873792245e+00,2.344193486800057791e+00,-1.500000000000000000e+00,0.000000000000000000e+00
2.879470395956098550e+00,2.622167083230571905e+00,1.723430475070519829e-01,1.500000000000000000e+00,0.000000000000000000e+00,0.000000000000000000e+00,5.000000000000000278e-02,-4.319205593934148268e+00,-4.147123238766184272e+00,-1.500000000000000000e+00,-0.000000000000000000e+00
9.787053872513507002e-02,1.033762589508620655e+00,7.593294707304061308e-01,1.500000000000000000e+00,0.000000000000000000e+00,0.000000000000000000e+00,5.000000000000000278e-02,-1.468058080877026050e-01,-1.990801763364749011e-01,-1.500000000000000000e+00,-0.000000000000000000e+00
2.049820383348315289e+00,2.743411456226069856e+00,7.381838346930402750e-03,1.500000000000000000e+00,0.000000000000000000e+00,0.000000000000000000e+00,5.000000000000000278e-02,-3.074730575022472934e+00,-3.027348215399689124e+00,-1.500000000000000000e+00,-0.000000000000000000e+00
1.529315549344837599e+00,2.012182409813074280e+00,6.481850666715455178e-01,1.500000000000000000e+00,0.000000000000000000e+00,0.000000000000000000e+00,5.000000000000000278e-02,-2.293973324017256399e+00,-2.264083779329717938e+00,-1.500000000000000000e+00,-0.000000000000000000e+00
2.274679796970264789e+00,1.034012719103593714e+00,9.059000568217417948e-01,1.500000000000000000e+00,0.000000000000000000e+00,0.000000000000000000e+00,5.000000000000000278e-02,-3.412019695455397184e+00,-3.298337922155833102e+00,-1.500000000000000000e+00,-0.000000000000000000e+00
-1.261964701071344841e+00,2.012130372578633253e+00,8.756037835385214185e-01,1.500000000000000000e+00,0.000000000000000000e+00,0.000000000000000000e+00,5.000000000000000278e-02,1.892947051607017261e+00,1.853703714387260337e+00,-1.500000000000000000e+00,0.000000000000000000e+00
-2.767378619164615472e+00,3.507413576891313944e-01,8.983740518081254622e-01,1.500000000000000000e+00,0.000000000000000000e+00,0.000000000000000000e+00,5.000000000000000278e-02,4.151067928746923208e+00,3.965826220188597873e+00,-1.500000000000000000e+00,0.000000000000000000e+00
2.143716117427992174e+00,2.700780179075381149e+00,2.429409434520904965e-01,1.500000000000000000e+00,0.000000000000000000e+00,0.000000000000000000e+00,5.000000000000000278e-02,-3.215574176141988261e+00,-3.378463249846283212e+00,-1.500000000000000000e+00,-0.000000000000000000e+00
9.259146387870438311e-01,1.843633596727767276e+00,4.262192378839158025e-01,1.500000000000000000e+00,0.000000000000000000e+00,0.000000000000000000e+00,5.000000000000000278e-02,-1.388871958180565747e+00,-1.376869966627253250e+00,-1.500000000000000000e+00,-0.000000000000000000e+00
-1.095344926770702942e+00,2.437306906766793180e+00,4.670833635139773898e-01,1.500000000000000000e+00,0.000000000000000000e+00,0.000000000000000000e+00,5.000000000000000278e-02,1.643017390156054525e+00,1.593505921271373804e+00,-1.500000000000000000e+00,0.000000000000000000e+00
-1.147434554487752001e+00,8.625231755940990785e-01,4.890067465466078067e-01,1.500000000000000000e+00,0.000000000000000000e+00,0.000000000000000000e+00,5.000000000000000278e-02,1.721151831731627890e+00,1.719698312062157175e+00,-1.500000000000000000e+00,0.000000000000000000e+00
-1.687698287765559968e-02,1.767239083481672246e+00,4.027585200305845436e-01,1.500000000000000000e+00,0.000000000000000000e+00,0.000000000000000000e+00,5.000000000000000278e-02,2.531547431648339952e-02,-9.388623584290289870e-02,-1.500000000000000000e+00,0.000000000000000000e+00
2.570878508626170067e+00,5.895775782284845556e-01,6.282457619472628929e-01,1.500000000000000000e+00,0.000000000000000000e+00,0.000000000000000000e+00,5.000000000000000278e-02,-3.856317762939255100e+00,-3.908484867533983831e+00,-1.500000000000000000e+00,-0.000000000000000000e+00
-1.913586837162124743e+00,3.472650531025998077e-01,6.688577821989856176e-01,1.500000000000000000e+00,0.000000000000000000e+00,0.000000000000000000e+00,5.000000000000000278e-02,2.870380255743187004e+00,2.618191284394536744e+00,-1.500000000000000000e+00,0.000000000000000000e+00
2.616791127425443619e+00,4.540918329141683252e-01,7.934206290910676973e-01,1.500000000000000000e+00,0.000000000000000000e+00,0.000000000000000000e+00,5.000000000000000278e-02,-3.925186691138165429e+00,-3.895951897754389659e+00,-1.500000000000000000e+00,-0.000000000000000000e+00
-7.122661240053607123e-01,1.283104796413851556e+00,2.657286398171502251e-01,1.500000000000000000e+00,0.000000000000000000e+00,0.000000000000000000e+00,5.000000000000000278e-02,1.068399186008041069e+00,1.138776153942461900e+00,-1.500000000000000000e+00,0.000000000000000000e+00
2.110800992788111508e+00,2.082629822805838415e+00,4.341254860789036663e-01,1.500000000000000000e+00,0.000000000000000000e+00,0.000000000000000000e+00,5.000000000000000278e-02,-3.166201489182167261e+00,-3.114677253183733008e+00,-1.500000000000000000e+00,-0.000000000000000000e+00
-1.370425786097976495e+00,2.211866197055720740e+00,2.756708876672042674e-02,1.500000000000000000e+00,0.000000000000000000e+00,0.000000000000000000e+00,5.000000000000000278e-02,2.055638679146964520e+00,2.026363947401375931e+00,-1.500000000000000000e+00,0.000000000000000000e+00
1.095699224361883495e+00,6.394974303696693285e-01,1.668522554595164298e-02,1.500000000000000000e+00,0.000000000000000000e+00,0.000000000000000000e+00,5.000000000000000278e-02,-1.643548836542825242e+00,-1.570138235500182944e+00,-1.500000000000000000e+00,-0.000000000000000000e+00
6.538007993329468803e-01,2.180420617438954878e+00,2.072406097022645444e-01,1.500000000000000000e+00,0.000000000000000000e+00,0.000000000000000000e+00,5.000000000000000278e-02,-9.807011989994203205e-01,-1.082445458738621413e+00,-1.500000000000000000e+00,-0.000000000000000000e+00
2.247774296681764206e+00,1.293135383628000401e+00,2.004749090064782413e-01,1.500000000000000000e+00,0.000000000000000000e+00,0.000000000000000000e+00,5.000000000000000278e-02,-3.371661445022646308e+00,-3.460222695527208625e+00,-1.500000000000000000e+00,-0.000000000000000000e+00
2.909408013201350229e+00,7.467300355241318632e-01,3.739555586396970943e-01,1.500000000000000000e+00,0.000000000000000000e+00,0.000000000000000000e+00,5.000000000000000278e-02,-4.364112019802025344e+00,-4.136241245504104214e+00,-1.500000000000000000e+00,-0.000000000000000000e+00
1.017173392874882509e+00,6.367049494726328973e-02,2.657791890070893004e-01,1.500000000000000000e+00,0.000000000000000000e+00,0.000000000000000000e+00,5.000000000000000278e-02,-1.525760089312323764e+00,-1.564293823712391118e+00,-1.500000000000000000e+00,-0.000000000000000000e+00
1.686310197966585989e+00,8.148173884184995996e-01,4.426325818246756860e-03,1.500000000000000000e+00,0.000000000000000000e+00,0.000000000000000000e+00,5.000000000000000278e-02,-2.529465296949878983e+00,-2.765208029681689883e+00,-1.500000000000000000e+00,-0.000000000000000000e+00
-1.004652574249196739e+00,1.917161513163138764e+00,7.271715336409179109e-01,1.500000000000000000e+00,0.000000000000000000e+00,0.000000000000000000e+00,5.000000000000000278e-02,1.506978861373795109e+00,1.430600959417907880e+00,-1.500000000000000000e+00,0.000000000000000000e+00
-1.715411152297961372e+00,9.961728204156653499e-01,2.067568247178649399e-01,1.500000000000000000e+00,0.000000000000000000e+00,0.000000000000000000e+00,5.000000000000000278e-02,2.573116728446942059e+00,2.636666224331411623e+00,-1.500000000000000000e+00,0.000000000000000000e+00
1.039561977278967930e+00,8.632877350825108875e-01,9.729097118699350233e-01,1.500000000000000000e+00,0.000000000000000000e+00,0.000000000000000000e+00,5.000000000000000278e-02,-1.559342965918451895e+00,-1.517773699863640635e+00,-1.500000000000000000e+00,-0.000000000000000000e+00
-1.983974528398214199e+00,2.644251039862352215e+00,2.860763969242465787e-01,1.500000000000000000e+00,0.000000000000000000e+00,0.000000000000000000e+00,5.000000000000000278e-02,2.975961792597321409e+00,3.001083996612623039e+00,-1.500000000000000000e+00,0.000000000000000000e+00
-1.565934609891420193e+00,2.029008884215924180e+00,5.278611412033722416e-01,1.500000000000000000e+00,0.000000000000000000e+00,0.000000000000000000e+00,5.000000000000000278e-02,2.348901914837130178e+00,2.459527366834444173e+00,-1.500000000000000000e+00,0.000000000000000000e+00
6.617407561279096129e-01,8.207370226910687405e-01,5.159837601968064735e-02,1.500000000000000000e+00,0.000000000000000000e+00,0.000000000000000000e+00,5.000000000000000278e-02,-9.926111341918644193e-01,-9.861763983544105105e-01,-1.500000000000000000e+00,-0.000000000000000000e+00
-2.394289253509139570e+00,1.794467834838926024e+00,3.658362578480593985e-01,1.500000000000000000e+00,0.000000000000000000e+00,0.000000000000000000e+00,5.000000000000000278e-02,3.591433880263709355e+00,3.636035262671743595e+00,-1.500000000000000000e+00,0.000000000000000000e+00
-2.267416789395171328e+00,1.161100200937544180e+00,8.090845098621525233e-01,1.500000000000000000e+00,0.000000000000000000e+00,0.000000000000000000e+00,5.000000000000000278e-02,3.401125184092756992e+00,3.573899184044299737e+00,-1.500000000000000000e+00,0.000000000000000000e+00
1.047200894975709673e+00,6.423225017104035039e-01,7.459857740946637117e-01,1.500000000000000000e+00,0.000000000000000000e+00,0.000000000000000000e+00,5.000000000000000278e-02,-1.570801342463564509e+00,-1.711821012438127010e+00,-1.500000000000000000e+00,-0.000000000000000000e+00
-2.621827777445906449e-02,2.272399769805120595e+00,8.442396390876022449e-01,1.500000000000000000e+00,0.000000000000000000e+00,0.000000000000000000e+00,5.000000000000000278e-02,3.932741666168859673e-02,1.766974555661974255e-01,-1.500000000000000000e+00,0.000000000000000000e+00
-2.171117244116881118e+00,9.679914870557714268e-01,3.919986203628426091e-01,1.500000000000000000e+00,0.000000000000000000e+00,0.000000000000000000e+00,5.000000000000000278e-02,3.256675866175321676e+00,3.322866449844257719e+00,-1.500000000000000000e+00,0.000000000000000000e+00
5.120213592878224418e-01,2.919301619531083247e+00,3.019857057503433362e-01,1.500000000000000000e+00,0.000000000000000000e+00,0.000000000000000000e+00,5.000000000000000278e-02,-7.680320389317336627e-01,-6.547770625485871410e-01,-1.500000000000000000e+00,-0.000000000000000000e+00
1.578023165711437414e+00,1.154013316617198415e-01,1.983051830122262160e-02,1.500000000000000000e+00,0.000000000000000000e+00,0.000000000000000000e+00,5.000000000000000278e-02,-2.367034748567156122e+00,-2.341765898748834118e+00,-1.500000000000000000e+00,-0.000000000000000000e+00
-9.053108859542380316e-02,4.602327251169895383e-01,5.697337666166368830e-02,1.500000000000000000e+00,0.000000000000000000e+00,0.000000000000000000e+00,5.000000000000000278e-02,1.357966328931357047e-01,2.022304568206223507e-01,-1.500000000000000000e+00,0.000000000000000000e+00
-2.205717836397756315e+00,1.278907145225648856e+00,6.872614176235780636e-01,1.500000000000000000e+00,0.000000000000000000e+00,0.000000000000000000e+00,5.000000000000000278e-02,3.308576754596634473e+00,3.404154090249862374e+00,-1.500000000000000000e+00,0.000000000000000000e+00
-1.818108416910537484e+00,2.312233636539309689e+00,4.183420199854378518e-01,1.500000000000000000e+00,0.000000000000000000e+00,0.000000000000000000e+00,5.000000000000000278e-02,2.727162625365806115e+00,2.791581351376727582e+00,-1.500000000000000000e+00,0.000000000000000000e+00
1.667340540786919512e+00,4.042052552334438609e-01,6.527727624478942836e-01,1.500000000000000000e+00,0.000000000000000000e+00,0.000000000000000000e+00,5.000000000000000278e-02,-2.501010811180379267e+00,-2.482072823073656842e+00,-1.500000000000000000e+00,-0.000000000000000000e+00
-2.026364690616694109e+00,1.267098941853595173e+00,2.638194854748345808e-01,1.500000000000000000e+00,0.000000000000000000e+00,0.000000000000000000e+00,5.000000000000000278e-02,3.039547035925041385e+00,3.017741915848898948e+00,-1.500000000000000000e+00,0.000000000000000000e+00
2.869751804563003716e+00,1.226189116151978009e+00,3.752140350259755008e-01,1.500000000000000000e+00,0.000000000000000000e+00,0.000000000000000000e+00,5.000000000000000278e-02,-4.304627706844505575e+00,-3.977371818114991520e+00,-1.500000000000000000e+00,-0.000000000000000000e+00
2.497895681596522977e+00,4.864149423134256356e-02,3.637832031402618016e-01,1.500000000000000000e+00,0.000000000000000000e+00,0.000000000000000000e+00,5.000000000000000278e-02,-3.746843522394784465e+00,-3.578495863072498562e+00,-1.500000000000000000e+00,-0.000000000000000000e+00
-1.486025573470301619e+00,8.557270308654643109e-01,5.058491898661330310e-01,1.500000000000000000e+00,0.000000000000000000e+00,0.000000000000000000e+00,5.000000000000000278e-02,2.229038360205452207e+00,2.420118527240869621e+00,-1.500000000000000000e+00,0.000000000000000000e+00
-1.336067351196988939e+00,5.834206325401281035e-02,3.587190800275915636e-01,1.500000000000000000e+00,0.000000000000000000e+00,0.000000000000000000e+00,5.000000000000000278e-02,2.004101026795483520e+00,1.863416618509944112e+00,-1.500000000000000000e+00,0.000000000000000000e+00
2.908324833125448983e+00,5.487393478284853243e-01,2.533886316169308150e-01,1.500000000000000000e+00,0.000000000000000000e+00,0.000000000000000000e+00,5.000000000000000278e-02,-4.362487249688173918e+00,-4.756671566199425882e+00,-1.500000000000000000e+00,-0.000000000000000000e+00
2.213543564513883233e+00,2.060925821469762109e+00,4.590921064319353206e-01,1.500000000000000000e+00,0.000000000000000000e+00,0.000000000000000000e+00,5.000000000000000278e-02,-3.320315346770824849e+00,-3.228958440454881895e+00,-1.500000000000000000e+00,-0.000000000000000000e+00
2.925365430640134434e+00,2.473843355164222491e+00,3.732902179472382675e-01,1.500000000000000000e+00,0.000000000000000000e+00,0.000000000000000000e+00,5.000000000000000278e-02,-4.388048145960201651e+00,-4.018177047935647117e+00,-1.500000000000000000e+00,-0.000000000000000000e+00
1.283070673403227779e+00,1.596133299963683694e+00,4.043319300611533107e-01,1.500000000000000000e+00,0.000000000000000000e+00,0.000000000000000000e+00,5.000000000000000278e-02,-1.924606010104841669e+00,-2.029524570668669092e+00,-1.500000000000000000e+00,-0.000000000000000000e+00
1.443223056096263335e-01,1.274608421197049868e+00,7.919121515808628109e-01,1.500000000000000000e+00,0.000000000000000000e+00,0.000000000000000000e+00,5.000000000000000278e-02,-2.164834584144395002e-01,-2.670587383402821535e-01,-1.500000000000000000e+00,-0.000000000000000000e+00
-1.087314305698382055e+00,1.117368812942769019e+00,7.719426754909103350e-01,1.500000000000000000e+00,0.000000000000000000e+00,0.000000000000000000e+00,5.000000000000000278e-02,1.630971458547572972e+00,1.561137793144483199e+00,-1.500000000000000000e+00,0.000000000000000000e+00
-2.063631292550093477e+00,1.570333828375408469e+00,3.058825752190263980e-01,1.500000000000000000e+00,0.000000000000000000e+00,0.000000000000000000e+00,5.000000000000000278e-02,3.095446938825140215e+00,3.079945322582677836e+00,-1.500000000000000000e+00,0.000000000000000000e+00
1.123086414894033602e+00,7.009852927139473833e-01,8.725728234363264724e-01,1.500000000000000000e+00,0.000000000000000000e+00,0.000000000000000000e+00,5.000000000000000278e-02,-1.684629622341050403e+00,-1.592691515812834968e+00,-1.500000000000000000e+00,-0.000000000000000000e+00
1.584509664762794756e+00,5.168683160374920593e-02,5.828409222367317843e-01,1.500000000000000000e+00,0.000000000000000000e+00,0.000000000000000000e+00,5.000000000000000278e-02,-2.376764497144192134e+00,-2.383458744646610672e+00,-1.500000000000000000e+00,-0.000000000000000000e+00
1.408735213220555949e+00,2.369965024774615792e+00,6.548397743678956440e-01,1.500000000000000000e+00,0.000000000000000000e+00,0.000000000000000000e+00,5.000000000000000278e-02,-2.113102819830833923e+00,-2.078487324122121116e+00,-1.500000000000000000e+00,-0.000000000000000000e+00
-1.002212643753073396e+00,9.167291639870532860e-01,2.456229444883621937e-01,1.500000000000000000e+00,0.000000000000000000e+00,0.000000000000000000e+00,5.000000000000000278e-02,1.503318965629610204e+00,1.385719099139076427e+00,-1.500000000000000000e+00,0.000000000000000000e+00
1.369044550422692907e+00,1.687181027629589547e+00,4.993021178001301186e-01,1.500000000000000000e+00,0.000000000000000000e+00,0.000000000000000000e+00,5.000000000000000278e-02,-2.053566825634039361e+00,-2.244111195989778818e+00,-1.500000000000000000e+00,-0.000000000000000000e+00
1.289634801044686085e+00,1.515494947580356744e+00,2.188683742812103095e-01,1.500000000000000000e+00,0.000000000000000000e+00,0.000000000000000000e+00,5.000000000000000278e-02,-1.934452201567029128e+00,-1.903996511247301404e+00,-1.500000000000000000e+00,-0.000000000000000000e+00
-5.611082480032427711e-01,7.959423330328837531e-01,5.604997690260529186e-01,1.500000000000000000e+00,0.000000000000000000e+00,0.000000000000000000e+00,5.000000000000000278e-02,8.416623720048641566e-01,8.591429069780560646e-01,-1.500000000000000000e+00,0.000000000000000000e+00
-2.404745150157806322e+00,1.342021393726773537e+00,6.618275164358128348e-01,1.500000000000000000e+00,0.000000000000000000e+00,0.000000000000000000e+00,5.000000000000000278e-02,3.607117725236709482e+00,3.487218812236671628e+00,-1.500000000000000000e+00,0.000000000000000000e+00
2.926487949168198099e+00,5.539329024488417463e-01,6.020702991372053337e-01,1.500000000000000000e+00,0.000000000000000000e+00,0.000000000000000000e+00,5.000000000000000278e-02,-4.389731923752297149e+00,-4.332770215490108434e+00,-1.500000000000000000e+00,-0.000000000000000000e+00
8.990288935452124264e-01,6.152015212979251579e-01,3.282061879272414329e-01,1.500000000000000000e+00,0.000000000000000000e+00,0.000000000000000000e+00,5.000000000000000278e-02,-1.348543340317818640e+00,-1.337284621578948451e+00,-1.500000000000000000e+00,-0.000000000000000000e+00
7.465620046189851422e-01,1.482823936003342613e+00,9.986656158850237830e-02,1.500000000000000000e+00,0.000000000000000000e+00,0.000000000000000000e+00,5.000000000000000278e-02,-1.119843006928477713e+00,-1.082689578380541695e+00,-1.500000000000000000e+00,-0.000000000000000000e+00
-2.585920219145212418e+00,2.523852065720607385e+00,8.515042849389888868e-01,1.500000000000000000e+00,0.000000000000000000e+00,0.000000000000000000e+00,5.000000000000000278e-02,3.878880328717818848e+00,3.772039255619700882e+00,-1.500000000000000000e+00,0.000000000000000000e+00
7.153212988103083703e-01,8.944356618683054760e-01,8.033768137964001355e-01,1.500000000000000000e+00,0.000000000000000000e+00,0.000000000000000000e+00,5.000000000000000278e-02,-1.072981948215462555e+00,-1.071410819110107937e+00,-1.500000000000000000e+00,-0.000000000000000000e+00
2.704875015666434734e-01,1.963979092620263600e+00,2.479340798222051667e-01,1.500000000000000000e+00,0.000000000000000000e+00,0.000000000000000000e+00,5.000000000000000278e-02,-4.057312523499652102e-01,-3.168275190600172153e-01,-1.500000000000000000e+00,-0.000000000000000000e+00
-5.934629805973572481e-01,1.006734123471641373e+00,9.820663437728334166e-01,1.500000000000000000e+00,0.000000000000000000e+00,0.000000000000000000e+00,5.000000000000000278e-02,8.901944708960358721e-01,8.500365804684718585e-01,-1.500000000000000000e+00,0.000000000000000000e+00
1.065893342529238730e+00,1.459742302251488155e+00,1.409521049563144945e-01,1.500000000000000000e+00,0.000000000000000000e+00,0.000000000000000000e+00,5.000000000000000278e-02,-1.598840013793858095e+00,-1.629186832637839810e+00,-1.500000000000000000e+00,-0.000000000000000000e+00
2.475323123363390998e+00,2.840585045815633425e-01,6.791891423071750866e-01,1.500000000000000000e+00,0.000000000000000000e+00,0.000000000000000000e+00,5.000000000000000278e-02,-3.712984685045086497e+00,-3.811332122133106903e+00,-1.500000000000000000e+00,-0.000000000000000000e+00
2.527737898090596680e+00,1.084812697453488406e+00,7.125472615806530685e-01,1.500000000000000000e+00,0.000000000000000000e+00,0.000000000000000000e+00,5.000000000000000278e-02,-3.791606847135895020e+00,-3.643014549376769828e+00,-1.500000000000000000e+00,-0.000000000000000000e+00
-2.301426331594605301e+00,2.968221621326954995e+00,1.101214893056006172e-01,1.500000000000000000e+00,0.000000000000000000e+00,0.000000000000000000e+00,5.000000000000000278e-02,3.452139497391907952e+00,3.299649333380516580e+00,-1.500000000000000000e+00,0.000000000000000000e+00
-2.303641837398542336e+00,2.099481172030214005e+00,3.653391166242423438e-01,1.500000000000000000e+00,0.000000000000000000e+00,0.000000000000000000e+00,5.000000000000000278e-02,3.455462756097813504e+00,3.228754376527839476e+00,-1.500000000000000000e+00,0.000000000000000000e+00
-8.205441536245476897e-01,1.455037590878106357e+00,6.824312315348569635e-01,1.500000000000000000e+00,0.000000000000000000e+00,0.000000000000000000e+00,5.000000000000000278e-02,1.230816230436821535e+00,1.185397594196905491e+00,-1.500000000000000000e+00,0.000000000000000000e+00
1.323571444007469289e+00,5.813754177801438994e-01,9.681935258765617114e-02,1.500000000000000000e+00,0.000000000000000000e+00,0.000000000000000000e+00,5.000000000000000278e-02,-1.985357166011203933e+00,-2.126432012530571569e+00,-1.500000000000000000e+00,-0.000000000000000000e+00
-2.181167578663569806e+00,5.679435324228865323e-01,8.190012041923711017e-03,1.500000000000000000e+00,0.000000000000000000e+00,0.000000000000000000e+00,5.000000000000000278e-02,3.271751367995354709e+00,3.318354057286164505e+00,-1.500000000000000000e+00,0.000000000000000000e+00
-1.739807378976900409e+00,1.972000307467204561e+00,1.082181513170166198e-02,1.500000000000000000e+00,0.000000000000000000e+00,0.000000000000000000e+00,5.000000000000000278e-02,2.609711068465350614e+00,2.854307831902715975e+00,-1.500000000000000000e+00,0.000000000000000000e+00
-1.393555302383639560e+00,8.435736061585399348e-01,8.900659321663095813e-02,1.500000000000000000e+00,0.000000000000000000e+00,0.000000000000000000e+00,5.000000000000000278e-02,2.090332953575459563e+00,2.160318127074527084e+00,-1.500000000000000000e+00,0.000000000000000000e+00
1.486695205645274243e-01,7.529579911515861257e-01,6.380669801682345987e-01,1.500000000000000000e+00,0.000000000000000000e+00,0.000000000000000000e+00,5.000000000000000278e-02,-2.230042808467911364e-01,-1.945551538965186456e-01,-1.500000000000000000e+00,-0.000000000000000000e+00
2.600119196231108099e+00,7.328114166030917920e-01,3.829683800838807883e-01,1.500000000000000000e+00,0.000000000000000000e+00,0.000000000000000000e+00,5.000000000000000278e-02,-3.900178794346662148e+00,-3.808021720917717179e+00,-1.500000000000000000e+00,-0.000000000000000000e+00
8.764875857425211692e-01,2.285472177817882145e+00,7.389382558579606908e-01,1.500000000000000000e+00,0.000000000000000000e+00,0.000000000000000000e+00,5.000000000000000278e-02,-1.314731378613781754e+00,-1.335535306680436962e+00,-1.500000000000000000e+00,-0.000000000000000000e+00
2.559211449356313395e-01,1.542525044395370859e-01,5.405773711245340785e-01,1.500000000000000000e+00,0.000000000000000000e+00,0.000000000000000000e+00,5.000000000000000278e-02,-3.838817174034470092e-01,-4.609400942198698670e-01,-1.500000000000000000e+00,-0.000000000000000000e+00
2.360107985676127562e-01,1.331271675660279374e+00,6.504999148223603589e-01,1.500000000000000000e+00,0.000000000000000000e+00,0.000000000000000000e+00,5.000000000000000278e-02,-3.540161978514191343e-01,-4.048804238412678780e-01,-1.500000000000000000e+00,-0.000000000000000000e+00
7.555905599430858821e-01,9.200172189818872637e-01,3.567367549444079300e-01,1.500000000000000000e+00,0.000000000000000000e+00,0.000000000000000000e+00,5.000000000000000278e-02,-1.133385839914628823e+00,-1.081700133273441944e+00,-1.500000000000000000e+00,-0.000000000000000000e+00
1.586949156886338308e+00,1.208944902484195616e+00,9.643689617291961724e-01,1.500000000000000000e+00,0.000000000000000000e+00,0.000000000000000000e+00,5.000000000000000278e-02,-2.380423735329507462e+00,-2.548362627557104521e+00,-1.500000000000000000e+00,-0.000000000000000000e+00
-2.584636420315460370e-01,9.006230479030628011e-01,2.151294124520684026e-01,1.500000000000000000e+00,0.000000000000000000e+00,0.000000000000000000e+00,5.000000000000000278e-02,3.876954630473190555e-01,4.739700720806629963e-01,-1.500000000000000000e+00,0.000000000000000000e+00
7.571751907772412693e-01,2.299338833705989682e+00,1.143881650551084039e-01,1.500000000000000000e+00,0.000000000000000000e+00,0.000000000000000000e+00,5.000000000000000278e-02,-1.135762786165861904e+00,-1.199029451736200569e+00,-1.500000000000000000e+00,-0.000000000000000000e+00
1.740922165307223324e+00,1.415963275572284186e+00,8.410716376526959914e-01,1.500000000000000000e+00,0.000000000000000000e+00,0.000000000000000000e+00,5.000000000000000278e-02,-2.611383247960834986e+00,-2.664152562580800243e+00,-1.500000000000000000e+00,-0.000000000000000000e+00
-8.752223495962283550e-01,2.305875221470049752e+00,8.652430427689444814e-01,1.500000000000000000e+00,0.000000000000000000e+00,0.000000000000000000e+00,5.000000000000000278e-02,1.312833524394342533e+00,1.256348958028725038e+00,-1.500000000000000000e+00,0.000000000000000000e+00
-7.274576174120763739e-01,4.273118192237046475e-01,4.156069283564045591e-02,1.500000000000000000e+00,0.000000000000000000e+00,0.000000000000000000e+00,5.000000000000000278e-02,1.091186426118114561e+00,1.026020581060653303e+00,-1.500000000000000000e+00,0.000000000000000000e+00
-2.364379647706058130e+00,1.626268485112939421e+00,7.641409468347547529e-01,1.500000000000000000e+00,0.000000000000000000e+00,0.000000000000000000e+00,5.000000000000000278e-02,3.546569471559087194e+00,3.465770444897082747e+00,-1.500000000000000000e+00,0.000000000000000000e+00
-1.680131208218179184e+00,7.084352645644638180e-01,7.308475103790068594e-01,1.500000000000000000e+00,0.000000000000000000e+00,0.000000000000000000e+00,5.000000000000000278e-02,2.520196812327268887e+00,2.494504364688335141e+00,-1.500000000000000000e+00,0.000000000000000000e+00
6.270227613788139642e-01,1.391558056894584894e+00,2.181991220592394143e-01,1.500000000000000000e+00,0.000000000000000000e+00,0.000000000000000000e+00,5.000000000000000278e-02,-9.405341420682209463e-01,-9.536120034788385658e-01,-1.500000000000000000e+00,-0.000000000000000000e+00
2.169591424552105963e+00,2.865882861951329463e+00,3.728940319668017089e-01,1.500000000000000000e+00,0.000000000000000000e+00,0.000000000000000000e+00,5.000000000000000278e-02,-3.254387136828158944e+00,-3.186133558714317804e+00,-1.500000000000000000e+00,-0.000000000000000000e+00
-4.115494914625017486e-01,6.906783012301409563e-02,7.216330346452805022e-01,1.500000000000000000e+00,0.000000000000000000e+00,0.000000000000000000e+00,5.000000000000000278e-02,6.173242371937526229e-01,6.245701010180789714e-01,-1.500000000000000000e+00,0.000000000000000000e+00
2.955689670705510252e-01,5.591708107311490483e-01,8.085257680008788306e-01,1.500000000000000000e+00,0.000000000000000000e+00,0.000000000000000000e+00,5.000000000000000278e-02,-4.433534506058265379e-01,-3.776233602338810447e-01,-1.500000000000000000e+00,-0.000000000000000000e+00
9.935531556026879763e-01,2.080933798456026551e+00,6.595020492339227491e-01,1.500000000000000000e+00,0.000000000000000000e+00,0.000000000000000000e+00,5.000000000000000278e-02,-1.490329733404031964e+00,-1.520196118418964293e+00,-1.500000000000000000e+00,-0.000000000000000000e+00
-2.294376036782050932e-01,2.160069957703996124e+00,6.510825618555027283e-02,1.500000000000000000e+00,0.000000000000000000e+00,0.000000000000000000e+00,5.000000000000000278e-02,3.441564055173076397e-01,2.992780021315873396e-01,-1.500000000000000000e+00,0.000000000000000000e+00
1.532527121671709125e+00,4.958150311882404404e-01,5.660509156845439094e-02,1.500000000000000000e+00,0.000000000000000000e+00,0.000000000000000000e+00,5.000000000000000278e-02,-2.298790682507563687e+00,-2.376085041524396146e+00,-1.500000000000000000e+00,-0.000000000000000000e+00
-2.086491042083023828e+00,1.529953518572862103e+00,3.266340965678895536e-01,1.500000000000000000e+00,0.000000000000000000e+00,0.000000000000000000e+00,5.000000000000000278e-02,3.129736563124535742e+00,3.112725379014527061e+00,-1.500000000000000000e+00,0.000000000000000000e+00
-2.068386775944167866e+00,1.149494826878215470e+00,2.796603448934279479e-01,1.500000000000000000e+00,0.000000000000000000e+00,0.000000000000000000e+00,5.000000000000000278e-02,3.102580163916251799e+00,3.282741185577436216e+00,-1.500000000000000000e+00,0.000000000000000000e+00
2.804478354045491173e+00,8.852843606320330849e-01,6.718754721590178836e-01,1.500000000000000000e+00,0.000000000000000000e+00,0.000000000000000000e+00,5.000000000000000278e-02,-4.206717531068236759e+00,-4.169616184180617857e+00,-1.500000000000000000e+00,-0.000000000000000000e+00
9.530859520354022507e-01,2.554654728651112539e+00,3.501780461006610556e-01,1.500000000000000000e+00,0.000000000000000000e+00,0.000000000000000000e+00,5.000000000000000278e-02,-1.429628928053103376e+00,-1.456632926745850432e+00,-1.500000000000000000e+00,-0.000000000000000000e+00
-2.891924905201228579e+00,1.473995120632691780e+00,7.427146440188243659e-01,1.500000000000000000e+00,0.000000000000000000e+00,0.000000000000000000e+00,5.000000000000000278e-02,4.337887357801842647e+00,4.379431797945520621e+00,-1.500000000000000000e+00,0.000000000000000000e+00
1.358288422898508152e-01,2.683386526435952213e+00,5.501088609944984054e-01,1.500000000000000000e+00,0.000000000000000000e+00,0.000000000000000000e+00,5.000000000000000278e-02,-2.037432634347762228e-01,-2.632048011011427491e-01,-1.500000000000000000e+00,-0.000000000000000000e+00
2.164231173069618208e+00,1.935438835277544456e+00,5.529809053085831261e-01,1.500000000000000000e+00,0.000000000000000000e+00,0.000000000000000000e+00,5.000000000000000278e-02,-3.246346759604427312e+00,-3.312449293222588409e+00,-1.500000000000000000e+00,-0.000000000000000000e+00
2.230445993106155989e+00,8.610280642903210824e-01,9.232709872817791430e-01,1.500000000000000000e+00,0.000000000000000000e+00,0.000000000000000000e+00,5.000000000000000278e-02,-3.345668989659233983e+00,-3.457115867264132003e+00,-1.500000000000000000e+00,-0.000000000000000000e+00
2.709365304477344694e+00,2.474257886687295294e+00,3.309998022624699443e-01,1.500000000000000000e+00,0.000000000000000000e+00,0.000000000000000000e+00,5.000000000000000278e-02,-4.064047956716017040e+00,-4.272851615618858290e+00,-1.500000000000000000e+00,-0.000000000000000000e+00
-2.843374072677353759e-01,6.595700335721987884e-02,8.965911942369497734e-02,1.500000000000000000e+00,0.000000000000000000e+00,0.000000000000000000e+00,5.000000000000000278e-02,4.265061109016030638e-01,4.563967298461705235e-01,-1.500000000000000000e+00,0.000000000000000000e+00
-2.380228446850772173e+00,2.834364130096342471e+00,6.220999613187393473e-01,1.500000000000000000e+00,0.000000000000000000e+00,0.000000000000000000e+00,5.000000000000000278e-02,3.570342670276158259e+00,3.420695004258186955e+00,-1.500000000000000000e+00,0.000000000000000000e+00
2.348777221838473039e+00,2.859218425629818094e-01,8.527260090998661779e-01,1.500000000000000000e+00,0.000000000000000000e+00,0.000000000000000000e+00,5.000000000000000278e-02,-3.523165832757709559e+00,-3.635527629698195984e+00,-1.500000000000000000e+00,-0.000000000000000000e+00
2.845018663459022434e+00,2.746549086551712371e+00,4.095841560700834716e-01,1.500000000000000000e+00,0.000000000000000000e+00,0.000000000000000000e+00,5.000000000000000278e-02,-4.267527995188533652e+00,-4.507321408297611853e+00,-1.500000000000000000e+00,-0.000000000000000000e+00
-2.355674691895524919e+00,1.712522746380190641e-01,7.722830198364082355e-01,1.500000000000000000e+00,0.000000000000000000e+00,0.000000000000000000e+00,5.000000000000000278e-02,3.533512037843287601e+00,3.586392117567219096e+00,-1.500000000000000000e+00,0.000000000000000000e+00
-1.381716473238053355e+00,5.295813401080170513e-01,4.068536133920259701e-01,1.500000000000000000e+00,0.000000000000000000e+00,0.000000000000000000e+00,5.000000000000000278e-02,2.072574709857080144e+00,1.960739179081572692e+00,-1.500000000000000000e+00,0.000000000000000000e+00
-1.134318544774216564e+00,8.966157702243359173e-01,4.736881986734200467e-01,1.500000000000000000e+00,0.000000000000000000e+00,0.000000000000000000e+00,5.000000000000000278e-02,1.701477817161324957e+00,1.877489519084159619e+00,-1.500000000000000000e+00,0.000000000000000000e+00
-1.007798264240580721e+00,2.755048585707547293e+00,6.034387242303965726e-01,1.500000000000000000e+00,0.000000000000000000e+00,0.000000000000000000e+00,5.000000000000000278e-02,1.511697396360871082e+00,1.435087903724813652e+00,-1.500000000000000000e+00,0.000000000000000000e+00
2.163106594351254408e+00,1.258186018863530542e+00,6.643677475436123858e-01,1.500000000000000000e+00,0.000000000000000000e+00,0.000000000000000000e+00,5.000000000000000278e-02,-3.244659891526881612e+00,-3.104670649967628648e+00,-1.500000000000000000e+00,-0.000000000000000000e+00
-9.808527897859402600e-01,2.569920935538924311e+00,4.179949059357576102e-01,1.500000000000000000e+00,0.000000000000000000e+00,0.000000000000000000e+00,5.000000000000000278e-02,1.471279184678910390e+00,1.510999341392945894e+00,-1.500000000000000000e+00,0.000000000000000000e+00
-2.762626453205800026e+00,8.205367861377118599e-01,9.229329297388163544e-01,1.500000000000000000e+00,0.000000000000000000e+00,0.000000000000000000e+00,5.000000000000000278e-02,4.143939679808699594e+00,4.326427545417536713e+00,-1.500000000000000000e+00,0.000000000000000000e+00
1.529978433202634491e+00,2.307336722456977185e+00,4.897737259969140444e-01,1.500000000000000000e+00,0.000000000000000000e+00,0.000000000000000000e+00,5.000000000000000278e-02,-2.294967649803951737e+00,-2.275218568682249920e+00,-1.500000000000000000e+00,-0.000000000000000000e+00
4.367892429337461024e-02,1.540570117833615527e+00,7.642652899620535623e-01,1.500000000000000000e+00,0.000000000000000000e+00,0.000000000000000000e+00,5.000000000000000278e-02,-6.551838644006191537e-02,-1.153637990499499777e-01,-1.500000000000000000e+00,-0.000000000000000000e+00
1.882801850697877200e+00,2.339510181745066308e+00,3.569807347260456343e-02,1.500000000000000000e+00,0.000000000000000000e+00,0.000000000000000000e+00,5.000000000000000278e-02,-2.824202776046815799e+00,-2.517217294253089488e+00,-1.500000000000000000e+00,-0.000000000000000000e+00
9.666027649492670015e-01,1.955715200626552575e+00,9.878155446798192463e-01,1.500000000000000000e+00,0.000000000000000000e+00,0.000000000000000000e+00,5.000000000000000278e-02,-1.449904147423900502e+00,-1.433849307465329348e+00,-1.500000000000000000e+00,-0.000000000000000000e+00
2.842783844805666149e+00,2.219403464138757887e+00,8.295953568885106044e-01,1.500000000000000000e+00,0.000000000000000000e+00,0.000000000000000000e+00,5.000000000000000278e-02,-4.264175767208499224e+00,-4.492860351414933895e+00,-1.500000000000000000e+00,-0.000000000000000000e+00
-2.438549030896197678e-02,4.977180160442892243e-01,2.447983682978428499e-01,1.500000000000000000e+00,0.000000000000000000e+00,0.000000000000000000e+00,5.000000000000000278e-02,3.657823546344296517e-02,1.013739248877348204e-01,-1.500000000000000000e+00,0.000000000000000000e+00
1.558249924881938142e-02,3.897803634587932997e-01,6.983520622637362507e-01,1.500000000000000000e+00,0.000000000000000000e+00,0.000000000000000000e+00,5.000000000000000278e-02,-2.337374887322907213e-02,-2.533238509786990902e-02,-1.500000000000000000e+00,-0.000000000000000000e+00
2.724799626819197407e+00,3.419036062481540794e-01,3.789434548025005789e-01,1.500000000000000000e+00,0.000000000000000000e+00,0.000000000000000000e+00,5.000000000000000278e-02,-4.087199440228795666e+00,-4.225953147515026487e+00,-1.500000000000000000e+00,-0.000000000000000000e+00
-1.886793790198832088e+00,2.642006014882346321e+00,6.301156851175204743e-02,1.500000000000000000e+00,0.000000000000000000e+00,0.000000000000000000e+00,5.000000000000000278e-02,2.830190685298248354e+00,2.923981065730111073e+00,-1.500000000000000000e+00,0.000000000000000000e+00
-6.997659120027837076e-01,1.716814923926099912e+00,5.101065879462159947e-01,1.500000000000000000e+00,0.000000000000000000e+00,0.000000000000000000e+00,5.000000000000000278e-02,1.049648868004175561e+00,1.054572404606630043e+00,-1.500000000000000000e+00,0.000000000000000000e+00
2.862663297205323865e+00,6.040439211422768961e-01,4.647696384059906149e-01,1.500000000000000000e+00,0.000000000000000000e+00,0.000000000000000000e+00,5.000000000000000278e-02,-4.293994945807986241e+00,-4.158897949938925365e+00,-1.500000000000000000e+00,-0.000000000000000000e+00
2.919911259053663777e+00,1.304409357582908768e+00,6.848917146999422556e-01,1.500000000000000000e+00,0.000000000000000000e+00,0.000000000000000000e+00,5.000000000000000278e-02,-4.379866888580496109e+00,-4.381998100015888298e+00,-1.500000000000000000e+00,-0.000000000000000000e+00
1.853267373631295456e+00,2.188872847499943042e+00,5.761752395272456972e-01,1.500000000000000000e+00,0.000000000000000000e+00,0.000000000000000000e+00,5.000000000000000278e-02,-2.779901060446943184e+00,-2.634285905472489198e+00,-1.500000000000000000e+00,-0.000000000000000000e+00
1.177813038457633965e+00,1.880814766267235427e+00,9.305544082671396433e-01,1.500000000000000000e+00,0.000000000000000000e+00,0.000000000000000000e+00,5.000000000000000278e-02,-1.766719557686450948e+00,-1.726671052635000425e+00,-1.500000000000000000e+00,-0.000000000000000000e+00
1.968586685282658344e+00,2.085450905742428862e+00,4.932657213841429300e-01,1.500000000000000000e+00,0.000000000000000000e+00,0.000000000000000000e+00,5.000000000000000278e-02,-2.952880027923987516e+00,-3.003146671507479493e+00,-1.500000000000000000e+00,-0.000000000000000000e+00
2.315197115917394299e+00,2.187089864229491809e+00,1.103076999521911405e-01,1.500000000000000000e+00,0.000000000000000000e+00,0.000000000000000000e+00,5.000000000000000278e-02,-3.472795673876091449e+00,-3.465694234709087773e+00,-1.500000000000000000e+00,-0.000000000000000000e+00
8.122964483969958849e-01,2.591231998555838523e+00,1.263294980744207319e-01,1.500000000000000000e+00,0.000000000000000000e+00,0.000000000000000000e+00,5.000000000000000278e-02,-1.218444672595493827e+00,-1.152362327743226666e+00,-1.500000000000000000e+00,-0.000000000000000000e+00
-8.873406576008058266e-02,1.248322198854167286e+00,9.331078197853625023e-01,1.500000000000000000e+00,0.000000000000000000e+00,0.000000000000000000e+00,5.000000000000000278e-02,1.331010986401208740e-01,1.336694577341803469e-01,-1.500000000000000000e+00,0.000000000000000000e+00
1.796474932551612724e-01,6.685115085953107217e-01,6.578583453308921580e-01,1.500000000000000000e+00,0.000000000000000000e+00,0.000000000000000000e+00,5.000000000000000278e-02,-2.694712398827419086e-01,-3.029889360165631262e-01,-1.500000000000000000e+00,-0.000000000000000000e+00
-1.109519203915142471e+00,2.786998971409871295e+00,7.711039593200603726e-01,1.500000000000000000e+00,0.000000000000000000e+00,0.000000000000000000e+00,5.000000000000000278e-02,1.664278805872713818e+00,1.678275782622380197e+00,-1.500000000000000000e+00,0.000000000000000000e+00
-7.343504335744923672e-01,2.673692120233598146e+00,3.350819125020216838e-01,1.500000000000000000e+00,0.000000000000000000e+00,0.000000000000000000e+00,5.000000000000000278e-02,1.101525650361738551e+00,1.133749146361921145e+00,-1.500000000000000000e+00,0.000000000000000000e+00
1.628882910895869784e+00,9.000285752130475769e-01,3.313209388060278648e-01,1.500000000000000000e+00,0.000000000000000000e+00,0.000000000000000000e+00,5.000000000000000278e-02,-2.443324366343804677e+00,-2.382250979783709699e+00,-1.500000000000000000e+00,-0.000000000000000000e+00
-2.718249935865255207e+00,2.252052448349775915e+00,1.532464287215660192e-01,1.500000000000000000e+00,0.000000000000000000e+00,0.000000000000000000e+00,5.000000000000000278e-02,4.077374903797882588e+00,3.813974722139899853e+00,-1.500000000000000000e+00,0.000000000000000000e+00
2.242758834327363004e+00,1.686544351687091492e+00,4.430725014630131353e-01,1.500000000000000000e+00,0.000000000000000000e+00,0.000000000000000000e+00,5.000000000000000278e-02,-3.364138251491044507e+00,-3.546537459041865681e+00,-1.500000000000000000e+00,-0.000000000000000000e+00
-1.295181578432159419e+00,2.016254588636941403e+00,7.818791783623415537e-01,1.500000000000000000e+00,0.000000000000000000e+00,0.000000000000000000e+00,5.000000000000000278e-02,1.942772367648239129e+00,1.917786372842349651e+00,-1.500000000000000000e+00,0.000000000000000000e+00
4.816605413786403389e-01,2.639617247826441471e+00,6.667104704873410004e-01,1.500000000000000000e+00,0.000000000000000000e+00,0.000000000000000000e+00,5.000000000000000278e-02,-7.224908120679605084e-01,-6.805121080385326815e-01,-1.500000000000000000e+00,-0.000000000000000000e+00
-1.873301942368711392e+00,1.472710587537039428e+00,7.633115715464027229e-01,1.500000000000000000e+00,0.000000000000000000e+00,0.000000000000000000e+00,5.000000000000000278e-02,2.809952913553066978e+00,2.842062858182881513e+00,-1.500000000000000000e+00,0.000000000000000000e+00
1.874774979799834540e+00,2.364667715793133951e+00,5.406997493808685107e-03,1.500000000000000000e+00,0.000000000000000000e+00,0.000000000000000000e+00,5.000000000000000278e-02,-2.812162469699751810e+00,-2.594408052876731929e+00,-1.500000000000000000e+00,-0.000000000000000000e+00
1.519563910959378816e+00,9.797738006015942469e-01,7.707560958599990464e-01,1.500000000000000000e+00,0.000000000000000000e+00,0.000000000000000000e+00,5.000000000000000278e-02,-2.279345866439068224e+00,-2.099335667374787828e+00,-1.500000000000000000e+00,-0.000000000000000000e+00
-1.865686913447200945e+00,2.106677182832214612e+00,7.334427893766217732e-01,1.500000000000000000e+00,0.000000000000000000e+00,0.000000000000000000e+00,5.000000000000000278e-02,2.798530370170801529e+00,2.912535721778160447e+00,-1.500000000000000000e+00,0.000000000000000000e+00
-1.043549377919230636e-01,1.148530846527911375e+00,4.711023890494882016e-01,1.500000000000000000e+00,0.000000000000000000e+00,0.000000000000000000e+00,5.000000000000000278e-02,1.565324066878845954e-01,1.668079953021207873e-01,-1.500000000000000000e+00,0.000000000000000000e+00
1.900188848340977898e-02,2.896856667758853199e+00,1.324120434057751705e-01,1.500000000000000000e+00,0.000000000000000000e+00,0.000000000000000000e+00,5.000000000000000278e-02,-2.850283272511466848e-02,-3.489880013450169516e-02,-1.500000000000000000e+00,-0.000000000000000000e+00
5.595440167321505953e-01,2.997242356879241676e-01,5.971418057300568183e-01,1.500000000000000000e+00,0.000000000000000000e+00,0.000000000000000000e+00,5.000000000000000278e-02,-8.393160250982258930e-01,-8.807100923021362604e-01,-1.500000000000000000e+00,-0.000000000000000000e+00
-2.790245617329249583e+00,1.087310339455801023e+00,4.206669646942700069e-01,1.500000000000000000e+00,0.000000000000000000e+00,0.000000000000000000e+00,5.000000000000000278e-02,4.185368425993874375e+00,4.232040653525663387e+00,-1.500000000000000000e+00,0.000000000000000000e+00
1.703614961972356845e+00,1.361697480553943240e+00,6.572295265436174372e-01,1.500000000000000000e+00,0.000000000000000000e+00,0.000000000000000000e+00,5.000000000000000278e-02,-2.555422442958535267e+00,-2.693540547700065346e+00,-1.500000000000000000e+00,-0.000000000000000000e+00
1.183510152742317523e+00,5.969184742124969967e-01,7.875763453241833023e-01,1.500000000000000000e+00,0.000000000000000000e+00,0.000000000000000000e+00,5.000000000000000278e-02,-1.775265229113476284e+00,-1.695978005859553717e+00,-1.500000000000000000e+00,-0.000000000000000000e+00
6.938013715194601971e-01,1.286938793364597711e+00,4.691267315204582511e-01,1.500000000000000000e+00,0.000000000000000000e+00,0.000000000000000000e+00,5.000000000000000278e-02,-1.040702057279190296e+00,-1.125820777372098513e+00,-1.500000000000000000e+00,-0.000000000000000000e+00
-8.940543760125754247e-01,9.384781692652849339e-01,2.791135054242150915e-01,1.500000000000000000e+00,0.000000000000000000e+00,0.000000000000000000e+00,5.000000000000000278e-02,1.341081564018863137e+00,1.421493568720781475e+00,-1.500000000000000000e+00,0.000000000000000000e+00
7.449210353491615422e-01,1.698140130391074365e+00,7.473111847946847242e-01,1.500000000000000000e+00,0.000000000000000000e+00,0.000000000000000000e+00,5.000000000000000278e-02,-1.117381553023742313e+00,-1.126857937055962156e+00,-1.500000000000000000e+00,-0.000000000000000000e+00
4.753588743317784804e-01,7.352907362877876274e-01,5.526300520250051473e-01,1.500000000000000000e+00,0.000000000000000000e+00,0.000000000000000000e+00,5.000000000000000278e-02,-7.130383114976677206e-01,-7.480213823271917306e-01,-1.500000000000000000e+00,-0.000000000000000000e+00
-1.321543896161217591e+00,6.769079592674784873e-01,1.670521734751491127e-01,1.500000000000000000e+00,0.000000000000000000e+00,0.000000000000000000e+00,5.000000000000000278e-02,1.982315844241826497e+00,1.997678454393700065e+00,-1.500000000000000000e+00,0.000000000000000000e+00
-5.529519024686013751e-01,2.293308727751910414e-01,1.881110520361122251e-01,1.500000000000000000e+00,0.000000000000000000e+00,0.000000000000000000e+00,5.000000000000000278e-02,8.294278537029020626e-01,8.370956440585813896e-01,-1.500000000000000000e+00,0.000000000000000000e+00
2.670817763548439139e+00,8.475345144249916141e-01,7.601391888642972106e-01,1.500000000000000000e+00,0.000000000000000000e+00,0.000000000000000000e+00,5.000000000000000278e-02,-4.006226645322659152e+00,-3.991082851238061391e+00,-1.500000000000000000e+00,-0.000000000000000000e+00
-1.163350149058413718e+00,2.534885936150864660e-01,4.935480019664151285e-03,1.500000000000000000e+00,0.000000000000000000e+00,0.000000000000000000e+00,5.000000000000000278e-02,1.745025223587620467e+00,1.635956510462591718e+00,-1.500000000000000000e+00,0.000000000000000000e+00
-5.655486168023182714e-02,2.043591985842476255e+00,8.572617157452214753e-01,1.500000000000000000e+00,0.000000000000000000e+00,0.000000000000000000e+00,5.000000000000000278e-02,8.483229252034774071e-02,-5.320731428142569386e-02,-1.500000000000000000e+00,0.000000000000000000e+00
-9.023314014855072784e-01,1.938910167796465744e+00,5.413231772866712310e-01,1.500000000000000000e+00,0.000000000000000000e+00,0.000000000000000000e+00,5.000000000000000278e-02,1.353497102228260918e+00,1.418966489775236095e+00,-1.500000000000000000e+00,0.000000000000000000e+00
1.021228344612291394e+00,1.783223034857140288e+00,7.349640838357043293e-01,1.500000000000000000e+00,0.000000000000000000e+00,0.000000000000000000e+00,5.000000000000000278e-02,-1.531842516918437092e+00,-1.528321193948413148e+00,-1.500000000000000000e+00,-0.000000000000000000e+00
-6.214977199596170010e-01,1.833744238317128739e+00,6.040437274139451862e-01,1.500000000000000000e+00,0.000000000000000000e+00,0.000000000000000000e+00,5.000000000000000278e-02,9.322465799394255015e-01,9.688879398164661483e-01,-1.500000000000000000e+00,0.000000000000000000e+00
2.528764252085998976e+00,2.352692577548570085e+00,3.409177757383613505e-01,1.500000000000000000e+00,0.000000000000000000e+00,0.000000000000000000e+00,5.000000000000000278e-02,-3.793146378128998464e+00,-4.240709086164528685e+00,-1.500000000000000000e+00,-0.000000000000000000e+00
-2.091100052541237986e+00,2.796022614977795140e+00,1.664379218358291723e-02,1.500000000000000000e+00,0.000000000000000000e+00,0.000000000000000000e+00,5.000000000000000278e-02,3.136650078811856979e+00,3.080458313202012466e+00,-1.500000000000000000e+00,0.000000000000000000e+00
-1.200436431521012981e+00,2.618515007337046896e+00,1.710432731495726832e-01,1.500000000000000000e+00,0.000000000000000000e+00,0.000000000000000000e+00,5.000000000000000278e-02,1.800654647281519471e+00,1.715135751301715361e+00,-1.500000000000000000e+00,0.000000000000000000e+00
2.811390820154251458e+00,2.779932421358926931e+00,5.123804530918321110e-01,1.500000000000000000e+00,0.000000000000000000e+00,0.000000000000000000e+00,5.000000000000000278e-02,-4.217086230231377186e+00,-4.188195855587377281e+00,-1.500000000000000000e+00,-0.000000000000000000e+00
9.518446329976564257e-01,4.751513654811624354e-01,4.612195555926931201e-01,1.500000000000000000e+00,0.000000000000000000e+00,0.000000000000000000e+00,5.000000000000000278e-02,-1.427766949496484639e+00,-1.357135591924891971e+00,-1.500000000000000000e+00,-0.000000000000000000e+00
1.384759939380312943e+00,1.791552135706289350e+00,5.221385879955828813e-01,1.500000000000000000e+00,0.000000000000000000e+00,0.000000000000000000e+00,5.000000000000000278e-02,-2.077139909070469415e+00,-2.195603418790111672e+00,-1.500000000000000000e+00,-0.000000000000000000e+00
-2.786412021283517504e-01,2.315298944309273743e+00,4.180400695778720976e-01,1.500000000000000000e+00,0.000000000000000000e+00,0.000000000000000000e+00,5.000000000000000278e-02,4.179618031925276256e-01,4.424941201018884329e-01,-1.500000000000000000e+00,0.000000000000000000e+00
-2.611562115767096071e+00,2.140197693463135487e+00,4.143851881781457358e-02,1.500000000000000000e+00,0.000000000000000000e+00,0.000000000000000000e+00,5.000000000000000278e-02,3.917343173650643884e+00,4.019412805180134995e+00,-1.500000000000000000e+00,0.000000000000000000e+00
-2.717268740727641685e+00,1.621416243229854892e+00,4.897688666845443350e-01,1.500000000000000000e+00,0.000000000000000000e+00,0.000000000000000000e+00,5.000000000000000278e-02,4.075903111091462527e+00,3.658408349999710207e+00,-1.500000000000000000e+00,0.000000000000000000e+00
1.626516013539074379e+00,8.682102945378111780e-01,8.794344714684070308e-01,1.500000000000000000e+00,0.000000000000000000e+00,0.000000000000000000e+00,5.000000000000000278e-02,-2.439774020308611568e+00,-2.450637188798309385e+00,-1.500000000000000000e+00,-0.000000000000000000e+00
2.850045971695561953e+00,2.937591052270534409e+00,4.945253184640906463e-01,1.500000000000000000e+00,0.000000000000000000e+00,0.000000000000000000e+00,5.000000000000000278e-02,-4.275068957543343373e+00,-4.273736241635154975e+00,-1.500000000000000000e+00,-0.000000000000000000e+00
-1.313422332106162216e-01,4.640560589871012276e-02,2.927960722092157742e-01,1.500000000000000000e+00,0.000000000000000000e+00,0.000000000000000000e+00,5.000000000000000278e-02,1.970133498159243324e-01,1.829111332484983643e-01,-1.500000000000000000e+00,0.000000000000000000e+00
1.275553036397225171e+00,1.793701234025562030e-01,3.615153078246551299e-01,1.500000000000000000e+00,0.000000000000000000e+00,0.000000000000000000e+00,5.000000000000000278e-02,-1.913329554595837756e+00,-1.865646343354568693e+00,-1.500000000000000000e+00,-0.000000000000000000e+00
-9.554119579846638288e-01,1.870675460510214716e+00,9.280416712471873941e-01,1.500000000000000000e+00,0.000000000000000000e+00,0.000000000000000000e+00,5.000000000000000278e-02,1.433117936976995743e+00,1.521607931956776127e+00,-1.500000000000000000e+00,0.000000000000000000e+00
1.521009629267256358e+00,1.346170145741537816e+00,3.642199327442263712e-02,1.500000000000000000e+00,0.000000000000000000e+00,0.000000000000000000e+00,5.000000000000000278e-02,-2.281514443900884537e+00,-2.197032177562429744e+00,-1.500000000000000000e+00,-0.000000000000000000e+00
-1.382544745991953983e+00,2.162451302340987702e+00,4.089565756143883624e-01,1.500000000000000000e+00,0.000000000000000000e+00,0.000000000000000000e+00,5.000000000000000278e-02,2.073817118987931085e+00,2.196380572264899023e+00,-1.500000000000000000e+00,0.000000000000000000e+00
-7.398048928071605523e-01,2.543753936078051447e-01,5.853083534172806024e-01,1.500000000000000000e+00,0.000000000000000000e+00,0.000000000000000000e+00,5.000000000000000278e-02,1.109707339210740829e+00,1.159902339265342253e+00,-1.500000000000000000e+00,0.000000000000000000e+00
1.659651629993554423e+00,2.796416192607806384e+00,9.234503977473268455e-01,1.500000000000000000e+00,0.000000000000000000e+00,0.000000000000000000e+00,5.000000000000000278e-02,-2.489477444990331634e+00,-2.501133813019880137e+00,-1.500000000000000000e+00,-0.000000000000000000e+00
2.462401684663273471e-02,2.373083335050282017e+00,6.822711802878194121e-01,1.500000000000000000e+00,0.000000000000000000e+00,0.000000000000000000e+00,5.000000000000000278e-02,-3.693602526994910207e-02,-6.695370307088696626e-02,-1.500000000000000000e+00,-0.000000000000000000e+00
1.044528627830048073e-01,2.101444902547927818e+00,1.380459582586344158e-01,1.500000000000000000e+00,0.000000000000000000e+00,0.000000000000000000e+00,5.000000000000000278e-02,-1.566792941745072110e-01,-2.157804349643709096e-01,-1.500000000000000000e+00,-0.000000000000000000e+00
-2.810114143157329991e+00,2.663423420444969381e+00,8.134212002836038735e-02,1.500000000000000000e+00,0.000000000000000000e+00,0.000000000000000000e+00,5.000000000000000278e-02,4.215171214735994987e+00,3.818383394482325777e+00,-1.500000000000000000e+00,0.000000000000000000e+00
-1.157842714142574003e+00,1.214162893553510258e+00,7.343861425641207141e-02,1.500000000000000000e+00,0.000000000000000000e+00,0.000000000000000000e+00,5.000000000000000278e-02,1.736764071213861005e+00,1.685597095632755504e+00,-1.500000000000000000e+00,0.000000000000000000e+00
-1.428379591242044944e+00,9.163366254608111827e-01,4.785363956279025111e-01,1.500000000000000000e+00,0.000000000000000000e+00,0.000000000000000000e+00,5.000000000000000278e-02,2.142569386863067304e+00,2.175967794122251053e+00,-1.500000000000000000e+00,0.000000000000000000e+00
-4.410248997565622275e-01,2.233518253757113214e+00,6.958527207988176588e-01,1.500000000000000000e+00,0.000000000000000000e+00,0.000000000000000000e+00,5.000000000000000278e-02,6.615373496348433413e-01,6.547163882487615494e-01,-1.500000000000000000e+00,0.000000000000000000e+00
-1.937132584766919852e+00,1.170144655922789267e+00,7.342691891304012897e-01,1.500000000000000000e+00,0.000000000000000000e+00,0.000000000000000000e+00,5.000000000000000278e-02,2.905698877150380000e+00,2.896765704962745325e+00,-1.500000000000000000e+00,0.000000000000000000e+00
2.545274891720363364e+00,2.160068374969118521e-01,6.346208254403030713e-01,1.500000000000000000e+00,0.000000000000000000e+00,0.000000000000000000e+00,5.000000000000000278e-02,-3.817912337580545046e+00,-3.659154481784737012e+00,-1.500000000000000000e+00,-0.000000000000000000e+00
1.908672692049589337e+00,1.585568373702532785e+00,3.494302620280624883e-01,1.500000000000000000e+00,0.000000000000000000e+00,0.000000000000000000e+00,5.000000000000000278e-02,-2.863009038074384005e+00,-2.731611447207609622e+00,-1.500000000000000000e+00,-0.000000000000000000e+00
1.791403482083850918e+00,2.347509637939539040e+00,5.345343359665187810e-01,1.500000000000000000e+00,0.000000000000000000e+00,0.000000000000000000e+00,5.000000000000000278e-02,-2.687105223125776376e+00,-2.717494372202609476e+00,-1.500000000000000000e+00,-0.000000000000000000e+00
-5.610322882154155089e-01,1.383395277883278762e+00,8.747765302019061551e-02,1.500000000000000000e+00,0.000000000000000000e+00,0.000000000000000000e+00,5.000000000000000278e-02,8.415484323231232633e-01,8.361540423975795111e-01,-1.500000000000000000e+00,0.000000000000000000e+00
8.734596942291048549e-01,3.671690489818777436e-01,1.013151370838517584e-01,1.500000000000000000e+00,0.000000000000000000e+00,0.000000000000000000e+00,5.000000000000000278e-02,-1.310189541343657282e+00,-1.406537122186815036e+00,-1.500000000000000000e+00,-0.000000000000000000e+00
-9.456953703295543079e-01,2.524533355995558281e+00,3.717985583461747012e-02,1.500000000000000000e+00,0.000000000000000000e+00,0.000000000000000000e+00,5.000000000000000278e-02,1.418543055494331462e+00,1.496004021358495306e+00,-1.500000000000000000e+00,0.000000000000000000e+00
-1.301892957106179027e+00,2.979672404355891313e+00,5.984406068383196775e-02,1.500000000000000000e+00,0.000000000000000000e+00,0.000000000000000000e+00,5.000000000000000278e-02,1.952839435659268652e+00,1.935906283406541917e+00,-1.500000000000000000e+00,0.000000000000000000e+00
2.472150449727138266e+00,1.494447996681323998e+00,7.967700247868240160e-01,1.500000000000000000e+00,0.000000000000000000e+00,0.000000000000000000e+00,5.000000000000000278e-02,-3.708225674590707399e+00,-4.191456190636289492e+00,-1.500000000000000000e+00,-0.000000000000000000e+00
1.709023127041655599e+00,1.083433022357121356e+00,2.797339802671435782e-01,1.500000000000000000e+00,0.000000000000000000e+00,0.000000000000000000e+00,5.000000000000000278e-02,-2.563534690562483398e+00,-2.562548914102405373e+00,-1.500000000000000000e+00,-0.000000000000000000e+00
2.189142412469193388e+00,7.628027279244286030e-01,7.991510851293779361e-01,1.500000000000000000e+00,0.000000000000000000e+00,0.000000000000000000e+00,5.000000000000000278e-02,-3.283713618703790083e+00,-3.315556510929593248e+00,-1.500000000000000000e+00,-0.000000000000000000e+00
8.040776529041822052e-01,7.802169704231450842e-01,5.832265472861173361e-01,1.500000000000000000e+00,0.000000000000000000e+00,0.000000000000000000e+00,5.000000000000000278e-02,-1.206116479356273308e+00,-1.162397738347475729e+00,-1.500000000000000000e+00,-0.000000000000000000e+00
1.036281221363062777e+00,2.666943348800072666e+00,1.228839756278976569e-01,1.500000000000000000e+00,0.000000000000000000e+00,0.000000000000000000e+00,5.000000000000000278e-02,-1.554421832044594165e+00,-1.553800978447829939e+00,-1.500000000000000000e+00,-0.000000000000000000e+00
2.913219762106203703e+00,4.250723331431662810e-01,4.015467134314087971e-02,1.500000000000000000e+00,0.000000000000000000e+00,0.000000000000000000e+00,5.000000000000000278e-02,-4.369829643159305554e+00,-4.265560605361348401e+00,-1.500000000000000000e+00,-0.000000000000000000e+00
4.488304353518386414e-01,7.920823667540379809e-01,6.480774454180715516e-03,1.500000000000000000e+00,0.000000000000000000e+00,0.000000000000000000e+00,5.000000000000000278e-02,-6.732456530277579621e-01,-7.006344343410328968e-01,-1.500000000000000000e+00,-0.000000000000000000e+00
-1.373862036770102213e+00,1.926828628610192107e+00,9.423553642787965146e-01,1.500000000000000000e+00,0.000000000000000000e+00,0.000000000000000000e+00,5.000000000000000278e-02,2.060793055155153208e+00,2.147560349935744739e+00,-1.500000000000000000e+00,0.000000000000000000e+00
-1.750005737523597338e+00,1.097859690147399148e+00,3.560262823733932880e-01,1.500000000000000000e+00,0.000000000000000000e+00,0.000000000000000000e+00,5.000000000000000278e-02,2.625008606285395896e+00,2.479241237248599905e+00,-1.500000000000000000e+00,0.000000000000000000e+00
2.522928138249540986e+00,2.523900329976195955e+00,3.118787176185310317e-01,1.500000000000000000e+00,0.000000000000000000e+00,0.000000000000000000e+00,5.000000000000000278e-02,-3.784392207374311479e+00,-3.811631324847695623e+00,-1.500000000000000000e+00,-0.000000000000000000e+00
-1.763362577318948965e+00,2.381450196637274086e+00,6.810461323444910731e-01,1.500000000000000000e+00,0.000000000000000000e+00,0.000000000000000000e+00,5.000000000000000278e-02,2.645043865978423447e+00,2.671641372699852912e+00,-1.500000000000000000e+00,0.000000000000000000e+00
-2.622798701057409865e+00,2.978814352292318279e-01,4.153502706396573485e-01,1.500000000000000000e+00,0.000000000000000000e+00,0.000000000000000000e+00,5.000000000000000278e-02,3.934198051586114797e+00,3.871464224678034416e+00,-1.500000000000000000e+00,0.000000000000000000e+00
4.206405951828458001e-01,1.646474849569861121e+00,6.935627986812906709e-01,1.500000000000000000e+00,0.000000000000000000e+00,0.000000000000000000e+00,5.000000000000000278e-02,-6.309608927742687001e-01,-5.874508067740460415e-01,-1.500000000000000000e+00,-0.000000000000000000e+00
-2.431549564001428188e+00,5.362855270531752261e-02,3.026961057325601168e-01,1.500000000000000000e+00,0.000000000000000000e+00,0.000000000000000000e+00,5.000000000000000278e-02,3.647324346002142281e+00,3.717862968611947316e+00,-1.500000000000000000e+00,0.000000000000000000e+00
-2.279408807737333120e-01,2.673784491145308362e+00,4.658192563852238122e-01,1.500000000000000000e+00,0.000000000000000000e+00,0.000000000000000000e+00,5.000000000000000278e-02,3.419113211605999680e-01,3.543281621318768448e-01,-1.500000000000000000e+00,0.000000000000000000e+00
-1.112469456621604902e+00,2.638362062608673231e+00,8.603700969207922489e-01,1.500000000000000000e+00,0.000000000000000000e+00,0.000000000000000000e+00,5.000000000000000278e-02,1.668704184932407353e+00,1.685087168932752233e+00,-1.500000000000000000e+00,0.000000000000000000e+00
-9.865972411531860331e-01,1.124482777163045455e+00,1.753251517849010455e-01,1.500000000000000000e+00,0.000000000000000000e+00,0.000000000000000000e+00,5.000000000000000278e-02,1.479895861729779050e+00,1.515142290987059992e+00,-1.500000000000000000e+00,0.000000000000000000e+00
1.548130803073651585e+00,2.094515177412106244e-01,2.130419999659470820e-01,1.500000000000000000e+00,0.000000000000000000e+00,0.000000000000000000e+00,5.000000000000000278e-02,-2.322196204610477377e+00,-2.254052668795217151e+00,-1.500000000000000000e+00,-0.000000000000000000e+00
-9.990163267949903059e-01,2.033618010959392208e+00,1.520147216468044071e-01,1.500000000000000000e+00,0.000000000000000000e+00,0.000000000000000000e+00,5.000000000000000278e-02,1.498524490192485459e+00,1.429046008200889339e+00,-1.500000000000000000e+00,0.000000000000000000e+00
2.481861095137740669e+00,2.596216578996784818e+00,1.052208531591314333e-01,1.500000000000000000e+00,0.000000000000000000e+00,0.000000000000000000e+00,5.000000000000000278e-02,-3.722791642706611004e+00,-3.726832055469977867e+00,-1.500000000000000000e+00,-0.000000000000000000e+00
1.900818825701730219e+00,2.126785520599657975e+00,9.574705198102635428e-01,1.500000000000000000e+00,0.000000000000000000e+00,0.000000000000000000e+00,5.000000000000000278e-02,-2.851228238552595329e+00,-2.888309651076613971e+00,-1.500000000000000000e+00,-0.000000000000000000e+00
2.067937998286919488e+00,6.886372659256920770e-01,6.484614898141735084e-01,1.500000000000000000e+00,0.000000000000000000e+00,0.000000000000000000e+00,5.000000000000000278e-02,-3.101906997430379231e+00,-3.151204614078541244e+00,-1.500000000000000000e+00,-0.000000000000000000e+00
-1.371882428481698390e+00,1.709217236561753062e+00,5.535812302610332303e-02,1.500000000000000000e+00,0.000000000000000000e+00,0.000000000000000000e+00,5.000000000000000278e-02,2.057823642722547586e+00,2.066107960651662800e+00,-1.500000000000000000e+00,0.000000000000000000e+00
-9.561875737457539159e-01,2.250866228437848449e+00,1.850983588103034538e-01,1.500000000000000000e+00,0.000000000000000000e+00,0.000000000000000000e+00,5.000000000000000278e-02,1.434281360618630874e+00,1.435403828048001929e+00,-1.500000000000000000e+00,0.000000000000000000e+00
-1.371316896568894217e+00,1.832294267077344330e+00,4.993660521862420820e-01,1.500000000000000000e+00,0.000000000000000000e+00,0.000000000000000000e+00,5.000000000000000278e-02,2.056975344853341436e+00,1.925790218703675505e+00,-1.500000000000000000e+00,0.000000000000000000e+00
-5.475293026676517627e-01,2.035183202279613468e+00,4.440190081630792651e-01,1.500000000000000000e+00,0.000000000000000000e+00,0.000000000000000000e+00,5.000000000000000278e-02,8.212939540014776441e-01,8.091502992959378471e-01,-1.500000000000000000e+00,0.000000000000000000e+00
-1.256645924818315718e+00,9.266182580394112245e-01,8.326189685672839014e-01,1.500000000000000000e+00,0.000000000000000000e+00,0.000000000000000000e+00,5.000000000000000278e-02,1.884968887227473466e+00,1.978234745476044720e+00,-1.500000000000000000e+00,0.000000000000000000e+00
-6.062684092007524228e-01,5.637836809412318795e-01,3.012274683147775356e-02,1.500000000000000000e+00,0.000000000000000000e+00,0.000000000000000000e+00,5.000000000000000278e-02,9.094026138011286342e-01,9.414905522396361803e-01,-1.500000000000000000e+00,0.000000000000000000e+00
7.399828424136511984e-01,2.582836887505004508e+00,1.671532508092425928e-01,1.500000000000000000e+00,0.000000000000000000e+00,0.000000000000000000e+00,5.000000000000000278e-02,-1.109974263620476798e+00,-1.212348544146495843e+00,-1.500000000000000000e+00,-0.000000000000000000e+00
5.789063257388136208e-01,1.121608174080212628e+00,4.548195055984892710e-01,1.500000000000000000e+00,0.000000000000000000e+00,0.000000000000000000e+00,5.000000000000000278e-02,-8.683594886082204312e-01,-8.974183666811925697e-01,-1.500000000000000000e+00,-0.000000000000000000e+00
1.562232647223063431e+00,8.287498519450333667e-01,1.451798832127070282e-01,1.500000000000000000e+00,0.000000000000000000e+00,0.000000000000000000e+00,5.000000000000000278e-02,-2.343348970834595146e+00,-2.300382170758809686e+00,-1.500000000000000000e+00,-0.000000000000000000e+00
2.020304885326449806e+00,3.249381805656699207e-01,1.674448008694605639e-01,1.500000000000000000e+00,0.000000000000000000e+00,0.000000000000000000e+00,5.000000000000000278e-02,-3.030457327989674710e+00,-3.228323345197781080e+00,-1.500000000000000000e+00,-0.000000000000000000e+00
-6.924723498577955993e-01,2.716666938500437833e+00,3.287932573726911611e-01,1.500000000000000000e+00,0.000000000000000000e+00,0.000000000000000000e+00,5.000000000000000278e-02,1.038708524786693399e+00,1.046864755698336147e+00,-1.500000000000000000e+00,0.000000000000000000e+00
2.410391552039060414e+00,4.359512041763156098e-01,1.153328650604422689e-01,1.500000000000000000e+00,0.000000000000000000e+00,0.000000000000000000e+00,5.000000000000000278e-02,-3.615587328058590622e+00,-3.342731811017349841e+00,-1.500000000000000000e+00,-0.000000000000000000e+00
-5.764472238485005562e-01,1.001103124554997725e+00,1.413456286092144021e-01,1.500000000000000000e+00,0.000000000000000000e+00,0.000000000000000000e+00,5.000000000000000278e-02,8.646708357727508343e-01,8.865970392438954351e-01,-1.500000000000000000e+00,0.000000000000000000e+00
-1.674601850085634114e+00,5.682827192567979635e-01,2.010545663344420753e-02,1.500000000000000000e+00,0.000000000000000000e+00,0.000000000000000000e+00,5.000000000000000278e-02,2.511902775128451282e+00,2.397197781124480453e+00,-1.500000000000000000e+00,0.000000000000000000e+00
-6.553192778853080824e-01,2.598456241712767234e+00,7.651489313459480801e-02,1.500000000000000000e+00,0.000000000000000000e+00,0.000000000000000000e+00,5.000000000000000278e-02,9.829789168279621236e-01,1.000216553674412090e+00,-1.500000000000000000e+00,0.000000000000000000e+00
-1.315561689391792521e+00,9.256157500304674768e-01,4.455383680661287871e-01,1.500000000000000000e+00,0.000000000000000000e+00,0.000000000000000000e+00,5.000000000000000278e-02,1.973342534087688893e+00,1.800800243357882913e+00,-1.500000000000000000e+00,0.000000000000000000e+00
-1.466561417519500532e+00,1.495175843184282982e+00,2.454179836189847030e-01,1.500000000000000000e+00,0.000000000000000000e+00,0.000000000000000000e+00,5.000000000000000278e-02,2.199842126279250909e+00,2.187855360645237557e+00,-1.500000000000000000e+00,0.000000000000000000e+00
-2.316699183042706167e+00,2.228784021645790148e+00,7.320033020444448590e-01,1.500000000000000000e+00,0.000000000000000000e+00,0.000000000000000000e+00,5.000000000000000278e-02,3.475048774564059251e+00,3.131181477957814430e+00,-1.500000000000000000e+00,0.000000000000000000e+00
2.280839022020448859e+00,3.597420801192251494e-01,5.871642633483069584e-01,1.500000000000000000e+00,0.000000000000000000e+00,0.000000000000000000e+00,5.000000000000000278e-02,-3.421258533030673288e+00,-3.514217441371763506e+00,-1.500000000000000000e+00,-0.000000000000000000e+00
-1.517326610340157478e+00,1.602034713034188540e+00,8.088670599723644106e-01,1.500000000000000000e+00,0.000000000000000000e+00,0.000000000000000000e+00,5.000000000000000278e-02,2.275989915510236106e+00,2.060236234493205476e+00,-1.500000000000000000e+00,0.000000000000000000e+00
2.406254394967062282e+00,2.716592247093098322e+00,6.919715670010684327e-01,1.500000000000000000e+00,0.000000000000000000e+00,0.000000000000000000e+00,5.000000000000000278e-02,-3.609381592450593423e+00,-3.740217371052563244e+00,-1.500000000000000000e+00,-0.000000000000000000e+00
2.469589569346159585e+00,2.566473368122518917e+00,8.532216832653723992e-01,1.500000000000000000e+00,0.000000000000000000e+00,0.000000000000000000e+00,5.000000000000000278e-02,-3.704384354019239378e+00,-3.784024723750672781e+00,-1.500000000000000000e+00,-0.000000000000000000e+00
2.935815931569931259e+00,2.690597048889880050e+00,2.202965837341299693e-01,1.500000000000000000e+00,0.000000000000000000e+00,0.000000000000000000e+00,5.000000000000000278e-02,-4.403723897354897332e+00,-4.184494396265200145e+00,-1.500000000000000000e+00,-0.000000000000000000e+00
-8.688531526183695952e-01,8.639358080858865474e-01,2.788337157752439621e-01,1.500000000000000000e+00,0.000000000000000000e+00,0.000000000000000000e+00,5.000000000000000278e-02,1.303279728927554393e+00,1.327128004751449097e+00,-1.500000000000000000e+00,0.000000000000000000e+00
-2.832774775448403837e+00,9.363857620121653902e-01,7.302135140940858582e-01,1.500000000000000000e+00,0.000000000000000000e+00,0.000000000000000000e+00,5.000000000000000278e-02,4.249162163172606199e+00,4.627912613039631751e+00,-1.500000000000000000e+00,0.000000000000000000e+00
1.677933218188506714e+00,3.100834069825164629e-01,4.884543462979301642e-01,1.500000000000000000e+00,0.000000000000000000e+00,0.000000000000000000e+00,5.000000000000000278e-02,-2.516899827282760072e+00,-2.357328778833907013e+00,-1.500000000000000000e+00,-0.000000000000000000e+00
1.741106440950789036e+00,2.741774145144773911e+00,1.446552572979324935e-01,1.500000000000000000e+00,0.000000000000000000e+00,0.000000000000000000e+00,5.000000000000000278e-02,-2.611659661426183554e+00,-2.602644909273509555e+00,-1.500000000000000000e+00,-0.000000000000000000e+00
2.472386506600072309e+00,4.457967089215364442e-02,9.115939614564139148e-03,1.500000000000000000e+00,0.000000000000000000e+00,0.000000000000000000e+00,5.000000000000000278e-02,-3.708579759900108463e+00,-3.588672468117751535e+00,-1.500000000000000000e+00,-0.000000000000000000e+00
1.623228056493308813e-01,2.601852001062621156e-02,2.079797426202033561e-01,1.500000000000000000e+00,0.000000000000000000e+00,0.000000000000000000e+00,5.000000000000000278e-02,-2.434842084739963219e-01,-2.920040057402192857e-01,-1.500000000000000000e+00,-0.000000000000000000e+00
2.109121849381118352e+00,3.749442983974775601e-01,7.267324326230445442e-01,1.500000000000000000e+00,0.000000000000000000e+00,0.000000000000000000e+00,5.000000000000000278e-02,-3.163682774071677528e+00,-3.161346836666758975e+00,-1.500000000000000000e+00,-0.000000000000000000e+00
-1.047691234179439101e+00,1.054587113974992052e+00,6.805889289984118351e-01,1.500000000000000000e+00,0.000000000000000000e+00,0.000000000000000000e+00,5.000000000000000278e-02,1.571536851269158763e+00,1.533483002623289737e+00,-1.500000000000000000e+00,0.000000000000000000e+00
-2.654303726416188169e+00,2.491209644855079119e+00,7.049871085893323341e-01,1.500000000000000000e+00,0.000000000000000000e+00,0.000000000000000000e+00,5.000000000000000278e-02,3.981455589624282254e+00,3.784886678775006619e+00,-1.500000000000000000e+00,0.000000000000000000e+00
-1.614978992437144045e+00,1.730963236745338030e+00,1.168196052019087050e-01,1.500000000000000000e+00,0.000000000000000000e+00,0.000000000000000000e+00,5.000000000000000278e-02,2.422468488655716179e+00,2.540760906358912941e+00,-1.500000000000000000e+00,0.000000000000000000e+00
2.228363632331052280e+00,1.774880695538137987e+00,5.479015832926352747e-01,1.500000000000000000e+00,0.000000000000000000e+00,0.000000000000000000e+00,5.000000000000000278e-02,-3.342545448496578420e+00,-3.450753285900607814e+00,-1.500000000000000000e+00,-0.000000000000000000e+00
1.504664721217208623e+00,1.571305585664962701e-01,4.903479408133648576e-02,1.500000000000000000e+00,0.000000000000000000e+00,0.000000000000000000e+00,5.000000000000000278e-02,-2.256997081825812934e+00,-2.218469369193329488e+00,-1.500000000000000000e+00,-0.000000000000000000e+00
-2.084534485816518234e+00,2.067731219778734530e+00,8.883098207787178957e-01,1.500000000000000000e+00,0.000000000000000000e+00,0.000000000000000000e+00,5.000000000000000278e-02,3.126801728724777352e+00,3.077516506991196721e+00,-1.500000000000000000e+00,0.000000000000000000e+00
-9.412380357512915019e-01,2.596480138496322976e+00,7.859974297753258288e-01,1.500000000000000000e+00,0.000000000000000000e+00,0.000000000000000000e+00,5.000000000000000278e-02,1.411857053626937253e+00,1.476497230318769338e+00,-1.500000000000000000e+00,0.000000000000000000e+00
-1.629682634812517072e-01,1.214321596825659322e-01,6.736561085045904562e-01,1.500000000000000000e+00,0.000000000000000000e+00,0.000000000000000000e+00,5.000000000000000278e-02,2.444523952218775609e-01,2.662608862678423338e-01,-1.500000000000000000e+00,0.000000000000000000e+00
2.527841673319546345e+00,2.378668654513004466e+00,1.019329068020810025e-01,1.500000000000000000e+00,0.000000000000000000e+00,0.000000000000000000e+00,5.000000000000000278e-02,-3.791762509979319518e+00,-4.084777692382225212e+00,-1.500000000000000000e+00,-0.000000000000000000e+00
1.928313635602776799e+00,1.365921597120557607e+00,3.530015111157847052e-01,1.500000000000000000e+00,0.000000000000000000e+00,0.000000000000000000e+00,5.000000000000000278e-02,-2.892470453404165198e+00,-2.843909203142617415e+00,-1.500000000000000000e+00,-0.000000000000000000e+00
-1.605131880111536402e+00,9.383060594831358348e-01,3.682430260676007316e-01,1.500000000000000000e+00,0.000000000000000000e+00,0.000000000000000000e+00,5.000000000000000278e-02,2.407697820167304492e+00,2.724863487897640546e+00,-1.500000000000000000e+00,0.000000000000000000e+00
-1.443977271225133974e+00,2.264451729837634097e+00,4.644299458954015414e-02,1.500000000000000000e+00,0.000000000000000000e+00,0.000000000000000000e+00,5.000000000000000278e-02,2.165965906837700850e+00,2.243338654998508375e+00,-1.500000000000000000e+00,0.000000000000000000e+00
2.472427250810073751e+00,4.213229914168079571e-01,3.526249600183672950e-01,1.500000000000000000e+00,0.000000000000000000e+00,0.000000000000000000e+00,5.000000000000000278e-02,-3.708640876215110627e+00,-3.503918083800989791e+00,-1.500000000000000000e+00,-0.000000000000000000e+00
1.528118363529464396e+00,1.327661835198354900e+00,7.210494865889153226e-01,1.500000000000000000e+00,0.000000000000000000e+00,0.000000000000000000e+00,5.000000000000000278e-02,-2.292177545294196594e+00,-2.226428309185089383e+00,-1.500000000000000000e+00,-0.000000000000000000e+00
1.517788069521187388e+00,1.941438434364516352e+00,4.518887755305400766e-01,1.500000000000000000e+00,0.000000000000000000e+00,0.000000000000000000e+00,5.000000000000000278e-02,-2.276682104281781083e+00,-2.098025903508503376e+00,-1.500000000000000000e+00,-0.000000000000000000e+00
-6.570875143165162413e-01,1.428373178616932693e+00,9.848730239722675028e-01,1.500000000000000000e+00,0.000000000000000000e+00,0.000000000000000000e+00,5.000000000000000278e-02,9.856312714747743620e-01,9.585549097576080424e-01,-1.500000000000000000e+00,0.000000000000000000e+00
2.424740354940909448e+00,1.415040287500836769e+00,6.620196959353933375e-01,1.500000000000000000e+00,0.000000000000000000e+00,0.000000000000000000e+00,5.000000000000000278e-02,-3.637110532411364172e+00,-3.752350491518174458e+00,-1.500000000000000000e+00,-0.000000000000000000e+00
-1.905257373543027821e+00,1.261053813998636253e+00,6.097100676987339263e-01,1.500000000000000000e+00,0.000000000000000000e+00,0.000000000000000000e+00,5.000000000000000278e-02,2.857886060314541510e+00,2.798145003588197621e+00,-1.500000000000000000e+00,0.000000000000000000e+00
-2.808173117992025958e+00,8.929074440788912215e-01,2.041956380095826251e-01,1.500000000000000000e+00,0.000000000000000000e+00,0.000000000000000000e+00,5.000000000000000278e-02,4.212259676988038493e+00,3.927849019517191564e+00,-1.500000000000000000e+00,0.000000000000000000e+00
2.623885676640096420e+00,2.722727989978220187e+00,7.280174758526001266e-01,1.500000000000000000e+00,0.000000000000000000e+00,0.000000000000000000e+00,5.000000000000000278e-02,-3.935828514960144631e+00,-4.125623171348200557e+00,-1.500000000000000000e+00,-0.000000000000000000e+00
-2.304443807564780400e+00,4.734444942560913638e-01,6.020437867979104851e-01,1.500000000000000000e+00,0.000000000000000000e+00,0.000000000000000000e+00,5.000000000000000278e-02,3.456665711347170600e+00,3.653884085609076848e+00,-1.500000000000000000e+00,0.000000000000000000e+00
-2.917350873326472360e+00,2.448949705131746146e+00,5.365167489983971860e-01,1.500000000000000000e+00,0.000000000000000000e+00,0.000000000000000000e+00,5.000000000000000278e-02,4.376026309989708096e+00,4.233617556045410346e+00,-1.500000000000000000e+00,0.000000000000000000e+00
1.902239079619916673e+00,7.974982216847530392e-01,9.712483434796964632e-01,1.500000000000000000e+00,0.000000000000000000e+00,0.000000000000000000e+00,5.000000000000000278e-02,-2.853358619429875009e+00,-2.951954164932475866e+00,-1.500000000000000000e+00,-0.000000000000000000e+00
-1.474520902905114283e-01,2.043112210504912651e-01,5.493383003590537328e-01,1.500000000000000000e+00,0.000000000000000000e+00,0.000000000000000000e+00,5.000000000000000278e-02,2.211781354357671425e-01,2.846926859543551513e-01,-1.500000000000000000e+00,0.000000000000000000e+00
2.564274704185996789e+00,2.354462362278721965e+00,9.159341669860905366e-01,1.500000000000000000e+00,0.000000000000000000e+00,0.000000000000000000e+00,5.000000000000000278e-02,-3.846412056278995184e+00,-3.740748744767932621e+00,-1.500000000000000000e+00,-0.000000000000000000e+00
-1.662306941180835551e-01,1.510062778805727035e+00,1.288310331468542902e-01,1.500000000000000000e+00,0.000000000000000000e+00,0.000000000000000000e+00,5.000000000000000278e-02,2.493460411771253327e-01,2.252872023196887397e-01,-1.500000000000000000e+00,0.000000000000000000e+00
8.040509006071232534e-01,2.009868959500493713e+00,2.963285547578965451e-01,1.500000000000000000e+00,0.000000000000000000e+00,0.000000000000000000e+00,5.000000000000000278e-02,-1.206076350910684880e+00,-1.245697114553303564e+00,-1.500000000000000000e+00,-0.000000000000000000e+00
-2.916850441220550927e-01,1.466505757157990253e+00,6.369740701851981379e-01,1.500000000000000000e+00,0.000000000000000000e+00,0.000000000000000000e+00,5.000000000000000278e-02,4.375275661830826390e-01,4.273463541863620763e-01,-1.500000000000000000e+00,0.000000000000000000e+00
1.838209380601751874e-01,2.465665049379844653e+00,7.020796866046119522e-01,1.500000000000000000e+00,0.000000000000000000e+00,0.000000000000000000e+00,5.000000000000000278e-02,-2.757314070902627812e-01,-2.711141358857536710e-01,-1.500000000000000000e+00,-0.000000000000000000e+00
-1.455194721641204225e+00,2.596004142404273463e+00,8.792394716221182405e-01,1.500000000000000000e+00,0.000000000000000000e+00,0.000000000000000000e+00,5.000000000000000278e-02,2.182792082461806338e+00,2.297903780765168325e+00,-1.500000000000000000e+00,0.000000000000000000e+00
-2.452580429325867062e+00,1.352164228281249825e+00,6.760048389510167066e-01,1.500000000000000000e+00,0.000000000000000000e+00,0.000000000000000000e+00,5.000000000000000278e-02,3.678870643988800815e+00,3.749848551111925055e+00,-1.500000000000000000e+00,0.000000000000000000e+00
-7.801073413631076647e-02,2.523043471951971650e+00,3.122542384885207412e-02,1.500000000000000000e+00,0.000000000000000000e+00,0.000000000000000000e+00,5.000000000000000278e-02,1.170161012044661497e-01,7.325667789883891223e-02,-1.500000000000000000e+00,0.000000000000000000e+00
-1.753782950274067609e-01,2.510591501526564517e+00,8.453743201148108399e-01,1.500000000000000000e+00,0.000000000000000000e+00,0.000000000000000000e+00,5.000000000000000278e-02,2.630674425411101414e-01,2.548278830897496849e-01,-1.500000000000000000e+00,0.000000000000000000e+00
8.118329824782506421e-01,1.576299106203305600e+00,9.153630024621568495e-01,1.500000000000000000e+00,0.000000000000000000e+00,0.000000000000000000e+00,5.000000000000000278e-02,-1.217749473717375963e+00,-1.298564558079702724e+00,-1.500000000000000000e+00,-0.000000000000000000e+00
-2.374607181206037865e+00,2.845341605925384876e+00,6.189826433327582089e-01,1.500000000000000000e+00,0.000000000000000000e+00,0.000000000000000000e+00,5.000000000000000278e-02,3.561910771809056797e+00,3.466179926936284517e+00,-1.500000000000000000e+00,0.000000000000000000e+00
-1.353460792010257929e+00,1.642434709521078950e-01,5.562757952224033353e-01,1.500000000000000000e+00,0.000000000000000000e+00,0.000000000000000000e+00,5.000000000000000278e-02,2.030191188015386672e+00,2.197813030137224288e+00,-1.500000000000000000e+00,0.000000000000000000e+00
-2.357684237924130954e+00,1.431467498226565604e+00,4.271889430662066944e-01,1.500000000000000000e+00,0.000000000000000000e+00,0.000000000000000000e+00,5.000000000000000278e-02,3.536526356886196432e+00,3.306746332067032057e+00,-1.500000000000000000e+00,0.000000000000000000e+00
-2.919591717585349411e+00,1.571985594020962385e+00,1.938572174795981651e-01,1.500000000000000000e+00,0.000000000000000000e+00,0.000000000000000000e+00,5.000000000000000278e-02,4.379387576378023894e+00,4.275448864762972256e+00,-1.500000000000000000e+00,0.000000000000000000e+00
-1.432399789849309268e+00,4.919880046395608275e-01,6.430804931355526000e-01,1.500000000000000000e+00,0.000000000000000000e+00,0.000000000000000000e+00,5.000000000000000278e-02,2.148599684773963681e+00,2.238114863711971658e+00,-1.500000000000000000e+00,0.000000000000000000e+00
-2.295000992103517490e+00,3.057901678849981320e-01,9.424248481341355177e-01,1.500000000000000000e+00,0.000000000000000000e+00,0.000000000000000000e+00,5.000000000000000278e-02,3.442501488155276235e+00,3.480911696979573478e+00,-1.500000000000000000e+00,0.000000000000000000e+00
-1.806084639815870974e+00,1.814407511526291650e+00,3.563223878612169493e-01,1.500000000000000000e+00,0.000000000000000000e+00,0.000000000000000000e+00,5.000000000000000278e-02,2.709126959723806571e+00,2.672975919274640066e+00,-1.500000000000000000e+00,0.000000000000000000e+00
3.814509166527084716e-01,7.945601778402100468e-02,7.046601684881670380e-01,1.500000000000000000e+00,0.000000000000000000e+00,0.000000000000000000e+00,5.000000000000000278e-02,-5.721763749790627074e-01,-6.085620242365568089e-01,-1.500000000000000000e+00,-0.000000000000000000e+00
2.003282033184738964e-01,2.768188956634180631e+00,5.641884780226380514e-02,1.500000000000000000e+00,0.000000000000000000e+00,0.000000000000000000e+00,5.000000000000000278e-02,-3.004923049777108446e-01,-3.411230622405813651e-01,-1.500000000000000000e+00,-0.000000000000000000e+00
-1.286837242158270778e+00,2.997771802575695421e+00,9.972742546564183908e-02,1.500000000000000000e+00,0.000000000000000000e+00,0.000000000000000000e+00,5.000000000000000278e-02,1.930255863237406277e+00,1.998639343626315679e+00,-1.500000000000000000e+00,0.000000000000000000e+00
-2.839487056882044946e+00,3.522521737151900201e-01,7.489261001333480383e-02,1.500000000000000000e+00,0.000000000000000000e+00,0.000000000000000000e+00,5.000000000000000278e-02,4.259230585323066975e+00,4.237155185164917626e+00,-1.500000000000000000e+00,0.000000000000000000e+00
2.601838022588964350e+00,5.008559482648011763e-01,5.033330071239766612e-01,1.500000000000000000e+00,0.000000000000000000e+00,0.000000000000000000e+00,5.000000000000000278e-02,-3.902757033883446525e+00,-3.838379109731097749e+00,-1.500000000000000000e+00,-0.000000000000000000e+00
2.907928477129948952e+00,2.517098240545396326e+00,2.051833133934596320e-01,1.500000000000000000e+00,0.000000000000000000e+00,0.000000000000000000e+00,5.000000000000000278e-02,-4.361892715694922984e+00,-4.217749948686246420e+00,-1.500000000000000000e+00,-0.000000000000000000e+00
-9.329912528761612478e-01,2.583335057434526405e+00,1.728492550736164812e-01,1.500000000000000000e+00,0.000000000000000000e+00,0.000000000000000000e+00,5.000000000000000278e-02,1.399486879314241872e+00,1.299643793649085222e+00,-1.500000000000000000e+00,0.000000000000000000e+00
6.699632267870585522e-01,1.837345394802774479e+00,4.400981145197632172e-01,1.500000000000000000e+00,0.000000000000000000e+00,0.000000000000000000e+00,5.000000000000000278e-02,-1.004944840180587828e+00,-1.090490185918011834e+00,-1.500000000000000000e+00,-0.000000000000000000e+00
-2.147306906795117154e+00,1.718409075427610233e+00,3.687966155203682428e-01,1.500000000000000000e+00,0.000000000000000000e+00,0.000000000000000000e+00,5.000000000000000278e-02,3.220960360192675509e+00,3.289510001531728012e+00,-1.500000000000000000e+00,0.000000000000000000e+00
8.917425458140391115e-01,2.359677335323932645e+00,5.757605370771164965e-01,1.500000000000000000e+00,0.000000000000000000e+00,0.000000000000000000e+00,5.000000000000000278e-02,-1.337613818721058667e+00,-1.274117706650694348e+00,-1.500000000000000000e+00,-0.000000000000000000e+00
-1.817529980452077920e+00,1.005081444189607431e+00,3.606390584317198389e-01,1.500000000000000000e+00,0.000000000000000000e+00,0.000000000000000000e+00,5.000000000000000278e-02,2.726294970678116769e+00,2.727161938715944700e+00,-1.500000000000000000e+00,0.000000000000000000e+00
1.381511199877003548e-01,2.211552706487891928e+00,7.318243514833921992e-02,1.500000000000000000e+00,0.000000000000000000e+00,0.000000000000000000e+00,5.000000000000000278e-02,-2.072266799815505323e-01,-1.677465115757547087e-01,-1.500000000000000000e+00,-0.000000000000000000e+00
2.662204894721675430e+00,6.339553075561007445e-01,7.591783515955684569e-01,1.500000000000000000e+00,0.000000000000000000e+00,0.000000000000000000e+00,5.000000000000000278e-02,-3.993307342082513145e+00,-4.293017298308551055e+00,-1.500000000000000000e+00,-0.000000000000000000e+00
1.570321355397041430e+00,1.331380766420464878e+00,1.561648128142045788e-01,1.500000000000000000e+00,0.000000000000000000e+00,0.000000000000000000e+00,5.000000000000000278e-02,-2.355482033095562144e+00,-2.392618118089745227e+00,-1.500000000000000000e+00,-0.000000000000000000e+00
-1.286306641025549036e+00,2.683946694101457808e+00,9.088787150813151250e-01,1.500000000000000000e+00,0.000000000000000000e+00,0.000000000000000000e+00,5.000000000000000278e-02,1.929459961538323665e+00,1.880034093349606472e+00,-1.500000000000000000e+00,0.000000000000000000e+00
2.215910028288899269e+00,1.183978147424588290e+00,3.648645311458819096e-01,1.500000000000000000e+00,0.000000000000000000e+00,0.000000000000000000e+00,5.000000000000000278e-02,-3.323865042433348904e+00,-3.410599994926095668e+00,-1.500000000000000000e+00,-0.000000000000000000e+00
-1.238177137022467678e+00,1.616479112444639155e+00,6.993661651708309446e-01,1.500000000000000000e+00,0.000000000000000000e+00,0.000000000000000000e+00,5.000000000000000278e-02,1.857265705533701627e+00,1.902024910468584906e+00,-1.500000000000000000e+00,0.000000000000000000e+00
1.137049397336383549e+00,1.178883913288723662e+00,5.732189086348133955e-01,1.500000000000000000e+00,0.000000000000000000e+00,0.000000000000000000e+00,5.000000000000000278e-02,-1.705574096004575324e+00,-1.928445630050897197e+00,-1.500000000000000000e+00,-0.000000000000000000e+00
-1.528154531806809713e+00,1.039189778090114258e+00,8.344342657446135458e-02,1.500000000000000000e+00,0.000000000000000000e+00,0.000000000000000000e+00,5.000000000000000278e-02,2.292231797710214458e+00,2.234826717322198508e+00,-1.500000000000000000e+00,0.000000000000000000e+00
2.228096353194215951e+00,8.809351684132404881e-02,6.647661668360268505e-01,1.500000000000000000e+00,0.000000000000000000e+00,0.000000000000000000e+00,5.000000000000000278e-02,-3.342144529791323926e+00,-3.174032157958397882e+00,-1.500000000000000000e+00,-0.000000000000000000e+00
-2.179026130728880517e+00,2.245446118651272638e+00,7.494860580807076733e-01,1.500000000000000000e+00,0.000000000000000000e+00,0.000000000000000000e+00,5.000000000000000278e-02,3.268539196093320776e+00,3.209964272951845832e+00,-1.500000000000000000e+00,0.000000000000000000e+00
-1.725011866998577004e+00,2.763040092226167754e+00,6.345230448883917296e-01,1.500000000000000000e+00,0.000000000000000000e+00,0.000000000000000000e+00,5.000000000000000278e-02,2.587517800497865395e+00,2.443293644286181454e+00,-1.500000000000000000e+00,0.000000000000000000e+00
8.670477996669934129e-01,2.587095534813986575e+00,8.608035268772615822e-01,1.500000000000000000e+00,0.000000000000000000e+00,0.000000000000000000e+00,5.000000000000000278e-02,-1.300571699500490119e+00,-1.281250411869649719e+00,-1.500000000000000000e+00,-0.000000000000000000e+00
-2.741099911932129096e+00,1.180363029867573132e+00,8.938747467201231256e-01,1.500000000000000000e+00,0.000000000000000000e+00,0.000000000000000000e+00,5.000000000000000278e-02,4.111649867898194088e+00,3.838699681858523505e+00,-1.500000000000000000e+00,0.000000000000000000e+00
1.460948981851475814e+00,7.437463256391960709e-01,9.202766545072748050e-01,1.500000000000000000e+00,0.000000000000000000e+00,0.000000000000000000e+00,5.000000000000000278e-02,-2.191423472777213721e+00,-2.100914034535050767e+00,-1.500000000000000000e+00,-0.000000000000000000e+00
-1.020803274880105915e+00,2.147842119850539078e+00,2.886560271095791608e-01,1.500000000000000000e+00,0.000000000000000000e+00,0.000000000000000000e+00,5.000000000000000278e-02,1.531204912320158762e+00,1.473602584766048773e+00,-1.500000000000000000e+00,0.000000000000000000e+00
2.077537714615916187e+00,1.489162135337557480e+00,5.096260139504542597e-01,1.500000000000000000e+00,0.000000000000000000e+00,0.000000000000000000e+00,5.000000000000000278e-02,-3.116306571923874280e+00,-2.909525679402900966e+00,-1.500000000000000000e+00,-0.000000000000000000e+00
-1.294884428657856246e+00,1.741621462806124843e+00,9.797467081129993538e-01,1.500000000000000000e+00,0.000000000000000000e+00,0.000000000000000000e+00,5.000000000000000278e-02,1.942326642986784258e+00,1.973621261324488563e+00,-1.500000000000000000e+00,0.000000000000000000e+00
8.476658895915361036e-01,1.335564641206045344e+00,7.697017565762969138e-01,1.500000000000000000e+00,0.000000000000000000e+00,0.000000000000000000e+00,5.000000000000000278e-02,-1.271498834387304155e+00,-1.348855611146314804e+00,-1.500000000000000000e+00,-0.000000000000000000e+00
1.293730326211837145e-01,2.393523256725838877e+00,4.244389089461424458e-01,1.500000000000000000e+00,0.000000000000000000e+00,0.000000000000000000e+00,5.000000000000000278e-02,-1.940595489317755717e-01,-2.019453126547409716e-01,-1.500000000000000000e+00,-0.000000000000000000e+00
1.874566113304990012e+00,1.587293960863280784e+00,7.907072265312433679e-01,1.500000000000000000e+00,0.000000000000000000e+00,0.000000000000000000e+00,5.000000000000000278e-02,-2.811849169957485017e+00,-2.832235707453926832e+00,-1.500000000000000000e+00,-0.000000000000000000e+00
-1.284392505663586315e+00,2.932953591500969681e-01,4.806077719521706371e-01,1.500000000000000000e+00,0.000000000000000000e+00,0.000000000000000000e+00,5.000000000000000278e-02,1.926588758495379583e+00,1.979664649466648996e+00,-1.500000000000000000e+00,0.000000000000000000e+00
-2.803133233306800864e+00,1.329108520688304207e+00,7.485983477542440534e-01,1.500000000000000000e+00,0.000000000000000000e+00,0.000000000000000000e+00,5.000000000000000278e-02,4.204699849960201519e+00,3.910164891959315270e+00,-1.500000000000000000e+00,0.000000000000000000e+00
2.478992188162726151e+00,1.928543755010304839e+00,7.859722318905970617e-01,1.500000000000000000e+00,0.000000000000000000e+00,0.000000000000000000e+00,5.000000000000000278e-02,-3.718488282244089227e+00,-3.562597809928929049e+00,-1.500000000000000000e+00,-0.000000000000000000e+00
-1.350434674401414625e+00,2.776111876482155516e+00,7.176503240141512974e-01,1.500000000000000000e+00,0.000000000000000000e+00,0.000000000000000000e+00,5.000000000000000278e-02,2.025652011602121938e+00,1.928439925593386617e+00,-1.500000000000000000e+00,0.000000000000000000e+00
2.101210413341609851e+00,9.639183443035889143e-01,3.031132226906980698e-01,1.500000000000000000e+00,0.000000000000000000e+00,0.000000000000000000e+00,5.000000000000000278e-02,-3.151815620012414776e+00,-3.440278689474861817e+00,-1.500000000000000000e+00,-0.000000000000000000e+00
-9.559914146264434365e-01,1.979741320037613939e+00,3.582720583587575280e-01,1.500000000000000000e+00,0.000000000000000000e+00,0.000000000000000000e+00,5.000000000000000278e-02,1.433987121939665155e+00,1.417084137496340768e+00,-1.500000000000000000e+00,0.000000000000000000e+00
-1.063468678539236434e+00,1.041416846482805525e+00,5.030745093080312147e-01,1.500000000000000000e+00,0.000000000000000000e+00,0.000000000000000000e+00,5.000000000000000278e-02,1.595203017808854540e+00,1.532150714503271116e+00,-1.500000000000000000e+00,0.000000000000000000e+00
-1.347249209628706090e+00,1.426578141777667286e+00,8.998095264597546494e-01,1.500000000000000000e+00,0.000000000000000000e+00,0.000000000000000000e+00,5.000000000000000278e-02,2.020873814443059135e+00,2.023994679527056917e+00,-1.500000000000000000e+00,0.000000000000000000e+00
1.706032663958150231e+00,2.756525577326963017e+00,6.915396584510858924e-01,1.500000000000000000e+00,0.000000000000000000e+00,0.000000000000000000e+00,5.000000000000000278e-02,-2.559048995937225346e+00,-2.366835940039280661e+00,-1.500000000000000000e+00,-0.000000000000000000e+00
-2.032821444911458997e+00,1.568301103679005326e+00,9.525684091788119146e-01,1.500000000000000000e+00,0.000000000000000000e+00,0.000000000000000000e+00,5.000000000000000278e-02,3.049232167367188495e+00,3.025707275820502140e+00,-1.500000000000000000e+00,0.000000000000000000e+00
1.093046364600986031e+00,9.837586162453177963e-01,2.901893770693109165e-02,1.500000000000000000e+00,0.000000000000000000e+00,0.000000000000000000e+00,5.000000000000000278e-02,-1.639569546901479047e+00,-1.505815073902100787e+00,-1.500000000000000000e+00,-0.000000000000000000e+00
-1.107855753668447463e-01,1.262534177104724709e+00,8.593492418371558861e-01,1.500000000000000000e+00,0.000000000000000000e+00,0.000000000000000000e+00,5.000000000000000278e-02,1.661783630502671194e-01,2.656701593895328117e-01,-1.500000000000000000e+00,0.000000000000000000e+00
2.737390665956507263e-01,1.360383644941132841e+00,2.582558338781759666e-02,1.500000000000000000e+00,0.000000000000000000e+00,0.000000000000000000e+00,5.000000000000000278e-02,-4.106085998934760894e-01,-3.127911303847418223e-01,-1.500000000000000000e+00,-0.000000000000000000e+00
2.098800997703770044e+00,1.735442572187981591e+00,6.489502069944922402e-01,1.500000000000000000e+00,0.000000000000000000e+00,0.000000000000000000e+00,5.000000000000000278e-02,-3.148201496555655066e+00,-3.114953797696351501e+00,-1.500000000000000000e+00,-0.000000000000000000e+00
-2.928757650698482706e+00,2.861290207111298223e+00,7.655011010896878298e-01,1.500000000000000000e+00,0.000000000000000000e+00,0.000000000000000000e+00,5.000000000000000278e-02,4.393136476047724059e+00,4.682520679533050512e+00,-1.500000000000000000e+00,0.000000000000000000e+00
1.081025076418364428e+00,2.633475469816897174e+00,8.144786649951645252e-01,1.500000000000000000e+00,0.000000000000000000e+00,0.000000000000000000e+00,5.000000000000000278e-02,-1.621537614627546642e+00,-1.515550563632266590e+00,-1.500000000000000000e+00,-0.000000000000000000e+00
5.631252598895293282e-01,3.738130800758205918e-01,9.683290522763935426e-01,1.500000000000000000e+00,0.000000000000000000e+00,0.000000000000000000e+00,5.000000000000000278e-02,-8.446878898342939923e-01,-7.813222135784907429e-01,-1.500000000000000000e+00,-0.000000000000000000e+00
-1.467524251291721704e+00,1.715402993900769557e+00,3.437342681991372162e-01,1.500000000000000000e+00,0.000000000000000000e+00,0.000000000000000000e+00,5.000000000000000278e-02,2.201286376937582556e+00,2.200542019788881198e+00,-1.500000000000000000e+00,0.000000000000000000e+00
-2.919886953158290499e+00,2.874326675901882400e+00,7.176762997882757400e-02,1.500000000000000000e+00,0.000000000000000000e+00,0.000000000000000000e+00,5.000000000000000278e-02,4.379830429737435971e+00,4.665326437941423876e+00,-1.500000000000000000e+00,0.000000000000000000e+00
2.398284820810487439e+00,2.254696982594387666e+00,3.900306618111734069e-01,1.500000000000000000e+00,0.000000000000000000e+00,0.000000000000000000e+00,5.000000000000000278e-02,-3.597427231215731158e+00,-3.418861007423402043e+00,-1.500000000000000000e+00,-0.000000000000000000e+00
5.756245942661317727e-01,8.672785448409403575e-02,5.128318204576309824e-01,1.500000000000000000e+00,0.000000000000000000e+00,0.000000000000000000e+00,5.000000000000000278e-02,-8.634368913991976591e-01,-8.487300545498104309e-01,-1.500000000000000000e+00,-0.000000000000000000e+00
2.982511932291711965e+00,3.184860216068948757e-01,4.365618293351847257e-02,1.500000000000000000e+00,0.000000000000000000e+00,0.000000000000000000e+00,5.000000000000000278e-02,-4.473767898437568391e+00,-4.670552083499125651e+00,-1.500000000000000000e+00,-0.000000000000000000e+00
4.895237541316834751e-01,1.894984896221519888e+00,9.116600787179933718e-01,1.500000000000000000e+00,0.000000000000000000e+00,0.000000000000000000e+00,5.000000000000000278e-02,-7.342856311975252126e-01,-7.025981878453195772e-01,-1.500000000000000000e+00,-0.000000000000000000e+00
-6.031147470380102682e-01,2.722352206606462932e+00,8.789217054985306588e-01,1.500000000000000000e+00,0.000000000000000000e+00,0.000000000000000000e+00,5.000000000000000278e-02,9.046721205570154023e-01,9.271510977192737313e-01,-1.500000000000000000e+00,0.000000000000000000e+00
7.796462689231589138e-01,2.467186995323009668e+00,3.789268672711277874e-01,1.500000000000000000e+00,0.000000000000000000e+00,0.000000000000000000e+00,5.000000000000000278e-02,-1.169469403384738371e+00,-1.250134468611443506e+00,-1.500000000000000000e+00,-0.000000000000000000e+00
2.749539531407482862e+00,2.269616087980193875e+00,4.613597279092508385e-01,1.500000000000000000e+00,0.000000000000000000e+00,0.000000000000000000e+00,5.000000000000000278e-02,-4.124309297111224737e+00,-4.356730630401227877e+00,-1.500000000000000000e+00,-0.000000000000000000e+00
-1.803832892176840064e+00,2.284568541896008220e+00,5.653941434276690270e-01,1.500000000000000000e+00,0.000000000000000000e+00,0.000000000000000000e+00,5.000000000000000278e-02,2.705749338265260207e+00,2.869952453779168078e+00,-1.500000000000000000e+00,0.000000000000000000e+00
2.896946176575510457e+00,1.317733889409543391e+00,5.177874602501523205e-01,1.500000000000000000e+00,0.000000000000000000e+00,0.000000000000000000e+00,5.000000000000000278e-02,-4.345419264863265241e+00,-4.394798221286923656e+00,-1.500000000000000000e+00,-0.000000000000000000e+00
-9.663957237263836042e-01,1.246719534171976562e+00,9.263467769563304977e-01,1.500000000000000000e+00,0.000000000000000000e+00,0.000000000000000000e+00,5.000000000000000278e-02,1.449593585589575406e+00,1.506852436172898768e+00,-1.500000000000000000e+00,0.000000000000000000e+00
-1.313301016805423771e-01,1.044337146283692341e+00,5.441481641393677293e-01,1.500000000000000000e+00,0.000000000000000000e+00,0.000000000000000000e+00,5.000000000000000278e-02,1.969951525208135656e-01,1.820235699501546733e-01,-1.500000000000000000e+00,0.000000000000000000e+00
2.838806352121800991e-01,2.881226051928997389e+00,5.423428181758749300e-02,1.500000000000000000e+00,0.000000000000000000e+00,0.000000000000000000e+00,5.000000000000000278e-02,-4.258209528182701487e-01,-4.898829957435789639e-01,-1.500000000000000000e+00,-0.000000000000000000e+00
-2.224899483306015391e+00,8.800380182086572356e-01,2.256466935975360855e-01,1.500000000000000000e+00,0.000000000000000000e+00,0.000000000000000000e+00,5.000000000000000278e-02,3.337349224959023086e+00,3.224385320637971564e+00,-1.500000000000000000e+00,0.000000000000000000e+00
-1.489496809219181594e+00,3.193811887623595469e-01,3.279891671221712990e-01,1.500000000000000000e+00,0.000000000000000000e+00,0.000000000000000000e+00,5.000000000000000278e-02,2.234245213828772503e+00,1.979569903695800770e+00,-1.500000000000000000e+00,0.000000000000000000e+00
-9.799056152404270748e-01,1.884264912528336833e+00,3.652489968531089648e-01,1.500000000000000000e+00,0.000000000000000000e+00,0.000000000000000000e+00,5.000000000000000278e-02,1.469858422860640612e+00,1.507664179826443629e+00,-1.500000000000000000e+00,0.000000000000000000e+00
-1.171357310570242394e+00,2.830795647183580233e+00,6.282292822113384467e-01,1.500000000000000000e+00,0.000000000000000000e+00,0.000000000000000000e+00,5.000000000000000278e-02,1.757035965855363591e+00,1.632390071123251740e+00,-1.500000000000000000e+00,0.000000000000000000e+00
-2.820086750260737407e+00,1.517058704976635308e+00,3.703004033257859540e-01,1.500000000000000000e+00,0.000000000000000000e+00,0.000000000000000000e+00,5.000000000000000278e-02,4.230130125391106333e+00,4.675654764070272584e+00,-1.500000000000000000e+00,0.000000000000000000e+00
1.452339984847364818e+00,1.720662228199389965e+00,1.671382726100770766e-01,1.500000000000000000e+00,0.000000000000000000e+00,0.000000000000000000e+00,5.000000000000000278e-02,-2.178509977271047227e+00,-2.268155702396798645e+00,-1.500000000000000000e+00,-0.000000000000000000e+00
2.278621543671515148e+00,1.805946154874571885e+00,6.338795454179636524e-01,1.500000000000000000e+00,0.000000000000000000e+00,0.000000000000000000e+00,5.000000000000000278e-02,-3.417932315507272722e+00,-3.387569291287200635e+00,-1.500000000000000000e+00,-0.000000000000000000e+00
-1.327229553230854897e+00,2.003718128929733222e+00,1.361425020550478537e-01,1.500000000000000000e+00,0.000000000000000000e+00,0.000000000000000000e+00,5.000000000000000278e-02,1.990844329846282346e+00,1.888219562913758365e+00,-1.500000000000000000e+00,0.000000000000000000e+00
-2.904193694131873560e+00,6.053636124383641182e-01,5.746629654242386698e-01,1.500000000000000000e+00,0.000000000000000000e+00,0.000000000000000000e+00,5.000000000000000278e-02,4.356290541197810562e+00,4.032052510662722078e+00,-1.500000000000000000e+00,0.000000000000000000e+00
6.547625641011158848e-01,1.402060296565122988e-01,3.147115501148278760e-01,1.500000000000000000e+00,0.000000000000000000e+00,0.000000000000000000e+00,5.000000000000000278e-02,-9.821438461516738272e-01,-9.855224515567059251e-01,-1.500000000000000000e+00,-0.000000000000000000e+00
-1.894534565399363935e-01,1.391877602250481072e+00,9.014276363822526505e-01,1.500000000000000000e+00,0.000000000000000000e+00,0.000000000000000000e+00,5.000000000000000278e-02,2.841801848099045902e-01,2.482929840467486826e-01,-1.500000000000000000e+00,0.000000000000000000e+00
-2.314334674836268313e+00,4.176386864916148411e-01,9.245654484723111466e-01,1.500000000000000000e+00,0.000000000000000000e+00,0.000000000000000000e+00,5.000000000000000278e-02,3.471502012254402469e+00,3.873095461597699796e+00,-1.500000000000000000e+00,0.000000000000000000e+00
2.337664486987840462e+00,1.751755291656950542e+00,3.748812612887602036e-01,1.500000000000000000e+00,0.000000000000000000e+00,0.000000000000000000e+00,5.000000000000000278e-02,-3.506496730481760693e+00,-3.554059465159481235e+00,-1.500000000000000000e+00,-0.000000000000000000e+00
6.597940800132686689e-01,2.368417103926207190e+00,1.893326628962573865e-01,1.500000000000000000e+00,0.000000000000000000e+00,0.000000000000000000e+00,5.000000000000000278e-02,-9.896911200199030034e-01,-1.108675679263173119e+00,-1.500000000000000000e+00,-0.000000000000000000e+00
1.814263329295789262e+00,1.692967490666636543e+00,7.896542751225781309e-01,1.500000000000000000e+00,0.000000000000000000e+00,0.000000000000000000e+00,5.000000000000000278e-02,-2.721394993943683893e+00,-2.721452185906929611e+00,-1.500000000000000000e+00,-0.000000000000000000e+00
-2.339986967228630643e+00,4.510118617377473216e-01,9.562782111812923036e-01,1.500000000000000000e+00,0.000000000000000000e+00,0.000000000000000000e+00,5.000000000000000278e-02,3.509980450842945743e+00,3.352716819967780815e+00,-1.500000000000000000e+00,0.000000000000000000e+00
-4.682202064948977061e-01,6.521886310717173174e-01,7.301166872567433908e-01,1.500000000000000000e+00,0.000000000000000000e+00,0.000000000000000000e+00,5.000000000000000278e-02,7.023303097423465591e-01,6.770219149177547635e-01,-1.500000000000000000e+00,0.000000000000000000e+00
8.127450141176204568e-01,7.721809174029190537e-01,8.963915462066815998e-01,1.500000000000000000e+00,0.000000000000000000e+00,0.000000000000000000e+00,5.000000000000000278e-02,-1.219117521176430685e+00,-1.268349518529228614e+00,-1.500000000000000000e+00,-0.000000000000000000e+00
-4.881660665001499311e-01,2.609795227415631302e+00,5.322540592246656210e-01,1.500000000000000000e+00,0.000000000000000000e+00,0.000000000000000000e+00,5.000000000000000278e-02,7.322490997502248966e-01,6.835305423011081016e-01,-1.500000000000000000e+00,0.000000000000000000e+00
1.939964582855036035e+00,2.045659888811075078e+00,9.235809003100995396e-01,1.500000000000000000e+00,0.000000000000000000e+00,0.000000000000000000e+00,5.000000000000000278e-02,-2.909946874282554052e+00,-3.154107352352755633e+00,-1.500000000000000000e+00,-0.000000000000000000e+00
2.630826962348905340e+00,4.160482308005059027e-01,9.408802689676248887e-01,1.500000000000000000e+00,0.000000000000000000e+00,0.000000000000000000e+00,5.000000000000000278e-02,-3.946240443523358010e+00,-3.904953538499929433e+00,-1.500000000000000000e+00,-0.000000000000000000e+00
1.672709365744683652e+00,2.022056114502515101e-01,3.778119521338739739e-01,1.500000000000000000e+00,0.000000000000000000e+00,0.000000000000000000e+00,5.000000000000000278e-02,-2.509064048617025477e+00,-2.509942244574755232e+00,-1.500000000000000000e+00,-0.000000000000000000e+00
-8.004489908185483671e-01,2.437397144508539171e+00,9.160804577996151110e-02,1.500000000000000000e+00,0.000000000000000000e+00,0.000000000000000000e+00,5.000000000000000278e-02,1.200673486227822551e+00,1.195581040967159003e+00,-1.500000000000000000e+00,0.000000000000000000e+00
-6.202369485775980351e-01,1.706400353944174553e+00,1.713508895632626094e-01,1.500000000000000000e+00,0.000000000000000000e+00,0.000000000000000000e+00,5.000000000000000278e-02,9.303554228663970527e-01,9.121206580012205523e-01,-1.500000000000000000e+00,0.000000000000000000e+00
2.514022735855183655e-01,4.315807672782948634e-01,3.419710192879581445e-01,1.500000000000000000e+00,0.000000000000000000e+00,0.000000000000000000e+00,5.000000000000000278e-02,-3.771034103782775482e-01,-2.980843862517184029e-01,-1.500000000000000000e+00,-0.000000000000000000e+00
-2.188446259408528327e+00,1.295897910096910799e+00,7.613753019256086496e-01,1.500000000000000000e+00,0.000000000000000000e+00,0.000000000000000000e+00,5.000000000000000278e-02,3.282669389112792491e+00,3.163976337054887455e+00,-1.500000000000000000e+00,0.000000000000000000e+00
6.856965302201936119e-01,4.909169016254267826e-01,7.482400769484583991e-01,1.500000000000000000e+00,0.000000000000000000e+00,0.000000000000000000e+00,5.000000000000000278e-02,-1.028544795330290418e+00,-1.054885503635587973e+00,-1.500000000000000000e+00,-0.000000000000000000e+00
1.480295758399142514e+00,2.175812226886353784e+00,4.737045677679060374e-01,1.500000000000000000e+00,0.000000000000000000e+00,0.000000000000000000e+00,5.000000000000000278e-02,-2.220443637598713771e+00,-2.040795181695027161e+00,-1.500000000000000000e+00,-0.000000000000000000e+00
-2.515442260471649760e+00,2.198131015739342331e+00,4.278677765215782580e-01,1.500000000000000000e+00,0.000000000000000000e+00,0.000000000000000000e+00,5.000000000000000278e-02,3.773163390707474640e+00,3.829154544401290661e+00,-1.500000000000000000e+00,0.000000000000000000e+00
1.559156754021531199e+00,2.819643503501004123e+00,3.779206525789242654e-01,1.500000000000000000e+00,0.000000000000000000e+00,0.000000000000000000e+00,5.000000000000000278e-02,-2.338735131032296799e+00,-2.404628932930691132e+00,-1.500000000000000000e+00,-0.000000000000000000e+00
7.806978724923498980e-01,1.867749460098997227e+00,9.169849475097654468e-01,1.500000000000000000e+00,0.000000000000000000e+00,0.000000000000000000e+00,5.000000000000000278e-02,-1.171046808738524847e+00,-1.219744404959549833e+00,-1.500000000000000000e+00,-0.000000000000000000e+00
1.321061712277616707e+00,1.016204007825330713e+00,3.282048740106257023e-01,1.500000000000000000e+00,0.000000000000000000e+00,0.000000000000000000e+00,5.000000000000000278e-02,-1.981592568416425060e+00,-2.030872380065926741e+00,-1.500000000000000000e+00,-0.000000000000000000e+00
-2.092721937340583871e+00,1.611611751392459269e+00,7.267910827606105517e-01,1.500000000000000000e+00,0.000000000000000000e+00,0.000000000000000000e+00,5.000000000000000278e-02,3.139082906010875806e+00,3.090517912331305794e+00,-1.500000000000000000e+00,0.000000000000000000e+00
1.271612152718334166e+00,2.303527643409423398e+00,6.572721265556400461e-01,1.500000000000000000e+00,0.000000000000000000e+00,0.000000000000000000e+00,5.000000000000000278e-02,-1.907418229077501248e+00,-1.918026626739298246e+00,-1.500000000000000000e+00,-0.000000000000000000e+00
-1.705850637587139396e+00,2.846322492376124558e+00,1.657429925513316249e-01,1.500000000000000000e+00,0.000000000000000000e+00,0.000000000000000000e+00,5.000000000000000278e-02,2.558775956380709093e+00,2.747223207429508207e+00,-1.500000000000000000e+00,0.000000000000000000e+00
-3.896912032312882523e-01,1.266302786261426228e+00,7.363086355172313580e-01,1.500000000000000000e+00,0.000000000000000000e+00,0.000000000000000000e+00,5.000000000000000278e-02,5.845368048469323785e-01,5.152888571148289687e-01,-1.500000000000000000e+00,0.000000000000000000e+00
2.289285673726786818e+00,2.766325819981482415e+00,2.151573000674089631e-02,1.500000000000000000e+00,0.000000000000000000e+00,0.000000000000000000e+00,5.000000000000000278e-02,-3.433928510590180228e+00,-3.415601794622599829e+00,-1.500000000000000000e+00,-0.000000000000000000e+00
1.243967150013748579e+00,1.795945521986633153e+00,3.714748791193736022e-01,1.500000000000000000e+00,0.000000000000000000e+00,0.000000000000000000e+00,5.000000000000000278e-02,-1.865950725020622869e+00,-1.804764170033089643e+00,-1.500000000000000000e+00,-0.000000000000000000e+00
-6.390870320189501186e-01,9.185281797743923837e-01,5.995331410468431876e-01,1.500000000000000000e+00,0.000000000000000000e+00,0.000000000000000000e+00,5.000000000000000278e-02,9.586305480284251779e-01,9.924058211364193971e-01,-1.500000000000000000e+00,0.000000000000000000e+00
2.483196340728221152e+00,2.030406585678061759e+00,5.899529935027613137e-01,1.500000000000000000e+00,0.000000000000000000e+00,0.000000000000000000e+00,5.000000000000000278e-02,-3.724794511092331728e+00,-3.772303561224422452e+00,-1.500000000000000000e+00,-0.000000000000000000e+00
-2.295334364885731837e+00,2.967196055141311017e+00,6.685760336313828489e-01,1.500000000000000000e+00,0.000000000000000000e+00,0.000000000000000000e+00,5.000000000000000278e-02,3.443001547328597756e+00,3.312218811547964936e+00,-1.500000000000000000e+00,0.000000000000000000e+00
-2.204840882452794748e+00,2.637725174874987033e+00,8.051577740826709739e-01,1.500000000000000000e+00,0.000000000000000000e+00,0.000000000000000000e+00,5.000000000000000278e-02,3.307261323679192344e+00,3.365798761997041755e+00,-1.500000000000000000e+00,0.000000000000000000e+00
1.856881173275468200e+00,2.595468041712633678e+00,2.321235347871997146e-02,1.500000000000000000e+00,0.000000000000000000e+00,0.000000000000000000e+00,5.000000000000000278e-02,-2.785321759913202300e+00,-2.694218792351831926e+00,-1.500000000000000000e+00,-0.000000000000000000e+00
-8.011680635501861047e-01,2.130472851947805779e+00,7.774737573682594105e-01,1.500000000000000000e+00,0.000000000000000000e+00,0.000000000000000000e+00,5.000000000000000278e-02,1.201752095325279157e+00,1.194247081240324304e+00,-1.500000000000000000e+00,0.000000000000000000e+00
1.601483430164427624e+00,2.073237312476103433e+00,3.688245057671877269e-01,1.500000000000000000e+00,0.000000000000000000e+00,0.000000000000000000e+00,5.000000000000000278e-02,-2.402225145246641436e+00,-2.451071043240721892e+00,-1.500000000000000000e+00,-0.000000000000000000e+00
-2.716036140590500914e+00,1.024665345730690014e+00,3.030553839186438392e-01,1.500000000000000000e+00,0.000000000000000000e+00,0.000000000000000000e+00,5.000000000000000278e-02,4.074054210885751814e+00,4.345608472015023871e+00,-1.500000000000000000e+00,0.000000000000000000e+00
-2.531845947875154934e+00,1.935011270385729176e+00,3.335948190249959922e-01,1.500000000000000000e+00,0.000000000000000000e+00,0.000000000000000000e+00,5.000000000000000278e-02,3.797768921812732401e+00,3.750238276338079046e+00,-1.500000000000000000e+00,0.000000000000000000e+00
-1.142781852054435277e-01,1.792364165740557347e+00,1.208203788899363529e-01,1.500000000000000000e+00,0.000000000000000000e+00,0.000000000000000000e+00,5.000000000000000278e-02,1.714172778081652915e-01,1.659940311577106364e-01,-1.500000000000000000e+00,0.000000000000000000e+00
-5.326645925531430237e-01,1.297274636158061156e+00,2.530949630683138052e-01,1.500000000000000000e+00,0.000000000000000000e+00,0.000000000000000000e+00,5.000000000000000278e-02,7.989968888297145355e-01,8.674557114701642035e-01,-1.500000000000000000e+00,0.000000000000000000e+00
1.048036643566272019e+00,2.935444137314128454e+00,1.590711587395262638e-01,1.500000000000000000e+00,0.000000000000000000e+00,0.000000000000000000e+00,5.000000000000000278e-02,-1.572054965349408029e+00,-1.571677010530569962e+00,-1.500000000000000000e+00,-0.000000000000000000e+00
2.847182100407819050e-01,4.993347741732112599e-01,3.897444167281787220e-01,1.500000000000000000e+00,0.000000000000000000e+00,0.000000000000000000e+00,5.000000000000000278e-02,-4.270773150611728575e-01,-4.266972672717893600e-01,-1.500000000000000000e+00,-0.000000000000000000e+00
2.424924169542645558e+00,6.789524208680718376e-01,5.522020850165297867e-01,1.500000000000000000e+00,0.000000000000000000e+00,0.000000000000000000e+00,5.000000000000000278e-02,-3.637386254313968337e+00,-3.680280497101554360e+00,-1.500000000000000000e+00,-0.000000000000000000e+00
-2.962728637785546404e+00,2.093440321002800975e+00,1.688629921321701532e-01,1.500000000000000000e+00,0.000000000000000000e+00,0.000000000000000000e+00,5.000000000000000278e-02,4.444092956678320050e+00,4.787187648445560662e+00,-1.500000000000000000e+00,0.000000000000000000e+00
-4.410604809469891308e-01,7.065085189687159151e-02,9.589662372837839399e-01,1.500000000000000000e+00,0.000000000000000000e+00,0.000000000000000000e+00,5.000000000000000278e-02,6.615907214204836961e-01,6.592903600977441103e-01,-1.500000000000000000e+00,0.000000000000000000e+00
9.353839682760578533e-01,1.784994023527466833e+00,4.900704425182106361e-01,1.500000000000000000e+00,0.000000000000000000e+00,0.000000000000000000e+00,5.000000000000000278e-02,-1.403075952414086780e+00,-1.303780455179679665e+00,-1.500000000000000000e+00,-0.000000000000000000e+00
-2.640355004686853579e+00,4.100457537340935765e-01,7.630950128155462586e-01,1.500000000000000000e+00,0.000000000000000000e+00,0.000000000000000000e+00,5.000000000000000278e-02,3.960532507030280591e+00,4.117590595140655729e+00,-1.500000000000000000e+00,0.000000000000000000e+00
2.363457278810270346e+00,1.223409172189019678e+00,6.342176087885259550e-01,1.500000000000000000e+00,0.000000000000000000e+00,0.000000000000000000e+00,5.000000000000000278e-02,-3.545185918215405518e+00,-3.533550585660822474e+00,-1.500000000000000000e+00,-0.000000000000000000e+00
1.264065848152392313e+00,2.659709435402790145e+00,2.261512887145555872e-01,1.500000000000000000e+00,0.000000000000000000e+00,0.000000000000000000e+00,5.000000000000000278e-02,-1.896098772228588469e+00,-1.803089230284143030e+00,-1.500000000000000000e+00,-0.000000000000000000e+00
-4.307365730348973187e-01,1.412360023114429763e+00,9.528964368767485205e-01,1.500000000000000000e+00,0.000000000000000000e+00,0.000000000000000000e+00,5.000000000000000278e-02,6.461048595523459781e-01,6.175434173662941451e-01,-1.500000000000000000e+00,0.000000000000000000e+00
7.331122703103547522e-01,9.680017942583235557e-01,4.263792358743014876e-01,1.500000000000000000e+00,0.000000000000000000e+00,0.000000000000000000e+00,5.000000000000000278e-02,-1.099668405465532128e+00,-9.926065560994671300e-01,-1.500000000000000000e+00,-0.000000000000000000e+00
-1.403483483647293806e+00,1.551059237290466797e+00,4.420461255361034514e-01,1.500000000000000000e+00,0.000000000000000000e+00,0.000000000000000000e+00,5.000000000000000278e-02,2.105225225470940487e+00,2.026578240141430065e+00,-1.500000000000000000e+00,0.000000000000000000e+00
-1.198770815609471185e-01,1.301511330345291872e+00,8.906669939268164748e-01,1.500000000000000000e+00,0.000000000000000000e+00,0.000000000000000000e+00,5.000000000000000278e-02,1.798156223414206778e-01,1.975012046378802344e-01,-1.500000000000000000e+00,0.000000000000000000e+00
-1.946120252184103228e+00,1.259890828253773298e+00,9.631603874740285454e-01,1.500000000000000000e+00,0.000000000000000000e+00,0.000000000000000000e+00,5.000000000000000278e-02,2.919180378276154730e+00,3.057715505484638108e+00,-1.500000000000000000e+00,0.000000000000000000e+00
-2.706514006104601577e+00,1.488945790893762000e-01,1.181768939669467500e-01,1.500000000000000000e+00,0.000000000000000000e+00,0.000000000000000000e+00,5.000000000000000278e-02,4.059771009156902366e+00,4.127117837508188281e+00,-1.500000000000000000e+00,0.000000000000000000e+00
-1.797902566610432018e+00,2.453232009965564231e+00,7.236037259459882076e-02,1.500000000000000000e+00,0.000000000000000000e+00,0.000000000000000000e+00,5.000000000000000278e-02,2.696853849915648027e+00,2.863637943831153887e+00,-1.500000000000000000e+00,0.000000000000000000e+00
1.615293988238422962e+00,4.886407106862615812e-01,9.247869678036618746e-01,1.500000000000000000e+00,0.000000000000000000e+00,0.000000000000000000e+00,5.000000000000000278e-02,-2.422940982357634443e+00,-2.245749266414117429e+00,-1.500000000000000000e+00,-0.000000000000000000e+00
-1.038905446380549380e+00,2.218339780329602995e+00,3.164616825513321130e-01,1.500000000000000000e+00,0.000000000000000000e+00,0.000000000000000000e+00,5.000000000000000278e-02,1.558358169570824181e+00,1.471471590286332454e+00,-1.500000000000000000e+00,0.000000000000000000e+00
1.129157196885945069e+00,1.128387975726157677e+00,5.183172344285402744e-02,1.500000000000000000e+00,0.000000000000000000e+00,0.000000000000000000e+00,5.000000000000000278e-02,-1.693735795328917604e+00,-1.719470287317322210e+00,-1.500000000000000000e+00,-0.000000000000000000e+00
2.388027567901174208e+00,6.998904312644552705e-01,1.001568376063347587e-01,1.500000000000000000e+00,0.000000000000000000e+00,0.000000000000000000e+00,5.000000000000000278e-02,-3.582041351851761313e+00,-3.484855114810332388e+00,-1.500000000000000000e+00,-0.000000000000000000e+00
-2.081759631398319765e+00,6.673831557837419659e-01,5.080101590169244785e-01,1.500000000000000000e+00,0.000000000000000000e+00,0.000000000000000000e+00,5.000000000000000278e-02,3.122639447097479426e+00,3.151046291315402925e+00,-1.500000000000000000e+00,0.000000000000000000e+00
1.319112318430389230e+00,8.839807907175994961e-01,7.147437479090303913e-01,1.500000000000000000e+00,0.000000000000000000e+00,0.000000000000000000e+00,5.000000000000000278e-02,-1.978668477645583845e+00,-1.998338378453219821e+00,-1.500000000000000000e+00,-0.000000000000000000e+00
-3.516214429641455474e-01,2.500425303554685286e-01,6.883161453504720306e-01,1.500000000000000000e+00,0.000000000000000000e+00,0.000000000000000000e+00,5.000000000000000278e-02,5.274321644462183212e-01,5.492288899082323761e-01,-1.500000000000000000e+00,0.000000000000000000e+00
8.384429359852094699e-01,2.227759600266987494e+00,9.625586632304838908e-01,1.500000000000000000e+00,0.000000000000000000e+00,0.000000000000000000e+00,5.000000000000000278e-02,-1.257664403977814205e+00,-1.307855076259014426e+00,-1.500000000000000000e+00,-0.000000000000000000e+00
2.508156945010461492e+00,2.576714123334046924e+00,7.356063106324304268e-01,1.500000000000000000e+00,0.000000000000000000e+00,0.000000000000000000e+00,5.000000000000000278e-02,-3.762235417515692237e+00,-3.862537840830199798e+00,-1.500000000000000000e+00,-0.000000000000000000e+00
1.704397023101090980e+00,1.121860846688891744e+00,3.389747212928101439e-01,1.500000000000000000e+00,0.000000000000000000e+00,0.000000000000000000e+00,5.000000000000000278e-02,-2.556595534651636470e+00,-2.404012082011290019e+00,-1.500000000000000000e+00,-0.000000000000000000e+00
1.962640381511489451e+00,1.138420244826310546e+00,4.437001202484256446e-01,1.500000000000000000e+00,0.000000000000000000e+00,0.000000000000000000e+00,5.000000000000000278e-02,-2.943960572267234177e+00,-2.897598617679423949e+00,-1.500000000000000000e+00,-0.000000000000000000e+00
-2.006418758752738896e+00,1.137494340353111477e+00,5.024858498553685937e-01,1.500000000000000000e+00,0.000000000000000000e+00,0.000000000000000000e+00,5.000000000000000278e-02,3.009628138129108343e+00,3.224285815139429801e+00,-1.500000000000000000e+00,0.000000000000000000e+00
1.931234775204633713e+00,2.021906850894856778e+00,9.948565458394468264e-01,1.500000000000000000e+00,0.000000000000000000e+00,0.000000000000000000e+00,5.000000000000000278e-02,-2.896852162806950570e+00,-3.210319036036391793e+00,-1.500000000000000000e+00,-0.000000000000000000e+00
2.827825159168532387e+00,2.766843436959932845e+00,6.794859630662135608e-01,1.500000000000000000e+00,0.000000000000000000e+00,0.000000000000000000e+00,5.000000000000000278e-02,-4.241737738752798137e+00,-4.482646172775289983e+00,-1.500000000000000000e+00,-0.000000000000000000e+00
2.646915576274259330e+00,2.975780747753254296e+00,3.361003330713502324e-01,1.500000000000000000e+00,0.000000000000000000e+00,0.000000000000000000e+00,5.000000000000000278e-02,-3.970373364411388994e+00,-4.224283675670814198e+00,-1.500000000000000000e+00,-0.000000000000000000e+00
1.796732096385573740e+00,2.340244526009716886e+00,6.049473926380017907e-01,1.500000000000000000e+00,0.000000000000000000e+00,0.000000000000000000e+00,5.000000000000000278e-02,-2.695098144578360611e+00,-2.659207219163207458e+00,-1.500000000000000000e+00,-0.000000000000000000e+00
2.019575351857048062e+00,2.400492461012202483e+00,6.686232770963266292e-01,1.500000000000000000e+00,0.000000000000000000e+00,0.000000000000000000e+00,5.000000000000000278e-02,-3.029363027785572093e+00,-2.786963759832706167e+00,-1.500000000000000000e+00,-0.000000000000000000e+00
3.860838571766649352e-01,8.751680755048057980e-01,1.644244093128512940e-01,1.500000000000000000e+00,0.000000000000000000e+00,0.000000000000000000e+00,5.000000000000000278e-02,-5.791257857649974028e-01,-6.494571899809100657e-01,-1.500000000000000000e+00,-0.000000000000000000e+00
2.631494765840598937e+00,1.047183894143524974e+00,3.609152154251921152e-01,1.500000000000000000e+00,0.000000000000000000e+00,0.000000000000000000e+00,5.000000000000000278e-02,-3.947242148760898406e+00,-3.968583258218247867e+00,-1.500000000000000000e+00,-0.000000000000000000e+00
1.468836319724103667e+00,1.193877141785867568e+00,3.702462424615264869e-01,1.500000000000000000e+00,0.000000000000000000e+00,0.000000000000000000e+00,5.000000000000000278e-02,-2.203254479586155501e+00,-2.055425028015150257e+00,-1.500000000000000000e+00,-0.000000000000000000e+00
-2.421952704356503450e+00,2.337149432856895359e+00,2.364867781392880897e-01,1.500000000000000000e+00,0.000000000000000000e+00,0.000000000000000000e+00,5.000000000000000278e-02,3.632929056534755397e+00,3.438304668265563357e+00,-1.500000000000000000e+00,0.000000000000000000e+00
-8.022274192089695610e-01,2.734429408406311435e+00,4.829815773820417268e-01,1.500000000000000000e+00,0.000000000000000000e+00,0.000000000000000000e+00,5.000000000000000278e-02,1.203341128813454342e+00,1.336816082225608771e+00,-1.500000000000000000e+00,0.000000000000000000e+00
-2.319069433552963133e+00,1.536231857862243366e+00,8.552069919798642728e-01,1.500000000000000000e+00,0.000000000000000000e+00,0.000000000000000000e+00,5.000000000000000278e-02,3.478604150329444700e+00,3.274768608925710200e+00,-1.500000000000000000e+00,0.000000000000000000e+00
2.529168801096611574e+00,6.842224941993018117e-01,2.078899414052064465e-01,1.500000000000000000e+00,0.000000000000000000e+00,0.000000000000000000e+00,5.000000000000000278e-02,-3.793753201644917361e+00,-3.957620678796312408e+00,-1.500000000000000000e+00,-0.000000000000000000e+00
-2.974121951856576906e+00,1.220075567899185920e+00,8.356993599025120956e-01,1.500000000000000000e+00,0.000000000000000000e+00,0.000000000000000000e+00,5.000000000000000278e-02,4.461182927784864916e+00,4.061415584645345689e+00,-1.500000000000000000e+00,0.000000000000000000e+00
5.784820434110216070e-03,2.679824159378629389e+00,3.387573212223748964e-02,1.500000000000000000e+00,0.000000000000000000e+00,0.000000000000000000e+00,5.000000000000000278e-02,-8.677230651165324105e-03,1.663517163109873992e-02,-1.500000000000000000e+00,-0.000000000000000000e+00
1.238690422178635231e+00,2.105218287721382087e+00,6.060998516338911291e-02,1.500000000000000000e+00,0.000000000000000000e+00,0.000000000000000000e+00,5.000000000000000278e-02,-1.858035633267952846e+00,-2.016195038704312825e+00,-1.500000000000000000e+00,-0.000000000000000000e+00
-4.967197916566350457e-01,5.449763645124054978e-01,8.978700073227278144e-01,1.500000000000000000e+00,0.000000000000000000e+00,0.000000000000000000e+00,5.000000000000000278e-02,7.450796874849525686e-01,7.476475110933405999e-01,-1.500000000000000000e+00,0.000000000000000000e+00
2.500245181419257889e+00,2.207086553399216555e+00,1.704018710092899402e-01,1.500000000000000000e+00,0.000000000000000000e+00,0.000000000000000000e+00,5.000000000000000278e-02,-3.750367772128886834e+00,-3.746595801822716787e+00,-1.500000000000000000e+00,-0.000000000000000000e+00
-9.421465081177937684e-01,1.792844779693344437e-01,1.100741548103186807e-01,1.500000000000000000e+00,0.000000000000000000e+00,0.000000000000000000e+00,5.000000000000000278e-02,1.413219762176690653e+00,1.369567828001321264e+00,-1.500000000000000000e+00,0.000000000000000000e+00
-7.105695708986008441e-01,1.277915955814681315e-01,5.111123752995462288e-01,1.500000000000000000e+00,0.000000000000000000e+00,0.000000000000000000e+00,5.000000000000000278e-02,1.065854356347901266e+00,1.040876325211490538e+00,-1.500000000000000000e+00,0.000000000000000000e+00
-1.584096436560145538e+00,9.345821164513913315e-01,5.372664851462909397e-01,1.500000000000000000e+00,0.000000000000000000e+00,0.000000000000000000e+00,5.000000000000000278e-02,2.376144654840218529e+00,2.325888841935809026e+00,-1.500000000000000000e+00,0.000000000000000000e+00
2.160451118790041036e+00,2.715162817871089818e+00,9.849667567005571112e-02,1.500000000000000000e+00,0.000000000000000000e+00,0.000000000000000000e+00,5.000000000000000278e-02,-3.240676678185061554e+00,-3.183234166348884564e+00,-1.500000000000000000e+00,-0.000000000000000000e+00
7.385066232661121610e-01,2.235817284036500041e+00,1.454112756872127932e-02,1.500000000000000000e+00,0.000000000000000000e+00,0.000000000000000000e+00,5.000000000000000278e-02,-1.107759934899168242e+00,-1.149882712975126342e+00,-1.500000000000000000e+00,-0.000000000000000000e+00
1.416877413139820518e+00,1.997368542553052517e+00,9.566934460108370564e-01,1.500000000000000000e+00,0.000000000000000000e+00,0.000000000000000000e+00,5.000000000000000278e-02,-2.125316119709730778e+00,-2.215859685387254974e+00,-1.500000000000000000e+00,-0.000000000000000000e+00
5.970346045847025884e-01,1.374041323690398109e-01,2.851586974531493679e-01,1.500000000000000000e+00,0.000000000000000000e+00,0.000000000000000000e+00,5.000000000000000278e-02,-8.955519068770538826e-01,-9.543295640118155676e-01,-1.500000000000000000e+00,-0.000000000000000000e+00
-4.665775670600478264e-01,2.127141921609152053e+00,4.463335137790019891e-01,1.500000000000000000e+00,0.000000000000000000e+00,0.000000000000000000e+00,5.000000000000000278e-02,6.998663505900717396e-01,7.504588569039918333e-01,-1.500000000000000000e+00,0.000000000000000000e+00
-2.934042652427836018e+00,1.963471370197215071e+00,3.457347025148824748e-01,1.500000000000000000e+00,0.000000000000000000e+00,0.000000000000000000e+00,5.000000000000000278e-02,4.401063978641754026e+00,4.699924852837436440e+00,-1.500000000000000000e+00,0.000000000000000000e+00
1.563645696314551969e+00,2.140829016934177709e+00,1.800042201845196699e-01,1.500000000000000000e+00,0.000000000000000000e+00,0.000000000000000000e+00,5.000000000000000278e-02,-2.345468544471827954e+00,-2.285652089520783470e+00,-1.500000000000000000e+00,-0.000000000000000000e+00
2.736619700973363045e+00,7.216766714447409026e-01,5.396116749643473653e-01,1.500000000000000000e+00,0.000000000000000000e+00,0.000000000000000000e+00,5.000000000000000278e-02,-4.104929551460044124e+00,-4.432548314935260692e+00,-1.500000000000000000e+00,-0.000000000000000000e+00
-1.747605648539601431e+00,2.317289516892355739e+00,1.095435883593042226e-01,1.500000000000000000e+00,0.000000000000000000e+00,0.000000000000000000e+00,5.000000000000000278e-02,2.621408472809402035e+00,2.624404959957522099e+00,-1.500000000000000000e+00,0.000000000000000000e+00
8.784961664001502690e-01,9.385992182181502885e-01,4.557336282253846571e-01,1.500000000000000000e+00,0.000000000000000000e+00,0.000000000000000000e+00,5.000000000000000278e-02,-1.317744249600225404e+00,-1.285020488328893817e+00,-1.500000000000000000e+00,-0.000000000000000000e+00
7.919335416663884075e-01,6.728353044012242989e-01,9.706170463927004111e-01,1.500000000000000000e+00,0.000000000000000000e+00,0.000000000000000000e+00,5.000000000000000278e-02,-1.187900312499582611e+00,-1.131788656840995611e+00,-1.500000000000000000e+00,-0.000000000000000000e+00
-2.712017031769932807e+00,2.100381421159813300e+00,1.046448708343107326e-01,1.500000000000000000e+00,0.000000000000000000e+00,0.000000000000000000e+00,5.000000000000000278e-02,4.068025547654899654e+00,4.057939510722071930e+00,-1.500000000000000000e+00,0.000000000000000000e+00
2.942164584089930202e-01,1.112821251745053086e-01,4.145039212749899171e-01,1.500000000000000000e+00,0.000000000000000000e+00,0.000000000000000000e+00,5.000000000000000278e-02,-4.413246876134895302e-01,-4.831925464950206917e-01,-1.500000000000000000e+00,-0.000000000000000000e+00
1.010837165459049558e+00,2.382174277592427281e+00,6.324943457993553730e-01,1.500000000000000000e+00,0.000000000000000000e+00,0.000000000000000000e+00,5.000000000000000278e-02,-1.516255748188574337e+00,-1.358687481423901611e+00,-1.500000000000000000e+00,-0.000000000000000000e+00
1.919618299342915613e+00,2.914509845041572511e+00,1.968638307468126847e-01,1.500000000000000000e+00,0.000000000000000000e+00,0.000000000000000000e+00,5.000000000000000278e-02,-2.879427449014373419e+00,-2.878625467980135078e+00,-1.500000000000000000e+00,-0.000000000000000000e+00
1.982580443611112742e-01,7.461858650798114390e-01,7.855711551982175189e-01,1.500000000000000000e+00,0.000000000000000000e+00,0.000000000000000000e+00,5.000000000000000278e-02,-2.973870665416669112e-01,-3.365490417604720119e-01,-1.500000000000000000e+00,-0.000000000000000000e+00
-2.977774141257884200e+00,1.808311426228005114e+00,8.295211650065379416e-01,1.500000000000000000e+00,0.000000000000000000e+00,0.000000000000000000e+00,5.000000000000000278e-02,4.466661211886826521e+00,4.558115470974724914e+00,-1.500000000000000000e+00,0.000000000000000000e+00
1.505246570901950243e-01,6.593944513746904379e-01,2.491264414041127750e-03,1.500000000000000000e+00,0.000000000000000000e+00,0.000000000000000000e+00,5.000000000000000278e-02,-2.257869856352925364e-01,-1.687916425451413960e-01,-1.500000000000000000e+00,-0.000000000000000000e+00
2.673936036497604363e+00,2.324230284352358566e+00,3.867003994226514418e-02,1.500000000000000000e+00,0.000000000000000000e+00,0.000000000000000000e+00,5.000000000000000278e-02,-4.010904054746406544e+00,-4.082596919232333477e+00,-1.500000000000000000e+00,-0.000000000000000000e+00
2.048813726730873697e-01,1.945477556223125681e+00,1.139967883207129162e-01,1.500000000000000000e+00,0.000000000000000000e+00,0.000000000000000000e+00,5.000000000000000278e-02,-3.073220590096310545e-01,-2.807252957305454433e-01,-1.500000000000000000e+00,-0.000000000000000000e+00
8.983385135756196682e-01,1.792614421247809009e+00,5.682215371479131250e-01,1.500000000000000000e+00,0.000000000000000000e+00,0.000000000000000000e+00,5.000000000000000278e-02,-1.347507770363429502e+00,-1.332595408623298061e+00,-1.500000000000000000e+00,-0.000000000000000000e+00
-2.929179090831054211e+00,1.870018746347886118e+00,1.354367480692255654e-01,1.500000000000000000e+00,0.000000000000000000e+00,0.000000000000000000e+00,5.000000000000000278e-02,4.393768636246581316e+00,4.347395039840551867e+00,-1.500000000000000000e+00,0.000000000000000000e+00
1.958932948458538270e+00,2.474876567273016192e+00,5.411962940912576903e-01,1.500000000000000000e+00,0.000000000000000000e+00,0.000000000000000000e+00,5.000000000000000278e-02,-2.938399422687807405e+00,-2.985523885632222818e+00,-1.500000000000000000e+00,-0.000000000000000000e+00
-8.221311535146207383e-01,1.197555939715168050e+00,7.106044669058458885e-01,1.500000000000000000e+00,0.000000000000000000e+00,0.000000000000000000e+00,5.000000000000000278e-02,1.233196730271931107e+00,1.251408653819403360e+00,-1.500000000000000000e+00,0.000000000000000000e+00
-2.433997077108702278e+00,8.780675462431626332e-01,4.886189711001489577e-01,1.500000000000000000e+00,0.000000000000000000e+00,0.000000000000000000e+00,5.000000000000000278e-02,3.650995615663053417e+00,3.111139396085914832e+00,-1.500000000000000000e+00,0.000000000000000000e+00
2.213525016204272333e+00,1.556737648349657999e+00,5.928778706102294516e-01,1.500000000000000000e+00,0.000000000000000000e+00,0.000000000000000000e+00,5.000000000000000278e-02,-3.320287524306408500e+00,-3.342501671481308279e+00,-1.500000000000000000e+00,-0.000000000000000000e+00
-1.122420150982921916e+00,4.829584891324451013e-01,2.074481521296386299e-01,1.500000000000000000e+00,0.000000000000000000e+00,0.000000000000000000e+00,5.000000000000000278e-02,1.683630226474382763e+00,1.578690354856034261e+00,-1.500000000000000000e+00,0.000000000000000000e+00
2.309163909366485967e+00,2.322240772537015552e+00,1.823452959028908360e-01,1.500000000000000000e+00,0.000000000000000000e+00,0.000000000000000000e+00,5.000000000000000278e-02,-3.463745864049728951e+00,-3.656003801286324073e+00,-1.500000000000000000e+00,-0.000000000000000000e+00
-1.033460739930575967e+00,7.324400045895569367e-01,2.982946600364103640e-01,1.500000000000000000e+00,0.000000000000000000e+00,0.000000000000000000e+00,5.000000000000000278e-02,1.550191109895863839e+00,1.576375184342097890e+00,-1.500000000000000000e+00,0.000000000000000000e+00
-1.795755986416997185e+00,1.806214499811113150e+00,3.814873534179104020e-01,1.500000000000000000e+00,0.000000000000000000e+00,0.000000000000000000e+00,5.000000000000000278e-02,2.693633979625495556e+00,2.641663390219202157e+00,-1.500000000000000000e+00,0.000000000000000000e+00
2.808160271377403205e+00,2.674080806999893145e+00,6.400447250310306035e-01,1.500000000000000000e+00,0.000000000000000000e+00,0.000000000000000000e+00,5.000000000000000278e-02,-4.212240407066104808e+00,-4.279086001110677273e+00,-1.500000000000000000e+00,-0.000000000000000000e+00
-2.894839694132412600e+00,2.628146274514713721e+00,1.154743634142149089e-01,1.500000000000000000e+00,0.000000000000000000e+00,0.000000000000000000e+00,5.000000000000000278e-02,4.342259541198618678e+00,4.318001781861683597e+00,-1.500000000000000000e+00,0.000000000000000000e+00
-2.678973474248849129e-01,2.607038945727434776e+00,4.390456521155055025e-01,1.500000000000000000e+00,0.000000000000000000e+00,0.000000000000000000e+00,5.000000000000000278e-02,4.018460211373273694e-01,3.037793259237090426e-01,-1.500000000000000000e+00,0.000000000000000000e+00
7.980720683493531808e-01,2.944673124700947220e-02,5.422193798652967800e-01,1.500000000000000000e+00,0.000000000000000000e+00,0.000000000000000000e+00,5.000000000000000278e-02,-1.197108102524029771e+00,-1.296148621833868031e+00,-1.500000000000000000e+00,-0.000000000000000000e+00
2.664327773007832079e+00,2.581459976593914796e+00,2.850191560876148555e-01,1.500000000000000000e+00,0.000000000000000000e+00,0.000000000000000000e+00,5.000000000000000278e-02,-3.996491659511748118e+00,-3.713997026558343517e+00,-1.500000000000000000e+00,-0.000000000000000000e+00
3.446070369466540662e-01,1.907914915103568809e+00,8.920526821692141839e-01,1.500000000000000000e+00,0.000000000000000000e+00,0.000000000000000000e+00,5.000000000000000278e-02,-5.169105554199810992e-01,-5.692792662875109100e-01,-1.500000000000000000e+00,-0.000000000000000000e+00
-2.406795812481066221e-01,6.844363773882146118e-01,8.108159492535429447e-01,1.500000000000000000e+00,0.000000000000000000e+00,0.000000000000000000e+00,5.000000000000000278e-02,3.610193718721599332e-01,3.391187193275186917e-01,-1.500000000000000000e+00,0.000000000000000000e+00
-1.468692949495017608e+00,1.266819554528220593e+00,1.908744704316680529e-01,1.500000000000000000e+00,0.000000000000000000e+00,0.000000000000000000e+00,5.000000000000000278e-02,2.203039424242526412e+00,2.256174148401664414e+00,-1.500000000000000000e+00,0.000000000000000000e+00
-1.235488264781400947e+00,2.959493108218203439e+00,4.717477693079513701e-01,1.500000000000000000e+00,0.000000000000000000e+00,0.000000000000000000e+00,5.000000000000000278e-02,1.853232397172101420e+00,1.822816018543986338e+00,-1.500000000000000000e+00,0.000000000000000000e+00
-1.355926559623413796e+00,2.941568448138428771e+00,6.029106202326486308e-01,1.500000000000000000e+00,0.000000000000000000e+00,0.000000000000000000e+00,5.000000000000000278e-02,2.033889839435120805e+00,2.019431399690842177e+00,-1.500000000000000000e+00,0.000000000000000000e+00
-1.021520135856479605e-01,1.611584081113583311e+00,2.320290892030949514e-01,1.500000000000000000e+00,0.000000000000000000e+00,0.000000000000000000e+00,5.000000000000000278e-02,1.532280203784719408e-01,5.393136650708972579e-02,-1.500000000000000000e+00,0.000000000000000000e+00
-2.563264505549451400e+00,2.473690162830348704e+00,5.991569204244605595e-01,1.500000000000000000e+00,0.000000000000000000e+00,0.000000000000000000e+00,5.000000000000000278e-02,3.844896758324177100e+00,3.607727304344848118e+00,-1.500000000000000000e+00,0.000000000000000000e+00
1.924243428480217233e+00,3.187839079698701061e-01,1.105520984346631819e-01,1.500000000000000000e+00,0.000000000000000000e+00,0.000000000000000000e+00,5.000000000000000278e-02,-2.886365142720325849e+00,-2.858381666559377976e+00,-1.500000000000000000e+00,-0.000000000000000000e+00
2.421002091683692292e+00,1.461818810073936437e+00,4.410232623608461022e-01,1.500000000000000000e+00,0.000000000000000000e+00,0.000000000000000000e+00,5.000000000000000278e-02,-3.631503137525538438e+00,-3.606396390461048096e+00,-1.500000000000000000e+00,-0.000000000000000000e+00
-6.733235809699316121e-01,1.700953722487257291e-01,8.404926004158925767e-01,1.500000000000000000e+00,0.000000000000000000e+00,0.000000000000000000e+00,5.000000000000000278e-02,1.009985371454897418e+00,1.061680147265087415e+00,-1.500000000000000000e+00,0.000000000000000000e+00
9.532469552491678044e-01,5.570252524192775834e-01,8.315409857605088328e-01,1.500000000000000000e+00,0.000000000000000000e+00,0.000000000000000000e+00,5.000000000000000278e-02,-1.429870432873751707e+00,-1.382940688743400370e+00,-1.500000000000000000e+00,-0.000000000000000000e+00
2.803248688577452796e+00,6.071858732945939474e-01,3.976845847136810663e-01,1.500000000000000000e+00,0.000000000000000000e+00,0.000000000000000000e+00,5.000000000000000278e-02,-4.204873032866179194e+00,-4.315969484236310549e+00,-1.500000000000000000e+00,-0.000000000000000000e+00
1.757984638144829859e+00,2.710639885396637361e-01,2.822012083417291262e-01,1.500000000000000000e+00,0.000000000000000000e+00,0.000000000000000000e+00,5.000000000000000278e-02,-2.636976957217244788e+00,-2.628309277317160131e+00,-1.500000000000000000e+00,-0.000000000000000000e+00
-6.681232079948395963e-02,2.497278675002361670e+00,6.409851619569689740e-01,1.500000000000000000e+00,0.000000000000000000e+00,0.000000000000000000e+00,5.000000000000000278e-02,1.002184811992259394e-01,6.564969204111953394e-02,-1.500000000000000000e+00,0.000000000000000000e+00
-2.529287477102419857e+00,2.989022470817563892e-01,7.485865319806843665e-01,1.500000000000000000e+00,0.000000000000000000e+00,0.000000000000000000e+00,5.000000000000000278e-02,3.793931215653629785e+00,3.906975825181248752e+00,-1.500000000000000000e+00,0.000000000000000000e+00
-5.949101732591284275e-01,1.877506963471329948e+00,4.453320317211943991e-01,1.500000000000000000e+00,0.000000000000000000e+00,0.000000000000000000e+00,5.000000000000000278e-02,8.923652598886926413e-01,8.543158418960969946e-01,-1.500000000000000000e+00,0.000000000000000000e+00
-1.470196873229763890e+00,4.652040904439779245e-01,9.325566358268255751e-02,1.500000000000000000e+00,0.000000000000000000e+00,0.000000000000000000e+00,5.000000000000000278e-02,2.205295309844645946e+00,2.252420952915464625e+00,-1.500000000000000000e+00,0.000000000000000000e+00
-2.547570666695905484e+00,2.220625003758745830e+00,3.462597769437691930e-01,1.500000000000000000e+00,0.000000000000000000e+00,0.000000000000000000e+00,5.000000000000000278e-02,3.821356000043858003e+00,3.894495053193973266e+00,-1.500000000000000000e+00,0.000000000000000000e+00
-2.327074652317034253e+00,6.841841415202408738e-01,7.352346966266443129e-01,1.500000000000000000e+00,0.000000000000000000e+00,0.000000000000000000e+00,5.000000000000000278e-02,3.490611978475551602e+00,3.727194627463435328e+00,-1.500000000000000000e+00,0.000000000000000000e+00
4.376509330909073014e-02,5.270514941868564840e-01,9.652486918781230107e-01,1.500000000000000000e+00,0.000000000000000000e+00,0.000000000000000000e+00,5.000000000000000278e-02,-6.564763996363609522e-02,-1.128191007687053549e-01,-1.500000000000000000e+00,-0.000000000000000000e+00
1.315567359651985235e+00,1.837157928852353850e+00,7.582787076466817044e-01,1.500000000000000000e+00,0.000000000000000000e+00,0.000000000000000000e+00,5.000000000000000278e-02,-1.973351039477977853e+00,-1.977074588821396972e+00,-1.500000000000000000e+00,-0.000000000000000000e+00
-2.769119651245050662e+00,1.770269772763889637e+00,3.188943748198460604e-01,1.500000000000000000e+00,0.000000000000000000e+00,0.000000000000000000e+00,5.000000000000000278e-02,4.153679476867575993e+00,3.858905088162178032e+00,-1.500000000000000000e+00,0.000000000000000000e+00
-1.457090861498852918e+00,1.747324990422889357e+00,6.948823874030054526e-01,1.500000000000000000e+00,0.000000000000000000e+00,0.000000000000000000e+00,5.000000000000000278e-02,2.185636292248279489e+00,2.288576086885731442e+00,-1.500000000000000000e+00,0.000000000000000000e+00
-2.532643005393731883e+00,2.338252760583694467e+00,8.341825319194493549e-01,1.500000000000000000e+00,0.000000000000000000e+00,0.000000000000000000e+00,5.000000000000000278e-02,3.798964508090597825e+00,3.752604986997454706e+00,-1.500000000000000000e+00,0.000000000000000000e+00
1.215770281054532553e+00,2.174563401656482764e+00,3.512782565344624297e-01,1.500000000000000000e+00,0.000000000000000000e+00,0.000000000000000000e+00,5.000000000000000278e-02,-1.823655421581798830e+00,-1.885032590691162913e+00,-1.500000000000000000e+00,-0.000000000000000000e+00
1.107092527235113977e+00,2.525893352329006802e+00,3.050415875107255204e-01,1.500000000000000000e+00,0.000000000000000000e+00,0.000000000000000000e+00,5.000000000000000278e-02,-1.660638790852670965e+00,-1.752857163777732818e+00,-1.500000000000000000e+00,-0.000000000000000000e+00
-1.815619254616936074e+00,1.742921592052209423e+00,6.723656683172234416e-01,1.500000000000000000e+00,0.000000000000000000e+00,0.000000000000000000e+00,5.000000000000000278e-02,2.723428881925403999e+00,2.613831261448622101e+00,-1.500000000000000000e+00,0.000000000000000000e+00
1.287067288759203620e+00,8.154833501185732025e-02,2.907375986085167785e-01,1.500000000000000000e+00,0.000000000000000000e+00,0.000000000000000000e+00,5.000000000000000278e-02,-1.930600933138805431e+00,-1.963941345303259256e+00,-1.500000000000000000e+00,-0.000000000000000000e+00
-1.730361428016227165e-01,1.160898237203255468e+00,9.125767553890382633e-01,1.500000000000000000e+00,0.000000000000000000e+00,0.000000000000000000e+00,5.000000000000000278e-02,2.595542142024340748e-01,2.419191220582591062e-01,-1.500000000000000000e+00,0.000000000000000000e+00
2.248408086228008251e+00,1.074351253704751263e+00,6.887443302569290493e-01,1.500000000000000000e+00,0.000000000000000000e+00,0.000000000000000000e+00,5.000000000000000278e-02,-3.372612129342012377e+00,-3.141602529105632868e+00,-1.500000000000000000e+00,-0.000000000000000000e+00
2.183209162198032516e+00,1.529212503214873120e+00,2.147337325638616345e-01,1.500000000000000000e+00,0.000000000000000000e+00,0.000000000000000000e+00,5.000000000000000278e-02,-3.274813743297048774e+00,-3.320921950402260237e+00,-1.500000000000000000e+00,-0.000000000000000000e+00
2.077376007574549099e+00,2.341393609999884884e+00,2.108824095607436666e-01,1.500000000000000000e+00,0.000000000000000000e+00,0.000000000000000000e+00,5.000000000000000278e-02,-3.116064011361823649e+00,-3.119309417821598984e+00,-1.500000000000000000e+00,-0.000000000000000000e+00
1.354335833914502629e+00,1.869869517161287131e+00,2.507545506879341746e-01,1.500000000000000000e+00,0.000000000000000000e+00,0.000000000000000000e+00,5.000000000000000278e-02,-2.031503750871753944e+00,-2.238627273677208596e+00,-1.500000000000000000e+00,-0.000000000000000000e+00
2.979271973842586796e+00,2.251064073161159307e+00,7.653496178689140894e-01,1.500000000000000000e+00,0.000000000000000000e+00,0.000000000000000000e+00,5.000000000000000278e-02,-4.468907960763880638e+00,-4.612182511717111133e+00,-1.500000000000000000e+00,-0.000000000000000000e+00
6.922117864676025079e-01,3.469885684191248432e-01,1.260980850554072052e-02,1.500000000000000000e+00,0.000000000000000000e+00,0.000000000000000000e+00,5.000000000000000278e-02,-1.038317679701403762e+00,-9.373673253850490772e-01,-1.500000000000000000e+00,-0.000000000000000000e+00
1.063708228043070747e+00,2.719057785631123991e+00,3.635680522532523939e-01,1.500000000000000000e+00,0.000000000000000000e+00,0.000000000000000000e+00,5.000000000000000278e-02,-1.595562342064606121e+00,-1.460485979440197646e+00,-1.500000000000000000e+00,-0.000000000000000000e+00
-2.634450709482187847e+00,1.028604544440283153e+00,5.734507771399651732e-01,1.500000000000000000e+00,0.000000000000000000e+00,0.000000000000000000e+00,5.000000000000000278e-02,3.951676064223281770e+00,3.505998986089801317e+00,-1.500000000000000000e+00,0.000000000000000000e+00
4.583028567237512618e-02,1.727749043718842525e+00,7.385365473639258216e-01,1.500000000000000000e+00,0.000000000000000000e+00,0.000000000000000000e+00,5.000000000000000278e-02,-6.874542850856268927e-02,1.005695025367751849e-02,-1.500000000000000000e+00,-0.000000000000000000e+00
1.421862167788228604e+00,2.826262044912990490e+00,3.224748976347394658e-01,1.500000000000000000e+00,0.000000000000000000e+00,0.000000000000000000e+00,5.000000000000000278e-02,-2.132793251682342905e+00,-2.159836596336877079e+00,-1.500000000000000000e+00,-0.000000000000000000e+00
2.030617067019186095e+00,2.389506733723910870e+00,5.257146737584939000e-01,1.500000000000000000e+00,0.000000000000000000e+00,0.000000000000000000e+00,5.000000000000000278e-02,-3.045925600528779142e+00,-3.249524148584152616e+00,-1.500000000000000000e+00,-0.000000000000000000e+00
-2.207993427283155619e+00,2.016571171154733833e+00,8.744317591170628345e-01,1.500000000000000000e+00,0.000000000000000000e+00,0.000000000000000000e+00,5.000000000000000278e-02,3.311990140924733428e+00,3.406390316880162583e+00,-1.500000000000000000e+00,0.000000000000000000e+00
2.777923082767157048e+00,2.852719308944370091e+00,7.270258434863940966e-02,1.500000000000000000e+00,0.000000000000000000e+00,0.000000000000000000e+00,5.000000000000000278e-02,-4.166884624150736016e+00,-4.011647750341046148e+00,-1.500000000000000000e+00,-0.000000000000000000e+00
-1.241787186605922022e+00,1.546828203341956698e+00,1.994811357145609421e-02,1.500000000000000000e+00,0.000000000000000000e+00,0.000000000000000000e+00,5.000000000000000278e-02,1.862680779908882922e+00,1.928630017108084571e+00,-1.500000000000000000e+00,0.000000000000000000e+00
-1.947540399338304029e+00,1.359487387867519104e+00,5.394437722585122552e-01,1.500000000000000000e+00,0.000000000000000000e+00,0.000000000000000000e+00,5.000000000000000278e-02,2.921310599007456155e+00,2.984308294135400441e+00,-1.500000000000000000e+00,0.000000000000000000e+00
-2.885847847034206382e+00,1.754615719423001430e+00,5.273811249972584214e-01,1.500000000000000000e+00,0.000000000000000000e+00,0.000000000000000000e+00,5.000000000000000278e-02,4.328771770551309572e+00,4.658415618619564214e+00,-1.500000000000000000e+00,0.000000000000000000e+00
-1.160591441776448907e+00,1.728098302351828597e+00,9.758733376794442860e-01,1.500000000000000000e+00,0.000000000000000000e+00,0.000000000000000000e+00,5.000000000000000278e-02,1.740887162664673360e+00,1.731316889789243030e+00,-1.500000000000000000e+00,0.000000000000000000e+00
2.009669708136907929e+00,1.232739689974632569e+00,6.735007339119478686e-01,1.500000000000000000e+00,0.000000000000000000e+00,0.000000000000000000e+00,5.000000000000000278e-02,-3.014504562205361893e+00,-2.928737193591420152e+00,-1.500000000000000000e+00,-0.000000000000000000e+00
6.222627596606411515e-02,2.409180393105833762e+00,7.243668853538443031e-01,1.500000000000000000e+00,0.000000000000000000e+00,0.000000000000000000e+00,5.000000000000000278e-02,-9.333941394909617273e-02,3.342669288595434551e-02,-1.500000000000000000e+00,-0.000000000000000000e+00
-2.810857270759786530e+00,1.287968814525091155e+00,4.040394376567010282e-01,1.500000000000000000e+00,0.000000000000000000e+00,0.000000000000000000e+00,5.000000000000000278e-02,4.216285906139679796e+00,4.240110422543458490e+00,-1.500000000000000000e+00,0.000000000000000000e+00
-5.547660684511370732e-01,2.403891973341528043e+00,5.961519516073224834e-01,1.500000000000000000e+00,0.000000000000000000e+00,0.000000000000000000e+00,5.000000000000000278e-02,8.321491026767056098e-01,7.551057848172846310e-01,-1.500000000000000000e+00,0.000000000000000000e+00
-8.127439667785996136e-02,1.386624495756234587e+00,5.621067114504840756e-01,1.500000000000000000e+00,0.000000000000000000e+00,0.000000000000000000e+00,5.000000000000000278e-02,1.219115950167899420e-01,1.950719642822087152e-01,-1.500000000000000000e+00,0.000000000000000000e+00
1.597252580718498294e+00,1.231899996464291380e+00,7.347924285188871529e-01,1.500000000000000000e+00,0.000000000000000000e+00,0.000000000000000000e+00,5.000000000000000278e-02,-2.395878871077747441e+00,-2.379526299882933849e+00,-1.500000000000000000e+00,-0.000000000000000000e+00
8.620166299438083435e-01,2.959473304903341706e+00,6.278403261982127281e-01,1.500000000000000000e+00,0.000000000000000000e+00,0.000000000000000000e+00,5.000000000000000278e-02,-1.293024944915712515e+00,-1.368186281474987886e+00,-1.500000000000000000e+00,-0.000000000000000000e+00
-1.593325829536390792e+00,1.063622035566323731e+00,2.020966079840534890e-01,1.500000000000000000e+00,0.000000000000000000e+00,0.000000000000000000e+00,5.000000000000000278e-02,2.389988744304586188e+00,2.594357443396066998e+00,-1.500000000000000000e+00,0.000000000000000000e+00
1.152061288782310733e+00,7.164884598325057530e-01,2.165504427460986925e-01,1.500000000000000000e+00,0.000000000000000000e+00,0.000000000000000000e+00,5.000000000000000278e-02,-1.728091933173466099e+00,-1.633254758961206310e+00,-1.500000000000000000e+00,-0.000000000000000000e+00
4.501303948993364834e-01,1.306315365989044519e+00,6.723621241177384356e-01,1.500000000000000000e+00,0.000000000000000000e+00,0.000000000000000000e+00,5.000000000000000278e-02,-6.751955923490047251e-01,-6.816910462643518409e-01,-1.500000000000000000e+00,-0.000000000000000000e+00
-2.549807690527581716e+00,1.153519939924992022e+00,1.508184717137612818e-01,1.500000000000000000e+00,0.000000000000000000e+00,0.000000000000000000e+00,5.000000000000000278e-02,3.824711535791372796e+00,3.875361691232105610e+00,-1.500000000000000000e+00,0.000000000000000000e+00
1.159314181347395056e+00,9.656075839916609116e-01,5.769821523444426115e-01,1.500000000000000000e+00,0.000000000000000000e+00,0.000000000000000000e+00,5.000000000000000278e-02,-1.738971272021092584e+00,-1.895192765966140502e+00,-1.500000000000000000e+00,-0.000000000000000000e+00
9.264371486341214101e-01,1.024563624669238893e+00,8.282325060356431345e-01,1.500000000000000000e+00,0.000000000000000000e+00,0.000000000000000000e+00,5.000000000000000278e-02,-1.389655722951182115e+00,-1.380153980892317334e+00,-1.500000000000000000e+00,-0.000000000000000000e+00
2.150636439396802935e+00,1.849101601531515593e+00,8.686111666729545711e-02,1.500000000000000000e+00,0.000000000000000000e+00,0.000000000000000000e+00,5.000000000000000278e-02,-3.225954659095204402e+00,-3.582064161475869035e+00,-1.500000000000000000e+00,-0.000000000000000000e+00
7.233475114317649002e-01,2.294829347709683276e+00,8.856944487492652840e-01,1.500000000000000000e+00,0.000000000000000000e+00,0.000000000000000000e+00,5.000000000000000278e-02,-1.085021267147647350e+00,-1.153352253184235288e+00,-1.500000000000000000e+00,-0.000000000000000000e+00
1.757607804664401030e+00,2.423020600449774076e+00,2.031953807410852297e-01,1.500000000000000000e+00,0.000000000000000000e+00,0.000000000000000000e+00,5.000000000000000278e-02,-2.636411706996601545e+00,-2.432879027867992594e+00,-1.500000000000000000e+00,-0.000000000000000000e+00
-9.210794107157633803e-01,1.541794085897846056e+00,1.594316015729236868e-01,1.500000000000000000e+00,0.000000000000000000e+00,0.000000000000000000e+00,5.000000000000000278e-02,1.381619116073645070e+00,1.394815031806713401e+00,-1.500000000000000000e+00,0.000000000000000000e+00
1.140048069833323297e+00,1.734941464627457908e+00,4.365092601022813046e-02,1.500000000000000000e+00,0.000000000000000000e+00,0.000000000000000000e+00,5.000000000000000278e-02,-1.710072104749984945e+00,-1.867380493936746877e+00,-1.500000000000000000e+00,-0.000000000000000000e+00
-2.882450532502815577e+00,1.715078687280796821e+00,9.077569427622385057e-01,1.500000000000000000e+00,0.000000000000000000e+00,0.000000000000000000e+00,5.000000000000000278e-02,4.323675798754223365e+00,4.173547537509704419e+00,-1.500000000000000000e+00,0.000000000000000000e+00
1.277271121147846245e+00,2.218538306667434679e+00,2.701143324705750359e-01,1.500000000000000000e+00,0.000000000000000000e+00,0.000000000000000000e+00,5.000000000000000278e-02,-1.915906681721769367e+00,-1.840717805739074953e+00,-1.500000000000000000e+00,-0.000000000000000000e+00
-2.977313226866054929e+00,2.218900666969662705e+00,3.585973440836205395e-01,1.500000000000000000e+00,0.000000000000000000e+00,0.000000000000000000e+00,5.000000000000000278e-02,4.465969840299082172e+00,4.406419357023496630e+00,-1.500000000000000000e+00,0.000000000000000000e+00
4.257930296154279759e-01,7.734595707486440208e-01,4.794733596188024416e-01,1.500000000000000000e+00,0.000000000000000000e+00,0.000000000000000000e+00,5.000000000000000278e-02,-6.386895444231419638e-01,-6.359414448987813495e-01,-1.500000000000000000e+00,-0.000000000000000000e+00
2.378978683616956857e-01,2.678273485109854857e+00,3.177039445060596545e-01,1.500000000000000000e+00,0.000000000000000000e+00,0.000000000000000000e+00,5.000000000000000278e-02,-3.568468025425435286e-01,-3.686359360109655592e-01,-1.500000000000000000e+00,-0.000000000000000000e+00
-2.422107301183254791e+00,1.283856215808829138e+00,6.314298947044382215e-01,1.500000000000000000e+00,0.000000000000000000e+00,0.000000000000000000e+00,5.000000000000000278e-02,3.633160951774882186e+00,3.405283715855984106e+00,-1.500000000000000000e+00,0.000000000000000000e+00
-4.891325913163155903e-01,2.143268892115647972e+00,9.754050319913204481e-01,1.500000000000000000e+00,0.000000000000000000e+00,0.000000000000000000e+00,5.000000000000000278e-02,7.336988869744733854e-01,7.972031695937094042e-01,-1.500000000000000000e+00,0.000000000000000000e+00
-1.643487935363100672e+00,2.157191901902175246e+00,4.549766559586372328e-01,1.500000000000000000e+00,0.000000000000000000e+00,0.000000000000000000e+00,5.000000000000000278e-02,2.465231903044650785e+00,2.243992078484429165e+00,-1.500000000000000000e+00,0.000000000000000000e+00
1.672664911500076457e+00,2.362013182769334030e+00,2.130996060536928249e-01,1.500000000000000000e+00,0.000000000000000000e+00,0.000000000000000000e+00,5.000000000000000278e-02,-2.508997367250114685e+00,-2.553935741979013851e+00,-1.500000000000000000e+00,-0.000000000000000000e+00
-5.591063047795095109e-01,2.117048495067125113e+00,5.189460997918171614e-01,1.500000000000000000e+00,0.000000000000000000e+00,0.000000000000000000e+00,5.000000000000000278e-02,8.386594571692642663e-01,7.664140667991695688e-01,-1.500000000000000000e+00,0.000000000000000000e+00
8.895167301966644402e-02,2.834450047855111787e+00,1.890728508064222213e-01,1.500000000000000000e+00,0.000000000000000000e+00,0.000000000000000000e+00,5.000000000000000278e-02,-1.334275095294996660e-01,-1.471903561002606553e-01,-1.500000000000000000e+00,-0.000000000000000000e+00
-2.358982541911713859e+00,1.580328014825292282e+00,3.625041881899589979e-01,1.500000000000000000e+00,0.000000000000000000e+00,0.000000000000000000e+00,5.000000000000000278e-02,3.538473812867570789e+00,3.523987062320865338e+00,-1.500000000000000000e+00,0.000000000000000000e+00
9.005550646482092247e-01,2.717865009910089391e+00,4.452335601441164137e-01,1.500000000000000000e+00,0.000000000000000000e+00,0.000000000000000000e+00,5.000000000000000278e-02,-1.350832596972313837e+00,-1.368290087016889922e+00,-1.500000000000000000e+00,-0.000000000000000000e+00
-1.439931163703756178e+00,1.508767610664851766e+00,4.052519097175988350e-02,1.500000000000000000e+00,0.000000000000000000e+00,0.000000000000000000e+00,5.000000000000000278e-02,2.159896745555634379e+00,2.175359242708365670e+00,-1.500000000000000000e+00,0.000000000000000000e+00
2.157923418789009062e+00,8.554323115942372713e-01,7.775812350319376565e-01,1.500000000000000000e+00,0.000000000000000000e+00,0.000000000000000000e+00,5.000000000000000278e-02,-3.236885128183513594e+00,-3.128499098377809151e+00,-1.500000000000000000e+00,-0.000000000000000000e+00
1.983457563913026078e+00,2.512188645530367026e+00,5.256401383452493636e-01,1.500000000000000000e+00,0.000000000000000000e+00,0.000000000000000000e+00,5.000000000000000278e-02,-2.975186345869539117e+00,-3.276545628911917252e+00,-1.500000000000000000e+00,-0.000000000000000000e+00
-2.558143467180609143e+00,2.810785838317177099e+00,7.803068370635645179e-01,1.500000000000000000e+00,0.000000000000000000e+00,0.000000000000000000e+00,5.000000000000000278e-02,3.837215200770913714e+00,3.834762024063531616e+00,-1.500000000000000000e+00,0.000000000000000000e+00
-1.653728924720269333e+00,3.215559798419678206e-01,4.090806269862604649e-01,1.500000000000000000e+00,0.000000000000000000e+00,0.000000000000000000e+00,5.000000000000000278e-02,2.480593387080404000e+00,2.627507380706251006e+00,-1.500000000000000000e+00,0.000000000000000000e+00
-2.353302653365056951e+00,2.809162608828920771e+00,9.784222073413810783e-01,1.500000000000000000e+00,0.000000000000000000e+00,0.000000000000000000e+00,5.000000000000000278e-02,3.529953980047585205e+00,3.805169686568330434e+00,-1.500000000000000000e+00,0.000000000000000000e+00
2.344080476478502817e+00,1.022878403348291165e+00,4.548248691903824525e-01,1.500000000000000000e+00,0.000000000000000000e+00,0.000000000000000000e+00,5.000000000000000278e-02,-3.516120714717754225e+00,-3.363380372102582783e+00,-1.500000000000000000e+00,-0.000000000000000000e+00
1.041768399518861798e+00,7.811572551045173896e-01,4.682664517184877973e-01,1.500000000000000000e+00,0.000000000000000000e+00,0.000000000000000000e+00,5.000000000000000278e-02,-1.562652599278292698e+00,-1.671879903012695179e+00,-1.500000000000000000e+00,-0.000000000000000000e+00
-2.862374051369718231e+00,3.247141796077005482e-01,5.960633680566096437e-02,1.500000000000000000e+00,0.000000000000000000e+00,0.000000000000000000e+00,5.000000000000000278e-02,4.293561077054577346e+00,4.128054378654823608e+00,-1.500000000000000000e+00,0.000000000000000000e+00
5.718599813203866233e-01,2.590036810046447258e+00,5.314114841552891599e-01,1.500000000000000000e+00,0.000000000000000000e+00,0.000000000000000000e+00,5.000000000000000278e-02,-8.577899719805799350e-01,-8.170432898499919716e-01,-1.500000000000000000e+00,-0.000000000000000000e+00
1.472767198061005978e+00,1.458206893917926461e+00,4.138774102584287240e-01,1.500000000000000000e+00,0.000000000000000000e+00,0.000000000000000000e+00,5.000000000000000278e-02,-2.209150797091508966e+00,-2.084859600462551477e+00,-1.500000000000000000e+00,-0.000000000000000000e+00
-2.874404349818368676e+00,1.049138446043169637e+00,4.371366747665573760e-01,1.500000000000000000e+00,0.000000000000000000e+00,0.000000000000000000e+00,5.000000000000000278e-02,4.311606524727553236e+00,4.208082025787611258e+00,-1.500000000000000000e+00,0.000000000000000000e+00
-1.711016229804048772e+00,9.310000643569031897e-01,2.508059688052260983e-01,1.500000000000000000e+00,0.000000000000000000e+00,0.000000000000000000e+00,5.000000000000000278e-02,2.566524344706073268e+00,2.522709596990774905e+00,-1.500000000000000000e+00,0.000000000000000000e+00
-1.734396634173618557e+00,2.802489625690248953e+00,1.740696116455685560e-01,1.500000000000000000e+00,0.000000000000000000e+00,0.000000000000000000e+00,5.000000000000000278e-02,2.601594951260427724e+00,2.690481581014908752e+00,-1.500000000000000000e+00,0.000000000000000000e+00
-2.149833711244979462e+00,7.328601663963283386e-01,3.539180140490406634e-01,1.500000000000000000e+00,0.000000000000000000e+00,0.000000000000000000e+00,5.000000000000000278e-02,3.224750566867469193e+00,3.393988572707880014e+00,-1.500000000000000000e+00,0.000000000000000000e+00
-2.382907796214494667e+00,2.164415728214853729e+00,2.368241978462524155e-01,1.500000000000000000e+00,0.000000000000000000e+00,0.000000000000000000e+00,5.000000000000000278e-02,3.574361694321742000e+00,3.484452133184257505e+00,-1.500000000000000000e+00,0.000000000000000000e+00
7.248327846944668806e-01,1.732911751441821968e+00,4.163404764288243243e-01,1.500000000000000000e+00,0.000000000000000000e+00,0.000000000000000000e+00,5.000000000000000278e-02,-1.087249177041700321e+00,-1.145560822713546756e+00,-1.500000000000000000e+00,-0.000000000000000000e+00
-2.161226179301877437e+00,1.391392550443344422e+00,1.526023942179270954e-01,1.500000000000000000e+00,0.000000000000000000e+00,0.000000000000000000e+00,5.000000000000000278e-02,3.241839268952816155e+00,2.958436230404422052e+00,-1.500000000000000000e+00,0.000000000000000000e+00
1.156176293486304019e+00,4.819560301612205722e-01,8.885378995903181476e-01,1.500000000000000000e+00,0.000000000000000000e+00,0.000000000000000000e+00,5.000000000000000278e-02,-1.734264440229456028e+00,-1.799236184426882046e+00,-1.500000000000000000e+00,-0.000000000000000000e+00
-2.999362026897367528e-01,9.576447568457936432e-01,1.650637238931778050e-01,1.500000000000000000e+00,0.000000000000000000e+00,0.000000000000000000e+00,5.000000000000000278e-02,4.499043040346051292e-01,3.674671785554962655e-01,-1.500000000000000000e+00,0.000000000000000000e+00
-2.161897930987414895e+00,1.810577684056509540e+00,5.787964308328019669e-01,1.500000000000000000e+00,0.000000000000000000e+00,0.000000000000000000e+00,5.000000000000000278e-02,3.242846896481122343e+00,3.106851835311743582e+00,-1.500000000000000000e+00,0.000000000000000000e+00
-8.655672486572019153e-02,1.336356528826736056e+00,6.644926314385867228e-01,1.500000000000000000e+00,0.000000000000000000e+00,0.000000000000000000e+00,5.000000000000000278e-02,1.298350872985802873e-01,1.839717908650129741e-01,-1.500000000000000000e+00,0.000000000000000000e+00
2.384293521032883945e+00,2.593432870653253453e+00,1.663984191659714229e-01,1.500000000000000000e+00,0.000000000000000000e+00,0.000000000000000000e+00,5.000000000000000278e-02,-3.576440281549325917e+00,-3.512855162689211497e+00,-1.500000000000000000e+00,-0.000000000000000000e+00
2.384680545407140251e+00,6.980727499639384215e-01,1.541532701973049591e-01,1.500000000000000000e+00,0.000000000000000000e+00,0.000000000000000000e+00,5.000000000000000278e-02,-3.577020818110710376e+00,-3.677984110431948395e+00,-1.500000000000000000e+00,-0.000000000000000000e+00
2.899465599206801691e+00,8.737872721775773455e-01,9.101896049858315685e-01,1.500000000000000000e+00,0.000000000000000000e+00,0.000000000000000000e+00,5.000000000000000278e-02,-4.349198398810202093e+00,-4.144644339228260144e+00,-1.500000000000000000e+00,-0.000000000000000000e+00
4.592343632006503640e-01,1.196061510154767582e+00,5.007467333169520751e-01,1.500000000000000000e+00,0.000000000000000000e+00,0.000000000000000000e+00,5.000000000000000278e-02,-6.888515448009755460e-01,-7.638895302659074460e-01,-1.500000000000000000e+00,-0.000000000000000000e+00
-2.160542253664631929e+00,1.205854195731315137e+00,4.913237389000535416e-02,1.500000000000000000e+00,0.000000000000000000e+00,0.000000000000000000e+00,5.000000000000000278e-02,3.240813380496947893e+00,3.310723576492931031e+00,-1.500000000000000000e+00,0.000000000000000000e+00
-2.032535801420002564e+00,2.696443517997264561e+00,1.687232511909800836e-01,1.500000000000000000e+00,0.000000000000000000e+00,0.000000000000000000e+00,5.000000000000000278e-02,3.048803702130003845e+00,2.953438296123781726e+00,-1.500000000000000000e+00,0.000000000000000000e+00
1.714590632939464676e+00,6.366615782944863300e-01,9.059188609965426187e-01,1.500000000000000000e+00,0.000000000000000000e+00,0.000000000000000000e+00,5.000000000000000278e-02,-2.571885949409197014e+00,-2.525011769105862669e+00,-1.500000000000000000e+00,-0.000000000000000000e+00
4.085452434260874455e-01,3.679643399980760954e-01,2.189638044453940946e-01,1.500000000000000000e+00,0.000000000000000000e+00,0.000000000000000000e+00,5.000000000000000278e-02,-6.128178651391311682e-01,-5.568845455442087422e-01,-1.500000000000000000e+00,-0.000000000000000000e+00
2.514469219057915872e+00,1.698417501087992276e+00,4.875845463286313519e-01,1.500000000000000000e+00,0.000000000000000000e+00,0.000000000000000000e+00,5.000000000000000278e-02,-3.771703828586873808e+00,-3.997854630171346901e+00,-1.500000000000000000e+00,-0.000000000000000000e+00
2.301507840463777654e+00,5.506211320368893380e-01,9.023271303324741366e-01,1.500000000000000000e+00,0.000000000000000000e+00,0.000000000000000000e+00,5.000000000000000278e-02,-3.452261760695666482e+00,-3.354432003724167277e+00,-1.500000000000000000e+00,-0.000000000000000000e+00
1.064354167900256165e+00,2.390862986435500659e+00,1.676268611976835521e-01,1.500000000000000000e+00,0.000000000000000000e+00,0.000000000000000000e+00,5.000000000000000278e-02,-1.596531251850384248e+00,-1.611468188605932994e+00,-1.500000000000000000e+00,-0.000000000000000000e+00
2.039198135637222187e+00,2.066824071913200278e+00,7.369012598464907970e-02,1.500000000000000000e+00,0.000000000000000000e+00,0.000000000000000000e+00,5.000000000000000278e-02,-3.058797203455833280e+00,-3.108632401168613502e+00,-1.500000000000000000e+00,-0.000000000000000000e+00
7.280553181710036625e-02,8.045950066412271839e-01,6.568223491662170677e-01,1.500000000000000000e+00,0.000000000000000000e+00,0.000000000000000000e+00,5.000000000000000278e-02,-1.092082977256505494e-01,-1.941125282495833049e-01,-1.500000000000000000e+00,-0.000000000000000000e+00
2.530781384019904934e+00,2.260394088624707365e+00,5.026252057879083690e-01,1.500000000000000000e+00,0.000000000000000000e+00,0.000000000000000000e+00,5.000000000000000278e-02,-3.796172076029857401e+00,-3.826466087176032094e+00,-1.500000000000000000e+00,-0.000000000000000000e+00
-3.192210908732207031e-02,2.883368853406218513e+00,7.626701096135339863e-01,1.500000000000000000e+00,0.000000000000000000e+00,0.000000000000000000e+00,5.000000000000000278e-02,4.788316363098310546e-02,3.890433313239090307e-02,-1.500000000000000000e+00,0.000000000000000000e+00
5.815410303954897664e-01,2.264103384812687914e-01,1.603873938451039205e-02,1.500000000000000000e+00,0.000000000000000000e+00,0.000000000000000000e+00,5.000000000000000278e-02,-8.723115455932346496e-01,-8.722139875279087962e-01,-1.500000000000000000e+00,-0.000000000000000000e+00
2.927830916334893452e+00,1.847952778499404758e+00,3.655560409083429274e-01,1.500000000000000000e+00,0.000000000000000000e+00,0.000000000000000000e+00,5.000000000000000278e-02,-4.391746374502339734e+00,-4.450636787651578885e+00,-1.500000000000000000e+00,-0.000000000000000000e+00
1.809953628054440600e+00,3.322517890391182283e-01,8.051607736105370616e-01,1.500000000000000000e+00,0.000000000000000000e+00,0.000000000000000000e+00,5.000000000000000278e-02,-2.714930442081660900e+00,-2.875054232216229799e+00,-1.500000000000000000e+00,-0.000000000000000000e+00
4.739899141777543790e-01,2.396530829188802336e+00,6.259231855047484583e-01,1.500000000000000000e+00,0.000000000000000000e+00,0.000000000000000000e+00,5.000000000000000278e-02,-7.109848712666315684e-01,-6.412504348544375565e-01,-1.500000000000000000e+00,-0.000000000000000000e+00
-2.045887439347046310e+00,1.333060607767580397e+00,9.643052230880809761e-01,1.500000000000000000e+00,0.000000000000000000e+00,0.000000000000000000e+00,5.000000000000000278e-02,3.068831159020569466e+00,3.027125713396304540e+00,-1.500000000000000000e+00,0.000000000000000000e+00
-2.149927023689345518e+00,1.624535205987988729e+00,9.504608196499263473e-01,1.500000000000000000e+00,0.000000000000000000e+00,0.000000000000000000e+00,5.000000000000000278e-02,3.224890535534018277e+00,3.401275723632869230e+00,-1.500000000000000000e+00,0.000000000000000000e+00
2.337431362128997492e+00,9.841840247786324269e-01,9.047814474643161020e-01,1.500000000000000000e+00,0.000000000000000000e+00,0.000000000000000000e+00,5.000000000000000278e-02,-3.506147043193496238e+00,-3.573086796701162360e+00,-1.500000000000000000e+00,-0.000000000000000000e+00
-2.958357658771328502e+00,1.906799738850347037e+00,6.335535068900717270e-01,1.500000000000000000e+00,0.000000000000000000e+00,0.000000000000000000e+00,5.000000000000000278e-02,4.437536488156992753e+00,4.238535676127868079e+00,-1.500000000000000000e+00,0.000000000000000000e+00
7.664834286627657534e-01,1.535816232410565085e-01,8.698355924445799747e-02,1.500000000000000000e+00,0.000000000000000000e+00,0.000000000000000000e+00,5.000000000000000278e-02,-1.149725142994148630e+00,-1.082414198260736482e+00,-1.500000000000000000e+00,-0.000000000000000000e+00
9.882914822863684279e-01,2.415310707302197324e-01,2.124798640408291917e-01,1.500000000000000000e+00,0.000000000000000000e+00,0.000000000000000000e+00,5.000000000000000278e-02,-1.482437223429552642e+00,-1.402351951591489065e+00,-1.500000000000000000e+00,-0.000000000000000000e+00
-9.126798179144879342e-01,1.253677351571408138e+00,8.408353193207113163e-01,1.500000000000000000e+00,0.000000000000000000e+00,0.000000000000000000e+00,5.000000000000000278e-02,1.369019726871731901e+00,1.336436807358937884e+00,-1.500000000000000000e+00,0.000000000000000000e+00
-1.668967246779754054e+00,1.423060595850540455e+00,5.319606952037023717e-01,1.500000000000000000e+00,0.000000000000000000e+00,0.000000000000000000e+00,5.000000000000000278e-02,2.503450870169630971e+00,2.514553891644261796e+00,-1.500000000000000000e+00,0.000000000000000000e+00
5.626981400160255831e-01,1.078068281513467896e-01,7.565477694004362208e-01,1.500000000000000000e+00,0.000000000000000000e+00,0.000000000000000000e+00,5.000000000000000278e-02,-8.440472100240383746e-01,-8.242975174996547416e-01,-1.500000000000000000e+00,-0.000000000000000000e+00
2.814686880880103104e+00,1.163260261912424820e+00,5.046742871298595112e-01,1.500000000000000000e+00,0.000000000000000000e+00,0.000000000000000000e+00,5.000000000000000278e-02,-4.222030321320154655e+00,-4.529435580082324719e+00,-1.500000000000000000e+00,-0.000000000000000000e+00
6.110566923341309575e-02,7.452332098880620759e-02,4.353646230463825706e-01,1.500000000000000000e+00,0.000000000000000000e+00,0.000000000000000000e+00,5.000000000000000278e-02,-9.165850385011964363e-02,-1.205932087305330580e-01,-1.500000000000000000e+00,-0.000000000000000000e+00
7.916416977200535499e-01,2.926895721914064996e+00,5.136233565509282784e-01,1.500000000000000000e+00,0.000000000000000000e+00,0.000000000000000000e+00,5.000000000000000278e-02,-1.187462546580080325e+00,-1.312696830342518828e+00,-1.500000000000000000e+00,-0.000000000000000000e+00
-4.440000827581060960e-01,1.278261454465112301e+00,3.204809843434834882e-01,1.500000000000000000e+00,0.000000000000000000e+00,0.000000000000000000e+00,5.000000000000000278e-02,6.660001241371591441e-01,7.097457742830627359e-01,-1.500000000000000000e+00,0.000000000000000000e+00
-1.585169195293458344e+00,2.272404776187696651e+00,6.973229576102139005e-01,1.500000000000000000e+00,0.000000000000000000e+00,0.000000000000000000e+00,5.000000000000000278e-02,2.377753792940187516e+00,2.139942062382491628e+00,-1.500000000000000000e+00,0.000000000000000000e+00
7.607709198913861215e-01,4.576358149136486864e-01,8.943489681952798698e-02,1.500000000000000000e+00,0.000000000000000000e+00,0.000000000000000000e+00,5.000000000000000278e-02,-1.141156379837079182e+00,-1.156940143485909012e+00,-1.500000000000000000e+00,-0.000000000000000000e+00
1.393359870424045965e+00,7.949217450818795161e-01,7.592115759515345452e-01,1.500000000000000000e+00,0.000000000000000000e+00,0.000000000000000000e+00,5.000000000000000278e-02,-2.090039805636068948e+00,-2.237005095491245932e+00,-1.500000000000000000e+00,-0.000000000000000000e+00
2.356810667136564064e-01,2.092531427904983143e+00,6.168075124646673624e-01,1.500000000000000000e+00,0.000000000000000000e+00,0.000000000000000000e+00,5.000000000000000278e-02,-3.535216000704846095e-01,-3.624947714890831563e-01,-1.500000000000000000e+00,-0.000000000000000000e+00
2.222450787920244863e+00,1.152553800323373290e+00,6.713976972132519316e-01,1.500000000000000000e+00,0.000000000000000000e+00,0.000000000000000000e+00,5.000000000000000278e-02,-3.333676181880367295e+00,-3.388316680130023517e+00,-1.500000000000000000e+00,-0.000000000000000000e+00
2.935950137232724799e+00,1.607620733044412553e+00,9.571059660004999081e-01,1.500000000000000000e+00,0.000000000000000000e+00,0.000000000000000000e+00,5.000000000000000278e-02,-4.403925205849087199e+00,-4.534212059550892349e+00,-1.500000000000000000e+00,-0.000000000000000000e+00
-2.193005127420702305e+00,2.591898343552339945e+00,7.260596602207312067e-01,1.500000000000000000e+00,0.000000000000000000e+00,0.000000000000000000e+00,5.000000000000000278e-02,3.289507691131053235e+00,3.356148500817836666e+00,-1.500000000000000000e+00,0.000000000000000000e+00
-1.366485041711097193e+00,1.647831415157598123e+00,1.902187888001405369e-02,1.500000000000000000e+00,0.000000000000000000e+00,0.000000000000000000e+00,5.000000000000000278e-02,2.049727562566645567e+00,2.006178926561361653e+00,-1.500000000000000000e+00,0.000000000000000000e+00
1.223119168947846447e+00,2.720575686226545553e+00,6.255392092976961305e-01,1.500000000000000000e+00,0.000000000000000000e+00,0.000000000000000000e+00,5.000000000000000278e-02,-1.834678753421769670e+00,-1.764364204374519574e+00,-1.500000000000000000e+00,-0.000000000000000000e+00
3.603343032261618895e-01,8.956776497441185647e-01,3.746629484539241162e-01,1.500000000000000000e+00,0.000000000000000000e+00,0.000000000000000000e+00,5.000000000000000278e-02,-5.405014548392428342e-01,-5.309144091603509308e-01,-1.500000000000000000e+00,-0.000000000000000000e+00
-2.521280485330872789e+00,1.935459976643360225e+00,8.306476419314814397e-01,1.500000000000000000e+00,0.000000000000000000e+00,0.000000000000000000e+00,5.000000000000000278e-02,3.781920727996308962e+00,3.556721119577528789e+00,-1.500000000000000000e+00,0.000000000000000000e+00
-7.834202581780913555e-01,4.517891568872038910e-01,6.016322404552549852e-01,1.500000000000000000e+00,0.000000000000000000e+00,0.000000000000000000e+00,5.000000000000000278e-02,1.175130387267137033e+00,1.151169779653233416e+00,-1.500000000000000000e+00,0.000000000000000000e+00
-8.905860310253501666e-01,3.972464714677551578e-01,7.217081154060727144e-01,1.500000000000000000e+00,0.000000000000000000e+00,0.000000000000000000e+00,5.000000000000000278e-02,1.335879046538025250e+00,1.333099915412315539e+00,-1.500000000000000000e+00,0.000000000000000000e+00
2.757468525719514396e+00,1.246234280931717731e+00,7.581334996080024702e-01,1.500000000000000000e+00,0.000000000000000000e+00,0.000000000000000000e+00,5.000000000000000278e-02,-4.136202788579272038e+00,-3.989097812776316143e+00,-1.500000000000000000e+00,-0.000000000000000000e+00
-2.295417483051610752e+00,2.120100470740208909e+00,2.175378879398991439e-01,1.500000000000000000e+00,0.000000000000000000e+00,0.000000000000000000e+00,5.000000000000000278e-02,3.443126224577416128e+00,3.638229983914483601e+00,-1.500000000000000000e+00,0.000000000000000000e+00
2.323041385697412586e+00,1.510348448920273201e+00,4.560889534575354176e-01,1.500000000000000000e+00,0.000000000000000000e+00,0.000000000000000000e+00,5.000000000000000278e-02,-3.484562078546118880e+00,-3.535257975660188734e+00,-1.500000000000000000e+00,-0.000000000000000000e+00
2.635963726912897265e+00,4.090186340003869603e-01,9.511633360393362269e-01,1.500000000000000000e+00,0.000000000000000000e+00,0.000000000000000000e+00,5.000000000000000278e-02,-3.953945590369345897e+00,-3.910312207532852025e+00,-1.500000000000000000e+00,-0.000000000000000000e+00
-9.646437067101576446e-01,1.858269223074029863e+00,6.860348125719986090e-01,1.500000000000000000e+00,0.000000000000000000e+00,0.000000000000000000e+00,5.000000000000000278e-02,1.446965560065236467e+00,1.439261578764755578e+00,-1.500000000000000000e+00,0.000000000000000000e+00
2.885350000641349055e-01,2.930405987172709725e+00,6.814525699758228194e-01,1.500000000000000000e+00,0.000000000000000000e+00,0.000000000000000000e+00,5.000000000000000278e-02,-4.328025000962023583e-01,-4.215819596947333325e-01,-1.500000000000000000e+00,-0.000000000000000000e+00
4.600847308131967850e-01,2.781534417380624014e+00,9.867675687841970245e-03,1.500000000000000000e+00,0.000000000000000000e+00,0.000000000000000000e+00,5.000000000000000278e-02,-6.901270962197951775e-01,-7.445980110805666685e-01,-1.500000000000000000e+00,-0.000000000000000000e+00
2.661703202430558690e+00,3.926578454622645653e-01,2.095865609297168364e-01,1.500000000000000000e+00,0.000000000000000000e+00,0.000000000000000000e+00,5.000000000000000278e-02,-3.992554803645838035e+00,-4.134750837028231096e+00,-1.500000000000000000e+00,-0.000000000000000000e+00
-1.399581037521976601e+00,9.594159001701251244e-01,4.075949046916503837e-01,1.500000000000000000e+00,0.000000000000000000e+00,0.000000000000000000e+00,5.000000000000000278e-02,2.099371556282965123e+00,2.174003279515692721e+00,-1.500000000000000000e+00,0.000000000000000000e+00
2.059868144466041606e-01,9.735433587788130394e-01,9.646969279104555817e-01,1.500000000000000000e+00,0.000000000000000000e+00,0.000000000000000000e+00,5.000000000000000278e-02,-3.089802216699062409e-01,-2.503593072292609745e-01,-1.500000000000000000e+00,-0.000000000000000000e+00
-2.856767409188614160e-01,1.157873449512468511e+00,3.968825921314500516e-02,1.500000000000000000e+00,0.000000000000000000e+00,0.000000000000000000e+00,5.000000000000000278e-02,4.285151113782921239e-01,4.384315469819238809e-01,-1.500000000000000000e+00,0.000000000000000000e+00
2.406808543620497787e+00,2.102685016468063495e+00,5.175376741520171242e-01,1.500000000000000000e+00,0.000000000000000000e+00,0.000000000000000000e+00,5.000000000000000278e-02,-3.610212815430746680e+00,-3.672360146697896344e+00,-1.500000000000000000e+00,-0.000000000000000000e+00
2.743364341287424679e+00,2.575003328789221335e+00,3.909789801401302167e-01,1.500000000000000000e+00,0.000000000000000000e+00,0.000000000000000000e+00,5.000000000000000278e-02,-4.115046511931137019e+00,-4.033266932078818812e+00,-1.500000000000000000e+00,-0.000000000000000000e+00
-1.894099849096534838e+00,4.582736430056444377e-01,3.965040109075057551e-01,1.500000000000000000e+00,0.000000000000000000e+00,0.000000000000000000e+00,5.000000000000000278e-02,2.841149773644802146e+00,2.737947369035075962e+00,-1.500000000000000000e+00,0.000000000000000000e+00
6.388106899268350958e-01,2.162609508923842405e+00,4.202688456551197937e-01,1.500000000000000000e+00,0.000000000000000000e+00,0.000000000000000000e+00,5.000000000000000278e-02,-9.582160348902526437e-01,-8.772168764234262728e-01,-1.500000000000000000e+00,-0.000000000000000000e+00
3.935456752534287617e-01,2.879616851905727248e+00,3.105913956426890055e-01,1.500000000000000000e+00,0.000000000000000000e+00,0.000000000000000000e+00,5.000000000000000278e-02,-5.903185128801431425e-01,-6.616967474092869672e-01,-1.500000000000000000e+00,-0.000000000000000000e+00
-2.160489196852001470e+00,2.831252068471916683e+00,5.928502217265139151e-01,1.500000000000000000e+00,0.000000000000000000e+00,0.000000000000000000e+00,5.000000000000000278e-02,3.240733795278002205e+00,3.269956909144471791e+00,-1.500000000000000000e+00,0.000000000000000000e+00
-8.711263610820552117e-02,1.628755423982149564e+00,6.273050304605011229e-01,1.500000000000000000e+00,0.000000000000000000e+00,0.000000000000000000e+00,5.000000000000000278e-02,1.306689541623082818e-01,1.858050213053898392e-01,-1.500000000000000000e+00,0.000000000000000000e+00
-2.057274367322962316e+00,5.422487547778951367e-01,1.138197052361082928e-01,1.500000000000000000e+00,0.000000000000000000e+00,0.000000000000000000e+00,5.000000000000000278e-02,3.085911550984443252e+00,3.019418596637727603e+00,-1.500000000000000000e+00,0.000000000000000000e+00
-1.407504274350227957e+00,2.156542568011581285e+00,7.295995690057144323e-02,1.500000000000000000e+00,0.000000000000000000e+00,0.000000000000000000e+00,5.000000000000000278e-02,2.111256411525341825e+00,2.007800295544897473e+00,-1.500000000000000000e+00,0.000000000000000000e+00
-3.327199090238401880e-01,2.482171392031847557e+00,2.159346950000039511e-01,1.500000000000000000e+00,0.000000000000000000e+00,0.000000000000000000e+00,5.000000000000000278e-02,4.990798635357602819e-01,4.694760870879313708e-01,-1.500000000000000000e+00,0.000000000000000000e+00
-2.404553555522045194e+00,5.096345558245329865e-01,5.772667488722483808e-01,1.500000000000000000e+00,0.000000000000000000e+00,0.000000000000000000e+00,5.000000000000000278e-02,3.606830333283067791e+00,3.632829478628624376e+00,-1.500000000000000000e+00,0.000000000000000000e+00
-1.355281156328015824e+00,8.175500853220536435e-01,7.505317230540866635e-01,1.500000000000000000e+00,0.000000000000000000e+00,0.000000000000000000e+00,5.000000000000000278e-02,2.032921734492023624e+00,2.137944835442470826e+00,-1.500000000000000000e+00,0.000000000000000000e+00
-8.836519454878843938e-01,2.641711964591149098e+00,4.968242598143162159e-01,1.500000000000000000e+00,0.000000000000000000e+00,0.000000000000000000e+00,5.000000000000000278e-02,1.325477918231826591e+00,1.319585029684953614e+00,-1.500000000000000000e+00,0.000000000000000000e+00
-2.817543344261341787e+00,1.861063739901454905e+00,1.627491910185352442e-01,1.500000000000000000e+00,0.000000000000000000e+00,0.000000000000000000e+00,5.000000000000000278e-02,4.226315016392012680e+00,4.310155407735031474e+00,-1.500000000000000000e+00,0.000000000000000000e+00
2.433524533708628645e+00,2.648178603860239511e-01,3.997838419032686552e-01,1.500000000000000000e+00,0.000000000000000000e+00,0.000000000000000000e+00,5.000000000000000278e-02,-3.650286800562942968e+00,-3.526578493561249861e+00,-1.500000000000000000e+00,-0.000000000000000000e+00
2.776903825142738036e+00,2.801849865981711929e+00,1.308812302810169470e-02,1.500000000000000000e+00,0.000000000000000000e+00,0.000000000000000000e+00,5.000000000000000278e-02,-4.165355737714106610e+00,-4.114206754786285281e+00,-1.500000000000000000e+00,-0.000000000000000000e+00
1.065500484733640008e+00,1.424175766866607962e+00,1.559477035832623759e-01,1.500000000000000000e+00,0.000000000000000000e+00,0.000000000000000000e+00,5.000000000000000278e-02,-1.598250727100460011e+00,-1.554519416645387730e+00,-1.500000000000000000e+00,-0.000000000000000000e+00
1.612175169086413007e+00,2.021410536876094177e+00,6.903041181808764470e-01,1.500000000000000000e+00,0.000000000000000000e+00,0.000000000000000000e+00,5.000000000000000278e-02,-2.418262753629619510e+00,-2.362135104143076703e+00,-1.500000000000000000e+00,-0.000000000000000000e+00
-1.940665120273423083e+00,1.997588378981856483e+00,6.418985105330190510e-01,1.500000000000000000e+00,0.000000000000000000e+00,0.000000000000000000e+00,5.000000000000000278e-02,2.910997680410134514e+00,2.999431324434561841e+00,-1.500000000000000000e+00,0.000000000000000000e+00
-4.804939851854106436e-02,5.638713046101765380e-01,7.364108705690103340e-01,1.500000000000000000e+00,0.000000000000000000e+00,0.000000000000000000e+00,5.000000000000000278e-02,7.207409777781159654e-02,2.987085901309651653e-02,-1.500000000000000000e+00,0.000000000000000000e+00
-2.723232994724201994e+00,1.283734586819055057e+00,7.323357010927958877e-01,1.500000000000000000e+00,0.000000000000000000e+00,0.000000000000000000e+00,5.000000000000000278e-02,4.084849492086302547e+00,3.954311481015601260e+00,-1.500000000000000000e+00,0.000000000000000000e+00
-1.585185152967130140e+00,1.124089627495208799e+00,2.895940533263232641e-01,1.500000000000000000e+00,0.000000000000000000e+00,0.000000000000000000e+00,5.000000000000000278e-02,2.377777729450695432e+00,2.288943448334935127e+00,-1.500000000000000000e+00,0.000000000000000000e+00
-2.536346899290032653e+00,1.783498630053544254e+00,2.183830815190200836e-01,1.500000000000000000e+00,0.000000000000000000e+00,0.000000000000000000e+00,5.000000000000000278e-02,3.804520348935048979e+00,4.153345235264938928e+00,-1.500000000000000000e+00,0.000000000000000000e+00
1.829775767133893005e+00,2.481958430690921258e+00,3.011104614955936176e-01,1.500000000000000000e+00,0.000000000000000000e+00,0.000000000000000000e+00,5.000000000000000278e-02,-2.744663650700839508e+00,-2.775409173194133494e+00,-1.500000000000000000e+00,-0.000000000000000000e+00
2.274411406937678848e+00,1.843745665522701582e+00,2.070605922545973865e-01,1.500000000000000000e+00,0.000000000000000000e+00,0.000000000000000000e+00,5.000000000000000278e-02,-3.411617110406518272e+00,-3.489849257890105694e+00,-1.500000000000000000e+00,-0.000000000000000000e+00
-2.042276104567675610e+00,1.535914665043484950e+00,7.631708179995485564e-01,1.500000000000000000e+00,0.000000000000000000e+00,0.000000000000000000e+00,5.000000000000000278e-02,3.063414156851513415e+00,3.233084548140988446e+00,-1.500000000000000000e+00,0.000000000000000000e+00
-2.423590543731187097e+00,7.594954914181147876e-01,1.145296599335128285e-01,1.500000000000000000e+00,0.000000000000000000e+00,0.000000000000000000e+00,5.000000000000000278e-02,3.635385815596780645e+00,3.718525316818638959e+00,-1.500000000000000000e+00,0.000000000000000000e+00
-2.254536266484264750e+00,1.720041844620594507e+00,3.501730581652975349e-01,1.500000000000000000e+00,0.000000000000000000e+00,0.000000000000000000e+00,5.000000000000000278e-02,3.381804399726397126e+00,3.314032199482069618e+00,-1.500000000000000000e+00,0.000000000000000000e+00
2.603380413326730647e+00,2.981047443430127508e+00,1.031521329553575228e-02,1.500000000000000000e+00,0.000000000000000000e+00,0.000000000000000000e+00,5.000000000000000278e-02,-3.905070619990095970e+00,-3.698874542253571374e+00,-1.500000000000000000e+00,-0.000000000000000000e+00
-1.391772644363049594e+00,2.695350987668065912e-02,2.537773928079459784e-01,1.500000000000000000e+00,0.000000000000000000e+00,0.000000000000000000e+00,5.000000000000000278e-02,2.087658966544574390e+00,1.991365874262419844e+00,-1.500000000000000000e+00,0.000000000000000000e+00
-4.854437308129622153e-01,1.768500498033773294e+00,2.937465914349812746e-02,1.500000000000000000e+00,0.000000000000000000e+00,0.000000000000000000e+00,5.000000000000000278e-02,7.281655962194433229e-01,6.727609256713714680e-01,-1.500000000000000000e+00,0.000000000000000000e+00
2.295662465962907461e+00,1.002894226701345648e+00,6.247744259018847002e-01,1.500000000000000000e+00,0.000000000000000000e+00,0.000000000000000000e+00,5.000000000000000278e-02,-3.443493698944361192e+00,-3.591780437380293289e+00,-1.500000000000000000e+00,-0.000000000000000000e+00
-2.950530684439137907e+00,4.403316334781400831e-01,7.055095753169640105e-01,1.500000000000000000e+00,0.000000000000000000e+00,0.000000000000000000e+00,5.000000000000000278e-02,4.425796026658707305e+00,4.707959647121031210e+00,-1.500000000000000000e+00,0.000000000000000000e+00
5.363790983191059070e-01,1.078770449452709945e+00,7.621794105411872078e-01,1.500000000000000000e+00,0.000000000000000000e+00,0.000000000000000000e+00,5.000000000000000278e-02,-8.045686474786588605e-01,-8.070311690996141429e-01,-1.500000000000000000e+00,-0.000000000000000000e+00
1.143365145040915465e-01,9.642211775581821520e-02,9.860614333164738898e-01,1.500000000000000000e+00,0.000000000000000000e+00,0.000000000000000000e+00,5.000000000000000278e-02,-1.715047717561373197e-01,-1.157254251293433067e-01,-1.500000000000000000e+00,-0.000000000000000000e+00
-1.980146019609088537e+00,3.393856346436241456e-02,9.758419809201870354e-01,1.500000000000000000e+00,0.000000000000000000e+00,0.000000000000000000e+00,5.000000000000000278e-02,2.970219029413632583e+00,2.799103644960919457e+00,-1.500000000000000000e+00,0.000000000000000000e+00
7.176312176404033849e-01,1.783248394755853727e+00,9.752950457390335837e-01,1.500000000000000000e+00,0.000000000000000000e+00,0.000000000000000000e+00,5.000000000000000278e-02,-1.076446826460605077e+00,-1.173814564637955637e+00,-1.500000000000000000e+00,-0.000000000000000000e+00
2.145500895348874337e+00,1.083991455677958626e+00,4.584428822836530415e-01,1.500000000000000000e+00,0.000000000000000000e+00,0.000000000000000000e+00,5.000000000000000278e-02,-3.218251343023311506e+00,-3.182915200444655923e+00,-1.500000000000000000e+00,-0.000000000000000000e+00
-2.097985162592605590e+00,1.619796524334269572e+00,3.004213489812318505e-01,1.500000000000000000e+00,0.000000000000000000e+00,0.000000000000000000e+00,5.000000000000000278e-02,3.146977743888908385e+00,3.092410005361242220e+00,-1.500000000000000000e+00,0.000000000000000000e+00
-2.090008533821937853e+00,2.730829899347232192e+00,1.694743130375269136e-01,1.500000000000000000e+00,0.000000000000000000e+00,0.000000000000000000e+00,5.000000000000000278e-02,3.135012800732906779e+00,2.832989274193562057e+00,-1.500000000000000000e+00,0.000000000000000000e+00
4.331870164563058623e-01,1.217190336180716148e+00,5.183008705780256520e-01,1.500000000000000000e+00,0.000000000000000000e+00,0.000000000000000000e+00,5.000000000000000278e-02,-6.497805246844587934e-01,-6.409618868263725622e-01,-1.500000000000000000e+00,-0.000000000000000000e+00
1.361702156143377529e+00,1.211606086871113153e+00,4.967302156184582040e-01,1.500000000000000000e+00,0.000000000000000000e+00,0.000000000000000000e+00,5.000000000000000278e-02,-2.042553234215066293e+00,-1.842287207914773850e+00,-1.500000000000000000e+00,-0.000000000000000000e+00
1.853701341440601169e+00,2.989744227683303279e+00,9.787406854869269424e-01,1.500000000000000000e+00,0.000000000000000000e+00,0.000000000000000000e+00,5.000000000000000278e-02,-2.780552012160901754e+00,-2.753417598536681776e+00,-1.500000000000000000e+00,-0.000000000000000000e+00
2.817392611772241651e+00,1.551678589659649665e+00,6.981902047347566809e-01,1.500000000000000000e+00,0.000000000000000000e+00,0.000000000000000000e+00,5.000000000000000278e-02,-4.226088917658362476e+00,-4.520582273323082489e+00,-1.500000000000000000e+00,-0.000000000000000000e+00
2.112528241901915571e+00,2.205342902556739482e-02,3.006130184630799729e-01,1.500000000000000000e+00,0.000000000000000000e+00,0.000000000000000000e+00,5.000000000000000278e-02,-3.168792362852873357e+00,-3.285069664769737940e+00,-1.500000000000000000e+00,-0.000000000000000000e+00
8.215709619941158337e-02,5.611711599998014943e-02,8.829599590497912986e-01,1.500000000000000000e+00,0.000000000000000000e+00,0.000000000000000000e+00,5.000000000000000278e-02,-1.232356442991173751e-01,-1.641926231650676915e-01,-1.500000000000000000e+00,-0.000000000000000000e+00
-1.530064665651531541e-02,1.226902704341630290e+00,5.043894655899618940e-01,1.500000000000000000e+00,0.000000000000000000e+00,0.000000000000000000e+00,5.000000000000000278e-02,2.295096998477297312e-02,-7.648978260996902589e-02,-1.500000000000000000e+00,0.000000000000000000e+00
3.242226211578431716e-01,7.259365474384326111e-01,7.243221613270245385e-02,1.500000000000000000e+00,0.000000000000000000e+00,0.000000000000000000e+00,5.000000000000000278e-02,-4.863339317367647574e-01,-5.390602711664687074e-01,-1.500000000000000000e+00,-0.000000000000000000e+00
-6.085278911830371840e-01,9.561285112109950690e-01,7.504741512255410640e-01,1.500000000000000000e+00,0.000000000000000000e+00,0.000000000000000000e+00,5.000000000000000278e-02,9.127918367745557759e-01,8.558072303381998314e-01,-1.500000000000000000e+00,0.000000000000000000e+00
1.886224743939356685e+00,1.727605085477472047e+00,8.859073172018486764e-01,1.500000000000000000e+00,0.000000000000000000e+00,0.000000000000000000e+00,5.000000000000000278e-02,-2.829337115909035028e+00,-2.901831987924263778e+00,-1.500000000000000000e+00,-0.000000000000000000e+00
-2.250003566370284425e+00,2.013698021956005224e+00,4.101691915381207032e-01,1.500000000000000000e+00,0.000000000000000000e+00,0.000000000000000000e+00,5.000000000000000278e-02,3.375005349555426637e+00,3.282080021591067709e+00,-1.500000000000000000e+00,0.000000000000000000e+00
1.477803639986372097e+00,7.932993971915437426e-01,3.691483705928337855e-01,1.500000000000000000e+00,0.000000000000000000e+00,0.000000000000000000e+00,5.000000000000000278e-02,-2.216705459979558146e+00,-2.208867453834715278e+00,-1.500000000000000000e+00,-0.000000000000000000e+00
-2.178782738890054471e+00,1.736258763358068169e+00,4.442967467370262380e-01,1.500000000000000000e+00,0.000000000000000000e+00,0.000000000000000000e+00,5.000000000000000278e-02,3.268174108335081485e+00,3.336623138021750812e+00,-1.500000000000000000e+00,0.000000000000000000e+00
-1.362506642278062063e+00,2.441941328506266995e+00,1.244449753438503503e-02,1.500000000000000000e+00,0.000000000000000000e+00,0.000000000000000000e+00,5.000000000000000278e-02,2.043759963417093317e+00,2.080955510610806414e+00,-1.500000000000000000e+00,0.000000000000000000e+00
-5.686991793577256260e-02,1.099048003282925734e+00,6.927741991498030938e-01,1.500000000000000000e+00,0.000000000000000000e+00,0.000000000000000000e+00,5.000000000000000278e-02,8.530487690365884390e-02,8.318956241719356604e-02,-1.500000000000000000e+00,0.000000000000000000e+00
2.524635148632741632e+00,2.925959371332182535e+00,9.961798964076920004e-01,1.500000000000000000e+00,0.000000000000000000e+00,0.000000000000000000e+00,5.000000000000000278e-02,-3.786952722949112449e+00,-3.964227038422440508e+00,-1.500000000000000000e+00,-0.000000000000000000e+00
2.725892756030972919e+00,1.394047100276954998e+00,6.337480842529064073e-01,1.500000000000000000e+00,0.000000000000000000e+00,0.000000000000000000e+00,5.000000000000000278e-02,-4.088839134046459378e+00,-4.076019616629070086e+00,-1.500000000000000000e+00,-0.000000000000000000e+00
1.906007136426992155e+00,1.152981496973525255e-01,5.575891020196456216e-01,1.500000000000000000e+00,0.000000000000000000e+00,0.000000000000000000e+00,5.000000000000000278e-02,-2.859010704640488232e+00,-2.836837961036241751e+00,-1.500000000000000000e+00,-0.000000000000000000e+00
2.562335713269252579e-01,1.921253495111765019e+00,7.739456716543237080e-01,1.500000000000000000e+00,0.000000000000000000e+00,0.000000000000000000e+00,5.000000000000000278e-02,-3.843503569903878869e-01,-2.191890621044674803e-01,-1.500000000000000000e+00,-0.000000000000000000e+00
1.048801383251767305e+00,1.818394931881557319e-01,2.340966913532034344e-01,1.500000000000000000e+00,0.000000000000000000e+00,0.000000000000000000e+00,5.000000000000000278e-02,-1.573202074877650958e+00,-1.603899993826877424e+00,-1.500000000000000000e+00,-0.000000000000000000e+00
-2.002536809208127266e+00,8.247031915215911058e-01,6.526468681205680467e-01,1.500000000000000000e+00,0.000000000000000000e+00,0.000000000000000000e+00,5.000000000000000278e-02,3.003805213812190900e+00,3.044174941732003870e+00,-1.500000000000000000e+00,0.000000000000000000e+00
7.951214495303631224e-01,1.654092665407936202e+00,2.221070408694335585e-01,1.500000000000000000e+00,0.000000000000000000e+00,0.000000000000000000e+00,5.000000000000000278e-02,-1.192682174295544684e+00,-1.154524894642404043e+00,-1.500000000000000000e+00,-0.000000000000000000e+00
2.268721322886250391e+00,1.186163161292090429e+00,3.479647419257041463e-01,1.500000000000000000e+00,0.000000000000000000e+00,0.000000000000000000e+00,5.000000000000000278e-02,-3.403081984329375587e+00,-3.283213524985832077e+00,-1.500000000000000000e+00,-0.000000000000000000e+00
7.729624098755549788e-01,1.305994992082650352e+00,3.137640758809719932e-01,1.500000000000000000e+00,0.000000000000000000e+00,0.000000000000000000e+00,5.000000000000000278e-02,-1.159443614813332468e+00,-1.277947422961702717e+00,-1.500000000000000000e+00,-0.000000000000000000e+00
-5.003699515321802238e-02,2.359751353276074326e+00,8.721388642260120561e-01,1.500000000000000000e+00,0.000000000000000000e+00,0.000000000000000000e+00,5.000000000000000278e-02,7.505549272982703357e-02,6.204441405410853622e-02,-1.500000000000000000e+00,0.000000000000000000e+00
-8.704310486919357714e-01,1.630444108138397130e+00,2.744602143858265730e-01,1.500000000000000000e+00,0.000000000000000000e+00,0.000000000000000000e+00,5.000000000000000278e-02,1.305646573037903657e+00,1.206942230894794577e+00,-1.500000000000000000e+00,0.000000000000000000e+00
-4.068533417077278003e-01,2.694337273051608861e+00,9.133123841019570310e-01,1.500000000000000000e+00,0.000000000000000000e+00,0.000000000000000000e+00,5.000000000000000278e-02,6.102800125615917004e-01,6.512120545059242316e-01,-1.500000000000000000e+00,0.000000000000000000e+00
-6.068157432184300148e-01,1.381173293949613523e+00,5.660432610430154998e-02,1.500000000000000000e+00,0.000000000000000000e+00,0.000000000000000000e+00,5.000000000000000278e-02,9.102236148276450223e-01,8.324975432326254809e-01,-1.500000000000000000e+00,0.000000000000000000e+00
4.073075031435706705e-01,1.022798390328423235e+00,6.100451762336327466e-01,1.500000000000000000e+00,0.000000000000000000e+00,0.000000000000000000e+00,5.000000000000000278e-02,-6.109612547153560058e-01,-7.091993332162515040e-01,-1.500000000000000000e+00,-0.000000000000000000e+00
2.618254724092162533e+00,6.294632897443276365e-01,8.291779049137553148e-01,1.500000000000000000e+00,0.000000000000000000e+00,0.000000000000000000e+00,5.000000000000000278e-02,-3.927382086138243800e+00,-4.120025254680979465e+00,-1.500000000000000000e+00,-0.000000000000000000e+00
-6.387568910158032409e-01,1.272317872655787774e+00,2.232494367992798878e-02,1.500000000000000000e+00,0.000000000000000000e+00,0.000000000000000000e+00,5.000000000000000278e-02,9.581353365237048614e-01,1.046787589153401310e+00,-1.500000000000000000e+00,0.000000000000000000e+00
1.844585237430296232e-01,1.017111290549437941e+00,7.542540156403115814e-01,1.500000000000000000e+00,0.000000000000000000e+00,0.000000000000000000e+00,5.000000000000000278e-02,-2.766877856145444348e-01,-2.317191719868286204e-01,-1.500000000000000000e+00,-0.000000000000000000e+00
1.465569790178575360e+00,1.210752133698715927e+00,1.731406413283792523e-01,1.500000000000000000e+00,0.000000000000000000e+00,0.000000000000000000e+00,5.000000000000000278e-02,-2.198354685267863040e+00,-2.093282130192551715e+00,-1.500000000000000000e+00,-0.000000000000000000e+00
-1.753618052483054468e+00,5.833540443520383034e-01,5.344056154454818186e-01,1.500000000000000000e+00,0.000000000000000000e+00,0.000000000000000000e+00,5.000000000000000278e-02,2.630427078724581591e+00,2.544259637395838602e+00,-1.500000000000000000e+00,0.000000000000000000e+00
6.529489212826513622e-01,2.294288239918902850e+00,1.398722692220494279e-01,1.500000000000000000e+00,0.000000000000000000e+00,0.000000000000000000e+00,5.000000000000000278e-02,-9.794233819239770433e-01,-9.650547712794605992e-01,-1.500000000000000000e+00,-0.000000000000000000e+00
3.213955933969430134e-01,1.380608342108395004e+00,3.103960324300665263e-01,1.500000000000000000e+00,0.000000000000000000e+00,0.000000000000000000e+00,5.000000000000000278e-02,-4.820933900954145201e-01,-5.317499548518619390e-01,-1.500000000000000000e+00,-0.000000000000000000e+00
1.745412134649169111e+00,8.256357664135481889e-01,2.657732281972897681e-01,1.500000000000000000e+00,0.000000000000000000e+00,0.000000000000000000e+00,5.000000000000000278e-02,-2.618118201973753667e+00,-2.651611012675218593e+00,-1.500000000000000000e+00,-0.000000000000000000e+00
1.274959682921756432e+00,8.378470875595781520e-01,4.744026473246744091e-01,1.500000000000000000e+00,0.000000000000000000e+00,0.000000000000000000e+00,5.000000000000000278e-02,-1.912439524382634648e+00,-1.811924126680064751e+00,-1.500000000000000000e+00,-0.000000000000000000e+00
-2.855598238554249768e+00,2.386987849047138788e+00,8.387974827902119346e-01,1.500000000000000000e+00,0.000000000000000000e+00,0.000000000000000000e+00,5.000000000000000278e-02,4.283397357831374208e+00,4.500890101850086644e+00,-1.500000000000000000e+00,0.000000000000000000e+00
-1.265878249343141526e+00,2.575391399856128416e-01,1.317637240407014687e-01,1.500000000000000000e+00,0.000000000000000000e+00,0.000000000000000000e+00,5.000000000000000278e-02,1.898817374014712289e+00,1.883642399621467289e+00,-1.500000000000000000e+00,0.000000000000000000e+00
-2.879026584648181064e+00,1.147642148987725541e+00,5.031089774582379048e-01,1.500000000000000000e+00,0.000000000000000000e+00,0.000000000000000000e+00,5.000000000000000278e-02,4.318539876972272040e+00,4.121417767935145804e+00,-1.500000000000000000e+00,0.000000000000000000e+00
1.235251087172946072e+00,1.370957201923862279e+00,5.578521138543635072e-01,1.500000000000000000e+00,0.000000000000000000e+00,0.000000000000000000e+00,5.000000000000000278e-02,-1.852876630759419108e+00,-1.902945541405066665e+00,-1.500000000000000000e+00,-0.000000000000000000e+00
1.018368796129369258e+00,2.125328891893241146e+00,1.181742305530792958e-01,1.500000000000000000e+00,0.000000000000000000e+00,0.000000000000000000e+00,5.000000000000000278e-02,-1.527553194194053887e+00,-1.654460664600285291e+00,-1.500000000000000000e+00,-0.000000000000000000e+00
6.052101724326628407e-01,2.689817260804219234e+00,5.966917576224535225e-01,1.500000000000000000e+00,0.000000000000000000e+00,0.000000000000000000e+00,5.000000000000000278e-02,-9.078152586489942610e-01,-9.941962053506484542e-01,-1.500000000000000000e+00,-0.000000000000000000e+00
2.017392511779751985e+00,3.219352870398572986e-01,8.635607403082843359e-01,1.500000000000000000e+00,0.000000000000000000e+00,0.000000000000000000e+00,5.000000000000000278e-02,-3.026088767669627977e+00,-3.096716819496360351e+00,-1.500000000000000000e+00,-0.000000000000000000e+00
2.389953406779618206e+00,1.679168844468309052e+00,5.355848168946703014e-01,1.500000000000000000e+00,0.000000000000000000e+00,0.000000000000000000e+00,5.000000000000000278e-02,-3.584930110169427309e+00,-3.519584518470876500e+00,-1.500000000000000000e+00,-0.000000000000000000e+00
-1.031507925376505375e+00,2.831848506428259249e+00,7.031610103387342381e-02,1.500000000000000000e+00,0.000000000000000000e+00,0.000000000000000000e+00,5.000000000000000278e-02,1.547261888064757951e+00,1.633801580636762951e+00,-1.500000000000000000e+00,0.000000000000000000e+00
2.096588583050363219e+00,1.454399440985987280e-02,5.539225698642914475e-01,1.500000000000000000e+00,0.000000000000000000e+00,0.000000000000000000e+00,5.000000000000000278e-02,-3.144882874575544829e+00,-2.891246904689509734e+00,-1.500000000000000000e+00,-0.000000000000000000e+00
1.033175936484873603e-01,1.563372906664551865e-01,4.437046938345271530e-01,1.500000000000000000e+00,0.000000000000000000e+00,0.000000000000000000e+00,5.000000000000000278e-02,-1.549763904727310404e-01,-1.609529268788382206e-01,-1.500000000000000000e+00,-0.000000000000000000e+00
2.578449999827701511e+00,8.010359189615341435e-01,7.018996434477543511e-01,1.500000000000000000e+00,0.000000000000000000e+00,0.000000000000000000e+00,5.000000000000000278e-02,-3.867674999741552266e+00,-3.743503600723859570e+00,-1.500000000000000000e+00,-0.000000000000000000e+00
-2.658307500793102296e+00,2.111305062831123625e+00,6.840558728119757737e-01,1.500000000000000000e+00,0.000000000000000000e+00,0.000000000000000000e+00,5.000000000000000278e-02,3.987461251189653666e+00,3.604459678932766309e+00,-1.500000000000000000e+00,0.000000000000000000e+00
-2.161928184935778319e+00,2.910094369888453603e+00,3.879941853302861787e-01,1.500000000000000000e+00,0.000000000000000000e+00,0.000000000000000000e+00,5.000000000000000278e-02,3.242892277403667478e+00,3.325677176825612591e+00,-1.500000000000000000e+00,0.000000000000000000e+00
9.956323487100529057e-01,1.715451864727875364e+00,9.441789230197689120e-01,1.500000000000000000e+00,0.000000000000000000e+00,0.000000000000000000e+00,5.000000000000000278e-02,-1.493448523065079359e+00,-1.315177494117769186e+00,-1.500000000000000000e+00,-0.000000000000000000e+00
-2.023361752322621054e+00,1.811051323934503188e+00,3.079704307979826972e-01,1.500000000000000000e+00,0.000000000000000000e+00,0.000000000000000000e+00,5.000000000000000278e-02,3.035042628483931360e+00,3.133091037170341320e+00,-1.500000000000000000e+00,0.000000000000000000e+00
9.901623630610707494e-01,1.908961703523173625e+00,7.434380526701451775e-01,1.500000000000000000e+00,0.000000000000000000e+00,0.000000000000000000e+00,5.000000000000000278e-02,-1.485243544591606124e+00,-1.374946976745371918e+00,-1.500000000000000000e+00,-0.000000000000000000e+00
-2.205558086016893959e+00,1.747746059678998209e+00,5.006502196975050056e-01,1.500000000000000000e+00,0.000000000000000000e+00,0.000000000000000000e+00,5.000000000000000278e-02,3.308337129025340939e+00,3.440058042821001028e+00,-1.500000000000000000e+00,0.000000000000000000e+00
2.171608261940644269e+00,4.330368194941158766e-02,5.755696445412143980e-01,1.500000000000000000e+00,0.000000000000000000e+00,0.000000000000000000e+00,5.000000000000000278e-02,-3.257412392910966403e+00,-3.120604897826319224e+00,-1.500000000000000000e+00,-0.000000000000000000e+00
2.140332189123927975e-01,2.822788257665183043e+00,1.813098934539323359e-01,1.500000000000000000e+00,0.000000000000000000e+00,0.000000000000000000e+00,5.000000000000000278e-02,-3.210498283685891963e-01,-2.646698936348765296e-01,-1.500000000000000000e+00,-0.000000000000000000e+00
-2.821987852833489185e+00,3.466769007513669232e-01,4.659710523864361020e-01,1.500000000000000000e+00,0.000000000000000000e+00,0.000000000000000000e+00,5.000000000000000278e-02,4.232981779250233778e+00,3.983454492871552954e+00,-1.500000000000000000e+00,0.000000000000000000e+00
-1.178671125806936892e+00,2.136095064794734100e-01,3.097551904060976691e-01,1.500000000000000000e+00,0.000000000000000000e+00,0.000000000000000000e+00,5.000000000000000278e-02,1.768006688710405339e+00,1.726762043630661880e+00,-1.500000000000000000e+00,0.000000000000000000e+00
-5.026971033258309518e-02,2.182969181693202199e+00,5.850543993275361121e-01,1.500000000000000000e+00,0.000000000000000000e+00,0.000000000000000000e+00,5.000000000000000278e-02,7.540456549887464277e-02,1.439493409231555610e-01,-1.500000000000000000e+00,0.000000000000000000e+00
1.294819605380654437e+00,1.946491836126281516e+00,6.303139755782077858e-01,1.500000000000000000e+00,0.000000000000000000e+00,0.000000000000000000e+00,5.000000000000000278e-02,-1.942229408070981655e+00,-2.009897502826592408e+00,-1.500000000000000000e+00,-0.000000000000000000e+00
-1.275617619600974972e+00,1.909462725840591846e+00,2.964638698575735587e-01,1.500000000000000000e+00,0.000000000000000000e+00,0.000000000000000000e+00,5.000000000000000278e-02,1.913426429401462459e+00,2.031542279682647223e+00,-1.500000000000000000e+00,0.000000000000000000e+00
1.219005941568308771e+00,8.042025305033275728e-01,7.568051172455879660e-01,1.500000000000000000e+00,0.000000000000000000e+00,0.000000000000000000e+00,5.000000000000000278e-02,-1.828508912352463156e+00,-1.896655212649386746e+00,-1.500000000000000000e+00,-0.000000000000000000e+00
9.927245069110535169e-01,1.938081810591228304e+00,9.960083603133649266e-01,1.500000000000000000e+00,0.000000000000000000e+00,0.000000000000000000e+00,5.000000000000000278e-02,-1.489086760366580275e+00,-1.510413846107172331e+00,-1.500000000000000000e+00,-0.000000000000000000e+00
2.287186413689235032e+00,3.234884194068162744e-01,1.035683680079734215e-01,1.500000000000000000e+00,0.000000000000000000e+00,0.000000000000000000e+00,5.000000000000000278e-02,-3.430779620533852547e+00,-3.565451160146809517e+00,-1.500000000000000000e+00,-0.000000000000000000e+00
-6.277670511532171815e-01,1.199956779694586917e+00,8.933805367777785111e-01,1.500000000000000000e+00,0.000000000000000000e+00,0.000000000000000000e+00,5.000000000000000278e-02,9.416505767298257723e-01,9.889608810206844680e-01,-1.500000000000000000e+00,0.000000000000000000e+00
-2.268730970648764167e+00,2.147058578218176805e+00,5.517693457288610492e-01,1.500000000000000000e+00,0.000000000000000000e+00,0.000000000000000000e+00,5.000000000000000278e-02,3.403096455973146028e+00,3.456634492796607283e+00,-1.500000000000000000e+00,0.000000000000000000e+00
-1.669863102067028260e+00,3.347627471544167843e-02,6.026945176089338885e-01,1.500000000000000000e+00,0.000000000000000000e+00,0.000000000000000000e+00,5.000000000000000278e-02,2.504794653100542501e+00,2.234403359693897695e+00,-1.500000000000000000e+00,0.000000000000000000e+00
1.907025445051819368e+00,9.755403277458412070e-01,5.848123368348863149e-01,1.500000000000000000e+00,0.000000000000000000e+00,0.000000000000000000e+00,5.000000000000000278e-02,-2.860538167577729052e+00,-3.030587700320447109e+00,-1.500000000000000000e+00,-0.000000000000000000e+00
-6.008512705011703758e-02,9.913484570049683198e-01,9.807994568713439554e-01,1.500000000000000000e+00,0.000000000000000000e+00,0.000000000000000000e+00,5.000000000000000278e-02,9.012769057517555638e-02,3.267420516708319927e-02,-1.500000000000000000e+00,0.000000000000000000e+00
4.123403090414017313e-01,1.054096739986579268e+00,1.722090021814974836e-01,1.500000000000000000e+00,0.000000000000000000e+00,0.000000000000000000e+00,5.000000000000000278e-02,-6.185104635621025970e-01,-5.940325387710908567e-01,-1.500000000000000000e+00,-0.000000000000000000e+00
-1.069806725733840613e+00,2.884772640338848060e+00,5.705838002628107475e-01,1.500000000000000000e+00,0.000000000000000000e+00,0.000000000000000000e+00,5.000000000000000278e-02,1.604710088600760809e+00,1.631492448016421459e+00,-1.500000000000000000e+00,0.000000000000000000e+00
1.965371908988740479e+00,3.109961927047133479e-02,9.594897826020335474e-01,1.500000000000000000e+00,0.000000000000000000e+00,0.000000000000000000e+00,5.000000000000000278e-02,-2.948057863483110719e+00,-3.223193830804899296e+00,-1.500000000000000000e+00,-0.000000000000000000e+00
-2.684917164755724173e+00,8.312614647265288426e-01,9.754112139075183929e-01,1.500000000000000000e+00,0.000000000000000000e+00,0.000000000000000000e+00,5.000000000000000278e-02,4.027375747133586259e+00,4.127323571394212465e+00,-1.500000000000000000e+00,0.000000000000000000e+00
2.965197786073878738e+00,2.981183443001953925e+00,4.177922754800833527e-01,1.500000000000000000e+00,0.000000000000000000e+00,0.000000000000000000e+00,5.000000000000000278e-02,-4.447796679110817664e+00,-4.194117341165839008e+00,-1.500000000000000000e+00,-0.000000000000000000e+00
1.502355982317898686e+00,9.268295295783633980e-01,7.398309858877686329e-01,1.500000000000000000e+00,0.000000000000000000e+00,0.000000000000000000e+00,5.000000000000000278e-02,-2.253533973476848029e+00,-2.241513549750371315e+00,-1.500000000000000000e+00,-0.000000000000000000e+00
-1.657028149334504041e+00,1.568213831958075843e+00,8.698946635586800591e-01,1.500000000000000000e+00,0.000000000000000000e+00,0.000000000000000000e+00,5.000000000000000278e-02,2.485542224001755951e+00,2.556067744551401066e+00,-1.500000000000000000e+00,0.000000000000000000e+00
1.178536211884971152e+00,2.142009086110340910e+00,8.106818174853768211e-01,1.500000000000000000e+00,0.000000000000000000e+00,0.000000000000000000e+00,5.000000000000000278e-02,-1.767804317827456728e+00,-1.439958935965564901e+00,-1.500000000000000000e+00,-0.000000000000000000e+00
-1.573931375534958654e+00,2.605645332766907796e+00,7.573111417309654758e-01,1.500000000000000000e+00,0.000000000000000000e+00,0.000000000000000000e+00,5.000000000000000278e-02,2.360897063302437981e+00,2.354430633923729754e+00,-1.500000000000000000e+00,0.000000000000000000e+00
-1.311191760023650232e+00,2.357508365435796893e+00,4.051399540259161824e-01,1.500000000000000000e+00,0.000000000000000000e+00,0.000000000000000000e+00,5.000000000000000278e-02,1.966787640035475349e+00,1.925625830048234510e+00,-1.500000000000000000e+00,0.000000000000000000e+00
5.218052946553246585e-01,1.122622021197495767e+00,1.953294914687070394e-01,1.500000000000000000e+00,0.000000000000000000e+00,0.000000000000000000e+00,5.000000000000000278e-02,-7.827079419829869877e-01,-7.575647111433918557e-01,-1.500000000000000000e+00,-0.000000000000000000e+00
3.264445868824981112e-01,2.113778050227506977e+00,4.295162763628657121e-01,1.500000000000000000e+00,0.000000000000000000e+00,0.000000000000000000e+00,5.000000000000000278e-02,-4.896668803237471668e-01,-4.950246918215520098e-01,-1.500000000000000000e+00,-0.000000000000000000e+00
1.802467378664621478e+00,9.642676748521002983e-01,8.896753242089200375e-01,1.500000000000000000e+00,0.000000000000000000e+00,0.000000000000000000e+00,5.000000000000000278e-02,-2.703701067996932217e+00,-2.860293203849491928e+00,-1.500000000000000000e+00,-0.000000000000000000e+00
9.797466770124261259e-01,2.140682722786486636e+00,7.235040395847942563e-01,1.500000000000000000e+00,0.000000000000000000e+00,0.000000000000000000e+00,5.000000000000000278e-02,-1.469620015518639189e+00,-1.495167520772767489e+00,-1.500000000000000000e+00,-0.000000000000000000e+00
-2.986226316843988204e+00,2.683471559984094590e+00,9.239021420161400711e-01,1.500000000000000000e+00,0.000000000000000000e+00,0.000000000000000000e+00,5.000000000000000278e-02,4.479339475265982529e+00,4.214286261262648381e+00,-1.500000000000000000e+00,0.000000000000000000e+00
-1.975749227840730704e+00,2.335259583232097036e+00,5.672779246008355925e-01,1.500000000000000000e+00,0.000000000000000000e+00,0.000000000000000000e+00,5.000000000000000278e-02,2.963623841761096056e+00,3.210481972869834166e+00,-1.500000000000000000e+00,0.000000000000000000e+00
-2.909812558525879389e+00,2.183315274382517046e+00,8.648062665989889597e-01,1.500000000000000000e+00,0.000000000000000000e+00,0.000000000000000000e+00,5.000000000000000278e-02,4.364718837788819528e+00,4.103033681736784288e+00,-1.500000000000000000e+00,0.000000000000000000e+00
1.323995751920945096e+00,2.137405609009924490e+00,6.690167508286684050e-01,1.500000000000000000e+00,0.000000000000000000e+00,0.000000000000000000e+00,5.000000000000000278e-02,-1.985993627881417645e+00,-1.811123325817046936e+00,-1.500000000000000000e+00,-0.000000000000000000e+00
8.401370019171277015e-01,2.302860843292759085e+00,6.494413399241308893e-01,1.500000000000000000e+00,0.000000000000000000e+00,0.000000000000000000e+00,5.000000000000000278e-02,-1.260205502875691552e+00,-1.303826014115692988e+00,-1.500000000000000000e+00,-0.000000000000000000e+00
2.723715871591594784e+00,2.726740350917107314e+00,7.415610724508459040e-01,1.500000000000000000e+00,0.000000000000000000e+00,0.000000000000000000e+00,5.000000000000000278e-02,-4.085573807387392620e+00,-4.375635456709854765e+00,-1.500000000000000000e+00,-0.000000000000000000e+00
2.703308447729844133e-01,8.497724173112426449e-01,2.522534576679572593e-01,1.500000000000000000e+00,0.000000000000000000e+00,0.000000000000000000e+00,5.000000000000000278e-02,-4.054962671594766199e-01,-4.216394125057409403e-01,-1.500000000000000000e+00,-0.000000000000000000e+00
7.280642989529262366e-01,6.922972003863414603e-01,7.887699524575159105e-01,1.500000000000000000e+00,0.000000000000000000e+00,0.000000000000000000e+00,5.000000000000000278e-02,-1.092096448429389355e+00,-1.003938584936523215e+00,-1.500000000000000000e+00,-0.000000000000000000e+00
1.154314257619825312e+00,2.938166446370339635e+00,7.626445578770043587e-01,1.500000000000000000e+00,0.000000000000000000e+00,0.000000000000000000e+00,5.000000000000000278e-02,-1.731471386429737969e+00,-1.720860587046141088e+00,-1.500000000000000000e+00,-0.000000000000000000e+00
-1.703640474610196964e+00,8.217054006153999834e-01,8.104754430835076073e-01,1.500000000000000000e+00,0.000000000000000000e+00,0.000000000000000000e+00,5.000000000000000278e-02,2.555460711915295668e+00,2.758485745387793120e+00,-1.500000000000000000e+00,0.000000000000000000e+00
-4.495723118102401550e-01,1.047035948891085200e+00,2.614799469292428125e-01,1.500000000000000000e+00,0.000000000000000000e+00,0.000000000000000000e+00,5.000000000000000278e-02,6.743584677153602325e-01,7.158776959731587564e-01,-1.500000000000000000e+00,0.000000000000000000e+00
1.113542540473535070e+00,9.393427282686577229e-01,1.197492628485040678e-01,1.500000000000000000e+00,0.000000000000000000e+00,0.000000000000000000e+00,5.000000000000000278e-02,-1.670313810710302604e+00,-1.643864913227698343e+00,-1.500000000000000000e+00,-0.000000000000000000e+00
-4.868179837903507945e-01,2.414621112631095468e+00,6.454567215208690811e-01,1.500000000000000000e+00,0.000000000000000000e+00,0.000000000000000000e+00,5.000000000000000278e-02,7.302269756855261917e-01,6.976850677186587912e-01,-1.500000000000000000e+00,0.000000000000000000e+00
2.499339474642567893e-01,2.088432618346458103e+00,6.911296066396256377e-01,1.500000000000000000e+00,0.000000000000000000e+00,0.000000000000000000e+00,5.000000000000000278e-02,-3.749009211963851840e-01,-3.328560692748155359e-01,-1.500000000000000000e+00,-0.000000000000000000e+00
-2.903533520288500203e+00,3.795304963750834037e-02,2.237248757657464004e-01,1.500000000000000000e+00,0.000000000000000000e+00,0.000000000000000000e+00,5.000000000000000278e-02,4.355300280432750526e+00,4.381373789272079655e+00,-1.500000000000000000e+00,0.000000000000000000e+00
-7.089112196102238528e-01,9.370457784133754409e-01,9.791566796457067401e-01,1.500000000000000000e+00,0.000000000000000000e+00,0.000000000000000000e+00,5.000000000000000278e-02,1.063366829415335779e+00,1.035175400569363635e+00,-1.500000000000000000e+00,0.000000000000000000e+00
-5.697938393531045698e-01,5.715629456489911275e-01,1.388921111510539319e-01,1.500000000000000000e+00,0.000000000000000000e+00,0.000000000000000000e+00,5.000000000000000278e-02,8.546907590296568547e-01,8.491980424014009543e-01,-1.500000000000000000e+00,0.000000000000000000e+00
1.497678557550051082e+00,2.132606898254108430e+00,3.801276002347344640e-01,1.500000000000000000e+00,0.000000000000000000e+00,0.000000000000000000e+00,5.000000000000000278e-02,-2.246517836325076622e+00,-2.170222418296021250e+00,-1.500000000000000000e+00,-0.000000000000000000e+00
1.593521491613803853e+00,1.063711075773223769e+00,3.685917872126135419e-01,1.500000000000000000e+00,0.000000000000000000e+00,0.000000000000000000e+00,5.000000000000000278e-02,-2.390282237420705780e+00,-2.353802028421287051e+00,-1.500000000000000000e+00,-0.000000000000000000e+00
2.080484984259023840e+00,2.409028443846030321e+00,1.507212582050888594e-01,1.500000000000000000e+00,0.000000000000000000e+00,0.000000000000000000e+00,5.000000000000000278e-02,-3.120727476388535759e+00,-2.926587857044101515e+00,-1.500000000000000000e+00,-0.000000000000000000e+00
1.232750529997920452e+00,2.264065870832042471e+00,4.403982720375968496e-01,1.500000000000000000e+00,0.000000000000000000e+00,0.000000000000000000e+00,5.000000000000000278e-02,-1.849125794996880678e+00,-1.641826498048973182e+00,-1.500000000000000000e+00,-0.000000000000000000e+00
-1.680479442419411384e-01,2.527797087663264275e+00,7.982957297288653109e-01,1.500000000000000000e+00,0.000000000000000000e+00,0.000000000000000000e+00,5.000000000000000278e-02,2.520719163629117077e-01,2.844870797057347245e-01,-1.500000000000000000e+00,0.000000000000000000e+00
1.046261357946990600e+00,6.565157545080091417e-01,8.268894817325347368e-01,1.500000000000000000e+00,0.000000000000000000e+00,0.000000000000000000e+00,5.000000000000000278e-02,-1.569392036920485900e+00,-1.505902661903725459e+00,-1.500000000000000000e+00,-0.000000000000000000e+00
-2.509858740728621029e-02,7.295905514232112754e-01,1.399319461757534411e-01,1.500000000000000000e+00,0.000000000000000000e+00,0.000000000000000000e+00,5.000000000000000278e-02,3.764788111092931544e-02,7.406651898949526136e-02,-1.500000000000000000e+00,0.000000000000000000e+00
-3.401140843912315859e-01,5.276364494854464127e-01,9.602637661697099869e-01,1.500000000000000000e+00,0.000000000000000000e+00,0.000000000000000000e+00,5.000000000000000278e-02,5.101711265868473788e-01,5.376183903077598192e-01,-1.500000000000000000e+00,0.000000000000000000e+00
-8.667813708238831794e-01,3.005715328109778151e-01,9.391765694753742011e-01,1.500000000000000000e+00,0.000000000000000000e+00,0.000000000000000000e+00,5.000000000000000278e-02,1.300172056235824769e+00,1.292276153023665941e+00,-1.500000000000000000e+00,0.000000000000000000e+00
2.193108732801041683e+00,2.959205732893361418e+00,2.834656204441332594e-01,1.500000000000000000e+00,0.000000000000000000e+00,0.000000000000000000e+00,5.000000000000000278e-02,-3.289663099201562524e+00,-3.392159187403940290e+00,-1.500000000000000000e+00,-0.000000000000000000e+00
-1.485079343432491816e+00,2.805047775315965275e+00,3.542225339780449289e-01,1.500000000000000000e+00,0.000000000000000000e+00,0.000000000000000000e+00,5.000000000000000278e-02,2.227619015148737613e+00,2.175998622389981207e+00,-1.500000000000000000e+00,0.000000000000000000e+00
-2.529444769682791527e+00,2.475110959589173820e+00,9.121195072534464821e-01,1.500000000000000000e+00,0.000000000000000000e+00,0.000000000000000000e+00,5.000000000000000278e-02,3.794167154524187069e+00,3.618135652845960504e+00,-1.500000000000000000e+00,0.000000000000000000e+00
-2.832910729468991917e+00,1.498297395013797439e+00,8.570845736751000477e-01,1.500000000000000000e+00,0.000000000000000000e+00,0.000000000000000000e+00,5.000000000000000278e-02,4.249366094203487876e+00,4.400223694417838338e+00,-1.500000000000000000e+00,0.000000000000000000e+00
-1.326400609457249136e+00,1.613909602025117129e+00,7.118423024371661745e-01,1.500000000000000000e+00,0.000000000000000000e+00,0.000000000000000000e+00,5.000000000000000278e-02,1.989600914185873703e+00,1.858959872685244985e+00,-1.500000000000000000e+00,0.000000000000000000e+00
-2.713089631020014103e+00,7.033754415708581842e-01,1.405358228686195421e-01,1.500000000000000000e+00,0.000000000000000000e+00,0.000000000000000000e+00,5.000000000000000278e-02,4.069634446530020710e+00,4.047099150160071268e+00,-1.500000000000000000e+00,0.000000000000000000e+00
1.478618967523455119e+00,9.376294413115526805e-02,8.183104354089547616e-01,1.500000000000000000e+00,0.000000000000000000e+00,0.000000000000000000e+00,5.000000000000000278e-02,-2.217928451285182678e+00,-2.313397710677145724e+00,-1.500000000000000000e+00,-0.000000000000000000e+00
-2.058380443094889767e+00,1.009975423267632344e+00,7.712336677991442624e-01,1.500000000000000000e+00,0.000000000000000000e+00,0.000000000000000000e+00,5.000000000000000278e-02,3.087570664642334428e+00,2.962128226766447270e+00,-1.500000000000000000e+00,0.000000000000000000e+00
-1.382625906406023342e+00,1.537638060765081249e+00,7.705273939849854870e-02,1.500000000000000000e+00,0.000000000000000000e+00,0.000000000000000000e+00,5.000000000000000278e-02,2.073938859609035124e+00,2.145851628681673340e+00,-1.500000000000000000e+00,0.000000000000000000e+00
1.190056197036240881e+00,6.279623756748730079e-01,4.620564153196859980e-01,1.500000000000000000e+00,0.000000000000000000e+00,0.000000000000000000e+00,5.000000000000000278e-02,-1.785084295554361322e+00,-1.769580648113358912e+00,-1.500000000000000000e+00,-0.000000000000000000e+00
2.206820095787517033e+00,2.523201897413919426e+00,5.925631094955392530e-01,1.500000000000000000e+00,0.000000000000000000e+00,0.000000000000000000e+00,5.000000000000000278e-02,-3.310230143681275550e+00,-3.154324482117870865e+00,-1.500000000000000000e+00,-0.000000000000000000e+00
1.560041251766691062e+00,1.536785108570413172e-01,3.902247713339936919e-01,1.500000000000000000e+00,0.000000000000000000e+00,0.000000000000000000e+00,5.000000000000000278e-02,-2.340061877650036593e+00,-2.444882434252402703e+00,-1.500000000000000000e+00,-0.000000000000000000e+00
8.244724957094895501e-01,5.966053184230278861e-01,8.028511197713985581e-01,1.500000000000000000e+00,0.000000000000000000e+00,0.000000000000000000e+00,5.000000000000000278e-02,-1.236708743564234325e+00,-1.270320846637940759e+00,-1.500000000000000000e+00,-0.000000000000000000e+00
1.301586768491196366e+00,7.336965900988017264e-01,9.938802603691048176e-01,1.500000000000000000e+00,0.000000000000000000e+00,0.000000000000000000e+00,5.000000000000000278e-02,-1.952380152736794550e+00,-1.941623991823536954e+00,-1.500000000000000000e+00,-0.000000000000000000e+00
-1.069848767121043487e+00,2.702735526361973228e+00,2.095676476955095069e-01,1.500000000000000000e+00,0.000000000000000000e+00,0.000000000000000000e+00,5.000000000000000278e-02,1.604773150681565230e+00,1.659145780899646372e+00,-1.500000000000000000e+00,0.000000000000000000e+00
2.784437766728477648e+00,2.539813740337814707e+00,1.710016804669998169e-01,1.500000000000000000e+00,0.000000000000000000e+00,0.000000000000000000e+00,5.000000000000000278e-02,-4.176656650092716916e+00,-4.061950056158846856e+00,-1.500000000000000000e+00,-0.000000000000000000e+00
-4.585236125849165845e-01,5.270855051105631794e-01,4.502066636622934492e-01,1.500000000000000000e+00,0.000000000000000000e+00,0.000000000000000000e+00,5.000000000000000278e-02,6.877854188773748767e-01,7.544222974703168605e-01,-1.500000000000000000e+00,0.000000000000000000e+00
1.027786175429502791e+00,1.343207408347398601e+00,9.024306764523426505e-01,1.500000000000000000e+00,0.000000000000000000e+00,0.000000000000000000e+00,5.000000000000000278e-02,-1.541679263144254186e+00,-1.639221847398410370e+00,-1.500000000000000000e+00,-0.000000000000000000e+00
3.352323343976593151e-02,8.166917287664562375e-01,7.799290010609510881e-01,1.500000000000000000e+00,0.000000000000000000e+00,0.000000000000000000e+00,5.000000000000000278e-02,-5.028485015964889726e-02,-5.908229932053617184e-02,-1.500000000000000000e+00,-0.000000000000000000e+00
-4.565516378091856176e-01,2.787552694178575763e+00,5.618130486992600758e-01,1.500000000000000000e+00,0.000000000000000000e+00,0.000000000000000000e+00,5.000000000000000278e-02,6.848274567137784263e-01,6.512397287080530228e-01,-1.500000000000000000e+00,0.000000000000000000e+00
-1.727985599166939501e+00,2.284292682205804947e+00,5.629433230789689935e-01,1.500000000000000000e+00,0.000000000000000000e+00,0.000000000000000000e+00,5.000000000000000278e-02,2.591978398750409252e+00,2.808962400192040576e+00,-1.500000000000000000e+00,0.000000000000000000e+00
2.835740577875455415e+00,1.255046852228858256e-01,8.884151177152214141e-01,1.500000000000000000e+00,0.000000000000000000e+00,0.000000000000000000e+00,5.000000000000000278e-02,-4.253610866813183122e+00,-4.580300773427292249e+00,-1.500000000000000000e+00,-0.000000000000000000e+00
8.955006431143197609e-01,1.072006753302462423e+00,8.733703674639367032e-01,1.500000000000000000e+00,0.000000000000000000e+00,0.000000000000000000e+00,5.000000000000000278e-02,-1.343250964671479641e+00,-1.404974095085921748e+00,-1.500000000000000000e+00,-0.000000000000000000e+00
1.768884080947744408e+00,8.026279830310811825e-02,7.927324469409480212e-01,1.500000000000000000e+00,0.000000000000000000e+00,0.000000000000000000e+00,5.000000000000000278e-02,-2.653326121421616612e+00,-2.517344374068750223e+00,-1.500000000000000000e+00,-0.000000000000000000e+00
3.564934792755916071e-01,1.626878506316775441e+00,8.701847076055752028e-01,1.500000000000000000e+00,0.000000000000000000e+00,0.000000000000000000e+00,5.000000000000000278e-02,-5.347402189133874106e-01,-5.817688719218576665e-01,-1.500000000000000000e+00,-0.000000000000000000e+00
-9.704982781868398689e-01,8.685565437331299599e-01,3.019034406166107853e-01,1.500000000000000000e+00,0.000000000000000000e+00,0.000000000000000000e+00,5.000000000000000278e-02,1.455747417280259803e+00,1.323886878414344936e+00,-1.500000000000000000e+00,0.000000000000000000e+00
2.768338747860719096e-01,2.968777274017524892e+00,5.453798969148869746e-01,1.500000000000000000e+00,0.000000000000000000e+00,0.000000000000000000e+00,5.000000000000000278e-02,-4.152508121791078644e-01,-3.449707497322824223e-01,-1.500000000000000000e+00,-0.000000000000000000e+00
7.345979197635985614e-01,2.283805022205843471e+00,4.964858239163182363e-01,1.500000000000000000e+00,0.000000000000000000e+00,0.000000000000000000e+00,5.000000000000000278e-02,-1.101896879645397842e+00,-1.059238540460454070e+00,-1.500000000000000000e+00,-0.000000000000000000e+00
-8.571631578160046061e-01,1.131846167660943259e+00,7.735782351499221887e-01,1.500000000000000000e+00,0.000000000000000000e+00,0.000000000000000000e+00,5.000000000000000278e-02,1.285744736724006909e+00,1.246903338219481627e+00,-1.500000000000000000e+00,0.000000000000000000e+00
-2.761891050400232750e+00,2.325070283799189674e+00,3.389188518023275032e-01,1.500000000000000000e+00,0.000000000000000000e+00,0.000000000000000000e+00,5.000000000000000278e-02,4.142836575600348681e+00,3.937158364386236897e+00,-1.500000000000000000e+00,0.000000000000000000e+00
2.205531574928034644e+00,2.626228547197436036e+00,8.008264644245896013e-01,1.500000000000000000e+00,0.000000000000000000e+00,0.000000000000000000e+00,5.000000000000000278e-02,-3.308297362392051966e+00,-3.346549739155172176e+00,-1.500000000000000000e+00,-0.000000000000000000e+00
-1.066902873857712875e+00,2.834318793750268739e+00,3.470042772938680686e-01,1.500000000000000000e+00,0.000000000000000000e+00,0.000000000000000000e+00,5.000000000000000278e-02,1.600354310786569201e+00,1.536858747055339869e+00,-1.500000000000000000e+00,0.000000000000000000e+00
2.617088480124031946e+00,1.046489825176360799e+00,3.520177341516058656e-01,1.500000000000000000e+00,0.000000000000000000e+00,0.000000000000000000e+00,5.000000000000000278e-02,-3.925632720186047919e+00,-4.063603226210152464e+00,-1.500000000000000000e+00,-0.000000000000000000e+00
2.237248617980008625e+00,1.145733182441949216e+00,2.285277207808839028e-01,1.500000000000000000e+00,0.000000000000000000e+00,0.000000000000000000e+00,5.000000000000000278e-02,-3.355872926970012937e+00,-3.234510195673216959e+00,-1.500000000000000000e+00,-0.000000000000000000e+00
2.525301293854694151e+00,1.665293501959577593e+00,7.183413889865719604e-01,1.500000000000000000e+00,0.000000000000000000e+00,0.000000000000000000e+00,5.000000000000000278e-02,-3.787951940782041227e+00,-3.945404566029954818e+00,-1.500000000000000000e+00,-0.000000000000000000e+00
-2.647112998730114519e+00,9.947927649063458277e-01,1.324272333858131923e-01,1.500000000000000000e+00,0.000000000000000000e+00,0.000000000000000000e+00,5.000000000000000278e-02,3.970669498095171779e+00,3.917712916824831915e+00,-1.500000000000000000e+00,0.000000000000000000e+00
5.012454348592156883e-01,4.015941669573028783e-01,3.560087280238138918e-01,1.500000000000000000e+00,0.000000000000000000e+00,0.000000000000000000e+00,5.000000000000000278e-02,-7.518681522888235325e-01,-7.888140425960591395e-01,-1.500000000000000000e+00,-0.000000000000000000e+00
1.598593363486795482e+00,2.637522214486669458e+00,6.931563983459457789e-01,1.500000000000000000e+00,0.000000000000000000e+00,0.000000000000000000e+00,5.000000000000000278e-02,-2.397890045230193223e+00,-2.310336642529975393e+00,-1.500000000000000000e+00,-0.000000000000000000e+00
-2.242461992119404890e+00,1.654011341333273766e+00,4.029000025313902444e-01,1.500000000000000000e+00,0.000000000000000000e+00,0.000000000000000000e+00,5.000000000000000278e-02,3.363692988179107335e+00,3.334606794136146579e+00,-1.500000000000000000e+00,0.000000000000000000e+00
7.795216507800994954e-01,8.989804478677413391e-01,5.960477250329195842e-01,1.500000000000000000e+00,0.000000000000000000e+00,0.000000000000000000e+00,5.000000000000000278e-02,-1.169282476170149243e+00,-1.105446407179937918e+00,-1.500000000000000000e+00,-0.000000000000000000e+00
2.183975709279398103e+00,5.241854906456522301e-02,7.835032029710425894e-01,1.500000000000000000e+00,0.000000000000000000e+00,0.000000000000000000e+00,5.000000000000000278e-02,-3.275963563919097155e+00,-3.486122827653825418e+00,-1.500000000000000000e+00,-0.000000000000000000e+00
1.829579299076964816e+00,2.848291614780594116e+00,5.382059486766234135e-01,1.500000000000000000e+00,0.000000000000000000e+00,0.000000000000000000e+00,5.000000000000000278e-02,-2.744368948615447223e+00,-2.836365338427759841e+00,-1.500000000000000000e+00,-0.000000000000000000e+00
2.980282152417758290e+00,5.014771833424080949e-01,5.536270184720611942e-01,1.500000000000000000e+00,0.000000000000000000e+00,0.000000000000000000e+00,5.000000000000000278e-02,-4.470423228626637879e+00,-4.537191713777055213e+00,-1.500000000000000000e+00,-0.000000000000000000e+00
2.094048145496819835e+00,1.291456562827967502e+00,4.395317498443321869e-01,1.500000000000000000e+00,0.000000000000000000e+00,0.000000000000000000e+00,5.000000000000000278e-02,-3.141072218245229752e+00,-3.132452432040338408e+00,-1.500000000000000000e+00,-0.000000000000000000e+00
-2.061101260806851521e+00,2.919040479436813218e+00,8.104617301982907085e-01,1.500000000000000000e+00,0.000000000000000000e+00,0.000000000000000000e+00,5.000000000000000278e-02,3.091651891210277281e+00,3.017202797578230289e+00,-1.500000000000000000e+00,0.000000000000000000e+00
3.625339547715755728e-01,4.206179732631384338e-01,4.421401499929226153e-01,1.500000000000000000e+00,0.000000000000000000e+00,0.000000000000000000e+00,5.000000000000000278e-02,-5.438009321573633592e-01,-4.424144743595792573e-01,-1.500000000000000000e+00,-0.000000000000000000e+00
-4.660069177931447371e-01,1.218688020321878840e+00,6.167935596953916244e-01,1.500000000000000000e+00,0.000000000000000000e+00,0.000000000000000000e+00,5.000000000000000278e-02,6.990103766897171056e-01,6.685065662513486329e-01,-1.500000000000000000e+00,0.000000000000000000e+00
1.167767062057050609e+00,1.001454581967413437e+00,2.457214361602421127e-01,1.500000000000000000e+00,0.000000000000000000e+00,0.000000000000000000e+00,5.000000000000000278e-02,-1.751650593085575913e+00,-1.787021018372745074e+00,-1.500000000000000000e+00,-0.000000000000000000e+00
1.562920503368318670e+00,5.726566284763896508e-01,1.121881073381869598e-01,1.500000000000000000e+00,0.000000000000000000e+00,0.000000000000000000e+00,5.000000000000000278e-02,-2.344380755052478005e+00,-2.506264705429735340e+00,-1.500000000000000000e+00,-0.000000000000000000e+00
1.405676673246094133e+00,1.643441022565265364e+00,7.761042757734810671e-01,1.500000000000000000e+00,0.000000000000000000e+00,0.000000000000000000e+00,5.000000000000000278e-02,-2.108515009869141199e+00,-2.155520299343308022e+00,-1.500000000000000000e+00,-0.000000000000000000e+00
2.989983795066509131e+00,2.697549782929036688e+00,3.186162189532855127e-01,1.500000000000000000e+00,0.000000000000000000e+00,0.000000000000000000e+00,5.000000000000000278e-02,-4.484975692599763697e+00,-4.002096436117846601e+00,-1.500000000000000000e+00,-0.000000000000000000e+00
2.830718986325893027e-01,4.623536171519316840e-01,6.851419235660360929e-01,1.500000000000000000e+00,0.000000000000000000e+00,0.000000000000000000e+00,5.000000000000000278e-02,-4.246078479488839541e-01,-4.119541777807660399e-01,-1.500000000000000000e+00,-0.000000000000000000e+00
2.128414732485849115e+00,9.494855894200197044e-01,3.550699244361285034e-01,1.500000000000000000e+00,0.000000000000000000e+00,0.000000000000000000e+00,5.000000000000000278e-02,-3.192622098728773672e+00,-3.341766895060388709e+00,-1.500000000000000000e+00,-0.000000000000000000e+00
8.399977046644053758e-01,2.682617203077311441e+00,7.986862372385760134e-01,1.500000000000000000e+00,0.000000000000000000e+00,0.000000000000000000e+00,5.000000000000000278e-02,-1.259996556996608064e+00,-1.200014983639100086e+00,-1.500000000000000000e+00,-0.000000000000000000e+00
9.829784570494295437e-01,1.338101463297405314e+00,8.660425175127267616e-01,1.500000000000000000e+00,0.000000000000000000e+00,0.000000000000000000e+00,5.000000000000000278e-02,-1.474467685574144316e+00,-1.502412382743105068e+00,-1.500000000000000000e+00,-0.000000000000000000e+00
-2.307491102155844409e+00,1.150933753187697306e-01,4.607012523086658762e-01,1.500000000000000000e+00,0.000000000000000000e+00,0.000000000000000000e+00,5.000000000000000278e-02,3.461236653233766614e+00,3.551672716953948150e+00,-1.500000000000000000e+00,0.000000000000000000e+00
1.364372938334089902e+00,1.026708159235390827e+00,7.801639173181701414e-01,1.500000000000000000e+00,0.000000000000000000e+00,0.000000000000000000e+00,5.000000000000000278e-02,-2.046559407501134853e+00,-2.170998554865674723e+00,-1.500000000000000000e+00,-0.000000000000000000e+00
1.819117010254378997e+00,2.765024134485369878e+00,7.426279271622703293e-01,1.500000000000000000e+00,0.000000000000000000e+00,0.000000000000000000e+00,5.000000000000000278e-02,-2.728675515381568495e+00,-2.815463225789019752e+00,-1.500000000000000000e+00,-0.000000000000000000e+00
-1.258795575887027285e+00,1.719133359341660672e+00,9.347780663134998003e-01,1.500000000000000000e+00,0.000000000000000000e+00,0.000000000000000000e+00,5.000000000000000278e-02,1.888193363830541038e+00,2.023298335084690702e+00,-1.500000000000000000e+00,0.000000000000000000e+00
7.846964367638538107e-01,2.907670340631121508e+00,7.162799589051043192e-01,1.500000000000000000e+00,0.000000000000000000e+00,0.000000000000000000e+00,5.000000000000000278e-02,-1.177044655145780716e+00,-1.175155800133843575e+00,-1.500000000000000000e+00,-0.000000000000000000e+00
5.148363656744376904e-01,1.896102909920596158e-01,4.508608910785746327e-01,1.500000000000000000e+00,0.000000000000000000e+00,0.000000000000000000e+00,5.000000000000000278e-02,-7.722545485116565356e-01,-7.631095057898464873e-01,-1.500000000000000000e+00,-0.000000000000000000e+00
-2.495149588193097401e+00,3.835420367731997571e-01,6.788024341990550603e-02,1.500000000000000000e+00,0.000000000000000000e+00,0.000000000000000000e+00,5.000000000000000278e-02,3.742724382289646101e+00,3.821135336470137478e+00,-1.500000000000000000e+00,0.000000000000000000e+00
-8.174195391211513950e-01,2.593547608458150133e+00,9.816711003123779200e-02,1.500000000000000000e+00,0.000000000000000000e+00,0.000000000000000000e+00,5.000000000000000278e-02,1.226129308681727093e+00,1.281861894728107742e+00,-1.500000000000000000e+00,0.000000000000000000e+00
1.448125463184063655e+00,6.415846151760404847e-01,8.686639222031320440e-01,1.500000000000000000e+00,0.000000000000000000e+00,0.000000000000000000e+00,5.000000000000000278e-02,-2.172188194776095482e+00,-2.240833456394062395e+00,-1.500000000000000000e+00,-0.000000000000000000e+00
-2.105772470345582459e+00,7.006302889250918264e-01,3.880480194265905070e-01,1.500000000000000000e+00,0.000000000000000000e+00,0.000000000000000000e+00,5.000000000000000278e-02,3.158658705518373466e+00,2.985536813900303343e+00,-1.500000000000000000e+00,0.000000000000000000e+00
-1.871400721138662959e-01,1.333816731907620845e+00,5.357651928012601150e-01,1.500000000000000000e+00,0.000000000000000000e+00,0.000000000000000000e+00,5.000000000000000278e-02,2.807101081707994439e-01,2.716918040513253696e-01,-1.500000000000000000e+00,0.000000000000000000e+00
9.339696114290174656e-01,2.050857791000680663e+00,2.075833232420432051e-02,1.500000000000000000e+00,0.000000000000000000e+00,0.000000000000000000e+00,5.000000000000000278e-02,-1.400954417143526198e+00,-1.338013585304450359e+00,-1.500000000000000000e+00,-0.000000000000000000e+00
9.151554296543715772e-01,6.710324242583109999e-02,1.892189120246712264e-01,1.500000000000000000e+00,0.000000000000000000e+00,0.000000000000000000e+00,5.000000000000000278e-02,-1.372733144481557366e+00,-1.400670192438888462e+00,-1.500000000000000000e+00,-0.000000000000000000e+00
-1.584398315797862278e+00,1.137298814882047537e+00,9.654452543964353595e-01,1.500000000000000000e+00,0.000000000000000000e+00,0.000000000000000000e+00,5.000000000000000278e-02,2.376597473696793195e+00,2.498862819454879869e+00,-1.500000000000000000e+00,0.000000000000000000e+00
-5.187761321648665103e-01,9.275810327996061311e-01,9.323495872834300924e-01,1.500000000000000000e+00,0.000000000000000000e+00,0.000000000000000000e+00,5.000000000000000278e-02,7.781641982472997654e-01,6.947876905001291181e-01,-1.500000000000000000e+00,0.000000000000000000e+00
1.260138765879539768e+00,1.549488312446185789e+00,1.378176243033839565e-01,1.500000000000000000e+00,0.000000000000000000e+00,0.000000000000000000e+00,5.000000000000000278e-02,-1.890208148819309653e+00,-1.957426166289633507e+00,-1.500000000000000000e+00,-0.000000000000000000e+00
6.489675422037608499e-01,2.557570563143692688e+00,8.147634914348629298e-01,1.500000000000000000e+00,0.000000000000000000e+00,0.000000000000000000e+00,5.000000000000000278e-02,-9.734513133056412748e-01,-1.027521633816433244e+00,-1.500000000000000000e+00,-0.000000000000000000e+00
1.641760305618880977e+00,7.345113785724066702e-01,4.335329279630382171e-01,1.500000000000000000e+00,0.000000000000000000e+00,0.000000000000000000e+00,5.000000000000000278e-02,-2.462640458428321466e+00,-2.712922107214520206e+00,-1.500000000000000000e+00,-0.000000000000000000e+00
7.895711194556329637e-01,7.199815482693072699e-02,2.809983566536515820e-01,1.500000000000000000e+00,0.000000000000000000e+00,0.000000000000000000e+00,5.000000000000000278e-02,-1.184356679183449446e+00,-1.060912056643216861e+00,-1.500000000000000000e+00,-0.000000000000000000e+00
1.517381698752035213e+00,5.501345590599264757e-01,4.970868541510264915e-02,1.500000000000000000e+00,0.000000000000000000e+00,0.000000000000000000e+00,5.000000000000000278e-02,-2.276072548128052819e+00,-2.291167680703894316e+00,-1.500000000000000000e+00,-0.000000000000000000e+00
-1.037002677658577898e+00,2.574454650923779564e+00,3.715946486373826740e-01,1.500000000000000000e+00,0.000000000000000000e+00,0.000000000000000000e+00,5.000000000000000278e-02,1.555504016487866847e+00,1.714580737258145193e+00,-1.500000000000000000e+00,0.000000000000000000e+00
1.091480108931362381e+00,1.338111765346756687e+00,7.047112424911345929e-01,1.500000000000000000e+00,0.000000000000000000e+00,0.000000000000000000e+00,5.000000000000000278e-02,-1.637220163397043571e+00,-1.597070124450789219e+00,-1.500000000000000000e+00,-0.000000000000000000e+00
1.570179276957700765e+00,6.662085718543385715e-01,4.757878049563502021e-01,1.500000000000000000e+00,0.000000000000000000e+00,0.000000000000000000e+00,5.000000000000000278e-02,-2.355268915436551147e+00,-2.487576137151169764e+00,-1.500000000000000000e+00,-0.000000000000000000e+00
-4.341545273462710242e-01,9.249673776412237203e-02,2.643467000778986220e-01,1.500000000000000000e+00,0.000000000000000000e+00,0.000000000000000000e+00,5.000000000000000278e-02,6.512317910194065362e-01,7.164863843997322235e-01,-1.500000000000000000e+00,0.000000000000000000e+00
-2.235767047488748549e+00,2.236177328940965658e+00,4.290855865361712373e-01,1.500000000000000000e+00,0.000000000000000000e+00,0.000000000000000000e+00,5.000000000000000278e-02,3.353650571233123046e+00,3.454982113849858649e+00,-1.500000000000000000e+00,0.000000000000000000e+00
1.848766098286200865e+00,1.278140407759473351e+00,1.354827412874440862e-01,1.500000000000000000e+00,0.000000000000000000e+00,0.000000000000000000e+00,5.000000000000000278e-02,-2.773149147429301298e+00,-2.494332446529536895e+00,-1.500000000000000000e+00,-0.000000000000000000e+00
8.711101562377887575e-01,2.251454625013304955e+00,7.173687526662644309e-01,1.500000000000000000e+00,0.000000000000000000e+00,0.000000000000000000e+00,5.000000000000000278e-02,-1.306665234356683136e+00,-1.256241848587208887e+00,-1.500000000000000000e+00,-0.000000000000000000e+00
4.035280185521399332e-01,7.682373277075988938e-01,1.978384479423618281e-01,1.500000000000000000e+00,0.000000000000000000e+00,0.000000000000000000e+00,5.000000000000000278e-02,-6.052920278282098998e-01,-6.165015707578407334e-01,-1.500000000000000000e+00,-0.000000000000000000e+00
-1.532973315662710556e+00,1.810717084099169316e+00,3.330948167359191192e-01,1.500000000000000000e+00,0.000000000000000000e+00,0.000000000000000000e+00,5.000000000000000278e-02,2.299459973494065945e+00,2.351716351105603398e+00,-1.500000000000000000e+00,0.000000000000000000e+00
9.245801006040483827e-01,2.289677187230167998e+00,5.732707209234779722e-01,1.500000000000000000e+00,0.000000000000000000e+00,0.000000000000000000e+00,5.000000000000000278e-02,-1.386870150906072574e+00,-1.403581280609564219e+00,-1.500000000000000000e+00,-0.000000000000000000e+00
-1.724728741622726380e+00,2.290111910037885057e+00,4.455338200451309794e-01,1.500000000000000000e+00,0.000000000000000000e+00,0.000000000000000000e+00,5.000000000000000278e-02,2.587093112434089459e+00,2.444652465388686302e+00,-1.500000000000000000e+00,0.000000000000000000e+00
2.221417090226456281e+00,2.978817340953740178e+00,8.788598479151347176e-01,1.500000000000000000e+00,0.000000000000000000e+00,0.000000000000000000e+00,5.000000000000000278e-02,-3.332125635339684422e+00,-3.400131187208608630e+00,-1.500000000000000000e+00,-0.000000000000000000e+00
-2.386408006024494988e+00,2.152646844691885608e-02,4.314854936396610441e-01,1.500000000000000000e+00,0.000000000000000000e+00,0.000000000000000000e+00,5.000000000000000278e-02,3.579612009036742482e+00,3.764869592584533020e+00,-1.500000000000000000e+00,0.000000000000000000e+00
2.326927264435040499e+00,1.908930044985699848e+00,2.753737729586693828e-01,1.500000000000000000e+00,0.000000000000000000e+00,0.000000000000000000e+00,5.000000000000000278e-02,-3.490390896652560748e+00,-3.671457311081506081e+00,-1.500000000000000000e+00,-0.000000000000000000e+00
-2.965376593026345819e+00,8.979525180614184032e-01,9.896914293306556809e-01,1.500000000000000000e+00,0.000000000000000000e+00,0.000000000000000000e+00,5.000000000000000278e-02,4.448064889539518951e+00,4.666574299617598065e+00,-1.500000000000000000e+00,0.000000000000000000e+00
2.208448022171190850e+00,2.743747521985624438e+00,5.020831973770046863e-01,1.500000000000000000e+00,0.000000000000000000e+00,0.000000000000000000e+00,5.000000000000000278e-02,-3.312672033256786275e+00,-3.102460536045543726e+00,-1.500000000000000000e+00,-0.000000000000000000e+00
-1.795976217454184676e+00,2.671804535457596996e-01,9.673604134527435949e-02,1.500000000000000000e+00,0.000000000000000000e+00,0.000000000000000000e+00,5.000000000000000278e-02,2.693964326181276903e+00,2.711536838635499880e+00,-1.500000000000000000e+00,0.000000000000000000e+00
-2.404245813031428369e+00,9.082573082897386074e-01,8.952135963466834045e-02,1.500000000000000000e+00,0.000000000000000000e+00,0.000000000000000000e+00,5.000000000000000278e-02,3.606368719547142554e+00,3.536712192380894404e+00,-1.500000000000000000e+00,0.000000000000000000e+00
-1.848229376553747194e+00,3.240135792617643284e-01,6.581290796670191678e-01,1.500000000000000000e+00,0.000000000000000000e+00,0.000000000000000000e+00,5.000000000000000278e-02,2.772344064830620791e+00,2.880922683039650156e+00,-1.500000000000000000e+00,0.000000000000000000e+00
1.605492351769225223e+00,2.749686117373721927e+00,8.689166292294884242e-01,1.500000000000000000e+00,0.000000000000000000e+00,0.000000000000000000e+00,5.000000000000000278e-02,-2.408238527653837835e+00,-2.474406740737395083e+00,-1.500000000000000000e+00,-0.000000000000000000e+00
1.532696149066699931e+00,2.517506018570141890e+00,1.186771430275658235e-01,1.500000000000000000e+00,0.000000000000000000e+00,0.000000000000000000e+00,5.000000000000000278e-02,-2.299044223600049897e+00,-2.208818975431121601e+00,-1.500000000000000000e+00,-0.000000000000000000e+00
-2.356310982003334331e+00,1.540779416314940864e+00,6.756498582837719979e-01,1.500000000000000000e+00,0.000000000000000000e+00,0.000000000000000000e+00,5.000000000000000278e-02,3.534466473005001497e+00,3.637524665055724693e+00,-1.500000000000000000e+00,0.000000000000000000e+00
-6.202125152374859951e-01,1.478651040348994083e+00,2.860401551701260425e-01,1.500000000000000000e+00,0.000000000000000000e+00,0.000000000000000000e+00,5.000000000000000278e-02,9.303187728562289927e-01,9.252232533497208866e-01,-1.500000000000000000e+00,0.000000000000000000e+00
-1.597427822923048746e+00,2.835980412042732102e+00,6.517972968402965250e-01,1.500000000000000000e+00,0.000000000000000000e+00,0.000000000000000000e+00,5.000000000000000278e-02,2.396141734384573230e+00,2.333502825590916707e+00,-1.500000000000000000e+00,0.000000000000000000e+00
1.434889782601375785e+00,1.845685221281593957e+00,3.087699728445593150e-01,1.500000000000000000e+00,0.000000000000000000e+00,0.000000000000000000e+00,5.000000000000000278e-02,-2.152334673902063678e+00,-2.257164341971260146e+00,-1.500000000000000000e+00,-0.000000000000000000e+00
7.143176693299011504e-01,6.852028695057558183e-01,8.974393991464988396e-01,1.500000000000000000e+00,0.000000000000000000e+00,0.000000000000000000e+00,5.000000000000000278e-02,-1.071476503994851726e+00,-1.080622807816593145e+00,-1.500000000000000000e+00,-0.000000000000000000e+00
2.540998866462389039e+00,7.029443147573908313e-01,4.451212228623686595e-01,1.500000000000000000e+00,0.000000000000000000e+00,0.000000000000000000e+00,5.000000000000000278e-02,-3.811498299693583558e+00,-4.032682885146317453e+00,-1.500000000000000000e+00,-0.000000000000000000e+00
1.155625895994876196e+00,9.252697376296004084e-01,7.025163143948742750e-03,1.500000000000000000e+00,0.000000000000000000e+00,0.000000000000000000e+00,5.000000000000000278e-02,-1.733438843992314293e+00,-1.747119608607518693e+00,-1.500000000000000000e+00,-0.000000000000000000e+00
4.931891428633496943e-01,2.154681299625774704e-01,5.743351672880756542e-01,1.500000000000000000e+00,0.000000000000000000e+00,0.000000000000000000e+00,5.000000000000000278e-02,-7.397837142950245415e-01,-7.319070997563640324e-01,-1.500000000000000000e+00,-0.000000000000000000e+00
2.696698603762829549e+00,1.767230851356359267e+00,5.064441372723517132e-01,1.500000000000000000e+00,0.000000000000000000e+00,0.000000000000000000e+00,5.000000000000000278e-02,-4.045047905644244324e+00,-4.120936916754291524e+00,-1.500000000000000000e+00,-0.000000000000000000e+00
-1.657759232670518390e+00,7.147671042058235669e-01,3.751130062620846584e-01,1.500000000000000000e+00,0.000000000000000000e+00,0.000000000000000000e+00,5.000000000000000278e-02,2.486638849005777807e+00,2.542559939556682025e+00,-1.500000000000000000e+00,0.000000000000000000e+00
-2.439050653721023476e+00,1.080864412857459822e+00,3.567894683947880896e-02,1.500000000000000000e+00,0.000000000000000000e+00,0.000000000000000000e+00,5.000000000000000278e-02,3.658575980581534992e+00,3.836286377071044917e+00,-1.500000000000000000e+00,0.000000000000000000e+00
-8.443571334695669783e-01,1.243548413722401769e+00,8.580631769886117866e-01,1.500000000000000000e+00,0.000000000000000000e+00,0.000000000000000000e+00,5.000000000000000278e-02,1.266535700204350468e+00,1.180220186546439010e+00,-1.500000000000000000e+00,0.000000000000000000e+00
1.037618782285468555e+00,1.919451229120412883e+00,7.965248084035450038e-01,1.500000000000000000e+00,0.000000000000000000e+00,0.000000000000000000e+00,5.000000000000000278e-02,-1.556428173428202832e+00,-1.562432295926543091e+00,-1.500000000000000000e+00,-0.000000000000000000e+00
-1.543517408517490086e+00,1.726332744819925047e+00,2.928055109308924653e-01,1.500000000000000000e+00,0.000000000000000000e+00,0.000000000000000000e+00,5.000000000000000278e-02,2.315276112776235351e+00,2.209575871802260671e+00,-1.500000000000000000e+00,0.000000000000000000e+00
2.074657661703140477e+00,1.429933407402540047e+00,7.429602722203998422e-01,1.500000000000000000e+00,0.000000000000000000e+00,0.000000000000000000e+00,5.000000000000000278e-02,-3.111986492554710715e+00,-3.224971362246964901e+00,-1.500000000000000000e+00,-0.000000000000000000e+00
-1.276079194690442176e+00,2.181430862705160845e+00,2.414927639255114444e-01,1.500000000000000000e+00,0.000000000000000000e+00,0.000000000000000000e+00,5.000000000000000278e-02,1.914118792035663263e+00,1.886308870333596843e+00,-1.500000000000000000e+00,0.000000000000000000e+00
-2.216795199072799427e+00,1.846607926714350034e+00,6.834897097842163038e-01,1.500000000000000000e+00,0.000000000000000000e+00,0.000000000000000000e+00,5.000000000000000278e-02,3.325192798609199141e+00,3.493701175191698649e+00,-1.500000000000000000e+00,0.000000000000000000e+00
2.286496912893601241e+00,1.299273804269696964e+00,9.039688832636373350e-01,1.500000000000000000e+00,0.000000000000000000e+00,0.000000000000000000e+00,5.000000000000000278e-02,-3.429745369340401862e+00,-3.233174256948959879e+00,-1.500000000000000000e+00,-0.000000000000000000e+00
-1.692854587742828709e+00,2.873940742374601953e+00,5.976593009101593967e-02,1.500000000000000000e+00,0.000000000000000000e+00,0.000000000000000000e+00,5.000000000000000278e-02,2.539281881614242842e+00,2.456147152476320095e+00,-1.500000000000000000e+00,0.000000000000000000e+00
-2.021269941988371510e+00,2.039686013720215740e+00,5.425303502326485061e-01,1.500000000000000000e+00,0.000000000000000000e+00,0.000000000000000000e+00,5.000000000000000278e-02,3.031904912982557043e+00,3.018278351532465820e+00,-1.500000000000000000e+00,0.000000000000000000e+00
1.329165115762551252e+00,2.947679529653868258e-01,2.596816405490613988e-01,1.500000000000000000e+00,0.000000000000000000e+00,0.000000000000000000e+00,5.000000000000000278e-02,-1.993747673643826879e+00,-2.019956652723545076e+00,-1.500000000000000000e+00,-0.000000000000000000e+00
1.591305947934743337e+00,1.673351371849641778e+00,7.563902193342311175e-01,1.500000000000000000e+00,0.000000000000000000e+00,0.000000000000000000e+00,5.000000000000000278e-02,-2.386958921902115005e+00,-2.420103649831196968e+00,-1.500000000000000000e+00,-0.000000000000000000e+00
1.596889301372677039e-01,6.304801866899358842e-01,6.132369848166784321e-01,1.500000000000000000e+00,0.000000000000000000e+00,0.000000000000000000e+00,5.000000000000000278e-02,-2.395333952059015559e-01,-1.589125698540228560e-01,-1.500000000000000000e+00,-0.000000000000000000e+00
-8.121748390499736736e-01,1.432815938483199769e+00,8.002963866144190419e-01,1.500000000000000000e+00,0.000000000000000000e+00,0.000000000000000000e+00,5.000000000000000278e-02,1.218262258574960510e+00,1.272619381595755161e+00,-1.500000000000000000e+00,0.000000000000000000e+00
2.880464193587910060e+00,1.133942853742527124e+00,2.842822340433961426e-01,1.500000000000000000e+00,0.000000000000000000e+00,0.000000000000000000e+00,5.000000000000000278e-02,-4.320696290381865090e+00,-4.728243245124670757e+00,-1.500000000000000000e+00,-0.000000000000000000e+00
-2.737859087260383184e+00,8.763915605183891788e-02,1.210809506157561888e-01,1.500000000000000000e+00,0.000000000000000000e+00,0.000000000000000000e+00,5.000000000000000278e-02,4.106788630890575220e+00,4.183252882412563878e+00,-1.500000000000000000e+00,0.000000000000000000e+00
8.025624876782657680e-01,9.573844223648743101e-01,5.516057400328961968e-01,1.500000000000000000e+00,0.000000000000000000e+00,0.000000000000000000e+00,5.000000000000000278e-02,-1.203843731517398652e+00,-1.164803975765327682e+00,-1.500000000000000000e+00,-0.000000000000000000e+00
-1.763953893525437300e+00,2.444990643388082585e+00,8.833063249420679552e-01,1.500000000000000000e+00,0.000000000000000000e+00,0.000000000000000000e+00,5.000000000000000278e-02,2.645930840288155839e+00,2.487010771260532493e+00,-1.500000000000000000e+00,0.000000000000000000e+00
-5.014094085520155453e-01,7.503322105910796846e-01,6.967334632325511423e-01,1.500000000000000000e+00,0.000000000000000000e+00,0.000000000000000000e+00,5.000000000000000278e-02,7.521141128280233179e-01,8.256400029834062293e-01,-1.500000000000000000e+00,0.000000000000000000e+00
-7.566746927281968738e-01,5.682431627323136780e-01,6.414749211307739785e-01,1.500000000000000000e+00,0.000000000000000000e+00,0.000000000000000000e+00,5.000000000000000278e-02,1.135012039092295311e+00,1.181991239785056047e+00,-1.500000000000000000e+00,0.000000000000000000e+00
-8.660246987474491398e-01,1.217137121603191208e-01,6.768361353021854487e-01,1.500000000000000000e+00,0.000000000000000000e+00,0.000000000000000000e+00,5.000000000000000278e-02,1.299037048121173710e+00,1.404738297162609006e+00,-1.500000000000000000e+00,0.000000000000000000e+00
-1.451890096021880350e+00,1.133777376471972742e+00,4.052994039898175638e-01,1.500000000000000000e+00,0.000000000000000000e+00,0.000000000000000000e+00,5.000000000000000278e-02,2.177835144032820303e+00,2.031911940319343302e+00,-1.500000000000000000e+00,0.000000000000000000e+00
1.386994959518126791e+00,2.330851798101273298e-01,1.538794494847395278e-03,1.500000000000000000e+00,0.000000000000000000e+00,0.000000000000000000e+00,5.000000000000000278e-02,-2.080492439277190186e+00,-2.116394811766431960e+00,-1.500000000000000000e+00,-0.000000000000000000e+00
4.598384172455967089e-01,2.929455953378337973e+00,1.795204072602185619e-02,1.500000000000000000e+00,0.000000000000000000e+00,0.000000000000000000e+00,5.000000000000000278e-02,-6.897576258683950634e-01,-7.296925392498477825e-01,-1.500000000000000000e+00,-0.000000000000000000e+00
2.265918570912393903e+00,2.309425647187126174e+00,9.729821544934060817e-01,1.500000000000000000e+00,0.000000000000000000e+00,0.000000000000000000e+00,5.000000000000000278e-02,-3.398877856368590855e+00,-3.527155403494965036e+00,-1.500000000000000000e+00,-0.000000000000000000e+00
1.492558697991569261e+00,1.495608216177340966e+00,3.121087275053781029e-01,1.500000000000000000e+00,0.000000000000000000e+00,0.000000000000000000e+00,5.000000000000000278e-02,-2.238838046987353891e+00,-2.320333015122220566e+00,-1.500000000000000000e+00,-0.000000000000000000e+00
-2.605513390400058249e-01,2.424911288330344750e+00,7.074059648370077946e-01,1.500000000000000000e+00,0.000000000000000000e+00,0.000000000000000000e+00,5.000000000000000278e-02,3.908270085600087373e-01,3.211573934791647766e-01,-1.500000000000000000e+00,0.000000000000000000e+00
4.254772495468186477e-01,1.969920823592419268e-01,1.770687524819214431e-01,1.500000000000000000e+00,0.000000000000000000e+00,0.000000000000000000e+00,5.000000000000000278e-02,-6.382158743202279716e-01,-6.366199531136649270e-01,-1.500000000000000000e+00,-0.000000000000000000e+00
1.936117170524210174e+00,5.724132760963105415e-01,3.652644658849234505e-01,1.500000000000000000e+00,0.000000000000000000e+00,0.000000000000000000e+00,5.000000000000000278e-02,-2.904175755786315261e+00,-3.135281513002709186e+00,-1.500000000000000000e+00,-0.000000000000000000e+00
-2.248969412195167106e+00,2.328113194809658282e+00,3.718441509578466198e-01,1.500000000000000000e+00,0.000000000000000000e+00,0.000000000000000000e+00,5.000000000000000278e-02,3.373454118292750437e+00,3.536562836538455823e+00,-1.500000000000000000e+00,0.000000000000000000e+00
-2.974367049569359267e+00,1.420040936818053101e+00,4.171129471309962256e-01,1.500000000000000000e+00,0.000000000000000000e+00,0.000000000000000000e+00,5.000000000000000278e-02,4.461550574354038901e+00,4.614959091333923347e+00,-1.500000000000000000e+00,0.000000000000000000e+00
6.937771570767692353e-02,9.763737468436362033e-02,1.000241812862318058e-01,1.500000000000000000e+00,0.000000000000000000e+00,0.000000000000000000e+00,5.000000000000000278e-02,-1.040665735615153853e-01,-2.217543343685988710e-01,-1.500000000000000000e+00,-0.000000000000000000e+00
-2.149169178454597429e-01,8.946613701453919321e-01,3.317568400231770687e-01,1.500000000000000000e+00,0.000000000000000000e+00,0.000000000000000000e+00,5.000000000000000278e-02,3.223753767681896143e-01,2.786214469537883209e-01,-1.500000000000000000e+00,0.000000000000000000e+00
5.048883691310601662e-01,2.880071365011005913e+00,4.697885875853774484e-01,1.500000000000000000e+00,0.000000000000000000e+00,0.000000000000000000e+00,5.000000000000000278e-02,-7.573325536965902494e-01,-7.462220385317851479e-01,-1.500000000000000000e+00,-0.000000000000000000e+00
2.492732692492216628e-01,1.908813357511478959e+00,4.269866698388101733e-01,1.500000000000000000e+00,0.000000000000000000e+00,0.000000000000000000e+00,5.000000000000000278e-02,-3.739099038738324943e-01,-2.466202409144753471e-01,-1.500000000000000000e+00,-0.000000000000000000e+00
-1.693941492696314777e+00,1.319683090627556066e+00,4.758664088951253257e-01,1.500000000000000000e+00,0.000000000000000000e+00,0.000000000000000000e+00,5.000000000000000278e-02,2.540912239044472276e+00,2.489849788162390887e+00,-1.500000000000000000e+00,0.000000000000000000e+00
2.498903373512399106e+00,7.313197223937328850e-01,4.592967155174153548e-01,1.500000000000000000e+00,0.000000000000000000e+00,0.000000000000000000e+00,5.000000000000000278e-02,-3.748355060268598660e+00,-3.489915036028059525e+00,-1.500000000000000000e+00,-0.000000000000000000e+00
2.704997342498169921e+00,2.937870819313334714e+00,2.862190511254769643e-01,1.500000000000000000e+00,0.000000000000000000e+00,0.000000000000000000e+00,5.000000000000000278e-02,-4.057496013747254437e+00,-3.629873708011294386e+00,-1.500000000000000000e+00,-0.000000000000000000e+00
-1.518327316025942508e+00,1.319346179860873214e+00,8.382986563906361654e-01,1.500000000000000000e+00,0.000000000000000000e+00,0.000000000000000000e+00,5.000000000000000278e-02,2.277490974038913762e+00,2.286324049560054306e+00,-1.500000000000000000e+00,0.000000000000000000e+00
-7.079067529769242917e-01,9.111622244027406392e-02,4.910424163794352426e-01,1.500000000000000000e+00,0.000000000000000000e+00,0.000000000000000000e+00,5.000000000000000278e-02,1.061860129465386438e+00,9.966484284458165810e-01,-1.500000000000000000e+00,0.000000000000000000e+00
2.556048758927859765e+00,2.327797695266908384e+00,1.526087617748919101e-01,1.500000000000000000e+00,0.000000000000000000e+00,0.000000000000000000e+00,5.000000000000000278e-02,-3.834073138391789648e+00,-4.080494267149479271e+00,-1.500000000000000000e+00,-0.000000000000000000e+00
4.843517669696808525e-01,2.249082875415152838e+00,7.375446116952796283e-01,1.500000000000000000e+00,0.000000000000000000e+00,0.000000000000000000e+00,5.000000000000000278e-02,-7.265276504545212788e-01,-8.176478543043071978e-01,-1.500000000000000000e+00,-0.000000000000000000e+00
4.997229024491014471e-01,4.548611562239784911e-01,8.690810359869619584e-01,1.500000000000000000e+00,0.000000000000000000e+00,0.000000000000000000e+00,5.000000000000000278e-02,-7.495843536736521706e-01,-7.423613940965018143e-01,-1.500000000000000000e+00,-0.000000000000000000e+00
2.244089412088195346e+00,1.736073349800061116e+00,6.645710476880375417e-01,1.500000000000000000e+00,0.000000000000000000e+00,0.000000000000000000e+00,5.000000000000000278e-02,-3.366134118132293018e+00,-3.341675874574578486e+00,-1.500000000000000000e+00,-0.000000000000000000e+00
-1.851500113549440441e+00,9.881882157176258286e-01,1.831507375662212445e-01,1.500000000000000000e+00,0.000000000000000000e+00,0.000000000000000000e+00,5.000000000000000278e-02,2.777250170324160550e+00,2.668632561765512445e+00,-1.500000000000000000e+00,0.000000000000000000e+00
-2.109752922292214450e+00,8.339712580392889540e-01,1.926891407461683858e-02,1.500000000000000000e+00,0.000000000000000000e+00,0.000000000000000000e+00,5.000000000000000278e-02,3.164629383438321675e+00,3.396804744921791741e+00,-1.500000000000000000e+00,0.000000000000000000e+00
9.746116786691656486e-01,2.422261730017495118e+00,2.499851095758963693e-01,1.500000000000000000e+00,0.000000000000000000e+00,0.000000000000000000e+00,5.000000000000000278e-02,-1.461917518003748473e+00,-1.508890163057654998e+00,-1.500000000000000000e+00,-0.000000000000000000e+00
-5.511644935209591978e-01,1.456730148933104152e-01,2.689425395883677794e-01,1.500000000000000000e+00,0.000000000000000000e+00,0.000000000000000000e+00,5.000000000000000278e-02,8.267467402814387967e-01,8.322836308227629099e-01,-1.500000000000000000e+00,0.000000000000000000e+00
-1.505502237843647784e+00,2.286568521454518610e+00,2.749808036749398221e-01,1.500000000000000000e+00,0.000000000000000000e+00,0.000000000000000000e+00,5.000000000000000278e-02,2.258253356765471676e+00,2.363080836787213368e+00,-1.500000000000000000e+00,0.000000000000000000e+00
-1.957266892263330060e+00,9.938882506524305827e-01,2.871369066404714232e-01,1.500000000000000000e+00,0.000000000000000000e+00,0.000000000000000000e+00,5.000000000000000278e-02,2.935900338394994868e+00,3.061296366200986441e+00,-1.500000000000000000e+00,0.000000000000000000e+00
-1.705381225846186455e+00,8.291393013753730612e-01,6.788682457381450819e-01,1.500000000000000000e+00,0.000000000000000000e+00,0.000000000000000000e+00,5.000000000000000278e-02,2.558071838769279793e+00,2.630272011426575851e+00,-1.500000000000000000e+00,0.000000000000000000e+00
2.508190796042707227e+00,2.577067870932447491e+00,2.327300258910645070e-01,1.500000000000000000e+00,0.000000000000000000e+00,0.000000000000000000e+00,5.000000000000000278e-02,-3.762286194064060840e+00,-3.660476077636609205e+00,-1.500000000000000000e+00,-0.000000000000000000e+00
-6.045877377193478175e-01,1.612853842607508525e+00,4.626919632720396525e-01,1.500000000000000000e+00,0.000000000000000000e+00,0.000000000000000000e+00,5.000000000000000278e-02,9.068816065790217262e-01,9.217291902191323549e-01,-1.500000000000000000e+00,0.000000000000000000e+00
-2.226190907387523676e+00,9.661563899307736847e-01,8.390647574076701698e-01,1.500000000000000000e+00,0.000000000000000000e+00,0.000000000000000000e+00,5.000000000000000278e-02,3.339286361081285293e+00,3.538141817927014099e+00,-1.500000000000000000e+00,0.000000000000000000e+00
-1.191662755002677709e+00,2.658188422780751292e+00,3.182573859904056501e-01,1.500000000000000000e+00,0.000000000000000000e+00,0.000000000000000000e+00,5.000000000000000278e-02,1.787494132504016564e+00,1.879031360472728229e+00,-1.500000000000000000e+00,0.000000000000000000e+00
-1.999437848139546725e+00,1.294328489084849876e+00,2.733592395420680887e-02,1.500000000000000000e+00,0.000000000000000000e+00,0.000000000000000000e+00,5.000000000000000278e-02,2.999156772209320199e+00,2.855303635603493095e+00,-1.500000000000000000e+00,0.000000000000000000e+00
2.593565566987983573e+00,4.513281865003653248e-01,5.116786895579610306e-01,1.500000000000000000e+00,0.000000000000000000e+00,0.000000000000000000e+00,5.000000000000000278e-02,-3.890348350481975359e+00,-3.797889015860736350e+00,-1.500000000000000000e+00,-0.000000000000000000e+00
-1.448620187758095534e+00,1.621012020172106549e+00,6.409996522515103434e-01,1.500000000000000000e+00,0.000000000000000000e+00,0.000000000000000000e+00,5.000000000000000278e-02,2.172930281637143413e+00,2.174745547827249492e+00,-1.500000000000000000e+00,0.000000000000000000e+00
-8.195625943577811157e-01,4.600070632524142500e-01,4.491558901687524585e-01,1.500000000000000000e+00,0.000000000000000000e+00,0.000000000000000000e+00,5.000000000000000278e-02,1.229343891536671673e+00,1.210761234874388803e+00,-1.500000000000000000e+00,0.000000000000000000e+00
-6.236414542113370985e-01,6.412529961104170839e-01,7.153120282509062289e-02,1.500000000000000000e+00,0.000000000000000000e+00,0.000000000000000000e+00,5.000000000000000278e-02,9.354621813170056477e-01,1.008790626298581961e+00,-1.500000000000000000e+00,0.000000000000000000e+00
-2.960501671805586099e+00,2.450950667576003550e+00,9.551886351303804368e-01,1.500000000000000000e+00,0.000000000000000000e+00,0.000000000000000000e+00,5.000000000000000278e-02,4.440752507708379149e+00,4.473430251554834314e+00,-1.500000000000000000e+00,0.000000000000000000e+00
5.907245294298499871e-01,9.975342617014613111e-01,1.391837590074491704e-01,1.500000000000000000e+00,0.000000000000000000e+00,0.000000000000000000e+00,5.000000000000000278e-02,-8.860867941447749807e-01,-8.707289192353457885e-01,-1.500000000000000000e+00,-0.000000000000000000e+00
-1.079042815747806250e+00,2.272266441115051716e+00,4.671123156496341799e-01,1.500000000000000000e+00,0.000000000000000000e+00,0.000000000000000000e+00,5.000000000000000278e-02,1.618564223621709264e+00,1.711534344697871690e+00,-1.500000000000000000e+00,0.000000000000000000e+00
2.095583589846808259e+00,1.429069167501415549e-01,2.166772815585615852e-01,1.500000000000000000e+00,0.000000000000000000e+00,0.000000000000000000e+00,5.000000000000000278e-02,-3.143375384770212388e+00,-3.298671383200230789e+00,-1.500000000000000000e+00,-0.000000000000000000e+00
-6.875404402545193250e-01,1.681329342467011490e+00,5.768038933568190307e-01,1.500000000000000000e+00,0.000000000000000000e+00,0.000000000000000000e+00,5.000000000000000278e-02,1.031310660381778987e+00,1.002064859381130546e+00,-1.500000000000000000e+00,0.000000000000000000e+00
-1.113094952700424356e+00,1.832241557258017517e-01,2.910726809513813906e-01,1.500000000000000000e+00,0.000000000000000000e+00,0.000000000000000000e+00,5.000000000000000278e-02,1.669642429050636423e+00,1.644328352817949312e+00,-1.500000000000000000e+00,0.000000000000000000e+00
-1.770126249392825590e+00,3.533792672162365811e-01,9.300889189806801349e-01,1.500000000000000000e+00,0.000000000000000000e+00,0.000000000000000000e+00,5.000000000000000278e-02,2.655189374089238274e+00,2.517376092890589945e+00,-1.500000000000000000e+00,0.000000000000000000e+00
-2.218187184643181098e-01,8.675773176658980734e-01,3.087089276908853153e-01,1.500000000000000000e+00,0.000000000000000000e+00,0.000000000000000000e+00,5.000000000000000278e-02,3.327280776964771647e-01,3.448410177927164755e-01,-1.500000000000000000e+00,0.000000000000000000e+00
2.562486409981646673e+00,3.397935195404389042e-02,3.282148290851397698e-01,1.500000000000000000e+00,0.000000000000000000e+00,0.000000000000000000e+00,5.000000000000000278e-02,-3.843729614972470010e+00,-4.029597330268608779e+00,-1.500000000000000000e+00,-0.000000000000000000e+00
2.921394057212785000e+00,1.420048174598814494e+00,5.133247268159361054e-01,1.500000000000000000e+00,0.000000000000000000e+00,0.000000000000000000e+00,5.000000000000000278e-02,-4.382091085819177501e+00,-4.323180296881373508e+00,-1.500000000000000000e+00,-0.000000000000000000e+00
-9.492668135744830593e-02,6.846324025666616908e-02,2.876890664664508712e-01,1.500000000000000000e+00,0.000000000000000000e+00,0.000000000000000000e+00,5.000000000000000278e-02,1.423900220361724589e-01,1.442371054310017109e-01,-1.500000000000000000e+00,0.000000000000000000e+00
1.864411951015624958e+00,2.139832024566919788e+00,1.931789831881797204e-01,1.500000000000000000e+00,0.000000000000000000e+00,0.000000000000000000e+00,5.000000000000000278e-02,-2.796617926523437436e+00,-2.791508615128560411e+00,-1.500000000000000000e+00,-0.000000000000000000e+00
-1.641257651795846373e+00,1.395681684778837806e-02,3.460487579007567316e-01,1.500000000000000000e+00,0.000000000000000000e+00,0.000000000000000000e+00,5.000000000000000278e-02,2.461886477693769670e+00,2.523174331014712113e+00,-1.500000000000000000e+00,0.000000000000000000e+00
2.279309880935915800e+00,9.931827165837643356e-01,5.884129002837045208e-01,1.500000000000000000e+00,0.000000000000000000e+00,0.000000000000000000e+00,5.000000000000000278e-02,-3.418964821403873700e+00,-3.476389889082025508e+00,-1.500000000000000000e+00,-0.000000000000000000e+00
4.996641771893726158e-01,2.130177009348824591e+00,9.990906946418217638e-01,1.500000000000000000e+00,0.000000000000000000e+00,0.000000000000000000e+00,5.000000000000000278e-02,-7.494962657840589237e-01,-7.137717733545586585e-01,-1.500000000000000000e+00,-0.000000000000000000e+00
-1.030757673940576380e+00,1.598599081601443928e+00,7.569572754231066458e-01,1.500000000000000000e+00,0.000000000000000000e+00,0.000000000000000000e+00,5.000000000000000278e-02,1.546136510910864459e+00,1.518243993373713963e+00,-1.500000000000000000e+00,0.000000000000000000e+00
1.377800086864191975e+00,1.527830749234122987e+00,8.976623405446253479e-01,1.500000000000000000e+00,0.000000000000000000e+00,0.000000000000000000e+00,5.000000000000000278e-02,-2.066700130296287963e+00,-2.065747037663364427e+00,-1.500000000000000000e+00,-0.000000000000000000e+00
3.398484996502930677e-01,2.420162838805451244e+00,9.865794606571550718e-01,1.500000000000000000e+00,0.000000000000000000e+00,0.000000000000000000e+00,5.000000000000000278e-02,-5.097727494754396016e-01,-5.137688497449330871e-01,-1.500000000000000000e+00,-0.000000000000000000e+00
-4.195910732526364484e-01,2.494748733953484621e+00,5.241991784954580513e-02,1.500000000000000000e+00,0.000000000000000000e+00,0.000000000000000000e+00,5.000000000000000278e-02,6.293866098789546726e-01,6.687856275746218992e-01,-1.500000000000000000e+00,0.000000000000000000e+00
3.374888965770277416e-01,2.094358295051788055e+00,5.814514152869389996e-01,1.500000000000000000e+00,0.000000000000000000e+00,0.000000000000000000e+00,5.000000000000000278e-02,-5.062333448655416124e-01,-4.956106115068765749e-01,-1.500000000000000000e+00,-0.000000000000000000e+00
2.982338448148381893e+00,4.419998314896622649e-01,5.762605789472041717e-01,1.500000000000000000e+00,0.000000000000000000e+00,0.000000000000000000e+00,5.000000000000000278e-02,-4.473507672222572396e+00,-4.671746714626102914e+00,-1.500000000000000000e+00,-0.000000000000000000e+00
-1.096287171495628376e+00,2.462136671090004114e+00,6.835370706057896095e-01,1.500000000000000000e+00,0.000000000000000000e+00,0.000000000000000000e+00,5.000000000000000278e-02,1.644430757243442454e+00,1.802510340966045677e+00,-1.500000000000000000e+00,0.000000000000000000e+00
-1.596355317301817900e+00,1.075972568407575158e+00,9.185639907758148537e-01,1.500000000000000000e+00,0.000000000000000000e+00,0.000000000000000000e+00,5.000000000000000278e-02,2.394532975952726961e+00,2.542238684008118366e+00,-1.500000000000000000e+00,0.000000000000000000e+00
7.160459866115491678e-01,2.927186264250466241e+00,3.588576268743228770e-01,1.500000000000000000e+00,0.000000000000000000e+00,0.000000000000000000e+00,5.000000000000000278e-02,-1.074068979917323752e+00,-1.068049494825631163e+00,-1.500000000000000000e+00,-0.000000000000000000e+00
7.198316207036539183e-01,9.261665313418013801e-01,9.184472996235536479e-01,1.500000000000000000e+00,0.000000000000000000e+00,0.000000000000000000e+00,5.000000000000000278e-02,-1.079747431055480877e+00,-1.043120783288248976e+00,-1.500000000000000000e+00,-0.000000000000000000e+00
-1.651726901921355850e+00,2.666663393511670144e+00,1.473310076113408806e-01,1.500000000000000000e+00,0.000000000000000000e+00,0.000000000000000000e+00,5.000000000000000278e-02,2.477590352882033997e+00,2.371786541136561954e+00,-1.500000000000000000e+00,0.000000000000000000e+00
-9.224923262381334865e-01,1.267835102898990485e+00,6.798504554342759132e-01,1.500000000000000000e+00,0.000000000000000000e+00,0.000000000000000000e+00,5.000000000000000278e-02,1.383738489357200230e+00,1.441437116439471700e+00,-1.500000000000000000e+00,0.000000000000000000e+00
-5.861545726008641211e-01,2.715314007055052770e+00,6.204998903948322209e-03,1.500000000000000000e+00,0.000000000000000000e+00,0.000000000000000000e+00,5.000000000000000278e-02,8.792318589012961816e-01,8.511847090973133634e-01,-1.500000000000000000e+00,0.000000000000000000e+00
-1.267306921667523456e+00,2.372254899077916868e+00,7.605437038787370430e-01,1.500000000000000000e+00,0.000000000000000000e+00,0.000000000000000000e+00,5.000000000000000278e-02,1.900960382501285295e+00,1.967970386696835883e+00,-1.500000000000000000e+00,0.000000000000000000e+00
-2.991511851965710456e+00,2.420672480577850116e+00,8.300261017122040341e-01,1.500000000000000000e+00,0.000000000000000000e+00,0.000000000000000000e+00,5.000000000000000278e-02,4.487267777948565239e+00,4.516144647852538441e+00,-1.500000000000000000e+00,0.000000000000000000e+00
-2.809192359934138850e+00,9.134259122371279904e-02,6.733036764407633878e-01,1.500000000000000000e+00,0.000000000000000000e+00,0.000000000000000000e+00,5.000000000000000278e-02,4.213788539901208274e+00,3.990058475842793939e+00,-1.500000000000000000e+00,0.000000000000000000e+00
-1.200516692882358072e+00,2.554107914413814129e+00,8.398812911429428540e-01,1.500000000000000000e+00,0.000000000000000000e+00,0.000000000000000000e+00,5.000000000000000278e-02,1.800775039323537108e+00,1.841339564053776856e+00,-1.500000000000000000e+00,0.000000000000000000e+00
2.534193573920768827e+00,1.053064194349972116e+00,6.714203368985904863e-02,1.500000000000000000e+00,0.000000000000000000e+00,0.000000000000000000e+00,5.000000000000000278e-02,-3.801290360881153241e+00,-3.811443190538272408e+00,-1.500000000000000000e+00,-0.000000000000000000e+00
4.179831128293383102e-01,8.847886314743382830e-01,9.461355175512031757e-01,1.500000000000000000e+00,0.000000000000000000e+00,0.000000000000000000e+00,5.000000000000000278e-02,-6.269746692440074654e-01,-6.494174557302663242e-01,-1.500000000000000000e+00,-0.000000000000000000e+00
2.470476839098438404e+00,9.443212983072774014e-01,3.253905491157113028e-01,1.500000000000000000e+00,0.000000000000000000e+00,0.000000000000000000e+00,5.000000000000000278e-02,-3.705715258647657606e+00,-3.723532995513226584e+00,-1.500000000000000000e+00,-0.000000000000000000e+00
5.974250072237463627e-02,2.765574483506325620e+00,3.086041276317035287e-01,1.500000000000000000e+00,0.000000000000000000e+00,0.000000000000000000e+00,5.000000000000000278e-02,-8.961375108356195440e-02,-4.671204725922198375e-02,-1.500000000000000000e+00,-0.000000000000000000e+00
4.741150276610701653e-01,2.870791306707284996e+00,3.748488871373134579e-03,1.500000000000000000e+00,0.000000000000000000e+00,0.000000000000000000e+00,5.000000000000000278e-02,-7.111725414916052479e-01,-6.996664667423242445e-01,-1.500000000000000000e+00,-0.000000000000000000e+00
-5.822494238741451333e-01,1.035639489342599084e-01,8.478792520657539855e-01,1.500000000000000000e+00,0.000000000000000000e+00,0.000000000000000000e+00,5.000000000000000278e-02,8.733741358112177000e-01,8.508574886455944064e-01,-1.500000000000000000e+00,0.000000000000000000e+00
1.412129503087622417e+00,1.987114583521051969e+00,1.522375419978517774e-01,1.500000000000000000e+00,0.000000000000000000e+00,0.000000000000000000e+00,5.000000000000000278e-02,-2.118194254631433626e+00,-2.166022091913233805e+00,-1.500000000000000000e+00,-0.000000000000000000e+00
8.821216867326446831e-01,2.343494766484022662e+00,3.806211572111461994e-01,1.500000000000000000e+00,0.000000000000000000e+00,0.000000000000000000e+00,5.000000000000000278e-02,-1.323182530098967025e+00,-1.334550754560549057e+00,-1.500000000000000000e+00,-0.000000000000000000e+00
-2.587616084346487710e+00,2.321504845448212784e+00,4.089082363446111534e-01,1.500000000000000000e+00,0.000000000000000000e+00,0.000000000000000000e+00,5.000000000000000278e-02,3.881424126519731566e+00,3.574660645774164092e+00,-1.500000000000000000e+00,0.000000000000000000e+00
-8.622205863799683456e-01,5.495917217170243063e-03,1.639562924761478468e-01,1.500000000000000000e+00,0.000000000000000000e+00,0.000000000000000000e+00,5.000000000000000278e-02,1.293330879569952518e+00,1.241998291912820074e+00,-1.500000000000000000e+00,0.000000000000000000e+00
1.925973609280129395e-01,1.022349490713878373e+00,7.703490834727753089e-01,1.500000000000000000e+00,0.000000000000000000e+00,0.000000000000000000e+00,5.000000000000000278e-02,-2.888960413920194092e-01,-3.128100155452514519e-01,-1.500000000000000000e+00,-0.000000000000000000e+00
1.206622419835046145e-03,1.794372039242237982e+00,6.068334455635147062e-01,1.500000000000000000e+00,0.000000000000000000e+00,0.000000000000000000e+00,5.000000000000000278e-02,-1.809933629752569217e-03,-1.003525004558895733e-01,-1.500000000000000000e+00,-0.000000000000000000e+00
-2.711248672710452556e+00,6.858293142217024574e-01,6.487560504636019632e-01,1.500000000000000000e+00,0.000000000000000000e+00,0.000000000000000000e+00,5.000000000000000278e-02,4.066873009065679057e+00,4.448144486809584741e+00,-1.500000000000000000e+00,0.000000000000000000e+00
-1.133532975358729322e+00,1.508862380170847839e-01,3.757284596991645742e-01,1.500000000000000000e+00,0.000000000000000000e+00,0.000000000000000000e+00,5.000000000000000278e-02,1.700299463038093872e+00,1.690345221704600664e+00,-1.500000000000000000e+00,0.000000000000000000e+00
1.297455953879049773e+00,1.539276810335594270e+00,5.171344562709003778e-01,1.500000000000000000e+00,0.000000000000000000e+00,0.000000000000000000e+00,5.000000000000000278e-02,-1.946183930818574659e+00,-1.811558456133683048e+00,-1.500000000000000000e+00,-0.000000000000000000e+00
-4.337915345242504550e-01,1.300366153718711670e-01,2.482013851275529648e-01,1.500000000000000000e+00,0.000000000000000000e+00,0.000000000000000000e+00,5.000000000000000278e-02,6.506873017863756825e-01,6.389920922940521830e-01,-1.500000000000000000e+00,0.000000000000000000e+00
1.756224127679789859e+00,7.424703326657319247e-01,6.796240459985788407e-01,1.500000000000000000e+00,0.000000000000000000e+00,0.000000000000000000e+00,5.000000000000000278e-02,-2.634336191519684789e+00,-2.637185943352127637e+00,-1.500000000000000000e+00,-0.000000000000000000e+00
-1.415023252131079934e+00,3.028273371504276446e-01,4.337771254311706404e-01,1.500000000000000000e+00,0.000000000000000000e+00,0.000000000000000000e+00,5.000000000000000278e-02,2.122534878196619790e+00,2.113558534076492190e+00,-1.500000000000000000e+00,0.000000000000000000e+00
1.121176104372470839e+00,1.913843534736526131e+00,5.055101507536038374e-01,1.500000000000000000e+00,0.000000000000000000e+00,0.000000000000000000e+00,5.000000000000000278e-02,-1.681764156558706258e+00,-1.824333522895662973e+00,-1.500000000000000000e+00,-0.000000000000000000e+00
-2.725542327473072124e+00,2.501294250034442612e-01,5.521974126360467139e-01,1.500000000000000000e+00,0.000000000000000000e+00,0.000000000000000000e+00,5.000000000000000278e-02,4.088313491209608408e+00,3.857107038493558626e+00,-1.500000000000000000e+00,0.000000000000000000e+00
1.632638317835655606e+00,2.786175048946680555e+00,2.955708774137911776e-01,1.500000000000000000e+00,0.000000000000000000e+00,0.000000000000000000e+00,5.000000000000000278e-02,-2.448957476753483409e+00,-2.389704369676728835e+00,-1.500000000000000000e+00,-0.000000000000000000e+00
3.380731420571256862e-01,9.362790052349343473e-01,8.812512137708711224e-01,1.500000000000000000e+00,0.000000000000000000e+00,0.000000000000000000e+00,5.000000000000000278e-02,-5.071097130856885293e-01,-5.273549041606433452e-01,-1.500000000000000000e+00,-0.000000000000000000e+00
2.913015137664314302e+00,2.349476865557844185e+00,4.411438421719747760e-01,1.500000000000000000e+00,0.000000000000000000e+00,0.000000000000000000e+00,5.000000000000000278e-02,-4.369522706496471898e+00,-4.301574457517107319e+00,-1.500000000000000000e+00,-0.000000000000000000e+00
4.926174736598678550e-01,6.579135511425592275e-01,5.014900547226143201e-01,1.500000000000000000e+00,0.000000000000000000e+00,0.000000000000000000e+00,5.000000000000000278e-02,-7.389262104898017824e-01,-7.269749125050591898e-01,-1.500000000000000000e+00,-0.000000000000000000e+00
2.978381163950176713e-01,6.379999116866230668e-02,8.446922705946149357e-01,1.500000000000000000e+00,0.000000000000000000e+00,0.000000000000000000e+00,5.000000000000000278e-02,-4.467571745925265070e-01,-5.144181197070420986e-01,-1.500000000000000000e+00,-0.000000000000000000e+00
-2.082545711069095695e+00,2.117603488668899026e+00,1.988813021653702551e-01,1.500000000000000000e+00,0.000000000000000000e+00,0.000000000000000000e+00,5.000000000000000278e-02,3.123818566603643543e+00,2.941627558700443679e+00,-1.500000000000000000e+00,0.000000000000000000e+00
2.358517753935017502e+00,1.608540791935983538e+00,9.732865052467876144e-01,1.500000000000000000e+00,0.000000000000000000e+00,0.000000000000000000e+00,5.000000000000000278e-02,-3.537776630902526254e+00,-3.711768240172681477e+00,-1.500000000000000000e+00,-0.000000000000000000e+00
-1.971803498663634135e+00,2.957147963548782066e+00,8.110319224098768709e-01,1.500000000000000000e+00,0.000000000000000000e+00,0.000000000000000000e+00,5.000000000000000278e-02,2.957705247995451092e+00,2.697677766171736824e+00,-1.500000000000000000e+00,0.000000000000000000e+00
-5.122368173976141748e-01,6.767377558122996684e-01,8.186269507535026690e-02,1.500000000000000000e+00,0.000000000000000000e+00,0.000000000000000000e+00,5.000000000000000278e-02,7.683552260964212621e-01,7.073728795284490722e-01,-1.500000000000000000e+00,0.000000000000000000e+00
2.713988458779549084e+00,2.585946554209005654e+00,4.817283338521916036e-01,1.500000000000000000e+00,0.000000000000000000e+00,0.000000000000000000e+00,5.000000000000000278e-02,-4.070982688169323183e+00,-4.080201364513611928e+00,-1.500000000000000000e+00,-0.000000000000000000e+00
-2.348543639699501195e+00,7.193091395217924289e-01,8.770247110088386089e-01,1.500000000000000000e+00,0.000000000000000000e+00,0.000000000000000000e+00,5.000000000000000278e-02,3.522815459549251571e+00,3.708441672327627003e+00,-1.500000000000000000e+00,0.000000000000000000e+00
2.125086547302513118e+00,1.580479299780623181e+00,5.771270882987901141e-01,1.500000000000000000e+00,0.000000000000000000e+00,0.000000000000000000e+00,5.000000000000000278e-02,-3.187629820953769677e+00,-2.983373305722265556e+00,-1.500000000000000000e+00,-0.000000000000000000e+00
1.126252328495294996e+00,5.832796618287815482e-01,6.853868542166512423e-01,1.500000000000000000e+00,0.000000000000000000e+00,0.000000000000000000e+00,5.000000000000000278e-02,-1.689378492742942495e+00,-1.639786171292245909e+00,-1.500000000000000000e+00,-0.000000000000000000e+00
-2.215621102948471588e+00,2.852843853355948589e+00,6.431559881696923275e-01,1.500000000000000000e+00,0.000000000000000000e+00,0.000000000000000000e+00,5.000000000000000278e-02,3.323431654422707382e+00,3.213357629262697746e+00,-1.500000000000000000e+00,0.000000000000000000e+00
1.018340931593685106e+00,1.716582616885576895e+00,5.780882863430562013e-01,1.500000000000000000e+00,0.000000000000000000e+00,0.000000000000000000e+00,5.000000000000000278e-02,-1.527511397390527659e+00,-1.604921227103601522e+00,-1.500000000000000000e+00,-0.000000000000000000e+00
6.412998457164933441e-01,1.302454801321084599e+00,5.352476479658565545e-01,1.500000000000000000e+00,0.000000000000000000e+00,0.000000000000000000e+00,5.000000000000000278e-02,-9.619497685747400162e-01,-8.841712806957922055e-01,-1.500000000000000000e+00,-0.000000000000000000e+00
2.722586621618516389e+00,1.606083397837869908e+00,3.670791115967159124e-01,1.500000000000000000e+00,0.000000000000000000e+00,0.000000000000000000e+00,5.000000000000000278e-02,-4.083879932427774584e+00,-4.038531238865688877e+00,-1.500000000000000000e+00,-0.000000000000000000e+00
2.491960077237814097e+00,2.611092897284893244e+00,4.168426726020689754e-01,1.500000000000000000e+00,0.000000000000000000e+00,0.000000000000000000e+00,5.000000000000000278e-02,-3.737940115856721146e+00,-3.894362764780311181e+00,-1.500000000000000000e+00,-0.000000000000000000e+00
-2.137608685186056512e+00,2.090909737538349411e+00,4.929195723227131065e-02,1.500000000000000000e+00,0.000000000000000000e+00,0.000000000000000000e+00,5.000000000000000278e-02,3.206413027779084768e+00,3.034949781637348298e+00,-1.500000000000000000e+00,0.000000000000000000e+00
2.924693271900714819e+00,1.435090960745728061e+00,7.090339060317104591e-01,1.500000000000000000e+00,0.000000000000000000e+00,0.000000000000000000e+00,5.000000000000000278e-02,-4.387039907851072229e+00,-3.903761095858415686e+00,-1.500000000000000000e+00,-0.000000000000000000e+00
-2.145394121034264856e+00,2.073779061415694791e+00,4.106095752794787224e-01,1.500000000000000000e+00,0.000000000000000000e+00,0.000000000000000000e+00,5.000000000000000278e-02,3.218091181551397284e+00,3.321914518100437252e+00,-1.500000000000000000e+00,0.000000000000000000e+00
1.816878371716009966e+00,3.075016748805413647e-01,8.756527082401186490e-01,1.500000000000000000e+00,0.000000000000000000e+00,0.000000000000000000e+00,5.000000000000000278e-02,-2.725317557574014948e+00,-2.694017008642281219e+00,-1.500000000000000000e+00,-0.000000000000000000e+00
-4.355823753911858276e-01,1.273881784642052484e+00,9.200713310977084447e-01,1.500000000000000000e+00,0.000000000000000000e+00,0.000000000000000000e+00,5.000000000000000278e-02,6.533735630867787414e-01,6.595655047846974428e-01,-1.500000000000000000e+00,0.000000000000000000e+00
2.360229858450116680e+00,9.715182904998732605e-01,4.333040495153730465e-01,1.500000000000000000e+00,0.000000000000000000e+00,0.000000000000000000e+00,5.000000000000000278e-02,-3.540344787675175020e+00,-3.581677033661263554e+00,-1.500000000000000000e+00,-0.000000000000000000e+00
-2.923343995898699532e-01,9.386273429785751965e-01,3.089044463889395464e-01,1.500000000000000000e+00,0.000000000000000000e+00,0.000000000000000000e+00,5.000000000000000278e-02,4.385015993848049298e-01,4.835574295191663596e-01,-1.500000000000000000e+00,0.000000000000000000e+00
-2.723455978096556152e+00,2.737709014630141713e+00,1.709190833038445323e-01,1.500000000000000000e+00,0.000000000000000000e+00,0.000000000000000000e+00,5.000000000000000278e-02,4.085183967144834227e+00,4.222377377983447921e+00,-1.500000000000000000e+00,0.000000000000000000e+00
2.445496931702554555e+00,1.578964485515440108e+00,7.509050615811223572e-01,1.500000000000000000e+00,0.000000000000000000e+00,0.000000000000000000e+00,5.000000000000000278e-02,-3.668245397553831832e+00,-3.404414498693612234e+00,-1.500000000000000000e+00,-0.000000000000000000e+00
-1.016851148457580623e+00,2.990589574054017596e+00,4.741729962554469546e-01,1.500000000000000000e+00,0.000000000000000000e+00,0.000000000000000000e+00,5.000000000000000278e-02,1.525276722686371045e+00,1.391343772121839795e+00,-1.500000000000000000e+00,0.000000000000000000e+00
1.255340368864032996e+00,8.339646120318875422e-01,4.472676088309438525e-01,1.500000000000000000e+00,0.000000000000000000e+00,0.000000000000000000e+00,5.000000000000000278e-02,-1.883010553296049494e+00,-1.819277952623151062e+00,-1.500000000000000000e+00,-0.000000000000000000e+00
2.302462251954227490e+00,1.379344031440160379e+00,7.221962287986342099e-01,1.500000000000000000e+00,0.000000000000000000e+00,0.000000000000000000e+00,5.000000000000000278e-02,-3.453693377931341235e+00,-3.415544473096692180e+00,-1.500000000000000000e+00,-0.000000000000000000e+00
-8.988805802598465178e-01,2.548062317357014273e+00,4.540598931756634205e-02,1.500000000000000000e+00,0.000000000000000000e+00,0.000000000000000000e+00,5.000000000000000278e-02,1.348320870389769777e+00,1.406954284355254714e+00,-1.500000000000000000e+00,0.000000000000000000e+00
1.209391151762412520e+00,2.729108629287129606e+00,9.853005202482527647e-01,1.500000000000000000e+00,0.000000000000000000e+00,0.000000000000000000e+00,5.000000000000000278e-02,-1.814086727643618779e+00,-1.763498936243880433e+00,-1.500000000000000000e+00,-0.000000000000000000e+00
-9.216873295047198766e-01,1.992986230552466154e+00,8.905998756216184642e-01,1.500000000000000000e+00,0.000000000000000000e+00,0.000000000000000000e+00,5.000000000000000278e-02,1.382530994257079815e+00,1.245024849410147683e+00,-1.500000000000000000e+00,0.000000000000000000e+00
2.017228832476753553e+00,1.047643601636741639e+00,8.966510537127539981e-01,1.500000000000000000e+00,0.000000000000000000e+00,0.000000000000000000e+00,5.000000000000000278e-02,-3.025843248715130329e+00,-3.030359903010626077e+00,-1.500000000000000000e+00,-0.000000000000000000e+00
2.919931401553611749e+00,2.131106070606302971e+00,9.199983432919209836e-01,1.500000000000000000e+00,0.000000000000000000e+00,0.000000000000000000e+00,5.000000000000000278e-02,-4.379897102330417624e+00,-4.053542346084880066e+00,-1.500000000000000000e+00,-0.000000000000000000e+00
-1.680533958186683385e+00,2.397690859983542477e+00,6.618356200265841371e-01,1.500000000000000000e+00,0.000000000000000000e+00,0.000000000000000000e+00,5.000000000000000278e-02,2.520800937280025078e+00,2.611625911483277385e+00,-1.500000000000000000e+00,0.000000000000000000e+00
1.895843898502220348e+00,1.821803771526657290e+00,1.746294681314651820e-01,1.500000000000000000e+00,0.000000000000000000e+00,0.000000000000000000e+00,5.000000000000000278e-02,-2.843765847753330522e+00,-2.975428069193534419e+00,-1.500000000000000000e+00,-0.000000000000000000e+00
2.708074218009723921e+00,2.277921443850456029e+00,7.704494737566015550e-01,1.500000000000000000e+00,0.000000000000000000e+00,0.000000000000000000e+00,5.000000000000000278e-02,-4.062111327014585882e+00,-4.433347548904618129e+00,-1.500000000000000000e+00,-0.000000000000000000e+00
-7.174094312638610305e-01,2.181845879608668159e+00,4.954178354063610845e-01,1.500000000000000000e+00,0.000000000000000000e+00,0.000000000000000000e+00,5.000000000000000278e-02,1.076114146895791546e+00,1.140199624528698941e+00,-1.500000000000000000e+00,0.000000000000000000e+00
-2.294274174914781472e+00,6.441313771763554907e-01,9.673717708225971768e-01,1.500000000000000000e+00,0.000000000000000000e+00,0.000000000000000000e+00,5.000000000000000278e-02,3.441411262372172430e+00,3.456886858570288101e+00,-1.500000000000000000e+00,0.000000000000000000e+00
5.205394822178064373e-01,7.499395356237015253e-01,8.077354264729276201e-01,1.500000000000000000e+00,0.000000000000000000e+00,0.000000000000000000e+00,5.000000000000000278e-02,-7.808092233267096560e-01,-7.574186871939698751e-01,-1.500000000000000000e+00,-0.000000000000000000e+00
1.188340484517107498e+00,1.584050567994810255e-01,7.175365171834175992e-01,1.500000000000000000e+00,0.000000000000000000e+00,0.000000000000000000e+00,5.000000000000000278e-02,-1.782510726775661247e+00,-1.857957142321312816e+00,-1.500000000000000000e+00,-0.000000000000000000e+00
-1.206495463852142347e+00,2.894429151657663901e+00,2.500555228419349962e-01,1.500000000000000000e+00,0.000000000000000000e+00,0.000000000000000000e+00,5.000000000000000278e-02,1.809743195778213520e+00,1.904565247848275522e+00,-1.500000000000000000e+00,0.000000000000000000e+00
-2.967993425500376148e+00,1.872456088095807436e-01,3.359569252004229734e-01,1.500000000000000000e+00,0.000000000000000000e+00,0.000000000000000000e+00,5.000000000000000278e-02,4.451990138250564222e+00,4.398075786427834366e+00,-1.500000000000000000e+00,0.000000000000000000e+00
5.438885560548785136e-01,2.272151872432004449e+00,9.302976006437801981e-02,1.500000000000000000e+00,0.000000000000000000e+00,0.000000000000000000e+00,5.000000000000000278e-02,-8.158328340823177705e-01,-8.272153824000062494e-01,-1.500000000000000000e+00,-0.000000000000000000e+00
-1.958847305512480652e+00,1.496549741431144831e+00,8.250374409314834567e-01,1.500000000000000000e+00,0.000000000000000000e+00,0.000000000000000000e+00,5.000000000000000278e-02,2.938270958268720978e+00,2.758518100595753531e+00,-1.500000000000000000e+00,0.000000000000000000e+00
-7.211530060637398876e-01,2.784563360402573906e+00,8.681066905978512827e-01,1.500000000000000000e+00,0.000000000000000000e+00,0.000000000000000000e+00,5.000000000000000278e-02,1.081729509095609831e+00,1.087768371124723910e+00,-1.500000000000000000e+00,0.000000000000000000e+00
1.450344705466944717e+00,7.762939914095675631e-01,5.962544464077368378e-01,1.500000000000000000e+00,0.000000000000000000e+00,0.000000000000000000e+00,5.000000000000000278e-02,-2.175517058200417075e+00,-2.140860467415894419e+00,-1.500000000000000000e+00,-0.000000000000000000e+00
-2.184106185407566514e+00,2.881232529211699145e+00,9.964912744392412369e-01,1.500000000000000000e+00,0.000000000000000000e+00,0.000000000000000000e+00,5.000000000000000278e-02,3.276159278111349771e+00,3.113968376295418228e+00,-1.500000000000000000e+00,0.000000000000000000e+00
1.211684023387364917e-01,4.048806685972394792e-01,7.379799776771102104e-01,1.500000000000000000e+00,0.000000000000000000e+00,0.000000000000000000e+00,5.000000000000000278e-02,-1.817526035081047375e-01,-2.100157331480859146e-01,-1.500000000000000000e+00,-0.000000000000000000e+00
-1.769223744244029950e+00,3.581911462094384824e-01,5.878027761462933931e-02,1.500000000000000000e+00,0.000000000000000000e+00,0.000000000000000000e+00,5.000000000000000278e-02,2.653835616366044814e+00,2.714662951980909344e+00,-1.500000000000000000e+00,0.000000000000000000e+00
9.130696001034546150e-01,1.579544302277404499e+00,8.980633892346238101e-01,1.500000000000000000e+00,0.000000000000000000e+00,0.000000000000000000e+00,5.000000000000000278e-02,-1.369604400155181922e+00,-1.456751347351707970e+00,-1.500000000000000000e+00,-0.000000000000000000e+00
-3.693270069371736852e-01,5.874574050271074155e-01,1.000939237851994346e-01,1.500000000000000000e+00,0.000000000000000000e+00,0.000000000000000000e+00,5.000000000000000278e-02,5.539905104057605278e-01,5.706978392773276454e-01,-1.500000000000000000e+00,0.000000000000000000e+00
8.480634095180770160e-01,9.271843200059992629e-01,4.484957367012298857e-01,1.500000000000000000e+00,0.000000000000000000e+00,0.000000000000000000e+00,5.000000000000000278e-02,-1.272095114277115524e+00,-1.216091792553231521e+00,-1.500000000000000000e+00,-0.000000000000000000e+00
-1.433551957595684545e+00,1.388758440864161559e+00,3.734285511204370467e-01,1.500000000000000000e+00,0.000000000000000000e+00,0.000000000000000000e+00,5.000000000000000278e-02,2.150327936393527040e+00,2.147918106046207143e+00,-1.500000000000000000e+00,0.000000000000000000e+00
9.986649329894392579e-01,1.808963416881203212e+00,4.186090491919907119e-01,1.500000000000000000e+00,0.000000000000000000e+00,0.000000000000000000e+00,5.000000000000000278e-02,-1.497997399484158887e+00,-1.603976264281130382e+00,-1.500000000000000000e+00,-0.000000000000000000e+00
-2.266162736587570059e+00,1.607304231171041042e+00,2.229370560181903604e-01,1.500000000000000000e+00,0.000000000000000000e+00,0.000000000000000000e+00,5.000000000000000278e-02,3.399244104881355089e+00,3.381022833821430762e+00,-1.500000000000000000e+00,0.000000000000000000e+00
5.806631760948377519e-01,2.555656664096566111e+00,4.119475894337752964e-01,1.500000000000000000e+00,0.000000000000000000e+00,0.000000000000000000e+00,5.000000000000000278e-02,-8.709947641422566278e-01,-8.158316008989499046e-01,-1.500000000000000000e+00,-0.000000000000000000e+00
-2.775145118976252601e+00,1.042556256402338288e-02,1.347486469694668676e-01,1.500000000000000000e+00,0.000000000000000000e+00,0.000000000000000000e+00,5.000000000000000278e-02,4.162717678464378679e+00,4.167750676711342805e+00,-1.500000000000000000e+00,0.000000000000000000e+00
1.130130111845369711e+00,2.507101254431362225e+00,3.986723945202871322e-01,1.500000000000000000e+00,0.000000000000000000e+00,0.000000000000000000e+00,5.000000000000000278e-02,-1.695195167768054567e+00,-1.808646849052099936e+00,-1.500000000000000000e+00,-0.000000000000000000e+00
2.108283521210055689e+00,2.572255370555758258e-01,4.760357056683436339e-01,1.500000000000000000e+00,0.000000000000000000e+00,0.000000000000000000e+00,5.000000000000000278e-02,-3.162425281815083533e+00,-3.037943477529654768e+00,-1.500000000000000000e+00,-0.000000000000000000e+00
5.285586055834419206e-01,5.323717842945079326e-01,7.097460519056549844e-01,1.500000000000000000e+00,0.000000000000000000e+00,0.000000000000000000e+00,5.000000000000000278e-02,-7.928379083751628809e-01,-7.757002696878227965e-01,-1.500000000000000000e+00,-0.000000000000000000e+00
-1.281488949693452284e-01,2.438314979965038320e-01,8.607326022421041278e-01,1.500000000000000000e+00,0.000000000000000000e+00,0.000000000000000000e+00,5.000000000000000278e-02,1.922233424540178426e-01,2.606872922178233853e-01,-1.500000000000000000e+00,0.000000000000000000e+00
2.549308587781352387e+00,1.164493743519395386e+00,2.523166581553938359e-01,1.500000000000000000e+00,0.000000000000000000e+00,0.000000000000000000e+00,5.000000000000000278e-02,-3.823962881672028580e+00,-3.549858514047208757e+00,-1.500000000000000000e+00,-0.000000000000000000e+00
1.475029298991344717e+00,2.056987249371687199e+00,7.109154447100870522e-01,1.500000000000000000e+00,0.000000000000000000e+00,0.000000000000000000e+00,5.000000000000000278e-02,-2.212543948487017076e+00,-2.132785797335530642e+00,-1.500000000000000000e+00,-0.000000000000000000e+00
2.445824364389931560e+00,7.307619676000753905e-02,8.841076941903387443e-01,1.500000000000000000e+00,0.000000000000000000e+00,0.000000000000000000e+00,5.000000000000000278e-02,-3.668736546584897340e+00,-3.716738471470055760e+00,-1.500000000000000000e+00,-0.000000000000000000e+00
8.719200739656516319e-01,8.238934371368439313e-01,8.701871801689324837e-01,1.500000000000000000e+00,0.000000000000000000e+00,0.000000000000000000e+00,5.000000000000000278e-02,-1.307880110948477448e+00,-1.442605118626495653e+00,-1.500000000000000000e+00,-0.000000000000000000e+00
2.304857423759457902e+00,5.915867927597083797e-01,1.813808840248923859e-01,1.500000000000000000e+00,0.000000000000000000e+00,0.000000000000000000e+00,5.000000000000000278e-02,-3.457286135639186853e+00,-3.811066848500320070e+00,-1.500000000000000000e+00,-0.000000000000000000e+00
2.822512032147796113e+00,3.082151153394274701e-01,2.533701142948663332e-02,1.500000000000000000e+00,0.000000000000000000e+00,0.000000000000000000e+00,5.000000000000000278e-02,-4.233768048221694613e+00,-4.274051692124791302e+00,-1.500000000000000000e+00,-0.000000000000000000e+00
-7.811812031039901960e-01,2.002325082422395042e+00,2.443990538270151003e-01,1.500000000000000000e+00,0.000000000000000000e+00,0.000000000000000000e+00,5.000000000000000278e-02,1.171771804655985294e+00,1.132061775255752245e+00,-1.500000000000000000e+00,0.000000000000000000e+00
2.708976095058124756e+00,1.805010034285586151e+00,3.527652052137809635e-01,1.500000000000000000e+00,0.000000000000000000e+00,0.000000000000000000e+00,5.000000000000000278e-02,-4.063464142587187133e+00,-4.074500207983816402e+00,-1.500000000000000000e+00,-0.000000000000000000e+00
2.359323364018037772e+00,1.732336270499001962e-01,2.477432848354665929e-02,1.500000000000000000e+00,0.000000000000000000e+00,0.000000000000000000e+00,5.000000000000000278e-02,-3.538985046027056658e+00,-3.723124333952072096e+00,-1.500000000000000000e+00,-0.000000000000000000e+00
-1.357863012477596110e+00,9.764828003131226231e-01,7.664295975278125894e-01,1.500000000000000000e+00,0.000000000000000000e+00,0.000000000000000000e+00,5.000000000000000278e-02,2.036794518716394276e+00,1.931933912261650343e+00,-1.500000000000000000e+00,0.000000000000000000e+00
-1.877438845688127911e+00,6.853029017551922619e-01,3.415679658462239532e-01,1.500000000000000000e+00,0.000000000000000000e+00,0.000000000000000000e+00,5.000000000000000278e-02,2.816158268532191755e+00,2.953713932178704482e+00,-1.500000000000000000e+00,0.000000000000000000e+00
1.064624113612300249e-03,1.350197803123294182e+00,3.351582471950238507e-01,1.500000000000000000e+00,0.000000000000000000e+00,0.000000000000000000e+00,5.000000000000000278e-02,-1.596936170418450374e-03,9.673845066982475482e-03,-1.500000000000000000e+00,-0.000000000000000000e+00
2.120708434879878368e+00,1.405989521141727261e-01,9.637660613934280196e-01,1.500000000000000000e+00,0.000000000000000000e+00,0.000000000000000000e+00,5.000000000000000278e-02,-3.181062652319817552e+00,-3.177771222291385644e+00,-1.500000000000000000e+00,-0.000000000000000000e+00
-2.619423027125092673e+00,2.850191439907270308e+00,1.697232159340471558e-01,1.500000000000000000e+00,0.000000000000000000e+00,0.000000000000000000e+00,5.000000000000000278e-02,3.929134540687639010e+00,4.240471301729760611e+00,-1.500000000000000000e+00,0.000000000000000000e+00
1.268560240095863989e+00,2.347356580269906345e+00,1.495375299592988094e-01,1.500000000000000000e+00,0.000000000000000000e+00,0.000000000000000000e+00,5.000000000000000278e-02,-1.902840360143795984e+00,-1.974776842910343611e+00,-1.500000000000000000e+00,-0.000000000000000000e+00
-3.508102255756568866e-01,1.168135789218882614e+00,6.456645118000693406e-01,1.500000000000000000e+00,0.000000000000000000e+00,0.000000000000000000e+00,5.000000000000000278e-02,5.262153383634853299e-01,5.465379850239021620e-01,-1.500000000000000000e+00,0.000000000000000000e+00
1.934419987097212079e+00,1.491710130723867156e+00,1.669765324917842353e-01,1.500000000000000000e+00,0.000000000000000000e+00,0.000000000000000000e+00,5.000000000000000278e-02,-2.901629980645818119e+00,-3.045310245132201832e+00,-1.500000000000000000e+00,-0.000000000000000000e+00
-2.830646522577197288e+00,2.521151795272468910e+00,6.714017533217057077e-01,1.500000000000000000e+00,0.000000000000000000e+00,0.000000000000000000e+00,5.000000000000000278e-02,4.245969783865795932e+00,4.145452905960876677e+00,-1.500000000000000000e+00,0.000000000000000000e+00
9.466383362613832730e-01,9.289888338464641349e-01,2.131674526031203110e-01,1.500000000000000000e+00,0.000000000000000000e+00,0.000000000000000000e+00,5.000000000000000278e-02,-1.419957504392074910e+00,-1.416475544052407720e+00,-1.500000000000000000e+00,-0.000000000000000000e+00
-1.227237566349175468e+00,2.829571879823308489e+00,3.781581740930777258e-01,1.500000000000000000e+00,0.000000000000000000e+00,0.000000000000000000e+00,5.000000000000000278e-02,1.840856349523763313e+00,1.816825002516391230e+00,-1.500000000000000000e+00,0.000000000000000000e+00
9.356249794953130916e-01,2.491385981164158103e+00,8.598666537897360351e-01,1.500000000000000000e+00,0.000000000000000000e+00,0.000000000000000000e+00,5.000000000000000278e-02,-1.403437469242969637e+00,-1.457505257292714518e+00,-1.500000000000000000e+00,-0.000000000000000000e+00
-2.549235006088303113e+00,1.587614274582055174e+00,6.496736788793466832e-02,1.500000000000000000e+00,0.000000000000000000e+00,0.000000000000000000e+00,5.000000000000000278e-02,3.823852509132454891e+00,3.754317806651640055e+00,-1.500000000000000000e+00,0.000000000000000000e+00
2.929046078019187149e+00,5.328582501961998119e-02,3.530210229980689229e-01,1.500000000000000000e+00,0.000000000000000000e+00,0.000000000000000000e+00,5.000000000000000278e-02,-4.393569117028780724e+00,-4.196140940568874989e+00,-1.500000000000000000e+00,-0.000000000000000000e+00
2.592263378907011528e+00,2.961211171656892738e+00,2.417913327206846485e-01,1.500000000000000000e+00,0.000000000000000000e+00,0.000000000000000000e+00,5.000000000000000278e-02,-3.888395068360517293e+00,-4.059235544232570270e+00,-1.500000000000000000e+00,-0.000000000000000000e+00
-7.180421454966658956e-01,9.299261659106836664e-01,4.557940322433327029e-01,1.500000000000000000e+00,0.000000000000000000e+00,0.000000000000000000e+00,5.000000000000000278e-02,1.077063218244998843e+00,1.005138925925219251e+00,-1.500000000000000000e+00,0.000000000000000000e+00
-2.889808778843798720e-01,4.884184936706603697e-01,9.442322222128443077e-01,1.500000000000000000e+00,0.000000000000000000e+00,0.000000000000000000e+00,5.000000000000000278e-02,4.334713168265698080e-01,5.076351124833460293e-01,-1.500000000000000000e+00,0.000000000000000000e+00
2.605892229263580440e+00,9.899570211339178138e-01,1.728018930391239660e-01,1.500000000000000000e+00,0.000000000000000000e+00,0.000000000000000000e+00,5.000000000000000278e-02,-3.908838343895370659e+00,-4.182319576095179237e+00,-1.500000000000000000e+00,-0.000000000000000000e+00
1.452236225537133052e+00,2.085968794498893608e-02,5.857206792576402643e-01,1.500000000000000000e+00,0.000000000000000000e+00,0.000000000000000000e+00,5.000000000000000278e-02,-2.178354338305699578e+00,-2.217870316868182812e+00,-1.500000000000000000e+00,-0.000000000000000000e+00
-3.096920014668214094e-02,4.230837827331725975e-01,8.780798659758318747e-01,1.500000000000000000e+00,0.000000000000000000e+00,0.000000000000000000e+00,5.000000000000000278e-02,4.645380022002321141e-02,-1.969894347094074127e-02,-1.500000000000000000e+00,0.000000000000000000e+00
-2.323815570220632676e+00,1.456918594928959365e+00,3.340025300554552157e-01,1.500000000000000000e+00,0.000000000000000000e+00,0.000000000000000000e+00,5.000000000000000278e-02,3.485723355330948792e+00,3.313882338138380845e+00,-1.500000000000000000e+00,0.000000000000000000e+00
-1.350032249185910915e+00,2.401260690538621345e-01,5.766213228062266882e-01,1.500000000000000000e+00,0.000000000000000000e+00,0.000000000000000000e+00,5.000000000000000278e-02,2.025048373778866484e+00,2.122466003038018467e+00,-1.500000000000000000e+00,0.000000000000000000e+00
8.273321557687225436e-01,1.125177669168859307e+00,9.856171189623396112e-01,1.500000000000000000e+00,0.000000000000000000e+00,0.000000000000000000e+00,5.000000000000000278e-02,-1.240998233653083815e+00,-1.199844989672625095e+00,-1.500000000000000000e+00,-0.000000000000000000e+00
2.243290585396660930e+00,2.215084705908441975e+00,7.748504397059832183e-01,1.500000000000000000e+00,0.000000000000000000e+00,0.000000000000000000e+00,5.000000000000000278e-02,-3.364935878094991395e+00,-3.426936214207012998e+00,-1.500000000000000000e+00,-0.000000000000000000e+00
-1.887605531731932462e+00,2.108257084681054216e+00,4.244926293429921449e-01,1.500000000000000000e+00,0.000000000000000000e+00,0.000000000000000000e+00,5.000000000000000278e-02,2.831408297597898915e+00,3.036364190064047008e+00,-1.500000000000000000e+00,0.000000000000000000e+00
9.132524193509059529e-01,2.081101934619480787e+00,5.253960052063795239e-01,1.500000000000000000e+00,0.000000000000000000e+00,0.000000000000000000e+00,5.000000000000000278e-02,-1.369878629026358929e+00,-1.406740702083309591e+00,-1.500000000000000000e+00,-0.000000000000000000e+00
-6.177031706289533020e-01,2.523523906324338650e+00,5.557101670770550061e-01,1.500000000000000000e+00,0.000000000000000000e+00,0.000000000000000000e+00,5.000000000000000278e-02,9.265547559434299529e-01,9.780961651179627125e-01,-1.500000000000000000e+00,0.000000000000000000e+00
2.121567225826121117e+00,1.158932199704644006e+00,6.201277410556792491e-01,1.500000000000000000e+00,0.000000000000000000e+00,0.000000000000000000e+00,5.000000000000000278e-02,-3.182350838739181675e+00,-3.128123379184529984e+00,-1.500000000000000000e+00,-0.000000000000000000e+00
-2.432778220753043286e+00,1.703017266680891373e+00,8.603632402036600624e-01,1.500000000000000000e+00,0.000000000000000000e+00,0.000000000000000000e+00,5.000000000000000278e-02,3.649167331129564928e+00,3.831566403607139293e+00,-1.500000000000000000e+00,0.000000000000000000e+00
-2.781059657204288715e+00,1.147951214593499580e+00,7.619524909095398701e-01,1.500000000000000000e+00,0.000000000000000000e+00,0.000000000000000000e+00,5.000000000000000278e-02,4.171589485806433295e+00,4.161086749061041701e+00,-1.500000000000000000e+00,0.000000000000000000e+00
1.420797199155430235e+00,1.700273065208237178e+00,5.878258304067142115e-01,1.500000000000000000e+00,0.000000000000000000e+00,0.000000000000000000e+00,5.000000000000000278e-02,-2.131195798733145352e+00,-2.093199155227986274e+00,-1.500000000000000000e+00,-0.000000000000000000e+00
-2.354299714772401408e+00,1.500137294674451116e+00,3.523227602082372734e-01,1.500000000000000000e+00,0.000000000000000000e+00,0.000000000000000000e+00,5.000000000000000278e-02,3.531449572158602113e+00,3.507754331131906600e+00,-1.500000000000000000e+00,0.000000000000000000e+00
2.024473785993011532e+00,3.298579787273551167e-01,9.357747739661197439e-01,1.500000000000000000e+00,0.000000000000000000e+00,0.000000000000000000e+00,5.000000000000000278e-02,-3.036710678989517298e+00,-3.426069489613484453e+00,-1.500000000000000000e+00,-0.000000000000000000e+00
2.580002577202359149e+00,2.063984901757074386e+00,8.725417805908316504e-01,1.500000000000000000e+00,0.000000000000000000e+00,0.000000000000000000e+00,5.000000000000000278e-02,-3.870003865803538723e+00,-3.451247238161571307e+00,-1.500000000000000000e+00,-0.000000000000000000e+00
1.139578592564397752e+00,1.213666701153688354e+00,4.802003795617875159e-01,1.500000000000000000e+00,0.000000000000000000e+00,0.000000000000000000e+00,5.000000000000000278e-02,-1.709367888846596628e+00,-1.664841668006627584e+00,-1.500000000000000000e+00,-0.000000000000000000e+00
2.562059103115997161e+00,7.132017385271849363e-02,1.214302080166580478e-01,1.500000000000000000e+00,0.000000000000000000e+00,0.000000000000000000e+00,5.000000000000000278e-02,-3.843088654673995741e+00,-3.838220597881962348e+00,-1.500000000000000000e+00,-0.000000000000000000e+00
9.625953963646236566e-01,2.659019352101970934e+00,9.823008360003374628e-01,1.500000000000000000e+00,0.000000000000000000e+00,0.000000000000000000e+00,5.000000000000000278e-02,-1.443893094546935485e+00,-1.454669269204287518e+00,-1.500000000000000000e+00,-0.000000000000000000e+00
2.593532348283361877e+00,8.381133362586147273e-01,7.463426903329601902e-01,1.500000000000000000e+00,0.000000000000000000e+00,0.000000000000000000e+00,5.000000000000000278e-02,-3.890298522425042815e+00,-4.027827680324421955e+00,-1.500000000000000000e+00,-0.000000000000000000e+00
2.627695249872820327e+00,2.252946720673634218e-01,9.059064493873766333e-01,1.500000000000000000e+00,0.000000000000000000e+00,0.000000000000000000e+00,5.000000000000000278e-02,-3.941542874809230490e+00,-4.071841431413148804e+00,-1.500000000000000000e+00,-0.000000000000000000e+00
-2.638642264894676792e+00,1.119629436760306573e+00,5.457901918228401650e-01,1.500000000000000000e+00,0.000000000000000000e+00,0.000000000000000000e+00,5.000000000000000278e-02,3.957963397342015188e+00,3.954654562425385489e+00,-1.500000000000000000e+00,0.000000000000000000e+00
-2.504862107894808343e+00,9.226601223750151570e-01,6.297367264402073950e-01,1.500000000000000000e+00,0.000000000000000000e+00,0.000000000000000000e+00,5.000000000000000278e-02,3.757293161842212292e+00,3.916600878060664037e+00,-1.500000000000000000e+00,0.000000000000000000e+00
-2.776787808679745950e+00,1.602104653029211345e+00,4.415345690242997723e-01,1.500000000000000000e+00,0.000000000000000000e+00,0.000000000000000000e+00,5.000000000000000278e-02,4.165181713019618925e+00,4.214034981428206095e+00,-1.500000000000000000e+00,0.000000000000000000e+00
1.216075831918472794e+00,2.194587683825258040e+00,1.100462565685189631e-01,1.500000000000000000e+00,0.000000000000000000e+00,0.000000000000000000e+00,5.000000000000000278e-02,-1.824113747877709191e+00,-1.810395550052959379e+00,-1.500000000000000000e+00,-0.000000000000000000e+00
2.928618197102993648e+00,1.082383219695301158e+00,4.553373845019048627e-02,1.500000000000000000e+00,0.000000000000000000e+00,0.000000000000000000e+00,5.000000000000000278e-02,-4.392927295654490472e+00,-4.231063258487225198e+00,-1.500000000000000000e+00,-0.000000000000000000e+00
2.173398182798816691e+00,1.921018466523333412e+00,5.090130963496986016e-02,1.500000000000000000e+00,0.000000000000000000e+00,0.000000000000000000e+00,5.000000000000000278e-02,-3.260097274198225037e+00,-3.382067017486311222e+00,-1.500000000000000000e+00,-0.000000000000000000e+00
-2.039315402911931585e+00,2.843525123649611075e+00,5.247159274065079648e-01,1.500000000000000000e+00,0.000000000000000000e+00,0.000000000000000000e+00,5.000000000000000278e-02,3.058973104367897378e+00,3.206995487991435745e+00,-1.500000000000000000e+00,0.000000000000000000e+00
2.904265817706391140e+00,2.888145434760218233e+00,7.285765351560459235e-01,1.500000000000000000e+00,0.000000000000000000e+00,0.000000000000000000e+00,5.000000000000000278e-02,-4.356398726559586265e+00,-4.454270800522245111e+00,-1.500000000000000000e+00,-0.000000000000000000e+00
2.240094313259591630e+00,1.140759695891105263e+00,9.256415514319968896e-01,1.500000000000000000e+00,0.000000000000000000e+00,0.000000000000000000e+00,5.000000000000000278e-02,-3.360141469889387444e+00,-3.266911347613293604e+00,-1.500000000000000000e+00,-0.000000000000000000e+00
-2.253315513401468628e+00,2.599764296735777691e+00,6.547638975920417881e-01,1.500000000000000000e+00,0.000000000000000000e+00,0.000000000000000000e+00,5.000000000000000278e-02,3.379973270102202942e+00,3.268528014202980003e+00,-1.500000000000000000e+00,0.000000000000000000e+00
-1.561602719589253008e+00,2.124629450080985915e+00,3.500410214644429363e-01,1.500000000000000000e+00,0.000000000000000000e+00,0.000000000000000000e+00,5.000000000000000278e-02,2.342404079383879623e+00,2.446404962150019458e+00,-1.500000000000000000e+00,0.000000000000000000e+00
-2.373789035255100544e+00,1.198905254566707157e+00,1.436358354877259602e-01,1.500000000000000000e+00,0.000000000000000000e+00,0.000000000000000000e+00,5.000000000000000278e-02,3.560683552882650815e+00,3.351759576963632359e+00,-1.500000000000000000e+00,0.000000000000000000e+00
1.590157112185407229e+00,8.558087420235777065e-01,2.129904384958205554e-01,1.500000000000000000e+00,0.000000000000000000e+00,0.000000000000000000e+00,5.000000000000000278e-02,-2.385235668278110843e+00,-2.172888460612945050e+00,-1.500000000000000000e+00,-0.000000000000000000e+00
2.297636226552794980e+00,9.781978264179878035e-01,1.883541167571001207e-02,1.500000000000000000e+00,0.000000000000000000e+00,0.000000000000000000e+00,5.000000000000000278e-02,-3.446454339829192470e+00,-3.532086913563956987e+00,-1.500000000000000000e+00,-0.000000000000000000e+00
-1.701725015533064100e+00,4.132658723760939123e-01,7.385639537591307535e-01,1.500000000000000000e+00,0.000000000000000000e+00,0.000000000000000000e+00,5.000000000000000278e-02,2.552587523299596040e+00,2.490732286876388812e+00,-1.500000000000000000e+00,0.000000000000000000e+00
2.585910822561196198e+00,5.038914015169845273e-01,4.526489433492717485e-01,1.500000000000000000e+00,0.000000000000000000e+00,0.000000000000000000e+00,5.000000000000000278e-02,-3.878866233841794298e+00,-4.034356955679149870e+00,-1.500000000000000000e+00,-0.000000000000000000e+00
-6.011922853056756999e-01,1.040140489644509891e-01,2.230505043217284600e-01,1.500000000000000000e+00,0.000000000000000000e+00,0.000000000000000000e+00,5.000000000000000278e-02,9.017884279585135499e-01,8.471215845394526323e-01,-1.500000000000000000e+00,0.000000000000000000e+00
1.467777259260602207e+00,2.621898441361498744e-01,9.764168912903833375e-01,1.500000000000000000e+00,0.000000000000000000e+00,0.000000000000000000e+00,5.000000000000000278e-02,-2.201665888890903311e+00,-2.236598174028557651e+00,-1.500000000000000000e+00,-0.000000000000000000e+00
1.062370959518713853e+00,1.672661863626572654e+00,2.654692923628255707e-01,1.500000000000000000e+00,0.000000000000000000e+00,0.000000000000000000e+00,5.000000000000000278e-02,-1.593556439278070780e+00,-1.715283130625996799e+00,-1.500000000000000000e+00,-0.000000000000000000e+00
-1.157940672297541607e+00,1.983619029145105017e-01,5.830057382334354887e-01,1.500000000000000000e+00,0.000000000000000000e+00,0.000000000000000000e+00,5.000000000000000278e-02,1.736911008446312410e+00,1.817747919497985531e+00,-1.500000000000000000e+00,0.000000000000000000e+00
2.381049826419236126e+00,2.486375421505664818e+00,1.677152794513420142e-01,1.500000000000000000e+00,0.000000000000000000e+00,0.000000000000000000e+00,5.000000000000000278e-02,-3.571574739628854189e+00,-3.604121463148291848e+00,-1.500000000000000000e+00,-0.000000000000000000e+00
-1.226352672031495228e+00,2.415414602002338817e+00,8.776889328815092872e-01,1.500000000000000000e+00,0.000000000000000000e+00,0.000000000000000000e+00,5.000000000000000278e-02,1.839529008047242842e+00,1.643097548079426984e+00,-1.500000000000000000e+00,0.000000000000000000e+00
2.199703086394329432e+00,2.726552484190957859e+00,8.900424592759678122e-01,1.500000000000000000e+00,0.000000000000000000e+00,0.000000000000000000e+00,5.000000000000000278e-02,-3.299554629591494148e+00,-3.303773690411536901e+00,-1.500000000000000000e+00,-0.000000000000000000e+00
-1.019983837916751845e+00,2.657679164515079240e+00,6.468908724281778877e-01,1.500000000000000000e+00,0.000000000000000000e+00,0.000000000000000000e+00,5.000000000000000278e-02,1.529975756875127768e+00,1.565014312839160926e+00,-1.500000000000000000e+00,0.000000000000000000e+00
-1.171321899526563737e+00,1.870186361253134422e+00,3.178630087540492699e-01,1.500000000000000000e+00,0.000000000000000000e+00,0.000000000000000000e+00,5.000000000000000278e-02,1.756982849289845605e+00,1.769715120711703893e+00,-1.500000000000000000e+00,0.000000000000000000e+00
-2.169429600585241147e+00,3.958539454285688874e-01,4.362242621503078510e-01,1.500000000000000000e+00,0.000000000000000000e+00,0.000000000000000000e+00,5.000000000000000278e-02,3.254144400877861720e+00,3.152469920396385739e+00,-1.500000000000000000e+00,0.000000000000000000e+00
-3.993393916117917719e-01,1.350598472463565125e+00,7.354209218473938270e-01,1.500000000000000000e+00,0.000000000000000000e+00,0.000000000000000000e+00,5.000000000000000278e-02,5.990090874176876579e-01,5.876664218210343460e-01,-1.500000000000000000e+00,0.000000000000000000e+00
3.588964858799261748e-01,2.054320062224985755e+00,2.325200525925689155e-01,1.500000000000000000e+00,0.000000000000000000e+00,0.000000000000000000e+00,5.000000000000000278e-02,-5.383447288198892622e-01,-6.677026397773930810e-01,-1.500000000000000000e+00,-0.000000000000000000e+00
-5.740728388511766589e-01,2.559769250242643679e+00,8.565678866414251358e-01,1.500000000000000000e+00,0.000000000000000000e+00,0.000000000000000000e+00,5.000000000000000278e-02,8.611092582767649883e-01,7.908449988523297280e-01,-1.500000000000000000e+00,0.000000000000000000e+00
1.986508045224302244e+00,2.477102592238613177e+00,9.924229185494283234e-01,1.500000000000000000e+00,0.000000000000000000e+00,0.000000000000000000e+00,5.000000000000000278e-02,-2.979762067836453365e+00,-3.318383013700843875e+00,-1.500000000000000000e+00,-0.000000000000000000e+00
2.809730259826693555e+00,2.898836611417015430e+00,3.666356594388766599e-01,1.500000000000000000e+00,0.000000000000000000e+00,0.000000000000000000e+00,5.000000000000000278e-02,-4.214595389740040332e+00,-4.522166628483390127e+00,-1.500000000000000000e+00,-0.000000000000000000e+00
-2.015034416103624437e+00,2.500010700775456840e-01,5.430379548738100137e-01,1.500000000000000000e+00,0.000000000000000000e+00,0.000000000000000000e+00,5.000000000000000278e-02,3.022551624155436656e+00,3.111222934490769809e+00,-1.500000000000000000e+00,0.000000000000000000e+00
8.196006472823285094e-01,2.961373507601111843e+00,7.720725781087136586e-01,1.500000000000000000e+00,0.000000000000000000e+00,0.000000000000000000e+00,5.000000000000000278e-02,-1.229400970923492764e+00,-1.160102687550077949e+00,-1.500000000000000000e+00,-0.000000000000000000e+00
-2.574046999083644316e+00,1.174968199683509074e+00,2.017997044997373868e-01,1.500000000000000000e+00,0.000000000000000000e+00,0.000000000000000000e+00,5.000000000000000278e-02,3.861070498625466474e+00,4.129189438112115695e+00,-1.500000000000000000e+00,0.000000000000000000e+00
2.271001891814279361e+00,4.826419072348284711e-01,6.639731847263166120e-01,1.500000000000000000e+00,0.000000000000000000e+00,0.000000000000000000e+00,5.000000000000000278e-02,-3.406502837721419041e+00,-3.526553008869675931e+00,-1.500000000000000000e+00,-0.000000000000000000e+00
-1.753552456882428556e+00,6.187202510221709861e-01,8.696192684471113488e-01,1.500000000000000000e+00,0.000000000000000000e+00,0.000000000000000000e+00,5.000000000000000278e-02,2.630328685323642723e+00,2.673669600381118450e+00,-1.500000000000000000e+00,0.000000000000000000e+00
-5.046798418704967482e-01,2.522523691411663549e+00,8.997895683991319338e-01,1.500000000000000000e+00,0.000000000000000000e+00,0.000000000000000000e+00,5.000000000000000278e-02,7.570197628057451222e-01,7.364027372155950157e-01,-1.500000000000000000e+00,0.000000000000000000e+00
-1.480090289432733242e+00,2.160170805370880132e+00,9.321262559279472892e-01,1.500000000000000000e+00,0.000000000000000000e+00,0.000000000000000000e+00,5.000000000000000278e-02,2.220135434149099751e+00,2.252415270233300237e+00,-1.500000000000000000e+00,0.000000000000000000e+00
-1.188236011130813008e+00,4.583635716129189630e-01,8.953924473932358685e-01,1.500000000000000000e+00,0.000000000000000000e+00,0.000000000000000000e+00,5.000000000000000278e-02,1.782354016696219512e+00,1.791006821558821072e+00,-1.500000000000000000e+00,0.000000000000000000e+00
2.146663438258610057e+00,2.052810274333298768e+00,9.385753051472156550e-03,1.500000000000000000e+00,0.000000000000000000e+00,0.000000000000000000e+00,5.000000000000000278e-02,-3.219995157387915086e+00,-3.366059915007357795e+00,-1.500000000000000000e+00,-0.000000000000000000e+00
-1.175152534088406586e+00,2.926538523359557331e+00,8.531721308852298069e-01,1.500000000000000000e+00,0.000000000000000000e+00,0.000000000000000000e+00,5.000000000000000278e-02,1.762728801132609879e+00,1.854666926867774679e+00,-1.500000000000000000e+00,0.000000000000000000e+00
-1.546921800121318302e+00,1.727756163186088045e+00,8.327701617634658549e-01,1.500000000000000000e+00,0.000000000000000000e+00,0.000000000000000000e+00,5.000000000000000278e-02,2.320382700181977675e+00,2.256032772264406905e+00,-1.500000000000000000e+00,0.000000000000000000e+00
2.045918305012823346e+00,9.806817911105846219e-01,1.967132191471514524e-01,1.500000000000000000e+00,0.000000000000000000e+00,0.000000000000000000e+00,5.000000000000000278e-02,-3.068877457519235019e+00,-3.174141061238929140e+00,-1.500000000000000000e+00,-0.000000000000000000e+00
-3.913137356372065057e-02,8.879134677012903154e-01,7.239869048687079811e-01,1.500000000000000000e+00,0.000000000000000000e+00,0.000000000000000000e+00,5.000000000000000278e-02,5.869706034558097585e-02,4.087622795840469003e-02,-1.500000000000000000e+00,0.000000000000000000e+00
1.416370065271718381e+00,6.933307915970480240e-01,1.828242855920738652e-01,1.500000000000000000e+00,0.000000000000000000e+00,0.000000000000000000e+00,5.000000000000000278e-02,-2.124555097907577572e+00,-2.202176829444074446e+00,-1.500000000000000000e+00,-0.000000000000000000e+00
1.122198059244421842e+00,1.504981824366248500e+00,6.176797414907906347e-01,1.500000000000000000e+00,0.000000000000000000e+00,0.000000000000000000e+00,5.000000000000000278e-02,-1.683297088866632762e+00,-1.834531376207308551e+00,-1.500000000000000000e+00,-0.000000000000000000e+00
-2.522919091820709614e+00,2.225684105141868319e+00,1.770138576380781981e-01,1.500000000000000000e+00,0.000000000000000000e+00,0.000000000000000000e+00,5.000000000000000278e-02,3.784378637731064643e+00,3.745130165925844246e+00,-1.500000000000000000e+00,0.000000000000000000e+00
1.329950210333030292e+00,2.432899384260987841e+00,3.976467684964934968e-01,1.500000000000000000e+00,0.000000000000000000e+00,0.000000000000000000e+00,5.000000000000000278e-02,-1.994925315499545437e+00,-1.963118682396591819e+00,-1.500000000000000000e+00,-0.000000000000000000e+00
-2.777696454387697411e+00,7.554859763399252026e-01,8.864809787916229089e-01,1.500000000000000000e+00,0.000000000000000000e+00,0.000000000000000000e+00,5.000000000000000278e-02,4.166544681581545895e+00,4.302513248086894393e+00,-1.500000000000000000e+00,0.000000000000000000e+00
9.696607330135256220e-01,2.483831708969070462e+00,8.001092219756663626e-01,1.500000000000000000e+00,0.000000000000000000e+00,0.000000000000000000e+00,5.000000000000000278e-02,-1.454491099520288433e+00,-1.482694279420735617e+00,-1.500000000000000000e+00,-0.000000000000000000e+00
1.383930059795500433e+00,2.388641800132102588e+00,5.956190414795804466e-01,1.500000000000000000e+00,0.000000000000000000e+00,0.000000000000000000e+00,5.000000000000000278e-02,-2.075895089693250650e+00,-1.913705374118824576e+00,-1.500000000000000000e+00,-0.000000000000000000e+00
7.760025682505951039e-01,9.783036313139407136e-01,5.546046452833497398e-01,1.500000000000000000e+00,0.000000000000000000e+00,0.000000000000000000e+00,5.000000000000000278e-02,-1.164003852375892656e+00,-1.203235008089853286e+00,-1.500000000000000000e+00,-0.000000000000000000e+00
4.207797090153446717e-01,1.758862602419252630e+00,9.990647103224478132e-01,1.500000000000000000e+00,0.000000000000000000e+00,0.000000000000000000e+00,5.000000000000000278e-02,-6.311695635230170076e-01,-6.627513670780237343e-01,-1.500000000000000000e+00,-0.000000000000000000e+00
1.608794681372704538e+00,1.239166492635220163e+00,2.317083773803430002e-02,1.500000000000000000e+00,0.000000000000000000e+00,0.000000000000000000e+00,5.000000000000000278e-02,-2.413192022059056807e+00,-2.705704718408915355e+00,-1.500000000000000000e+00,-0.000000000000000000e+00
2.333198035764574740e+00,2.710423852040155346e+00,4.745674690133844242e-01,1.500000000000000000e+00,0.000000000000000000e+00,0.000000000000000000e+00,5.000000000000000278e-02,-3.499797053646862111e+00,-3.223839367317666404e+00,-1.500000000000000000e+00,-0.000000000000000000e+00
-1.007184131853502862e+00,7.648800051176685155e-02,8.173518851560326315e-01,1.500000000000000000e+00,0.000000000000000000e+00,0.000000000000000000e+00,5.000000000000000278e-02,1.510776197780254293e+00,1.591234570178548413e+00,-1.500000000000000000e+00,0.000000000000000000e+00
1.421128880698423913e+00,1.179699917267578613e+00,4.806160519722124658e-02,1.500000000000000000e+00,0.000000000000000000e+00,0.000000000000000000e+00,5.000000000000000278e-02,-2.131693321047635870e+00,-1.995946607805900053e+00,-1.500000000000000000e+00,-0.000000000000000000e+00
1.289108891794317202e+00,1.679715454201575975e+00,4.581417233186024784e-02,1.500000000000000000e+00,0.000000000000000000e+00,0.000000000000000000e+00,5.000000000000000278e-02,-1.933663337691475803e+00,-2.089526052804605349e+00,-1.500000000000000000e+00,-0.000000000000000000e+00
-2.694420067858018797e-01,2.951816093394043605e+00,9.487123040658129725e-01,1.500000000000000000e+00,0.000000000000000000e+00,0.000000000000000000e+00,5.000000000000000278e-02,4.041630101787028195e-01,4.362653150410257807e-01,-1.500000000000000000e+00,0.000000000000000000e+00
2.256635794963294472e+00,2.857329159070141955e+00,9.841381194531072518e-01,1.500000000000000000e+00,0.000000000000000000e+00,0.000000000000000000e+00,5.000000000000000278e-02,-3.384953692444941709e+00,-3.671224877971798417e+00,-1.500000000000000000e+00,-0.000000000000000000e+00
2.930905161117140167e+00,1.735746209049549460e+00,9.604383233252665741e-01,1.500000000000000000e+00,0.000000000000000000e+00,0.000000000000000000e+00,5.000000000000000278e-02,-4.396357741675710251e+00,-4.149558163825922463e+00,-1.500000000000000000e+00,-0.000000000000000000e+00
-2.723207883709575228e-01,2.499513156000016334e+00,1.108313429520261240e-01,1.500000000000000000e+00,0.000000000000000000e+00,0.000000000000000000e+00,5.000000000000000278e-02,4.084811825564362842e-01,3.987060012784849339e-01,-1.500000000000000000e+00,0.000000000000000000e+00
2.697027885333344699e+00,1.017227995832141296e+00,3.517053607793487746e-01,1.500000000000000000e+00,0.000000000000000000e+00,0.000000000000000000e+00,5.000000000000000278e-02,-4.045541828000017048e+00,-4.139972274307626598e+00,-1.500000000000000000e+00,-0.000000000000000000e+00
-5.354801922249006196e-01,3.146599026071975613e-01,3.447661344886226997e-01,1.500000000000000000e+00,0.000000000000000000e+00,0.000000000000000000e+00,5.000000000000000278e-02,8.032202883373509295e-01,8.027656101968735358e-01,-1.500000000000000000e+00,0.000000000000000000e+00
1.456201229385976958e+00,1.157004149204759580e+00,4.862405866886441164e-01,1.500000000000000000e+00,0.000000000000000000e+00,0.000000000000000000e+00,5.000000000000000278e-02,-2.184301844078965438e+00,-2.216798701645154690e+00,-1.500000000000000000e+00,-0.000000000000000000e+00
-2.712068938789667705e+00,6.284884739365217410e-01,9.844578802063883582e-01,1.500000000000000000e+00,0.000000000000000000e+00,0.000000000000000000e+00,5.000000000000000278e-02,4.068103408184502001e+00,4.374742982227987298e+00,-1.500000000000000000e+00,0.000000000000000000e+00
1.846541578996492738e+00,9.187217833451227778e-01,2.424656173837187456e-01,1.500000000000000000e+00,0.000000000000000000e+00,0.000000000000000000e+00,5.000000000000000278e-02,-2.769812368494739108e+00,-2.620469019638572039e+00,-1.500000000000000000e+00,-0.000000000000000000e+00
-1.878600745531540772e+00,1.647973876334591470e+00,3.455059995458156230e-01,1.500000000000000000e+00,0.000000000000000000e+00,0.000000000000000000e+00,5.000000000000000278e-02,2.817901118297311047e+00,2.604006754890380471e+00,-1.500000000000000000e+00,0.000000000000000000e+00
2.295982470382515572e+00,9.951680225162327087e-01,6.317091847978321129e-01,1.500000000000000000e+00,0.000000000000000000e+00,0.000000000000000000e+00,5.000000000000000278e-02,-3.443973705573773358e+00,-3.300893210125162458e+00,-1.500000000000000000e+00,-0.000000000000000000e+00
-2.638184234843249154e+00,1.480667641818557145e+00,8.138544397262672536e-01,1.500000000000000000e+00,0.000000000000000000e+00,0.000000000000000000e+00,5.000000000000000278e-02,3.957276352264873509e+00,3.465497469469331904e+00,-1.500000000000000000e+00,0.000000000000000000e+00
6.246639990921583063e-01,2.194006952732911575e+00,1.964176752228535827e-01,1.500000000000000000e+00,0.000000000000000000e+00,0.000000000000000000e+00,5.000000000000000278e-02,-9.369959986382374595e-01,-8.472669177642457861e-01,-1.500000000000000000e+00,-0.000000000000000000e+00
-2.971612176540955996e+00,2.616726562085822216e+00,9.478174898551715577e-01,1.500000000000000000e+00,0.000000000000000000e+00,0.000000000000000000e+00,5.000000000000000278e-02,4.457418264811433772e+00,4.331396382102556508e+00,-1.500000000000000000e+00,0.000000000000000000e+00
-8.924729196952529975e-03,1.737197914830806544e+00,9.348429014058605713e-01,1.500000000000000000e+00,0.000000000000000000e+00,0.000000000000000000e+00,5.000000000000000278e-02,1.338709379542879496e-02,-3.192262911897607303e-03,-1.500000000000000000e+00,0.000000000000000000e+00
-3.190593097938867473e-01,2.516905442804764359e+00,6.360365022361504916e-01,1.500000000000000000e+00,0.000000000000000000e+00,0.000000000000000000e+00,5.000000000000000278e-02,4.785889646908301209e-01,4.731368120483910311e-01,-1.500000000000000000e+00,0.000000000000000000e+00
2.765462091189787586e+00,2.062531418761893498e+00,2.412031613345810843e-01,1.500000000000000000e+00,0.000000000000000000e+00,0.000000000000000000e+00,5.000000000000000278e-02,-4.148193136784681379e+00,-3.686143165680598077e+00,-1.500000000000000000e+00,-0.000000000000000000e+00
2.509227340485278290e+00,2.416947110427237089e+00,6.612345884411735542e-01,1.500000000000000000e+00,0.000000000000000000e+00,0.000000000000000000e+00,5.000000000000000278e-02,-3.763841010727917435e+00,-3.638853604024389288e+00,-1.500000000000000000e+00,-0.000000000000000000e+00
8.803441528278588279e-01,2.280494853656497511e+00,8.308703143792000034e-01,1.500000000000000000e+00,0.000000000000000000e+00,0.000000000000000000e+00,5.000000000000000278e-02,-1.320516229241788242e+00,-1.326543352136947851e+00,-1.500000000000000000e+00,-0.000000000000000000e+00
5.138224388497749651e-01,2.368948009166436552e+00,3.433773344590788090e-01,1.500000000000000000e+00,0.000000000000000000e+00,0.000000000000000000e+00,5.000000000000000278e-02,-7.707336582746624476e-01,-7.442100537865590226e-01,-1.500000000000000000e+00,-0.000000000000000000e+00
2.341154882280930494e+00,1.639534697207436498e-01,1.461194566869667977e-01,1.500000000000000000e+00,0.000000000000000000e+00,0.000000000000000000e+00,5.000000000000000278e-02,-3.511732323421395741e+00,-3.587271568288896262e+00,-1.500000000000000000e+00,-0.000000000000000000e+00
2.917201012972832075e-01,1.848146419951496977e+00,1.521829990620142681e-01,1.500000000000000000e+00,0.000000000000000000e+00,0.000000000000000000e+00,5.000000000000000278e-02,-4.375801519459248112e-01,-3.919702456755065900e-01,-1.500000000000000000e+00,-0.000000000000000000e+00
-2.750601945341450971e-01,8.894482455666467002e-01,5.976857055753661552e-01,1.500000000000000000e+00,0.000000000000000000e+00,0.000000000000000000e+00,5.000000000000000278e-02,4.125902918012176457e-01,3.802035293486516476e-01,-1.500000000000000000e+00,0.000000000000000000e+00
-2.612126790017130773e+00,3.992793155358325130e-01,7.339806752998229156e-01,1.500000000000000000e+00,0.000000000000000000e+00,0.000000000000000000e+00,5.000000000000000278e-02,3.918190185025696159e+00,3.830586999550750438e+00,-1.500000000000000000e+00,0.000000000000000000e+00
2.155275109605077510e+00,2.598502698534773891e+00,5.008183353450734732e-02,1.500000000000000000e+00,0.000000000000000000e+00,0.000000000000000000e+00,5.000000000000000278e-02,-3.232912664407616266e+00,-3.293222502915874372e+00,-1.500000000000000000e+00,-0.000000000000000000e+00
-1.874474836139929934e-01,1.969537693478020657e+00,1.958437495738799550e-01,1.500000000000000000e+00,0.000000000000000000e+00,0.000000000000000000e+00,5.000000000000000278e-02,2.811712254209894901e-01,3.369852090067623207e-01,-1.500000000000000000e+00,0.000000000000000000e+00
-1.602512970639266676e+00,1.860418788448242822e+00,1.867707022332311118e-01,1.500000000000000000e+00,0.000000000000000000e+00,0.000000000000000000e+00,5.000000000000000278e-02,2.403769455958900014e+00,2.417381200137063146e+00,-1.500000000000000000e+00,0.000000000000000000e+00
-2.094172868957468570e+00,2.884464767283408282e+00,2.195018351669597578e-01,1.500000000000000000e+00,0.000000000000000000e+00,0.000000000000000000e+00,5.000000000000000278e-02,3.141259303436203076e+00,3.095546505426288064e+00,-1.500000000000000000e+00,0.000000000000000000e+00
-8.075835733884959566e-01,9.787733749656242210e-01,6.319209580300729767e-01,1.500000000000000000e+00,0.000000000000000000e+00,0.000000000000000000e+00,5.000000000000000278e-02,1.211375360082743935e+00,1.116550766873971146e+00,-1.500000000000000000e+00,0.000000000000000000e+00
4.820513822912344537e-01,1.537356689754892924e-01,3.665021284913166921e-01,1.500000000000000000e+00,0.000000000000000000e+00,0.000000000000000000e+00,5.000000000000000278e-02,-7.230770734368516806e-01,-6.785863003973218177e-01,-1.500000000000000000e+00,-0.000000000000000000e+00
1.891525111457665886e+00,3.866081687064190087e-01,3.376956408228215523e-02,1.500000000000000000e+00,0.000000000000000000e+00,0.000000000000000000e+00,5.000000000000000278e-02,-2.837287667186498830e+00,-2.899330496286438130e+00,-1.500000000000000000e+00,-0.000000000000000000e+00
-4.621316506864898699e-01,2.262149636777640360e+00,3.253016403042485738e-02,1.500000000000000000e+00,0.000000000000000000e+00,0.000000000000000000e+00,5.000000000000000278e-02,6.931974760297348048e-01,7.042241347966908815e-01,-1.500000000000000000e+00,0.000000000000000000e+00
2.671949158148365200e+00,1.822727671152685414e+00,5.683088544885863680e-01,1.500000000000000000e+00,0.000000000000000000e+00,0.000000000000000000e+00,5.000000000000000278e-02,-4.007923737222547800e+00,-4.072842746075741260e+00,-1.500000000000000000e+00,-0.000000000000000000e+00
-2.965393392303244724e+00,5.382665939977095970e-01,6.723960073863384235e-01,1.500000000000000000e+00,0.000000000000000000e+00,0.000000000000000000e+00,5.000000000000000278e-02,4.448090088454867086e+00,4.504075035093488388e+00,-1.500000000000000000e+00,0.000000000000000000e+00
-4.272695678448297230e-01,2.661519635489201230e-01,8.235543351422451863e-01,1.500000000000000000e+00,0.000000000000000000e+00,0.000000000000000000e+00,5.000000000000000278e-02,6.409043517672445844e-01,6.497804266269100459e-01,-1.500000000000000000e+00,0.000000000000000000e+00
-2.218470101724316912e+00,1.874394402349746747e+00,1.323544421881608368e-01,1.500000000000000000e+00,0.000000000000000000e+00,0.000000000000000000e+00,5.000000000000000278e-02,3.327705152586475368e+00,3.042872987776068516e+00,-1.500000000000000000e+00,0.000000000000000000e+00
-1.469719251185314546e+00,1.425986815379084227e+00,8.724359942986772420e-01,1.500000000000000000e+00,0.000000000000000000e+00,0.000000000000000000e+00,5.000000000000000278e-02,2.204578876777971708e+00,2.007058248699569614e+00,-1.500000000000000000e+00,0.000000000000000000e+00
-2.449112723193721308e+00,6.578201882515120058e-01,9.910386718023574959e-01,1.500000000000000000e+00,0.000000000000000000e+00,0.000000000000000000e+00,5.000000000000000278e-02,3.673669084790581962e+00,3.617772025670377811e+00,-1.500000000000000000e+00,0.000000000000000000e+00
2.416351517188710218e+00,1.367358238840070683e+00,4.455763077860546151e-01,1.500000000000000000e+00,0.000000000000000000e+00,0.000000000000000000e+00,5.000000000000000278e-02,-3.624527275783065328e+00,-3.940890931375245820e+00,-1.500000000000000000e+00,-0.000000000000000000e+00
-1.385343278918055310e+00,2.198768069602289099e+00,2.608968197482542939e-01,1.500000000000000000e+00,0.000000000000000000e+00,0.000000000000000000e+00,5.000000000000000278e-02,2.078014918377082854e+00,2.140676860815532656e+00,-1.500000000000000000e+00,0.000000000000000000e+00
1.008586901398462743e-01,5.222908289070137267e-01,4.223256656136092912e-01,1.500000000000000000e+00,0.000000000000000000e+00,0.000000000000000000e+00,5.000000000000000278e-02,-1.512880352097694114e-01,-1.527217554838072588e-01,-1.500000000000000000e+00,-0.000000000000000000e+00
-1.840588302609169835e+00,1.544538034740402299e+00,8.645380604092534060e-02,1.500000000000000000e+00,0.000000000000000000e+00,0.000000000000000000e+00,5.000000000000000278e-02,2.760882453913754642e+00,2.905608116624963433e+00,-1.500000000000000000e+00,0.000000000000000000e+00
-1.207468258862160138e+00,2.938680063930166675e+00,8.071818131719407097e-01,1.500000000000000000e+00,0.000000000000000000e+00,0.000000000000000000e+00,5.000000000000000278e-02,1.811202388293240206e+00,1.870152724216297635e+00,-1.500000000000000000e+00,0.000000000000000000e+00
2.293020701036852849e+00,3.307017789728672330e-02,6.914016381912013731e-02,1.500000000000000000e+00,0.000000000000000000e+00,0.000000000000000000e+00,5.000000000000000278e-02,-3.439531051555279273e+00,-3.342325829896638290e+00,-1.500000000000000000e+00,-0.000000000000000000e+00
-1.149814873134372029e+00,2.976552098791503731e+00,6.858267235284416508e-01,1.500000000000000000e+00,0.000000000000000000e+00,0.000000000000000000e+00,5.000000000000000278e-02,1.724722309701558043e+00,1.663046138801811846e+00,-1.500000000000000000e+00,0.000000000000000000e+00
-1.741925082671040181e+00,4.257035400233418754e-01,5.693829767013381948e-01,1.500000000000000000e+00,0.000000000000000000e+00,0.000000000000000000e+00,5.000000000000000278e-02,2.612887624006560383e+00,2.641462501404145513e+00,-1.500000000000000000e+00,0.000000000000000000e+00
-1.697227425982498650e+00,1.542200151085885373e+00,8.937125677223722864e-01,1.500000000000000000e+00,0.000000000000000000e+00,0.000000000000000000e+00,5.000000000000000278e-02,2.545841138973747864e+00,2.651928072239582601e+00,-1.500000000000000000e+00,0.000000000000000000e+00
2.583778968230058481e+00,2.491976000933804780e+00,5.029499292938413024e-01,1.500000000000000000e+00,0.000000000000000000e+00,0.000000000000000000e+00,5.000000000000000278e-02,-3.875668452345087722e+00,-3.693291567024330480e+00,-1.500000000000000000e+00,-0.000000000000000000e+00
6.845945062250469171e-01,5.410163410462724976e-01,4.436917152007309184e-01,1.500000000000000000e+00,0.000000000000000000e+00,0.000000000000000000e+00,5.000000000000000278e-02,-1.026891759337570376e+00,-1.016769838419610217e+00,-1.500000000000000000e+00,-0.000000000000000000e+00
1.492550065232616241e+00,2.502873539564365313e+00,9.873891964325332005e-01,1.500000000000000000e+00,0.000000000000000000e+00,0.000000000000000000e+00,5.000000000000000278e-02,-2.238825097848924361e+00,-2.259595527274997462e+00,-1.500000000000000000e+00,-0.000000000000000000e+00
-1.929702473999943546e+00,9.249925590845116119e-01,5.122810259629952956e-01,1.500000000000000000e+00,0.000000000000000000e+00,0.000000000000000000e+00,5.000000000000000278e-02,2.894553710999915097e+00,2.785213758456888566e+00,-1.500000000000000000e+00,0.000000000000000000e+00
-5.677021365691095056e-01,1.438622362895971563e+00,2.271392168940757905e-01,1.500000000000000000e+00,0.000000000000000000e+00,0.000000000000000000e+00,5.000000000000000278e-02,8.515532048536642584e-01,8.318287599448734859e-01,-1.500000000000000000e+00,0.000000000000000000e+00
-1.760039479650867822e+00,2.135359240313135842e+00,8.443227336998457844e-01,1.500000000000000000e+00,0.000000000000000000e+00,0.000000000000000000e+00,5.000000000000000278e-02,2.640059219476301955e+00,2.567135988400738977e+00,-1.500000000000000000e+00,0.000000000000000000e+00
1.635952820419038112e+00,2.570861388752903931e+00,3.616557415644658935e-01,1.500000000000000000e+00,0.000000000000000000e+00,0.000000000000000000e+00,5.000000000000000278e-02,-2.453929230628557168e+00,-2.326777113483568193e+00,-1.500000000000000000e+00,-0.000000000000000000e+00
-2.901050827880031768e+00,3.678560909337108553e-01,4.031469642381287910e-01,1.500000000000000000e+00,0.000000000000000000e+00,0.000000000000000000e+00,5.000000000000000278e-02,4.351576241820048097e+00,4.592237023041140453e+00,-1.500000000000000000e+00,0.000000000000000000e+00
1.592820750879537783e-01,2.524232890733546508e-01,5.351422499220538365e-01,1.500000000000000000e+00,0.000000000000000000e+00,0.000000000000000000e+00,5.000000000000000278e-02,-2.389231126319306675e-01,-2.511621611529426534e-01,-1.500000000000000000e+00,-0.000000000000000000e+00
-2.802355215272791078e+00,1.779603991054390377e+00,2.671295924916329279e-01,1.500000000000000000e+00,0.000000000000000000e+00,0.000000000000000000e+00,5.000000000000000278e-02,4.203532822909187061e+00,4.066914414267380096e+00,-1.500000000000000000e+00,0.000000000000000000e+00
-1.458725300543725956e+00,6.933220946466968071e-01,6.783008641796537397e-01,1.500000000000000000e+00,0.000000000000000000e+00,0.000000000000000000e+00,5.000000000000000278e-02,2.188087950815588822e+00,2.265029823336158099e+00,-1.500000000000000000e+00,0.000000000000000000e+00
-7.968524468713482634e-01,5.318156233852845416e-01,7.282962973637894244e-01,1.500000000000000000e+00,0.000000000000000000e+00,0.000000000000000000e+00,5.000000000000000278e-02,1.195278670307022395e+00,1.266709026749144540e+00,-1.500000000000000000e+00,0.000000000000000000e+00
1.133802939745072180e+00,1.569651746142668447e+00,3.548337759644719647e-01,1.500000000000000000e+00,0.000000000000000000e+00,0.000000000000000000e+00,5.000000000000000278e-02,-1.700704409617608270e+00,-1.651732590825707669e+00,-1.500000000000000000e+00,-0.000000000000000000e+00
1.750157500637100405e+00,2.714715913431566818e+00,4.642712009430475240e-01,1.500000000000000000e+00,0.000000000000000000e+00,0.000000000000000000e+00,5.000000000000000278e-02,-2.625236250955650608e+00,-2.792536877332969958e+00,-1.500000000000000000e+00,-0.000000000000000000e+00
7.436091238409727744e-01,2.542130474952359886e+00,7.973909424256807599e-01,1.500000000000000000e+00,0.000000000000000000e+00,0.000000000000000000e+00,5.000000000000000278e-02,-1.115413685761459162e+00,-1.207432653208000861e+00,-1.500000000000000000e+00,-0.000000000000000000e+00
6.763924044832485549e-01,2.812310570985240066e+00,8.764880675235198204e-02,1.500000000000000000e+00,0.000000000000000000e+00,0.000000000000000000e+00,5.000000000000000278e-02,-1.014588606724872832e+00,-9.365969730878852539e-01,-1.500000000000000000e+00,-0.000000000000000000e+00
1.026130413787943674e+00,2.010243484668992942e+00,8.716211777677629335e-01,1.500000000000000000e+00,0.000000000000000000e+00,0.000000000000000000e+00,5.000000000000000278e-02,-1.539195620681915511e+00,-1.473519244979027532e+00,-1.500000000000000000e+00,-0.000000000000000000e+00
1.442951902880462711e-02,1.505088821161006285e+00,8.602259854266991468e-02,1.500000000000000000e+00,0.000000000000000000e+00,0.000000000000000000e+00,5.000000000000000278e-02,-2.164427854320694067e-02,-4.763006002957084761e-02,-1.500000000000000000e+00,-0.000000000000000000e+00
2.287004812887163396e-01,5.300545121465409792e-01,9.470174033070828390e-01,1.500000000000000000e+00,0.000000000000000000e+00,0.000000000000000000e+00,5.000000000000000278e-02,-3.430507219330745095e-01,-3.477914906104884185e-01,-1.500000000000000000e+00,-0.000000000000000000e+00
1.466092841878817055e+00,2.280958197149832056e+00,4.018652605415394818e-01,1.500000000000000000e+00,0.000000000000000000e+00,0.000000000000000000e+00,5.000000000000000278e-02,-2.199139262818225582e+00,-2.216151700244887834e+00,-1.500000000000000000e+00,-0.000000000000000000e+00
-5.745500409262858099e-01,1.799803531304481119e+00,9.298744573950877834e-01,1.500000000000000000e+00,0.000000000000000000e+00,0.000000000000000000e+00,5.000000000000000278e-02,8.618250613894287149e-01,8.616183991697731193e-01,-1.500000000000000000e+00,0.000000000000000000e+00
-2.584300488340196544e+00,2.671701261222375390e+00,8.435909242081359727e-01,1.500000000000000000e+00,0.000000000000000000e+00,0.000000000000000000e+00,5.000000000000000278e-02,3.876450732510294817e+00,3.679660415411863728e+00,-1.500000000000000000e+00,0.000000000000000000e+00
1.512514927502738971e+00,1.529559032119769402e+00,2.698482946114767467e-01,1.500000000000000000e+00,0.000000000000000000e+00,0.000000000000000000e+00,5.000000000000000278e-02,-2.268772391254108456e+00,-2.174720544789493726e+00,-1.500000000000000000e+00,-0.000000000000000000e+00
8.437117804546847566e-01,1.300810616900336836e+00,2.611954631690149853e-01,1.500000000000000000e+00,0.000000000000000000e+00,0.000000000000000000e+00,5.000000000000000278e-02,-1.265567670682027135e+00,-1.311170843753854509e+00,-1.500000000000000000e+00,-0.000000000000000000e+00
2.088146227260336829e-01,2.318169822550601999e+00,8.608916334636578238e-01,1.500000000000000000e+00,0.000000000000000000e+00,0.000000000000000000e+00,5.000000000000000278e-02,-3.132219340890505244e-01,-3.716996690550943283e-01,-1.500000000000000000e+00,-0.000000000000000000e+00
-2.843399263011931133e+00,4.319886982992304780e-02,3.560224438747183751e-01,1.500000000000000000e+00,0.000000000000000000e+00,0.000000000000000000e+00,5.000000000000000278e-02,4.265098894517896255e+00,4.497869993604790118e+00,-1.500000000000000000e+00,0.000000000000000000e+00
1.663833432684594271e+00,2.607707936850489183e+00,4.377939331314585347e-01,1.500000000000000000e+00,0.000000000000000000e+00,0.000000000000000000e+00,5.000000000000000278e-02,-2.495750149026891407e+00,-2.492860779626184797e+00,-1.500000000000000000e+00,-0.000000000000000000e+00
5.934493341616597917e-01,2.031778499442256969e+00,2.794229338980590560e-01,1.500000000000000000e+00,0.000000000000000000e+00,0.000000000000000000e+00,5.000000000000000278e-02,-8.901740012424896875e-01,-8.335584939360062284e-01,-1.500000000000000000e+00,-0.000000000000000000e+00
2.538078223887222151e+00,7.197964046012532702e-01,9.550565990405390782e-01,1.500000000000000000e+00,0.000000000000000000e+00,0.000000000000000000e+00,5.000000000000000278e-02,-3.807117335830833227e+00,-3.759541794347540211e+00,-1.500000000000000000e+00,-0.000000000000000000e+00
-1.589336749659215897e+00,2.652752902422622405e+00,6.361282556492100504e-01,1.500000000000000000e+00,0.000000000000000000e+00,0.000000000000000000e+00,5.000000000000000278e-02,2.384005124488823846e+00,2.488854135289667813e+00,-1.500000000000000000e+00,0.000000000000000000e+00
1.662612526140355484e+00,2.604199718598831925e-01,8.539327297477405931e-02,1.500000000000000000e+00,0.000000000000000000e+00,0.000000000000000000e+00,5.000000000000000278e-02,-2.493918789210533227e+00,-2.295427910462985110e+00,-1.500000000000000000e+00,-0.000000000000000000e+00
-1.140789392939583591e+00,2.945047690348149061e+00,1.285335208771876125e-01,1.500000000000000000e+00,0.000000000000000000e+00,0.000000000000000000e+00,5.000000000000000278e-02,1.711184089409375275e+00,1.730865876724363872e+00,-1.500000000000000000e+00,0.000000000000000000e+00
4.615766947226971340e-01,1.107644650804503694e+00,2.223706464774577451e-02,1.500000000000000000e+00,0.000000000000000000e+00,0.000000000000000000e+00,5.000000000000000278e-02,-6.923650420840457009e-01,-6.419788661362264559e-01,-1.500000000000000000e+00,-0.000000000000000000e+00
-1.576517951623945590e+00,1.278536632419347008e+00,2.272105652354885486e-01,1.500000000000000000e+00,0.000000000000000000e+00,0.000000000000000000e+00,5.000000000000000278e-02,2.364776927435918275e+00,2.292340167303534404e+00,-1.500000000000000000e+00,0.000000000000000000e+00
-2.999456743510870993e-01,1.127303886559730461e+00,9.738110894051025257e-01,1.500000000000000000e+00,0.000000000000000000e+00,0.000000000000000000e+00,5.000000000000000278e-02,4.499185115266306489e-01,4.688630058365725328e-01,-1.500000000000000000e+00,0.000000000000000000e+00
-1.319456876101880116e+00,1.203940093161590674e-01,3.014980679819774245e-01,1.500000000000000000e+00,0.000000000000000000e+00,0.000000000000000000e+00,5.000000000000000278e-02,1.979185314152820174e+00,1.737385212548919755e+00,-1.500000000000000000e+00,0.000000000000000000e+00
6.334454295722529160e-01,1.580077658137614360e+00,3.770428411296464777e-01,1.500000000000000000e+00,0.000000000000000000e+00,0.000000000000000000e+00,5.000000000000000278e-02,-9.501681443583793740e-01,-9.587403022110606576e-01,-1.500000000000000000e+00,-0.000000000000000000e+00
-8.700425415632118131e-02,7.684344603548759478e-01,1.466851192889744304e-01,1.500000000000000000e+00,0.000000000000000000e+00,0.000000000000000000e+00,5.000000000000000278e-02,1.305063812344817720e-01,8.622887424138517276e-02,-1.500000000000000000e+00,0.000000000000000000e+00
9.144620710297797217e-01,2.202343878646014108e+00,5.771205771988300315e-01,1.500000000000000000e+00,0.000000000000000000e+00,0.000000000000000000e+00,5.000000000000000278e-02,-1.371693106544669583e+00,-1.491610975117255489e+00,-1.500000000000000000e+00,-0.000000000000000000e+00
-1.033731524731393403e+00,2.453746834834524826e-01,4.995684370631885418e-01,1.500000000000000000e+00,0.000000000000000000e+00,0.000000000000000000e+00,5.000000000000000278e-02,1.550597287097090105e+00,1.596337593697707335e+00,-1.500000000000000000e+00,0.000000000000000000e+00
1.512008491005070177e+00,1.330954662924489496e-01,4.663886035730392399e-01,1.500000000000000000e+00,0.000000000000000000e+00,0.000000000000000000e+00,5.000000000000000278e-02,-2.268012736507605265e+00,-2.271617158844172035e+00,-1.500000000000000000e+00,-0.000000000000000000e+00
-2.603242663672330703e+00,1.438180919002532088e+00,6.937029995429139229e-01,1.500000000000000000e+00,0.000000000000000000e+00,0.000000000000000000e+00,5.000000000000000278e-02,3.904863995508495833e+00,3.982550429912650625e+00,-1.500000000000000000e+00,0.000000000000000000e+00
3.292763509935490163e-01,2.701494095472133150e+00,1.530082083881547650e-01,1.500000000000000000e+00,0.000000000000000000e+00,0.000000000000000000e+00,5.000000000000000278e-02,-4.939145264903235244e-01,-5.669051851540310993e-01,-1.500000000000000000e+00,-0.000000000000000000e+00
-1.763928462870345548e+00,5.736094273636275220e-01,8.986741009333848451e-01,1.500000000000000000e+00,0.000000000000000000e+00,0.000000000000000000e+00,5.000000000000000278e-02,2.645892694305518322e+00,2.675001127786601707e+00,-1.500000000000000000e+00,0.000000000000000000e+00
-1.739828720610642643e+00,6.373648907251716622e-02,4.708624292835918990e-01,1.500000000000000000e+00,0.000000000000000000e+00,0.000000000000000000e+00,5.000000000000000278e-02,2.609743080915964075e+00,2.880783554310907046e+00,-1.500000000000000000e+00,0.000000000000000000e+00
1.053135949702538987e+00,1.991234902307157384e+00,8.625235005863344240e-01,1.500000000000000000e+00,0.000000000000000000e+00,0.000000000000000000e+00,5.000000000000000278e-02,-1.579703924553808481e+00,-1.533168857730961010e+00,-1.500000000000000000e+00,-0.000000000000000000e+00
-1.376024240247742059e+00,2.116875266277573164e+00,9.064579166891200135e-01,1.500000000000000000e+00,0.000000000000000000e+00,0.000000000000000000e+00,5.000000000000000278e-02,2.064036360371613199e+00,1.928390276192177399e+00,-1.500000000000000000e+00,0.000000000000000000e+00
-1.064900950195712070e+00,2.938237463959465057e+00,7.544174185700203150e-01,1.500000000000000000e+00,0.000000000000000000e+00,0.000000000000000000e+00,5.000000000000000278e-02,1.597351425293568106e+00,1.648278894812650552e+00,-1.500000000000000000e+00,0.000000000000000000e+00
-1.026481740040949830e-01,2.278762795242342598e+00,2.151857409046487035e-02,1.500000000000000000e+00,0.000000000000000000e+00,0.000000000000000000e+00,5.000000000000000278e-02,1.539722610061424746e-01,1.599594951458785386e-01,-1.500000000000000000e+00,0.000000000000000000e+00
-1.583863564873280394e+00,2.749501326364731213e+00,8.966621129389773515e-01,1.500000000000000000e+00,0.000000000000000000e+00,0.000000000000000000e+00,5.000000000000000278e-02,2.375795347309920480e+00,2.291859568243644230e+00,-1.500000000000000000e+00,0.000000000000000000e+00
-4.479445533814159219e-01,2.118959568333628862e+00,8.169856834091180353e-01,1.500000000000000000e+00,0.000000000000000000e+00,0.000000000000000000e+00,5.000000000000000278e-02,6.719168300721238829e-01,6.285664931974226377e-01,-1.500000000000000000e+00,0.000000000000000000e+00
1.309769980509770448e+00,1.711454281832822666e+00,8.291485544558180321e-01,1.500000000000000000e+00,0.000000000000000000e+00,0.000000000000000000e+00,5.000000000000000278e-02,-1.964654970764655673e+00,-1.951714452465784344e+00,-1.500000000000000000e+00,-0.000000000000000000e+00
-1.749899621200158961e+00,2.516830385475468557e+00,1.976426915757670821e-01,1.500000000000000000e+00,0.000000000000000000e+00,0.000000000000000000e+00,5.000000000000000278e-02,2.624849431800238442e+00,2.341759771854407646e+00,-1.500000000000000000e+00,0.000000000000000000e+00
-1.118574024452050120e+00,1.813767693398810721e+00,8.942064437837247137e-01,1.500000000000000000e+00,0.000000000000000000e+00,0.000000000000000000e+00,5.000000000000000278e-02,1.677861036678075290e+00,1.760556253573829721e+00,-1.500000000000000000e+00,0.000000000000000000e+00
2.080874298072159512e+00,2.068286387855585495e+00,4.003384624598685937e-01,1.500000000000000000e+00,0.000000000000000000e+00,0.000000000000000000e+00,5.000000000000000278e-02,-3.121311447108239268e+00,-3.016301864819934231e+00,-1.500000000000000000e+00,-0.000000000000000000e+00
1.763931510081516052e+00,2.157789007611776277e+00,1.240474802695168410e-01,1.500000000000000000e+00,0.000000000000000000e+00,0.000000000000000000e+00,5.000000000000000278e-02,-2.645897265122274078e+00,-2.582803845104922669e+00,-1.500000000000000000e+00,-0.000000000000000000e+00
-1.149909319354462056e+00,2.033212291297530783e+00,2.655260525514444581e-01,1.500000000000000000e+00,0.000000000000000000e+00,0.000000000000000000e+00,5.000000000000000278e-02,1.724863979031693084e+00,1.784101984038222177e+00,-1.500000000000000000e+00,0.000000000000000000e+00
1.403775325339777780e+00,2.775288232542567179e+00,3.658276543974454675e-01,1.500000000000000000e+00,0.000000000000000000e+00,0.000000000000000000e+00,5.000000000000000278e-02,-2.105662988009666670e+00,-1.979552712187682806e+00,-1.500000000000000000e+00,-0.000000000000000000e+00
1.160810153371691911e+00,1.892372309758232340e+00,8.385685628126849922e-01,1.500000000000000000e+00,0.000000000000000000e+00,0.000000000000000000e+00,5.000000000000000278e-02,-1.741215230057537866e+00,-1.867965853939948184e+00,-1.500000000000000000e+00,-0.000000000000000000e+00
1.014427536889004777e+00,9.338451219065871944e-01,1.677223947517514357e-02,1.500000000000000000e+00,0.000000000000000000e+00,0.000000000000000000e+00,5.000000000000000278e-02,-1.521641305333507166e+00,-1.511164117635512394e+00,-1.500000000000000000e+00,-0.000000000000000000e+00
1.858840404817987846e+00,7.655945389599447815e-01,2.753224420976603248e-01,1.500000000000000000e+00,0.000000000000000000e+00,0.000000000000000000e+00,5.000000000000000278e-02,-2.788260607226981769e+00,-2.714873373163251280e+00,-1.500000000000000000e+00,-0.000000000000000000e+00
-2.379356177157633034e+00,2.446333053684320191e+00,2.521603253068608330e-01,1.500000000000000000e+00,0.000000000000000000e+00,0.000000000000000000e+00,5.000000000000000278e-02,3.569034265736449552e+00,3.687700461051596879e+00,-1.500000000000000000e+00,0.000000000000000000e+00
-1.784602220719292420e+00,2.763435374013088808e+00,9.542242053837820537e-01,1.500000000000000000e+00,0.000000000000000000e+00,0.000000000000000000e+00,5.000000000000000278e-02,2.676903331078938741e+00,2.616449947947010468e+00,-1.500000000000000000e+00,0.000000000000000000e+00
2.877605948405580705e+00,3.802751386920907306e-01,2.571282489594330922e-01,1.500000000000000000e+00,0.000000000000000000e+00,0.000000000000000000e+00,5.000000000000000278e-02,-4.316408922608371057e+00,-4.341035883789647443e+00,-1.500000000000000000e+00,-0.000000000000000000e+00
-2.741617309891539733e-01,2.831414110569273390e+00,5.998691869120303943e-01,1.500000000000000000e+00,0.000000000000000000e+00,0.000000000000000000e+00,5.000000000000000278e-02,4.112425964837309600e-01,4.442868448889641941e-01,-1.500000000000000000e+00,0.000000000000000000e+00
-2.552328361008781243e+00,1.495786564207392200e+00,6.327982432858336725e-01,1.500000000000000000e+00,0.000000000000000000e+00,0.000000000000000000e+00,5.000000000000000278e-02,3.828492541513171865e+00,3.936868218683770237e+00,-1.500000000000000000e+00,0.000000000000000000e+00
