s,T,x,k_0,alpha,beta,sigma,q_true,q_noisy,a_true,b_true
-2.049150320433390071e+00,8.465527430924801866e-02,2.584541390960374274e-01,6.999999999999999556e-01,2.000000000000000111e-01,5.000000000000000278e-02,2.000000000000000042e-02,1.866682016962752266e+00,1.858223652973221007e+00,-1.330855867525412295e+00,4.857198709360818767e-02
-3.968356677117679254e-01,4.626784948161696276e-01,1.397096972924316560e-01,6.999999999999999556e-01,2.000000000000000111e-01,5.000000000000000278e-02,2.000000000000000042e-02,2.928027854132885799e-01,3.007383995613530647e-01,-7.535917766143865881e-01,5.141005223935011387e-02
1.608946104821061596e+00,2.152137254390448007e+00,7.373727365387094945e-01,6.999999999999999556e-01,2.000000000000000111e-01,5.000000000000000278e-02,2.000000000000000042e-02,-2.377817435681038205e+00,-2.422725066923820503e+00,-1.736743401875765924e+00,-9.695483986977053714e-01
2.923139098708432471e+00,5.659273362470775837e-01,5.685257812614009643e-01,6.999999999999999556e-01,2.000000000000000111e-01,5.000000000000000278e-02,2.000000000000000042e-02,-3.426139529244656146e+00,-3.370788774484010375e+00,-2.026549653547331964e+00,-4.631996106112888922e-01
-2.807374799595550030e+00,2.298424222577055254e+00,8.522094992330608854e-01,6.999999999999999556e-01,2.000000000000000111e-01,5.000000000000000278e-02,2.000000000000000042e-02,5.147751813625984774e+00,5.010139318819911480e+00,-2.621788536780675027e+00,1.806710707547988903e+00
8.203950783388540557e-01,1.622419924744687991e-01,5.518428183189104663e-01,6.999999999999999556e-01,2.000000000000000111e-01,5.000000000000000278e-02,2.000000000000000042e-02,-6.049080964423974027e-01,-5.872107114520643822e-01,-8.046423576614841755e-01,-3.726870899526420200e-02
2.041011551828099790e+00,2.354312044036844132e+00,9.859269846932670056e-01,6.999999999999999556e-01,2.000000000000000111e-01,5.000000000000000278e-02,2.000000000000000042e-02,-3.437627457904549821e+00,-3.400126887666416575e+00,-2.100849151301934725e+00,-1.345449861976423023e+00
1.895366668637462837e+00,1.220951283745349336e+00,4.218377498465256670e-01,6.999999999999999556e-01,2.000000000000000111e-01,5.000000000000000278e-02,2.000000000000000042e-02,-2.062768913084293665e+00,-2.137236164440162511e+00,-1.447563306506399528e+00,-6.479621028274956673e-01
2.515822008812642174e+00,4.757069533809059614e-01,4.072190540979224727e-01,6.999999999999999556e-01,2.000000000000000111e-01,5.000000000000000278e-02,2.000000000000000042e-02,-2.636957866852536192e+00,-2.616073919204305653e+00,-1.681085651773204015e+00,-3.351023264570499594e-01
8.765428486951254428e-01,1.782833435918720788e+00,7.671761498921025879e-01,6.999999999999999556e-01,2.000000000000000111e-01,5.000000000000000278e-02,2.000000000000000042e-02,-1.037305783027201223e+00,-1.077615811365970400e+00,-1.260238413271949964e+00,-4.375643716273518447e-01
2.093351554052404140e+00,2.262767929055286231e+00,9.936092147282676867e-01,6.999999999999999556e-01,2.000000000000000111e-01,5.000000000000000278e-02,2.000000000000000042e-02,-3.424561231210189405e+00,-3.385990029495483888e+00,-2.074134727434603143e+00,-1.326295253009390329e+00
-5.843953321500716669e-01,1.714210297729105159e-01,3.266073750923889074e-01,6.999999999999999556e-01,2.000000000000000111e-01,5.000000000000000278e-02,2.000000000000000042e-02,4.214599637796035414e-01,3.893097431597197788e-01,-7.553416093585955116e-01,2.804974189686125843e-02
5.452943454409746593e-01,1.238172040474658342e+00,2.477636505472377015e-01,6.999999999999999556e-01,2.000000000000000111e-01,5.000000000000000278e-02,2.000000000000000042e-02,-5.068495107774534381e-01,-5.083011506471075691e-01,-9.592316887293301786e-01,-1.890470994591045284e-01
2.942139415050060158e-01,2.850421181835387507e-01,8.138391901584512977e-01,6.999999999999999556e-01,2.000000000000000111e-01,5.000000000000000278e-02,2.000000000000000042e-02,-2.105697868807669404e-01,-2.160116891379210424e-01,-7.243591377857848679e-01,-2.348174222400011002e-02
-3.470641804249590123e-01,2.859941683876171759e+00,2.879200069522405148e-01,6.999999999999999556e-01,2.000000000000000111e-01,5.000000000000000278e-02,2.000000000000000042e-02,6.424574380990749622e-01,6.098657008124248602e-01,-1.863165332724253442e+00,2.779233286417450155e-01
-3.094377543019186660e-01,1.288028673524735268e+00,1.565453737713523585e-01,6.999999999999999556e-01,2.000000000000000111e-01,5.000000000000000278e-02,2.000000000000000042e-02,2.899586746282024063e-01,2.527799752919309695e-01,-9.466252595031765527e-01,1.115981160593525062e-01
1.243161481965655568e+00,1.406347870035925762e+00,5.635230015579866247e-01,6.999999999999999556e-01,2.000000000000000111e-01,5.000000000000000278e-02,2.000000000000000042e-02,-1.310499225586115202e+00,-1.297407376563619152e+00,-1.208711576954098588e+00,-4.895289006364692552e-01
-2.093696630919198221e+00,1.792543191365665090e+00,2.954241164804327635e-01,6.999999999999999556e-01,2.000000000000000111e-01,5.000000000000000278e-02,2.000000000000000042e-02,2.866328959752038497e+00,2.838531622742308524e+00,-1.807384390355956549e+00,1.050851659351043299e+00
2.001554814609841415e+00,2.457408580362071771e+00,1.070018854723803203e-01,6.999999999999999556e-01,2.000000000000000111e-01,5.000000000000000278e-02,2.000000000000000042e-02,-3.494216427467259578e+00,-3.418215932737175944e+00,-2.146373221700374145e+00,-1.377218633136427117e+00
1.258353318491427508e+00,2.814762732116595778e+00,6.204873872388261269e-01,6.999999999999999556e-01,2.000000000000000111e-01,5.000000000000000278e-02,2.000000000000000042e-02,-2.376245649545773109e+00,-2.378563234292070394e+00,-2.046722454459505958e+00,-9.917504869229761821e-01
-1.788937329079853367e+00,1.207947810013430434e+00,3.930825424011004099e-01,6.999999999999999556e-01,2.000000000000000111e-01,5.000000000000000278e-02,2.000000000000000042e-02,1.903955526916739194e+00,2.008984275417047716e+00,-1.384323822746577948e+00,6.050640200957195791e-01
-9.070978602831392124e-01,1.264551123346297601e+00,1.045660996670955134e-01,6.999999999999999556e-01,2.000000000000000111e-01,5.000000000000000278e-02,2.000000000000000042e-02,8.753620098213142908e-01,8.788783271511105832e-01,-1.047296515317431176e+00,3.211800530976986479e-01
2.048190773630849115e+00,2.507661954629369916e+00,3.081835294054594554e-01,6.999999999999999556e-01,2.000000000000000111e-01,5.000000000000000278e-02,2.000000000000000042e-02,-3.666519268608552373e+00,-3.536814405646773629e+00,-2.209634403795363244e+00,-1.438127622079953261e+00
-4.562516301383676698e-01,2.212776026611550595e+00,4.173914184306304342e-01,6.999999999999999556e-01,2.000000000000000111e-01,5.000000000000000278e-02,2.000000000000000042e-02,6.368821805161074545e-01,6.439269931856397289e-01,-1.416717716653139947e+00,2.826831473963335450e-01
2.085598780326678003e+00,2.043593466915818890e+00,1.461875796055346344e-01,6.999999999999999556e-01,2.000000000000000111e-01,5.000000000000000278e-02,2.000000000000000042e-02,-3.132912469380343623e+00,-3.127456529438833677e+00,-1.937136736997961517e+00,-1.193392491783295650e+00
-6.086795890208103188e-01,2.411742867793073675e+00,6.949316593461694058e-01,6.999999999999999556e-01,2.000000000000000111e-01,5.000000000000000278e-02,2.000000000000000042e-02,9.330054110423967595e-01,9.439050621598279456e-01,-1.569884138762687398e+00,4.110340241258043648e-01
2.958600284646605516e+00,2.792791471467714448e+00,4.923130919015428208e-02,6.999999999999999556e-01,2.000000000000000111e-01,5.000000000000000278e-02,2.000000000000000042e-02,-6.596559013579125441e+00,-6.696057246194510704e+00,-3.104953135081038429e+00,-2.313571019884037572e+00
-6.552154751827696799e-01,1.565937887285672181e-01,4.216488395689217406e-01,6.999999999999999556e-01,2.000000000000000111e-01,5.000000000000000278e-02,2.000000000000000042e-02,4.749646443731914136e-01,4.621092772132856519e-01,-7.678291238914186634e-01,2.872874863388834993e-02
2.902082997439006995e+00,1.708274693687391599e+00,3.141240992002735100e-01,6.999999999999999556e-01,2.000000000000000111e-01,5.000000000000000278e-02,2.000000000000000042e-02,-4.439178878698318620e+00,-4.291491652701254544e+00,-2.371861198676670668e+00,-1.388115384181541678e+00
-6.929706107739823651e-01,7.920311430705910816e-01,9.161892912620862583e-01,6.999999999999999556e-01,2.000000000000000111e-01,5.000000000000000278e-02,2.000000000000000042e-02,5.625772967153713777e-01,5.588707725521768754e-01,-8.598551065325888976e-01,1.536792053903799915e-01
-4.773086076503032515e-01,2.757442024181459672e+00,1.230208694219175891e-01,6.999999999999999556e-01,2.000000000000000111e-01,5.000000000000000278e-02,2.000000000000000042e-02,8.476424701613360924e-01,8.247188851379469998e-01,-1.798661638381632732e+00,3.685222277067761176e-01
-1.955337982876418579e+00,6.464618731546711849e-02,7.666179246722770735e-02,6.999999999999999556e-01,2.000000000000000111e-01,5.000000000000000278e-02,2.000000000000000042e-02,1.743677357614531909e+00,1.761842377707813379e+00,-1.274087072226703032e+00,3.539344074170144849e-02
1.717086914518776375e+00,1.199622920934028558e+00,3.259092522070901055e-01,6.999999999999999556e-01,2.000000000000000111e-01,5.000000000000000278e-02,2.000000000000000042e-02,-1.801039921217219009e+00,-1.830950601504763409e+00,-1.343731442141982368e+00,-5.767599095699316170e-01
-2.528852296122911625e+00,1.409391184182844814e+00,9.582589768457300261e-01,6.999999999999999556e-01,2.000000000000000111e-01,5.000000000000000278e-02,2.000000000000000042e-02,3.282066876487711227e+00,3.287949672626021780e+00,-1.937357781748243468e+00,9.979597970317293232e-01
1.690341772863122038e+00,2.399860073270289051e-01,4.783276089144942178e-01,6.999999999999999556e-01,2.000000000000000111e-01,5.000000000000000278e-02,2.000000000000000042e-02,-1.438355467899785856e+00,-1.405243618116361004e+00,-1.136651356082694075e+00,-1.135843444645034117e-01
-1.071075734690207781e-02,9.951992707305178376e-01,8.736278477532573028e-01,6.999999999999999556e-01,2.000000000000000111e-01,5.000000000000000278e-02,2.000000000000000042e-02,8.982734722630345350e-03,3.518559001858491408e-02,-8.386762304331991658e-01,2.984614612170375172e-03
2.166896830085323522e+00,1.146466761226242248e+00,4.240726776566461353e-02,6.999999999999999556e-01,2.000000000000000111e-01,5.000000000000000278e-02,2.000000000000000042e-02,-2.424294136962002799e+00,-2.335007435665538811e+00,-1.588330325678596111e+00,-6.955970533958127922e-01
7.253198443053934241e-01,3.061307631092462511e-01,7.888946903395946952e-01,6.999999999999999556e-01,2.000000000000000111e-01,5.000000000000000278e-02,2.000000000000000042e-02,-5.363194010294238812e-01,-5.124795115215851071e-01,-7.920335776585389898e-01,-6.217196088193713277e-02
2.682271768479042251e+00,2.305102273231760979e+00,7.123083980924378444e-01,6.999999999999999556e-01,2.000000000000000111e-01,5.000000000000000278e-02,2.000000000000000042e-02,-4.837795253512201299e+00,-4.772311693016092704e+00,-2.523076784605105871e+00,-1.731215010264996357e+00
8.890010415894300522e-02,1.057659369564113216e+00,9.763524030404749920e-01,6.999999999999999556e-01,2.000000000000000111e-01,5.000000000000000278e-02,2.000000000000000042e-02,-7.618785415039289188e-02,-6.480433769001862909e-02,-8.577955521616665857e-01,-2.632728787330086348e-02
-1.642310551547956354e+00,1.387363062635312172e+00,1.847905527545025128e-01,6.999999999999999556e-01,2.000000000000000111e-01,5.000000000000000278e-02,2.000000000000000042e-02,1.813649321227073008e+00,1.825272638127062530e+00,-1.374046269617939631e+00,6.379746790462811346e-01
2.542475648332536586e+00,2.409714853382022959e+00,1.123986240811050141e-01,6.999999999999999556e-01,2.000000000000000111e-01,5.000000000000000278e-02,2.000000000000000042e-02,-4.668368480988788427e+00,-4.669701790517509110e+00,-2.482568957799984766e+00,-1.715459573561720408e+00
2.363984182971237580e+00,2.738773154345396144e+00,9.752498090938490627e-01,6.999999999999999556e-01,2.000000000000000111e-01,5.000000000000000278e-02,2.000000000000000042e-02,-4.797809998806113363e+00,-4.576603741360570687e+00,-2.588386157335552884e+00,-1.812836596933252720e+00
2.041171429927592484e+00,7.756819873671348953e-01,9.344659609151110269e-01,6.999999999999999556e-01,2.000000000000000111e-01,5.000000000000000278e-02,2.000000000000000042e-02,-2.025974085409480541e+00,-2.027992192544834982e+00,-1.409192677326513765e+00,-4.433239751705103648e-01
5.983144117366854253e-01,2.259292776700129846e+00,5.142440847269779125e-01,6.999999999999999556e-01,2.000000000000000111e-01,5.000000000000000278e-02,2.000000000000000042e-02,-8.570946961389456220e-01,-8.229471510893057173e-01,-1.468313559412685709e+00,-3.784948800170385708e-01
-1.421351761544343395e+00,8.917241455764995939e-01,9.011301581691041340e-01,6.999999999999999556e-01,2.000000000000000111e-01,5.000000000000000278e-02,2.000000000000000042e-02,1.296750543827313695e+00,1.294453136749948774e+00,-1.114360197759360682e+00,3.548870318354989672e-01
-2.895623247107569131e+00,2.853941959948513407e+00,8.222257614896314459e-01,6.999999999999999556e-01,2.000000000000000111e-01,5.000000000000000278e-02,2.000000000000000042e-02,6.542746318466217126e+00,6.706057728226123338e+00,-3.097992957884134313e+00,2.313903391834343015e+00
1.872900333761649883e+00,2.769811882924544832e+00,5.781094107806155069e-01,6.999999999999999556e-01,2.000000000000000111e-01,5.000000000000000278e-02,2.000000000000000042e-02,-3.651121593270334476e+00,-3.857093479651531265e+00,-2.300223450381276624e+00,-1.452522847996181588e+00
9.575192685330033981e-01,1.487406190154113794e+00,4.659716483952079935e-01,6.999999999999999556e-01,2.000000000000000111e-01,5.000000000000000278e-02,2.000000000000000042e-02,-1.010733365411565998e+00,-1.006943359777432212e+00,-1.147259276873025202e+00,-3.987816244181919267e-01
-3.566005304566113310e-01,2.761995955314279216e-01,2.523018120566211664e-02,6.999999999999999556e-01,2.000000000000000111e-01,5.000000000000000278e-02,2.000000000000000042e-02,2.556962264540963425e-01,2.438694100321224800e-01,-7.297546610683319779e-01,2.757801823795442975e-02
8.320532745720576884e-02,2.558498067670480047e+00,6.747125476263259314e-01,6.999999999999999556e-01,2.000000000000000111e-01,5.000000000000000278e-02,2.000000000000000042e-02,-1.345242006957691194e-01,-1.021962182293786048e-01,-1.617466199695890339e+00,-5.960658746536213332e-02
1.730344862427282138e+00,2.052493873085212694e+00,7.470128049323244701e-01,6.999999999999999556e-01,2.000000000000000111e-01,5.000000000000000278e-02,2.000000000000000042e-02,-2.490808971341898381e+00,-2.413744160923164461e+00,-1.738896355306600805e+00,-9.944262239678119952e-01
-1.612611951161912360e+00,2.376358656895753096e+00,5.877657707361141348e-01,6.999999999999999556e-01,2.000000000000000111e-01,5.000000000000000278e-02,2.000000000000000042e-02,2.613426552934253522e+00,2.582732018160038834e+00,-1.880668861023008676e+00,1.073000423700005035e+00
-2.876219618854817917e+00,1.540740988917966181e+00,7.580785210932656781e-01,6.999999999999999556e-01,2.000000000000000111e-01,5.000000000000000278e-02,2.000000000000000042e-02,4.158943262795420814e+00,4.156113152940187128e+00,-2.273239485673270721e+00,1.240822648771895631e+00
-2.433895600755083599e+00,2.886627666560671379e+00,4.808034455877198132e-01,6.999999999999999556e-01,2.000000000000000111e-01,5.000000000000000278e-02,2.000000000000000042e-02,5.263929833958289173e+00,5.366588369288735727e+00,-2.755143869255733513e+00,1.967210106024780192e+00
2.931033132552326670e+00,1.068665617452911443e+00,2.358970649926311891e-01,6.999999999999999556e-01,2.000000000000000111e-01,5.000000000000000278e-02,2.000000000000000042e-02,-3.779374448840113310e+00,-3.752762453862112935e+00,-2.148529751887567230e+00,-8.770424130647125338e-01
-1.746523443333284131e+00,2.309449995494370356e+00,9.496905498145120639e-01,6.999999999999999556e-01,2.000000000000000111e-01,5.000000000000000278e-02,2.000000000000000042e-02,2.793067372768569090e+00,2.801394450660592117e+00,-1.904249920153365583e+00,1.129382396334322136e+00
2.863848522103896954e+00,2.965806502894970942e-01,8.056402917626026561e-02,6.999999999999999556e-01,2.000000000000000111e-01,5.000000000000000278e-02,2.000000000000000042e-02,-3.214371637172584339e+00,-3.147940600326599725e+00,-1.942558665131161044e+00,-2.378213759645328718e-01
-2.831428590447020444e+00,2.761141847267112315e+00,2.700041161885061713e-01,6.999999999999999556e-01,2.000000000000000111e-01,5.000000000000000278e-02,2.000000000000000042e-02,6.139092130621468080e+00,5.984615503705794204e+00,-2.969894781522270044e+00,2.189033271216904275e+00
1.032529279275420819e+00,1.007641017349018675e+00,2.054460499174739496e-01,6.999999999999999556e-01,2.000000000000000111e-01,5.000000000000000278e-02,2.000000000000000042e-02,-9.245819512039259447e-01,-8.910662942048432900e-01,-1.002065165662336055e+00,-2.913172789552855302e-01
1.618124013723196697e-01,4.178372120050103389e-01,6.094241306607625086e-01,6.999999999999999556e-01,2.000000000000000111e-01,5.000000000000000278e-02,2.000000000000000042e-02,-1.174355887532254755e-01,-1.071900117752101755e-01,-7.283697989887383262e-01,-1.893114794402881232e-02
-3.193044848518944434e-02,1.264725018123049827e+00,4.632888499272517224e-01,6.999999999999999556e-01,2.000000000000000111e-01,5.000000000000000278e-02,2.000000000000000042e-02,2.950325830718420958e-02,-2.707192660902642614e-02,-9.240870450363585231e-01,1.130730637095033082e-02
-2.998857282083756459e+00,3.927626898020079027e-01,5.720736765456282402e-01,6.999999999999999556e-01,2.000000000000000111e-01,5.000000000000000278e-02,2.000000000000000042e-02,3.512423599621175452e+00,3.452669420785043908e+00,-2.070568504016087719e+00,3.297949906841953216e-01
4.054491007208529396e-01,1.725448112879566676e+00,4.671696715778899112e-01,6.999999999999999556e-01,2.000000000000000111e-01,5.000000000000000278e-02,2.000000000000000042e-02,-4.561397320222008722e-01,-4.563761536788493167e-01,-1.141462312624854425e+00,-1.958827879981036302e-01
6.987554167122547177e-01,1.903366958745806414e+00,6.113184946246066342e-01,6.999999999999999556e-01,2.000000000000000111e-01,5.000000000000000278e-02,2.000000000000000042e-02,-8.605912000855330257e-01,-8.135953478414238438e-01,-1.280431679008043888e+00,-3.723966322761335657e-01
2.006230044945491287e+00,7.178649300364973174e-01,1.065730502231484467e-01,6.999999999999999556e-01,2.000000000000000111e-01,5.000000000000000278e-02,2.000000000000000042e-02,-1.952852604854030227e+00,-1.950327660286282017e+00,-1.375890057074981021e+00,-4.032566134385358603e-01
1.983910257013620893e+00,2.715454964067274268e-01,3.704663220959556469e-01,6.999999999999999556e-01,2.000000000000000111e-01,5.000000000000000278e-02,2.000000000000000042e-02,-1.799641040438995532e+00,-1.851282671339274044e+00,-1.300708160109206313e+00,-1.508421307588053151e-01
1.865236299404169351e+00,2.541257246438644923e+00,5.477170645460701648e-01,6.999999999999999556e-01,2.000000000000000111e-01,5.000000000000000278e-02,2.000000000000000042e-02,-3.316527603763489651e+00,-3.220529029116102393e+00,-2.125984342853013409e+00,-1.327212673410749222e+00
-2.645345402321643391e+00,2.039251729110790556e+00,6.077578845157737275e-01,6.999999999999999556e-01,2.000000000000000111e-01,5.000000000000000278e-02,2.000000000000000042e-02,4.317439875498785717e+00,4.359011268869894096e+00,-2.331874510693027425e+00,1.510467052018313217e+00
2.261718237899872364e+00,1.859670877853708326e+00,4.375947817282950236e-01,6.999999999999999556e-01,2.000000000000000111e-01,5.000000000000000278e-02,2.000000000000000042e-02,-3.256740997011395411e+00,-3.251632925689394327e+00,-1.951478016498541024e+00,-1.177694431461239422e+00
1.411347383181618120e-01,2.882344504685789843e+00,5.177786310411580661e-02,6.999999999999999556e-01,2.000000000000000111e-01,5.000000000000000278e-02,2.000000000000000042e-02,-2.630897355131334159e-01,-2.403071699074789680e-01,-1.866095230270952143e+00,-1.139037024752537763e-01
2.215038651379470203e+00,3.253163374935464924e-01,6.999329312485584875e-01,6.999999999999999556e-01,2.000000000000000111e-01,5.000000000000000278e-02,2.000000000000000042e-02,-2.126738598835498539e+00,-2.139494932955201545e+00,-1.450775734787377313e+00,-2.017647132125558462e-01
2.450880449181829235e+00,1.582231450983657695e+00,5.012476443316162822e-01,6.999999999999999556e-01,2.000000000000000111e-01,5.000000000000000278e-02,2.000000000000000042e-02,-3.310709700048474868e+00,-3.312163955115661640e+00,-1.951506137454718015e+00,-1.085800836203004271e+00
-2.513278476482801782e+00,1.555556630582368705e-01,9.639025635331980313e-01,6.999999999999999556e-01,2.000000000000000111e-01,5.000000000000000278e-02,2.000000000000000042e-02,2.561573871987634199e+00,2.617944369510845526e+00,-1.650872964056085301e+00,1.094673159605977220e-01
-5.394335400797780622e-01,2.602387309749791378e+00,3.435227502529752952e-01,6.999999999999999556e-01,2.000000000000000111e-01,5.000000000000000278e-02,2.000000000000000042e-02,8.969097745468401772e-01,9.077158813270799209e-01,-1.691787041016996396e+00,3.930681997639655090e-01
3.389591277087244947e-02,2.530024948372507687e+00,6.801820139092294992e-01,6.999999999999999556e-01,2.000000000000000111e-01,5.000000000000000278e-02,2.000000000000000042e-02,-5.410469393369028712e-02,-3.261040021430837432e-02,-1.596316013449609050e+00,-2.401210138828636237e-02
6.131001530243871400e-01,1.185727872353261603e+00,4.225425114086078793e-02,6.999999999999999556e-01,2.000000000000000111e-01,5.000000000000000278e-02,2.000000000000000042e-02,-5.613714658781684408e-01,-5.667171209781092234e-01,-9.532168518643340249e-01,-2.035515831958183697e-01
2.629831888201884738e+00,1.769158008850628683e+00,6.859831234078092033e-01,6.999999999999999556e-01,2.000000000000000111e-01,5.000000000000000278e-02,2.000000000000000042e-02,-3.902643162502529517e+00,-3.762717626419117778e+00,-2.175591172469768519e+00,-1.302724681144077801e+00
-2.789726515714252120e+00,2.222635284063469552e+00,6.716531299782124709e-02,6.999999999999999556e-01,2.000000000000000111e-01,5.000000000000000278e-02,2.000000000000000042e-02,4.967788102983274889e+00,4.836570698677966185e+00,-2.559001169706823120e+00,1.736152484279902986e+00
6.142154251834739398e-01,1.946419358178578030e+00,6.140680879598493513e-01,6.999999999999999556e-01,2.000000000000000111e-01,5.000000000000000278e-02,2.000000000000000042e-02,-7.673146354943100045e-01,-7.927539269274439526e-01,-1.286985852784920503e+00,-3.347458222273198558e-01
-5.009884594021762894e-02,2.090211307447174427e+00,6.349253777566945534e-01,6.999999999999999556e-01,2.000000000000000111e-01,5.000000000000000278e-02,2.000000000000000042e-02,6.571882234399432920e-02,7.798123146019451946e-02,-1.312034147523884808e+00,2.932080879680311683e-02
-2.194452315648272034e+00,7.950509091043381771e-01,7.131114111033065583e-01,6.999999999999999556e-01,2.000000000000000111e-01,5.000000000000000278e-02,2.000000000000000042e-02,2.258696840528076066e+00,2.249691641023220168e+00,-1.510837977577578428e+00,4.885163663918379862e-01
1.107996991949788068e+00,2.176015315589858279e+00,5.007645923156168744e-01,6.999999999999999556e-01,2.000000000000000111e-01,5.000000000000000278e-02,2.000000000000000042e-02,-1.578107748419758760e+00,-1.568202496700912052e+00,-1.547054571640895215e+00,-6.750851587508648333e-01
1.368475367861856640e+00,2.235520329012005813e+00,4.845388915763507720e-01,6.999999999999999556e-01,2.000000000000000111e-01,5.000000000000000278e-02,2.000000000000000042e-02,-2.043535236836469426e+00,-2.037344040964450986e+00,-1.680565884666328946e+00,-8.565912612900616896e-01
-2.311980854736511048e+00,1.459366401196715568e+00,1.186320498861668238e-01,6.999999999999999556e-01,2.000000000000000111e-01,5.000000000000000278e-02,2.000000000000000042e-02,2.925644880510922086e+00,2.923266440684498590e+00,-1.799953361912084659e+00,9.447276102915078688e-01
-2.374012874639965798e+00,1.627396860921670463e+00,2.521645099889000541e-01,6.999999999999999556e-01,2.000000000000000111e-01,5.000000000000000278e-02,2.000000000000000042e-02,3.211032202783472567e+00,3.150073834200350031e+00,-1.916169445354725998e+00,1.081769107993479029e+00
-7.263084559375121430e-02,1.221428455965857474e+00,8.063416840842179134e-01,6.999999999999999556e-01,2.000000000000000111e-01,5.000000000000000278e-02,2.000000000000000042e-02,6.603073598944557421e-02,7.450908505490082268e-02,-9.096555321857888732e-01,2.483974684493963844e-02
2.740257494328193211e+00,1.831956401870462159e+00,9.563264501958276265e-01,6.999999999999999556e-01,2.000000000000000111e-01,5.000000000000000278e-02,2.000000000000000042e-02,-4.234518680900288601e+00,-4.113276761871313525e+00,-2.296200666452858030e+00,-1.405609032662252567e+00
1.986324754083465649e+00,2.733201822670530134e+00,3.345606418434862173e-01,6.999999999999999556e-01,2.000000000000000111e-01,5.000000000000000278e-02,2.000000000000000042e-02,-3.859685650041117633e+00,-3.915415791055213646e+00,-2.337677812785642129e+00,-1.520127402717425635e+00
9.864723375632236113e-01,1.056676250759224223e-01,5.381625093700478368e-01,6.999999999999999556e-01,2.000000000000000111e-01,5.000000000000000278e-02,2.000000000000000042e-02,-7.400708570638839801e-01,-6.997570493917576462e-01,-8.475323414951034806e-01,-2.918669295175185460e-02
-6.221262565858096671e-01,2.303284888924463480e+00,2.841199149158452064e-01,6.999999999999999556e-01,2.000000000000000111e-01,5.000000000000000278e-02,2.000000000000000042e-02,9.095915344284077886e-01,9.434581084981269461e-01,-1.500773141006709555e+00,4.012215216232268289e-01
2.707098750253776664e+00,2.187156920775951363e+00,2.821626222930854189e-01,6.999999999999999556e-01,2.000000000000000111e-01,5.000000000000000278e-02,2.000000000000000042e-02,-4.699877891548673858e+00,-4.767976220676761301e+00,-2.468969301997574028e+00,-1.657837934715613137e+00
-1.546609745665161739e-01,1.300510626605663855e+00,7.929258479813020566e-01,6.999999999999999556e-01,2.000000000000000111e-01,5.000000000000000278e-02,2.000000000000000042e-02,1.450691956212148137e-01,1.636803727803499420e-01,-9.403739071460756049e-01,5.631870746458392252e-02
-2.168655803694911288e+00,6.284631677165561925e-01,8.345843395443209856e-01,6.999999999999999556e-01,2.000000000000000111e-01,5.000000000000000278e-02,2.000000000000000042e-02,2.147942176628463873e+00,2.106069237868303468e+00,-1.460755432679629262e+00,3.816176829015593963e-01
5.896855101996809623e-01,1.879078422204580878e+00,6.173852599748859138e-01,6.999999999999999556e-01,2.000000000000000111e-01,5.000000000000000278e-02,2.000000000000000042e-02,-7.145322229559503135e-01,-7.145409301078226028e-01,-1.246490350492198695e+00,-3.102582890688175277e-01
-2.441625718164631031e+00,2.289977954908267055e+00,8.693493768761199059e-01,6.999999999999999556e-01,2.000000000000000111e-01,5.000000000000000278e-02,2.000000000000000042e-02,4.229473608633623982e+00,4.147277639105791280e+00,-2.328390286895661632e+00,1.565555339245539690e+00
2.191374855658942522e+00,4.596591236994136409e-01,4.755658698868625578e-03,6.999999999999999556e-01,2.000000000000000111e-01,5.000000000000000278e-02,2.000000000000000042e-02,-2.124946174164587642e+00,-2.142428443812547378e+00,-1.449898675102153423e+00,-2.820399248377531420e-01
1.732188641357490511e-02,1.691515053288156434e+00,9.076167229452669627e-01,6.999999999999999556e-01,2.000000000000000111e-01,5.000000000000000278e-02,2.000000000000000042e-02,-1.906422995814063825e-02,-5.374240517181101684e-02,-1.100616251732399631e+00,-8.204064853574673244e-03
1.424482460757955593e+00,2.233680275269091631e+00,1.031928251816380815e-01,6.999999999999999556e-01,2.000000000000000111e-01,5.000000000000000278e-02,2.000000000000000042e-02,-2.136671518253178803e+00,-2.138018424866580336e+00,-1.702878402248724887e+00,-8.909147450173103833e-01
2.105306557224201569e+00,7.997026686011339258e-01,2.220896310551390140e-02,6.999999999999999556e-01,2.000000000000000111e-01,5.000000000000000278e-02,2.000000000000000042e-02,-2.128779030856109422e+00,-2.168120555994601073e+00,-1.454380765127171848e+00,-4.714133961699847331e-01
1.732592632659382126e+00,2.476088491824513405e+00,1.157040116371621519e-01,6.999999999999999556e-01,2.000000000000000111e-01,5.000000000000000278e-02,2.000000000000000042e-02,-2.960023370972034495e+00,-3.005603322483547668e+00,-2.008623575320246601e+00,-1.201214750049392821e+00
1.748206852250666188e+00,1.636908742462823696e+00,2.529106448403621865e-01,6.999999999999999556e-01,2.000000000000000111e-01,5.000000000000000278e-02,2.000000000000000042e-02,-2.146688213666816392e+00,-2.226100608930658087e+00,-1.533559912099598632e+00,-8.012634224231082181e-01
1.713685245445289773e+00,2.290545563285222297e-01,5.405795015477458110e-01,6.999999999999999556e-01,2.000000000000000111e-01,5.000000000000000278e-02,2.000000000000000042e-02,-1.463797538739459281e+00,-1.458972425240278259e+00,-1.147852806637012169e+00,-1.099076758030175516e-01
-6.859638778065288989e-01,2.499568215320467246e+00,5.856626995551583725e-02,6.999999999999999556e-01,2.000000000000000111e-01,5.000000000000000278e-02,2.000000000000000042e-02,1.096324686454941189e+00,1.140851886117258962e+00,-1.645279743073954304e+00,4.800917816304882679e-01
-2.827840242388218961e+00,1.005621882753215957e-01,9.125840303151659949e-01,6.999999999999999556e-01,2.000000000000000111e-01,5.000000000000000278e-02,2.000000000000000042e-02,3.114158522126848627e+00,3.099233488332930442e+00,-1.900917850990040403e+00,7.962466480292103299e-02
-1.477016416526997000e+00,2.473672313737216744e+00,4.367913064264633549e-01,6.999999999999999556e-01,2.000000000000000111e-01,5.000000000000000278e-02,2.000000000000000042e-02,2.460334977878628315e+00,2.459020809148546149e+00,-1.883904284408542740e+00,1.023023292619492874e+00
9.029998261402027993e-01,1.655425573729979893e+00,9.828867224172656014e-01,6.999999999999999556e-01,2.000000000000000111e-01,5.000000000000000278e-02,2.000000000000000042e-02,-1.015361151488671787e+00,-1.035968158563759234e+00,-1.205972039123678119e+00,-4.185577214745407892e-01
-1.101409066783315405e+00,1.750813892435887364e-02,7.112489826932250070e-01,6.999999999999999556e-01,2.000000000000000111e-01,5.000000000000000278e-02,2.000000000000000042e-02,8.378396869607429576e-01,8.309085370771964740e-01,-8.820082047488773114e-01,5.399414427061407888e-03
2.917487908966851506e+00,4.509804282065673631e-01,2.568908186742856481e-01,6.999999999999999556e-01,2.000000000000000111e-01,5.000000000000000278e-02,2.000000000000000042e-02,-3.366957419232861071e+00,-3.416280037723179674e+00,-2.005234023372719054e+00,-3.684043850125389707e-01
-1.107245554691915990e+00,3.815191673834060770e-01,2.026506946922564945e-01,6.999999999999999556e-01,2.000000000000000111e-01,5.000000000000000278e-02,2.000000000000000042e-02,8.655090460645126216e-01,8.367360545164219676e-01,-9.042768702690811011e-01,1.182819125922104642e-01
1.250572610738763579e+00,1.941487748726586915e+00,8.170283392677891721e-01,6.999999999999999556e-01,2.000000000000000111e-01,5.000000000000000278e-02,2.000000000000000042e-02,-1.633134087194896056e+00,-1.658280905766783109e+00,-1.462302233193255141e+00,-6.798319927398530638e-01
-2.265008713048064060e+00,2.300461592456018778e+00,5.751983898831564135e-01,6.999999999999999556e-01,2.000000000000000111e-01,5.000000000000000278e-02,2.000000000000000042e-02,3.844649614883364652e+00,3.814259180801163662e+00,-2.210436965898686879e+00,1.458958354264685786e+00
-2.683278126147063958e-01,1.090868819963347169e+00,9.434932222715708416e-02,6.999999999999999556e-01,2.000000000000000111e-01,5.000000000000000278e-02,2.000000000000000042e-02,2.334986640505873901e-01,2.421612868163230958e-01,-8.773992417849404424e-01,8.195892440689823977e-02
1.812961544099727540e+00,1.933835136309657532e+00,2.692625462333575470e-01,6.999999999999999556e-01,2.000000000000000111e-01,5.000000000000000278e-02,2.000000000000000042e-02,-2.516213034270182280e+00,-2.527256900841551079e+00,-1.716585000877281164e+00,-9.816712457323136798e-01
2.461593914404845762e+00,1.682730754099232451e+00,1.242737914020010104e-01,6.999999999999999556e-01,2.000000000000000111e-01,5.000000000000000278e-02,2.000000000000000042e-02,-3.444739312847887813e+00,-3.417287211569788319e+00,-2.005338280626037584e+00,-1.159815939484313052e+00
-2.566762675287523443e+00,2.573141234365182051e+00,5.929547650657313040e-01,6.999999999999999556e-01,2.000000000000000111e-01,5.000000000000000278e-02,2.000000000000000042e-02,5.021515280340170584e+00,5.163371009303552306e+00,-2.615188408366027062e+00,1.849300006011308062e+00
1.828660853132571873e+00,7.221389781147705689e-01,8.913599811161293518e-01,6.999999999999999556e-01,2.000000000000000111e-01,5.000000000000000278e-02,2.000000000000000042e-02,-1.719321351842004519e+00,-1.683508852710882131e+00,-1.274607935886701959e+00,-3.697532383438991710e-01
2.791315179013358794e+00,3.801738476255070998e-01,3.679140981588882031e-01,6.999999999999999556e-01,2.000000000000000111e-01,5.000000000000000278e-02,2.000000000000000042e-02,-3.097819793552178957e+00,-3.116717464751608269e+00,-1.888950565907130397e+00,-2.971318088314771066e-01
-2.860716692979110576e+00,1.228126456281551482e+00,2.690790165632694908e-02,6.999999999999999556e-01,2.000000000000000111e-01,5.000000000000000278e-02,2.000000000000000042e-02,3.777136537407734806e+00,3.651982201919919735e+00,-2.138716242590016137e+00,9.837301192806959804e-01
1.882854401784078036e+00,2.505229318365628455e+00,9.382132536292054903e-01,6.999999999999999556e-01,2.000000000000000111e-01,5.000000000000000278e-02,2.000000000000000042e-02,-3.306144311155255089e+00,-3.311221335960933487e+00,-2.110435456011471533e+00,-1.320754973877709570e+00
-2.742796183477475669e+00,7.704765797153837470e-01,8.305431975142391066e-01,6.999999999999999556e-01,2.000000000000000111e-01,5.000000000000000278e-02,2.000000000000000042e-02,3.179601088188462210e+00,3.191870752223495256e+00,-1.911548417999379357e+00,5.917128622445972930e-01
1.065326045027259916e+00,2.450720564253974665e+00,3.413323846194282751e-02,6.999999999999999556e-01,2.000000000000000111e-01,5.000000000000000278e-02,2.000000000000000042e-02,-1.701954618597921964e+00,-1.664277367436005406e+00,-1.711082317100038219e+00,-7.310286049314251855e-01
2.927559311563397770e+00,2.672244880418175317e-01,2.808551593022626802e-01,6.999999999999999556e-01,2.000000000000000111e-01,5.000000000000000278e-02,2.000000000000000042e-02,-3.333106567214695559e+00,-3.316510467439141685e+00,-1.995587778189523043e+00,-2.190483507084837189e-01
-2.487332845862152642e+00,2.575883782192382121e+00,3.829877164934484268e-01,6.999999999999999556e-01,2.000000000000000111e-01,5.000000000000000278e-02,2.000000000000000042e-02,4.821112811716386837e+00,5.100331776258982153e+00,-2.556948519226349692e+00,1.793982494799807759e+00
1.477366810523188079e+00,1.340279953489832421e+00,9.847888540882898667e-01,6.999999999999999556e-01,2.000000000000000111e-01,5.000000000000000278e-02,2.000000000000000042e-02,-1.566924319970758983e+00,-1.573722880176244843e+00,-1.278880953447057767e+00,-5.544238336267233169e-01
-2.337115151002655544e+00,2.490926654277894503e+00,3.233529266131018876e-02,6.999999999999999556e-01,2.000000000000000111e-01,5.000000000000000278e-02,2.000000000000000042e-02,4.304418159887075213e+00,4.370368639779397490e+00,-2.387976267935814079e+00,1.630043078649781707e+00
5.032840626976420317e-01,1.396870865149308472e+00,9.956105076195326253e-01,6.999999999999999556e-01,2.000000000000000111e-01,5.000000000000000278e-02,2.000000000000000042e-02,-4.961573048699831623e-01,-5.123504021873075409e-01,-1.011168977111233325e+00,-1.968463963413679130e-01
-9.203061168213384491e-01,1.580381472751145822e+00,6.217252574600726778e-01,6.999999999999999556e-01,2.000000000000000111e-01,5.000000000000000278e-02,2.000000000000000042e-02,1.004986198776493644e+00,9.868709989264470295e-01,-1.176709286216926831e+00,4.072417261595185356e-01
3.490044208031672923e-01,2.087164777248904368e+00,3.998024608220380749e-01,6.999999999999999556e-01,2.000000000000000111e-01,5.000000000000000278e-02,2.000000000000000042e-02,-4.592780065325224870e-01,-4.631866684877096740e-01,-1.328146565895408360e+00,-2.039603255772671486e-01
1.548978100658356283e+00,5.005908437822808033e-01,4.055445922861553587e-01,6.999999999999999556e-01,2.000000000000000111e-01,5.000000000000000278e-02,2.000000000000000042e-02,-1.324452834025108716e+00,-1.316373166409024131e+00,-1.094982740450887393e+00,-2.171131912344755055e-01
-1.839443819375499389e+00,7.582893981218330470e-02,6.643845324300797772e-01,6.999999999999999556e-01,2.000000000000000111e-01,5.000000000000000278e-02,2.000000000000000042e-02,1.600284267677208661e+00,1.625587350987830026e+00,-1.208338038631634248e+00,3.905526090684884044e-02
-1.203440941114827023e+00,1.166590121479409214e+00,3.112864136559305717e-01,6.999999999999999556e-01,2.000000000000000111e-01,5.000000000000000278e-02,2.000000000000000042e-02,1.158846301658150724e+00,1.088097148270272374e+00,-1.107771066427369000e+00,3.930982478327633700e-01
-2.306680539606533742e+00,4.010004137516720579e-01,2.994084008194707325e-01,6.999999999999999556e-01,2.000000000000000111e-01,5.000000000000000278e-02,2.000000000000000042e-02,2.280271220427298129e+00,2.336109776889899070e+00,-1.520628453225985499e+00,2.589943582170420311e-01
-5.537185669219564232e-01,6.838248178090930995e-01,7.918639701311451784e-01,6.999999999999999556e-01,2.000000000000000111e-01,5.000000000000000278e-02,2.000000000000000042e-02,4.323415223438968336e-01,4.642668743401064946e-01,-8.114569311063453139e-01,1.060210194800172978e-01
-2.514203647388700169e+00,5.052015668695067907e-01,3.237793199052366733e-01,6.999999999999999556e-01,2.000000000000000111e-01,5.000000000000000278e-02,2.000000000000000042e-02,2.644421812663390270e+00,2.721183158340227504e+00,-1.683915004324833209e+00,3.556502941851440447e-01
-2.828235261641869336e+00,3.526433756856903745e-01,8.103258445761305495e-01,6.999999999999999556e-01,2.000000000000000111e-01,5.000000000000000278e-02,2.000000000000000042e-02,3.160144971028349570e+00,3.220008014687469000e+00,-1.917247233337267875e+00,2.792603603716333205e-01
1.397763863270592211e+00,2.545135545349204165e+00,3.394710386766593979e-01,6.999999999999999556e-01,2.000000000000000111e-01,5.000000000000000278e-02,2.000000000000000042e-02,-2.382582550776357611e+00,-2.383946754761953724e+00,-1.899941664807768493e+00,-9.960995778760904917e-01
1.225189277982462244e+00,1.864570035726046404e+00,6.824835322961269046e-01,6.999999999999999556e-01,2.000000000000000111e-01,5.000000000000000278e-02,2.000000000000000042e-02,-1.545921087625130808e+00,-1.525718261047706470e+00,-1.411890313570318245e+00,-6.396463404292999089e-01
-2.826038553947648246e+00,1.060482077413353652e+00,7.180074894863608392e-04,6.999999999999999556e-01,2.000000000000000111e-01,5.000000000000000278e-02,2.000000000000000042e-02,3.551685584425994247e+00,3.650030472418514194e+00,-2.055421199371869179e+00,8.391497062313768573e-01
9.221333986360713553e-01,2.668108649634910901e+00,5.403622443945625964e-01,6.999999999999999556e-01,2.000000000000000111e-01,5.000000000000000278e-02,2.000000000000000042e-02,-1.603727403481574720e+00,-1.631949747320267763e+00,-1.824182028007944822e+00,-6.888985871650789017e-01
1.049268213758532298e+00,2.917722778649123327e-02,4.412803503377272785e-01,6.999999999999999556e-01,2.000000000000000111e-01,5.000000000000000278e-02,2.000000000000000042e-02,-7.923731202491904879e-01,-7.771070495303568082e-01,-8.652637511475858023e-01,-8.572126550948090326e-03
-9.368044236680042047e-01,2.737490549488020175e+00,7.830776417677941525e-01,6.999999999999999556e-01,2.000000000000000111e-01,5.000000000000000278e-02,2.000000000000000042e-02,1.679708840648747703e+00,1.699779601439972643e+00,-1.880780010425662230e+00,7.180581118227250537e-01
-1.233450243829972592e+00,2.396492755616578041e+00,6.091148757716939866e-01,6.999999999999999556e-01,2.000000000000000111e-01,5.000000000000000278e-02,2.000000000000000042e-02,1.948993021209801446e+00,1.947116860780089498e+00,-1.732254779481816387e+00,8.276672806505686042e-01
-1.621600113086652639e+00,1.407454957378548865e+00,6.553584783906650779e-01,6.999999999999999556e-01,2.000000000000000111e-01,5.000000000000000278e-02,2.000000000000000042e-02,1.798045562470661496e+00,1.865832209395816399e+00,-1.371768163001320096e+00,6.390521530538388895e-01
6.162342803218079368e-01,2.809409765272085302e+00,1.730416040172612080e-01,6.999999999999999556e-01,2.000000000000000111e-01,5.000000000000000278e-02,2.000000000000000042e-02,-1.123997083976585598e+00,-1.137651690498145962e+00,-1.861951355325422108e+00,-4.847512893528207467e-01
-2.199841140467608813e+00,1.042209234052271949e+00,8.596587180660046901e-01,6.999999999999999556e-01,2.000000000000000111e-01,5.000000000000000278e-02,2.000000000000000042e-02,2.406698944144784580e+00,2.363711967568757899e+00,-1.577963168750209810e+00,6.419545300121584086e-01
2.901698178897405000e-01,4.190187895746529945e-01,8.252504703331212665e-01,6.999999999999999556e-01,2.000000000000000111e-01,5.000000000000000278e-02,2.000000000000000042e-02,-2.114730561686239962e-01,-2.106513208467096498e-01,-7.372105229244496627e-01,-3.404424964171183510e-02
-5.642455780538782051e-01,3.034342479022976713e-01,5.179830672736234209e-01,6.999999999999999556e-01,2.000000000000000111e-01,5.000000000000000278e-02,2.000000000000000042e-02,4.112271322700921661e-01,4.003706695030600504e-01,-7.606460888450077285e-01,4.793920113051319820e-02
7.443018236572562785e-02,2.192382222762025101e+00,6.573376439969982332e-01,6.999999999999999556e-01,2.000000000000000111e-01,5.000000000000000278e-02,2.000000000000000042e-02,-1.022069731179301860e-01,-7.369465019656221139e-02,-1.373746551302663210e+00,-4.569023442355468062e-02
1.552433398586372526e+00,8.969725813314461949e-01,2.703204860648911190e-01,6.999999999999999556e-01,2.000000000000000111e-01,5.000000000000000278e-02,2.000000000000000042e-02,-1.448639015668127694e+00,-1.494383695872585127e+00,-1.174145792189420945e+00,-3.898972540050471558e-01
-1.648042573045270798e+00,7.992271631334244564e-01,2.745001656917008814e-01,6.999999999999999556e-01,2.000000000000000111e-01,5.000000000000000278e-02,2.000000000000000042e-02,1.524817085532428562e+00,1.487352751682629037e+00,-1.196833616546093992e+00,3.688049093058627381e-01
-1.122786201358481506e+00,2.415308775623531634e+00,5.509095718851266810e-01,6.999999999999999556e-01,2.000000000000000111e-01,5.000000000000000278e-02,2.000000000000000042e-02,1.773724589395787365e+00,1.787693060944165468e+00,-1.705817635518717568e+00,7.593251022812419482e-01
-1.104516734783054233e-01,2.613262179649772143e+00,4.414828278200909617e-01,6.999999999999999556e-01,2.000000000000000111e-01,5.000000000000000278e-02,2.000000000000000042e-02,1.829841243237049220e-01,1.995462553605445444e-01,-1.657909426568426658e+00,8.081897067436677462e-02
-1.047910045767389775e+00,1.153286112962937704e+00,1.261187504727304676e-01,6.999999999999999556e-01,2.000000000000000111e-01,5.000000000000000278e-02,2.000000000000000042e-02,9.862042958974276408e-01,9.640723044392567331e-01,-1.050926959772474634e+00,3.383912289570083498e-01
1.095354305427886032e+00,1.033246930015820020e+00,8.760608404627071577e-01,6.999999999999999556e-01,2.000000000000000111e-01,5.000000000000000278e-02,2.000000000000000042e-02,-9.961742923767292757e-01,-9.685649810237234592e-01,-1.029434048737107199e+00,-3.168960125416326878e-01
-2.145838957063462615e+00,1.544382084201041838e+00,7.157371271578071292e-01,6.999999999999999556e-01,2.000000000000000111e-01,5.000000000000000278e-02,2.000000000000000042e-02,2.712656919848470682e+00,2.612758830031651769e+00,-1.724609967527842791e+00,9.279186674434487525e-01
2.497506997542059182e+00,1.208510579408171637e+00,1.925634174500844287e-01,6.999999999999999556e-01,2.000000000000000111e-01,5.000000000000000278e-02,2.000000000000000042e-02,-3.037834532086000738e+00,-2.970568441511075353e+00,-1.840100875291539317e+00,-8.451138160291447043e-01
2.657182300872267255e+00,2.639792043709145997e+00,9.324402569738456936e-01,6.999999999999999556e-01,2.000000000000000111e-01,5.000000000000000278e-02,2.000000000000000042e-02,-5.390416278110142123e+00,-5.478189114161364337e+00,-2.734682951774540349e+00,-1.964034435027664394e+00
-2.243182442094320717e+00,1.594138068744046066e+00,5.719995073715753442e-01,6.999999999999999556e-01,2.000000000000000111e-01,5.000000000000000278e-02,2.000000000000000042e-02,2.932674003027794019e+00,2.909221646508509007e+00,-1.810558785788695557e+00,1.001263907302621936e+00
-8.025098827094057086e-02,7.980484841306003663e-01,4.697422527784773649e-01,6.999999999999999556e-01,2.000000000000000111e-01,5.000000000000000278e-02,2.000000000000000042e-02,6.335698395098635083e-02,1.008147328348295568e-01,-7.901294267910102809e-01,1.793237027108987927e-02
-9.258292721761876010e-01,1.709387964889919065e-02,8.641919052050721639e-01,6.999999999999999556e-01,2.000000000000000111e-01,5.000000000000000278e-02,2.000000000000000042e-02,6.877975480373984540e-01,6.879839924799482365e-01,-8.286148842837466333e-01,4.431283963122150879e-03
-9.338140435962416497e-01,2.837095520453602582e+00,1.034007347830762091e-01,6.999999999999999556e-01,2.000000000000000111e-01,5.000000000000000278e-02,2.000000000000000042e-02,1.746676731148475437e+00,1.726604992985881104e+00,-1.957676839107539868e+00,7.418094992065973337e-01
-1.799148971392151131e+00,1.012268348406747398e+00,9.143557973949134610e-02,6.999999999999999556e-01,2.000000000000000111e-01,5.000000000000000278e-02,2.000000000000000042e-02,1.808689966964517115e+00,1.819894272207551067e+00,-1.328996762475272764e+00,5.099420361864726026e-01
2.287999970463019395e-01,2.826190164746784639e+00,9.766702151757196138e-01,6.999999999999999556e-01,2.000000000000000111e-01,5.000000000000000278e-02,2.000000000000000042e-02,-4.166096945409871743e-01,-3.774683168365001729e-01,-1.826081534420862296e+00,-1.810570443769785043e-01
1.814858074578614477e+00,2.660600217224815545e+00,1.214724720287256865e-01,6.999999999999999556e-01,2.000000000000000111e-01,5.000000000000000278e-02,2.000000000000000042e-02,-3.367862226182072316e+00,-3.358760992287557201e+00,-2.185087566855022256e+00,-1.352011300487700129e+00
-1.578039168261424985e+00,1.279083213480088910e+00,4.486490238180658174e-01,6.999999999999999556e-01,2.000000000000000111e-01,5.000000000000000278e-02,2.000000000000000042e-02,1.662555667278363236e+00,1.639119410513271813e+00,-1.302578683865998510e+00,5.651641548944356108e-01
1.703344525382502361e+00,6.880263103753602172e-01,9.763773905281307730e-01,6.999999999999999556e-01,2.000000000000000111e-01,5.000000000000000278e-02,2.000000000000000042e-02,-1.552330014775342271e+00,-1.543841599512107976e+00,-1.201480614350203702e+00,-3.281448377471578026e-01
1.489743851774878891e+00,2.168527757790745802e+00,3.152106693189183906e-01,6.999999999999999556e-01,2.000000000000000111e-01,5.000000000000000278e-02,2.000000000000000042e-02,-2.188908360001541986e+00,-2.240334292768339175e+00,-1.691252280668412267e+00,-9.045542504801394879e-01
7.834307160231155365e-01,2.844894773873557492e-01,9.270093491999468194e-01,6.999999999999999556e-01,2.000000000000000111e-01,5.000000000000000278e-02,2.000000000000000042e-02,-5.813204616851902484e-01,-5.937928919926862559e-01,-8.033953498054520193e-01,-6.240578259177304715e-02
2.325293549029979090e+00,1.869627921945047344e-01,1.629879466008615774e-01,6.999999999999999556e-01,2.000000000000000111e-01,5.000000000000000278e-02,2.000000000000000042e-02,-2.267726759949095339e+00,-2.290652305492616669e+00,-1.515942225367188811e+00,-1.217281448875840028e-01
6.133047978221428664e-01,8.646719598678698215e-02,8.845971126437937038e-01,6.999999999999999556e-01,2.000000000000000111e-01,5.000000000000000278e-02,2.000000000000000042e-02,-4.414898256940828492e-01,-4.273269950805365092e-01,-7.574681368922033808e-01,-1.484860892281871653e-02
1.799196326669248336e+00,1.702223552178711241e+00,1.293567755171975975e-03,6.999999999999999556e-01,2.000000000000000111e-01,5.000000000000000278e-02,2.000000000000000042e-02,-2.280507385832981626e+00,-2.299977088021118554e+00,-1.591225216307884827e+00,-8.575376214299486044e-01
2.732559029071066625e+00,2.341772725634873709e+00,5.057060503423952413e-01,6.999999999999999556e-01,2.000000000000000111e-01,5.000000000000000278e-02,2.000000000000000042e-02,-5.030886753506815801e+00,-4.976452317894831445e+00,-2.587777756897505554e+00,-1.791729017530461876e+00
2.124534441300179211e+00,1.942073905581316318e+00,9.351233672915584272e-01,6.999999999999999556e-01,2.000000000000000111e-01,5.000000000000000278e-02,2.000000000000000042e-02,-3.088464350257475566e+00,-3.013714194924498990e+00,-1.905078136504181341e+00,-1.155280811988200318e+00
4.556178739253762267e-01,2.781301771372972631e+00,7.795128428562526635e-01,6.999999999999999556e-01,2.000000000000000111e-01,5.000000000000000278e-02,2.000000000000000042e-02,-8.170909337807298334e-01,-7.843658732740699246e-01,-1.814127683137982450e+00,-3.548190239489941722e-01
-1.251572103069690245e+00,2.389143608946724395e-01,6.813169235830041082e-01,6.999999999999999556e-01,2.000000000000000111e-01,5.000000000000000278e-02,2.000000000000000042e-02,9.841272229859382437e-01,9.515197773998582687e-01,-9.429561194351824271e-01,8.372519375317891144e-02
6.245658509195171071e-01,2.199018086643524494e+00,4.765492831419034792e-01,6.999999999999999556e-01,2.000000000000000111e-01,5.000000000000000278e-02,2.000000000000000042e-02,-8.722058369818919132e-01,-8.721317729450320799e-01,-1.435507651674171603e+00,-3.845608486921379132e-01
1.327187411016065965e+00,2.107449782241128666e+00,7.748738594487224463e-01,6.999999999999999556e-01,2.000000000000000111e-01,5.000000000000000278e-02,2.000000000000000042e-02,-1.871147863382590870e+00,-1.912093431659789067e+00,-1.586002205447474278e+00,-7.831546296949130070e-01
1.317437375315479997e+00,2.162596315246140488e+00,7.158416008112165052e-01,6.999999999999999556e-01,2.000000000000000111e-01,5.000000000000000278e-02,2.000000000000000042e-02,-1.899135060379274487e+00,-1.872667412668088893e+00,-1.615101380861986957e+00,-7.977438597589449065e-01
-6.131312115238225502e-01,1.540392410062658923e+00,1.605872770657398307e-01,6.999999999999999556e-01,2.000000000000000111e-01,5.000000000000000278e-02,2.000000000000000042e-02,6.443946021033656324e-01,6.505163308538854938e-01,-1.088582711158710969e+00,2.644495460890692873e-01
1.497555716477133814e+00,4.064696455073104620e-01,7.171690391030282052e-01,6.999999999999999556e-01,2.000000000000000111e-01,5.000000000000000278e-02,2.000000000000000042e-02,-1.250854552250551865e+00,-1.249717585981639401e+00,-1.059531428773638595e+00,-1.704390635370939266e-01
-1.007126186566910553e+00,1.035830024339718936e+00,8.106757483388570273e-01,6.999999999999999556e-01,2.000000000000000111e-01,5.000000000000000278e-02,2.000000000000000042e-02,9.073474712781973706e-01,8.978439393586770123e-01,-1.002357610855628467e+00,2.920992318565359125e-01
-2.231676717195654192e+00,7.286514183690875335e-01,6.750474879967517383e-01,6.999999999999999556e-01,2.000000000000000111e-01,5.000000000000000278e-02,2.000000000000000042e-02,2.283785594222743853e+00,2.242221618710647402e+00,-1.521387750039755460e+00,4.553120334912470479e-01
2.748750324593281391e+00,2.874468847569214169e+00,2.359506337081634930e-01,6.999999999999999556e-01,2.000000000000000111e-01,5.000000000000000278e-02,2.000000000000000042e-02,-6.142196341222716072e+00,-6.343158147621330123e+00,-2.990104213833174374e+00,-2.212335209780962764e+00
2.510642276151580532e+00,2.325890550555229197e+00,3.910127013774079563e-01,6.999999999999999556e-01,2.000000000000000111e-01,5.000000000000000278e-02,2.000000000000000042e-02,-4.450197770424133559e+00,-4.359497971356554480e+00,-2.402866055262633527e+00,-1.635054160859121364e+00
-4.567057382601746873e-01,2.740524552772762412e+00,2.117622132750774933e-01,6.999999999999999556e-01,2.000000000000000111e-01,5.000000000000000278e-02,2.000000000000000042e-02,8.046677768335890324e-01,8.017531071484736982e-01,-1.782753495113014175e+00,3.504517209463814398e-01
3.009262511683568064e-01,1.729239090655473099e+00,3.732281016140525098e-01,6.999999999999999556e-01,2.000000000000000111e-01,5.000000000000000278e-02,2.000000000000000042e-02,-3.379899312973688730e-01,-3.362871927081520496e-01,-1.132220987867471607e+00,-1.457045623389243427e-01
-2.907184303346516785e+00,1.743725026125021449e-01,4.067560522864454020e-01,6.999999999999999556e-01,2.000000000000000111e-01,5.000000000000000278e-02,2.000000000000000042e-02,3.275939806421273026e+00,3.300382399108111819e+00,-1.972014893797084500e+00,1.419412407084884031e-01
2.714224443387548646e+00,2.238769289195813084e+00,8.041610787859897469e-01,6.999999999999999556e-01,2.000000000000000111e-01,5.000000000000000278e-02,2.000000000000000042e-02,-4.804294048885899393e+00,-4.723270959230079669e+00,-2.506744459596853325e+00,-1.701426251795380207e+00
-8.755794075369562890e-01,1.086967427471977388e+00,7.476644381015884466e-01,6.999999999999999556e-01,2.000000000000000111e-01,5.000000000000000278e-02,2.000000000000000042e-02,7.912976321631645105e-01,8.300158019537393628e-01,-9.804056412093219430e-01,2.664833629242073232e-01
6.682421599067236428e-01,1.956486965863383665e+00,1.761260335517187414e-01,6.999999999999999556e-01,2.000000000000000111e-01,5.000000000000000278e-02,2.000000000000000042e-02,-8.407990944756714713e-01,-8.433085686095698197e-01,-1.302879912304583554e+00,-3.660739812514118841e-01
-2.190820465222196312e+00,1.313637640758181568e+00,8.078992376814841947e-01,6.999999999999999556e-01,2.000000000000000111e-01,5.000000000000000278e-02,2.000000000000000042e-02,2.588618372895345576e+00,2.625138928309802111e+00,-1.661544285795801157e+00,8.058243836325836851e-01
-2.169308950069178010e+00,1.704961511085694159e+00,7.006269951357051440e-01,6.999999999999999556e-01,2.000000000000000111e-01,5.000000000000000278e-02,2.000000000000000042e-02,2.911777047051033129e+00,2.819784027916444558e+00,-1.812850323727241975e+00,1.035604714346066491e+00
5.212395490583920932e-01,4.833863550448296298e-01,3.325413782132499163e-01,6.999999999999999556e-01,2.000000000000000111e-01,5.000000000000000278e-02,2.000000000000000042e-02,-3.889996498352197296e-01,-3.957995727354207682e-01,-7.734663316794829768e-01,-7.054882400287310062e-02
1.040506960515282131e+00,2.697024545502948456e+00,5.833300905638154621e-01,6.999999999999999556e-01,2.000000000000000111e-01,5.000000000000000278e-02,2.000000000000000042e-02,-1.844282493586788974e+00,-1.868454167732054305e+00,-1.880750006098466542e+00,-7.857563874373871826e-01
2.873591413202047917e+00,9.444566996231598122e-01,1.085888198200544164e-01,6.999999999999999556e-01,2.000000000000000111e-01,5.000000000000000278e-02,2.000000000000000042e-02,-3.556805486078025602e+00,-3.597652244109771136e+00,-2.063508925549111694e+00,-7.599151454099121183e-01
1.198378125659032456e+00,2.583999181704077053e+00,1.658171624504224395e-01,6.999999999999999556e-01,2.000000000000000111e-01,5.000000000000000278e-02,2.000000000000000042e-02,-2.045143426460351410e+00,-1.995767544339036803e+00,-1.850203767755335793e+00,-8.670502669010013985e-01
6.665145351610033408e-01,2.721894312261085691e+00,2.647851921740129733e-01,6.999999999999999556e-01,2.000000000000000111e-01,5.000000000000000278e-02,2.000000000000000042e-02,-1.172686529652281928e+00,-1.168936851252624809e+00,-1.803855454433828109e+00,-5.079709942423413782e-01
6.274663442463581653e-01,1.713024985187477700e+00,7.749196889359737384e-01,6.999999999999999556e-01,2.000000000000000111e-01,5.000000000000000278e-02,2.000000000000000042e-02,-7.093565656181168855e-01,-7.070089038247736601e-01,-1.169880745957001533e+00,-3.009623470163123593e-01
-1.350427755181537570e+00,4.835919837650385356e-01,1.844484911283570394e-01,6.999999999999999556e-01,2.000000000000000111e-01,5.000000000000000278e-02,2.000000000000000042e-02,1.112648926282072237e+00,1.115540995535318824e+00,-1.006288837241349654e+00,1.828556903766900832e-01
-7.812317305114828692e-01,1.205368491462822433e+00,2.759037099051527830e-01,6.999999999999999556e-01,2.000000000000000111e-01,5.000000000000000278e-02,2.000000000000000042e-02,7.296110618014524096e-01,7.261851607438202238e-01,-9.949563005432854323e-01,2.636681914970645524e-01
7.537131791779585477e-01,1.521908239039059918e+00,5.148043550963276038e-01,6.999999999999999556e-01,2.000000000000000111e-01,5.000000000000000278e-02,2.000000000000000042e-02,-7.934133884622397437e-01,-7.967669133629314837e-01,-1.109481189797677958e+00,-3.211830432337123287e-01
-2.182961649628289535e+00,8.715365590012149610e-01,4.153134960833548828e-01,6.999999999999999556e-01,2.000000000000000111e-01,5.000000000000000278e-02,2.000000000000000042e-02,2.280336396702047352e+00,2.253317021608465254e+00,-1.521138870876774352e+00,5.327086476736234699e-01
-1.185897778352761112e+00,2.259787358856307771e-01,2.083654575214853866e-01,6.999999999999999556e-01,2.000000000000000111e-01,5.000000000000000278e-02,2.000000000000000042e-02,9.219963542507207954e-01,9.123415053137892139e-01,-9.181023255754475754e-01,7.503655063568576145e-02
-1.992331019026337913e+00,2.854738207747924417e+00,5.236748487919239414e-01,6.999999999999999556e-01,2.000000000000000111e-01,5.000000000000000278e-02,2.000000000000000042e-02,4.063166608976262140e+00,4.032643351487802619e+00,-2.436341666274794981e+00,1.592523375098835903e+00
-2.783700375018875128e+00,1.813539215644956570e+00,9.981480902561352675e-01,6.999999999999999556e-01,2.000000000000000111e-01,5.000000000000000278e-02,2.000000000000000042e-02,4.308886517456316234e+00,4.297673102167446579e+00,-2.322797594817531674e+00,1.413537942516644552e+00
-2.917094395755199798e-01,1.535996571288240187e+00,5.071465644615543722e-01,6.999999999999999556e-01,2.000000000000000111e-01,5.000000000000000278e-02,2.000000000000000042e-02,3.017893674410536686e-01,2.654940339403253358e-01,-1.043064124951911698e+00,1.254581157201155595e-01
-7.608163525047477727e-01,3.023050147139973998e-01,8.627621138536208933e-01,6.999999999999999556e-01,2.000000000000000111e-01,5.000000000000000278e-02,2.000000000000000042e-02,5.643252136991073753e-01,5.666812013534276993e-01,-7.996205934047664332e-01,6.439960761880732243e-02
3.578316102386480679e-01,1.563636998337121664e+00,8.391087911657632015e-01,6.999999999999999556e-01,2.000000000000000111e-01,5.000000000000000278e-02,2.000000000000000042e-02,-3.752568165836748237e-01,-3.749809656966545668e-01,-1.061501011952518780e+00,-1.566652485842355558e-01
-6.100522913227859334e-01,2.422970359771515980e+00,1.526829063081324156e-01,6.999999999999999556e-01,2.000000000000000111e-01,5.000000000000000278e-02,2.000000000000000042e-02,9.397966216887775337e-01,9.490936220306868121e-01,-1.577734520728610645e+00,4.138788135400263135e-01
-2.562237642653580671e+00,5.434256787111195752e-01,4.967756668930665143e-01,6.999999999999999556e-01,2.000000000000000111e-01,5.000000000000000278e-02,2.000000000000000042e-02,2.740560907804776569e+00,2.682434293098995060e+00,-1.726102866174216599e+00,3.898680043938962947e-01
2.166328084611153670e+00,2.746258795445743139e+00,4.372738782681494518e-01,6.999999999999999556e-01,2.000000000000000111e-01,5.000000000000000278e-02,2.000000000000000042e-02,-4.312119596755926487e+00,-4.387955025515950958e+00,-2.459817837545089425e+00,-1.665803315731662737e+00
-2.764658264839241042e+00,6.083876921559346895e-01,8.166414891733514425e-01,6.999999999999999556e-01,2.000000000000000111e-01,5.000000000000000278e-02,2.000000000000000042e-02,3.135083069927524058e+00,3.188115556111355886e+00,-1.898319279956943939e+00,4.709555371767054632e-01
-2.870404685043214776e+00,3.961848040107810442e-01,7.011965133982797083e-01,6.999999999999999556e-01,2.000000000000000111e-01,5.000000000000000278e-02,2.000000000000000042e-02,3.254854887308034961e+00,3.211425530062324452e+00,-1.957858194237774407e+00,3.184190009211326222e-01
-2.865686241446605553e+00,2.303540660402686235e+00,6.302229155131664484e-01,6.999999999999999556e-01,2.000000000000000111e-01,5.000000000000000278e-02,2.000000000000000042e-02,5.311520281849849923e+00,5.367310844247511703e+00,-2.674705585540438246e+00,1.848342937596065383e+00
1.736519266425546881e+00,5.589731404854199059e-01,8.964546254177716555e-01,6.999999999999999556e-01,2.000000000000000111e-01,5.000000000000000278e-02,2.000000000000000042e-02,-1.553347904715274952e+00,-1.572668195718301520e+00,-1.196068010449846675e+00,-2.717869358028511262e-01
-7.894553654683149624e-01,2.654822205632787036e+00,1.092213547767404425e-01,6.999999999999999556e-01,2.000000000000000111e-01,5.000000000000000278e-02,2.000000000000000042e-02,1.356200099404793802e+00,1.325164238308522924e+00,-1.780217298202937615e+00,5.868418176883443138e-01
2.676983652636026001e+00,7.923379948675248752e-01,1.185726362834219616e-01,6.999999999999999556e-01,2.000000000000000111e-01,5.000000000000000278e-02,2.000000000000000042e-02,-3.068369380114806866e+00,-3.154301908641812702e+00,-1.862828151207574834e+00,-5.939012406943759981e-01
-1.098695950318292258e+00,2.592060621995940783e-01,4.852586817340981407e-01,6.999999999999999556e-01,2.000000000000000111e-01,5.000000000000000278e-02,2.000000000000000042e-02,8.457354129486643890e-01,8.345740163802087830e-01,-8.904762082622150743e-01,7.974082223426069704e-02
-5.474089668583292934e-01,1.858280341303154115e+00,6.551293902591126539e-01,6.999999999999999556e-01,2.000000000000000111e-01,5.000000000000000278e-02,2.000000000000000042e-02,6.560322284274778815e-01,6.476155434325534532e-01,-1.228397302311862838e+00,2.848270100944528260e-01
1.193453635201158214e+00,5.666717878009985832e-02,6.664495560013823372e-01,6.999999999999999556e-01,2.000000000000000111e-01,5.000000000000000278e-02,2.000000000000000042e-02,-9.209477631071409931e-01,-9.443367208587153394e-01,-9.140993005873543353e-01,-1.893630214327714917e-02
2.685637836023299307e+00,3.283477850821200361e-01,8.601381243194919923e-01,6.999999999999999556e-01,2.000000000000000111e-01,5.000000000000000278e-02,2.000000000000000042e-02,-2.889011109688811363e+00,-2.804806811868891803e+00,-1.796991305457553700e+00,-2.469105057974766704e-01
2.477591059921877559e+00,1.756653767382417408e+00,1.760245189216820272e-01,6.999999999999999556e-01,2.000000000000000111e-01,5.000000000000000278e-02,2.000000000000000042e-02,-3.565103435810236032e+00,-3.560202647918722985e+00,-2.052785163214959852e+00,-1.218635507444533417e+00
-7.463799622027282865e-01,2.227586853018064250e+00,1.049469784489608370e-01,6.999999999999999556e-01,2.000000000000000111e-01,5.000000000000000278e-02,2.000000000000000042e-02,1.061765949043854684e+00,1.044065347933532006e+00,-1.478262503480111123e+00,4.655353335244968305e-01
1.083540182478106573e+00,1.512495542149890237e+00,3.491512711269467717e-01,6.999999999999999556e-01,2.000000000000000111e-01,5.000000000000000278e-02,2.000000000000000042e-02,-1.169110550876108601e+00,-1.133331721167741613e+00,-1.196378886159963795e+00,-4.588779148067561042e-01
-2.632570588346135665e+00,2.495800261895692262e+00,6.934721751982094728e-01,6.999999999999999556e-01,2.000000000000000111e-01,5.000000000000000278e-02,2.000000000000000042e-02,5.050807935377414459e+00,5.138368163505551145e+00,-2.611626838012772289e+00,1.839703701878890874e+00
4.320572861878178017e-01,5.074660944999378476e-01,3.003476883813398501e-01,6.999999999999999556e-01,2.000000000000000111e-01,5.000000000000000278e-02,2.000000000000000042e-02,-3.220497686387827074e-01,-3.361342682190684994e-01,-7.640540819715799792e-01,-6.139123861415266697e-02
8.752413425603373653e-01,2.403827511677821605e+00,7.254757973744829780e-01,6.999999999999999556e-01,2.000000000000000111e-01,5.000000000000000278e-02,2.000000000000000042e-02,-1.354240369234981811e+00,-1.380498807547791307e+00,-1.623881249984909347e+00,-5.891001812092239165e-01
-1.336910555255381050e+00,1.348741469816019389e+00,5.453314591358432439e-01,6.999999999999999556e-01,2.000000000000000111e-01,5.000000000000000278e-02,2.000000000000000042e-02,1.395789418278432725e+00,1.391995007581120491e+00,-1.222773972249194374e+00,5.048810780461540082e-01
9.358359976547112602e-01,2.572230921334234033e+00,2.890276428925577790e-01,6.999999999999999556e-01,2.000000000000000111e-01,5.000000000000000278e-02,2.000000000000000042e-02,-1.562922404029051693e+00,-1.538856269966894841e+00,-1.757660419949473196e+00,-6.740121613302335613e-01
-1.164640634865705238e+00,4.165739768724472381e-01,5.587413557413826171e-01,6.999999999999999556e-01,2.000000000000000111e-01,5.000000000000000278e-02,2.000000000000000042e-02,9.225283071718581862e-01,8.956804556710412646e-01,-9.277529142060845224e-01,1.358445146501123801e-01
1.599581248897054664e+00,1.615900208649064584e+00,4.636511754402907748e-01,6.999999999999999556e-01,2.000000000000000111e-01,5.000000000000000278e-02,2.000000000000000042e-02,-1.909086938267531508e+00,-1.863641714821310913e+00,-1.449357713577152040e+00,-7.237338286762868833e-01
-2.568919300755779123e+00,2.803696798620937125e-01,8.452970346234627286e-01,6.999999999999999556e-01,2.000000000000000111e-01,5.000000000000000278e-02,2.000000000000000042e-02,2.674173886259941568e+00,2.656429571196905037e+00,-1.700906958103370670e+00,2.016691829444463568e-01
1.283121553986554808e-01,5.084180458284172088e-01,8.028192899826395168e-01,6.999999999999999556e-01,2.000000000000000111e-01,5.000000000000000278e-02,2.000000000000000042e-02,-9.456755307883563111e-02,-7.701724703152613982e-02,-7.386580486888153496e-01,-1.826614028506864940e-02
2.700556973047749665e+00,1.058552341703254740e+00,2.311984439102671152e-01,6.999999999999999556e-01,2.000000000000000111e-01,5.000000000000000278e-02,2.000000000000000042e-02,-3.298797928475785568e+00,-3.304629775109258372e+00,-1.950825823119085811e+00,-8.004306541623695814e-01
7.735235675430960356e-01,1.658135695810850407e+00,2.171747840773197158e-01,6.999999999999999556e-01,2.000000000000000111e-01,5.000000000000000278e-02,2.000000000000000042e-02,-8.623510640248841508e-01,-8.516893276960766368e-01,-1.174668764432788448e+00,-3.591299708903655796e-01
2.641304351919917082e+00,1.687451246673688399e+00,8.457238817353224247e-01,6.999999999999999556e-01,2.000000000000000111e-01,5.000000000000000278e-02,2.000000000000000042e-02,-3.823217456212575804e+00,-3.770700762968118180e+00,-2.145122141306746055e+00,-1.247980250017732606e+00
2.683884059979757986e+00,7.290981390795978623e-01,8.486639105677581396e-01,6.999999999999999556e-01,2.000000000000000111e-01,5.000000000000000278e-02,2.000000000000000042e-02,-3.045090451920813290e+00,-2.963998689022980138e+00,-1.854906820609321105e+00,-5.479081646182584198e-01
1.578049009467228814e+00,9.134675289301233958e-01,8.631289512342938952e-01,6.999999999999999556e-01,2.000000000000000111e-01,5.000000000000000278e-02,2.000000000000000042e-02,-1.485466678598793111e+00,-1.504861627333767160e+00,-1.190355011139434094e+00,-4.036190281784242662e-01
1.824803121427122754e+00,2.901224160146793629e+00,3.724795408531915708e-01,6.999999999999999556e-01,2.000000000000000111e-01,5.000000000000000278e-02,2.000000000000000042e-02,-3.731520832786766828e+00,-3.587584384923244940e+00,-2.377880192634250989e+00,-1.482365612950782285e+00
1.407874274164351291e+00,8.169600204503091323e-02,1.273924159178324578e-01,6.999999999999999556e-01,2.000000000000000111e-01,5.000000000000000278e-02,2.000000000000000042e-02,-1.126355581882754198e+00,-1.153566474924422769e+00,-9.982508889230896632e-01,-3.220495588275762433e-02
6.224253048792727228e-02,1.195584698871788421e+00,5.458723610772281409e-01,6.999999999999999556e-01,2.000000000000000111e-01,5.000000000000000278e-02,2.000000000000000042e-02,-5.603775279920268637e-02,-4.875819649545660300e-02,-9.007003079949194024e-01,-2.083654077971945628e-02
1.737586608435745639e+00,2.540813093886589602e+00,9.527607484514651892e-01,6.999999999999999556e-01,2.000000000000000111e-01,5.000000000000000278e-02,2.000000000000000042e-02,-3.049052213714448012e+00,-3.004809746120648661e+00,-2.056683448201461761e+00,-1.236167185813149105e+00
1.731293834085136041e+00,2.049799329076816168e+00,5.865273697626507410e-01,6.999999999999999556e-01,2.000000000000000111e-01,5.000000000000000278e-02,2.000000000000000042e-02,-2.489780133551454000e+00,-2.485754973998691941e+00,-1.737841571518908834e+00,-9.936653830719112124e-01
2.172855814861931023e+00,1.732128926223828191e+00,6.841653340034330455e-01,6.999999999999999556e-01,2.000000000000000111e-01,5.000000000000000278e-02,2.000000000000000042e-02,-2.946616302133518328e+00,-2.891586109263758253e+00,-1.828233245215479696e+00,-1.053826594642079284e+00
-2.957790029036762469e+00,4.693862494373524097e-01,2.987023418836898259e-02,6.999999999999999556e-01,2.000000000000000111e-01,5.000000000000000278e-02,2.000000000000000042e-02,3.455501427011672622e+00,3.348854774866644846e+00,-2.043123561542914857e+00,3.887368711387737541e-01
-2.779882452794402603e+00,7.604797838005263877e-01,4.103353724156988402e-01,6.999999999999999556e-01,2.000000000000000111e-01,5.000000000000000278e-02,2.000000000000000042e-02,3.245105379612687635e+00,3.245928962080516733e+00,-1.940128097922835249e+00,5.919324338737499414e-01
-2.164796863067257604e-01,2.981641045872236440e+00,1.765054427430106099e-01,6.999999999999999556e-01,2.000000000000000111e-01,5.000000000000000278e-02,2.000000000000000042e-02,4.214792033921633818e-01,4.423742220377187007e-01,-1.951655183887730294e+00,1.807301211211102265e-01
1.305823310476199595e+00,1.701850766663451253e+00,8.135749540465941898e-02,6.999999999999999556e-01,2.000000000000000111e-01,5.000000000000000278e-02,2.000000000000000042e-02,-1.554896271213271453e+00,-1.552720314705727356e+00,-1.361257622206470064e+00,-6.222485925770593340e-01
-4.852566934885342853e-01,8.675103695773018764e-01,2.192057972966303669e-01,6.999999999999999556e-01,2.000000000000000111e-01,5.000000000000000278e-02,2.000000000000000042e-02,3.965197899082494315e-01,3.758400808761566125e-01,-8.406815025716942724e-01,1.178702597822673948e-01
-7.095148884536963685e-01,2.788684196263208737e+00,2.879452303073480879e-01,6.999999999999999556e-01,2.000000000000000111e-01,5.000000000000000278e-02,2.000000000000000042e-02,1.287001050767381694e+00,1.292561185048076267e+00,-1.864258043048964142e+00,5.540116278043973885e-01
-2.878146782850042662e+00,2.451668838613995760e+00,5.003813636624044880e-01,6.999999999999999556e-01,2.000000000000000111e-01,5.000000000000000278e-02,2.000000000000000042e-02,5.628738873327470138e+00,5.656534110698492768e+00,-2.784054548736833556e+00,1.975753578531759924e+00
6.403881248725928899e-01,2.268936581183150114e+00,6.126222697617252910e-01,6.999999999999999556e-01,2.000000000000000111e-01,5.000000000000000278e-02,2.000000000000000042e-02,-9.229498411686548609e-01,-9.413125252973805202e-01,-1.482244791892026958e+00,-4.068400119500385492e-01
2.730819228473865046e+00,6.968886646466102563e-01,5.413838325124662454e-01,6.999999999999999556e-01,2.000000000000000111e-01,5.000000000000000278e-02,2.000000000000000042e-02,-3.115483016104200864e+00,-3.030185983732717414e+00,-1.886597582318200406e+00,-5.328615503462826863e-01
6.948043992079240283e-01,1.212909725516824189e+00,3.573905861972390685e-01,6.999999999999999556e-01,2.000000000000000111e-01,5.000000000000000278e-02,2.000000000000000042e-02,-6.462366392573016816e-01,-6.556284492798563068e-01,-9.783739732892642316e-01,-2.359658036767262046e-01
-1.529327431496106726e+00,2.531679490534216814e+00,1.525444272597856754e-01,6.999999999999999556e-01,2.000000000000000111e-01,5.000000000000000278e-02,2.000000000000000042e-02,2.621662190292534778e+00,2.571615627543860860e+00,-1.948142504899794680e+00,1.084094729936418311e+00
8.145289761189897781e-01,8.485389261589549870e-01,4.955118451479011421e-01,6.999999999999999556e-01,2.000000000000000111e-01,5.000000000000000278e-02,2.000000000000000042e-02,-6.792971579412172556e-01,-6.759447301476844139e-01,-9.003211812295963679e-01,-1.935246719619809486e-01
-7.792939132329310681e-01,2.891964321881147271e+00,8.985688150534333341e-01,6.999999999999999556e-01,2.000000000000000111e-01,5.000000000000000278e-02,2.000000000000000042e-02,1.481631788533670502e+00,1.464363317249055552e+00,-1.961978919944971977e+00,6.310332541320580191e-01
-8.037156677521828385e-01,1.251769581441782409e+00,8.987552213554689251e-01,6.999999999999999556e-01,2.000000000000000111e-01,5.000000000000000278e-02,2.000000000000000042e-02,7.648702696222655639e-01,7.623249887153050741e-01,-1.016263623091761437e+00,2.816987110056986543e-01
-2.663554567476367207e+00,1.514915874393863104e+00,9.147296177862735966e-01,6.999999999999999556e-01,2.000000000000000111e-01,5.000000000000000278e-02,2.000000000000000042e-02,3.665109580780478993e+00,3.686681387815236022e+00,-2.085474254997305543e+00,1.129817107043583846e+00
1.283814121736912561e+00,2.297542529859085914e+00,8.910429833915280984e-01,6.999999999999999556e-01,2.000000000000000111e-01,5.000000000000000278e-02,2.000000000000000042e-02,-1.953229685616742817e+00,-1.966829650314768196e+00,-1.686245039587248584e+00,-8.258929126347889227e-01
-2.995624688291515625e+00,2.932720601554337225e-01,5.736063108631990204e-01,6.999999999999999556e-01,2.000000000000000111e-01,5.000000000000000278e-02,2.000000000000000042e-02,3.477110107890459378e+00,3.522092251995373680e+00,-2.058106281142739746e+00,2.459892466605648753e-01
2.041959671487725281e+00,1.865113105769163226e+00,5.184518264297942602e-01,6.999999999999999556e-01,2.000000000000000111e-01,5.000000000000000278e-02,2.000000000000000042e-02,-2.849535385474719185e+00,-2.829347357804404162e+00,-1.812450460621004122e+00,-1.066376008528278296e+00
-2.961209600405029896e+00,1.805487320379258520e+00,2.213320331267394359e-01,6.999999999999999556e-01,2.000000000000000111e-01,5.000000000000000278e-02,2.000000000000000042e-02,4.722560582266988938e+00,4.841804397835980822e+00,-2.471684169596676028e+00,1.496999388224651506e+00
1.670759711029331740e+00,5.030878508934720772e-01,7.449855570134638061e-01,6.999999999999999556e-01,2.000000000000000111e-01,5.000000000000000278e-02,2.000000000000000042e-02,-1.461923994137807048e+00,-1.488865031431666264e+00,-1.154149335800148002e+00,-2.353508954667205555e-01
-9.026307926465406695e-01,5.101456298244613219e-01,5.816915569380116668e-01,6.999999999999999556e-01,2.000000000000000111e-01,5.000000000000000278e-02,2.000000000000000042e-02,7.014993028322702440e-01,7.040854557714437689e-01,-8.586461510831178146e-01,1.289324831798142057e-01
-9.049735070447981755e-01,8.676856037115510123e-02,4.019387152785302009e-01,6.999999999999999556e-01,2.000000000000000111e-01,5.000000000000000278e-02,2.000000000000000042e-02,6.714929504082101097e-01,6.778577888571218901e-01,-8.239005868975878277e-01,2.198650954648750586e-02
-5.871629391581612012e-02,1.107010096097996943e+00,6.101034170241692589e-02,6.999999999999999556e-01,2.000000000000000111e-01,5.000000000000000278e-02,2.000000000000000042e-02,5.118524632474207026e-02,5.813133220650993499e-02,-8.720831298764868400e-01,1.819986844767442977e-02
-1.892969868854447402e+00,1.926316371396818106e+00,1.803484326702312623e-01,6.999999999999999556e-01,2.000000000000000111e-01,5.000000000000000278e-02,2.000000000000000042e-02,2.647628833258412584e+00,2.541279679363879662e+00,-1.756997505438220086e+00,1.021008477701858652e+00
-1.758295135397430098e+00,2.206319225723708533e-01,6.873826056996791278e-01,6.999999999999999556e-01,2.000000000000000111e-01,5.000000000000000278e-02,2.000000000000000042e-02,1.514586763863627006e+00,1.484725705599271972e+00,-1.170555249810457221e+00,1.086220901282669848e-01
1.283734137208075055e+00,1.547780592340380235e+00,5.156069810121550745e-01,6.999999999999999556e-01,2.000000000000000111e-01,5.000000000000000278e-02,2.000000000000000042e-02,-1.434940217588642541e+00,-1.423814800554670468e+00,-1.282583466938579608e+00,-5.563428593227347507e-01
2.451845416829337765e+00,5.214361709067190098e-01,7.764545443967457716e-01,6.999999999999999556e-01,2.000000000000000111e-01,5.000000000000000278e-02,2.000000000000000042e-02,-2.546591325691133889e+00,-2.514451449220428625e+00,-1.639797287450234897e+00,-3.579746480258698682e-01
-2.156348295611931309e+00,2.462285771020706004e+00,1.152398731430395173e-01,6.999999999999999556e-01,2.000000000000000111e-01,5.000000000000000278e-02,2.000000000000000042e-02,3.841083960936058084e+00,3.848621728961456601e+00,-2.246274866342216736e+00,1.486672803182002456e+00
-1.348791190076743751e+00,2.104511439139666873e-01,6.767245410201907507e-01,6.999999999999999556e-01,2.000000000000000111e-01,5.000000000000000278e-02,2.000000000000000042e-02,1.075205675427862939e+00,1.080525350392957051e+00,-9.790862069207534324e-01,7.947930167876472718e-02
2.887651376926816837e+00,1.633430287663739655e-02,8.794894342121292174e-01,6.999999999999999556e-01,2.000000000000000111e-01,5.000000000000000278e-02,2.000000000000000042e-02,-3.225402277559521913e+00,-3.143193365396136141e+00,-1.950816924523166573e+00,-1.320697621400125990e-02
1.122382759618824721e+00,1.998795740496885465e+00,3.073754231974068496e-02,6.999999999999999556e-01,2.000000000000000111e-01,5.000000000000000278e-02,2.000000000000000042e-02,-1.484141281096395648e+00,-1.492460996799104489e+00,-1.448287276575424443e+00,-6.281558861573089958e-01
2.501672852352209375e+00,1.060353574603071003e+00,9.767749020323412967e-01,6.999999999999999556e-01,2.000000000000000111e-01,5.000000000000000278e-02,2.000000000000000042e-02,-2.927776063431054787e+00,-2.967907684250911338e+00,-1.796164017473697472e+00,-7.427441704141551915e-01
-6.866547692016613524e-01,2.731330506507458455e+00,6.051654641222270481e-02,6.999999999999999556e-01,2.000000000000000111e-01,5.000000000000000278e-02,2.000000000000000042e-02,1.214004276225827184e+00,1.251465233061692217e+00,-1.815147502819068448e+00,5.251347131966139781e-01
1.609523202781027784e+00,1.164692236236014811e+00,7.279756266053495350e-01,6.999999999999999556e-01,2.000000000000000111e-01,5.000000000000000278e-02,2.000000000000000042e-02,-1.640811316198398373e+00,-1.618757415024598245e+00,-1.278495861764357588e+00,-5.248877699298206689e-01
1.261370910413671886e+00,2.370734381999602736e+00,5.338211889245096931e-01,6.999999999999999556e-01,2.000000000000000111e-01,5.000000000000000278e-02,2.000000000000000042e-02,-1.975819265128874846e+00,-1.979523095282453182e+00,-1.725511897444977683e+00,-8.373051080161130200e-01
1.465847858437198781e+00,1.437410504030709468e+00,3.104689156056387178e-01,6.999999999999999556e-01,2.000000000000000111e-01,5.000000000000000278e-02,2.000000000000000042e-02,-1.607589997759391265e+00,-1.628025425441472773e+00,-1.311567345606432955e+00,-5.899670305279939297e-01
-1.414447551933806224e-01,1.468003348795389407e+00,3.511370515774088208e-01,6.999999999999999556e-01,2.000000000000000111e-01,5.000000000000000278e-02,2.000000000000000042e-02,1.418273727936588957e-01,1.748755552335013452e-01,-1.004705729306184070e+00,5.813958480215949964e-02
-1.240576887547921725e+00,1.167031659990189540e+00,3.584445096779287354e-02,6.999999999999999556e-01,2.000000000000000111e-01,5.000000000000000278e-02,2.000000000000000042e-02,1.200414893103588065e+00,1.195560762072184646e+00,-1.121529457446437394e+00,4.053819012377438136e-01
-8.133159550777033786e-01,2.096768063684038896e+00,7.581026487224810095e-01,6.999999999999999556e-01,2.000000000000000111e-01,5.000000000000000278e-02,2.000000000000000042e-02,1.096817747882075977e+00,1.080786508902087606e+00,-1.414723510221537639e+00,4.774937776816509660e-01
-2.139725695428289942e+00,9.785067813557724037e-02,2.181121029301447134e-02,6.999999999999999556e-01,2.000000000000000111e-01,5.000000000000000278e-02,2.000000000000000042e-02,1.990505009134797776e+00,2.043105307966661233e+00,-1.388104373481034770e+00,5.862461089009776694e-02
-2.527858737413398504e+00,2.435358831766111898e+00,9.609826376239692935e-01,6.999999999999999556e-01,2.000000000000000111e-01,5.000000000000000278e-02,2.000000000000000042e-02,4.676133345677533804e+00,4.547013856302394963e+00,-2.488846638972157521e+00,1.723748068452718663e+00
-7.191213637869520170e-01,1.982397104418495370e+00,9.703616904298650869e-01,6.999999999999999556e-01,2.000000000000000111e-01,5.000000000000000278e-02,2.000000000000000042e-02,9.176294486936773520e-01,9.160677506904221223e-01,-1.327756089523177696e+00,3.991635506030852820e-01
2.141607283598713884e+00,2.196758192117947761e+00,8.357723278036550685e-01,6.999999999999999556e-01,2.000000000000000111e-01,5.000000000000000278e-02,2.000000000000000042e-02,-3.437126791210525667e+00,-3.389806434242015776e+00,-2.063576781223683376e+00,-1.317286136472582969e+00
-1.014517488114052401e+00,3.103795643954189165e-01,1.270268616407117523e-01,6.999999999999999556e-01,2.000000000000000111e-01,5.000000000000000278e-02,2.000000000000000042e-02,7.760543947325775349e-01,7.718500922716122759e-01,-8.678738264125875901e-01,8.816793888906476750e-02
3.643576028603408012e-01,2.150872505998695061e+00,6.210584350957623068e-01,6.999999999999999556e-01,2.000000000000000111e-01,5.000000000000000278e-02,2.000000000000000042e-02,-4.934543031772716803e-01,-5.022296834490945772e-01,-1.367588824602874897e+00,-2.194322900962915879e-01
1.942576871115861969e+00,1.546446707518568164e+00,8.120649161401930494e-01,6.999999999999999556e-01,2.000000000000000111e-01,5.000000000000000278e-02,2.000000000000000042e-02,-2.376723150114061767e+00,-2.352925754498320199e+00,-1.600850373716446562e+00,-8.411456498028769824e-01
-2.369566959735776024e+00,2.151663179820018090e+00,4.047230449487388970e-01,6.999999999999999556e-01,2.000000000000000111e-01,5.000000000000000278e-02,2.000000000000000042e-02,3.859773404137923691e+00,3.772778677114232870e+00,-2.190378758015763871e+00,1.427582794226828877e+00
-7.773765449493965640e-01,1.575263987574463620e+00,4.237563637435218800e-01,6.999999999999999556e-01,2.000000000000000111e-01,5.000000000000000278e-02,2.000000000000000042e-02,8.377162347739933734e-01,8.348837698644546723e-01,-1.138051072172479028e+00,3.428805172922767541e-01
-7.800374316004745623e-01,2.671014733898510407e+00,7.930036980311380157e-01,6.999999999999999556e-01,2.000000000000000111e-01,5.000000000000000278e-02,2.000000000000000042e-02,1.348862317343184847e+00,1.369898963781150947e+00,-1.790073518423089816e+00,5.833776123832212779e-01
1.271162162966826159e+00,2.431217610724505818e+00,2.089061657685109541e-02,6.999999999999999556e-01,2.000000000000000111e-01,5.000000000000000278e-02,2.000000000000000042e-02,-2.044419427020057967e+00,-2.085681409428967736e+00,-1.769892656581351531e+00,-8.653321142736485339e-01
2.424614276890850739e+00,1.711753667156322045e+00,3.753364507522023441e-01,6.999999999999999556e-01,2.000000000000000111e-01,5.000000000000000278e-02,2.000000000000000042e-02,-3.404526515673014231e+00,-3.306763944390505472e+00,-1.992027245138678015e+00,-1.162095866374096342e+00
-2.954379410531648986e+00,2.961568658214074556e+00,8.435354798584260294e-01,6.999999999999999556e-01,2.000000000000000111e-01,5.000000000000000278e-02,2.000000000000000042e-02,6.985164309519761083e+00,6.966109672047815060e+00,-3.237178103630228065e+00,2.449887290676981078e+00
2.668988414066317816e-01,1.559994123628332119e+00,8.006091837107676135e-01,6.999999999999999556e-01,2.000000000000000111e-01,5.000000000000000278e-02,2.000000000000000042e-02,-2.787126336083577960e-01,-2.787984474461652207e-01,-1.051386681937320322e+00,-1.165809747753156073e-01
-2.981801528344719010e+00,1.038062719549794011e+00,9.263513133856653425e-01,6.999999999999999556e-01,2.000000000000000111e-01,5.000000000000000278e-02,2.000000000000000042e-02,3.862677604283312416e+00,3.831922933389573682e+00,-2.184531442526511213e+00,8.666831610279501774e-01
-1.195491455807747849e+00,2.589481961309411773e+00,8.669780809764043861e-01,6.999999999999999556e-01,2.000000000000000111e-01,5.000000000000000278e-02,2.000000000000000042e-02,2.044551421353967946e+00,2.070659858346118209e+00,-1.853138329048956701e+00,8.667969967198334569e-01
-5.998363655468645916e-01,5.593993505480211459e-01,2.002614742252345481e-01,6.999999999999999556e-01,2.000000000000000111e-01,5.000000000000000278e-02,2.000000000000000042e-02,4.569553744331333323e-01,4.490056927963774203e-01,-7.977804184899675022e-01,9.395346053016039034e-02
-1.314613657299899430e+00,2.303905924882078349e+00,9.252248047375780660e-01,6.999999999999999556e-01,2.000000000000000111e-01,5.000000000000000278e-02,2.000000000000000042e-02,2.010738404460151951e+00,2.022549032725800000e+00,-1.702348911692856737e+00,8.480489343155581672e-01
-5.236642331949279416e-01,1.645179308956587372e+00,2.484368304525577109e-01,6.999999999999999556e-01,2.000000000000000111e-01,5.000000000000000278e-02,2.000000000000000042e-02,5.721750768301995249e-01,5.983594393051514526e-01,-1.120059728575787172e+00,2.412260371620155719e-01
-8.313484856505981568e-01,2.949419241000139635e+00,5.505866651252067090e-01,6.999999999999999556e-01,2.000000000000000111e-01,5.000000000000000278e-02,2.000000000000000042e-02,1.623147525350309373e+00,1.665451260832461644e+00,-2.021541385974488847e+00,6.865586614751766348e-01
-6.598624048036239031e-03,1.459293837351020029e-01,5.760762552672334946e-01,6.999999999999999556e-01,2.000000000000000111e-01,5.000000000000000278e-02,2.000000000000000042e-02,4.638724033011481888e-03,-2.387044914456741551e-02,-7.029878851811219853e-01,2.696212794322746273e-04
-1.499785298652505983e+00,8.875181176577888742e-01,6.705794749084563744e-01,6.999999999999999556e-01,2.000000000000000111e-01,5.000000000000000278e-02,2.000000000000000042e-02,1.383918147162304102e+00,1.422587029547017989e+00,-1.147679768592043459e+00,3.727042550422510758e-01
-6.590714113213302916e-01,2.771654048364399436e+00,6.209335065057439706e-01,6.999999999999999556e-01,2.000000000000000111e-01,5.000000000000000278e-02,2.000000000000000042e-02,1.184488425648941190e+00,1.174673423788220594e+00,-1.840645531717230332e+00,5.114810246980008301e-01
-1.683879035345881681e+00,1.743882402358289507e+00,2.297062499392971135e-01,6.999999999999999556e-01,2.000000000000000111e-01,5.000000000000000278e-02,2.000000000000000042e-02,2.134367272712501595e+00,2.150068957755211230e+00,-1.551074907507294931e+00,8.222163648831257721e-01
-4.784613382502351797e-01,6.340630863016467611e-01,8.687809722507360277e-01,6.999999999999999556e-01,2.000000000000000111e-01,5.000000000000000278e-02,2.000000000000000042e-02,3.673297462899163812e-01,3.707653963720753953e-01,-7.906238274674824984e-01,8.494490838594886961e-02
1.249368469797372150e+00,2.108519947540063555e+00,1.487049360803042175e-01,6.999999999999999556e-01,2.000000000000000111e-01,5.000000000000000278e-02,2.000000000000000042e-02,-1.749698026380221760e+00,-1.737616963048578267e+00,-1.556558127682983406e+00,-7.376091353107020465e-01
-2.816662259971605131e+00,1.480954954657476286e+00,7.437173241705564708e-01,6.999999999999999556e-01,2.000000000000000111e-01,5.000000000000000278e-02,2.000000000000000042e-02,3.953836624384527543e+00,3.912549765688106973e+00,-2.197089803893686799e+00,1.167977980260468396e+00
2.991844194443947558e+00,1.714371511881792376e+00,4.031345032858291155e-03,6.999999999999999556e-01,2.000000000000000111e-01,5.000000000000000278e-02,2.000000000000000042e-02,-4.664363902808275064e+00,-4.604175370897261033e+00,-2.454139507879453674e+00,-1.436157087384217323e+00
-2.106837424699813610e+00,5.203429115735425103e-01,8.948893809970983604e-01,6.999999999999999556e-01,2.000000000000000111e-01,5.000000000000000278e-02,2.000000000000000042e-02,2.022235558334136041e+00,2.065383676935116153e+00,-1.403720534504838025e+00,3.069578175385134222e-01
1.751671437270230669e+00,9.154363033112322690e-02,8.783887538044585774e-01,6.999999999999999556e-01,2.000000000000000111e-01,5.000000000000000278e-02,2.000000000000000042e-02,-1.496962425033335986e+00,-1.511909821778552931e+00,-1.161426156697841661e+00,-4.489922150421492286e-02
-1.275092097883287812e+00,2.717962678027018519e+00,2.617262354930040003e-01,6.999999999999999556e-01,2.000000000000000111e-01,5.000000000000000278e-02,2.000000000000000042e-02,2.314952591080991162e+00,2.317401044933494525e+00,-1.978103935393352941e+00,9.703827652663059578e-01
-2.573240787770937565e+00,1.996001963509949961e+00,5.525796565596572396e-01,6.999999999999999556e-01,2.000000000000000111e-01,5.000000000000000278e-02,2.000000000000000042e-02,4.088472383442627311e+00,4.159563257918740931e+00,-2.250998560144179983e+00,1.438134226192910647e+00
1.734989714328140309e+00,2.908202688363963340e+00,4.836090322516118922e-01,6.999999999999999556e-01,2.000000000000000111e-01,5.000000000000000278e-02,2.000000000000000042e-02,-3.529974450251671225e+00,-3.450410454737786736e+00,-2.335598399048699925e+00,-1.412796490418018136e+00
3.904363444301992558e-01,1.491696295030684238e+00,9.321589094309371548e-01,6.999999999999999556e-01,2.000000000000000111e-01,5.000000000000000278e-02,2.000000000000000042e-02,-3.979109062524374685e-01,-3.899629310855955433e-01,-1.034388177982960233e+00,-1.630754855609186371e-01
-1.422240727300310814e+00,8.122732969615443777e-01,2.912327409725838923e-01,6.999999999999999556e-01,2.000000000000000111e-01,5.000000000000000278e-02,2.000000000000000042e-02,1.270784522464729172e+00,1.279266963038865779e+00,-1.095785610212706374e+00,3.234694860984182463e-01
-7.180450605034640610e-01,1.520081646457507318e-01,7.646221405825681661e-02,6.999999999999999556e-01,2.000000000000000111e-01,5.000000000000000278e-02,2.000000000000000042e-02,5.234651479859162571e-01,5.343580642795132674e-01,-7.805732138336692882e-01,3.056163929842200741e-02
2.185850556258325916e+00,1.671022802908063376e+00,3.970732232871700962e-01,6.999999999999999556e-01,2.000000000000000111e-01,5.000000000000000278e-02,2.000000000000000042e-02,-2.906791156894420247e+00,-2.922115843052148776e+00,-1.807615807241645722e+00,-1.022729714511942278e+00
1.240211970452363310e+00,2.338456631984485501e+00,3.094579614086714336e-01,6.999999999999999556e-01,2.000000000000000111e-01,5.000000000000000278e-02,2.000000000000000042e-02,-1.913001422674915242e+00,-1.897773729971274026e+00,-1.696291978502111553e+00,-8.120509340638450979e-01
-1.329629323361856130e+00,2.779695238207433139e+00,2.621765245203925287e-01,6.999999999999999556e-01,2.000000000000000111e-01,5.000000000000000278e-02,2.000000000000000042e-02,2.486585660923497976e+00,2.476434064793313183e+00,-2.046925907055387128e+00,1.034870003644378311e+00
-1.578435520594527075e+00,1.134451288536387992e+00,7.762795651383406215e-01,6.999999999999999556e-01,2.000000000000000111e-01,5.000000000000000278e-02,2.000000000000000042e-02,1.585933241292891704e+00,1.577354244556631091e+00,-1.253895965549839175e+00,5.013842988588183003e-01
3.943574589403686659e-01,8.110368359824915441e-01,3.837243072516147713e-01,6.999999999999999556e-01,2.000000000000000111e-01,5.000000000000000278e-02,2.000000000000000042e-02,-3.154328058644351729e-01,-3.603518393485298787e-01,-8.154169757181544131e-01,-8.955475920862572548e-02
-2.276869177556081425e+00,7.143160360752845994e-01,1.406695849099602880e-01,6.999999999999999556e-01,2.000000000000000111e-01,5.000000000000000278e-02,2.000000000000000042e-02,2.346635405672047536e+00,2.266825918010372476e+00,-1.549054623670939046e+00,4.553931663606788915e-01
-1.626480531279452357e+00,2.809722398735299276e+00,1.851608831754187889e-01,6.999999999999999556e-01,2.000000000000000111e-01,5.000000000000000278e-02,2.000000000000000042e-02,3.151318293090714651e+00,3.178426770937968104e+00,-2.202051431908341517e+00,1.279588458355974678e+00
1.832614227552649133e+00,2.035107131342590581e+00,8.697275369589583249e-01,6.999999999999999556e-01,2.000000000000000111e-01,5.000000000000000278e-02,2.000000000000000042e-02,-2.653178775810799639e+00,-2.610923486179019370e+00,-1.783603781100064456e+00,-1.044278559377840754e+00
1.352398382677058919e+00,1.598529742704678291e+00,4.642067806291616527e-01,6.999999999999999556e-01,2.000000000000000111e-01,5.000000000000000278e-02,2.000000000000000042e-02,-1.554163639519379858e+00,-1.538480825616622027e+00,-1.332088835183736553e+00,-6.053177308345948360e-01
-2.846603550108194991e+00,2.759692128498578256e+00,2.016355751840130939e-01,6.999999999999999556e-01,2.000000000000000111e-01,5.000000000000000278e-02,2.000000000000000042e-02,6.181068488571079378e+00,6.201532011584979465e+00,-2.981698855896868672e+00,2.199609834853114343e+00
-3.162407996797469423e-01,2.238162188115062179e+00,4.773942829654304054e-01,6.999999999999999556e-01,2.000000000000000111e-01,5.000000000000000278e-02,2.000000000000000042e-02,4.447332977039137325e-01,4.400547871622267349e-01,-1.416313033750433492e+00,1.981834960510942267e-01
-6.080932361886279836e-01,1.601424859432893699e+00,1.095738277537751104e-01,6.999999999999999556e-01,2.000000000000000111e-01,5.000000000000000278e-02,2.000000000000000042e-02,6.552371787513322499e-01,6.675958762363660703e-01,-1.114505228842106677e+00,2.726683750799307471e-01
1.432614413349148741e+00,2.318289432808018802e+00,4.798548979355515831e-01,6.999999999999999556e-01,2.000000000000000111e-01,5.000000000000000278e-02,2.000000000000000042e-02,-2.227779061043474673e+00,-2.242575128237315862e+00,-1.760282833798064495e+00,-9.299401596116213531e-01
-4.458068024938897089e-01,1.995790599254360309e+00,2.389114307163212603e-01,6.999999999999999556e-01,2.000000000000000111e-01,5.000000000000000278e-02,2.000000000000000042e-02,5.650968573136210260e-01,5.662285269437035140e-01,-1.287456772022564699e+00,2.491263671402660917e-01
-1.636515154617422585e+00,2.253303278078218064e+00,3.834132355754364951e-01,6.999999999999999556e-01,2.000000000000000111e-01,5.000000000000000278e-02,2.000000000000000042e-02,2.527993178100748306e+00,2.605616715943940065e+00,-1.812559870513599236e+00,1.032518189506753448e+00
2.049518214478926126e+00,1.004993978842469549e+00,9.310581329297146214e-01,6.999999999999999556e-01,2.000000000000000111e-01,5.000000000000000278e-02,2.000000000000000042e-02,-2.154920942200519551e+00,-2.211143652462859599e+00,-1.471480542373479361e+00,-5.767309702222011003e-01
-1.838877182770300323e+00,2.111974250166305467e+00,4.839712793477206620e-01,6.999999999999999556e-01,2.000000000000000111e-01,5.000000000000000278e-02,2.000000000000000042e-02,2.746426324945298703e+00,2.717355255906410694e+00,-1.831681326668159304e+00,1.087425152584185151e+00
8.846176171598147953e-01,4.857712830974185714e-01,7.382938496398943062e-01,6.999999999999999556e-01,2.000000000000000111e-01,5.000000000000000278e-02,2.000000000000000042e-02,-6.830696476979467580e-01,-6.866946794593488113e-01,-8.504185728159220359e-01,-1.203221137827251846e-01
-1.305596543964570255e+00,1.342545634347193095e-01,3.250465926960036667e-01,6.999999999999999556e-01,2.000000000000000111e-01,5.000000000000000278e-02,2.000000000000000042e-02,1.028486963789949638e+00,9.908864087765374418e-01,-9.582107506342610881e-01,4.907904232891566881e-02
7.128169302907876315e-01,1.502337281363291144e+00,1.924895614329533711e-01,6.999999999999999556e-01,2.000000000000000111e-01,5.000000000000000278e-02,2.000000000000000042e-02,-7.423188703647305431e-01,-7.645482756612737019e-01,-1.092198619392743542e+00,-2.998496057655807845e-01
-1.963977166166520849e+00,2.289547226673700919e+00,3.471994056704208464e-01,6.999999999999999556e-01,2.000000000000000111e-01,5.000000000000000278e-02,2.000000000000000042e-02,3.194888122074957870e+00,3.265212992697081429e+00,-2.012464656827214871e+00,1.259053172733168857e+00
2.256257894552665455e+00,6.689980509614933402e-01,2.119305674797803407e-01,6.999999999999999556e-01,2.000000000000000111e-01,5.000000000000000278e-02,2.000000000000000042e-02,-2.295050095827436909e+00,-2.269238099528969599e+00,-1.526263127916323015e+00,-4.226409974982203721e-01
-7.826679450498934543e-01,2.665423353302065035e+00,5.092638934948596763e-01,6.999999999999999556e-01,2.000000000000000111e-01,5.000000000000000278e-02,2.000000000000000042e-02,1.350302479713708204e+00,1.348125852679818770e+00,-1.786512798157217086e+00,5.841195972127384284e-01
1.083218164056899191e+00,1.400994741606097715e+00,6.733446720142555186e-01,6.999999999999999556e-01,2.000000000000000111e-01,5.000000000000000278e-02,2.000000000000000042e-02,-1.119460647225796412e+00,-1.089443087632798068e+00,-1.150794315882530894e+00,-4.249232265196595248e-01
1.499201529674760280e+00,1.994359453908244983e+00,2.650347770644926326e-01,6.999999999999999556e-01,2.000000000000000111e-01,5.000000000000000278e-02,2.000000000000000042e-02,-2.052745728248694945e+00,-2.090330202239835788e+00,-1.593986532381918231e+00,-8.371850883257567766e-01
-1.937260087041039469e-01,2.608683813443823496e+00,7.033191549858178737e-01,6.999999999999999556e-01,2.000000000000000111e-01,5.000000000000000278e-02,2.000000000000000042e-02,3.205407707466337852e-01,3.592754227572499404e-01,-1.658361838360596696e+00,1.415035728818524741e-01
2.335192423151619678e-01,2.395362004916568477e+00,5.124433839895297105e-01,6.999999999999999556e-01,2.000000000000000111e-01,5.000000000000000278e-02,2.000000000000000042e-02,-3.516829774702288081e-01,-3.519012122152245237e-01,-1.511465964323426059e+00,-1.566216737284203964e-01
-2.287020687805676467e+00,1.956297469168893022e+00,7.943780179546179321e-01,6.999999999999999556e-01,2.000000000000000111e-01,5.000000000000000278e-02,2.000000000000000042e-02,3.424395301973292671e+00,3.387414185667993127e+00,-2.020363514270398397e+00,1.252745979377520635e+00
2.460176332577619362e-01,8.344708485189958891e-01,7.614874542344189923e-01,6.999999999999999556e-01,2.000000000000000111e-01,5.000000000000000278e-02,2.000000000000000042e-02,-1.969405737856076699e-01,-1.744997161038541744e-01,-8.065665249649843771e-01,-5.748247208906712147e-02
1.904045709975559220e-01,5.323166043696235805e-01,9.418764910996798578e-01,6.999999999999999556e-01,2.000000000000000111e-01,5.000000000000000278e-02,2.000000000000000042e-02,-1.411817963963049594e-01,-1.298402109318350373e-01,-7.451086205187792411e-01,-2.837954411316468556e-02
2.370670162408575976e+00,1.713821983198853705e+00,6.863297097609372122e-01,6.999999999999999556e-01,2.000000000000000111e-01,5.000000000000000278e-02,2.000000000000000042e-02,-3.300470378611518374e+00,-3.284009534786110240e+00,-1.954217563453537032e+00,-1.137613858989835913e+00
-8.886969079762003787e-01,1.772975300987431391e+00,6.381032404869080299e-02,6.999999999999999556e-01,2.000000000000000111e-01,5.000000000000000278e-02,2.000000000000000042e-02,1.048281018873729487e+00,1.046899645530366740e+00,-1.258549127644575050e+00,4.411785470135969334e-01
-2.081662874692677967e+00,1.796328786420951618e+00,3.434123751867756980e-01,6.999999999999999556e-01,2.000000000000000111e-01,5.000000000000000278e-02,2.000000000000000042e-02,2.848584138816791622e+00,2.749908010841148887e+00,-1.801749643830507175e+00,1.047018264721589320e+00
-5.650020611848889374e-01,1.190405593254684646e+00,3.968812226074250882e-01,6.999999999999999556e-01,2.000000000000000111e-01,5.000000000000000278e-02,2.000000000000000042e-02,5.166099358811528930e-01,4.766644802854103080e-01,-9.462732660747611435e-01,1.883228518737768420e-01
1.712497324544145272e+00,5.305276076598710588e-01,8.726563945300940262e-01,6.999999999999999556e-01,2.000000000000000111e-01,5.000000000000000278e-02,2.000000000000000042e-02,-1.517335461547390185e+00,-1.515900523767943264e+00,-1.179301398934131218e+00,-2.543875904400138555e-01
-2.931064817773274100e+00,2.779313851749021680e+00,8.669031114443798147e-01,6.999999999999999556e-01,2.000000000000000111e-01,5.000000000000000278e-02,2.000000000000000042e-02,6.480581429138789318e+00,6.609355891102579150e+00,-3.070113113011599282e+00,2.280977733555214826e+00
-2.782816430324492885e+00,2.031913841562440037e+00,2.170781853281583684e-01,6.999999999999999556e-01,2.000000000000000111e-01,5.000000000000000278e-02,2.000000000000000042e-02,4.633995188369183893e+00,4.565897696666847416e+00,-2.439624433067217879e+00,1.583244102525040553e+00
2.992538433038083312e+00,2.072940148216642520e+00,8.980746596454846076e-01,6.999999999999999556e-01,2.000000000000000111e-01,5.000000000000000278e-02,2.000000000000000042e-02,-5.235013967176895378e+00,-5.220938960712508958e+00,-2.644884261113885415e+00,-1.736938857619269472e+00
3.330009520352454899e-01,7.264977919562454201e-02,4.139623407981163350e-01,6.999999999999999556e-01,2.000000000000000111e-01,5.000000000000000278e-02,2.000000000000000042e-02,-2.351930447269777735e-01,-2.651017606724223596e-01,-7.173723637668611985e-01,-6.773884778442135386e-03
1.310942303299652778e+00,1.592114420048461154e+00,6.733138559204312479e-01,6.999999999999999556e-01,2.000000000000000111e-01,5.000000000000000278e-02,2.000000000000000042e-02,-1.495528815713172976e+00,-1.538243801658005339e+00,-1.312661424100764584e+00,-5.844076405817776321e-01
-2.039279220260272751e-01,1.596960251113008766e+00,6.686985533525873215e-01,6.999999999999999556e-01,2.000000000000000111e-01,5.000000000000000278e-02,2.000000000000000042e-02,2.159838993210562164e-01,2.157126505791139848e-01,-1.063277475716167153e+00,9.118613995893878887e-02
-1.828565287812508711e+00,2.266546111114287054e-01,4.309093500996301618e-01,6.999999999999999556e-01,2.000000000000000111e-01,5.000000000000000278e-02,2.000000000000000042e-02,1.598851178100782811e+00,1.622146217820034764e+00,-1.208739775552256646e+00,1.160467711762804971e-01
1.003868322895478116e+00,6.506663186929255716e-01,5.620440955383038117e-01,6.999999999999999556e-01,2.000000000000000111e-01,5.000000000000000278e-02,2.000000000000000042e-02,-8.127909347543581520e-01,-7.973636115880587960e-01,-9.104340736163434311e-01,-1.828913257110356960e-01
-1.552593266254752136e+00,4.712652664283655257e-01,4.711854013686799236e-01,6.999999999999999556e-01,2.000000000000000111e-01,5.000000000000000278e-02,2.000000000000000042e-02,1.322219517323230731e+00,1.354588286249139628e+00,-1.092674610750791642e+00,2.048713181974009256e-01
-2.891072648382175814e-01,1.855131697705930227e+00,6.828013554232769122e-01,6.999999999999999556e-01,2.000000000000000111e-01,5.000000000000000278e-02,2.000000000000000042e-02,3.428786305383574318e-01,3.280178874594323335e-01,-1.194349357803995426e+00,1.501729742907633447e-01
-1.739826544129847052e+00,2.613898088778690454e+00,8.264175680877279273e-01,6.999999999999999556e-01,2.000000000000000111e-01,5.000000000000000278e-02,2.000000000000000042e-02,3.145423137206740716e+00,3.137607691029580259e+00,-2.110594311141745560e+00,1.273364197982083335e+00
2.448124633784614090e+00,1.892442221365782551e+00,5.425631420007036576e-01,6.999999999999999556e-01,2.000000000000000111e-01,5.000000000000000278e-02,2.000000000000000042e-02,-3.674764751728945900e+00,-3.615152423050452146e+00,-2.100384391950557816e+00,-1.297221637639101255e+00
-6.386594350485417237e-01,9.781710974529654878e-01,8.778886227483488902e-01,6.999999999999999556e-01,2.000000000000000111e-01,5.000000000000000278e-02,2.000000000000000042e-02,5.456379929126332629e-01,5.262638825857477443e-01,-8.951374985214057833e-01,1.749210961344344339e-01
1.166586532550268451e+00,2.540342372848552355e+00,5.023238042570010720e-01,6.999999999999999556e-01,2.000000000000000111e-01,5.000000000000000278e-02,2.000000000000000042e-02,-1.949965393414873294e+00,-1.960259377945712256e+00,-1.807606132669722809e+00,-8.297881760649358229e-01
-1.907323552191499516e+00,1.650088285573747093e+00,5.361507089927453062e-02,6.999999999999999556e-01,2.000000000000000111e-01,5.000000000000000278e-02,2.000000000000000042e-02,2.409111665282512416e+00,2.410791493424369492e+00,-1.626873258937939104e+00,8.812306300756281852e-01
6.539474928429442890e-01,2.464227410146467623e+00,5.961426482210151478e-01,6.999999999999999556e-01,2.000000000000000111e-01,5.000000000000000278e-02,2.000000000000000042e-02,-1.027692027090048477e+00,-1.027327816645442926e+00,-1.614285440557739371e+00,-4.512130942648403531e-01
-1.228005532310712189e+00,1.746234885358327826e+00,3.241067286957717286e-01,6.999999999999999556e-01,2.000000000000000111e-01,5.000000000000000278e-02,2.000000000000000042e-02,1.476439595772052638e+00,1.503027123522792774e+00,-1.353106716585795066e+00,6.004281079815168010e-01
-2.286753371084699893e+00,4.789771801084541369e-01,7.375966833122192812e-01,6.999999999999999556e-01,2.000000000000000111e-01,5.000000000000000278e-02,2.000000000000000042e-02,2.272074080290514608e+00,2.292690618710840678e+00,-1.516504826494136315e+00,3.066847507599822498e-01
-1.103412858029719334e+00,1.284046497230583617e+00,2.839898431983468585e-01,6.999999999999999556e-01,2.000000000000000111e-01,5.000000000000000278e-02,2.000000000000000042e-02,1.094259555974688380e+00,1.085523925899389619e+00,-1.113456547276815423e+00,3.967133562986295270e-01
-2.616780316697652875e+00,8.002283904067406528e-01,6.442598107181900513e-01,6.999999999999999556e-01,2.000000000000000111e-01,5.000000000000000278e-02,2.000000000000000042e-02,2.962268923420507072e+00,2.828786932149943922e+00,-1.816782050632255174e+00,5.863261322461210678e-01
6.157493385679302378e-01,9.413537550599285764e-01,1.924797211288644672e-01,6.999999999999999556e-01,2.000000000000000111e-01,5.000000000000000278e-02,2.000000000000000042e-02,-5.190877311361916657e-01,-5.028090004047357509e-01,-8.809326520951864525e-01,-1.622986265702447417e-01
3.326581032116813219e-01,1.673212963673997855e-01,6.484388434510547361e-01,6.999999999999999556e-01,2.000000000000000111e-01,5.000000000000000278e-02,2.000000000000000042e-02,-2.360051459062764423e-01,-2.157266716622742442e-01,-7.205187103153883887e-01,-1.558501982141966349e-02
2.122513783225235429e+00,2.313929073333139463e+00,6.016513411366311015e-01,6.999999999999999556e-01,2.000000000000000111e-01,5.000000000000000278e-02,2.000000000000000042e-02,-3.554893746316879266e+00,-3.516812375101940891e+00,-2.125357199895455906e+00,-1.375176978435451502e+00
-2.837291655071158658e+00,1.690849357078265669e+00,6.920921003561475437e-01,6.999999999999999556e-01,2.000000000000000111e-01,5.000000000000000278e-02,2.000000000000000042e-02,4.263788874557687514e+00,4.296499124569793437e+00,-2.307789607156943035e+00,1.343281175829767138e+00
-5.501899240769683175e-01,9.594224370649592215e-01,3.265381623101304420e-02,6.999999999999999556e-01,2.000000000000000111e-01,5.000000000000000278e-02,2.000000000000000042e-02,4.643626317038144768e-01,4.737619779751817140e-01,-8.742751406674862391e-01,1.478020761858227228e-01
2.907236959533597620e+00,2.142410112798101895e+00,4.506854044137839077e-01,6.999999999999999556e-01,2.000000000000000111e-01,5.000000000000000278e-02,2.000000000000000042e-02,-5.131826450949647622e+00,-5.006136003246804300e+00,-2.610392963630464358e+00,-1.743978281473451686e+00
-9.184899281593938980e-01,1.416186855867002325e+00,7.455858707899398752e-01,6.999999999999999556e-01,2.000000000000000111e-01,5.000000000000000278e-02,2.000000000000000042e-02,9.395813197592526311e-01,9.301605975319311437e-01,-1.107325491721802280e+00,3.642109417815569961e-01
-2.648751474433904463e+00,2.195153515266866640e-01,4.468855750788067738e-01,6.999999999999999556e-01,2.000000000000000111e-01,5.000000000000000278e-02,2.000000000000000042e-02,2.801161686366487213e+00,2.799237842860941239e+00,-1.759128834535191199e+00,1.628036510848126506e-01
1.799407368750299163e+00,2.410848603572317117e+00,2.922001601605894727e-01,6.999999999999999556e-01,2.000000000000000111e-01,5.000000000000000278e-02,2.000000000000000042e-02,-3.015087135428641929e+00,-3.072353159783140164e+00,-1.999386770315453976e+00,-1.214667647818630680e+00
-2.440964645686874768e+00,2.425796986416712375e+00,7.532580990468011883e-01,6.999999999999999556e-01,2.000000000000000111e-01,5.000000000000000278e-02,2.000000000000000042e-02,4.446813094827140489e+00,4.430317107713896085e+00,-2.417575002927164096e+00,1.657959710807948239e+00
1.284733160352754311e+00,1.661324872353208359e+00,6.773751065815034611e-01,6.999999999999999556e-01,2.000000000000000111e-01,5.000000000000000278e-02,2.000000000000000042e-02,-1.501759293160617403e+00,-1.525176610241862907e+00,-1.333980940406412685e+00,-5.976205630166725458e-01
1.562222599694504943e-01,1.938557484858370428e+00,4.429766932306633542e-01,6.999999999999999556e-01,2.000000000000000111e-01,5.000000000000000278e-02,2.000000000000000042e-02,-1.917379827140865411e-01,-2.073076457574048181e-01,-1.229781526270552039e+00,-8.479683278227516385e-02
2.261125569368360289e+00,1.682217272671397534e+00,8.417286651099802341e-01,6.999999999999999556e-01,2.000000000000000111e-01,5.000000000000000278e-02,2.000000000000000042e-02,-3.056621506516266962e+00,-3.174407068353391814e+00,-1.863083019414068175e+00,-1.065037256771713015e+00
8.003500338366942302e-02,8.675931838497031867e-01,6.792439353636718913e-01,6.999999999999999556e-01,2.000000000000000111e-01,5.000000000000000278e-02,2.000000000000000042e-02,-6.448426550678437730e-02,-6.584432285646087124e-02,-8.063413508377387240e-01,-1.944259055341666237e-02
1.075054173705072280e+00,1.688599907263939048e-01,9.949084219023942577e-01,6.999999999999999556e-01,2.000000000000000111e-01,5.000000000000000278e-02,2.000000000000000042e-02,-8.189536840653954819e-01,-7.985079392722918001e-01,-8.773531389656408219e-01,-5.082941858461867413e-02
-1.456881620438993608e+00,1.945233917390836842e+00,6.579438945515492243e-01,6.999999999999999556e-01,2.000000000000000111e-01,5.000000000000000278e-02,2.000000000000000042e-02,1.946213339998274616e+00,1.831999984195288755e+00,-1.548126507467420199e+00,7.935131516763509474e-01
2.898127851154077561e+00,8.458192222953965222e-01,9.658086211771036433e-01,6.999999999999999556e-01,2.000000000000000111e-01,5.000000000000000278e-02,2.000000000000000042e-02,-3.536048318420763614e+00,-3.445744301227443795e+00,-2.060029178197857469e+00,-6.863618286492156884e-01
-1.746051266972744598e+00,2.227514585073934406e+00,7.372480051656418176e-01,6.999999999999999556e-01,2.000000000000000111e-01,5.000000000000000278e-02,2.000000000000000042e-02,2.701297971113514329e+00,2.700526273172222602e+00,-1.851959225774963302e+00,1.089019305771210755e+00
2.019084526381250910e+00,9.239760381998384231e-01,4.502859141016077871e-01,6.999999999999999556e-01,2.000000000000000111e-01,5.000000000000000278e-02,2.000000000000000042e-02,-2.066245408126547556e+00,-2.093074941338649797e+00,-1.431027789384275994e+00,-5.223640020133766271e-01
1.092684884000359347e+00,1.159461720729410672e+00,8.880881522367878311e-03,6.999999999999999556e-01,2.000000000000000111e-01,5.000000000000000278e-02,2.000000000000000042e-02,-1.035763890994649827e+00,-1.029120857110832787e+00,-1.067303245815584667e+00,-3.547393628290604339e-01
-1.100295059455174140e-01,2.711420800107256834e+00,7.359686665217400892e-01,6.999999999999999556e-01,2.000000000000000111e-01,5.000000000000000278e-02,2.000000000000000042e-02,1.903353892252525603e-01,1.857996080035613229e-01,-1.731068359562391024e+00,8.353416149293627080e-02
-7.593282053386922748e-01,3.339991866394822484e-01,4.287431042080944721e-01,6.999999999999999556e-01,2.000000000000000111e-01,5.000000000000000278e-02,2.000000000000000042e-02,5.652793995414652217e-01,5.641101494464366706e-01,-8.021046624480488996e-01,7.101220083315146203e-02
-2.487917458882037636e+00,7.951326926028086106e-01,8.635128629032540193e-01,6.999999999999999556e-01,2.000000000000000111e-01,5.000000000000000278e-02,2.000000000000000042e-02,2.731732633301811042e+00,2.809079255721850465e+00,-1.716973032169919477e+00,5.539028622552353287e-01
1.759174130793510038e+00,2.077045980250794344e+00,8.841488710808570461e-01,6.999999999999999556e-01,2.000000000000000111e-01,5.000000000000000278e-02,2.000000000000000042e-02,-2.566127502886311085e+00,-2.556732971612755367e+00,-1.768180843938602864e+00,-1.023087955939236515e+00
-1.635465252221671717e+00,1.280954197808482409e+00,8.332061933757893835e-01,6.999999999999999556e-01,2.000000000000000111e-01,5.000000000000000278e-02,2.000000000000000042e-02,1.739244421899978965e+00,1.752293557679748037e+00,-1.330930100647318648e+00,5.865877024569123854e-01
2.234751441087527546e+00,2.603517376396045968e+00,5.480479952126930954e-01,6.999999999999999556e-01,2.000000000000000111e-01,5.000000000000000278e-02,2.000000000000000042e-02,-4.243051232976533527e+00,-4.264035046372906201e+00,-2.398079482603878265e+00,-1.629099978463294907e+00
2.327825867793570147e+00,3.708313472133172306e-01,6.319572802187957139e-01,6.999999999999999556e-01,2.000000000000000111e-01,5.000000000000000278e-02,2.000000000000000042e-02,-2.304991962835151398e+00,-2.312249329285350097e+00,-1.532068214945979445e+00,-2.417046247369316891e-01
-1.738425397529020255e+00,5.174850124839580623e-02,6.414283244928600247e-01,6.999999999999999556e-01,2.000000000000000111e-01,5.000000000000000278e-02,2.000000000000000042e-02,1.480236283133861130e+00,1.454126866176655319e+00,-1.153693336449493678e+00,2.518905447919657023e-02
-1.254659991520357121e+00,2.398056056034711503e+00,4.462518690053202119e-01,6.999999999999999556e-01,2.000000000000000111e-01,5.000000000000000278e-02,2.000000000000000042e-02,1.987133986815603937e+00,1.982894904929495938e+00,-1.741219952852145481e+00,8.424485974603586058e-01
1.266015160388825223e+00,4.695998919403393534e-01,4.018796200566484567e-01,6.999999999999999556e-01,2.000000000000000111e-01,5.000000000000000278e-02,2.000000000000000042e-02,-1.026754864059092442e+00,-1.042235846731472515e+00,-9.712925261416044398e-01,-1.664657631037586294e-01
1.587479952179688070e+00,8.520142548195258625e-01,9.782215441034316505e-01,6.999999999999999556e-01,2.000000000000000111e-01,5.000000000000000278e-02,2.000000000000000042e-02,-1.472601315504981967e+00,-1.439107214340889396e+00,-1.179643850444057840e+00,-3.787155535792477434e-01
-2.707844004911621916e+00,5.893816325836161996e-01,1.217536042632527682e-03,6.999999999999999556e-01,2.000000000000000111e-01,5.000000000000000278e-02,2.000000000000000042e-02,3.019930762740784758e+00,3.006912380616242775e+00,-1.848494772476141801e+00,4.468669857110393884e-01
1.954724993981471926e+00,1.304433565166217779e+00,8.677987914132685443e-01,6.999999999999999556e-01,2.000000000000000111e-01,5.000000000000000278e-02,2.000000000000000042e-02,-2.207400682369592637e+00,-2.174882088367244837e+00,-1.511359039944894622e+00,-7.139464899892541405e-01
1.898293688248119615e+00,2.719717809426033028e+00,1.310833168999473441e-01,6.999999999999999556e-01,2.000000000000000111e-01,5.000000000000000278e-02,2.000000000000000042e-02,-3.636631533557056706e+00,-3.543305278422729465e+00,-2.276088933833676720e+00,-1.445590482405843202e+00
7.383404337627119673e-01,1.456527572252079850e+00,1.122646138652433345e-01,6.999999999999999556e-01,2.000000000000000111e-01,5.000000000000000278e-02,2.000000000000000042e-02,-7.562551490721106662e-01,-7.359693660627389944e-01,-1.078778149041611734e+00,-3.011156958555061269e-01
2.346843702459995740e+00,2.172368880671418090e+00,7.701065295544182732e-01,6.999999999999999556e-01,2.000000000000000111e-01,5.000000000000000278e-02,2.000000000000000042e-02,-3.839600308058615408e+00,-3.890382492605528153e+00,-2.186837422085763816e+00,-1.427498863566660336e+00
2.855516325118597543e+00,4.681917562846830139e-01,1.488811297089931429e-02,6.999999999999999556e-01,2.000000000000000111e-01,5.000000000000000278e-02,2.000000000000000042e-02,-3.250683139794948051e+00,-3.143028353215153725e+00,-1.953784515344234141e+00,-3.743401769399207768e-01
-1.770097449050099581e+00,1.606837336101086366e+00,6.611935815517454573e-01,6.999999999999999556e-01,2.000000000000000111e-01,5.000000000000000278e-02,2.000000000000000042e-02,2.156212204929664367e+00,2.076152267278502883e+00,-1.531456418326431645e+00,7.963924275078773096e-01
2.658625369786165926e+00,6.627651500680900032e-01,2.410092838501531887e-01,6.999999999999999556e-01,2.000000000000000111e-01,5.000000000000000278e-02,2.000000000000000042e-02,-2.964129374966385289e+00,-2.880353831731615522e+00,-1.821739398710863211e+00,-4.933723878107246774e-01
2.170797813608915661e+00,6.580322150368133061e-01,8.584182448102393170e-01,6.999999999999999556e-01,2.000000000000000111e-01,5.000000000000000278e-02,2.000000000000000042e-02,-2.162633557698114384e+00,-2.269713830988391745e+00,-1.467475367579063050e+00,-3.999673702321208668e-01
5.256779408960410294e-01,9.231884342704794744e-01,5.648372381195186920e-01,6.999999999999999556e-01,2.000000000000000111e-01,5.000000000000000278e-02,2.000000000000000042e-02,-4.379610218353138795e-01,-4.556085524704108769e-01,-8.607693585556143168e-01,-1.358839426521767924e-01
-2.337211175204929159e+00,1.159492092208946223e+00,2.296399907883908131e-01,6.999999999999999556e-01,2.000000000000000111e-01,5.000000000000000278e-02,2.000000000000000042e-02,2.714312886453626117e+00,2.710756749031299595e+00,-1.707602479290732056e+00,7.587938051322979938e-01
2.769622765652855811e+00,2.153012650276843409e+00,5.837598711445747268e-01,6.999999999999999556e-01,2.000000000000000111e-01,5.000000000000000278e-02,2.000000000000000042e-02,-4.798386395563261964e+00,-4.864967840033440183e+00,-2.499586425718682392e+00,-1.669649198264693934e+00
1.459613676266945603e+00,3.053213351738406356e-01,7.328232184937322202e-01,6.999999999999999556e-01,2.000000000000000111e-01,5.000000000000000278e-02,2.000000000000000042e-02,-1.196262237484626345e+00,-1.245848602704658026e+00,-1.032621769071553341e+00,-1.247823350132300918e-01
-7.795855258079891215e-01,7.865554773982545989e-01,8.484714097296390811e-01,6.999999999999999556e-01,2.000000000000000111e-01,5.000000000000000278e-02,2.000000000000000042e-02,6.369224755672542315e-01,6.076051119314831439e-01,-8.777767714709253655e-01,1.716924343189082103e-01
-1.063935251419592110e+00,2.911672740118322000e+00,1.941912684371227549e-02,6.999999999999999556e-01,2.000000000000000111e-01,5.000000000000000278e-02,2.000000000000000042e-02,2.067753108864442968e+00,2.078263886194916310e+00,-2.056691073258729574e+00,8.673927552666206298e-01
2.705603263073443010e+00,1.082263114205147536e+00,9.248860524423812013e-01,6.999999999999999556e-01,2.000000000000000111e-01,5.000000000000000278e-02,2.000000000000000042e-02,-3.327879929353320332e+00,-3.439718797585547883e+00,-1.962024435344712714e+00,-8.198888917232926010e-01
-1.615380155338385970e+00,6.252598454497981795e-02,8.252465192368758640e-01,6.999999999999999556e-01,2.000000000000000111e-01,5.000000000000000278e-02,2.000000000000000042e-02,1.342413187833960242e+00,1.359297786238986561e+00,-1.091965286763224796e+00,2.828090569554740294e-02
1.921758319826288641e+00,2.609520453125018236e+00,2.326014767482779133e-01,6.999999999999999556e-01,2.000000000000000111e-01,5.000000000000000278e-02,2.000000000000000042e-02,-3.532194350335164934e+00,-3.451999401980641480e+00,-2.207316835312126191e+00,-1.404162939633963658e+00
-3.384288894061433517e-01,1.884680735073696045e-02,6.020060298287994716e-01,6.999999999999999556e-01,2.000000000000000111e-01,5.000000000000000278e-02,2.000000000000000042e-02,2.388551347140630554e-01,2.654815609880953331e-01,-7.172298452783256728e-01,1.785925142557205463e-03
1.180117333296820448e+00,1.135413706943701140e+00,5.241204844938485152e-01,6.999999999999999556e-01,2.000000000000000111e-01,5.000000000000000278e-02,2.000000000000000042e-02,-1.121249358675682650e+00,-1.115624236826440407e+00,-1.089384538080329090e+00,-3.751779908875762515e-01
1.929458246893965168e+00,2.137758667005851265e+00,6.059218084586337483e-01,6.999999999999999556e-01,2.000000000000000111e-01,5.000000000000000278e-02,2.000000000000000042e-02,-2.944241671187481035e+00,-2.946724768320028609e+00,-1.898223065546278843e+00,-1.154920505178576917e+00
-2.402832103936295205e+00,2.824519136294132426e+00,2.442804180421650484e-01,6.999999999999999556e-01,2.000000000000000111e-01,5.000000000000000278e-02,2.000000000000000042e-02,5.059372702409071110e+00,5.019873481138509064e+00,-2.682947487136883691e+00,1.900316672483588043e+00
-1.437756823197056555e+00,2.675584287920817594e+00,9.230987527091255584e-01,6.999999999999999556e-01,2.000000000000000111e-01,5.000000000000000278e-02,2.000000000000000042e-02,2.595988434969412229e+00,2.736731549338954572e+00,-2.012296881845078822e+00,1.077115078479158106e+00
-2.316177422335454761e+00,2.808588754390219044e+00,7.062230495648704753e-01,6.999999999999999556e-01,2.000000000000000111e-01,5.000000000000000278e-02,2.000000000000000042e-02,4.800457914192335807e+00,4.914717952270804879e+00,-2.609045588540685134e+00,1.821453161232287288e+00
-5.872062939514486324e-01,1.778937975237966373e+00,5.666659059033645196e-01,6.999999999999999556e-01,2.000000000000000111e-01,5.000000000000000278e-02,2.000000000000000042e-02,6.813280677995224854e-01,6.938755611955708114e-01,-1.194768529512554966e+00,2.924890011705144066e-01
-2.149053995491531754e+00,2.901326086567463047e+00,9.477518113674485711e-01,6.999999999999999556e-01,2.000000000000000111e-01,5.000000000000000278e-02,2.000000000000000042e-02,4.533211666196430123e+00,4.563565710609061021e+00,-2.571241989814279538e+00,1.745829797197252509e+00
2.492968384413708272e+00,6.991803111887865407e-01,3.705663858219845341e-01,6.999999999999999556e-01,2.000000000000000111e-01,5.000000000000000278e-02,2.000000000000000042e-02,-2.690371601296328574e+00,-2.632343753602286007e+00,-1.700673139910511056e+00,-4.880496350234911906e-01
1.726031623591319786e+00,9.638489434488854979e-01,5.377429047313840860e-01,6.999999999999999556e-01,2.000000000000000111e-01,5.000000000000000278e-02,2.000000000000000042e-02,-1.689819356358303493e+00,-1.753411970784756413e+00,-1.276938444855847621e+00,-4.658174518922001961e-01
4.878030590933484234e-01,1.959710818660495235e+00,6.328848044177306509e-01,6.999999999999999556e-01,2.000000000000000111e-01,5.000000000000000278e-02,2.000000000000000042e-02,-6.095406052527455598e-01,-5.925229612380341626e-01,-1.273358082657622736e+00,-2.676668210386575208e-01
-1.854872610539033628e+00,1.882214049267048273e+00,6.166891237607313725e-01,6.999999999999999556e-01,2.000000000000000111e-01,5.000000000000000278e-02,2.000000000000000042e-02,2.537483875363420349e+00,2.508997550171657487e+00,-1.712065022015339721e+00,9.775548404040200756e-01
-1.736654274380309282e+00,2.461669474405356883e+00,3.350833354245316142e-01,6.999999999999999556e-01,2.000000000000000111e-01,5.000000000000000278e-02,2.000000000000000042e-02,2.950875580308886192e+00,2.816684515123273336e+00,-2.000769534479190703e+00,1.197019268154525751e+00
5.531139545111738443e-01,3.697707852657947658e-01,5.949868048538295984e-01,6.999999999999999556e-01,2.000000000000000111e-01,5.000000000000000278e-02,2.000000000000000042e-02,-4.062284668513873043e-01,-3.844258804785468109e-01,-7.650325177103000085e-01,-5.726710676429842828e-02
2.445525816934024377e+00,1.117590476289240131e+00,4.281497167682104532e-01,6.999999999999999556e-01,2.000000000000000111e-01,5.000000000000000278e-02,2.000000000000000042e-02,-2.870780776703351744e+00,-2.913748013912361046e+00,-1.771950664370561812e+00,-7.652669815069801373e-01
2.596482003363214552e+00,1.878685762038776019e+00,7.268899508020779665e-01,6.999999999999999556e-01,2.000000000000000111e-01,5.000000000000000278e-02,2.000000000000000042e-02,-3.975760160337880933e+00,-3.941242752278102834e+00,-2.205382246016568182e+00,-1.365832655910348636e+00
2.574908550183146794e+00,2.609931963735226956e-01,3.631531507691871941e-01,6.999999999999999556e-01,2.000000000000000111e-01,5.000000000000000278e-02,2.000000000000000042e-02,-2.680593469789625427e+00,-2.719418864437125105e+00,-1.704059549068398960e+00,-1.881694116069075329e-01
-1.063852445441992645e+00,1.513673804330590400e+00,4.501768489714441657e-01,6.999999999999999556e-01,2.000000000000000111e-01,5.000000000000000278e-02,2.000000000000000042e-02,1.146150235807812390e+00,1.137192222323263557e+00,-1.190536477879265975e+00,4.508911619348031641e-01
1.186409743581445575e+00,2.632584255570228127e+00,5.892377629051925858e-01,6.999999999999999556e-01,2.000000000000000111e-01,5.000000000000000278e-02,2.000000000000000042e-02,-2.065122203826106784e+00,-1.999450508223115319e+00,-1.881405192724423747e+00,-8.745306112501349816e-01
1.122411421152902378e-01,7.410461899376963313e-02,1.854924890773148594e-01,6.999999999999999556e-01,2.000000000000000111e-01,5.000000000000000278e-02,2.000000000000000042e-02,-7.872579261824760866e-02,-7.210967560909255225e-02,-7.026585203353712394e-01,-2.328924380126157559e-03
3.328715240645783169e-01,2.505362861757231663e+00,5.461804091954621798e-01,6.999999999999999556e-01,2.000000000000000111e-01,5.000000000000000278e-02,2.000000000000000042e-02,-5.273677571546597775e-01,-5.195437325886623769e-01,-1.595378547400095215e+00,-2.335099071558184580e-01
1.062847186647312370e+00,2.156699307853297665e+00,8.787865066975575346e-01,6.999999999999999556e-01,2.000000000000000111e-01,5.000000000000000278e-02,2.000000000000000042e-02,-1.496139665585567879e+00,-1.542300760103157531e+00,-1.520635887953901033e+00,-6.418277017029032638e-01
-1.232754443949987122e+00,1.288353960645490570e+00,6.952783630687774385e-01,6.999999999999999556e-01,2.000000000000000111e-01,5.000000000000000278e-02,2.000000000000000042e-02,1.243065209344914823e+00,1.265292630282707664e+00,-1.160332357769295442e+00,4.447027397025626327e-01
-1.394076400686971251e+00,6.513467249349214061e-01,5.003508201088276985e-01,6.999999999999999556e-01,2.000000000000000111e-01,5.000000000000000278e-02,2.000000000000000042e-02,1.194120967277623180e+00,1.179032713326008786e+00,-1.050912709494533859e+00,2.542475874110261547e-01
-5.262957100714178438e-01,2.348105778859586046e+00,1.293852528401288060e-01,6.999999999999999556e-01,2.000000000000000111e-01,5.000000000000000278e-02,2.000000000000000042e-02,7.819456740858570232e-01,7.912795359308034682e-01,-1.513452180985866313e+00,3.460234394981575035e-01
-1.600989722220704570e+00,1.067445606294810556e+00,5.747379901592405416e-01,6.999999999999999556e-01,2.000000000000000111e-01,5.000000000000000278e-02,2.000000000000000042e-02,1.581265563534070884e+00,1.549684881183378771e+00,-1.243996830734182657e+00,4.785114445181392062e-01
2.162766834376181890e+00,1.884616805271722484e+00,4.120542382069329879e-01,6.999999999999999556e-01,2.000000000000000111e-01,5.000000000000000278e-02,2.000000000000000042e-02,-3.095194637227996814e+00,-3.072549042940740271e+00,-1.898883327361398754e+00,-1.141276282145909260e+00
-8.040066123103057905e-01,3.850910917390756305e-01,3.757794735122638174e-01,6.999999999999999556e-01,2.000000000000000111e-01,5.000000000000000278e-02,2.000000000000000042e-02,6.054834322125851598e-01,6.163888364533183228e-01,-8.177253157469552836e-01,8.669241954800317729e-02
-2.768924783979578308e+00,2.284393452563290960e+00,7.170131382076028181e-01,6.999999999999999556e-01,2.000000000000000111e-01,5.000000000000000278e-02,2.000000000000000042e-02,5.022637686666701740e+00,4.878432103206461257e+00,-2.580625151356417568e+00,1.771087821205688417e+00
7.983661384987197351e-01,2.752152651771848202e+00,9.748278440126967315e-01,6.999999999999999556e-01,2.000000000000000111e-01,5.000000000000000278e-02,2.000000000000000042e-02,-1.430893758738366328e+00,-1.421803352889482452e+00,-1.856016464276877720e+00,-6.152231358431484720e-01
2.916487806793066184e+00,2.761304671817065071e+00,5.183254130561991690e-01,6.999999999999999556e-01,2.000000000000000111e-01,5.000000000000000278e-02,2.000000000000000042e-02,-6.395179808247889675e+00,-6.506893554848434569e+00,-3.043357657759719004e+00,-2.254927193734655777e+00
2.945733301092925416e-01,2.942304282178197283e+00,1.858493942816256128e-01,6.999999999999999556e-01,2.000000000000000111e-01,5.000000000000000278e-02,2.000000000000000042e-02,-5.645027440263435947e-01,-5.398138757128801979e-01,-1.925017645471133632e+00,-2.426828237668976485e-01
-1.301834817973119174e+00,1.876411394333892257e-01,6.788170187328966820e-01,6.999999999999999556e-01,2.000000000000000111e-01,5.000000000000000278e-02,2.000000000000000042e-02,1.028017273962164468e+00,1.035596443944627243e+00,-9.591453716021660636e-01,6.839777520758977269e-02
2.412793051552167611e+00,2.434814716676600987e+00,4.509638012253895933e-01,6.999999999999999556e-01,2.000000000000000111e-01,5.000000000000000278e-02,2.000000000000000042e-02,-4.393801571738907619e+00,-4.388730077133275564e+00,-2.403200725079057243e+00,-1.644917128459993494e+00
7.786413053658844952e-01,7.288052670297486824e-01,8.509804910113369925e-01,6.999999999999999556e-01,2.000000000000000111e-01,5.000000000000000278e-02,2.000000000000000042e-02,-6.265540571046003260e-01,-5.664175005071112601e-01,-8.653043387783256879e-01,-1.588938076537211308e-01
7.148424602065084343e-01,3.220301648340271328e-01,7.545520063806396838e-01,6.999999999999999556e-01,2.000000000000000111e-01,5.000000000000000278e-02,2.000000000000000042e-02,-5.290323636247377115e-01,-5.124387195420586627e-01,-7.911684412259383237e-01,-6.445623388138574383e-02
-2.368291735335104065e-01,2.383823490525205813e+00,3.562600516551583940e-01,6.999999999999999556e-01,2.000000000000000111e-01,5.000000000000000278e-02,2.000000000000000042e-02,3.548578290751112085e-01,3.474966312900954479e-01,-1.503979229372653492e+00,1.580765051910386909e-01
1.627959116569396514e+00,2.685477238452254944e+00,8.231849637973074341e-01,6.999999999999999556e-01,2.000000000000000111e-01,5.000000000000000278e-02,2.000000000000000042e-02,-2.998965828679445611e+00,-2.946804822839089066e+00,-2.107187952537532549e+00,-1.224117202749827493e+00
1.022650871688572494e+00,2.034709324558156007e-01,5.339271126582396665e-01,6.999999999999999556e-01,2.000000000000000111e-01,5.000000000000000278e-02,2.000000000000000042e-02,-7.752581259335112884e-01,-7.694925564843994037e-01,-8.626682796544310472e-01,-5.826232340298340834e-02
2.773637948033504941e-01,6.227342077877567883e-01,7.069483858650142949e-01,6.999999999999999556e-01,2.000000000000000111e-01,5.000000000000000278e-02,2.000000000000000042e-02,-2.102800989074875004e-01,-1.834571383641491749e-01,-7.658313062970234508e-01,-4.836269844724370992e-02
-9.937539906512267152e-01,1.423321522886666690e+00,6.126752654268019516e-02,6.999999999999999556e-01,2.000000000000000111e-01,5.000000000000000278e-02,2.000000000000000042e-02,1.026543431999958456e+00,1.006475341197363260e+00,-1.131750231142024443e+00,3.960408041375537147e-01
1.705177280630620018e+00,2.598916741153378229e+00,2.776671158949379770e-01,6.999999999999999556e-01,2.000000000000000111e-01,5.000000000000000278e-02,2.000000000000000042e-02,-3.053960624117217026e+00,-2.935197291952178933e+00,-2.081755985599446745e+00,-1.240851858754286718e+00
2.464272386733671993e+00,1.387922194548603105e+00,8.557289338139879575e-01,6.999999999999999556e-01,2.000000000000000111e-01,5.000000000000000278e-02,2.000000000000000042e-02,-3.137801998408312532e+00,-3.168624485761430520e+00,-1.880581681939595740e+00,-9.576611349090581315e-01
-2.451948800637573811e+00,1.417141937060472090e-01,2.142772515596069738e-02,6.999999999999999556e-01,2.000000000000000111e-01,5.000000000000000278e-02,2.000000000000000042e-02,2.460320376209069071e+00,2.442474198262560847e+00,-1.604619545919891310e+00,9.729326524144170374e-02
-2.842969504663437341e+00,2.194021985613147763e+00,6.871823016864998523e-01,6.999999999999999556e-01,2.000000000000000111e-01,5.000000000000000278e-02,2.000000000000000042e-02,5.054931484095189553e+00,4.982895004152658736e+00,-2.586293886936481101e+00,1.746510527344604213e+00
-2.402930201950206346e+00,2.860801129563381728e+00,9.257249873701822729e-01,6.999999999999999556e-01,2.000000000000000111e-01,5.000000000000000278e-02,2.000000000000000042e-02,5.129028833976716051e+00,5.099655988537691975e+00,-2.711896667724225995e+00,1.924805522080312192e+00
2.238565784274960890e+00,4.778828131282075731e-01,8.427763230272374839e-01,6.999999999999999556e-01,2.000000000000000111e-01,5.000000000000000278e-02,2.000000000000000042e-02,-2.199460090903617271e+00,-2.115925757597245660e+00,-1.483648593210651789e+00,-2.995361920213237550e-01
7.044146334573149204e-01,2.472396566411014351e+00,1.524502593093292058e-01,6.999999999999999556e-01,2.000000000000000111e-01,5.000000000000000278e-02,2.000000000000000042e-02,-1.113393732089807964e+00,-1.109124096262394499e+00,-1.630214265798456630e+00,-4.876458499050708162e-01
-6.157777335826066789e-01,2.869953156133156380e+00,1.271915195764891093e-01,6.999999999999999556e-01,2.000000000000000111e-01,5.000000000000000278e-02,2.000000000000000042e-02,1.152789777765292012e+00,1.128694758237640761e+00,-1.910005689152232788e+00,4.948309099921386345e-01
2.851747128116889130e+00,1.253577000752677861e+00,3.758647958199886618e-01,6.999999999999999556e-01,2.000000000000000111e-01,5.000000000000000278e-02,2.000000000000000042e-02,-3.783204240245416017e+00,-3.793705543205159181e+00,-2.139872993962689929e+00,-1.000967691295552964e+00
2.666471788080921002e+00,2.500708020855462621e+00,6.013975260335868711e-02,6.999999999999999556e-01,2.000000000000000111e-01,5.000000000000000278e-02,2.000000000000000042e-02,-5.148955088556265380e+00,-5.122573237056879059e+00,-2.642006454274637761e+00,-1.867058868594854593e+00
-4.556069810142915344e-01,1.903693085006426422e+00,6.142715297863007295e-01,6.999999999999999556e-01,2.000000000000000111e-01,5.000000000000000278e-02,2.000000000000000042e-02,5.548133585181405092e-01,5.739565132235220357e-01,-1.238503288838523453e+00,2.428540405865170226e-01
-7.823740114636210663e-01,2.937368446086449314e+00,6.583881139192850895e-01,6.999999999999999556e-01,2.000000000000000111e-01,5.000000000000000278e-02,2.000000000000000042e-02,1.516666546620385470e+00,1.507401574903134645e+00,-1.999755038401056728e+00,6.434738056071690471e-01
1.970277548503029941e-01,2.016171621596498653e+00,6.819997567261877336e-01,6.999999999999999556e-01,2.000000000000000111e-01,5.000000000000000278e-02,2.000000000000000042e-02,-2.504289197751789486e-01,-2.463670244801739739e-01,-1.274915711509550409e+00,-1.112276950388947638e-01
5.559140520736720603e-01,8.716489603640455996e-01,8.254571635413571196e-01,6.999999999999999556e-01,2.000000000000000111e-01,5.000000000000000278e-02,2.000000000000000042e-02,-4.568613357955471632e-01,-3.985720826865434274e-01,-8.527241324084663399e-01,-1.356773335516984202e-01
2.051813057615862412e+00,2.121077754649613123e+00,3.198458359508856708e-01,6.999999999999999556e-01,2.000000000000000111e-01,5.000000000000000278e-02,2.000000000000000042e-02,-3.160515904143858634e+00,-3.168034717105218778e+00,-1.961346441288165598e+00,-1.218575409298410905e+00
2.270356290018650469e+00,1.000529904552402760e+00,1.489283543729169601e-02,6.999999999999999556e-01,2.000000000000000111e-01,5.000000000000000278e-02,2.000000000000000042e-02,-2.492565815316740707e+00,-2.486215058423718816e+00,-1.613326065130597176e+00,-6.360366214026460518e-01
-1.290865095117434080e+00,1.060155060471462463e+00,1.790376365742027964e-01,6.999999999999999556e-01,2.000000000000000111e-01,5.000000000000000278e-02,2.000000000000000042e-02,1.214273757539452214e+00,1.185939347152521917e+00,-1.107299929382936421e+00,3.831848056329225094e-01
2.125458346510516350e+00,1.159128742078230356e-02,8.217076178306628176e-01,6.999999999999999556e-01,2.000000000000000111e-01,5.000000000000000278e-02,2.000000000000000042e-02,-1.967956504029804599e+00,-1.930402068777434366e+00,-1.377654787524852820e+00,-6.898303606685148026e-03
-2.535556541366693839e+00,2.411507119882714267e-01,1.481341273944731807e-01,6.999999999999999556e-01,2.000000000000000111e-01,5.000000000000000278e-02,2.000000000000000042e-02,2.610593451614045435e+00,2.587365165501539721e+00,-1.672498559395057649e+00,1.712063542663871951e-01
-1.750343228225694103e+00,5.561390811026757364e-01,1.062399420020552210e-01,6.999999999999999556e-01,2.000000000000000111e-01,5.000000000000000278e-02,2.000000000000000042e-02,1.569157789165609218e+00,1.626803814272203441e+00,-1.202855907343493680e+00,2.725615968767239883e-01
-4.818660593527877012e-01,2.005615100770413495e+00,6.871788285878644986e-01,6.999999999999999556e-01,2.000000000000000111e-01,5.000000000000000278e-02,2.000000000000000042e-02,6.142629106766021030e-01,6.384210144841196977e-01,-1.297978105414791639e+00,2.706025966522713211e-01
-2.544891747529910653e+00,1.555025895342803999e+00,6.092211789176762426e-01,6.999999999999999556e-01,2.000000000000000111e-01,5.000000000000000278e-02,2.000000000000000042e-02,3.467054840862606735e+00,3.523339027545786095e+00,-2.010005875923012830e+00,1.108064319110899421e+00
-9.191790769868868338e-01,1.191893563051365845e+00,9.166810535860789866e-01,6.999999999999999556e-01,2.000000000000000111e-01,5.000000000000000278e-02,2.000000000000000042e-02,8.650669550601203239e-01,8.554096198266670781e-01,-1.025618963525628979e+00,3.067578150426065187e-01
-2.836690769995756423e+00,1.831487965324155809e+00,8.114728425019090974e-01,6.999999999999999556e-01,2.000000000000000111e-01,5.000000000000000278e-02,2.000000000000000042e-02,4.459134551389971612e+00,4.430556200716946336e+00,-2.376630922084677966e+00,1.454702201846135079e+00
1.833883830346987764e+00,9.547847426426182560e-01,8.773991846294340036e-01,6.999999999999999556e-01,2.000000000000000111e-01,5.000000000000000278e-02,2.000000000000000042e-02,-1.826149318615559958e+00,-1.839417645625057496e+00,-1.332095432150859349e+00,-4.902700042784061685e-01
1.057372161926743104e+00,9.858297406268176077e-01,9.020007475101000649e-01,6.999999999999999556e-01,2.000000000000000111e-01,5.000000000000000278e-02,2.000000000000000042e-02,-9.431360349724278169e-01,-9.411588002459069235e-01,-1.003765822173252609e+00,-2.918688987587123584e-01
-1.439793254626870578e+00,1.829870830775078838e+00,1.251214057233085430e-02,6.999999999999999556e-01,2.000000000000000111e-01,5.000000000000000278e-02,2.000000000000000042e-02,1.832036198408168115e+00,1.819922722509566215e+00,-1.479730508435362468e+00,7.376979901167592946e-01
1.393400712812598030e-01,2.245039237287315359e+00,9.499870218474182337e-01,6.999999999999999556e-01,2.000000000000000111e-01,5.000000000000000278e-02,2.000000000000000042e-02,-1.959955976154246216e-01,-2.063463505452775015e-01,-1.408540513094045377e+00,-8.759069965879509589e-02
-6.613166721385113078e-01,2.216881322301752277e+00,2.634880982461970111e-01,6.999999999999999556e-01,2.000000000000000111e-01,5.000000000000000278e-02,2.000000000000000042e-02,9.323941975632069612e-01,9.346489713029610957e-01,-1.453639752731104240e+00,4.104969620053727786e-01
1.917564552770162578e+00,1.659096064154454320e+00,9.338323120104874420e-02,6.999999999999999556e-01,2.000000000000000111e-01,5.000000000000000278e-02,2.000000000000000042e-02,-2.433804868784620989e+00,-2.434301086691818217e+00,-1.636922037119087125e+00,-8.907986646336604197e-01
-1.236429521957270516e+00,2.936690734728558461e+00,9.026728117986941857e-01,6.999999999999999556e-01,2.000000000000000111e-01,5.000000000000000278e-02,2.000000000000000042e-02,2.452852679681718939e+00,2.435254703354384542e+00,-2.136695040416801028e+00,1.016683113957497442e+00
-1.582085320105997894e+00,2.971403266244448282e+00,2.976169190949660148e-01,6.999999999999999556e-01,2.000000000000000111e-01,5.000000000000000278e-02,2.000000000000000042e-02,3.261062180559930468e+00,3.320744960516268218e+00,-2.311542325904979212e+00,1.316283776539299621e+00
1.658750003148401930e+00,2.789370043004562483e+00,1.442018376385518774e-01,6.999999999999999556e-01,2.000000000000000111e-01,5.000000000000000278e-02,2.000000000000000042e-02,-3.196169927516121945e+00,-3.129321323898033747e+00,-2.201999669095301648e+00,-1.295522918932445311e+00
1.537680524981420049e+00,8.872906060533286565e-01,5.662750086344767730e-01,6.999999999999999556e-01,2.000000000000000111e-01,5.000000000000000278e-02,2.000000000000000042e-02,-1.427648591394354183e+00,-1.442938157609427785e+00,-1.164889056278738177e+00,-3.820234557796061137e-01
1.221723729936659453e+00,2.226882459896338595e+00,8.266763764943219073e-01,6.999999999999999556e-01,2.000000000000000111e-01,5.000000000000000278e-02,2.000000000000000042e-02,-1.794579250691077599e+00,-1.718017142982515955e+00,-1.618152099470707039e+00,-7.617778406098217880e-01
-2.616604087821394309e+00,3.243749116454970327e-01,3.244962610922215163e-01,6.999999999999999556e-01,2.000000000000000111e-01,5.000000000000000278e-02,2.000000000000000042e-02,2.765911492434290242e+00,2.787552962185343208e+00,-1.741723214523247965e+00,2.376530015435270871e-01
-2.752137631228837478e+00,2.974900821584354649e+00,8.564413186531519839e-01,6.999999999999999556e-01,2.000000000000000111e-01,5.000000000000000278e-02,2.000000000000000042e-02,6.378678824046874141e+00,6.535157171491550621e+00,-3.075144116940738748e+00,2.292454220071648230e+00
2.580169379271961994e+00,1.712021050598282912e+00,9.684348109221159184e-01,6.999999999999999556e-01,2.000000000000000111e-01,5.000000000000000278e-02,2.000000000000000042e-02,-3.723715805755205110e+00,-3.584347683398712014e+00,-2.108933354736730159e+00,-1.236845201598357091e+00
2.834647451321544054e+00,2.098259241280994170e-01,5.342735953653426906e-01,6.999999999999999556e-01,2.000000000000000111e-01,5.000000000000000278e-02,2.000000000000000042e-02,-3.140576996468489313e+00,-3.227640774042051408e+00,-1.911447694573628286e+00,-1.665391058942532754e-01
-1.771566109187973970e+00,3.817045937567868918e-01,2.308211924340052290e-01,6.999999999999999556e-01,2.000000000000000111e-01,5.000000000000000278e-02,2.000000000000000042e-02,1.554230555230524002e+00,1.570200969465418872e+00,-1.191164747448817174e+00,1.893401781658483884e-01
-5.041290695631328589e-02,1.940189331608403567e+00,2.985618640253864253e-01,6.999999999999999556e-01,2.000000000000000111e-01,5.000000000000000278e-02,2.000000000000000042e-02,6.186338828351673619e-02,8.029718618244259531e-02,-1.227388069126356562e+00,2.738696359056171092e-02
-2.198908555626224448e-01,2.044139617393124997e+00,1.686018342304727025e-01,6.999999999999999556e-01,2.000000000000000111e-01,5.000000000000000278e-02,2.000000000000000042e-02,2.830893670725173061e-01,3.071709737968844056e-01,-1.292243746809464966e+00,1.258565306202472367e-01
-1.297692054329749212e+00,1.111957935166738132e+00,4.415377335733827735e-01,6.999999999999999556e-01,2.000000000000000111e-01,5.000000000000000278e-02,2.000000000000000042e-02,1.242284881237304184e+00,1.262126132472949580e+00,-1.125703763121823187e+00,4.040341136201412997e-01
-2.528207463728568527e+00,1.338571696924315102e+00,3.971378988653733177e-01,6.999999999999999556e-01,2.000000000000000111e-01,5.000000000000000278e-02,2.000000000000000042e-02,3.211935979403357067e+00,3.277096067876166696e+00,-1.909623333240884069e+00,9.475723473719631640e-01
-1.481767464989975247e+00,2.430026779424731664e+00,2.912161446243232144e-01,6.999999999999999556e-01,2.000000000000000111e-01,5.000000000000000278e-02,2.000000000000000042e-02,2.424891655161599768e+00,2.353560363369342046e+00,-1.856049443866409021e+00,1.008205693825662497e+00
2.765413102543551105e+00,2.348420170444995403e+00,4.040542240409369379e-01,6.999999999999999556e-01,2.000000000000000111e-01,5.000000000000000278e-02,2.000000000000000042e-02,-5.128420720691429402e+00,-5.223491678104011271e+00,-2.619237265731338749e+00,-1.818418534695321886e+00
-3.434731182807517769e-01,2.268564097226748899e+00,2.620051861835782647e-01,6.999999999999999556e-01,2.000000000000000111e-01,5.000000000000000278e-02,2.000000000000000042e-02,4.899274173554257206e-01,5.016160308639293630e-01,-1.438189696298895814e+00,2.181734196583843821e-01
-1.763682775464058716e+00,1.134136338602426353e+00,8.581209870550865482e-01,6.999999999999999556e-01,2.000000000000000111e-01,5.000000000000000278e-02,2.000000000000000042e-02,1.826480428139111156e+00,1.753495555570758757e+00,-1.346663672705683101e+00,5.600718831178723711e-01
-2.546202859737686008e+00,1.047679318661422831e+00,9.159384855367947997e-01,6.999999999999999556e-01,2.000000000000000111e-01,5.000000000000000278e-02,2.000000000000000042e-02,2.998983735483141899e+00,2.967492739958552228e+00,-1.826140824105576321e+00,7.469291416338486034e-01
8.753062057230303061e-01,1.975747022611238357e+00,4.348573142192915242e-01,6.999999999999999556e-01,2.000000000000000111e-01,5.000000000000000278e-02,2.000000000000000042e-02,-1.124601053939925155e+00,-1.128365104016757936e+00,-1.361424824696591651e+00,-4.842274163525167596e-01
2.042762450315831479e+00,2.863890611080848192e-01,1.161941178439825917e-01,6.999999999999999556e-01,2.000000000000000111e-01,5.000000000000000278e-02,2.000000000000000042e-02,-1.879599942644576194e+00,-1.865020666718187448e+00,-1.337414381468182700e+00,-1.638069496595844776e-01
-1.488288258268663400e+00,2.028702518268531207e+00,2.931241534521409342e-01,6.999999999999999556e-01,2.000000000000000111e-01,5.000000000000000278e-02,2.000000000000000042e-02,2.064164796540926439e+00,2.101704854734866235e+00,-1.608439038023127043e+00,8.454023584885544951e-01
1.526751826534512801e+00,2.064107451408994542e+00,6.842781485340163616e-01,6.999999999999999556e-01,2.000000000000000111e-01,5.000000000000000278e-02,2.000000000000000042e-02,-2.157337120919085027e+00,-2.146293212119537497e+00,-1.646121210908669585e+00,-8.823863500486104350e-01
-2.870480544454983907e+00,2.301256599826208227e+00,9.795670171846213581e-01,6.999999999999999556e-01,2.000000000000000111e-01,5.000000000000000278e-02,2.000000000000000042e-02,5.320126823026207319e+00,5.234594904036031338e+00,-2.677358254768302359e+00,1.849599443327932358e+00
-2.224369790457068952e+00,7.381320419446179004e-01,7.562339172894638750e-01,6.999999999999999556e-01,2.000000000000000111e-01,5.000000000000000278e-02,2.000000000000000042e-02,2.277017277551860008e+00,2.234617198763131807e+00,-1.518450592293050239e+00,4.597260123315994318e-01
8.323625223487498559e-01,1.027215487339006916e+00,6.575620265625292671e-02,6.999999999999999556e-01,2.000000000000000111e-01,5.000000000000000278e-02,2.000000000000000042e-02,-7.344478903689855009e-01,-7.259765599106565714e-01,-9.516481373316918457e-01,-2.394043887304148910e-01
-2.434553362934869014e+00,7.271041648240078592e-01,3.482164276862560470e-01,6.999999999999999556e-01,2.000000000000000111e-01,5.000000000000000278e-02,2.000000000000000042e-02,2.605867451984335670e+00,2.636887484962386008e+00,-1.663072776857240420e+00,4.956486891093464520e-01
-2.100467589239030097e-01,1.320864700704105443e+00,6.709878418297698932e-02,6.999999999999999556e-01,2.000000000000000111e-01,5.000000000000000278e-02,2.000000000000000042e-02,1.988012083519334616e-01,2.066089776505360409e-01,-9.508736441994258826e-01,7.768413782076877272e-02
-9.258650658194156335e-02,1.911201451571357124e+00,5.616700852279029599e-01,6.999999999999999556e-01,2.000000000000000111e-01,5.000000000000000278e-02,2.000000000000000042e-02,1.121968241479127243e-01,1.153335613761172634e-01,-1.212662577568541789e+00,4.954641041709175603e-02
-2.831973106554563024e+00,1.366013154298649779e+00,3.952327981085227426e-01,6.999999999999999556e-01,2.000000000000000111e-01,5.000000000000000278e-02,2.000000000000000042e-02,3.857833997429636508e+00,3.867608298073802686e+00,-2.164249622717617783e+00,1.083183504528592467e+00
1.934405958956556759e+00,2.639391525400804905e+00,4.467606623381225051e-01,6.999999999999999556e-01,2.000000000000000111e-01,5.000000000000000278e-02,2.000000000000000042e-02,-3.602619451549221363e+00,-3.700603941458098678e+00,-2.236583229517057791e+00,-1.429583314531330807e+00
1.430680343173556857e+00,1.756066248733803237e+00,2.852170599116707894e-01,6.999999999999999556e-01,2.000000000000000111e-01,5.000000000000000278e-02,2.000000000000000042e-02,-1.765559585242782115e+00,-1.765875346650544353e+00,-1.438754550443362756e+00,-7.034634497447138646e-01
1.744243286402559434e+00,2.385102526819400381e+00,8.962076228841464598e-02,6.999999999999999556e-01,2.000000000000000111e-01,5.000000000000000278e-02,2.000000000000000042e-02,-2.875453433697654493e+00,-2.831137110462492501e+00,-1.952777665205700508e+00,-1.164855739540225255e+00
9.145370322119235063e-01,2.885187972948294988e+00,7.828450001405443670e-01,6.999999999999999556e-01,2.000000000000000111e-01,5.000000000000000278e-02,2.000000000000000042e-02,-1.744225375056895233e+00,-1.782523643491555898e+00,-1.990860046987417364e+00,-7.388111489230272388e-01
-1.310057228793923390e+00,2.388335956057021647e+00,3.440692172456298881e-01,6.999999999999999556e-01,2.000000000000000111e-01,5.000000000000000278e-02,2.000000000000000042e-02,2.075645904557530841e+00,2.094001614083798479e+00,-1.756018300866555082e+00,8.760798995258651800e-01
1.169004481929443173e+00,6.489819216445904537e-01,7.015549044330160466e-02,6.999999999999999556e-01,2.000000000000000111e-01,5.000000000000000278e-02,2.000000000000000042e-02,-9.671097261211044627e-01,-9.529861145056136573e-01,-9.639505766626795813e-01,-2.124255770262384879e-01
4.298259866162865706e-01,1.024064676270007634e+00,2.021675473472571705e-01,6.999999999999999556e-01,2.000000000000000111e-01,5.000000000000000278e-02,2.000000000000000042e-02,-3.679554171832184473e-01,-3.213887870230729416e-01,-8.745317413813589180e-01,-1.232474907542603498e-01
7.413038690215199011e-01,1.427074819150637719e-01,4.959137910923672177e-02,6.999999999999999556e-01,2.000000000000000111e-01,5.000000000000000278e-02,2.000000000000000042e-02,-5.413947725450801718e-01,-5.422939995694299187e-01,-7.852808734891765230e-01,-2.962109037494749589e-02
1.513092106239208867e+00,1.210236860688422844e+00,8.743695041378138910e-01,6.999999999999999556e-01,2.000000000000000111e-01,5.000000000000000278e-02,2.000000000000000042e-02,-1.542637714646138969e+00,-1.549657626316154335e+00,-1.248471414550166525e+00,-5.127359553644645906e-01
-1.263841249498293129e+00,1.332429539103331839e+00,1.721579434910927020e-01,6.999999999999999556e-01,2.000000000000000111e-01,5.000000000000000278e-02,2.000000000000000042e-02,1.299754969313950070e+00,1.269164120217716629e+00,-1.188145792324527550e+00,4.715142357992610500e-01
2.483679663023109718e+00,9.715952467088951883e-01,9.387156961537860278e-01,6.999999999999999556e-01,2.000000000000000111e-01,5.000000000000000278e-02,2.000000000000000042e-02,-2.832867286956375796e+00,-2.893050517173313629e+00,-1.757459325557013008e+00,-6.756767793834250746e-01
-2.272745483777325326e-01,1.130505698708611284e+00,9.714461836602762412e-01,6.999999999999999556e-01,2.000000000000000111e-01,5.000000000000000278e-02,2.000000000000000042e-02,2.003444973405841267e-01,1.686507359636069681e-01,-8.866740969248156912e-01,7.194184819148671806e-02
-1.103517333453949201e+00,6.104829534464483176e-01,1.222578611687334948e-01,6.999999999999999556e-01,2.000000000000000111e-01,5.000000000000000278e-02,2.000000000000000042e-02,8.972302683714129534e-01,8.621763856158355388e-01,-9.348390968878149687e-01,1.886299858537684726e-01
1.670382050834655630e-01,2.464510976315014368e+00,7.896069979204937139e-01,6.999999999999999556e-01,2.000000000000000111e-01,5.000000000000000278e-02,2.000000000000000042e-02,-2.591980432106070209e-01,-2.449595453461459182e-01,-1.554519273626431719e+00,-1.152668971698045941e-01
2.839075950743563226e+00,1.181770391308795798e+00,2.151779743521448074e-01,6.999999999999999556e-01,2.000000000000000111e-01,5.000000000000000278e-02,2.000000000000000042e-02,-3.686650814184797564e+00,-3.685923942428865452e+00,-2.104574214201950344e+00,-9.394380512343714074e-01
1.228453526905451731e+00,5.878765556613108068e-02,7.124740050027048577e-01,6.999999999999999556e-01,2.000000000000000111e-01,5.000000000000000278e-02,2.000000000000000042e-02,-9.532046839910367497e-01,-9.467820461607905358e-01,-9.268485485475411734e-01,-2.022101278924065548e-02
-2.427989044778644967e+00,1.334558351296672996e+00,9.664287770865077620e-01,6.999999999999999556e-01,2.000000000000000111e-01,5.000000000000000278e-02,2.000000000000000042e-02,3.020668403832375226e+00,2.926659999011553381e+00,-1.833616059256964803e+00,9.072820558385281675e-01
-1.344190420798343943e+00,1.100437337597125476e+00,4.633731633392864646e-01,6.999999999999999556e-01,2.000000000000000111e-01,5.000000000000000278e-02,2.000000000000000042e-02,1.290257631359986057e+00,1.238987946470250678e+00,-1.140561909861803169e+00,4.141752518083289814e-01
1.041029993330850445e+00,5.414136718157618322e-01,2.149624923194856096e-01,6.999999999999999556e-01,2.000000000000000111e-01,5.000000000000000278e-02,2.000000000000000042e-02,-8.278532839391949949e-01,-8.625868989886331661e-01,-9.035995440162282177e-01,-1.578158039246862487e-01
2.746040021564094324e+00,2.102519459857756345e+00,6.597589618946640977e-01,6.999999999999999556e-01,2.000000000000000111e-01,5.000000000000000278e-02,2.000000000000000042e-02,-4.657061779801886736e+00,-4.506230521317823090e+00,-2.449992701076037172e+00,-1.616608723208281750e+00
2.329077205405214457e-01,1.244966839186160579e+00,6.085740550556837380e-01,6.999999999999999556e-01,2.000000000000000111e-01,5.000000000000000278e-02,2.000000000000000042e-02,-2.142062182516036029e-01,-1.915262493575266844e-01,-9.251288412373522840e-01,-8.118946882574823443e-02
2.440920466034324221e-01,2.342345491446624184e+00,2.436683169811746374e-01,6.999999999999999556e-01,2.000000000000000111e-01,5.000000000000000278e-02,2.000000000000000042e-02,-3.590839519523733592e-01,-3.852751323170331421e-01,-1.477058675264303789e+00,-1.600894133606681480e-01
-2.995386874770116226e+00,1.841509652980359402e+00,5.388241424327778750e-01,6.999999999999999556e-01,2.000000000000000111e-01,5.000000000000000278e-02,2.000000000000000042e-02,4.862648804648366685e+00,4.874208985846820497e+00,-2.520613471714541198e+00,1.544489476403955175e+00
-2.081276446433084182e+00,2.867623035305609136e+00,5.080404041746737764e-01,6.999999999999999556e-01,2.000000000000000111e-01,5.000000000000000278e-02,2.000000000000000042e-02,4.303751358396372240e+00,4.319823870334232652e+00,-2.501013409137718746e+00,1.671128558576543410e+00
1.835074947872641360e+00,1.011441762954639501e+00,4.106735492205850768e-01,6.999999999999999556e-01,2.000000000000000111e-01,5.000000000000000278e-02,2.000000000000000042e-02,-1.856356357542554569e+00,-1.891725798883463039e+00,-1.348347031225297199e+00,-5.197000033204552949e-01
-1.548064186581246116e+00,1.153721873621285088e-01,3.728722140432593202e-01,6.999999999999999556e-01,2.000000000000000111e-01,5.000000000000000278e-02,2.000000000000000042e-02,1.272026756282853999e+00,1.256323350692800433e+00,-1.061338912692659342e+00,5.000899438719871859e-02
2.187192874356678196e-01,5.502772017380357372e-01,9.222225119343390176e-01,6.999999999999999556e-01,2.000000000000000111e-01,5.000000000000000278e-02,2.000000000000000042e-02,-1.628987583524108829e-01,-1.436426365436767605e-01,-7.495684188298248340e-01,-3.369974648774619330e-02
1.096998089850079516e+00,2.269996036404408279e+00,6.603580143562557403e-01,6.999999999999999556e-01,2.000000000000000111e-01,5.000000000000000278e-02,2.000000000000000042e-02,-1.625283542125816494e+00,-1.601634487690445363e+00,-1.601914202111049512e+00,-6.972507684528084226e-01
5.731817158977747795e-01,5.842097720346520751e-01,4.106585902007584554e-01,6.999999999999999556e-01,2.000000000000000111e-01,5.000000000000000278e-02,2.000000000000000042e-02,-4.380306328346208478e-01,-4.197714520398060367e-01,-7.970627399996368379e-01,-9.376034068213950912e-02
1.597298194600002219e+00,1.779510764667613820e+00,5.633213898032114475e-01,6.999999999999999556e-01,2.000000000000000111e-01,5.000000000000000278e-02,2.000000000000000042e-02,-2.030006714363847387e+00,-2.015974094471010059e+00,-1.526036426990372341e+00,-7.958746128689575539e-01
8.658795800058038949e-01,3.405823069252601476e-01,6.267125179472406993e-01,6.999999999999999556e-01,2.000000000000000111e-01,5.000000000000000278e-02,2.000000000000000042e-02,-6.526366930311415793e-01,-6.497976136917311685e-01,-8.287016001513286545e-01,-8.257291416579856658e-02
-1.141764123057432689e+00,2.566117893792674742e+00,8.692961280322344386e-01,6.999999999999999556e-01,2.000000000000000111e-01,5.000000000000000278e-02,2.000000000000000042e-02,1.926242634920331431e+00,1.946329246733553342e+00,-1.817438343183179761e+00,8.203723770670900972e-01
5.133882192077692252e-01,1.155786463515411366e+00,4.502237670517871271e-01,6.999999999999999556e-01,2.000000000000000111e-01,5.000000000000000278e-02,2.000000000000000042e-02,-4.621501764599245110e-01,-4.646990682111681314e-01,-9.265530484375632536e-01,-1.661428032008142597e-01
1.176924892387145150e+00,8.755306548059025307e-01,8.143432434848520973e-01,6.999999999999999556e-01,2.000000000000000111e-01,5.000000000000000278e-02,2.000000000000000042e-02,-1.031663125813057524e+00,-9.965384773198789903e-01,-1.015090380198753417e+00,-2.885214700729433757e-01
-2.583952047987232881e+00,2.668343120819869796e+00,1.584107959912629537e-01,6.999999999999999556e-01,2.000000000000000111e-01,5.000000000000000278e-02,2.000000000000000042e-02,5.247097344577463574e+00,5.273517421259161786e+00,-2.698328929404353538e+00,1.930563788097040989e+00
2.794817522350022898e+00,2.110855158946757015e+00,7.295681349914129310e-01,6.999999999999999556e-01,2.000000000000000111e-01,5.000000000000000278e-02,2.000000000000000042e-02,-4.791294244077556996e+00,-4.737303768688727601e+00,-2.495450077772507491e+00,-1.651847395902855009e+00
7.162289659279759135e-01,1.807400279430810830e+00,7.021176083234185183e-01,6.999999999999999556e-01,2.000000000000000111e-01,5.000000000000000278e-02,2.000000000000000042e-02,-8.472892723716427543e-01,-8.483705287545530993e-01,-1.234284997557258956e+00,-3.624634812833059661e-01
2.852888000946548708e+00,2.716165030857114360e+00,1.227032223666391086e-02,6.999999999999999556e-01,2.000000000000000111e-01,5.000000000000000278e-02,2.000000000000000042e-02,-6.104626416064950156e+00,-6.181588452442523085e+00,-2.953702838370863670e+00,-2.169696095034404415e+00
2.175764073614486982e+00,2.422061053896712668e+00,6.439968900827918175e-01,6.999999999999999556e-01,2.000000000000000111e-01,5.000000000000000278e-02,2.000000000000000042e-02,-3.824972854578941650e+00,-3.826319306095898209e+00,-2.231385560437181503e+00,-1.475553359047406365e+00
-2.812105666363696965e+00,2.471449076536258449e-02,7.364130802571422496e-02,6.999999999999999556e-01,2.000000000000000111e-01,5.000000000000000278e-02,2.000000000000000042e-02,3.080612339770339769e+00,3.062579688349049700e+00,-1.886276254666752639e+00,1.945993266631942595e-02
-2.504628014194096863e+00,2.729733370675915261e+00,9.091940109724587771e-01,6.999999999999999556e-01,2.000000000000000111e-01,5.000000000000000278e-02,2.000000000000000042e-02,5.151669860967913017e+00,5.073384383689809596e+00,-2.684176421920317246e+00,1.914350668013105050e+00
2.134902704943961282e+00,5.947242777723888985e-01,5.550201919879785839e-01,6.999999999999999556e-01,2.000000000000000111e-01,5.000000000000000278e-02,2.000000000000000042e-02,-2.086671096821868243e+00,-2.051726244672273047e+00,-1.433189009256620849e+00,-3.555099714073927109e-01
-1.525713368198624575e+00,2.182735909050807610e+00,1.502100966046002739e-01,6.999999999999999556e-01,2.000000000000000111e-01,5.000000000000000278e-02,2.000000000000000042e-02,2.263238802458606536e+00,2.354199208551095435e+00,-1.716177239097378626e+00,9.324642195920783694e-01
2.470492023295970618e+00,9.024888840235372189e-01,7.321610255554599211e-01,6.999999999999999556e-01,2.000000000000000111e-01,5.000000000000000278e-02,2.000000000000000042e-02,-2.764961351254985988e+00,-2.747328448138495638e+00,-1.729527691585399873e+00,-6.242856449461606783e-01
2.876963705927362724e+00,8.890385763101932293e-01,2.728598162035629215e-01,6.999999999999999556e-01,2.000000000000000111e-01,5.000000000000000278e-02,2.000000000000000042e-02,-3.522843642783162199e+00,-3.527626260042815876e+00,-2.052192567406967427e+00,-7.161648808198527449e-01
1.613677220102844423e+00,1.269359964286346898e+00,6.904335648257875491e-02,6.999999999999999556e-01,2.000000000000000111e-01,5.000000000000000278e-02,2.000000000000000042e-02,-1.703681953740582511e+00,-1.726655262043718331e+00,-1.316171586252451453e+00,-5.735344323742426198e-01
7.476250688222942919e-01,2.108068932112372451e-02,5.617377649838406484e-01,6.999999999999999556e-01,2.000000000000000111e-01,5.000000000000000278e-02,2.000000000000000042e-02,-5.442780609875843556e-01,-5.725940843556058812e-01,-7.839037018944464696e-01,-4.412926505267427899e-03
-3.656430520780569182e-01,2.533171126418657160e+00,7.998401492723378192e-01,6.999999999999999556e-01,2.000000000000000111e-01,5.000000000000000278e-02,2.000000000000000042e-02,5.868785164479493055e-01,5.996893843553400272e-01,-1.618428060030906890e+00,2.593461981879235934e-01
2.452454439692462351e+00,7.996559987259028723e-01,7.143491355329406600e-01,6.999999999999999556e-01,2.000000000000000111e-01,5.000000000000000278e-02,2.000000000000000042e-02,-2.673787469980331899e+00,-2.641428721684086156e+00,-1.691702877096855406e+00,-5.491135732045741014e-01
7.730941933041539649e-01,1.908165620804109563e+00,8.030356002934816440e-01,6.999999999999999556e-01,2.000000000000000111e-01,5.000000000000000278e-02,2.000000000000000042e-02,-9.583563030988606624e-01,-9.733324979970104929e-01,-1.299404639856712729e+00,-4.130536931657564637e-01
-2.438416983580511399e+00,4.333722785705053093e-01,7.104592927344379749e-01,6.999999999999999556e-01,2.000000000000000111e-01,5.000000000000000278e-02,2.000000000000000042e-02,2.495933104550025039e+00,2.501904304130046164e+00,-1.618175222328757101e+00,2.958878507982052875e-01
1.357342394732023116e+00,2.920032609704121818e-01,3.852727706247702777e-01,6.999999999999999556e-01,2.000000000000000111e-01,5.000000000000000278e-02,2.000000000000000042e-02,-1.091379493957686408e+00,-1.108913113968661435e+00,-9.882939830989589947e-01,-1.109775535442389521e-01
-1.011158983993215577e+00,5.525457461057359243e-02,2.175622710266902349e-01,6.999999999999999556e-01,2.000000000000000111e-01,5.000000000000000278e-02,2.000000000000000042e-02,7.599360835116142354e-01,7.887921817973856387e-01,-8.537938031586841392e-01,1.564392466677737639e-02
-2.185312123486972791e+00,1.459263321145994663e+00,3.389653775618276521e-01,6.999999999999999556e-01,2.000000000000000111e-01,5.000000000000000278e-02,2.000000000000000042e-02,2.703017756782421621e+00,2.711426487498628468e+00,-1.714461283220756638e+00,8.929048315768575161e-01
-8.009903697478706341e-01,1.250637168357974449e+00,8.323434654165221547e-01,6.999999999999999556e-01,2.000000000000000111e-01,5.000000000000000278e-02,2.000000000000000042e-02,7.617837689780596611e-01,7.713590794274950424e-01,-1.015210901627307871e+00,2.804895318129754234e-01
2.152078357059854952e+00,2.160019849379481105e+00,2.315616321866487137e-02,6.999999999999999556e-01,2.000000000000000111e-01,5.000000000000000278e-02,2.000000000000000042e-02,-3.410545059469955564e+00,-3.292571606983682564e+00,-2.047912193198686559e+00,-1.301588951227395263e+00
1.453675551813107703e+00,1.296300730326456430e+00,7.723590412546699202e-02,6.999999999999999556e-01,2.000000000000000111e-01,5.000000000000000278e-02,2.000000000000000042e-02,-1.513151251044658085e+00,-1.578505621783933721e+00,-1.252231273173158188e+00,-5.276321902524528928e-01
-7.195556166093393102e-01,1.522036634023825830e+00,9.187757085116657896e-01,6.999999999999999556e-01,2.000000000000000111e-01,5.000000000000000278e-02,2.000000000000000042e-02,7.556855017206870473e-01,7.646697508441635538e-01,-1.101987414952587674e+00,3.066532024351648067e-01
1.943237576233013186e+00,1.706610514229149445e+00,1.032776564127602104e-02,6.999999999999999556e-01,2.000000000000000111e-01,5.000000000000000278e-02,2.000000000000000042e-02,-2.519526708983613528e+00,-2.503973836318935220e+00,-1.674178564271440628e+00,-9.285779101884399367e-01
3.569177495740643025e-01,4.360188385576641013e-01,5.551160733661472113e-01,6.999999999999999556e-01,2.000000000000000111e-01,5.000000000000000278e-02,2.000000000000000042e-02,-2.616154472782767915e-01,-2.664433781203902618e-01,-7.457242818549565389e-01,-4.357440153637164026e-02
-9.668897030341780940e-01,1.125936274783221336e+00,8.957122849127627795e-01,6.999999999999999556e-01,2.000000000000000111e-01,5.000000000000000278e-02,2.000000000000000042e-02,8.936249257857271644e-01,8.949703529464027030e-01,-1.017713903957208510e+00,3.048237333009560790e-01
-2.387503189065759202e+00,2.500808293376703517e+00,5.211854369234429907e-01,6.999999999999999556e-01,2.000000000000000111e-01,5.000000000000000278e-02,2.000000000000000042e-02,4.442127482340715972e+00,4.555797148332851876e+00,-2.430591618500913764e+00,1.671792577190113649e+00
1.090458466329554454e+00,2.964545506899804117e+00,7.440086852573374321e-01,6.999999999999999556e-01,2.000000000000000111e-01,5.000000000000000278e-02,2.000000000000000042e-02,-2.169847898229927186e+00,-2.195946404836867760e+00,-2.108759158765644681e+00,-9.051598491090767640e-01
-1.513379766736318022e+00,1.461566544011545066e+00,3.009714819507558481e-02,6.999999999999999556e-01,2.000000000000000111e-01,5.000000000000000278e-02,2.000000000000000042e-02,1.685270443526739381e+00,1.665382292424254729e+00,-1.342612494515370125e+00,6.193334659248235230e-01
3.414365727244739190e-02,9.346986401682474410e-01,7.383055902692569061e-01,6.999999999999999556e-01,2.000000000000000111e-01,5.000000000000000278e-02,2.000000000000000042e-02,-2.807875037134387186e-02,7.100099942535499642e-03,-8.224874851103225470e-01,-8.935928406419633291e-03
-1.562832150427713840e+00,2.560574073087273472e+00,6.175173586562813233e-01,6.999999999999999556e-01,2.000000000000000111e-01,5.000000000000000278e-02,2.000000000000000042e-02,2.719386951547937858e+00,2.777115176687973808e+00,-1.984282191288921693e+00,1.120489295792281181e+00
7.873808193544280520e-01,1.642181049960890871e+00,6.331644797074028608e-01,6.999999999999999556e-01,2.000000000000000111e-01,5.000000000000000278e-02,2.000000000000000042e-02,-8.728467805197254181e-01,-8.621346107735868847e-01,-1.170541487322179108e+00,-3.620461209810258985e-01
-2.647666393807154961e+00,1.241630519092400409e-01,2.754846351077407940e-01,6.999999999999999556e-01,2.000000000000000111e-01,5.000000000000000278e-02,2.000000000000000042e-02,2.787106198588862327e+00,2.834784356817857010e+00,-1.753678904818686268e+00,9.204785516993588268e-02
-1.326875320837064498e+00,4.842416067454139439e-01,6.096550042117584445e-01,6.999999999999999556e-01,2.000000000000000111e-01,5.000000000000000278e-02,2.000000000000000042e-02,1.089176880999205732e+00,1.092387699622874742e+00,-9.969183082754426994e-01,1.799079064476334644e-01
7.527396709408522568e-01,1.921755970182722040e+00,7.628180581145349581e-01,6.999999999999999556e-01,2.000000000000000111e-01,5.000000000000000278e-02,2.000000000000000042e-02,-9.374403764346468382e-01,-9.420523690955001639e-01,-1.302032993081832180e+00,-4.050429478547089013e-01
2.057575346374990843e+00,3.692973440287943276e-01,8.443439003908196350e-01,6.999999999999999556e-01,2.000000000000000111e-01,5.000000000000000278e-02,2.000000000000000042e-02,-1.915137819113108320e+00,-1.918317701125548336e+00,-1.354135719864465681e+00,-2.127599909555149549e-01
1.375408179432477063e+00,1.586265727304309259e+00,7.710057487568489076e-02,6.999999999999999556e-01,2.000000000000000111e-01,5.000000000000000278e-02,2.000000000000000042e-02,-1.577401775975928233e+00,-1.565632020240829592e+00,-1.336035603074301914e+00,-6.108935997045710220e-01
-1.271190272378959873e+00,2.899675845974258426e+00,8.858969834688757983e-01,6.999999999999999556e-01,2.000000000000000111e-01,5.000000000000000278e-02,2.000000000000000042e-02,2.488905430694377863e+00,2.469328612542837309e+00,-2.119525507930348329e+00,1.032091123967318280e+00
-6.155083202250244412e-01,1.554994211885138977e+00,7.122643401490066362e-01,6.999999999999999556e-01,2.000000000000000111e-01,5.000000000000000278e-02,2.000000000000000042e-02,6.508775853373154341e-01,6.207048819082754409e-01,-1.095348553699414529e+00,2.679913250887761000e-01
7.500371037245656680e-03,1.362934158722776123e+00,5.453204962176264603e-01,6.999999999999999556e-01,2.000000000000000111e-01,5.000000000000000278e-02,2.000000000000000042e-02,-7.200846312902691934e-03,-9.120542080150253333e-03,-9.600709712767250270e-01,-2.862303329131983456e-03
2.679139810186723203e+00,2.403767307786269125e+00,7.362347553521286780e-01,6.999999999999999556e-01,2.000000000000000111e-01,5.000000000000000278e-02,2.000000000000000042e-02,-5.004159289691727075e+00,-4.969750820153136850e+00,-2.585602136176589738e+00,-1.803208032840355468e+00
-1.936417168033233605e+00,1.572757617028754051e+00,7.474463675553537634e-01,6.999999999999999556e-01,2.000000000000000111e-01,5.000000000000000278e-02,2.000000000000000042e-02,2.389122233945539797e+00,2.385998103928392844e+00,-1.608756030367152423e+00,8.527441582154646760e-01
1.732862458147731211e+00,2.512693415320394585e+00,5.510387197653062730e-01,6.999999999999999556e-01,2.000000000000000111e-01,5.000000000000000278e-02,2.000000000000000042e-02,-3.004867655181854502e+00,-2.961001638111521395e+00,-2.034329792743895471e+00,-1.219162584708240571e+00
-2.318220384375392129e+00,3.627871450748310078e-02,8.596430430344986773e-01,6.999999999999999556e-01,2.000000000000000111e-01,5.000000000000000278e-02,2.000000000000000042e-02,2.246104136461829270e+00,2.262113740008302010e+00,-1.506306122897723032e+00,2.354857553725112074e-02
2.036266904582568316e+00,2.529784551693268657e+00,8.738553012217573635e-01,6.999999999999999556e-01,2.000000000000000111e-01,5.000000000000000278e-02,2.000000000000000042e-02,-3.671984894562490886e+00,-3.597101908699109618e+00,-2.217930818922769109e+00,-1.442368636334430576e+00
-2.334712251182365250e+00,4.976245521836260011e-01,8.083682726766673321e-01,6.999999999999999556e-01,2.000000000000000111e-01,5.000000000000000278e-02,2.000000000000000042e-02,2.351550877865514533e+00,2.360664221764409376e+00,-1.552300421664187802e+00,3.253068387722299337e-01
-7.051173778845747364e-01,6.557124945556238593e-01,2.215479522390083611e-01,6.999999999999999556e-01,2.000000000000000111e-01,5.000000000000000278e-02,2.000000000000000042e-02,5.535550546740444222e-01,5.515647247450300439e-01,-8.347728200615128769e-01,1.294591969460201775e-01
-7.817690339249105946e-01,1.702667296388578944e+00,3.867520408803437615e-01,6.999999999999999556e-01,2.000000000000000111e-01,5.000000000000000278e-02,2.000000000000000042e-02,8.884248218248058659e-01,9.011655546183553467e-01,-1.197545052467350324e+00,3.727059188701067893e-01
1.002950221357796323e+00,2.050396151432423153e+00,9.206785848849886600e-01,6.999999999999999556e-01,2.000000000000000111e-01,5.000000000000000278e-02,2.000000000000000042e-02,-1.342822841556422508e+00,-1.317538362635487736e+00,-1.439463784871492624e+00,-5.758046767060902571e-01
-1.103383584155140928e+00,4.875051248299286932e-01,5.663074761484210295e-01,6.999999999999999556e-01,2.000000000000000111e-01,5.000000000000000278e-02,2.000000000000000042e-02,8.762469329487977410e-01,8.689738076447618420e-01,-9.158908746104188481e-01,1.506134425400768861e-01
1.835874768540478819e+00,2.383514081518267602e+00,1.699025938541679492e-01,6.999999999999999556e-01,2.000000000000000111e-01,5.000000000000000278e-02,2.000000000000000042e-02,-3.054677735142401485e+00,-3.101919014253169848e+00,-2.000924937615955468e+00,-1.225233341561689837e+00
2.912594627879069975e+00,1.442918838146687310e+00,8.063859858027676575e-01,6.999999999999999556e-01,2.000000000000000111e-01,5.000000000000000278e-02,2.000000000000000042e-02,-4.123192570414885516e+00,-4.008715641198510760e+00,-2.263963188239505264e+00,-1.176738543806434167e+00
1.310225098704044910e+00,2.252700504755671407e+00,1.755780126948752740e-01,6.999999999999999556e-01,2.000000000000000111e-01,5.000000000000000278e-02,2.000000000000000042e-02,-1.960472558794427389e+00,-1.977903782231442698e+00,-1.667955810368807690e+00,-8.264325275343623600e-01
-2.872143993014764529e+00,1.073517383489790644e+00,9.636067277836611877e-01,6.999999999999999556e-01,2.000000000000000111e-01,5.000000000000000278e-02,2.000000000000000042e-02,3.658543038322355834e+00,3.690635592737092185e+00,-2.098723207663287127e+00,8.633230212283962146e-01
-2.424000516816505080e+00,1.072803278521904602e+00,6.600576209214839007e-01,6.999999999999999556e-01,2.000000000000000111e-01,5.000000000000000278e-02,2.000000000000000042e-02,2.799516708648304153e+00,2.777727992188925299e+00,-1.742493738246031265e+00,7.281331964422704806e-01
1.822870613392638894e+00,1.602081608246658906e+00,9.480086649545815813e-01,6.999999999999999556e-01,2.000000000000000111e-01,5.000000000000000278e-02,2.000000000000000042e-02,-2.233884243936908653e+00,-2.221011617708465113e+00,-1.557761758103076488e+00,-8.177084955003026678e-01
-5.493256921486358024e-01,1.978976886988494055e+00,3.129057554409558906e-01,6.999999999999999556e-01,2.000000000000000111e-01,5.000000000000000278e-02,2.000000000000000042e-02,6.940053727309121179e-01,7.228352592369231555e-01,-1.293552740101040488e+00,3.043887974935099439e-01
7.464239145395712427e-02,2.308159240800095713e+00,8.825813148499289662e-01,6.999999999999999556e-01,2.000000000000000111e-01,5.000000000000000278e-02,2.000000000000000042e-02,-1.079435305267500422e-01,-7.337727850568230570e-02,-1.446699594315017157e+00,-4.824022716516337961e-02
2.071676378651181594e+00,1.008938814183597987e+00,3.062912515329824226e-01,6.999999999999999556e-01,2.000000000000000111e-01,5.000000000000000278e-02,2.000000000000000042e-02,-2.189981955039117523e+00,-2.243174177646720668e+00,-1.486290506986459814e+00,-5.852545184775781451e-01
1.282484825732222333e+00,1.856297700591686084e+00,7.630342313411975219e-02,6.999999999999999556e-01,2.000000000000000111e-01,5.000000000000000278e-02,2.000000000000000042e-02,-1.621902293753243018e+00,-1.665649567164693812e+00,-1.429132860686088691e+00,-6.665886172541268806e-01
1.622149384133284578e-01,7.698451867217734890e-01,7.542752375925175778e-01,6.999999999999999556e-01,2.000000000000000111e-01,5.000000000000000278e-02,2.000000000000000042e-02,-1.272232798927509789e-01,-1.917072788731485899e-01,-7.869196785492814650e-01,-3.496650907452354684e-02
-1.198684686543186606e+00,2.107635398929756043e+00,9.319598789683922746e-01,6.999999999999999556e-01,2.000000000000000111e-01,5.000000000000000278e-02,2.000000000000000042e-02,1.670654825424590317e+00,1.692469876690671171e+00,-1.537424523138021470e+00,7.073892777037626978e-01
-2.517902442970268773e+00,1.210449414483508956e+00,9.236564312732102877e-01,6.999999999999999556e-01,2.000000000000000111e-01,5.000000000000000278e-02,2.000000000000000042e-02,3.077173710262218531e+00,3.175874030120044988e+00,-1.856101196750632898e+00,8.533821905895883075e-01
-2.322217989015605166e+00,2.780126116618652166e+00,1.337436288501480108e-01,6.999999999999999556e-01,2.000000000000000111e-01,5.000000000000000278e-02,2.000000000000000042e-02,4.764515526726064820e+00,4.795636948517548070e+00,-2.590978629678867495e+00,1.807696486328300267e+00
-2.682033943835442358e+00,2.189749863009522013e+00,5.557995318920012640e-01,6.999999999999999556e-01,2.000000000000000111e-01,5.000000000000000278e-02,2.000000000000000042e-02,4.642509375997236454e+00,4.622349044920067485e+00,-2.450296536139855430e+00,1.644435369108153244e+00
-6.010208595993362657e-01,2.275729836786488658e-01,6.673800536313813092e-01,6.999999999999999556e-01,2.000000000000000111e-01,5.000000000000000278e-02,2.000000000000000042e-02,4.359275386364653837e-01,4.535561250956728907e-01,-7.614344358570850346e-01,3.829731087619563101e-02
2.685626925316399571e+00,1.916851248010956299e+00,3.140837663208939645e-01,6.999999999999999556e-01,2.000000000000000111e-01,5.000000000000000278e-02,2.000000000000000042e-02,-4.229954304368654050e+00,-4.301837304312784660e+00,-2.296293416277825461e+00,-1.441425250575678829e+00
-2.336844812748413158e+00,1.141111981296809574e+00,7.306322993237848173e-01,6.999999999999999556e-01,2.000000000000000111e-01,5.000000000000000278e-02,2.000000000000000042e-02,2.699853327326269703e+00,2.738562482077765203e+00,-1.701425669370653093e+00,7.466484519923838326e-01
9.011315861724389364e-02,9.727966385127229110e-01,3.768825387682995798e-01,6.999999999999999556e-01,2.000000000000000111e-01,5.000000000000000278e-02,2.000000000000000042e-02,-7.505459027896335678e-02,-4.715605211299328525e-02,-8.337047191896279630e-01,-2.454529778081322375e-02
6.956916285584142656e-01,6.296212969020081873e-01,8.658314681255021572e-01,6.999999999999999556e-01,2.000000000000000111e-01,5.000000000000000278e-02,2.000000000000000042e-02,-5.424297602634072790e-01,-5.167222735676616496e-01,-8.280972431586981486e-01,-1.226462343167092905e-01
2.648067501291464509e+00,2.104423630298930981e+00,5.622263118471122478e-01,6.999999999999999556e-01,2.000000000000000111e-01,5.000000000000000278e-02,2.000000000000000042e-02,-4.423906343238462213e+00,-4.356186806193007577e+00,-2.371843057915877573e+00,-1.560343630816432459e+00
2.969533192641437225e+00,2.559742394664660914e+00,4.293539110124036107e-01,6.999999999999999556e-01,2.000000000000000111e-01,5.000000000000000278e-02,2.000000000000000042e-02,-6.111969613966407699e+00,-6.164142164320708162e+00,-2.940038465115987432e+00,-2.128347201559092294e+00
9.343881269622489327e-01,1.334316728506502958e+00,5.010849801965918671e-01,6.999999999999999556e-01,2.000000000000000111e-01,5.000000000000000278e-02,2.000000000000000042e-02,-9.277635179664678322e-01,-9.328270118651925680e-01,-1.080218334247324385e+00,-3.490955184426042801e-01
4.798454284443565143e-01,1.493449244048803859e+00,4.142618269346910465e-01,6.999999999999999556e-01,2.000000000000000111e-01,5.000000000000000278e-02,2.000000000000000042e-02,-4.912500452586814892e-01,-5.078209664767709963e-01,-1.046792435516834097e+00,-2.006549418637395832e-01
1.244350701888095045e+00,9.999573893880089326e-01,4.848147084529450535e-01,6.999999999999999556e-01,2.000000000000000111e-01,5.000000000000000278e-02,2.000000000000000042e-02,-1.141577914311715514e+00,-1.098310864664804765e+00,-1.072249369676244735e+00,-3.484033502160837070e-01
-3.850433838616265092e-01,2.434491011340753630e+00,6.987175351062332451e-01,6.999999999999999556e-01,2.000000000000000111e-01,5.000000000000000278e-02,2.000000000000000042e-02,5.918722976723946871e-01,6.177116590937319351e-01,-1.551983268920191339e+00,2.624677039564599634e-01
1.682488101331472308e+00,2.958351438416483070e+00,3.289776566887248066e-01,6.999999999999999556e-01,2.000000000000000111e-01,5.000000000000000278e-02,2.000000000000000042e-02,-3.477360288961551582e+00,-3.476734379041023004e+00,-2.349872984313619462e+00,-1.393669506513921963e+00
2.021273426685006314e+00,1.355269729455431671e+00,2.360507328465677457e-02,6.999999999999999556e-01,2.000000000000000111e-01,5.000000000000000278e-02,2.000000000000000042e-02,-2.347553768043447953e+00,-2.347569690018977084e+00,-1.569977785354390143e+00,-7.670237932388757063e-01
-1.710047671388526869e+00,1.349085966722603391e+00,6.803110235134375294e-01,6.999999999999999556e-01,2.000000000000000111e-01,5.000000000000000278e-02,2.000000000000000042e-02,1.882792864009162237e+00,1.894137673250827714e+00,-1.393444068148299131e+00,6.459603684511396882e-01
1.708553591664707660e-01,5.699611025932073138e-01,4.499299235833579269e-01,6.999999999999999556e-01,2.000000000000000111e-01,5.000000000000000278e-02,2.000000000000000042e-02,-1.276185943153128333e-01,-1.392307070987599538e-01,-7.498585252490824749e-01,-2.726665449045443182e-02
-1.120206854796616192e+00,8.564121887760653973e-01,8.636536712688811512e-01,6.999999999999999556e-01,2.000000000000000111e-01,5.000000000000000278e-02,2.000000000000000042e-02,9.694550476346314172e-01,9.809686977045264378e-01,-9.909113668217885973e-01,2.686204652315301589e-01
-2.248937411658394225e+00,1.178616702154064999e+00,2.249244296601793369e-02,6.999999999999999556e-01,2.000000000000000111e-01,5.000000000000000278e-02,2.000000000000000042e-02,2.580352523927571973e+00,2.609019464945719680e+00,-1.653137148517027200e+00,7.421778547343201859e-01
-4.749805376446101235e-01,1.241752085778910608e+00,7.663246352659677241e-01,6.999999999999999556e-01,2.000000000000000111e-01,5.000000000000000278e-02,2.000000000000000042e-02,4.403796681855306483e-01,4.502005953057973131e-01,-9.497137306262529721e-01,1.651462605308832154e-01
6.293931993123669244e-01,5.008153685958397494e-01,3.011850431190780109e-01,6.999999999999999556e-01,2.000000000000000111e-01,5.000000000000000278e-02,2.000000000000000042e-02,-4.751421652241003546e-01,-4.728299174456682685e-01,-7.945346145801486237e-01,-8.825874038949459155e-02
1.059132371621256397e-01,1.077754570819460245e+00,8.151205298579854430e-01,6.999999999999999556e-01,2.000000000000000111e-01,5.000000000000000278e-02,2.000000000000000042e-02,-9.142203646839903997e-02,-1.393750634381634712e-01,-8.643003301600374888e-01,-3.196157312929459593e-02
-6.944070800553756584e-01,1.810567558726223769e-01,3.227598760036711756e-01,6.999999999999999556e-01,2.000000000000000111e-01,5.000000000000000278e-02,2.000000000000000042e-02,5.060140757004606415e-01,5.034921105948001463e-01,-7.769195957632515359e-01,3.520358608754586838e-02
3.348127209263833670e-01,8.451831725284942864e-01,1.226256101968888901e-01,6.999999999999999556e-01,2.000000000000000111e-01,5.000000000000000278e-02,2.000000000000000042e-02,-2.697290858738815023e-01,-2.960894005952462993e-01,-8.168217770316653636e-01,-7.923386174912826208e-02
2.907569375541729784e-02,1.967569917609362617e+00,6.466874710704526574e-01,6.999999999999999556e-01,2.000000000000000111e-01,5.000000000000000278e-02,2.000000000000000042e-02,-3.611284504356429559e-02,-6.787614854025925126e-02,-1.242113202690487750e+00,-1.601836890269880964e-02
-2.836575421458367607e+00,2.722547621196952594e+00,2.117571657827280740e-01,6.999999999999999556e-01,2.000000000000000111e-01,5.000000000000000278e-02,2.000000000000000042e-02,6.070342835504731305e+00,6.345115867411282196e+00,-2.944641195199182881e+00,2.162359266490422094e+00
1.140117487329948887e+00,6.513842172035660960e-01,7.982030887656792473e-01,6.999999999999999556e-01,2.000000000000000111e-01,5.000000000000000278e-02,2.000000000000000042e-02,-9.399078286650158764e-01,-9.484307184495478493e-01,-9.543823785163997320e-01,-2.079432703612643096e-01
1.733068025948688806e+00,2.099443304925364018e+00,5.535994183293654336e-01,6.999999999999999556e-01,2.000000000000000111e-01,5.000000000000000278e-02,2.000000000000000042e-02,-2.542842234093204201e+00,-2.549354459295245956e+00,-1.767601424068283800e+00,-1.018773857936293714e+00
-2.306632574658440404e-01,6.907864928046882902e-01,8.513975738317918207e-01,6.999999999999999556e-01,2.000000000000000111e-01,5.000000000000000278e-02,2.000000000000000042e-02,1.774876064806453768e-01,1.726859735286079001e-01,-7.747868677615092903e-01,4.461493754024586228e-02
9.086010404166100507e-01,2.848217653092167900e+00,6.743099753432896248e-01,6.999999999999999556e-01,2.000000000000000111e-01,5.000000000000000278e-02,2.000000000000000042e-02,-1.705449535820073859e+00,-1.732029492000387139e+00,-1.959561509510941990e+00,-7.246101864210997556e-01
-1.548904469865401756e+00,7.456866031013277274e-01,4.527767767905758189e-01,6.999999999999999556e-01,2.000000000000000111e-01,5.000000000000000278e-02,2.000000000000000042e-02,1.390609599384946327e+00,1.436313077307163955e+00,-1.137712549921624960e+00,3.233992475454703919e-01
1.376436897610965104e+00,1.490090802040922036e-01,6.023426423664973717e-01,6.999999999999999556e-01,2.000000000000000111e-01,5.000000000000000278e-02,2.000000000000000042e-02,-1.098172898272108400e+00,-1.136771582109005418e+00,-9.872952988033925070e-01,-5.742844690015556225e-02
-2.697297553309550011e-01,2.849610280198369594e+00,5.559905347082072513e-02,6.999999999999999556e-01,2.000000000000000111e-01,5.000000000000000278e-02,2.000000000000000042e-02,4.964313385896600983e-01,5.069056159356305491e-01,-1.847752145998346585e+00,2.152149114266144747e-01
8.450689884210458303e-01,1.038500215200083510e+00,1.003935475134297706e-01,6.999999999999999556e-01,2.000000000000000111e-01,5.000000000000000278e-02,2.000000000000000042e-02,-7.493181571128020302e-01,-7.598167964137632069e-01,-9.581088168545321970e-01,-2.457292113735684291e-01
1.035934138200710564e+00,6.226307883443180646e-01,2.504261223224055755e-01,6.999999999999999556e-01,2.000000000000000111e-01,5.000000000000000278e-02,2.000000000000000042e-02,-8.369639783320158566e-01,-8.109898767529745145e-01,-9.152476046066446713e-01,-1.806012569593960226e-01
-4.084744605323171740e-01,1.364613210782954056e+00,5.142382437949278851e-01,6.999999999999999556e-01,2.000000000000000111e-01,5.000000000000000278e-02,2.000000000000000042e-02,3.958306480194349608e-01,4.134668295532866189e-01,-9.857313978421459177e-01,1.560747006307552920e-01
-1.876628289610270839e+00,2.533178755259063220e+00,8.970182736674164881e-01,6.999999999999999556e-01,2.000000000000000111e-01,5.000000000000000278e-02,2.000000000000000042e-02,3.330012966418586018e+00,3.338572239957569909e+00,-2.126639305458255524e+00,1.331073776132489339e+00
2.627859212847019066e+00,1.181161959174773290e+00,8.793218974376459940e-03,6.999999999999999556e-01,2.000000000000000111e-01,5.000000000000000278e-02,2.000000000000000042e-02,-3.260128189997342663e+00,-3.352828697723500007e+00,-1.931166706713965731e+00,-8.690996541589214308e-01
1.971131070528524099e+00,1.375606972278431650e+00,2.621767371801093649e-01,6.999999999999999556e-01,2.000000000000000111e-01,5.000000000000000278e-02,2.000000000000000042e-02,-2.284913692559500831e+00,-2.247455593842616839e+00,-1.547724890485783655e+00,-7.592204602902321575e-01
-7.006555944357777399e-01,1.954696467126492365e+00,9.045736396626069542e-02,6.999999999999999556e-01,2.000000000000000111e-01,5.000000000000000278e-02,2.000000000000000042e-02,8.824499875862387155e-01,9.025791482594547332e-01,-1.308555098305673514e+00,3.834793242324875395e-01
-7.293668239667523423e-01,6.857468856996151718e-02,8.198816721327232271e-01,6.999999999999999556e-01,2.000000000000000111e-01,5.000000000000000278e-02,2.000000000000000042e-02,5.304372351519526241e-01,5.443350011462047000e-01,-7.804547428932474551e-01,1.400450878589895413e-02
2.084917850984683518e+00,2.721758986378565393e+00,8.847243107403245377e-01,6.999999999999999556e-01,2.000000000000000111e-01,5.000000000000000278e-02,2.000000000000000042e-02,-4.074888958889645529e+00,-4.094453486764417782e+00,-2.389148443993735604e+00,-1.588900291098021667e+00
1.513433310358395900e+00,2.137969871987499104e+00,5.533061931677240031e-01,6.999999999999999556e-01,2.000000000000000111e-01,5.000000000000000278e-02,2.000000000000000042e-02,-2.201216322353779731e+00,-2.171839953160579650e+00,-1.683500182029030068e+00,-9.059889498263957730e-01
-1.335949007108008457e+00,1.773539652388015142e+00,2.193020124177239571e-01,6.999999999999999556e-01,2.000000000000000111e-01,5.000000000000000278e-02,2.000000000000000042e-02,1.642682890165913845e+00,1.619190281513952501e+00,-1.408075968241895293e+00,6.634203905488462727e-01
1.927473715197662862e+00,1.071177555908187529e+00,8.261142968174742807e-01,6.999999999999999556e-01,2.000000000000000111e-01,5.000000000000000278e-02,2.000000000000000042e-02,-2.016902204343891558e+00,-2.005276284958938948e+00,-1.417912228296083654e+00,-5.781066433303577723e-01
-9.676869884863190663e-01,2.910118088659483071e+00,3.314536893097609349e-01,6.999999999999999556e-01,2.000000000000000111e-01,5.000000000000000278e-02,2.000000000000000042e-02,1.870007810493024447e+00,1.885214851039863193e+00,-2.026092936744895212e+00,7.885033546192482534e-01
2.050153559254670910e+00,2.231936611623769329e-01,6.179506850824415531e-01,6.999999999999999556e-01,2.000000000000000111e-01,5.000000000000000278e-02,2.000000000000000042e-02,-1.880258642370961075e+00,-1.887172590507292913e+00,-1.337443599932318650e+00,-1.281227580738358574e-01
-2.336973912881848747e+00,1.590724589237602071e-02,7.946292533128830327e-01,6.999999999999999556e-01,2.000000000000000111e-01,5.000000000000000278e-02,2.000000000000000042e-02,2.274127494273923134e+00,2.231880646231062748e+00,-1.519252486089608167e+00,1.040894922935831600e-02
2.684782221308288364e+00,1.782142957254852611e+00,3.386721140182236134e-01,6.999999999999999556e-01,2.000000000000000111e-01,5.000000000000000278e-02,2.000000000000000042e-02,-4.040724693991928795e+00,-4.055018845043399267e+00,-2.225853029190989929e+00,-1.339706403690929415e+00
-8.042004023729676376e-01,2.029821763157101167e+00,2.140906917848166557e-01,6.999999999999999556e-01,2.000000000000000111e-01,5.000000000000000278e-02,2.000000000000000042e-02,1.052828292716906811e+00,1.035541175220134891e+00,-1.373835437702594753e+00,4.570673740293771936e-01
2.525970341591131429e+00,4.528071483122195762e-01,6.950500581144414269e-02,6.999999999999999556e-01,2.000000000000000111e-01,5.000000000000000278e-02,2.000000000000000042e-02,-2.646537715451912298e+00,-2.706500624879193406e+00,-1.685783728888472943e+00,-3.202576795871945325e-01
-1.520284358526293511e+00,2.534181933595291536e+00,9.186106318946616334e-01,6.999999999999999556e-01,2.000000000000000111e-01,5.000000000000000278e-02,2.000000000000000042e-02,2.606761894709291205e+00,2.662698821112977399e+00,-1.945780609775463521e+00,1.078749603485354980e+00
-7.609703173354214201e-01,1.310052374033802147e+00,3.621529199603668037e-02,6.999999999999999556e-01,2.000000000000000111e-01,5.000000000000000278e-02,2.000000000000000042e-02,7.375529795657669307e-01,7.353400458692430641e-01,-1.027134584759459734e+00,2.791350718224668848e-01
-1.478943882482704586e+00,1.007045940992020938e+00,8.198580904120157387e-01,6.999999999999999556e-01,2.000000000000000111e-01,5.000000000000000278e-02,2.000000000000000042e-02,1.406983744404365577e+00,1.393822759628116081e+00,-1.170071064947543205e+00,4.170220414665726238e-01
5.186830799411383808e-01,2.146108329601573494e+00,9.363203045559217452e-01,6.999999999999999556e-01,2.000000000000000111e-01,5.000000000000000278e-02,2.000000000000000042e-02,-7.045069685553267957e-01,-7.138951511419010520e-01,-1.385164155346519710e+00,-3.116820219198211950e-01
-1.478580208934642481e+00,1.223138887553703924e+00,4.171663069036265492e-01,6.999999999999999556e-01,2.000000000000000111e-01,5.000000000000000278e-02,2.000000000000000042e-02,1.506317774928508380e+00,1.520306149827813869e+00,-1.237379538492437314e+00,5.063825065362675959e-01
1.047983266746952857e+00,4.888785439341267747e-01,1.349480656844933568e-01,6.999999999999999556e-01,2.000000000000000111e-01,5.000000000000000278e-02,2.000000000000000042e-02,-8.262025070283108841e-01,-8.317949827206858604e-01,-8.982006514079234893e-01,-1.434542293840823657e-01
1.078233186103513930e+00,1.289882263740295798e+00,6.877977336982690204e-01,6.999999999999999556e-01,2.000000000000000111e-01,5.000000000000000278e-02,2.000000000000000042e-02,-1.068594661025558334e+00,-1.082644561004962647e+00,-1.107319496145890758e+00,-3.894222816207113524e-01
1.603843826024569985e+00,1.164367321220804996e-01,1.966217017388895982e-01,6.999999999999999556e-01,2.000000000000000111e-01,5.000000000000000278e-02,2.000000000000000042e-02,-1.332014434850209650e+00,-1.323929537812005508e+00,-1.087745304503787480e+00,-5.228897350221314855e-02
-2.802765146192589540e-01,9.277398769306596238e-01,4.376028713389087388e-01,6.999999999999999556e-01,2.000000000000000111e-01,5.000000000000000278e-02,2.000000000000000042e-02,2.310672249124034738e-01,2.346036075993202796e-01,-8.322814177916921796e-01,7.280663577023913091e-02
-4.325509883120570720e-01,1.752725924394703760e+00,3.308238814566432096e-01,6.999999999999999556e-01,2.000000000000000111e-01,5.000000000000000278e-02,2.000000000000000042e-02,4.928666598968434176e-01,4.758514809829388348e-01,-1.158151796869798078e+00,2.122801326343859984e-01
-1.497358434163256424e+00,2.412703722135834949e-01,7.277244141389519472e-01,6.999999999999999556e-01,2.000000000000000111e-01,5.000000000000000278e-02,2.000000000000000042e-02,1.228213809278609903e+00,1.203156165464850824e+00,-1.044461937005107144e+00,1.011551034893608814e-01
-8.155294129337065101e-02,1.309587562244608261e+00,7.479807389306053489e-01,6.999999999999999556e-01,2.000000000000000111e-01,5.000000000000000278e-02,2.000000000000000042e-02,7.669526364961103126e-02,1.030130110555837752e-01,-9.411003739810486213e-01,2.990420092303361713e-02
1.689614965004064828e-01,1.443926196547996366e+00,6.184997309881041794e-01,6.999999999999999556e-01,2.000000000000000111e-01,5.000000000000000278e-02,2.000000000000000042e-02,-1.678322592204761210e-01,-1.726063511630412384e-01,-9.961713986458072823e-01,-6.831102068136905847e-02
-1.334994293770527918e+00,1.067507030379377664e-01,5.084575395384508534e-01,6.999999999999999556e-01,2.000000000000000111e-01,5.000000000000000278e-02,2.000000000000000042e-02,1.055587848509220272e+00,1.081367853300781112e+00,-9.689268644238537842e-01,3.990324223525894276e-02
3.473002460079959164e-01,6.321164406588206663e-01,7.402029713162406876e-01,6.999999999999999556e-01,2.000000000000000111e-01,5.000000000000000278e-02,2.000000000000000042e-02,-2.646326602805194605e-01,-2.521688540113912191e-01,-7.740325863687468333e-01,-6.146957469702200166e-02
-1.967954997457930899e+00,1.381042907603787784e-01,1.807182502510442657e-01,6.999999999999999556e-01,2.000000000000000111e-01,5.000000000000000278e-02,2.000000000000000042e-02,1.763902732377406357e+00,1.762655524297775056e+00,-1.283597222120646641e+00,7.609924816823575300e-02
-4.891528531499611532e-01,1.560875421924791340e+00,2.027596350662784763e-01,6.999999999999999556e-01,2.000000000000000111e-01,5.000000000000000278e-02,2.000000000000000042e-02,5.151024204596247325e-01,5.110727462627443485e-01,-1.076977068649357383e+00,2.137818664929251045e-01
-1.050083026339056147e+00,1.920951743824934388e+00,1.727018682150521789e-01,6.999999999999999556e-01,2.000000000000000111e-01,5.000000000000000278e-02,2.000000000000000042e-02,1.335434165566249609e+00,1.379180166034402966e+00,-1.382008938625376437e+00,5.648044697699527994e-01
2.021208827522524842e-01,8.207490935651873265e-03,1.915565550803789430e-01,6.999999999999999556e-01,2.000000000000000111e-01,5.000000000000000278e-02,2.000000000000000042e-02,-1.418993848074463215e-01,-1.538753922851593126e-01,-7.061373584937266079e-01,-4.644934876666187429e-04
1.651935471164756031e+00,1.703183678006737312e+00,4.533882147917434047e-01,6.999999999999999556e-01,2.000000000000000111e-01,5.000000000000000278e-02,2.000000000000000042e-02,-2.052631234891588274e+00,-2.066989543699343290e+00,-1.515450469877846817e+00,-7.877938688502907905e-01
-2.814802818101517889e+00,2.588170116725803993e+00,1.431087223575853162e-01,6.999999999999999556e-01,2.000000000000000111e-01,5.000000000000000278e-02,2.000000000000000042e-02,5.725205298509327356e+00,5.636100739555072181e+00,-2.826274673154581585e+00,2.039852790720059428e+00
-3.612172731048772789e-01,1.328627842343105270e-01,9.267083401707840729e-01,6.999999999999999556e-01,2.000000000000000111e-01,5.000000000000000278e-02,2.000000000000000042e-02,2.561013303581619049e-01,2.537126669611280416e-01,-7.220430404792276269e-01,1.343785313310701113e-02
-2.396680164082892972e+00,1.779748338069592206e+00,7.060541534330311286e-02,6.999999999999999556e-01,2.000000000000000111e-01,5.000000000000000278e-02,2.000000000000000042e-02,3.428820952648631515e+00,3.367771279148712882e+00,-2.005061951896866645e+00,1.194336510895048109e+00
-8.731383566795685169e-01,9.618801510496532980e-01,9.325704138786329311e-01,6.999999999999999556e-01,2.000000000000000111e-01,5.000000000000000278e-02,2.000000000000000042e-02,7.575771060037180815e-01,7.605333893706972548e-01,-9.438854679834272066e-01,2.351592472348530138e-01
1.416645024747319681e+00,4.301054512043774869e-01,7.935156732752171038e-01,6.999999999999999556e-01,2.000000000000000111e-01,5.000000000000000278e-02,2.000000000000000042e-02,-1.170492828619684511e+00,-1.198669368210252273e+00,-1.026931166803001005e+00,-1.706058893183070579e-01
8.120407844388086716e-01,2.608189631559887811e+00,5.534635486246959335e-01,6.999999999999999556e-01,2.000000000000000111e-01,5.000000000000000278e-02,2.000000000000000042e-02,-1.368566401857588488e+00,-1.353637216886067085e+00,-1.751282976923509871e+00,-5.930277792255763680e-01
1.299866438334456475e+00,9.341890867113928909e-01,5.263027176305188348e-01,6.999999999999999556e-01,2.000000000000000111e-01,5.000000000000000278e-02,2.000000000000000042e-02,-1.178539417411186507e+00,-1.169936739560462735e+00,-1.075627208588539219e+00,-3.400098914448479448e-01
1.884941462478074925e+00,2.540890809042936738e+00,7.972110717877373132e-01,6.999999999999999556e-01,2.000000000000000111e-01,5.000000000000000278e-02,2.000000000000000042e-02,-3.358038050526380935e+00,-3.341845202048267183e+00,-2.136808302032389584e+00,-1.341040522526457668e+00
-9.581038838866127172e-01,2.705833699692634653e+00,3.278140444168438083e-01,6.999999999999999556e-01,2.000000000000000111e-01,5.000000000000000278e-02,2.000000000000000042e-02,1.696718809265334693e+00,1.677677796042303715e+00,-1.862709499302718230e+00,7.258915375115027047e-01
-7.614504459771276323e-01,7.501160409747178459e-01,8.137115742660366857e-01,6.999999999999999556e-01,2.000000000000000111e-01,5.000000000000000278e-02,2.000000000000000042e-02,6.150727983495551943e-01,6.409562329790302604e-01,-8.657453877416768639e-01,1.599293343017429148e-01
-1.870116431811676527e+00,2.618375850748782874e+00,4.321728996802278733e-01,6.999999999999999556e-01,2.000000000000000111e-01,5.000000000000000278e-02,2.000000000000000042e-02,3.431087033458742219e+00,3.568855444015344602e+00,-2.184425213689623391e+00,1.371066956880369281e+00
-1.033642569952366586e+00,2.728835284533057681e+00,8.032052125370044982e-01,6.999999999999999556e-01,2.000000000000000111e-01,5.000000000000000278e-02,2.000000000000000042e-02,1.856356656590114174e+00,1.852725011279145795e+00,-1.902778425778426152e+00,7.897792886148051750e-01
7.089905003570606823e-01,6.532646731316260613e-03,5.166319410011240842e-01,6.999999999999999556e-01,2.000000000000000111e-01,5.000000000000000278e-02,2.000000000000000042e-02,-5.141169113267629598e-01,-5.286866289625251625e-01,-7.754061040057474985e-01,-1.296843652913712893e-03
1.020653042183415238e+00,2.650891287052714596e+00,9.763669930846651246e-01,6.999999999999999556e-01,2.000000000000000111e-01,5.000000000000000278e-02,2.000000000000000042e-02,-1.771749654061607115e+00,-1.748230068729075493e+00,-1.840071341085818268e+00,-7.575792718558013172e-01
1.260178867454142093e+00,1.906948516252182646e+00,6.152572686629564913e-01,6.999999999999999556e-01,2.000000000000000111e-01,5.000000000000000278e-02,2.000000000000000042e-02,-1.623747917121666440e+00,-1.629508615578974640e+00,-1.447310986805796729e+00,-6.728669420211290664e-01
2.208456794760134123e-01,1.216580061246275157e-02,6.433330468163410698e-01,6.999999999999999556e-01,2.000000000000000111e-01,5.000000000000000278e-02,2.000000000000000042e-02,-1.551351150269526802e-01,-1.517053078320370618e-01,-7.073366430601192301e-01,-7.522940607361301322e-04
-2.695980294908002506e+00,1.583244456474426576e+00,2.336793422524505726e-01,6.999999999999999556e-01,2.000000000000000111e-01,5.000000000000000278e-02,2.000000000000000042e-02,3.813055170608935285e+00,3.863856644145007291e+00,-2.141179283833816172e+00,1.195150839869667525e+00
8.724510341786064771e-01,2.567097281663490715e+00,9.983053447368074318e-01,6.999999999999999556e-01,2.000000000000000111e-01,5.000000000000000278e-02,2.000000000000000042e-02,-1.448841850624728256e+00,-1.486750995431950884e+00,-1.736774004549269668e+00,-6.271066699028324809e-01
2.082202545269638883e+00,2.551218282373527213e+00,6.394843340027311918e-02,6.999999999999999556e-01,2.000000000000000111e-01,5.000000000000000278e-02,2.000000000000000042e-02,-3.806262990734285534e+00,-3.749625081617152578e+00,-2.261555177333474553e+00,-1.487402896307046252e+00
2.235801576368722898e+00,2.668299757720725474e+00,2.612503318641068439e-02,6.999999999999999556e-01,2.000000000000000111e-01,5.000000000000000278e-02,2.000000000000000042e-02,-4.352470115833726894e+00,-4.439590748112247631e+00,-2.446596606921277672e+00,-1.670420865270157984e+00
-2.863421806715817475e+00,1.547106902890174052e+00,3.555325588773087242e-01,6.999999999999999556e-01,2.000000000000000111e-01,5.000000000000000278e-02,2.000000000000000042e-02,4.137801397054391650e+00,4.038446631449978064e+00,-2.264973234132210855e+00,1.240405500055762333e+00
-7.373493061510778546e-01,3.101988022004862344e-01,9.813776973826020544e-01,6.999999999999999556e-01,2.000000000000000111e-01,5.000000000000000278e-02,2.000000000000000042e-02,5.461217906548246903e-01,5.390692283671615348e-01,-7.950238614563476247e-01,6.404296403999870657e-02
-5.211025609416752857e-02,1.030620464197934183e+00,2.611069976350417488e-01,6.999999999999999556e-01,2.000000000000000111e-01,5.000000000000000278e-02,2.000000000000000042e-02,4.423330989280054720e-02,7.355674249763645423e-02,-8.491123175898290798e-01,1.503765097106836424e-02
7.438378131008898109e-01,8.937445856556995860e-01,6.889392377947323176e-02,6.999999999999999556e-01,2.000000000000000111e-01,5.000000000000000278e-02,2.000000000000000042e-02,-6.244472683236396149e-01,-6.363323410388274093e-01,-8.948233176442500492e-01,-1.861442850581709885e-01
1.775451754432398666e+00,1.871406497056971485e+00,3.207730978972037628e-01,6.999999999999999556e-01,2.000000000000000111e-01,5.000000000000000278e-02,2.000000000000000042e-02,-2.393156569832786573e+00,-2.369905365711741485e+00,-1.663137058659348799e+00,-9.303257455676769982e-01
-2.835168418269049084e+00,8.018003317231512384e-01,7.646142552701075124e-01,6.999999999999999556e-01,2.000000000000000111e-01,5.000000000000000278e-02,2.000000000000000042e-02,3.379273318288618988e+00,3.319149385420251175e+00,-1.995730722065723217e+00,6.365069139125550945e-01
2.401321465342589612e+00,1.672179651001878486e+00,7.904879351135132293e-01,6.999999999999999556e-01,2.000000000000000111e-01,5.000000000000000278e-02,2.000000000000000042e-02,-3.313302796984068710e+00,-3.270685569493372302e+00,-1.956417586918729468e+00,-1.124323449160769206e+00
-3.824227916193461141e-01,9.264052319030083860e-01,7.783711914078439431e-02,6.999999999999999556e-01,2.000000000000000111e-01,5.000000000000000278e-02,2.000000000000000042e-02,3.164411276813584029e-01,3.232809256020787170e-01,-8.420888102501074002e-01,9.919797298743252001e-02
2.797912565088060077e+00,1.395590947662438186e+00,4.161579390326484162e-01,6.999999999999999556e-01,2.000000000000000111e-01,5.000000000000000278e-02,2.000000000000000042e-02,-3.816604856279374847e+00,-3.727681679430339123e+00,-2.146921581329275242e+00,-1.093327605492608878e+00
1.733718376370917191e+00,1.922775891208395649e+00,4.287727282088740210e-01,6.999999999999999556e-01,2.000000000000000111e-01,5.000000000000000278e-02,2.000000000000000042e-02,-2.371515863800158996e+00,-2.361870123828584855e+00,-1.668456309178645069e+00,-9.333945309446696204e-01
-6.210254792341132202e-01,2.449592798948281303e+00,1.731511373528056286e-01,6.999999999999999556e-01,2.000000000000000111e-01,5.000000000000000278e-02,2.000000000000000042e-02,9.683987611320793443e-01,9.690600522951549056e-01,-1.597921580170992506e+00,4.259526717306809096e-01
2.703191768047548571e+00,1.230011583243711959e-01,1.484133032284392639e-01,6.999999999999999556e-01,2.000000000000000111e-01,5.000000000000000278e-02,2.000000000000000042e-02,-2.885604193703624087e+00,-2.990452286665755910e+00,-1.798204960118884088e+00,-9.309880121997095304e-02
-2.111301979058390899e-01,1.355888183043505446e+00,3.209684665159312500e-01,6.999999999999999556e-01,2.000000000000000111e-01,5.000000000000000278e-02,2.000000000000000042e-02,2.026025193909486433e-01,2.093495151802340914e-01,-9.640669811585462767e-01,8.015530331876587200e-02
-2.348989444131830862e+00,9.748476250440123447e-01,3.839873165905579588e-01,6.999999999999999556e-01,2.000000000000000111e-01,5.000000000000000278e-02,2.000000000000000042e-02,2.604873027770381544e+00,2.646811538278838860e+00,-1.660708616183968367e+00,6.411738986423035636e-01
-1.795725670616294067e+00,1.888808727430403511e+00,6.056865427265960555e-01,6.999999999999999556e-01,2.000000000000000111e-01,5.000000000000000278e-02,2.000000000000000042e-02,2.443435500639921099e+00,2.454300933083544578e+00,-1.683158379850967279e+00,9.496990492446436560e-01
2.164626005080227955e-01,2.157439627209966293e+00,6.539954296830412517e-01,6.999999999999999556e-01,2.000000000000000111e-01,5.000000000000000278e-02,2.000000000000000042e-02,-2.930858602197048413e-01,-2.889816159056852185e-01,-1.358664812920627130e+00,-1.307613978005799649e-01
1.550112792677968088e+00,2.138291803735045349e+00,6.132506178968757382e-01,6.999999999999999556e-01,2.000000000000000111e-01,5.000000000000000278e-02,2.000000000000000042e-02,-2.263572885268342549e+00,-2.237322988024592174e+00,-1.700548307812449700e+00,-9.280861742454793450e-01
-1.133595532131647099e+00,4.695948309936812670e-01,4.225775399393566500e-01,6.999999999999999556e-01,2.000000000000000111e-01,5.000000000000000278e-02,2.000000000000000042e-02,9.013497442264325477e-01,9.189907073713180496e-01,-9.236285273117625927e-01,1.490525686514348191e-01
2.627247180529651338e+00,4.442120953232147063e-01,1.743128356359237019e-01,6.999999999999999556e-01,2.000000000000000111e-01,5.000000000000000278e-02,2.000000000000000042e-02,-2.818371009317467646e+00,-2.866751069601575441e+00,-1.762989576128552338e+00,-3.267753929986236816e-01
-1.461654700592812217e+00,2.593940182339295575e+00,1.122009257773672886e-01,6.999999999999999556e-01,2.000000000000000111e-01,5.000000000000000278e-02,2.000000000000000042e-02,2.556164128453409123e+00,2.553776264556602449e+00,-1.962458763302378228e+00,1.061604560960386134e+00
2.864503896835410401e+00,9.359288212235655768e-01,1.374038964475386981e-01,6.999999999999999556e-01,2.000000000000000111e-01,5.000000000000000278e-02,2.000000000000000042e-02,-3.531658068725817667e+00,-3.499942211213958654e+00,-2.053442172423358247e+00,-7.506720915555331608e-01
8.919056283922968120e-01,2.090203629980078581e+00,7.343846218067434650e-01,6.999999999999999556e-01,2.000000000000000111e-01,5.000000000000000278e-02,2.000000000000000042e-02,-1.205346197261504937e+00,-1.198679158514254217e+00,-1.430977517563144286e+00,-5.219940269782676889e-01
1.407452726954383948e+00,5.120386105033314372e-02,1.911979984031979551e-01,6.999999999999999556e-01,2.000000000000000111e-01,5.000000000000000278e-02,2.000000000000000042e-02,-1.125136310660254102e+00,-1.145800307239209115e+00,-9.975055337458044180e-01,-2.017876388244772834e-02
-6.796583723142899380e-01,1.791003588258804236e+00,4.735953909263097561e-01,6.999999999999999556e-01,2.000000000000000111e-01,5.000000000000000278e-02,2.000000000000000042e-02,7.966778148626850742e-01,7.580853584160757164e-01,-1.218367464900364183e+00,3.408357634094087985e-01
1.911654793774570926e-01,6.982162954368046348e-01,2.455800540443491276e-01,6.999999999999999556e-01,2.000000000000000111e-01,5.000000000000000278e-02,2.000000000000000042e-02,-1.472123398453690779e-01,-1.404214798745098691e-01,-7.737324754057312015e-01,-3.737295879137211146e-02
-8.829612193689699851e-01,2.004277969145909388e+00,2.647113863409094048e-01,6.999999999999999556e-01,2.000000000000000111e-01,5.000000000000000278e-02,2.000000000000000042e-02,1.149067409980071508e+00,1.165915445381066951e+00,-1.379341302100941968e+00,4.955159214856016958e-01
3.087420749175695533e-02,2.471024824954676236e-01,7.447607715380931692e-01,6.999999999999999556e-01,2.000000000000000111e-01,5.000000000000000278e-02,2.000000000000000042e-02,-2.187734024039113268e-02,1.161135497707448117e-02,-7.086913316629958048e-01,-2.136146128562126014e-03
2.051997074549940514e+00,2.649767209145609037e+00,7.888742072993359944e-01,6.999999999999999556e-01,2.000000000000000111e-01,5.000000000000000278e-02,2.000000000000000042e-02,-3.885480831143935276e+00,-3.851315361776936452e+00,-2.314581075867090831e+00,-1.522448077193441884e+00
1.603974986394051783e+00,2.061879530233543090e+00,5.370389322816749855e-01,6.999999999999999556e-01,2.000000000000000111e-01,5.000000000000000278e-02,2.000000000000000042e-02,-2.283780319304593576e+00,-2.321843448885283934e+00,-1.681098971154123323e+00,-9.260168936067059153e-01
1.948408692094993455e+00,1.869405229046627870e+00,6.248632100653938037e-01,6.999999999999999556e-01,2.000000000000000111e-01,5.000000000000000278e-02,2.000000000000000042e-02,-2.686990901484382910e+00,-2.662213877802050987e+00,-1.758699092168861000e+00,-1.019862311250238962e+00
-5.233608519585528640e-01,1.419906337091449755e+00,6.348951439303740507e-01,6.999999999999999556e-01,2.000000000000000111e-01,5.000000000000000278e-02,2.000000000000000042e-02,5.212433810141686719e-01,5.194465657268594327e-01,-1.023344748060161402e+00,2.080745492788281803e-01
-1.217083538674338605e+00,2.384214968509307919e+00,7.979743002868494584e-01,6.999999999999999556e-01,2.000000000000000111e-01,5.000000000000000278e-02,2.000000000000000042e-02,1.910689661105906323e+00,1.886001256299056239e+00,-1.718021193265745206e+00,8.125008614334178203e-01
5.519631273976335351e-01,1.315211825377638366e+00,1.405128137392019916e-03,6.999999999999999556e-01,2.000000000000000111e-01,5.000000000000000278e-02,2.000000000000000042e-02,-5.284509691997936187e-01,-5.563056193759563506e-01,-9.878689944868314088e-01,-2.032655610512216215e-01
2.713520805103361688e+00,1.917679832190444245e+00,2.687785624749642333e-01,6.999999999999999556e-01,2.000000000000000111e-01,5.000000000000000278e-02,2.000000000000000042e-02,-4.295528370152934095e+00,-4.447878728581984298e+00,-2.319328705389915424e+00,-1.457025954209250296e+00
1.235185385421699422e+00,1.183827858814839651e+00,7.941358121540905701e-01,6.999999999999999556e-01,2.000000000000000111e-01,5.000000000000000278e-02,2.000000000000000042e-02,-1.201201634458485046e+00,-1.217201498911858248e+00,-1.125055216356760646e+00,-4.094291236176827442e-01
-1.604459186385458480e+00,3.970352506030361273e-02,9.994135232983343275e-01,6.999999999999999556e-01,2.000000000000000111e-01,5.000000000000000278e-02,2.000000000000000042e-02,1.329992625681514218e+00,1.319601428686460576e+00,-1.086364083902813249e+00,1.783675194416902907e-02
1.754988535127355753e+00,1.382445217178128738e+00,7.000958749022755390e-01,6.999999999999999556e-01,2.000000000000000111e-01,5.000000000000000278e-02,2.000000000000000042e-02,-1.968326533076263374e+00,-1.965097564108862382e+00,-1.429559382754085117e+00,-6.793291418449937114e-01
2.315602269537730962e+00,2.406855953952939942e+00,8.241586621964587245e-01,6.999999999999999556e-01,2.000000000000000111e-01,5.000000000000000278e-02,2.000000000000000042e-02,-4.119721516460509214e+00,-4.116548004982164777e+00,-2.315315862234263555e+00,-1.560529910638671858e+00
1.421573497162258448e+00,1.924113843336780150e+00,1.847734213519636182e-01,6.999999999999999556e-01,2.000000000000000111e-01,5.000000000000000278e-02,2.000000000000000042e-02,-1.875558014320168221e+00,-1.866335017068724511e+00,-1.521440652671953053e+00,-7.658753886589625415e-01
1.353766142498428415e+00,2.645647044269525683e-01,3.747554276411291241e-02,6.999999999999999556e-01,2.000000000000000111e-01,5.000000000000000278e-02,2.000000000000000042e-02,-1.084953356392852175e+00,-1.043636234903152715e+00,-9.847016428822541467e-01,-1.002844470189274834e-01
1.063316173005085297e+00,9.867683340401289804e-02,9.382042769714636909e-01,6.999999999999999556e-01,2.000000000000000111e-01,5.000000000000000278e-02,2.000000000000000042e-02,-8.058822880736962180e-01,-8.067331811314513157e-01,-8.709593890092170998e-01,-2.937890840063629716e-02
3.961388816878139707e-01,5.228493183750425599e-01,2.426561231161387111e-01,6.999999999999999556e-01,2.000000000000000111e-01,5.000000000000000278e-02,2.000000000000000042e-02,-2.955664681926889470e-01,-2.681251602281874979e-01,-7.618108993992653843e-01,-5.799386439625104500e-02
-6.346462536814971855e-01,1.878869349555075452e+00,2.765784593906334132e-01,6.999999999999999556e-01,2.000000000000000111e-01,5.000000000000000278e-02,2.000000000000000042e-02,7.706888963861031616e-01,7.557323748090236659e-01,-1.254637384674445411e+00,3.338768702785935849e-01
1.306915470601873963e+00,9.175468749567949889e-01,6.353571542317243415e-01,6.999999999999999556e-01,2.000000000000000111e-01,5.000000000000000278e-02,2.000000000000000042e-02,-1.180492727484204307e+00,-1.196880490268447783e+00,-1.074069124578794998e+00,-3.357637376473627810e-01
-4.722625714231130090e-01,7.377505380632929377e-01,5.159648497326569938e-01,6.999999999999999556e-01,2.000000000000000111e-01,5.000000000000000278e-02,2.000000000000000042e-02,3.718360379569065066e-01,3.618777583602623138e-01,-8.096534103528505444e-01,9.755535052887565062e-02
-1.936381881493627333e+00,2.617372917338293359e+00,8.439056603368348952e-01,6.999999999999999556e-01,2.000000000000000111e-01,5.000000000000000278e-02,2.000000000000000042e-02,3.575661743595254016e+00,3.450343802960474271e+00,-2.221525957024755638e+00,1.419105378388876737e+00
2.374549261713101878e+00,3.361812089849969265e-02,2.410955279228296222e-01,6.999999999999999556e-01,2.000000000000000111e-01,5.000000000000000278e-02,2.000000000000000042e-02,-2.332003120359200210e+00,-2.254932885945563292e+00,-1.545930854372720376e+00,-2.235180756471998736e-02
2.495308721643286098e+00,2.463303669850102295e+00,1.759903708863472804e-01,6.999999999999999556e-01,2.000000000000000111e-01,5.000000000000000278e-02,2.000000000000000042e-02,-4.643343772922588819e+00,-4.618376887946785025e+00,-2.483485938231935197e+00,-1.721076876801204580e+00
-2.245723627283216395e+00,1.045236872156991126e+00,7.878030231244637083e-02,6.999999999999999556e-01,2.000000000000000111e-01,5.000000000000000278e-02,2.000000000000000042e-02,2.481786340848120886e+00,2.518043929119564428e+00,-1.609444008169027329e+00,6.572476791749571889e-01
1.826276730649124325e+00,2.426248323668335427e+00,7.916160328771351118e-01,6.999999999999999556e-01,2.000000000000000111e-01,5.000000000000000278e-02,2.000000000000000042e-02,-3.088050711650118796e+00,-2.981614344154613683e+00,-2.024428334471045421e+00,-1.240680239761739134e+00
7.236561404487877880e-01,8.696413445537983788e-01,6.536455068044849659e-01,6.999999999999999556e-01,2.000000000000000111e-01,5.000000000000000278e-02,2.000000000000000042e-02,-6.021271807978122448e-01,-5.928494237321926263e-01,-8.844303809834126451e-01,-1.762099637128589080e-01
-1.015708169231547942e+00,1.552089109786359167e+00,6.778562511677088676e-01,6.999999999999999556e-01,2.000000000000000111e-01,5.000000000000000278e-02,2.000000000000000042e-02,1.105944128793215464e+00,1.141910954423669855e+00,-1.192006747416993306e+00,4.414114846918911761e-01
-1.021667437889727914e+00,4.254301356413038304e-01,2.668545384231780782e-01,6.999999999999999556e-01,2.000000000000000111e-01,5.000000000000000278e-02,2.000000000000000042e-02,7.943759895181585762e-01,7.481445355296075794e-01,-8.819093650902730674e-01,1.217014726708844780e-01
-2.124299347785821190e+00,8.329681029268644066e-01,1.982267149966068231e-01,6.999999999999999556e-01,2.000000000000000111e-01,5.000000000000000278e-02,2.000000000000000042e-02,2.172668382991734592e+00,2.228045426170391696e+00,-1.474034178319590938e+00,4.954526073767006045e-01
-3.230411989225334679e-01,1.938115819196853495e+00,7.286600773911773299e-01,6.999999999999999556e-01,2.000000000000000111e-01,5.000000000000000278e-02,2.000000000000000042e-02,3.976956293776107154e-01,4.040211639223443840e-01,-1.241534352437148714e+00,1.753055522075422923e-01
-1.727517617135667205e+00,2.035461928840732071e+00,8.011671063301196716e-01,6.999999999999999556e-01,2.000000000000000111e-01,5.000000000000000278e-02,2.000000000000000042e-02,2.469055578367239878e+00,2.442991702563650946e+00,-1.727682304553518788e+00,9.845629755027669461e-01
1.035481777875183695e+00,5.091549966728017296e-01,2.881682044872249104e-01,6.999999999999999556e-01,2.000000000000000111e-01,5.000000000000000278e-02,2.000000000000000042e-02,-8.179317772134900855e-01,-7.961599417762541542e-01,-8.971268103358959189e-01,-1.476218019272600712e-01
2.672192722967082545e+00,1.918693644977778057e+00,3.147327994384909733e-01,6.999999999999999556e-01,2.000000000000000111e-01,5.000000000000000278e-02,2.000000000000000042e-02,-4.201821680135800818e+00,-4.197913011799597527e+00,-2.286486034760670361e+00,-1.435593374799585265e+00
-1.215653987064253760e+00,2.934664943080154131e+00,7.933279387713112474e-01,6.999999999999999556e-01,2.000000000000000111e-01,5.000000000000000278e-02,2.000000000000000042e-02,2.406517016858130020e+00,2.374083183543527209e+00,-2.127388358379892708e+00,9.989103988508625243e-01
-1.449769266359353770e+00,1.814744952207765660e+00,8.034706414796898288e-01,6.999999999999999556e-01,2.000000000000000111e-01,5.000000000000000278e-02,2.000000000000000042e-02,1.835630343956361932e+00,1.765778027863092570e+00,-1.476336532670919910e+00,7.366692082376459227e-01
1.291523739002218285e-01,8.395989498955833685e-01,1.717873543862148411e-01,6.999999999999999556e-01,2.000000000000000111e-01,5.000000000000000278e-02,2.000000000000000042e-02,-1.032603854353115747e-01,-6.771190301284535362e-02,-8.011917458858166530e-01,-3.036213530088143625e-02
-2.306344168981878440e+00,2.045110686132173505e+00,2.616964747850626383e-01,6.999999999999999556e-01,2.000000000000000111e-01,5.000000000000000278e-02,2.000000000000000042e-02,3.578311548591827762e+00,3.394720567992941529e+00,-2.083430394463988033e+00,1.320684149647370687e+00
-2.148813336859485279e+00,1.756251771521147642e+00,7.586711510244411594e-01,6.999999999999999556e-01,2.000000000000000111e-01,5.000000000000000278e-02,2.000000000000000042e-02,2.928163819573306181e+00,2.933297000055830051e+00,-1.824428653395743005e+00,1.056680024267766971e+00
-1.936755780694236151e+00,1.976437151672781223e+00,7.066916272113007436e-01,6.999999999999999556e-01,2.000000000000000111e-01,5.000000000000000278e-02,2.000000000000000042e-02,2.778147725121548284e+00,2.866800756794071425e+00,-1.809535977139619556e+00,1.071805302030710561e+00
1.972963633167076125e+00,2.510460806208867357e+00,3.811115447859267924e-01,6.999999999999999556e-01,2.000000000000000111e-01,5.000000000000000278e-02,2.000000000000000042e-02,-3.505891582476256207e+00,-3.459367823948194420e+00,-2.166225709001496913e+00,-1.386853404479590157e+00
1.854518861744791636e-02,2.805258161886905022e+00,7.999112193672023308e-01,6.999999999999999556e-01,2.000000000000000111e-01,5.000000000000000278e-02,2.000000000000000042e-02,-3.341367241495583895e-02,-4.546981733481664234e-02,-1.801777858279761890e+00,-1.456673168519180897e-02
1.722802251530263895e+00,4.592600430422751900e-01,6.907641941740796376e-01,6.999999999999999556e-01,2.000000000000000111e-01,5.000000000000000278e-02,2.000000000000000042e-02,-1.512501762068454436e+00,-1.520019843994558473e+00,-1.174735909880588958e+00,-2.215399861335128895e-01
1.998336678225495433e+00,7.361304484669116688e-01,4.361886607775552482e-01,6.999999999999999556e-01,2.000000000000000111e-01,5.000000000000000278e-02,2.000000000000000042e-02,-1.949440975075660942e+00,-1.972459205754905742e+00,-1.374866747133609568e+00,-4.118902130364034964e-01
-1.190342933364562983e+00,3.967479869848893337e-01,4.965997694700849951e-01,6.999999999999999556e-01,2.000000000000000111e-01,5.000000000000000278e-02,2.000000000000000042e-02,9.438027594484927896e-01,9.490556197496585744e-01,-9.345746999763615559e-01,1.322345255375420026e-01
-1.948318473504819126e+00,2.988380061894657658e+00,2.094002498564336845e-01,6.999999999999999556e-01,2.000000000000000111e-01,5.000000000000000278e-02,2.000000000000000042e-02,4.169509468032040367e+00,4.164553886626308987e+00,-2.519649886336154943e+00,1.630248502523993892e+00
-2.636980240505653050e+00,2.949777245602259512e+00,4.059993105498425070e-01,6.999999999999999556e-01,2.000000000000000111e-01,5.000000000000000278e-02,2.000000000000000042e-02,5.974999703524127348e+00,5.824257509579331860e+00,-2.961215730136787183e+00,2.177981206952977367e+00
1.405481522036462039e+00,2.260649169732190433e+00,1.130578953517429319e-01,6.999999999999999556e-01,2.000000000000000111e-01,5.000000000000000278e-02,2.000000000000000042e-02,-2.128241637251334417e+00,-2.189630444666890607e+00,-1.711781599923407171e+00,-8.896441780423856027e-01
2.303403447108327562e-01,1.871928916731059989e+00,5.160013753490261257e-01,6.999999999999999556e-01,2.000000000000000111e-01,5.000000000000000278e-02,2.000000000000000042e-02,-2.748488564400026202e-01,-2.519499995965672756e-01,-1.198535002861374599e+00,-1.207306105471222524e-01
2.109431685366283560e+00,4.738389785706212942e-01,7.300660869842179324e-02,6.999999999999999556e-01,2.000000000000000111e-01,5.000000000000000278e-02,2.000000000000000042e-02,-2.012225644691637783e+00,-2.062545171834646585e+00,-1.398888578149884765e+00,-2.798686674443698896e-01
9.341245910751494463e-01,9.131124359183697692e-01,9.262582107683492438e-03,6.999999999999999556e-01,2.000000000000000111e-01,5.000000000000000278e-02,2.000000000000000042e-02,-8.036814177761423261e-01,-8.259081193741001359e-01,-9.476167176357264132e-01,-2.388290186262065906e-01
-1.981267624322312182e+00,3.951422239867611319e-01,9.627549101901237139e-01,6.999999999999999556e-01,2.000000000000000111e-01,5.000000000000000278e-02,2.000000000000000042e-02,1.819061843775946485e+00,1.903370440858125123e+00,-1.310672442682975447e+00,2.192070987085518452e-01
-9.224941173828860030e-02,1.082186826837848503e+00,1.367506089331106400e-01,6.999999999999999556e-01,2.000000000000000111e-01,5.000000000000000278e-02,2.000000000000000042e-02,7.973886603743524093e-02,6.332272693740276237e-02,-8.652344590403011626e-01,2.795270748668067864e-02
-5.665621773630276081e-01,2.897515641371608552e-01,3.195921608120083635e-01,6.999999999999999556e-01,2.000000000000000111e-01,5.000000000000000278e-02,2.000000000000000042e-02,4.123459190463288349e-01,3.863165168334600219e-01,-7.599027407715404081e-01,4.596543758012998360e-02
-2.280263509327713489e+00,5.890704053188200451e-02,8.831026342435532861e-01,6.999999999999999556e-01,2.000000000000000111e-01,5.000000000000000278e-02,2.000000000000000042e-02,2.190115318909701347e+00,2.148147350781793197e+00,-1.480426056315122363e+00,3.761060099085494768e-02
-2.151454465719814024e+00,1.740818045300087658e-01,8.298401705114488713e-02,6.999999999999999556e-01,2.000000000000000111e-01,5.000000000000000278e-02,2.000000000000000042e-02,2.013073866195369988e+00,2.043917832395833578e+00,-1.398556074163439078e+00,1.048681412118623035e-01
1.232669021019681566e+00,1.327351364192177474e+00,5.761602541754883289e-01,6.999999999999999556e-01,2.000000000000000111e-01,5.000000000000000278e-02,2.000000000000000042e-02,-1.260569591774612030e+00,-1.279164418376345314e+00,-1.174581567470439847e+00,-4.581317738614148483e-01
9.677144875295247139e-01,4.859749083391763369e-01,4.995579636528758583e-01,6.999999999999999556e-01,2.000000000000000111e-01,5.000000000000000278e-02,2.000000000000000042e-02,-7.547085215038783490e-01,-7.574240900811841648e-01,-8.735347250211175085e-01,-1.316797886251830640e-01
-4.785822426674095631e-01,1.740806218082429080e-01,5.867368696336987544e-01,6.999999999999999556e-01,2.000000000000000111e-01,5.000000000000000278e-02,2.000000000000000042e-02,3.425187348469856397e-01,2.966520180301516207e-01,-7.385987132539653111e-01,2.332733042917929309e-02
-2.250662175449837932e+00,2.260374591070037020e+00,6.546823810096165097e-01,6.999999999999999556e-01,2.000000000000000111e-01,5.000000000000000278e-02,2.000000000000000042e-02,3.755398802064974895e+00,3.709285878083437460e+00,-2.175123095073794754e+00,1.424455086451383634e+00
-1.456415224849438639e+00,2.290614605864223385e+00,4.967412504759002312e-01,6.999999999999999556e-01,2.000000000000000111e-01,5.000000000000000278e-02,2.000000000000000042e-02,2.243790293479911213e+00,2.245273112332524246e+00,-1.752739934239777808e+00,9.341040761480822185e-01
-3.640947236554321620e-01,2.831352130218112606e+00,9.018325609661369535e-01,6.999999999999999556e-01,2.000000000000000111e-01,5.000000000000000278e-02,2.000000000000000042e-02,6.659095638125551719e-01,6.668203035167103998e-01,-1.842202429109749184e+00,2.886465039984351666e-01
1.433943608380028323e+00,2.409139284832289452e+00,6.418392575091277363e-01,6.999999999999999556e-01,2.000000000000000111e-01,5.000000000000000278e-02,2.000000000000000042e-02,-2.316339458702283860e+00,-2.248909984473522528e+00,-1.820982433923203470e+00,-9.672795661710982262e-01
-5.106764762855338091e-01,2.845355105231544002e+00,1.560874645505188063e-01,6.999999999999999556e-01,2.000000000000000111e-01,5.000000000000000278e-02,2.000000000000000042e-02,9.429569219378841627e-01,9.529309804613473878e-01,-1.872564963996120824e+00,4.068556572977957142e-01
1.527861642076144832e+00,1.958725755810839075e+00,5.789289778603695646e-01,6.999999999999999556e-01,2.000000000000000111e-01,5.000000000000000278e-02,2.000000000000000042e-02,-2.068484761550722695e+00,-2.187606872038637018e+00,-1.587279101705886042e+00,-8.379453459019962080e-01
-8.110918408405662916e-01,1.590619273545569978e+00,5.210407036453779117e-02,6.999999999999999556e-01,2.000000000000000111e-01,5.000000000000000278e-02,2.000000000000000042e-02,8.817405786484713293e-01,8.492036023716855730e-01,-1.152890250414169815e+00,3.612387281038369480e-01
6.138651972433377679e-01,1.242984940249706405e+00,2.620020871375421390e-01,6.999999999999999556e-01,2.000000000000000111e-01,5.000000000000000278e-02,2.000000000000000042e-02,-5.740518297170280615e-01,-5.919397560154524562e-01,-9.728261906942494708e-01,-2.136470547447276158e-01
1.488793614532535337e+00,1.000617798177163120e+00,9.030625365424610473e-01,6.999999999999999556e-01,2.000000000000000111e-01,5.000000000000000278e-02,2.000000000000000042e-02,-1.415840283204973904e+00,-1.424488075641195950e+00,-1.172649000924975704e+00,-4.171197487838542717e-01
-4.851914462658797333e-01,4.824400075002455157e-02,5.623518389447801358e-02,6.999999999999999556e-01,2.000000000000000111e-01,5.000000000000000278e-02,2.000000000000000042e-02,3.455030747643941802e-01,3.462654796371021360e-01,-7.356374586346080546e-01,6.554121419315847227e-03
-1.842478798055662281e-01,2.130261306705873992e+00,3.428848801278880920e-01,6.999999999999999556e-01,2.000000000000000111e-01,5.000000000000000278e-02,2.000000000000000042e-02,2.463429559803815005e-01,2.585714565806771503e-01,-1.340413945060677126e+00,1.098989161738698345e-01
-2.675269665271319486e+00,9.570408815875717234e-01,6.834680621125821531e-02,6.999999999999999556e-01,2.000000000000000111e-01,5.000000000000000278e-02,2.000000000000000042e-02,3.173092416042629260e+00,3.065574254398246268e+00,-1.901789982152326086e+00,7.168958829020103396e-01
-2.325120576830475905e+00,2.198003643822973086e+00,8.935951574905550698e-01,6.999999999999999556e-01,2.000000000000000111e-01,5.000000000000000278e-02,2.000000000000000042e-02,3.828729754662128837e+00,3.657484306738785662e+00,-2.187298657076342412e+00,1.430974580056324275e+00
1.085318481336685181e+00,2.826395719502436954e+00,5.649321845653898500e-02,6.999999999999999556e-01,2.000000000000000111e-01,5.000000000000000278e-02,2.000000000000000042e-02,-2.037454923968413212e+00,-2.006016956409663710e+00,-1.995079217740683308e+00,-8.589110627851298529e-01
-2.420228354708061413e+00,2.372159424309194797e+00,5.636467257677684195e-01,6.999999999999999556e-01,2.000000000000000111e-01,5.000000000000000278e-02,2.000000000000000042e-02,4.309639910734421875e+00,4.221920889157564361e+00,-2.366425440147383874e+00,1.607526900168297912e+00
-1.870718569260474418e+00,1.521957518373604046e+00,4.619258027580136483e-01,6.999999999999999556e-01,2.000000000000000111e-01,5.000000000000000278e-02,2.000000000000000042e-02,2.243494889889035893e+00,2.137201085423142910e+00,-1.549227851089145069e+00,7.972031735491853510e-01
-8.724609476810041286e-02,1.673210711577971299e+00,8.818585451908634854e-01,6.999999999999999556e-01,2.000000000000000111e-01,5.000000000000000278e-02,2.000000000000000042e-02,9.530147138402469964e-02,7.582840565250632825e-02,-1.093090554105339063e+00,4.087470808661307353e-02
2.566431948355838877e+00,2.659667141588951900e+00,4.782894843990126432e-02,6.999999999999999556e-01,2.000000000000000111e-01,5.000000000000000278e-02,2.000000000000000042e-02,-5.183332138967205793e+00,-5.231758062959009692e+00,-2.678322044397944524e+00,-1.911239322766518756e+00
2.982211952062870708e+00,7.186587258658140298e-01,1.544943777113438887e-02,6.999999999999999556e-01,2.000000000000000111e-01,5.000000000000000278e-02,2.000000000000000042e-02,-3.629307979947998142e+00,-3.718826726835315011e+00,-2.106344070050826467e+00,-6.000939396847653207e-01
1.649393239511519837e+00,1.764140502234714969e+00,8.248513095816191187e-01,6.999999999999999556e-01,2.000000000000000111e-01,5.000000000000000278e-02,2.000000000000000042e-02,-2.097585738642105735e+00,-2.147876397532036741e+00,-1.543781548409439042e+00,-8.147331970216308283e-01
-8.301437156597444300e-01,1.789800014960662544e+00,1.834324835559151268e-01,6.999999999999999556e-01,2.000000000000000111e-01,5.000000000000000278e-02,2.000000000000000042e-02,9.820024887661750190e-01,1.001676447461431030e+00,-1.251844561394851230e+00,4.160215457180468923e-01
-1.933046047304267212e+00,1.810379837943205672e+00,4.382554530711383345e-01,6.999999999999999556e-01,2.000000000000000111e-01,5.000000000000000278e-02,2.000000000000000042e-02,2.601261159668257328e+00,2.542435478840312513e+00,-1.719346575218175133e+00,9.798733251595268534e-01
-5.518956118064592964e-01,8.701661843240846572e-01,9.105220398723307129e-01,6.999999999999999556e-01,2.000000000000000111e-01,5.000000000000000278e-02,2.000000000000000042e-02,4.532365030910963100e-01,4.587448708378603635e-01,-8.516948013174430177e-01,1.344674516278332177e-01
-2.621696337405639454e+00,1.371599303467158082e+00,3.180008062365901056e-01,6.999999999999999556e-01,2.000000000000000111e-01,5.000000000000000278e-02,2.000000000000000042e-02,3.426673608528207460e+00,3.439416446513505754e+00,-1.994373603732944700e+00,1.006856723680632726e+00
-1.292231701938095556e+00,1.517091817263404252e+00,2.126899736106424577e-01,6.999999999999999556e-01,2.000000000000000111e-01,5.000000000000000278e-02,2.000000000000000042e-02,1.428836875024441566e+00,1.417788959636084423e+00,-1.272698877205134860e+00,5.489215594852211444e-01
1.247669998140447767e+00,2.376943980229367259e+00,8.261357669909767942e-01,6.999999999999999556e-01,2.000000000000000111e-01,5.000000000000000278e-02,2.000000000000000042e-02,-1.957363155022631362e+00,-1.866262930217911231e+00,-1.724482839559775327e+00,-8.303796735899624526e-01
7.145420965472357722e-01,2.894634700712581221e+00,8.023563443883569013e-01,6.999999999999999556e-01,2.000000000000000111e-01,5.000000000000000278e-02,2.000000000000000042e-02,-1.356612423666114120e+00,-1.394025324934331511e+00,-1.949632968240435638e+00,-5.791347373799534681e-01
2.579856153902316152e+00,1.582314196219131164e-01,9.939069198346003331e-01,6.999999999999999556e-01,2.000000000000000111e-01,5.000000000000000278e-02,2.000000000000000042e-02,-2.673474217148924303e+00,-2.537154112250841198e+00,-1.701853871725927059e+00,-1.143000044626418243e-01
-1.117760064718957391e+00,2.391535280152253584e+00,7.928574301569505378e-01,6.999999999999999556e-01,2.000000000000000111e-01,5.000000000000000278e-02,2.000000000000000042e-02,1.747272604758606684e+00,1.712843170509521729e+00,-1.688129873811887727e+00,7.484855362657826250e-01
-4.964364019325162580e-01,1.458172233554616337e+00,5.997852870616171561e-01,6.999999999999999556e-01,2.000000000000000111e-01,5.000000000000000278e-02,2.000000000000000042e-02,5.014006328262333723e-01,4.954436492662177560e-01,-1.034644641953907485e+00,2.026891375666512451e-01
1.409394093275659898e+00,1.935142445182591375e+00,2.079403808431402600e-01,6.999999999999999556e-01,2.000000000000000111e-01,5.000000000000000278e-02,2.000000000000000042e-02,-1.865457482829460334e+00,-1.855218600287171116e+00,-1.522227436164664383e+00,-7.636659329284611886e-01
-1.488777230690164322e+00,1.624468058738740783e+00,7.528206215724646544e-01,6.999999999999999556e-01,2.000000000000000111e-01,5.000000000000000278e-02,2.000000000000000042e-02,1.757156702860206643e+00,1.795085043150163706e+00,-1.401914152733958918e+00,6.771718961934329872e-01
-1.562273834288095298e+00,2.413504849180598821e+00,5.543749657714182044e-01,6.999999999999999556e-01,2.000000000000000111e-01,5.000000000000000278e-02,2.000000000000000042e-02,2.558279284069017834e+00,2.592617740290732886e+00,-1.881605721977741119e+00,1.055755532944639752e+00
2.870181057331001817e+00,1.222642695911586141e+00,4.219084441599078028e-01,6.999999999999999556e-01,2.000000000000000111e-01,5.000000000000000278e-02,2.000000000000000042e-02,-3.792016302579760634e+00,-3.820618952013682179e+00,-2.144970617940489710e+00,-9.825776535930719202e-01
-9.128981897761176967e-01,1.190150171764108311e+00,5.855106046112800167e-01,6.999999999999999556e-01,2.000000000000000111e-01,5.000000000000000278e-02,2.000000000000000042e-02,8.580998287322092466e-01,8.505850414081208566e-01,-1.023311506123495862e+00,3.042160624622531895e-01
2.256140148520088040e+00,1.651128893359182559e+00,1.544878603270108952e-01,6.999999999999999556e-01,2.000000000000000111e-01,5.000000000000000278e-02,2.000000000000000042e-02,-3.014609672225214698e+00,-2.945317519697419062e+00,-1.845196982612609560e+00,-1.043049892272974510e+00
-5.829515119671837553e-01,2.907291166123311843e+00,9.335103399553082992e-01,6.999999999999999556e-01,2.000000000000000111e-01,5.000000000000000278e-02,2.000000000000000042e-02,1.107794121497085449e+00,1.141206673201001554e+00,-1.934302739242334201e+00,4.745467386857179504e-01
2.395928931220877800e+00,1.266728004429285903e+00,3.726021021200661698e-01,6.999999999999999556e-01,2.000000000000000111e-01,5.000000000000000278e-02,2.000000000000000042e-02,-2.903069815771182949e+00,-2.935471643282442589e+00,-1.785715293727938802e+00,-8.497972766639479980e-01
1.973955260513117871e+00,1.273210775938011796e+00,9.300617066523155785e-01,6.999999999999999556e-01,2.000000000000000111e-01,5.000000000000000278e-02,2.000000000000000042e-02,-2.214332011583636017e+00,-2.161167643162281937e+00,-1.511424100771165957e+00,-7.037131104933515013e-01
-1.241308592484429152e+00,1.520212485315313611e+00,7.797128338980915396e-01,6.999999999999999556e-01,2.000000000000000111e-01,5.000000000000000278e-02,2.000000000000000042e-02,1.366170323258937280e+00,1.381023194538600452e+00,-1.254673493337550072e+00,5.283747897187222042e-01
-2.698783388648890558e+00,2.989201590859400959e+00,6.484687432842168864e-01,6.999999999999999556e-01,2.000000000000000111e-01,5.000000000000000278e-02,2.000000000000000042e-02,6.247999977219834911e+00,6.277193999474175001e+00,-3.043460427938570856e+00,2.258818127645572549e+00
9.871766350338404550e-01,4.823925594859419519e-01,2.822154269333359000e-01,6.999999999999999556e-01,2.000000000000000111e-01,5.000000000000000278e-02,2.000000000000000042e-02,-7.712852973336267182e-01,-7.937223602069767292e-01,-8.787560177161460873e-01,-1.333378658188342780e-01
-9.540646201976308305e-01,1.798653691148538902e+00,6.999318266516518783e-01,6.999999999999999556e-01,2.000000000000000111e-01,5.000000000000000278e-02,2.000000000000000042e-02,1.143383172855075181e+00,1.114115084885628937e+00,-1.289457609022444329e+00,4.804889181995553038e-01
-1.019110092556532843e+00,1.829246778618276892e+00,3.670274552395343948e-01,6.999999999999999556e-01,2.000000000000000111e-01,5.000000000000000278e-02,2.000000000000000042e-02,1.243711152177009893e+00,1.253970574718648034e+00,-1.324247935904535822e+00,5.219770790825952744e-01
1.292715573571487475e+00,2.669369822981995988e+00,9.182052353335936612e-01,6.999999999999999556e-01,2.000000000000000111e-01,5.000000000000000278e-02,2.000000000000000042e-02,-2.302495281946444372e+00,-2.431188146816397833e+00,-1.948241968381709599e+00,-9.662060637013653031e-01
-5.310295073949484745e-01,1.044245356004133374e+00,3.609292749856363169e-01,6.999999999999999556e-01,2.000000000000000111e-01,5.000000000000000278e-02,2.000000000000000042e-02,4.602764038119592227e-01,4.499548779638876117e-01,-8.949616215536861930e-01,1.552670271595344986e-01
-1.338966220627607173e+00,1.847775266380795589e+00,8.588669779728570486e-01,6.999999999999999556e-01,2.000000000000000111e-01,5.000000000000000278e-02,2.000000000000000042e-02,1.697326882708863227e+00,1.711182516240383755e+00,-1.446922861904073487e+00,6.927504261986179301e-01
2.165944487021668863e+00,7.587447186515797748e-01,4.713310937983283821e-02,6.999999999999999556e-01,2.000000000000000111e-01,5.000000000000000278e-02,2.000000000000000042e-02,-2.198786427714815694e+00,-2.272894233750911930e+00,-1.484294424860367112e+00,-4.601517033176549254e-01
1.774737793189973267e+00,1.166064508669502287e+00,8.073920527250405543e-01,6.999999999999999556e-01,2.000000000000000111e-01,5.000000000000000278e-02,2.000000000000000042e-02,-1.859647661524587825e+00,-1.799663788391778985e+00,-1.362813036559533009e+00,-5.794484507933135298e-01
1.842342431364566657e+00,2.263425240977950947e-01,5.008429955163786751e-01,6.999999999999999556e-01,2.000000000000000111e-01,5.000000000000000278e-02,2.000000000000000042e-02,-1.615519887727884463e+00,-1.562367772834702073e+00,-1.216306176511039894e+00,-1.167601221269069511e-01
-1.041819295986424532e+00,8.395066870022976913e-01,6.004451885574800807e-01,6.999999999999999556e-01,2.000000000000000111e-01,5.000000000000000278e-02,2.000000000000000042e-02,8.886066198431210594e-01,8.670580737199691246e-01,-9.614761236764677310e-01,2.448919943760162199e-01
2.864860720962267848e+00,1.167096748908578174e+00,6.206416402723611281e-01,6.999999999999999556e-01,2.000000000000000111e-01,5.000000000000000278e-02,2.000000000000000042e-02,-3.727376954070909409e+00,-3.736834353385028784e+00,-2.121810117560682940e+00,-9.361994973830654043e-01
6.296650895260125225e-02,8.952671426609157823e-01,9.822743232375664713e-01,6.999999999999999556e-01,2.000000000000000111e-01,5.000000000000000278e-02,2.000000000000000042e-02,-5.115453936716802402e-02,-5.397314813794974742e-02,-8.128051731294054782e-01,-1.578411703493191875e-02
-1.106868027917433883e+00,1.241515573312324427e+00,6.203765025278361600e-01,6.999999999999999556e-01,2.000000000000000111e-01,5.000000000000000278e-02,2.000000000000000042e-02,1.081463602692231740e+00,1.069388319453248304e+00,-1.099564053312658496e+00,3.847742903930785330e-01
-2.165588968902500078e+00,8.662043880687422259e-01,9.474678906127246281e-01,6.999999999999999556e-01,2.000000000000000111e-01,5.000000000000000278e-02,2.000000000000000042e-02,2.251199432609518158e+00,2.228567671211973078e+00,-1.508509743202165243e+00,5.252359469326502994e-01
1.859014252277271240e+00,7.647497559416824853e-01,7.071958379949436768e-01,6.999999999999999556e-01,2.000000000000000111e-01,5.000000000000000278e-02,2.000000000000000042e-02,-1.774753698838031690e+00,-1.758073792895994414e+00,-1.300268005015304151e+00,-3.980705948019226947e-01
1.231046456985787074e+00,1.028618819102389281e+00,4.495773829010197842e-01,6.999999999999999556e-01,2.000000000000000111e-01,5.000000000000000278e-02,2.000000000000000042e-02,-1.137365918653088892e+00,-1.099770722988860472e+00,-1.075449241390211919e+00,-3.545577147965721099e-01
2.621102908089062211e+00,2.013314264018870148e+00,9.204641461156487514e-01,6.999999999999999556e-01,2.000000000000000111e-01,5.000000000000000278e-02,2.000000000000000042e-02,-4.222570123958382382e+00,-4.216397885898722997e+00,-2.298007873817199176e+00,-1.477589084248773998e+00
-2.439769975464741947e+00,1.868714024268558038e+00,7.563259621689583101e-01,6.999999999999999556e-01,2.000000000000000111e-01,5.000000000000000278e-02,2.000000000000000042e-02,3.626758986614909475e+00,3.633678849048145754e+00,-2.081764524606602773e+00,1.276585063359289007e+00
-2.672015117487776870e+00,2.938969180918173940e+00,6.988411151392335263e-01,6.999999999999999556e-01,2.000000000000000111e-01,5.000000000000000278e-02,2.000000000000000042e-02,6.055424381261937050e+00,6.070396639274258987e+00,-2.980205296706641249e+00,2.198831622748328218e+00
2.338947269365767134e+00,4.110045067352839920e-01,9.182268284544773396e-01,6.999999999999999556e-01,2.000000000000000111e-01,5.000000000000000278e-02,2.000000000000000042e-02,-2.332358864414638244e+00,-2.364963713530439104e+00,-1.544250607968976841e+00,-2.691690032431446333e-01
-1.488708923022037167e+00,2.419790881496841628e+00,1.900648156142332734e-01,6.999999999999999556e-01,2.000000000000000111e-01,5.000000000000000278e-02,2.000000000000000042e-02,2.427439672704291507e+00,2.457347447987537237e+00,-1.852192446047351782e+00,1.008661997596878468e+00
-1.011612714497438059e+00,2.404760765358141539e-01,1.806671640669175183e-01,6.999999999999999556e-01,2.000000000000000111e-01,5.000000000000000278e-02,2.000000000000000042e-02,7.680811547854176080e-01,7.580168701985101620e-01,-8.616000666939795938e-01,6.811522383570481343e-02
-2.238269322992159971e+00,6.812374521735576893e-01,6.038018592224340120e-01,6.999999999999999556e-01,2.000000000000000111e-01,5.000000000000000278e-02,2.000000000000000042e-02,2.272882598863691150e+00,2.227782300881942401e+00,-1.516449259611316158e+00,4.269420094445555702e-01
8.204529973968366363e-03,5.261758491143253558e-02,3.495592947609503787e-01,6.999999999999999556e-01,2.000000000000000111e-01,5.000000000000000278e-02,2.000000000000000042e-02,-5.746378716292659637e-03,7.141656428980114150e-03,-7.003977025806817913e-01,-1.208767147178286752e-04
-1.759041629350390323e+00,1.498746995556118122e+00,1.559695435459869106e-01,6.999999999999999556e-01,2.000000000000000111e-01,5.000000000000000278e-02,2.000000000000000042e-02,2.056645668996533782e+00,1.979636351306323316e+00,-1.478608076004540361e+00,7.381803399731700077e-01
-2.641328365961427060e+00,3.783898620115588862e-02,2.708018919677290803e-01,6.999999999999999556e-01,2.000000000000000111e-01,5.000000000000000278e-02,2.000000000000000042e-02,2.770835937405523808e+00,2.742432005456227895e+00,-1.746692780967611824e+00,2.798465252585409860e-02
2.725594809490844206e+00,1.967960381999529496e-01,4.027421762571636865e-02,6.999999999999999556e-01,2.000000000000000111e-01,5.000000000000000278e-02,2.000000000000000042e-02,-2.935098659087584938e+00,-2.958651938323581643e+00,-1.819752075119682511e+00,-1.501881528689230083e-01
-2.169750223882893181e+00,1.938740573903992015e+00,8.326415167023639707e-01,6.999999999999999556e-01,2.000000000000000111e-01,5.000000000000000278e-02,2.000000000000000042e-02,3.171330585116626466e+00,3.162376303820282342e+00,-1.932392506912201213e+00,1.177843182398129684e+00
-7.979185447826822042e-01,1.947533691985368298e+00,1.220027786111391732e-01,6.999999999999999556e-01,2.000000000000000111e-01,5.000000000000000278e-02,2.000000000000000042e-02,1.007641817448491128e+00,9.764892884825495667e-01,-1.326505348014759056e+00,4.351125098387785828e-01
-1.797930730117573761e+00,2.859905414362429177e-01,2.748853286637364945e-02,6.999999999999999556e-01,2.000000000000000111e-01,5.000000000000000278e-02,2.000000000000000042e-02,1.569734535658196650e+00,1.539784965655260907e+00,-1.196333919115906141e+00,1.439735312319316285e-01
1.943129704464164220e+00,1.862764266347252118e+00,5.542721228662114141e-01,6.999999999999999556e-01,2.000000000000000111e-01,5.000000000000000278e-02,2.000000000000000042e-02,-2.670972368292483523e+00,-2.679096368999405620e+00,-1.752147656932879105e+00,-1.013485921939047518e+00
1.687552294686120113e+00,1.282449506178390042e+00,2.639691080301691528e-01,6.999999999999999556e-01,2.000000000000000111e-01,5.000000000000000278e-02,2.000000000000000042e-02,-1.810146860614963549e+00,-1.788582617121595941e+00,-1.357429655120665934e+00,-6.059761699517185463e-01
2.514937321179052887e+00,2.605391357963395382e+00,1.509071197355539296e-01,6.999999999999999556e-01,2.000000000000000111e-01,5.000000000000000278e-02,2.000000000000000042e-02,-4.945811515432505523e+00,-4.957699847731134035e+00,-2.599065437359938890e+00,-1.834670869477464494e+00
-1.513434960314219424e-01,1.729610726852855773e+00,5.193023728590857591e-01,6.999999999999999556e-01,2.000000000000000111e-01,5.000000000000000278e-02,2.000000000000000042e-02,1.694990704415458849e-01,1.652371423424348063e-01,-1.122253185370876816e+00,7.329429356910079074e-02
1.720615777245789957e+00,1.576681685125176369e+00,4.160938658382337119e-01,6.999999999999999556e-01,2.000000000000000111e-01,5.000000000000000278e-02,2.000000000000000042e-02,-2.057951880681049506e+00,-2.092571556839262659e+00,-1.492107317005353373e+00,-7.596017472738400000e-01
1.867349563527287870e+00,2.974384989206111385e+00,3.866860326335429532e-01,6.999999999999999556e-01,2.000000000000000111e-01,5.000000000000000278e-02,2.000000000000000042e-02,-3.945569517848117158e+00,-3.944387659543582281e+00,-2.461624407822882610e+00,-1.555180623179721611e+00
2.035454889181755433e+00,8.288883859011892952e-01,6.604148200178062700e-01,6.999999999999999556e-01,2.000000000000000111e-01,5.000000000000000278e-02,2.000000000000000042e-02,-2.042256695863049920e+00,-2.156108643574474293e+00,-1.417649324763549989e+00,-4.724061769471937788e-01
-2.060955937379051583e+00,1.361455237081205638e+00,1.655326543325934541e-01,6.999999999999999556e-01,2.000000000000000111e-01,5.000000000000000278e-02,2.000000000000000042e-02,2.415183603793264577e+00,2.446047681265075546e+00,-1.596629357133312777e+00,7.856517912147281679e-01
-5.727099820682735043e-02,2.320002026477242296e+00,4.894798800030031316e-01,6.999999999999999556e-01,2.000000000000000111e-01,5.000000000000000278e-02,2.000000000000000042e-02,8.325492539099543787e-02,1.024318748361137121e-01,-1.454029311485532272e+00,3.720327293149990749e-02
9.300175024742420860e-01,2.172203728531396649e+00,9.195617942551131963e-01,6.999999999999999556e-01,2.000000000000000111e-01,5.000000000000000278e-02,2.000000000000000042e-02,-1.305588603121382363e+00,-1.306183017211743014e+00,-1.490325548590662130e+00,-5.656524962127216227e-01
-1.163963635037798872e+00,1.242776428292945434e-01,3.610058159540381340e-01,6.999999999999999556e-01,2.000000000000000111e-01,5.000000000000000278e-02,2.000000000000000042e-02,8.961389289158357974e-01,8.766577122086630647e-01,-9.053839921045697681e-01,4.050330393242417004e-02
1.708181367844218812e+00,3.712682395783983846e-02,7.348543440310287833e-01,6.999999999999999556e-01,2.000000000000000111e-01,5.000000000000000278e-02,2.000000000000000042e-02,-1.445270314461639005e+00,-1.406947954096526399e+00,-1.137875513965529439e+00,-1.775741770096402050e-02
8.145343348792914995e-01,8.374963161727574379e-01,3.752519376667508011e-01,6.999999999999999556e-01,2.000000000000000111e-01,5.000000000000000278e-02,2.000000000000000042e-02,-6.771788563327271193e-01,-6.907948909514486369e-01,-8.977159385489990040e-01,-1.910074613601374649e-01
1.818345857667130083e+00,2.913939378692701254e+00,2.410615389057717550e-01,6.999999999999999556e-01,2.000000000000000111e-01,5.000000000000000278e-02,2.000000000000000042e-02,-3.735000695561270234e+00,-3.635142113464117752e+00,-2.384703227091722333e+00,-1.483593887646921017e+00
1.467986581400938739e+00,1.972313771916951453e-01,3.910920111463435100e-01,6.999999999999999556e-01,2.000000000000000111e-01,5.000000000000000278e-02,2.000000000000000042e-02,-1.193759730354684523e+00,-1.200294333281644699e+00,-1.028693720736832740e+00,-8.106924424161797427e-02
-3.841798648230718705e-01,6.318079955975031137e-02,7.148643610118776692e-02,6.999999999999999556e-01,2.000000000000000111e-01,5.000000000000000278e-02,2.000000000000000042e-02,2.719757411702948824e-01,2.567152832088808179e-01,-7.226979791609423609e-01,6.796381489597972184e-03
-2.300961423107553916e+00,2.762875029119579828e+00,2.865035677439354833e-01,6.999999999999999556e-01,2.000000000000000111e-01,5.000000000000000278e-02,2.000000000000000042e-02,4.678793718051442063e+00,4.658461728593395357e+00,-2.562850500308923696e+00,1.780035280483967641e+00
-1.550136923577931647e+00,4.226495277224573410e-01,3.093678243349816670e-01,6.999999999999999556e-01,2.000000000000000111e-01,5.000000000000000278e-02,2.000000000000000042e-02,1.310105648213142571e+00,1.292147860985174201e+00,-1.085447239535710429e+00,1.834460988234996037e-01
-2.760323038294032472e-02,9.497722256022446130e-01,8.290773485824329825e-01,6.999999999999999556e-01,2.000000000000000111e-01,5.000000000000000278e-02,2.000000000000000042e-02,2.280930880115377909e-02,1.940391984282582513e-02,-8.264037100226978572e-01,7.340698835292684514e-03
2.713271067134416903e+00,2.587028315785464105e+00,8.517022376256306870e-01,6.999999999999999556e-01,2.000000000000000111e-01,5.000000000000000278e-02,2.000000000000000042e-02,-5.440304293142206760e+00,-5.386770513573372554e+00,-2.741256153496919090e+00,-1.965406542141890256e+00
-1.756383279034285039e+00,1.194581518653860197e+00,7.651276492193781475e-01,6.999999999999999556e-01,2.000000000000000111e-01,5.000000000000000278e-02,2.000000000000000042e-02,1.851276473011005175e+00,1.841630241020787428e+00,-1.362515834089994993e+00,5.874800413459663195e-01
1.898162094136139899e+00,1.349730821585046758e-01,4.963453713201425588e-01,6.999999999999999556e-01,2.000000000000000111e-01,5.000000000000000278e-02,2.000000000000000042e-02,-1.675510431666944910e+00,-1.690875358697879971e+00,-1.243003382949325886e+00,-7.173622071895900676e-02
-1.462014503732695703e+00,1.248784228614326697e+00,7.176979200595035024e-02,6.999999999999999556e-01,2.000000000000000111e-01,5.000000000000000278e-02,2.000000000000000042e-02,1.498855818038854926e+00,1.498178646154411542e+00,-1.238947648317737071e+00,5.112073831947017144e-01
5.281843169190816312e-01,2.188140569059371376e+00,6.888317620937118857e-01,6.999999999999999556e-01,2.000000000000000111e-01,5.000000000000000278e-02,2.000000000000000042e-02,-7.311461204538945990e-01,-7.234100512941704642e-01,-1.412161081890777048e+00,-3.236076289016352470e-01
2.405284931628951739e+00,4.777014092254460165e-01,5.028579407493876108e-01,6.999999999999999556e-01,2.000000000000000111e-01,5.000000000000000278e-02,2.000000000000000042e-02,-2.456319279238133646e+00,-2.456307504755491866e+00,-1.599757149440830473e+00,-3.217222403998066249e-01
-3.094033877623125761e-01,7.982341105740053955e-01,8.078012436442268962e-01,6.999999999999999556e-01,2.000000000000000111e-01,5.000000000000000278e-02,2.000000000000000042e-02,2.456636290629287955e-01,2.564256802766501364e-01,-8.035644457935616769e-01,6.915337465092942504e-02
-1.679571688549416963e+00,1.003904343966533164e+00,4.815187356024386300e-01,6.999999999999999556e-01,2.000000000000000111e-01,5.000000000000000278e-02,2.000000000000000042e-02,1.649580254287858372e+00,1.668601748378990557e+00,-1.264239509003393547e+00,4.721162079586301297e-01
-1.140185339328380953e+00,3.439669304012960005e-02,4.566835373899835737e-02,6.999999999999999556e-01,2.000000000000000111e-01,5.000000000000000278e-02,2.000000000000000042e-02,8.724319320978997094e-01,8.781453808907250247e-01,-8.951690297517999051e-01,1.098120943520561159e-02
1.477256196666060006e+00,2.063362315210801157e+00,5.196227067110058551e-01,6.999999999999999556e-01,2.000000000000000111e-01,5.000000000000000278e-02,2.000000000000000042e-02,-2.075780223644150713e+00,-2.046286117639985136e+00,-1.623387846724731798e+00,-8.534721345114675284e-01
1.016816463321843500e+00,2.775901120581127923e-01,1.242035173649258528e-01,6.999999999999999556e-01,2.000000000000000111e-01,5.000000000000000278e-02,2.000000000000000042e-02,-7.753059424144603806e-01,-7.750454103871461387e-01,-8.658752358560922735e-01,-7.903229487889244786e-02
7.613996577052075665e-01,6.484938841840175439e-01,8.909176597667343156e-01,6.999999999999999556e-01,2.000000000000000111e-01,5.000000000000000278e-02,2.000000000000000042e-02,-5.998783721548334169e-01,-5.772658466504707597e-01,-8.458356203084114178e-01,-1.382536460036568049e-01
-1.722029026281850284e+00,1.339227878370447877e+00,5.018438199090158314e-02,6.999999999999999556e-01,2.000000000000000111e-01,5.000000000000000278e-02,2.000000000000000042e-02,1.893135998290765176e+00,1.908347276835917095e+00,-1.395901978532228194e+00,6.457329982207357100e-01
1.527416503444403162e+00,2.276191989796522375e+00,4.350094544359184301e-01,6.999999999999999556e-01,2.000000000000000111e-01,5.000000000000000278e-02,2.000000000000000042e-02,-2.355271750325746538e+00,-2.316116802683462872e+00,-1.775297172667088086e+00,-9.734740988624854818e-01
2.028934498280041687e+00,2.495523074794913088e-01,1.371451166607009498e-01,6.999999999999999556e-01,2.000000000000000111e-01,5.000000000000000278e-02,2.000000000000000042e-02,-1.855556870602772079e+00,-1.862677361578504609e+00,-1.326204969330200267e+00,-1.417710800157479245e-01
-2.285616271981192327e-01,2.901765183271702853e+00,5.605190277100845497e-01,6.999999999999999556e-01,2.000000000000000111e-01,5.000000000000000278e-02,2.000000000000000042e-02,4.300263103126505948e-01,4.018892625237864280e-01,-1.886669827652818210e+00,1.857050081699201105e-01
-1.349078346760357983e+00,1.519166704069811136e+00,5.054337127216190773e-02,6.999999999999999556e-01,2.000000000000000111e-01,5.000000000000000278e-02,2.000000000000000042e-02,1.503010972984970328e+00,1.489719699041355261e+00,-1.296103304320255667e+00,5.738529735623670858e-01
6.466234737625207174e-01,5.020903038557941178e-01,9.787839266246064485e-01,6.999999999999999556e-01,2.000000000000000111e-01,5.000000000000000278e-02,2.000000000000000042e-02,-4.889762506138865539e-01,-4.881816991234677605e-01,-7.980115417747467577e-01,-9.090574539807967647e-02
1.718333878681634452e+00,5.344477581331239513e-01,6.517909287430067033e-01,6.999999999999999556e-01,2.000000000000000111e-01,5.000000000000000278e-02,2.000000000000000042e-02,-1.525231611833705925e+00,-1.514085290600050815e+00,-1.182889514658053587e+00,-2.571407129719665563e-01
-2.716175949180725802e-01,1.613833066190128118e+00,8.361672957294499220e-01,6.999999999999999556e-01,2.000000000000000111e-01,5.000000000000000278e-02,2.000000000000000042e-02,2.901725558190741405e-01,2.894918986748228340e-01,-1.075690420854369833e+00,1.227367276905899363e-01
3.646063586754149100e-01,2.713852987344514966e-01,3.798851058190605423e-01,6.999999999999999556e-01,2.000000000000000111e-01,5.000000000000000278e-02,2.000000000000000042e-02,-2.614074045358736331e-01,-2.322717491097925080e-01,-7.302516667696679065e-01,-2.770566555949025359e-02
1.488185600431677358e+00,4.895984208023140827e-01,3.439996208226303587e-01,6.999999999999999556e-01,2.000000000000000111e-01,5.000000000000000278e-02,2.000000000000000042e-02,-1.256465793810654930e+00,-1.288752158965696060e+00,-1.065763383111125506e+00,-2.040117295529859653e-01
2.503396564721387385e+00,2.865399564299965895e+00,4.096817269612869072e-01,6.999999999999999556e-01,2.000000000000000111e-01,5.000000000000000278e-02,2.000000000000000042e-02,-5.414400591239510341e+00,-5.603719677267666732e+00,-2.789521206871487635e+00,-2.008504799230354188e+00
-2.522487549529629280e+00,2.624084736076037316e+00,2.447802418027922311e-02,6.999999999999999556e-01,2.000000000000000111e-01,5.000000000000000278e-02,2.000000000000000042e-02,4.999979143157771588e+00,4.982079888759428421e+00,-2.618456413924813653e+00,1.853381901185513048e+00
1.132858659562120174e+00,1.847448130136350120e+00,6.945493647519789260e-01,6.999999999999999556e-01,2.000000000000000111e-01,5.000000000000000278e-02,2.000000000000000042e-02,-1.407007600625463484e+00,-1.425926352949291598e+00,-1.370334354477934058e+00,-5.860113314487070957e-01
-2.617803713314017067e+00,2.244188742995599117e+00,5.395894105897877102e-01,6.999999999999999556e-01,2.000000000000000111e-01,5.000000000000000278e-02,2.000000000000000042e-02,4.575236204464501633e+00,4.578087118095770514e+00,-2.433028078202442046e+00,1.644956774941590538e+00
-1.384403197797302365e+00,3.318961347946889351e-01,6.164488711154464395e-01,6.999999999999999556e-01,2.000000000000000111e-01,5.000000000000000278e-02,2.000000000000000042e-02,1.123097532936528253e+00,1.137725109687985903e+00,-1.002907538311541114e+00,1.286538596969729054e-01
1.087196165414068716e+00,8.266817763903142602e-01,3.084761530344851677e-01,6.999999999999999556e-01,2.000000000000000111e-01,5.000000000000000278e-02,2.000000000000000042e-02,-9.293093649861937644e-01,-8.757475110090321424e-01,-9.729757116318766830e-01,-2.516542720465872462e-01
-1.951847322419170139e+00,4.776727963703897295e-02,5.477132741802992477e-02,6.999999999999999556e-01,2.000000000000000111e-01,5.000000000000000278e-02,2.000000000000000042e-02,1.738715038477410157e+00,1.693617873199859458e+00,-1.271775635325781861e+00,2.610564232046463234e-02
9.918591957297602235e-01,1.743803714317723186e+00,6.653200464101198808e-01,6.999999999999999556e-01,2.000000000000000111e-01,5.000000000000000278e-02,2.000000000000000042e-02,-1.165343728826370384e+00,-1.189988778899057964e+00,-1.273286894792613255e+00,-4.842901698862486781e-01
1.694925329169484129e+00,1.438468344782484198e-02,8.344242173537462781e-01,6.999999999999999556e-01,2.000000000000000111e-01,5.000000000000000278e-02,2.000000000000000042e-02,-1.429953520655383059e+00,-1.431534060150886134e+00,-1.130944749395547788e+00,-6.826670011784936702e-03
1.088149062382623988e+00,3.164163670619831725e-01,4.014088190751615715e-01,6.999999999999999556e-01,2.000000000000000111e-01,5.000000000000000278e-02,2.000000000000000042e-02,-8.413787524307024812e-01,-8.704665916281921767e-01,-8.916269617228860245e-01,-9.640628847948368163e-02
1.940821289974627106e+00,2.988243242765622476e+00,4.069043235726993446e-01,6.999999999999999556e-01,2.000000000000000111e-01,5.000000000000000278e-02,2.000000000000000042e-02,-4.150413410130756375e+00,-4.212530900000724721e+00,-2.515161766853632574e+00,-1.623900909451054586e+00
6.615728202893063070e-01,2.692768776176485135e-01,2.598096643656881977e-01,6.999999999999999556e-01,2.000000000000000111e-01,5.000000000000000278e-02,2.000000000000000042e-02,-4.842946811154745790e-01,-4.589529063210369131e-01,-7.758031946365633313e-01,-4.988095374197770715e-02
1.752684985717856136e-02,2.954180739014296897e+00,2.267793790025105505e-01,6.999999999999999556e-01,2.000000000000000111e-01,5.000000000000000278e-02,2.000000000000000042e-02,-3.368346981860301931e-02,-3.484146631810890182e-02,-1.921851815996715285e+00,-1.449769503382826626e-02
2.917880058864357196e+00,1.618568226621587058e+00,7.446052556380545751e-01,6.999999999999999556e-01,2.000000000000000111e-01,5.000000000000000278e-02,2.000000000000000042e-02,-4.354842722160678470e+00,-4.357142006468970763e+00,-2.343870440279792966e+00,-1.322380626663760772e+00
-9.554153682870389908e-01,1.463689425246430531e+00,5.391628961365282358e-01,6.999999999999999556e-01,2.000000000000000111e-01,5.000000000000000278e-02,2.000000000000000042e-02,9.989584896193345331e-01,1.020782094469620871e+00,-1.136856921594810332e+00,3.915607839583055139e-01
-1.967549251959361367e+00,3.841055473782207796e-01,9.854968651346229791e-01,6.999999999999999556e-01,2.000000000000000111e-01,5.000000000000000278e-02,2.000000000000000042e-02,1.798768337907591164e+00,1.738183015607583037e+00,-1.301342698846617463e+00,2.116090430768886033e-01
-2.953086961097017848e-02,1.182554984800274767e+00,6.113918765010890599e-01,6.999999999999999556e-01,2.000000000000000111e-01,5.000000000000000278e-02,2.000000000000000042e-02,2.645448195236536904e-02,2.887246894334475483e-02,-8.959118917296339246e-01,9.778125577903125018e-03
5.182377579147390279e-01,1.049730861010879757e+00,1.769757867495899140e-01,6.999999999999999556e-01,2.000000000000000111e-01,5.000000000000000278e-02,2.000000000000000042e-02,-4.496745926181121567e-01,-4.506150830493736992e-01,-8.945564393374841883e-01,-1.523228469907722815e-01
-8.276151636454782690e-01,2.087549638578316102e+00,2.620413880480161328e-01,6.999999999999999556e-01,2.000000000000000111e-01,5.000000000000000278e-02,2.000000000000000042e-02,1.112602982063561008e+00,1.118495244097033936e+00,-1.412842917958373912e+00,4.837525660100145952e-01
2.718191084956439241e+00,2.946388836291724989e+00,6.749797928018019810e-01,6.999999999999999556e-01,2.000000000000000111e-01,5.000000000000000278e-02,2.000000000000000042e-02,-6.210515225483042911e+00,-6.332132192203525634e+00,-3.023653420597930630e+00,-2.242477402934536013e+00
-1.008467329909201515e+00,9.720397121660694362e-01,3.560563591577251552e-01,6.999999999999999556e-01,2.000000000000000111e-01,5.000000000000000278e-02,2.000000000000000042e-02,8.906086466238788413e-01,8.821475753375044304e-01,-9.848315216080345547e-01,2.744756820662709318e-01
-1.881287184493853681e+00,7.694569186408117822e-02,7.044911205335190330e-01,6.999999999999999556e-01,2.000000000000000111e-01,5.000000000000000278e-02,2.000000000000000042e-02,1.651376889462790931e+00,1.648088580442870876e+00,-1.231715110110623623e+00,4.053194432165448807e-02
2.150218601841586974e-01,2.894823411040469807e+00,6.560477500055097444e-01,6.999999999999999556e-01,2.000000000000000111e-01,5.000000000000000278e-02,2.000000000000000042e-02,-4.032760965346792736e-01,-3.888112374075350375e-01,-1.880135521408675681e+00,-1.742860881290404784e-01
-1.665326702373127743e+00,1.451813037479069646e+00,7.826678170038133819e-01,6.999999999999999556e-01,2.000000000000000111e-01,5.000000000000000278e-02,2.000000000000000042e-02,1.888067820349717207e+00,1.861135417582592710e+00,-1.411083507256731817e+00,6.769680450868531540e-01
7.678672560966308680e-01,1.232050293963446563e+00,6.017543612120486163e-01,6.999999999999999556e-01,2.000000000000000111e-01,5.000000000000000278e-02,2.000000000000000042e-02,-7.233261298953334029e-01,-7.112328486857124599e-01,-1.000955728207563400e+00,-2.648943020076525157e-01
-1.250404954806412006e+00,2.277963992613285082e+00,4.972827346225077161e-01,6.999999999999999556e-01,2.000000000000000111e-01,5.000000000000000278e-02,2.000000000000000042e-02,1.881424842205015935e+00,1.802908708742785970e+00,-1.661003675880635910e+00,7.975456897055894778e-01
-8.011170199659529700e-01,1.924614733226196250e+00,5.050131738463061737e-01,6.999999999999999556e-01,2.000000000000000111e-01,5.000000000000000278e-02,2.000000000000000042e-02,1.001932451341751573e+00,1.010305288863649675e+00,-1.314848133941057373e+00,4.317156535061265621e-01
1.119033677095513823e+00,1.617421505087654365e+00,2.640886739940959682e-01,6.999999999999999556e-01,2.000000000000000111e-01,5.000000000000000278e-02,2.000000000000000042e-02,-1.263231398878531531e+00,-1.243987129418089310e+00,-1.254082781087887621e+00,-5.067857575904474166e-01
1.076837699919456881e+00,4.215422511019263352e-01,1.979598885196145464e-01,6.999999999999999556e-01,2.000000000000000111e-01,5.000000000000000278e-02,2.000000000000000042e-02,-8.430095794681271570e-01,-8.608423915718865782e-01,-8.988146165201451598e-01,-1.271011246667311800e-01
-2.713518315346788778e+00,2.395973230964422829e+00,8.346885699094341859e-01,6.999999999999999556e-01,2.000000000000000111e-01,5.000000000000000278e-02,2.000000000000000042e-02,5.079313813014562307e+00,5.050203332320964300e+00,-2.608173528448104683e+00,1.820424828684723106e+00
3.911434279403760428e-01,7.340371887916902205e-01,6.791265004932114380e-01,6.999999999999999556e-01,2.000000000000000111e-01,5.000000000000000278e-02,2.000000000000000042e-02,-3.062978246396409476e-01,-3.063467482798772346e-01,-7.983824604172312656e-01,-8.039187023271561483e-02
3.981729743951794021e-01,1.822582765939369853e+00,5.749243077342475194e-01,6.999999999999999556e-01,2.000000000000000111e-01,5.000000000000000278e-02,2.000000000000000042e-02,-4.670490140635242260e-01,-4.613642810862239041e-01,-1.188834369048693995e+00,-2.031968962787321364e-01
-8.423682826890743769e-01,5.658268456459478735e-01,7.900860431192484601e-01,6.999999999999999556e-01,2.000000000000000111e-01,5.000000000000000278e-02,2.000000000000000042e-02,6.573013346750602448e-01,6.808462020728971442e-01,-8.512600512475910763e-01,1.334576847145228506e-01
-7.788564874527201809e-01,6.957689972610212603e-01,9.152235232008021359e-02,6.999999999999999556e-01,2.000000000000000111e-01,5.000000000000000278e-02,2.000000000000000042e-02,6.216085567726606920e-01,6.253449405469990730e-01,-8.587658438640234371e-01,1.517331752398616562e-01
6.351652266906464561e-01,1.875532425647266965e+00,5.990650667439915145e-01,6.999999999999999556e-01,2.000000000000000111e-01,5.000000000000000278e-02,2.000000000000000042e-02,-7.702260023682060419e-01,-7.746426508311694548e-01,-1.252982292931152042e+00,-3.335564339245331578e-01
1.692208157387429246e+00,2.235561056176812222e+00,8.407344761996120575e-01,6.999999999999999556e-01,2.000000000000000111e-01,5.000000000000000278e-02,2.000000000000000042e-02,-2.610842097544043394e+00,-2.620851330497885989e+00,-1.829217920214497362e+00,-1.059249703568016177e+00
1.684252548609999955e+00,2.915459696211338159e+00,5.720188084922117611e-01,6.999999999999999556e-01,2.000000000000000111e-01,5.000000000000000278e-02,2.000000000000000042e-02,-3.422101492995240690e+00,-3.403845608714506810e+00,-2.315492730757471307e+00,-1.374903718639830963e+00
2.072925788871855524e+00,2.049083564477844455e+00,8.757705356652846218e-01,6.999999999999999556e-01,2.000000000000000111e-01,5.000000000000000278e-02,2.000000000000000042e-02,-3.114934070521175880e+00,-3.067366565886353591e+00,-1.932377282515352679e+00,-1.189327486020684832e+00
1.925331428503982423e-01,1.910872516345376582e+00,1.256099401513195435e-01,6.999999999999999556e-01,2.000000000000000111e-01,5.000000000000000278e-02,2.000000000000000042e-02,-2.335531335068378178e-01,-2.285360668495053926e-01,-1.216761079985753335e+00,-1.030137615243588017e-01
-1.454566358666789183e+00,1.799958311719377368e+00,9.508770935044238426e-01,6.999999999999999556e-01,2.000000000000000111e-01,5.000000000000000278e-02,2.000000000000000042e-02,1.831833095328346372e+00,1.812201405890955241e+00,-1.470943483114648176e+00,7.330844660243093225e-01
1.397125803823115575e+00,8.677700639804377669e-01,2.914926555773773575e-01,6.999999999999999556e-01,2.000000000000000111e-01,5.000000000000000278e-02,2.000000000000000042e-02,-1.261634652102165965e+00,-1.269933508156775970e+00,-1.098217560507943835e+00,-3.394675054882455023e-01
-2.014526343669949426e+00,2.744804366656689254e+00,7.011519590580306271e-01,6.999999999999999556e-01,2.000000000000000111e-01,5.000000000000000278e-02,2.000000000000000042e-02,3.943775694194980197e+00,3.882930331443254168e+00,-2.363500599971500193e+00,1.548254597358059037e+00
-2.882871761690361190e+00,1.744575617628340236e+00,9.626592114535948985e-01,6.999999999999999556e-01,2.000000000000000111e-01,5.000000000000000278e-02,2.000000000000000042e-02,4.444360950089113693e+00,4.368827815629935607e+00,-2.372738611140015941e+00,1.408228579574393624e+00
-2.165169992420502787e+00,1.616586918811326878e-01,5.579734835872429688e-01,6.999999999999999556e-01,2.000000000000000111e-01,5.000000000000000278e-02,2.000000000000000042e-02,2.031052324937324460e+00,2.011740959869487977e+00,-1.406852858984230625e+00,9.800519362899451359e-02
-2.677549257431829588e+00,1.429752566200785058e+00,2.851483969875701074e-01,6.999999999999999556e-01,2.000000000000000111e-01,5.000000000000000278e-02,2.000000000000000042e-02,3.600367780103553628e+00,3.560010630491883266e+00,-2.061577439974143999e+00,1.071905218143806016e+00
-4.655936314089998973e-01,1.021338975912399416e+00,9.807383716133506457e-01,6.999999999999999556e-01,2.000000000000000111e-01,5.000000000000000278e-02,2.000000000000000042e-02,3.989567227282777573e-01,4.139329192663241397e-01,-8.785552769617833713e-01,1.331480983544888475e-01
-6.248566806599340495e-01,4.711100286229698009e-01,2.586191293390117663e-01,6.999999999999999556e-01,2.000000000000000111e-01,5.000000000000000278e-02,2.000000000000000042e-02,4.690140164337499029e-01,4.457707939347076431e-01,-7.896391329744815168e-01,8.242534963906751611e-02
2.786712576168639544e+00,2.072660497737690566e+00,7.169520777790099331e-01,6.999999999999999556e-01,2.000000000000000111e-01,5.000000000000000278e-02,2.000000000000000042e-02,-4.708756629968529950e+00,-4.702179163870158440e+00,-2.466294062769983864e+00,-1.617254541048600558e+00
2.115570423090448848e+00,2.422862303565918918e+00,5.899954775635817272e-01,6.999999999999999556e-01,2.000000000000000111e-01,5.000000000000000278e-02,2.000000000000000042e-02,-3.692978984191024328e+00,-3.777415990312621652e+00,-2.193182376143970380e+00,-1.435206032020557965e+00
1.962548329001220004e+00,2.691863222565416436e+00,5.157094537693219793e-01,6.999999999999999556e-01,2.000000000000000111e-01,5.000000000000000278e-02,2.000000000000000042e-02,-3.742653577770514328e+00,-3.684785600381776938e+00,-2.292197256809859862e+00,-1.479215267416766899e+00
1.416239587211128637e+00,2.620077632729294503e+00,7.787279251471801444e-01,6.999999999999999556e-01,2.000000000000000111e-01,5.000000000000000278e-02,2.000000000000000042e-02,-2.494507307030239485e+00,-2.479754788384147535e+00,-1.961933137471560507e+00,-1.038984146210541137e+00
-1.912498702001321327e+00,2.958496124806162975e+00,9.248213881823288407e-01,6.999999999999999556e-01,2.000000000000000111e-01,5.000000000000000278e-02,2.000000000000000042e-02,4.032045410685833886e+00,4.131250640277940533e+00,-2.474025597642542706e+00,1.584273599598963189e+00
-2.067147094016040576e+00,5.736947407183052849e-01,9.531694202150288175e-01,6.999999999999999556e-01,2.000000000000000111e-01,5.000000000000000278e-02,2.000000000000000042e-02,1.983908139239326296e+00,2.005019212277754814e+00,-1.387042158018742199e+00,3.320551965158765606e-01
1.919776675335860716e+00,1.711085767733673713e+00,7.807056342451454967e-01,6.999999999999999556e-01,2.000000000000000111e-01,5.000000000000000278e-02,2.000000000000000042e-02,-2.484519596865772950e+00,-2.534024208268665923e+00,-1.662725403110244526e+00,-9.197727129903929821e-01
1.574323597792472107e+00,1.222687260426010836e+00,8.231081465877809755e-01,6.999999999999999556e-01,2.000000000000000111e-01,5.000000000000000278e-02,2.000000000000000042e-02,-1.626622184824691342e+00,-1.625407497361104792e+00,-1.281069197738063936e+00,-5.389735139064916192e-01
-2.710624183062163350e+00,2.179849877678977865e+00,2.946033176550988397e-02,6.999999999999999556e-01,2.000000000000000111e-01,5.000000000000000278e-02,2.000000000000000042e-02,4.696477718829887849e+00,4.639120652082863394e+00,-2.467366887760601202e+00,1.654451062286885765e+00
-5.103492160212619311e-01,2.070085310860464212e+00,3.723101989832983127e-01,6.999999999999999556e-01,2.000000000000000111e-01,5.000000000000000278e-02,2.000000000000000042e-02,6.700672203480351197e-01,6.599292808503945951e-01,-1.339003895537664635e+00,2.958105963385350701e-01
-1.377556501646716169e+00,2.233717889642785615e-01,5.620608726712565950e-01,6.999999999999999556e-01,2.000000000000000111e-01,5.000000000000000278e-02,2.000000000000000042e-02,1.104619013580738773e+00,1.082675236000427033e+00,-9.916345811390852028e-01,8.615803284821602070e-02
3.199874976910370705e-01,8.256505541393907022e-01,4.751849713440802203e-01,6.999999999999999556e-01,2.000000000000000111e-01,5.000000000000000278e-02,2.000000000000000042e-02,-2.561683710847053597e-01,-2.621369778164260311e-01,-8.107966370588811644e-01,-7.397539934015888441e-02
-2.882888025022425360e-01,6.578618192003975462e-01,9.352654287433289637e-01,6.999999999999999556e-01,2.000000000000000111e-01,5.000000000000000278e-02,2.000000000000000042e-02,2.204674277434764129e-01,2.222683404715603273e-01,-7.730560692898583719e-01,5.310317489938422286e-02
-2.006799529256486636e-01,2.150560731629534983e-01,9.163204910257664038e-01,6.999999999999999556e-01,2.000000000000000111e-01,5.000000000000000278e-02,2.000000000000000042e-02,1.421794384711349835e-01,1.463138225883122145e-01,-7.125157425705337388e-01,1.208408393884058060e-02
7.277279687041406930e-01,8.160280414954870221e-01,4.812771021457302734e-01,6.999999999999999556e-01,2.000000000000000111e-01,5.000000000000000278e-02,2.000000000000000042e-02,-5.965227253194196333e-01,-5.482996976853554694e-01,-8.726644464961125225e-01,-1.662770001320761082e-01
1.644226958550452977e+00,1.440977430408242332e+00,9.201201055132949280e-01,6.999999999999999556e-01,2.000000000000000111e-01,5.000000000000000278e-02,2.000000000000000042e-02,-1.851189666885131091e+00,-1.856996844130712310e+00,-1.396220577376042549e+00,-6.634023025671975660e-01
2.338127575392179303e+00,9.322756909489031685e-01,3.543383098142339760e-01,6.999999999999999556e-01,2.000000000000000111e-01,5.000000000000000278e-02,2.000000000000000042e-02,-2.560299597457032839e+00,-2.555936870136644501e+00,-1.641705398772192348e+00,-6.103382602451197236e-01
-8.755225475811645452e-02,4.509452877520890857e-01,7.934511771806729286e-01,6.999999999999999556e-01,2.000000000000000111e-01,5.000000000000000278e-02,2.000000000000000042e-02,6.381267986808553117e-02,6.206755602216478679e-02,-7.296190409533984678e-01,1.105475748026804941e-02
-7.327355708006768609e-01,2.405594219040731563e+00,1.332228037131955034e-01,6.999999999999999556e-01,2.000000000000000111e-01,5.000000000000000278e-02,2.000000000000000042e-02,1.126220996485480574e+00,1.120697347542795042e+00,-1.590698909042995268e+00,4.935460468970132575e-01
2.130719804788162364e+00,1.953664731830667689e-01,9.896496208368459335e-01,6.999999999999999556e-01,2.000000000000000111e-01,5.000000000000000278e-02,2.000000000000000042e-02,-1.986559292705361246e+00,-1.998127579698539824e+00,-1.386338561215634257e+00,-1.165559398087772092e-01
-2.853969788778866423e+00,7.318601461111855500e-01,4.524658597568081975e-01,6.999999999999999556e-01,2.000000000000000111e-01,5.000000000000000278e-02,2.000000000000000042e-02,3.374088305210813488e+00,3.377797828069475372e+00,-1.996758231574597309e+00,5.848378890515308903e-01
1.619666459009657444e+00,2.051019457331441753e+00,9.739318056984074268e-01,6.999999999999999556e-01,2.000000000000000111e-01,5.000000000000000278e-02,2.000000000000000042e-02,-2.300090421219485481e+00,-2.308825362208187570e+00,-1.682433229775434969e+00,-9.301508781084590893e-01
-2.673866814053214469e+00,1.215600979847479834e+00,2.562178974072996107e-01,6.999999999999999556e-01,2.000000000000000111e-01,5.000000000000000278e-02,2.000000000000000042e-02,3.380714712186065007e+00,3.428838428388240711e+00,-1.979310564803124617e+00,9.100994333605290088e-01
-1.226826818780722972e+00,1.936325955250649322e+00,2.788643900039287082e-01,6.999999999999999556e-01,2.000000000000000111e-01,5.000000000000000278e-02,2.000000000000000042e-02,1.595077721285488748e+00,1.608328508894888653e+00,-1.450675755188771898e+00,6.651502513047555798e-01
2.538016490748905341e+00,2.354044372285819531e-01,2.807250278067905391e-01,6.999999999999999556e-01,2.000000000000000111e-01,5.000000000000000278e-02,2.000000000000000042e-02,-2.613736995099008809e+00,-2.658221980831210196e+00,-1.673987290966375108e+00,-1.672888962308498040e-01
-1.134859291663262715e+00,2.810614655431003861e+00,2.931666072990467553e-01,6.999999999999999556e-01,2.000000000000000111e-01,5.000000000000000278e-02,2.000000000000000042e-02,2.122564720432436491e+00,2.122737138316626027e+00,-1.999123505566462011e+00,8.931026039602278921e-01
-2.704643118932916757e+00,1.178957014935184455e+00,8.820115126782734905e-02,6.999999999999999556e-01,2.000000000000000111e-01,5.000000000000000278e-02,2.000000000000000042e-02,3.408786866813920291e+00,3.429210158766190286e+00,-1.991855710147759861e+00,8.928242338293986835e-01
-2.241142789104697108e+00,2.479575230260405494e+00,7.882613635760180593e-01,6.999999999999999556e-01,2.000000000000000111e-01,5.000000000000000278e-02,2.000000000000000042e-02,4.060720154354132916e+00,4.039370114354360553e+00,-2.314169215326329354e+00,1.555983001255403453e+00
2.739184001728235174e+00,1.251867117201883151e+00,5.105561805394889241e-01,6.999999999999999556e-01,2.000000000000000111e-01,5.000000000000000278e-02,2.000000000000000042e-02,-3.546039215961530378e+00,-3.561683255643209645e+00,-2.044873328376975774e+00,-9.601464263241322739e-01
-5.396781971855872939e-01,2.492749068638089316e+00,5.145269302444863690e-01,6.999999999999999556e-01,2.000000000000000111e-01,5.000000000000000278e-02,2.000000000000000042e-02,8.551170469802834573e-01,8.533307068736205592e-01,-1.613619592165071559e+00,3.766790505516235954e-01
-7.902104071890070358e-01,9.373901655079386330e-02,2.648995086085250694e-01,6.999999999999999556e-01,2.000000000000000111e-01,5.000000000000000278e-02,2.000000000000000042e-02,5.787910389432801006e-01,5.906299872957206931e-01,-7.948950535958198005e-01,2.074059300266796815e-02
2.428872332162671732e+00,8.312971206209535113e-01,4.814084950044448252e-01,6.999999999999999556e-01,2.000000000000000111e-01,5.000000000000000278e-02,2.000000000000000042e-02,-2.651645409743333737e+00,-2.642478956378456090e+00,-1.681660807277177039e+00,-5.653520813031640557e-01
2.091085415505634870e+00,2.977158865484164973e+00,4.603740328416389138e-01,6.999999999999999556e-01,2.000000000000000111e-01,5.000000000000000278e-02,2.000000000000000042e-02,-4.515737426978210678e+00,-4.562545359156493063e+00,-2.596782219687390647e+00,-1.743138175312026750e+00
-1.518442067760774172e+00,2.192065362079677060e-01,1.592912540353963458e-02,6.999999999999999556e-01,2.000000000000000111e-01,5.000000000000000278e-02,2.000000000000000042e-02,1.248175363472826760e+00,1.247086395777348589e+00,-1.052577157744123637e+00,9.319867930976497017e-02
-2.280044228873572276e+00,2.558832079140226146e+00,2.995471758585878108e-01,6.999999999999999556e-01,2.000000000000000111e-01,5.000000000000000278e-02,2.000000000000000042e-02,4.278724409605429102e+00,4.380799223291901079e+00,-2.396457278136145508e+00,1.633590088116066097e+00
2.370237580427245305e+00,1.134306741650840555e+00,1.708722225459339272e-01,6.999999999999999556e-01,2.000000000000000111e-01,5.000000000000000278e-02,2.000000000000000042e-02,-2.751923003832778214e+00,-2.802418881325559052e+00,-1.722835177932076967e+00,-7.528014107019840306e-01
-7.126463616235065857e-01,1.446807948920805442e+00,2.981054131088898274e-01,6.999999999999999556e-01,2.000000000000000111e-01,5.000000000000000278e-02,2.000000000000000042e-02,7.257937574090139732e-01,7.384746465466971443e-01,-1.069235179258743118e+00,2.886974778145864340e-01
-2.371364023704769508e-01,8.555945164228663247e-01,4.288261437773198681e-01,6.999999999999999556e-01,2.000000000000000111e-01,5.000000000000000278e-02,2.000000000000000042e-02,1.909653663064873885e-01,1.862690009615349529e-01,-8.109209277139849403e-01,5.680992954347940938e-02
-2.055749363885547076e+00,1.045515751000113180e+00,9.861108639124762654e-01,6.999999999999999556e-01,2.000000000000000111e-01,5.000000000000000278e-02,2.000000000000000042e-02,2.188015698932077591e+00,2.344495951890329444e+00,-1.486950263049880983e+00,6.018091352142247441e-01
-5.361410389154701583e-01,2.951856799697687883e+00,3.745390456914127197e-01,6.999999999999999556e-01,2.000000000000000111e-01,5.000000000000000278e-02,2.000000000000000042e-02,1.037034321558929051e+00,1.049648673729194570e+00,-1.963001281270410514e+00,4.431312399694917192e-01
2.361479617639460571e+00,1.401550768466213626e+00,8.918101648270969628e-01,6.999999999999999556e-01,2.000000000000000111e-01,5.000000000000000278e-02,2.000000000000000042e-02,-2.960911787807875672e+00,-2.957701483934423781e+00,-1.811496135601344815e+00,-9.267254003895680770e-01
2.452478788490599193e+00,4.206687100860727613e-01,7.402124449528243444e-01,6.999999999999999556e-01,2.000000000000000111e-01,5.000000000000000278e-02,2.000000000000000042e-02,-2.515034933335207334e+00,-2.520133728596740230e+00,-1.626972534109814905e+00,-2.888707047709825337e-01
-1.860387592044551175e+00,2.282323032517171058e+00,9.862058196190224280e-01,6.999999999999999556e-01,2.000000000000000111e-01,5.000000000000000278e-02,2.000000000000000042e-02,2.980921138459208475e+00,2.893999740761066697e+00,-1.948416078361171255e+00,1.188881526205082473e+00
8.550906355001508530e-01,6.385260179875340558e-01,8.168551633413999591e-01,6.999999999999999556e-01,2.000000000000000111e-01,5.000000000000000278e-02,2.000000000000000042e-02,-6.786334191005602978e-01,-6.884187741625049650e-01,-8.667571658285900815e-01,-1.528793331812155210e-01
-2.150635200415689230e+00,1.603841501399881908e+00,9.418158782132409756e-01,6.999999999999999556e-01,2.000000000000000111e-01,5.000000000000000278e-02,2.000000000000000042e-02,2.777297278876125208e+00,2.884619098048845309e+00,-1.753907823415822520e+00,9.657978368634777544e-01
3.462550001155229040e-02,2.353339013993477558e+00,1.468840488548418532e-01,6.999999999999999556e-01,2.000000000000000111e-01,5.000000000000000278e-02,2.000000000000000042e-02,-5.108675974608883202e-02,-4.410485763958197497e-02,-1.475528470857388363e+00,-2.281595121574092958e-02
1.706518846189935878e+00,1.366658499041894625e+00,7.839160175560603294e-01,6.999999999999999556e-01,2.000000000000000111e-01,5.000000000000000278e-02,2.000000000000000042e-02,-1.889280345610432787e+00,-1.899592795112998944e+00,-1.398316749280696714e+00,-6.530239757777801524e-01
-1.446021916941638175e+00,2.849525181547493125e-01,3.502160358647208316e-01,6.999999999999999556e-01,2.000000000000000111e-01,5.000000000000000278e-02,2.000000000000000042e-02,1.179833402369688589e+00,1.179715676699940374e+00,-1.025014618905718100e+00,1.153733242310537033e-01
5.321758922406285564e-01,2.191699106521406648e+00,3.924333315845672798e-01,6.999999999999999556e-01,2.000000000000000111e-01,5.000000000000000278e-02,2.000000000000000042e-02,-7.379453492050380703e-01,-7.370112045679618751e-01,-1.414977973336058792e+00,-3.265834397100850217e-01
-1.833256502167079027e+00,2.778309021023313008e+00,1.105395776148820897e-01,6.999999999999999556e-01,2.000000000000000111e-01,5.000000000000000278e-02,2.000000000000000042e-02,3.572469901750285004e+00,3.507584584091709701e+00,-2.284784552692614046e+00,1.426138861789723267e+00
-1.323144156386197645e+00,2.030306664213640921e+00,1.432268875950740705e-01,6.999999999999999556e-01,2.000000000000000111e-01,5.000000000000000278e-02,2.000000000000000042e-02,1.805609942628723541e+00,1.809447067647108831e+00,-1.539706889891886643e+00,7.521887515593451701e-01
8.433869388256289845e-01,2.798229124715136074e+00,6.785822520086901566e-01,6.999999999999999556e-01,2.000000000000000111e-01,5.000000000000000278e-02,2.000000000000000042e-02,-1.544896922513024684e+00,-1.529680923016892402e+00,-1.902907302103814757e+00,-6.607971707753409474e-01
-9.785948435803808465e-01,1.400950853764493242e+00,2.193526326249441993e-01,6.999999999999999556e-01,2.000000000000000111e-01,5.000000000000000278e-02,2.000000000000000042e-02,1.000765158957926060e+00,9.724983266558939743e-01,-1.118420041435201240e+00,3.838697188489701984e-01
-1.696137153625076888e+00,6.109356948124221587e-01,6.460589285922787584e-01,6.999999999999999556e-01,2.000000000000000111e-01,5.000000000000000278e-02,2.000000000000000042e-02,1.519905113536311081e+00,1.513062685271755248e+00,-1.183786125833538039e+00,2.901446045251880879e-01
-1.072687420167784511e+00,1.000030488788046013e+00,3.556175258422491492e-01,6.999999999999999556e-01,2.000000000000000111e-01,5.000000000000000278e-02,2.000000000000000042e-02,9.627814247039989670e-01,9.104593871707781227e-01,-1.012607282198724645e+00,3.003616350300097326e-01
1.572735289526499436e+00,2.389085248882858004e+00,6.344258267645523919e-01,6.999999999999999556e-01,2.000000000000000111e-01,5.000000000000000278e-02,2.000000000000000042e-02,-2.552166854611682023e+00,-2.634382864622704545e+00,-1.870106409338453846e+00,-1.052071630569475724e+00
-4.966217615143992958e-01,2.806863741325788641e+00,6.265573065504825845e-01,6.999999999999999556e-01,2.000000000000000111e-01,5.000000000000000278e-02,2.000000000000000042e-02,9.015271317626897263e-01,9.175940310956904877e-01,-1.839982744833166040e+00,3.903058923534708513e-01
6.061185827533384085e-01,8.036424889970241736e-01,2.158071087261290710e-01,6.999999999999999556e-01,2.000000000000000111e-01,5.000000000000000278e-02,2.000000000000000042e-02,-4.902206858330508954e-01,-4.666100906081896982e-01,-8.455247354708237406e-01,-1.363887410119476451e-01
-1.438065269810126834e+00,2.468268315186966433e+00,9.082508119726638851e-01,6.999999999999999556e-01,2.000000000000000111e-01,5.000000000000000278e-02,2.000000000000000042e-02,2.381911184192937014e+00,2.466901103521426553e+00,-1.863133544640937611e+00,9.938686633800769554e-01
7.419844097206880207e-01,2.280359119727102257e+00,7.126828230636713668e-01,6.999999999999999556e-01,2.000000000000000111e-01,5.000000000000000278e-02,2.000000000000000042e-02,-1.079982291735051447e+00,-1.106600631422806069e+00,-1.510586409729442581e+00,-4.737574563125324656e-01
-2.746211227022483214e+00,6.762495820905344290e-01,5.653371983660309130e-01,6.999999999999999556e-01,2.000000000000000111e-01,5.000000000000000278e-02,2.000000000000000042e-02,3.133722762674273188e+00,3.128915467706641529e+00,-1.895275305132517296e+00,5.199947744897606139e-01
-2.658611206871583477e+00,2.470982867350412171e+00,6.190436871895313997e-01,6.999999999999999556e-01,2.000000000000000111e-01,5.000000000000000278e-02,2.000000000000000042e-02,5.073205941573331934e+00,5.041079593059598629e+00,-2.615037918698973840e+00,1.839427168075135732e+00
-1.697145893652027615e+00,1.263401048553860484e+00,6.482533568053148176e-01,6.999999999999999556e-01,2.000000000000000111e-01,5.000000000000000278e-02,2.000000000000000042e-02,1.811670518031661237e+00,1.848774170478288070e+00,-1.355511136979170139e+00,6.003692524448780432e-01
1.737890928674870494e+00,4.344563029486877559e-01,3.544164345273058681e-01,6.999999999999999556e-01,2.000000000000000111e-01,5.000000000000000278e-02,2.000000000000000042e-02,-1.524892519250725442e+00,-1.515321446125451610e+00,-1.179465051079618521e+00,-2.114105469840407980e-01
-1.949241243384833844e+00,1.685809079894040607e+00,6.102014238301183280e-01,6.999999999999999556e-01,2.000000000000000111e-01,5.000000000000000278e-02,2.000000000000000042e-02,2.510331089230568136e+00,2.514524484552569827e+00,-1.667804529276315062e+00,9.200936043605885128e-01
-4.822502122137235503e-01,7.597623216825988290e-01,1.558552096087401084e-01,6.999999999999999556e-01,2.000000000000000111e-01,5.000000000000000278e-02,2.000000000000000042e-02,3.821551747714422298e-01,3.937717816247642832e-01,-8.156982200398217309e-01,1.025907514417588734e-01
2.960602185227072525e+00,1.616114487277952261e+00,9.876944537432157389e-01,6.999999999999999556e-01,2.000000000000000111e-01,5.000000000000000278e-02,2.000000000000000042e-02,-4.452490808330867189e+00,-4.490686451456698869e+00,-2.380430439914252627e+00,-1.339708183131425923e+00
-1.602604997062776260e+00,2.863789988333926839e+00,7.003177744057109688e-01,6.999999999999999556e-01,2.000000000000000111e-01,5.000000000000000278e-02,2.000000000000000042e-02,3.167706108353453232e+00,3.226976771884532802e+00,-2.233432450111015655e+00,1.285066760835844146e+00
-2.122580189246128679e+00,5.986501286812596634e-01,7.671077517145601377e-01,6.999999999999999556e-01,2.000000000000000111e-01,5.000000000000000278e-02,2.000000000000000042e-02,2.070451338470141955e+00,2.057277452834086695e+00,-1.425975475686832139e+00,3.557912129599763995e-01
-1.342624734026311772e+00,1.656257605238466990e+00,7.459614214191123693e-01,6.999999999999999556e-01,2.000000000000000111e-01,5.000000000000000278e-02,2.000000000000000042e-02,1.576481169446236841e+00,1.609839098398317958e+00,-1.354442672150320215e+00,6.226450794794586852e-01
1.919096341503747638e-01,1.539194316543925023e+00,8.506526353516524752e-01,6.999999999999999556e-01,2.000000000000000111e-01,5.000000000000000278e-02,2.000000000000000042e-02,-1.983420892012996983e-01,-1.946860978840214695e-01,-1.037201076323316373e+00,-8.270814108879860627e-02
2.382409233964832396e+00,5.084449646045383631e-01,4.624072105898547891e-01,6.999999999999999556e-01,2.000000000000000111e-01,5.000000000000000278e-02,2.000000000000000042e-02,-2.430023987220877313e+00,-2.418969545201491211e+00,-1.587573343196574394e+00,-3.391707140182967928e-01
-2.811459507149560721e+00,1.827514690400195985e+00,2.545886527539430455e-01,6.999999999999999556e-01,2.000000000000000111e-01,5.000000000000000278e-02,2.000000000000000042e-02,4.393716923715788703e+00,4.298889346016186330e+00,-2.353219076159241308e+00,1.438635394218712449e+00
1.890516549171863403e-01,7.452720714216025666e-01,3.171900290115592380e-02,6.999999999999999556e-01,2.000000000000000111e-01,5.000000000000000278e-02,2.000000000000000042e-02,-1.473747054257674161e-01,-1.766645057495340176e-01,-7.831213436957855656e-01,-3.945057717042776274e-02
-2.893617830333521823e+00,2.720734134049386466e+00,5.152782191424972735e-01,6.999999999999999556e-01,2.000000000000000111e-01,5.000000000000000278e-02,2.000000000000000042e-02,6.235707069275584047e+00,6.049748597448802556e+00,-2.992288814149016929e+00,2.204374144527054824e+00
2.950919890270021106e+00,2.568413585892720619e+00,1.545345623041085581e-01,6.999999999999999556e-01,2.000000000000000111e-01,5.000000000000000278e-02,2.000000000000000042e-02,-6.075770477084427412e+00,-6.018152004506936770e+00,-2.929733998566447895e+00,-2.122171166374161810e+00
-2.597618631453393334e-01,1.589115518737429067e+00,4.643176199614842403e-01,6.999999999999999556e-01,2.000000000000000111e-01,5.000000000000000278e-02,2.000000000000000042e-02,2.745459887216890604e-01,2.336809118652185546e-01,-1.063661772296608410e+00,1.155816502121139316e-01
1.058175804654356789e+00,7.351894828697992379e-01,6.176191615140347313e-02,6.999999999999999556e-01,2.000000000000000111e-01,5.000000000000000278e-02,2.000000000000000042e-02,-8.800396350356736175e-01,-8.538665077085466626e-01,-9.436309056345151269e-01,-2.178287223305676590e-01
-1.452099524161346134e+00,4.299869415582266985e-01,7.760968512462809166e-01,6.999999999999999556e-01,2.000000000000000111e-01,5.000000000000000278e-02,2.000000000000000042e-02,1.207150778821826531e+00,1.199817395044930457e+00,-1.042173381997924864e+00,1.748274733050421692e-01
-1.561596918389538402e-01,6.879002391441036979e-01,3.572419958707909737e-01,6.999999999999999556e-01,2.000000000000000111e-01,5.000000000000000278e-02,2.000000000000000042e-02,1.198476032189821489e-01,9.433609652270064094e-02,-7.699068208653176981e-01,3.007824102099204699e-02
1.941491813495469287e+00,1.580677833252343234e+00,3.058354095544342233e-01,6.999999999999999556e-01,2.000000000000000111e-01,5.000000000000000278e-02,2.000000000000000042e-02,-2.404082255171443361e+00,-2.387933756965753496e+00,-1.615204507035433945e+00,-8.592844604492905214e-01
-2.291981129177148357e+00,1.755830927014588649e+00,8.012099783068684644e-01,6.999999999999999556e-01,2.000000000000000111e-01,5.000000000000000278e-02,2.000000000000000042e-02,3.195642337400750321e+00,3.120427434207118100e+00,-1.919588538672150957e+00,1.126812778208055477e+00
-1.710694834302793454e+00,4.087952249132376092e-01,3.981123067281963079e-01,6.999999999999999556e-01,2.000000000000000111e-01,5.000000000000000278e-02,2.000000000000000042e-02,1.487825059381000958e+00,1.489100132509251440e+00,-1.162367417444200246e+00,1.958106862730827624e-01
-1.178653849712363311e+00,2.245616885390108397e+00,4.697681116705458848e-01,6.999999999999999556e-01,2.000000000000000111e-01,5.000000000000000278e-02,2.000000000000000042e-02,1.739047854415265437e+00,1.730384424166471202e+00,-1.614375062049150378e+00,7.411053963443586801e-01
1.931174453569926897e+00,1.459134054392459134e+00,6.630293099503344889e-01,6.999999999999999556e-01,2.000000000000000111e-01,5.000000000000000278e-02,2.000000000000000042e-02,-2.287556950098620590e+00,-2.235073197409919832e+00,-1.557485321934454436e+00,-7.889958748494561025e-01
2.399315697346240839e+00,2.923830238074458521e+00,3.356400837186279684e-02,6.999999999999999556e-01,2.000000000000000111e-01,5.000000000000000278e-02,2.000000000000000042e-02,-5.241702101223056687e+00,-5.151317409861881913e+00,-2.760337028880807786e+00,-1.964253700244540157e+00
1.499315590992016389e+00,1.186913500442033254e+00,3.105545209164636278e-01,6.999999999999999556e-01,2.000000000000000111e-01,5.000000000000000278e-02,2.000000000000000042e-02,-1.513745415238118897e+00,-1.486535271804615421e+00,-1.234418998263179468e+00,-4.982762165840619595e-01
-1.528309302730074482e+00,1.387365113657538895e+00,9.951773883143875121e-01,6.999999999999999556e-01,2.000000000000000111e-01,5.000000000000000278e-02,2.000000000000000042e-02,1.660135058925948703e+00,1.645704589302730447e+00,-1.319828872924852403e+00,5.936904426560754011e-01
-1.105408506486837750e+00,2.373523095370035918e+00,6.853384829935464939e-01,6.999999999999999556e-01,2.000000000000000111e-01,5.000000000000000278e-02,2.000000000000000042e-02,1.713164382823220588e+00,1.754077423714600625e+00,-1.671994858727713140e+00,7.346395335902020651e-01
1.412470693673140154e+00,1.232926977424266823e+00,1.301173302452479641e-01,6.999999999999999556e-01,2.000000000000000111e-01,5.000000000000000278e-02,2.000000000000000042e-02,-1.430223929706819552e+00,-1.432006911303058461e+00,-1.212076269505297565e+00,-4.876125024542189990e-01
-3.318686424896188925e-01,2.346381745466531221e+00,9.497330717524731236e-01,6.999999999999999556e-01,2.000000000000000111e-01,5.000000000000000278e-02,2.000000000000000042e-02,4.899303297198487894e-01,4.922545454133867571e-01,-1.487291540744384299e+00,2.180333468965120480e-01
-9.134392636718056124e-01,1.617321024972542265e+00,9.301532493908883925e-01,6.999999999999999556e-01,2.000000000000000111e-01,5.000000000000000278e-02,2.000000000000000042e-02,1.012017981700249480e+00,1.020641751504431260e+00,-1.191357514957146480e+00,4.136508673281176218e-01
2.978495672366762825e+00,3.526541587211176054e-01,6.550460257566308453e-01,6.999999999999999556e-01,2.000000000000000111e-01,5.000000000000000278e-02,2.000000000000000042e-02,-3.457982594894327910e+00,-3.439655580191479878e+00,-2.048126564338992317e+00,-2.941060879660372662e-01
-1.461544543569453181e+00,2.713210288929884584e+00,1.659472707847520212e-02,6.999999999999999556e-01,2.000000000000000111e-01,5.000000000000000278e-02,2.000000000000000042e-02,2.685466838427031711e+00,2.617418834170259334e+00,-2.051028277999344507e+00,1.110333754135752082e+00
1.676538791977504772e+00,2.697836776362396716e+00,4.162848642957729384e-01,6.999999999999999556e-01,2.000000000000000111e-01,5.000000000000000278e-02,2.000000000000000042e-02,-3.117531217056238368e+00,-3.078931222983431581e+00,-2.140582606215891026e+00,-1.266447842798627432e+00
-1.941541346831323400e+00,3.795164716813760331e-01,3.857192898146944993e-01,6.999999999999999556e-01,2.000000000000000111e-01,5.000000000000000278e-02,2.000000000000000042e-02,1.764169362386690088e+00,1.711045209125015676e+00,-1.285602005537185732e+00,2.063171380404205391e-01
2.472940962583229485e+00,9.911410564206752927e-01,1.784890907374835356e-01,6.999999999999999556e-01,2.000000000000000111e-01,5.000000000000000278e-02,2.000000000000000042e-02,-2.827319172739110709e+00,-2.801810827370700085e+00,-1.754846033784487336e+00,-6.862893290737970275e-01
-1.289848259333391312e+00,1.701056538610466573e+00,6.041595217457449429e-01,6.999999999999999556e-01,2.000000000000000111e-01,5.000000000000000278e-02,2.000000000000000042e-02,1.532711847199828004e+00,1.530809017468160782e+00,-1.354659348472726066e+00,6.143493482992302690e-01
2.527992767423935305e+00,3.162071374118157197e-01,2.875698144201920270e-01,6.999999999999999556e-01,2.000000000000000111e-01,5.000000000000000278e-02,2.000000000000000042e-02,-2.612770382970289074e+00,-2.608798972947241612e+00,-1.672610288347183616e+00,-2.238234197877710385e-01
1.262235555466677539e+00,1.210855013303922423e+00,6.708283781143475899e-01,6.999999999999999556e-01,2.000000000000000111e-01,5.000000000000000278e-02,2.000000000000000042e-02,-1.243208251574506873e+00,-1.268960192867399472e+00,-1.144249570476694622e+00,-4.279475900860404969e-01
2.244907787303581870e+00,1.983809870423332011e-01,2.465878047164256071e-01,6.999999999999999556e-01,2.000000000000000111e-01,5.000000000000000278e-02,2.000000000000000042e-02,-2.149477320552175996e+00,-2.108519914990638622e+00,-1.461451348267224226e+00,-1.246971663460053198e-01
8.184338661622900801e-01,1.594616799533819629e+00,9.114123779681635451e-01,6.999999999999999556e-01,2.000000000000000111e-01,5.000000000000000278e-02,2.000000000000000042e-02,-8.916706700850784983e-01,-8.944268462062653358e-01,-1.156467482221970489e+00,-3.654247498411443695e-01
-2.381193808134354661e+00,1.448130801019860137e+00,2.747355190779463552e-01,6.999999999999999556e-01,2.000000000000000111e-01,5.000000000000000278e-02,2.000000000000000042e-02,3.041012592199134446e+00,3.090304992454848687e+00,-1.844104187145347407e+00,9.655184270919975331e-01
-6.163322896961003217e-01,2.785092804552256052e+00,1.447162083148845202e-02,6.999999999999999556e-01,2.000000000000000111e-01,5.000000000000000278e-02,2.000000000000000042e-02,1.112441043188536760e+00,1.097053739286468099e+00,-1.842923693893930626e+00,4.806319350688311176e-01
2.875849770895674062e+00,2.413555792397064970e+00,8.478549783546692753e-01,6.999999999999999556e-01,2.000000000000000111e-01,5.000000000000000278e-02,2.000000000000000042e-02,-5.547689100158026854e+00,-5.622877209458521541e+00,-2.756112004535984816e+00,-1.943486684330527181e+00
-2.254866027918811966e+00,8.094186121228617026e-01,2.227384220045043328e-01,6.999999999999999556e-01,2.000000000000000111e-01,5.000000000000000278e-02,2.000000000000000042e-02,2.358461853627110916e+00,2.361734552446550950e+00,-1.554385309130480231e+00,5.110365486354897513e-01
1.942907081548730375e-01,2.042919874960881010e+00,4.364021412479057727e-02,6.999999999999999556e-01,2.000000000000000111e-01,5.000000000000000278e-02,2.000000000000000042e-02,-2.498929143575338852e-01,-2.302696368815636552e-01,-1.289955358062723656e+00,-1.111376977787479903e-01
1.291715089120497595e-01,2.872175246557322925e+00,9.479829874030105685e-01,6.999999999999999556e-01,2.000000000000000111e-01,5.000000000000000278e-02,2.000000000000000042e-02,-2.397098926156095433e-01,-2.647218589181672965e-01,-1.857417482378318718e+00,-1.038808989281414241e-01
-3.805767992900097596e-01,3.849047689762787883e-01,3.233746538563693207e-01,6.999999999999999556e-01,2.000000000000000111e-01,5.000000000000000278e-02,2.000000000000000042e-02,2.770535049176213183e-01,2.661161513911299292e-01,-7.424670403889698234e-01,4.101603100236678873e-02
-1.316102588448335942e+00,1.595993684024562320e+00,7.021396781403896892e-01,6.999999999999999556e-01,2.000000000000000111e-01,5.000000000000000278e-02,2.000000000000000042e-02,1.504586534315584867e+00,1.490296354079343022e+00,-1.316426321020542689e+00,5.881375972337381519e-01
-1.149085546827902204e+00,4.331220504068843402e-01,1.091340537319509529e-01,6.999999999999999556e-01,2.000000000000000111e-01,5.000000000000000278e-02,2.000000000000000042e-02,9.104011042194231074e-01,9.053313131748582654e-01,-9.243228985661298136e-01,1.393544006778047184e-01
-1.778351202808731601e+00,7.606162062955896808e-01,8.091105853114605173e-01,6.999999999999999556e-01,2.000000000000000111e-01,5.000000000000000278e-02,2.000000000000000042e-02,1.670088439317860551e+00,1.655694845242195568e+00,-1.255375131938818667e+00,3.787399686956413047e-01
-1.425704878815559740e+00,1.482063679269847833e+00,8.418728564330559827e-01,6.999999999999999556e-01,2.000000000000000111e-01,5.000000000000000278e-02,2.000000000000000042e-02,1.581311306372896519e+00,1.613781574398476470e+00,-1.312406945139296344e+00,5.916359171101009951e-01
-2.776359453827960788e+00,2.864468020857746655e-02,2.775428759548570490e-01,6.999999999999999556e-01,2.000000000000000111e-01,5.000000000000000278e-02,2.000000000000000042e-02,3.013803329744966231e+00,3.054637373314460724e+00,-1.856340645007579448e+00,2.226782003570956098e-02
1.495409851395489653e+00,1.443548007166458369e+00,2.418466656906446133e-01,6.999999999999999556e-01,2.000000000000000111e-01,5.000000000000000278e-02,2.000000000000000042e-02,-1.650257821848566175e+00,-1.649406133930528151e+00,-1.327173912406797607e+00,-6.044348550461335901e-01
2.360058075947437217e+00,8.885465550309736837e-01,1.356013145178419643e-01,6.999999999999999556e-01,2.000000000000000111e-01,5.000000000000000278e-02,2.000000000000000042e-02,-2.570164142126118545e+00,-2.528738242801487068e+00,-1.646013215540745644e+00,-5.871660124557145366e-01
-1.677664317709759878e+00,1.888745119209911394e-01,5.864715646653673176e-01,6.999999999999999556e-01,2.000000000000000111e-01,5.000000000000000278e-02,2.000000000000000042e-02,1.418837923278617241e+00,1.446739364055415145e+00,-1.127177935812958109e+00,8.872304816891417312e-02
-2.654564205364436269e+00,1.594624018763479256e+00,4.124911870973305694e-01,6.999999999999999556e-01,2.000000000000000111e-01,5.000000000000000278e-02,2.000000000000000042e-02,3.738505493512130684e+00,3.694953096780845492e+00,-2.113002274630752630e+00,1.185248915542697290e+00
-6.946530362466916131e-01,6.016230252731991079e-01,8.911820370433061189e-01,6.999999999999999556e-01,2.000000000000000111e-01,5.000000000000000278e-02,2.000000000000000042e-02,5.382172968780816191e-01,5.244698995659814456e-01,-8.230544631504548292e-01,1.170173931309453907e-01
-2.351921071766464699e+00,6.015462721807344204e-01,3.694110455925606606e-01,6.999999999999999556e-01,2.000000000000000111e-01,5.000000000000000278e-02,2.000000000000000042e-02,2.415979745908777954e+00,2.448003191768246989e+00,-1.580390017633302779e+00,3.961410188916415498e-01
-4.439125909691199467e-01,2.823833447690849763e+00,5.071588740744114032e-01,6.999999999999999556e-01,2.000000000000000111e-01,5.000000000000000278e-02,2.000000000000000042e-02,8.106811050419069353e-01,8.511472550124966618e-01,-1.845923705904800372e+00,3.509898622243182165e-01
-1.470344935682884602e+00,1.309129503285201057e+00,3.874061876920792402e-01,6.999999999999999556e-01,2.000000000000000111e-01,5.000000000000000278e-02,2.000000000000000042e-02,1.540966366620986516e+00,1.471623390031445267e+00,-1.264221942375292063e+00,5.389641418863647671e-01
4.596887498049158083e-01,1.640169598671363360e+00,2.676005366034780453e-01,6.999999999999999556e-01,2.000000000000000111e-01,5.000000000000000278e-02,2.000000000000000042e-02,-4.997678953493788767e-01,-5.115130217881731500e-01,-1.108318945741390227e+00,-2.111109034387554373e-01
1.450302438087632595e+00,3.076069113313443237e-01,5.894451871723949132e-02,6.999999999999999556e-01,2.000000000000000111e-01,5.000000000000000278e-02,2.000000000000000042e-02,-1.186950632806580419e+00,-1.169186596069167194e+00,-1.028753655954273150e+00,-1.249144549734073489e-01
2.257479253449742984e+00,2.854974721842565177e+00,5.947842033161633291e-01,6.999999999999999556e-01,2.000000000000000111e-01,5.000000000000000278e-02,2.000000000000000042e-02,-4.731527344880404051e+00,-4.803599720763414460e+00,-2.605555179693805457e+00,-1.804612937031251585e+00
1.298228920016202714e+00,1.760087438862483200e+00,2.915455350691112946e-01,6.999999999999999556e-01,2.000000000000000111e-01,5.000000000000000278e-02,2.000000000000000042e-02,-1.581212974895674472e+00,-1.554950007875152362e+00,-1.386516840256774907e+00,-6.397989961687871041e-01
1.967974061114285078e+00,8.839471300680015187e-01,9.093159940329076374e-01,6.999999999999999556e-01,2.000000000000000111e-01,5.000000000000000278e-02,2.000000000000000042e-02,-1.973950501738017005e+00,-1.965315803366238567e+00,-1.390329039808561706e+00,-4.870838065436677300e-01
2.970149487331465998e+00,1.988992142430024090e+00,6.537903670204903150e-01,6.999999999999999556e-01,2.000000000000000111e-01,5.000000000000000278e-02,2.000000000000000042e-02,-5.034231001942869987e+00,-5.153819128441702979e+00,-2.577120760535078325e+00,-1.654129117800557935e+00
-5.931512084448034017e-01,1.932165948623754570e+00,6.324089016296503551e-01,6.999999999999999556e-01,2.000000000000000111e-01,5.000000000000000278e-02,2.000000000000000042e-02,7.356549281184756595e-01,7.269224916880165921e-01,-1.275431388834888269e+00,3.208986388557824032e-01
-2.060673986064178731e+00,1.456691796491814461e+00,8.661818330047299508e-01,6.999999999999999556e-01,2.000000000000000111e-01,5.000000000000000278e-02,2.000000000000000042e-02,2.492162638376813177e+00,2.510056027419987679e+00,-1.634029730121561830e+00,8.404947294082574238e-01
-1.979411063856798547e+00,1.279147620444329725e+00,1.888110454947742323e-01,6.999999999999999556e-01,2.000000000000000111e-01,5.000000000000000278e-02,2.000000000000000042e-02,2.226786015544515607e+00,2.189036669509276223e+00,-1.516780832842180349e+00,7.089485066198087937e-01
-2.100342504284347100e-01,2.835385950645656905e-01,8.906783751861161447e-01,6.999999999999999556e-01,2.000000000000000111e-01,5.000000000000000278e-02,2.000000000000000042e-02,1.498512249639425975e-01,1.611281989132461734e-01,-7.178723368377213365e-01,1.667478855893690659e-02
1.166054164558350870e+00,2.280233010847782182e+00,8.160007327519902542e-01,6.999999999999999556e-01,2.000000000000000111e-01,5.000000000000000278e-02,2.000000000000000042e-02,-1.744310776362723692e+00,-1.733825716025650276e+00,-1.631877108928973197e+00,-7.444850555694954020e-01
1.988006231081509867e+00,1.163363488457128669e-01,1.850463595932544392e-01,6.999999999999999556e-01,2.000000000000000111e-01,5.000000000000000278e-02,2.000000000000000042e-02,-1.788218004627061708e+00,-1.798425474489525833e+00,-1.294720096671621690e+00,-6.475766819383382833e-02
-2.002517720383811373e+00,1.918593861637993836e-01,2.192264338873409768e-01,6.999999999999999556e-01,2.000000000000000111e-01,5.000000000000000278e-02,2.000000000000000042e-02,1.813594720536983118e+00,1.827244894417375587e+00,-1.306664986435957410e+00,1.075765097721912700e-01
1.422316788615631822e-01,1.874436301553115136e+00,4.534474025455970114e-02,6.999999999999999556e-01,2.000000000000000111e-01,5.000000000000000278e-02,2.000000000000000042e-02,-1.696686099672024828e-01,-1.764379273583557284e-01,-1.194926080371983890e+00,-7.464918218490848578e-02
-2.540894655068120400e+00,2.620489195627678569e+00,4.459867977984969256e-01,6.999999999999999556e-01,2.000000000000000111e-01,5.000000000000000278e-02,2.000000000000000042e-02,5.041597920804862021e+00,5.063065897159613193e+00,-2.629796754639256662e+00,1.864348357433555314e+00
4.364421735560433113e-01,2.697989681166138798e+00,1.166707008423367720e-01,6.999999999999999556e-01,2.000000000000000111e-01,5.000000000000000278e-02,2.000000000000000042e-02,-7.544360593928919334e-01,-7.733270712722353224e-01,-1.747653030383803596e+00,-3.297046145903791969e-01
2.190496794988898266e+00,6.618962809763203614e-01,8.137880943481192730e-01,6.999999999999999556e-01,2.000000000000000111e-01,5.000000000000000278e-02,2.000000000000000042e-02,-2.193232170393517144e+00,-2.134015441404332414e+00,-1.481076367476335198e+00,-4.059668709862362390e-01
-9.329918684548306196e-01,2.444974558307033252e+00,2.767844125616295559e-01,6.999999999999999556e-01,2.000000000000000111e-01,5.000000000000000278e-02,2.000000000000000042e-02,1.474528127841131520e+00,1.467220809830810380e+00,-1.667477156698039309e+00,6.387195868142327981e-01
1.067316342844415900e+00,5.479170042179449807e-01,2.264277112409947001e-01,6.999999999999999556e-01,2.000000000000000111e-01,5.000000000000000278e-02,2.000000000000000042e-02,-8.527729873610484512e-01,-8.305845577215152931e-01,-9.129044524469801525e-01,-1.637442164747663076e-01
7.965094737981881501e-01,5.756873390153025571e-01,9.146400718903883176e-01,6.999999999999999556e-01,2.000000000000000111e-01,5.000000000000000278e-02,2.000000000000000042e-02,-6.197796290180482837e-01,-5.788877107269136957e-01,-8.415623289998926948e-01,-1.283913174519801526e-01
9.839711575683809386e-01,1.386353341723950638e+00,3.110135900579923396e-01,6.999999999999999556e-01,2.000000000000000111e-01,5.000000000000000278e-02,2.000000000000000042e-02,-1.001177412787023657e+00,-9.709848312033150242e-01,-1.114306468174252052e+00,-3.819568766873744359e-01
-1.904757079129534292e+00,1.724604087123860374e+00,3.350637360283977850e-01,6.999999999999999556e-01,2.000000000000000111e-01,5.000000000000000278e-02,2.000000000000000042e-02,2.471996161193138253e+00,2.471400890193895972e+00,-1.660611225599516683e+00,9.197865162205721701e-01
5.765887052854834494e-02,1.592912396459337465e+00,5.573253545173115775e-01,6.999999999999999556e-01,2.000000000000000111e-01,5.000000000000000278e-02,2.000000000000000042e-02,-6.085305742563219822e-02,-5.777256697277803610e-02,-1.055730468193730287e+00,-2.571674829661520917e-02
-2.670133283235161414e+00,2.744406956010384313e+00,5.386679549870275752e-01,6.999999999999999556e-01,2.000000000000000111e-01,5.000000000000000278e-02,2.000000000000000042e-02,5.636459974139248708e+00,5.632351147083196174e+00,-2.823889498163773659e+00,2.051821059675917880e+00
-5.257092505030289686e-01,1.492874249688549648e+00,2.999588517241641439e-01,6.999999999999999556e-01,2.000000000000000111e-01,5.000000000000000278e-02,2.000000000000000042e-02,5.392897947198671549e-01,5.453126096984126647e-01,-1.053469825963309292e+00,2.197489848117309685e-01
-2.679094261010876998e+00,1.085724285744735562e+00,6.180289249019150777e-01,6.999999999999999556e-01,2.000000000000000111e-01,5.000000000000000278e-02,2.000000000000000042e-02,3.278967348625083655e+00,3.227675060482341873e+00,-1.941663520359040884e+00,8.144521568340792328e-01
2.791791263551947289e+00,1.388428603208911039e+00,2.152225843941226735e-01,6.999999999999999556e-01,2.000000000000000111e-01,5.000000000000000278e-02,2.000000000000000042e-02,-3.795685009936480281e+00,-3.926295388054116930e+00,-2.138997526955957795e+00,-1.085336796461195741e+00
-9.249217426551421539e-01,5.550995922318565645e-01,6.706143136033902996e-01,6.999999999999999556e-01,2.000000000000000111e-01,5.000000000000000278e-02,2.000000000000000042e-02,7.269080118451545225e-01,7.331292699996391216e-01,-8.714610125268700269e-01,1.437586310143892931e-01
-1.513069959740544590e+00,2.163247475191968139e+00,3.122271040837487632e-01,6.999999999999999556e-01,2.000000000000000111e-01,5.000000000000000278e-02,2.000000000000000042e-02,2.223635732639039020e+00,2.225856660016562127e+00,-1.698556654909807451e+00,9.164805356553127336e-01
2.416687371550775509e+00,5.302851306830378419e-01,2.259830559178821474e-01,6.999999999999999556e-01,2.000000000000000111e-01,5.000000000000000278e-02,2.000000000000000042e-02,-2.492540463387170391e+00,-2.419378874849974270e+00,-1.615425002547243416e+00,-3.588293460199979967e-01
-4.068011081876994339e-01,1.447754834521955525e+00,3.431155412417788986e-01,6.999999999999999556e-01,2.000000000000000111e-01,5.000000000000000278e-02,2.000000000000000042e-02,4.074981723025483116e-01,4.420954175700685940e-01,-1.018262239766848376e+00,1.649055158989366499e-01
6.857546940648262535e-02,2.755559431708843876e-01,2.626714009120394433e-01,6.999999999999999556e-01,2.000000000000000111e-01,5.000000000000000278e-02,2.000000000000000042e-02,-4.874793402006609433e-02,-7.472377242163859290e-02,-7.113357401449992290e-01,-5.290985882193044096e-03
2.207019087833487880e+00,2.164274613012168391e+00,7.972699866808072855e-01,6.999999999999999556e-01,2.000000000000000111e-01,5.000000000000000278e-02,2.000000000000000042e-02,-3.529726471982463920e+00,-3.591882540054110340e+00,-2.086411832183260096e+00,-1.337446707024761317e+00
1.362675141755858021e-01,1.088859987765411041e+00,7.589877230051546020e-01,6.999999999999999556e-01,2.000000000000000111e-01,5.000000000000000278e-02,2.000000000000000042e-02,-1.181323100790743902e-01,-1.032605921059523840e-01,-8.687715755268478057e-01,-4.154534826905436490e-02
-6.453981055588342564e-01,2.356416962416719940e+00,1.113940778129047793e-01,6.999999999999999556e-01,2.000000000000000111e-01,5.000000000000000278e-02,2.000000000000000042e-02,9.669387086502440054e-01,9.895171531328704750e-01,-1.539858933305973565e+00,4.258315721661270481e-01
1.426182212061466004e+00,5.028936501019285465e-01,8.978044928367999722e-01,6.999999999999999556e-01,2.000000000000000111e-01,5.000000000000000278e-02,2.000000000000000042e-02,-1.193865784309195988e+00,-1.190861433278757042e+00,-1.040505638563878232e+00,-2.008210339335293193e-01
-1.192382549699310124e+00,1.464004348357975438e+00,8.206866610615766167e-01,6.999999999999999556e-01,2.000000000000000111e-01,5.000000000000000278e-02,2.000000000000000042e-02,1.277222988316606411e+00,1.278810968681805216e+00,-1.213329644205662694e+00,4.887829065464687206e-01
-2.092401521879619697e+00,2.620872366278030441e+00,9.521046508906438888e-02,6.999999999999999556e-01,2.000000000000000111e-01,5.000000000000000278e-02,2.000000000000000042e-02,3.934893470910477475e+00,3.796787164841445517e+00,-2.318377693759394731e+00,1.535496851798669127e+00
1.307254647701405759e+00,2.188979162817514812e+00,4.946713602807747412e-01,6.999999999999999556e-01,2.000000000000000111e-01,5.000000000000000278e-02,2.000000000000000042e-02,-1.903720829633219092e+00,-1.820402692662189681e+00,-1.627165375625436505e+00,-8.012348916081238892e-01
-1.546670138874084444e-02,6.201922717130625706e-01,5.247611332191204347e-01,6.999999999999999556e-01,2.000000000000000111e-01,5.000000000000000278e-02,2.000000000000000042e-02,1.165974830370374894e-02,-1.562197230574503479e-03,-7.538852663727425574e-01,2.685852027653413705e-03
2.984405032561411986e+00,2.936344781136907001e-01,5.063232888828975709e-01,6.999999999999999556e-01,2.000000000000000111e-01,5.000000000000000278e-02,2.000000000000000042e-02,-3.454164228929939018e+00,-3.416597909323680682e+00,-2.048071978699876450e+00,-2.453707799804918099e-01
2.758878316074486747e-01,1.790441844881363487e+00,2.015856510270608304e-02,6.999999999999999556e-01,2.000000000000000111e-01,5.000000000000000278e-02,2.000000000000000042e-02,-3.179886415737531724e-01,-3.113331262475427241e-01,-1.160212594330664482e+00,-1.383091130969966165e-01
2.378220704491528892e+00,2.938123785945391475e+00,9.184074161411043269e-01,6.999999999999999556e-01,2.000000000000000111e-01,5.000000000000000278e-02,2.000000000000000042e-02,-5.211529825824800177e+00,-5.300084981105970705e+00,-2.756950051306158667e+00,-1.956501909626422675e+00
-2.742936268776391628e+00,1.214907013970598637e+00,4.302409937835466325e-01,6.999999999999999556e-01,2.000000000000000111e-01,5.000000000000000278e-02,2.000000000000000042e-02,3.518706769403167733e+00,3.576574656264251750e+00,-2.035194773548637315e+00,9.330755033070186055e-01
-2.860964355198027498e+00,2.108340617274474749e+00,7.299340892314672979e-01,6.999999999999999556e-01,2.000000000000000111e-01,5.000000000000000278e-02,2.000000000000000042e-02,4.953959688817157314e+00,5.092615954638849196e+00,-2.550081578439953756e+00,1.688928459298773888e+00
-8.949726550441203798e-01,2.044924782010436815e+00,5.499468864310151917e-01,6.999999999999999556e-01,2.000000000000000111e-01,5.000000000000000278e-02,2.000000000000000042e-02,1.186276618658798965e+00,1.185330272803112095e+00,-1.405586838962769036e+00,5.124424932259918908e-01
2.007244999062232083e+00,2.933113287170239225e+00,9.259069702766883347e-01,6.999999999999999556e-01,2.000000000000000111e-01,5.000000000000000278e-02,2.000000000000000042e-02,-4.227043437825448891e+00,-4.214860200110824628e+00,-2.508796370691495969e+00,-1.648493553659525102e+00
-1.485491384281054650e-01,1.220830354181188016e+00,2.977238853565493670e-01,6.999999999999999556e-01,2.000000000000000111e-01,5.000000000000000278e-02,2.000000000000000042e-02,1.351445228727718995e-01,1.478459928712123894e-01,-9.119697724957828155e-01,5.077892323853840789e-02
6.573320561101780868e-01,2.694412136106898448e-01,7.033990732955457403e-01,6.999999999999999556e-01,2.000000000000000111e-01,5.000000000000000278e-02,2.000000000000000042e-02,-4.810146107472144661e-01,-4.621495943191460398e-01,-7.749766142613854214e-01,-4.959145714419020690e-02
-8.226746091764023383e-01,2.963363852506614160e-01,3.182935795225330100e-01,6.999999999999999556e-01,2.000000000000000111e-01,5.000000000000000278e-02,2.000000000000000042e-02,6.138253414239147610e-01,6.304604396549141621e-01,-8.138131623388119573e-01,6.826075757783398035e-02
-9.272787474343813230e-01,2.729013820084638553e+00,9.279240709273609555e-01,6.999999999999999556e-01,2.000000000000000111e-01,5.000000000000000278e-02,2.000000000000000042e-02,1.655790282489137066e+00,1.627889744836087615e+00,-1.871629181546334619e+00,7.085558247093758366e-01
-1.017156323887345337e+00,6.441988087193172285e-01,3.053196039174305154e-01,6.999999999999999556e-01,2.000000000000000111e-01,5.000000000000000278e-02,2.000000000000000042e-02,8.237229368878863367e-01,8.060117175128017619e-01,-9.132899428053569135e-01,1.834702497962733825e-01
-1.297411822422659178e+00,1.752142253721979070e+00,4.206883655695392576e-02,6.999999999999999556e-01,2.000000000000000111e-01,5.000000000000000278e-02,2.000000000000000042e-02,1.575011529296671764e+00,1.558590243528755082e+00,-1.382291962363223714e+00,6.365100208726498510e-01
-2.783283195027234314e+00,1.911765591195212277e+00,4.859337285953987395e-01,6.999999999999999556e-01,2.000000000000000111e-01,5.000000000000000278e-02,2.000000000000000042e-02,4.450503066206833225e+00,4.221904498766980041e+00,-2.373678476153068928e+00,1.489875811985382992e+00
1.059010414651917031e+00,2.702002979517112990e+00,7.047250319531742635e-01,6.999999999999999556e-01,2.000000000000000111e-01,5.000000000000000278e-02,2.000000000000000042e-02,-1.883121694390325285e+00,-1.930459149970048971e+00,-1.890340272935893573e+00,-8.012058028041572078e-01
-1.147943934932565524e+00,1.275000834015238116e+00,4.079021496977602856e-01,6.999999999999999556e-01,2.000000000000000111e-01,5.000000000000000278e-02,2.000000000000000042e-02,1.140455393421920149e+00,1.136349587717170984e+00,-1.125254089405806734e+00,4.098162528436914420e-01
2.512259467388114231e+00,7.526786684099123770e-01,7.480145705636285225e-01,6.999999999999999556e-01,2.000000000000000111e-01,5.000000000000000278e-02,2.000000000000000042e-02,-2.750637484257075549e+00,-2.785353783354715951e+00,-1.726030669625286507e+00,-5.294587509718867713e-01
5.391560241670712017e-01,2.721608955905697957e+00,7.435865447160691089e-01,6.999999999999999556e-01,2.000000000000000111e-01,5.000000000000000278e-02,2.000000000000000042e-02,-9.443512960201481121e-01,-9.603150526555999100e-01,-1.780605126000601057e+00,-4.108641219210107387e-01
-2.066235437011675558e+00,1.840750498721988926e+00,2.250877764911141110e-01,6.999999999999999556e-01,2.000000000000000111e-01,5.000000000000000278e-02,2.000000000000000042e-02,2.867598361817665253e+00,2.916312562536200303e+00,-1.814770067970759460e+00,1.064958695123760624e+00
-1.235409308931897820e+00,2.976135455138535946e+00,4.042953181766127946e-01,6.999999999999999556e-01,2.000000000000000111e-01,5.000000000000000278e-02,2.000000000000000042e-02,2.491011781630947830e+00,2.507262148600356788e+00,-2.168968938715910788e+00,1.029488724857716919e+00
-1.909171732586167902e+00,2.335162626125870666e+00,9.894093767367203585e-01,6.999999999999999556e-01,2.000000000000000111e-01,5.000000000000000278e-02,2.000000000000000042e-02,3.141856457612821618e+00,3.191534618801559198e+00,-2.010158334339620545e+00,1.248303413501534287e+00
1.527247612130029353e+00,1.991679380689487910e+00,5.173109085973919274e-01,6.999999999999999556e-01,2.000000000000000111e-01,5.000000000000000278e-02,2.000000000000000042e-02,-2.095344640358417720e+00,-2.101866301760039857e+00,-1.605222936078444240e+00,-8.517005219202580246e-01
-1.481766377469958540e+00,1.419823262861218183e+00,8.777416678935248129e-01,6.999999999999999556e-01,2.000000000000000111e-01,5.000000000000000278e-02,2.000000000000000042e-02,1.618099721179590000e+00,1.605396135098134947e+00,-1.311570473296729045e+00,5.890769844000842692e-01
3.516620479089573870e-01,3.595547326750492267e-03,3.983913636313465290e-01,6.999999999999999556e-01,2.000000000000000111e-01,5.000000000000000278e-02,2.000000000000000042e-02,-2.483385054005632364e-01,-2.647596418194491652e-01,-7.185517393054092761e-01,-3.540369101580234483e-04
-3.991287908361016434e-01,2.465905311257082122e+00,2.234980503341474911e-01,6.999999999999999556e-01,2.000000000000000111e-01,5.000000000000000278e-02,2.000000000000000042e-02,6.223462170237645807e-01,6.271394711915805331e-01,-1.575192029323167597e+00,2.755798654555408067e-01
-7.929298133751152555e-01,1.071617100100578313e+00,8.807521298207358074e-01,6.999999999999999556e-01,2.000000000000000111e-01,5.000000000000000278e-02,2.000000000000000042e-02,7.074581118053975270e-01,6.730268511075523374e-01,-9.550815026327804658e-01,2.379208012138534223e-01
2.198306159454585185e+00,1.718643947301489172e-01,4.548059714475108928e-01,6.999999999999999556e-01,2.000000000000000111e-01,5.000000000000000278e-02,2.000000000000000042e-02,-2.079076035531727484e+00,-2.113495582073649626e+00,-1.429017727429029883e+00,-1.057869561073417342e-01
7.308126623272404032e-02,2.217714131684151990e+00,1.438711489848454317e-02,6.999999999999999556e-01,2.000000000000000111e-01,5.000000000000000278e-02,2.000000000000000042e-02,-1.014969345962946218e-01,-9.018912712419083211e-02,-1.389356966503149549e+00,-4.538053992799149366e-02
-1.138938873789658413e+00,2.956736796458165895e+00,7.013408668098364274e-01,6.999999999999999556e-01,2.000000000000000111e-01,5.000000000000000278e-02,2.000000000000000042e-02,2.265098893968021887e+00,2.302092771155710427e+00,-2.118498211428545996e+00,9.429118935741415131e-01
-1.977087063701025382e+00,2.208060315706561472e+00,5.362058775937132982e-01,6.999999999999999556e-01,2.000000000000000111e-01,5.000000000000000278e-02,2.000000000000000042e-02,3.119878802010484176e+00,3.116349171537974971e+00,-1.968905238709833805e+00,1.222347696095412273e+00
-1.210103534349000087e+00,5.223761064031263723e-01,8.248006267374717870e-01,6.999999999999999556e-01,2.000000000000000111e-01,5.000000000000000278e-02,2.000000000000000042e-02,9.819025483170102930e-01,9.599943632283300943e-01,-9.578553360923158788e-01,1.769961683330098789e-01
-1.863438469219625082e+00,1.031584206792945491e+00,9.618364538058086222e-01,6.999999999999999556e-01,2.000000000000000111e-01,5.000000000000000278e-02,2.000000000000000042e-02,1.905558482686693367e+00,1.926482545245355560e+00,-1.369843675883785306e+00,5.382422346496684717e-01
9.843946750865555373e-01,1.024453347188455155e+00,6.899487165825637369e-01,6.999999999999999556e-01,2.000000000000000111e-01,5.000000000000000278e-02,2.000000000000000042e-02,-8.814095646406793216e-01,-8.953769400344139262e-01,-9.922855839300029901e-01,-2.823705975571357829e-01
1.460851526258442945e+00,9.122347978265666901e-01,1.304468236369935585e-01,6.999999999999999556e-01,2.000000000000000111e-01,5.000000000000000278e-02,2.000000000000000042e-02,-1.348670524045279873e+00,-1.351757778766826901e+00,-1.136617202956938133e+00,-3.731390870790805558e-01
5.805342068424277358e-01,2.048536152685703549e+00,9.691635039257939788e-02,6.999999999999999556e-01,2.000000000000000111e-01,5.000000000000000278e-02,2.000000000000000042e-02,-7.572262075434269546e-01,-7.756307038141307952e-01,-1.338063046437573345e+00,-3.329886869644813063e-01
1.269380781110900358e+00,2.166646448027691019e+00,8.552884086067991110e-01,6.999999999999999556e-01,2.000000000000000111e-01,5.000000000000000278e-02,2.000000000000000042e-02,-1.825085646776107628e+00,-1.761493915995907100e+00,-1.598909091423199147e+00,-7.700838209647934418e-01
1.489868507614978910e+00,8.360712948809337908e-01,7.383603757522106958e-01,6.999999999999999556e-01,2.000000000000000111e-01,5.000000000000000278e-02,2.000000000000000042e-02,-1.354063324965185222e+00,-1.315369431582110504e+00,-1.130818354914776114e+00,-3.487781618619142932e-01
4.409333108985635796e-01,1.172405352449582994e+00,8.179050849375115728e-01,6.999999999999999556e-01,2.000000000000000111e-01,5.000000000000000278e-02,2.000000000000000042e-02,-3.977905935319121511e-01,-4.138490744114934894e-01,-9.215981311623356875e-01,-1.447467206558217256e-01
-1.867924265125577632e+00,9.633985691023747577e-01,5.452620738737924411e-01,6.999999999999999556e-01,2.000000000000000111e-01,5.000000000000000278e-02,2.000000000000000042e-02,1.876136043913480655e+00,1.834472786469701910e+00,-1.353310311449529735e+00,5.038755579798041007e-01
8.419987335367049575e-01,7.741142928492564801e-01,5.907923386220129691e-01,6.999999999999999556e-01,2.000000000000000111e-01,5.000000000000000278e-02,2.000000000000000042e-02,-6.898861933217306230e-01,-6.908107171628075083e-01,-8.902396914667027872e-01,-1.825049111736860297e-01
-2.855742962006804220e+00,1.968979767646168444e+00,7.240324194567959726e-02,6.999999999999999556e-01,2.000000000000000111e-01,5.000000000000000278e-02,2.000000000000000042e-02,4.713480232186317842e+00,4.770208464657428316e+00,-2.466053565313703899e+00,1.574412031861014416e+00
-1.417820353597929461e-01,2.403709705984266254e+00,4.253606341918398925e-01,6.999999999999999556e-01,2.000000000000000111e-01,5.000000000000000278e-02,2.000000000000000042e-02,2.140766890034543346e-01,2.380693737468846660e-01,-1.511910170922630137e+00,9.542479926799084244e-02
-2.035205391735946279e+00,2.146092941854729652e+00,5.640235024143926967e-01,6.999999999999999556e-01,2.000000000000000111e-01,5.000000000000000278e-02,2.000000000000000042e-02,3.158441632766908924e+00,3.155148910913136984e+00,-1.966109236093676493e+00,1.222967179400177073e+00
1.182180174519293026e+00,2.886108269318890862e+00,2.851241538850063373e-01,6.999999999999999556e-01,2.000000000000000111e-01,5.000000000000000278e-02,2.000000000000000042e-02,-2.288729698724474737e+00,-2.342769215014226525e+00,-2.075779426666293670e+00,-9.553319937013946550e-01
1.007183841216076736e+00,2.824453252584786078e+00,7.925973440912881252e-02,6.999999999999999556e-01,2.000000000000000111e-01,5.000000000000000278e-02,2.000000000000000042e-02,-1.880992398797819432e+00,-1.870277735565502475e+00,-1.969017958146164426e+00,-7.965282293566041671e-01
-1.012327255305080609e+00,2.889296089753922381e+00,8.835741155777393496e-01,6.999999999999999556e-01,2.000000000000000111e-01,5.000000000000000278e-02,2.000000000000000042e-02,1.943632684917267150e+00,1.953596950059904191e+00,-2.022445435972450412e+00,8.189756904852011354e-01
5.074884594045081521e-01,2.348136240568944544e+00,1.515994729615570691e-01,6.999999999999999556e-01,2.000000000000000111e-01,5.000000000000000278e-02,2.000000000000000042e-02,-7.535195544136199519e-01,-7.838358019616542549e-01,-1.510555813062570030e+00,-3.336625720955035956e-01
1.268211886067982519e+00,1.107874218631209828e+00,5.132313513660973214e-01,6.999999999999999556e-01,2.000000000000000111e-01,5.000000000000000278e-02,2.000000000000000042e-02,-1.207657316601187913e+00,-1.213607276907746613e+00,-1.113088147997696398e+00,-3.934053906541861156e-01
6.707757690512661242e-02,2.238125264667953473e+00,6.715749703265654347e-01,6.999999999999999556e-01,2.000000000000000111e-01,5.000000000000000278e-02,2.000000000000000042e-02,-9.401013817343154000e-02,-9.964242978089744851e-02,-1.401963568246818781e+00,-4.203584547794001619e-02
-1.471946130863603486e+00,2.902395548758222699e+00,4.915677780495734117e-01,6.999999999999999556e-01,2.000000000000000111e-01,5.000000000000000278e-02,2.000000000000000042e-02,2.925753851690619189e+00,2.871172830198755577e+00,-2.204339800827866291e+00,1.196207571504514844e+00
-2.322321668000981276e+00,8.246286732997613056e-01,8.906957599782653334e-01,6.999999999999999556e-01,2.000000000000000111e-01,5.000000000000000278e-02,2.000000000000000042e-02,2.472948936092542294e+00,2.483590837298460308e+00,-1.604178432285966460e+00,5.362148500965026043e-01
2.227815509263697535e+00,1.055071330522565631e+00,2.348126672645263202e-01,6.999999999999999556e-01,2.000000000000000111e-01,5.000000000000000278e-02,2.000000000000000042e-02,-2.459514268076205656e+00,-2.409922065556054260e+00,-1.600318863246072087e+00,-6.581411965849437440e-01
-2.471789198711264568e+00,7.083874270787238192e-02,8.954127674609865251e-01,6.999999999999999556e-01,2.000000000000000111e-01,5.000000000000000278e-02,2.000000000000000042e-02,2.487088659261758483e+00,2.535226827285249840e+00,-1.617163814275431877e+00,4.902756294116947938e-02
-1.809057325411215222e+00,2.720745406576011494e+00,8.627782467092590668e-01,6.999999999999999556e-01,2.000000000000000111e-01,5.000000000000000278e-02,2.000000000000000042e-02,3.437169480411595757e+00,3.378798229989333102e+00,-2.227247040430222036e+00,1.378155634336669433e+00
1.680041666212590101e+00,2.388680215584245925e+00,5.449067415721222662e-01,6.999999999999999556e-01,2.000000000000000111e-01,5.000000000000000278e-02,2.000000000000000042e-02,-2.755164244155363207e+00,-2.785924965815331333e+00,-1.922192044156860291e+00,-1.123663041042977540e+00
-2.701454341299180051e+00,3.670512099991610766e-01,4.172198075297630648e-01,6.999999999999999556e-01,2.000000000000000111e-01,5.000000000000000278e-02,2.000000000000000042e-02,2.927713300583156819e+00,2.966505457527325973e+00,-1.813540056425286817e+00,2.776401837247781668e-01
-2.140022918023425813e+00,1.334103255842139735e+00,8.601886292721802052e-01,6.999999999999999556e-01,2.000000000000000111e-01,5.000000000000000278e-02,2.000000000000000042e-02,2.521292213298484075e+00,2.505395953699196987e+00,-1.636131123064628712e+00,7.994032319033175238e-01
-7.698009744019223000e-01,8.716716626751226382e-01,4.891698236828609936e-01,6.999999999999999556e-01,2.000000000000000111e-01,5.000000000000000278e-02,2.000000000000000042e-02,6.435561435971424160e-01,6.369160919448388913e-01,-8.952626392800362432e-01,1.878838346800388581e-01
-2.093339941897158774e+00,1.043139730065115067e+00,9.619736990589361492e-01,6.999999999999999556e-01,2.000000000000000111e-01,5.000000000000000278e-02,2.000000000000000042e-02,2.242895003283175370e+00,2.337360004114271472e+00,-1.509650486352944965e+00,6.114208973390351520e-01
-2.755387230885999905e+00,1.314068577804496929e+00,1.490296051276627232e-01,6.999999999999999556e-01,2.000000000000000111e-01,5.000000000000000278e-02,2.000000000000000042e-02,3.640849134527890829e+00,3.462736392188467516e+00,-2.080572490623681325e+00,1.013814978341490258e+00
1.651406131443243552e+00,2.826312364687067813e+00,9.855150193007355952e-02,6.999999999999999556e-01,2.000000000000000111e-01,5.000000000000000278e-02,2.000000000000000042e-02,-3.227975379160212377e+00,-3.268157941321885307e+00,-2.227397153234871308e+00,-1.306869079157061408e+00
-1.962138858733653235e+00,9.369164037889126107e-01,1.719367775766161843e-01,6.999999999999999556e-01,2.000000000000000111e-01,5.000000000000000278e-02,2.000000000000000042e-02,1.992342403056859723e+00,1.960528631303304126e+00,-1.400392063819315469e+00,5.147408233125803090e-01
2.482403043765344819e+00,1.729981030606766446e+00,8.401154221062357985e-01,6.999999999999999556e-01,2.000000000000000111e-01,5.000000000000000278e-02,2.000000000000000042e-02,-3.542669791184373196e+00,-3.546092747189524275e+00,-2.043345542030612361e+00,-1.202462849289672508e+00
-2.704222397352187279e+00,2.233833545560570677e+00,4.338687873944423457e-01,6.999999999999999556e-01,2.000000000000000111e-01,5.000000000000000278e-02,2.000000000000000042e-02,4.770904520985478570e+00,4.926662636000524564e+00,-2.495524539449220924e+00,1.691419157641231630e+00
-1.358399700300080726e+00,2.122887969760816063e+00,4.683659418486246784e-01,6.999999999999999556e-01,2.000000000000000111e-01,5.000000000000000278e-02,2.000000000000000042e-02,1.933266240297895511e+00,1.927994814298657378e+00,-1.607718928368030209e+00,8.074445069302469413e-01
4.259036568483489660e-01,1.119207650895162054e-01,6.686218809680457564e-01,6.999999999999999556e-01,2.000000000000000111e-01,5.000000000000000278e-02,2.000000000000000042e-02,-3.027422736435078643e-01,-3.081467954469616077e-01,-7.289627648096707047e-01,-1.334688967608919398e-02
-2.401591068956726360e+00,1.039709517827971164e+00,2.041144582121873219e-01,6.999999999999999556e-01,2.000000000000000111e-01,5.000000000000000278e-02,2.000000000000000042e-02,2.737144751019626732e+00,2.745495432294378091e+00,-1.716485372778596918e+00,6.991479858509886958e-01
-1.294774086078014363e-01,2.483345547235106920e+00,4.406294569861010091e-01,6.999999999999999556e-01,2.000000000000000111e-01,5.000000000000000278e-02,2.000000000000000042e-02,2.025310141916916717e-01,1.967409834713095274e-01,-1.565895374877109392e+00,9.003040091744277107e-02
-7.870372549917270533e-02,5.241581849559269202e-01,6.060297040246338529e-01,6.999999999999999556e-01,2.000000000000000111e-01,5.000000000000000278e-02,2.000000000000000042e-02,5.814423196184370646e-02,6.540935685533064148e-02,-7.393929938609982155e-01,1.155089653393644167e-02
6.004536483126123869e-01,1.351524178825201705e+00,2.670028826481940509e-02,6.999999999999999556e-01,2.000000000000000111e-01,5.000000000000000278e-02,2.000000000000000042e-02,-5.846939581330781177e-01,-5.361220949421929838e-01,-1.009808152398667946e+00,-2.272277347083239696e-01
2.556643822582578274e+00,2.364267898478547458e+00,4.358115642652168331e-01,6.999999999999999556e-01,2.000000000000000111e-01,5.000000000000000278e-02,2.000000000000000042e-02,-4.625961059837322864e+00,-4.686673663345737317e+00,-2.463030922741111794e+00,-1.692485456921132059e+00
-5.486624816730705234e-01,6.169058942838190340e-01,5.874251720974609237e-01,6.999999999999999556e-01,2.000000000000000111e-01,5.000000000000000278e-02,2.000000000000000042e-02,4.215547934425079024e-01,4.176576656071149252e-01,-7.984347813556443851e-01,9.477247329662140396e-02
2.453115362434816760e+00,1.466834871021571951e+00,4.185006118455922852e-01,6.999999999999999556e-01,2.000000000000000111e-01,5.000000000000000278e-02,2.000000000000000042e-02,-3.194234347170940236e+00,-3.198615464743103765e+00,-1.903890882650337346e+00,-1.007528243752271013e+00
-1.690303834193672250e+00,2.855004531204799800e+00,1.977139398649191415e-01,6.999999999999999556e-01,2.000000000000000111e-01,5.000000000000000278e-02,2.000000000000000042e-02,3.353568680579817940e+00,3.218946991001448765e+00,-2.269716180031466024e+00,1.351231029606018597e+00
9.217015822252383472e-01,2.909070717518200677e-01,6.367113917843680859e-02,6.999999999999999556e-01,2.000000000000000111e-01,5.000000000000000278e-02,2.000000000000000042e-02,-6.952620480619953192e-01,-6.836971029981010473e-01,-8.392778404168068640e-01,-7.507626232796577037e-02
-4.285736052700901411e-01,8.576645402551607011e-01,9.481417725575477240e-01,6.999999999999999556e-01,2.000000000000000111e-01,5.000000000000000278e-02,2.000000000000000042e-02,3.480729756962311905e-01,3.468978944718206225e-01,-8.305336851756839334e-01,1.029202675562511937e-01
1.655534108384506098e+00,7.759816790675333475e-02,7.963218029526727415e-01,6.999999999999999556e-01,2.000000000000000111e-01,5.000000000000000278e-02,2.000000000000000042e-02,-1.387143332046056221e+00,-1.439095189013728682e+00,-1.111961984196420117e+00,-3.597059584097785784e-02
1.238777567779276723e-01,1.739917731395512757e-01,5.535311299379460648e-01,6.999999999999999556e-01,2.000000000000000111e-01,5.000000000000000278e-02,2.000000000000000042e-02,-8.733450284503009586e-02,-9.247007288050844431e-02,-7.065400939904840083e-01,-6.035038955215676036e-03
2.122209295787222061e+00,2.413987762407193038e+00,7.276210115264217793e-01,6.999999999999999556e-01,2.000000000000000111e-01,5.000000000000000278e-02,2.000000000000000042e-02,-3.694799879099451179e+00,-3.683129766229893853e+00,-2.191393012656090988e+00,-1.434436435403199317e+00
-2.071161509844182902e+00,1.591758348462466000e+00,2.256854760853277408e-02,6.999999999999999556e-01,2.000000000000000111e-01,5.000000000000000278e-02,2.000000000000000042e-02,2.628723883116421245e+00,2.583866405160038848e+00,-1.698173749564999335e+00,9.231008148064090424e-01
-1.415014338280933259e+00,1.847056996452508759e+00,9.995905581108741611e-01,6.999999999999999556e-01,2.000000000000000111e-01,5.000000000000000278e-02,2.000000000000000042e-02,1.808020442693661467e+00,1.845600826256565297e+00,-1.477966573371276793e+00,7.318113974086760676e-01
2.670311847080797385e-01,7.845532833411195117e-01,3.378303731081974126e-01,6.999999999999999556e-01,2.000000000000000111e-01,5.000000000000000278e-02,2.000000000000000042e-02,-2.108848399215654812e-01,-2.222329028379876337e-01,-7.968691876571764032e-01,-5.866005396081400841e-02
8.084608742013799088e-01,2.115574537768183383e+00,4.450358157144116422e-01,6.999999999999999556e-01,2.000000000000000111e-01,5.000000000000000278e-02,2.000000000000000042e-02,-1.098918420788565831e+00,-1.130238719487187682e+00,-1.424633135246597737e+00,-4.789005872678287479e-01
-7.255762857916785435e-01,4.346323563864942230e-01,6.513549171535637505e-02,6.999999999999999556e-01,2.000000000000000111e-01,5.000000000000000278e-02,2.000000000000000042e-02,5.461919062931777091e-01,5.615233899353117009e-01,-8.054158819060177610e-01,8.830050063290333096e-02
1.819830503956984202e+00,6.013980038056142563e-01,3.211671473347802452e-01,6.999999999999999556e-01,2.000000000000000111e-01,5.000000000000000278e-02,2.000000000000000042e-02,-1.667372913981587601e+00,-1.671711010239536721e+00,-1.247402597727242712e+00,-3.064438810564026339e-01
-7.296588210941905572e-01,1.855563631093892774e-01,1.171176623786172044e-01,6.999999999999999556e-01,2.000000000000000111e-01,5.000000000000000278e-02,2.000000000000000042e-02,5.337019857176874549e-01,5.363670783466359948e-01,-7.846806622247383123e-01,3.790999440281830196e-02
2.601682135880052371e+00,2.838427684447222266e+00,3.376403683483290008e-01,6.999999999999999556e-01,2.000000000000000111e-01,5.000000000000000278e-02,2.000000000000000042e-02,-5.636210129013814019e+00,-5.809693704225809441e+00,-2.843246531200707583e+00,-2.067712248171841516e+00
2.585253344892694649e+00,9.862107788196324831e-01,4.180427302418919799e-01,6.999999999999999556e-01,2.000000000000000111e-01,5.000000000000000278e-02,2.000000000000000042e-02,-3.025631554892302066e+00,-3.105483413939047477e+00,-1.838695866628233588e+00,-7.138893201195516403e-01
-2.743856695376453381e+00,8.692582878291211790e-01,6.038737339661882642e-01,6.999999999999999556e-01,2.000000000000000111e-01,5.000000000000000278e-02,2.000000000000000042e-02,3.243850148725286875e+00,3.181190838924692343e+00,-1.935097830648675021e+00,6.678336484599937117e-01
8.481704426452907342e-01,1.266776266407342089e+00,1.300649823216927237e-01,6.999999999999999556e-01,2.000000000000000111e-01,5.000000000000000278e-02,2.000000000000000042e-02,-8.147786086730334221e-01,-8.177298963805376131e-01,-1.032570060245175725e+00,-3.008438122511539192e-01
2.162314337119413565e+00,6.980298543792904375e-01,8.691043445744606188e-01,6.999999999999999556e-01,2.000000000000000111e-01,5.000000000000000278e-02,2.000000000000000042e-02,-2.166627201701476046e+00,-2.172275656532291155e+00,-1.469554888741493537e+00,-4.226207893212804989e-01
-2.696815151722698367e+00,2.732699676134422884e+00,9.449693065069535436e-01,6.999999999999999556e-01,2.000000000000000111e-01,5.000000000000000278e-02,2.000000000000000042e-02,5.687883178150898722e+00,5.837698537187084646e+00,-2.836392447176493192e+00,2.063484049677966059e+00
1.430043159085628623e+00,8.416624487369481766e-01,1.320064623292617201e-01,6.999999999999999556e-01,2.000000000000000111e-01,5.000000000000000278e-02,2.000000000000000042e-02,-1.289078895139281977e+00,-1.251209750093029704e+00,-1.105928910393083164e+00,-3.370118155811487326e-01
4.965781107044331399e-01,1.364502209442854941e-01,1.493451326841821469e-01,6.999999999999999556e-01,2.000000000000000111e-01,5.000000000000000278e-02,2.000000000000000042e-02,-3.550216196958883574e-01,-3.525100961390287280e-01,-7.395950857960217339e-01,-1.897229401808041283e-02
1.033534909181792472e-01,2.524096819622468679e+00,7.855778688314285496e-01,6.999999999999999556e-01,2.000000000000000111e-01,5.000000000000000278e-02,2.000000000000000042e-02,-1.645886941120926483e-01,-1.664209130634518585e-01,-1.593551357288702564e+00,-7.304478096256765418e-02
-1.357597779424006612e+00,2.180364233318561773e+00,3.337899489329823055e-01,6.999999999999999556e-01,2.000000000000000111e-01,5.000000000000000278e-02,2.000000000000000042e-02,1.978986483451363521e+00,2.050712302576585877e+00,-1.642019106195426570e+00,8.288161396168656214e-01
1.408707171380607193e+00,5.483710990391766904e-01,2.713074692256824960e-01,6.999999999999999556e-01,2.000000000000000111e-01,5.000000000000000278e-02,2.000000000000000042e-02,-1.185176779219147436e+00,-1.183859319755820483e+00,-1.039767904921473418e+00,-2.162984039424189209e-01
-1.678249074110722772e+00,1.126951256584484362e+00,2.655766377520205612e-01,6.999999999999999556e-01,2.000000000000000111e-01,5.000000000000000278e-02,2.000000000000000042e-02,1.709512633363398315e+00,1.742519301802631926e+00,-1.300280672073453436e+00,5.295653728206313193e-01
-1.904988052134247933e+00,4.773357564895246430e-01,1.869478047430029877e-01,6.999999999999999556e-01,2.000000000000000111e-01,5.000000000000000278e-02,2.000000000000000042e-02,1.739916824288959107e+00,1.723740393359388889e+00,-1.276245841235415179e+00,2.546092956313220079e-01
-9.007086593958657517e-01,2.699120630526623987e+00,9.054190774545828324e-01,6.999999999999999556e-01,2.000000000000000111e-01,5.000000000000000278e-02,2.000000000000000042e-02,1.585696792690206358e+00,1.582593423990822368e+00,-1.841626718305426236e+00,6.807139709074205847e-01
2.947412098391829716e+00,2.738680681389353389e+00,6.675058516166262335e-01,6.999999999999999556e-01,2.000000000000000111e-01,5.000000000000000278e-02,2.000000000000000042e-02,-6.438368152267328171e+00,-6.472458952080336836e+00,-3.053137774108114932e+00,-2.260165760708508387e+00
-5.648962660168490579e-01,1.608881540958176926e-01,2.157578057844719011e-01,6.999999999999999556e-01,2.000000000000000111e-01,5.000000000000000278e-02,2.000000000000000042e-02,4.064876536319942946e-01,3.932463330200334228e-01,-7.514900684419369981e-01,2.544783289861983142e-02
-2.141476440751231447e+00,6.528212503305506065e-01,9.988501756854391012e-01,6.999999999999999556e-01,2.000000000000000111e-01,5.000000000000000278e-02,2.000000000000000042e-02,2.117835931088134505e+00,2.132956477791239536e+00,-1.447552783827524614e+00,3.914403717292980756e-01
-6.010853696578553063e-01,1.233234840635691665e+00,3.304940371549577316e-01,6.999999999999999556e-01,2.000000000000000111e-01,5.000000000000000278e-02,2.000000000000000042e-02,5.596024998531312633e-01,5.438221644020397871e-01,-9.671170873445915639e-01,2.075582376163662701e-01
1.593339939406153150e+00,1.858698692656280294e+00,7.619519554882575596e-01,6.999999999999999556e-01,2.000000000000000111e-01,5.000000000000000278e-02,2.000000000000000042e-02,-2.088236302716381054e+00,-2.092617435985184127e+00,-1.564476340587523939e+00,-8.292308814527510341e-01
7.452581939294278257e-01,2.490575363023490141e+00,7.331406035618563966e-01,6.999999999999999556e-01,2.000000000000000111e-01,5.000000000000000278e-02,2.000000000000000042e-02,-1.189570455731390863e+00,-1.180214692076414718e+00,-1.651726655788785303e+00,-5.197140751297641970e-01
1.308115349241484537e+00,2.694252775141966261e+00,4.366753533163493239e-01,6.999999999999999556e-01,2.000000000000000111e-01,5.000000000000000278e-02,2.000000000000000042e-02,-2.356985796253342258e+00,-2.262070291528040844e+00,-1.972934587328601719e+00,-9.868301547719080524e-01
1.956629898920149380e+00,2.798308073862222134e+00,6.728817039957462054e-01,6.999999999999999556e-01,2.000000000000000111e-01,5.000000000000000278e-02,2.000000000000000042e-02,-3.889181429576305860e+00,-4.030629827365685536e+00,-2.370534014876191087e+00,-1.533070908238373775e+00
-1.254240483736099865e+00,1.724669694923123942e+00,2.819522508779369607e-01,6.999999999999999556e-01,2.000000000000000111e-01,5.000000000000000278e-02,2.000000000000000042e-02,1.498922655842882534e+00,1.501059755459263512e+00,-1.352395856578455735e+00,6.056821546847037663e-01
-9.167830133534096149e-01,2.226422422656985312e+00,7.297715150544843432e-01,6.999999999999999556e-01,2.000000000000000111e-01,5.000000000000000278e-02,2.000000000000000042e-02,1.316499038651356646e+00,1.332987756216540420e+00,-1.520047616611375663e+00,5.715209521394993830e-01
2.144514751266219044e+00,2.681451003018961110e+00,2.030455611541441829e-01,6.999999999999999556e-01,2.000000000000000111e-01,5.000000000000000278e-02,2.000000000000000042e-02,-4.153007871412052410e+00,-4.180451567521170197e+00,-2.396466655182556860e+00,-1.610115144616092842e+00
-7.062697171056777634e-01,2.224345184526112185e+00,1.282568729172635091e-01,6.999999999999999556e-01,2.000000000000000111e-01,5.000000000000000278e-02,2.000000000000000042e-02,1.001222398178295725e+00,1.017857406482244542e+00,-1.467502146984510869e+00,4.398765403817774255e-01
7.446539570999632929e-02,1.392368769065576828e+00,3.788054274026824153e-01,6.999999999999999556e-01,2.000000000000000111e-01,5.000000000000000278e-02,2.000000000000000042e-02,-7.235757562968855860e-02,-6.223593924857761389e-02,-9.722484747434234631e-01,-2.903132158155842524e-02
1.998833742336742603e+00,2.483080024268558450e+00,7.051348862103186121e-01,6.999999999999999556e-01,2.000000000000000111e-01,5.000000000000000278e-02,2.000000000000000042e-02,-3.523869757880579989e+00,-3.491051485509737873e+00,-2.162496546394602426e+00,-1.389713958480492728e+00
7.758888685357545612e-01,1.884327415863660926e+00,7.138039156405312502e-01,6.999999999999999556e-01,2.000000000000000111e-01,5.000000000000000278e-02,2.000000000000000042e-02,-9.521682980148128417e-01,-9.601795977251104119e-01,-1.287397103872213178e+00,-4.093680266607002682e-01
2.478608977522862133e+00,8.591584791515941566e-01,2.791965118480362884e-01,6.999999999999999556e-01,2.000000000000000111e-01,5.000000000000000278e-02,2.000000000000000042e-02,-2.752536375024842830e+00,-2.763853237390838657e+00,-1.724866830440270338e+00,-5.962650174712083029e-01
-2.912099833559445017e+00,8.903046065676478715e-02,3.278987261284216359e-02,6.999999999999999556e-01,2.000000000000000111e-01,5.000000000000000278e-02,2.000000000000000042e-02,3.276479153582325221e+00,3.262263730051238042e+00,-1.973158515302007920e+00,7.259436510487991823e-02
7.183154483338829444e-01,2.291217797105986609e+00,5.514972832231420652e-01,6.999999999999999556e-01,2.000000000000000111e-01,5.000000000000000278e-02,2.000000000000000042e-02,-1.049282102133458183e+00,-1.069095613843738191e+00,-1.512351621625795506e+00,-4.608287989644523353e-01
6.100187298170833827e-02,6.073625294410367470e-02,7.498745943409167447e-01,6.999999999999999556e-01,2.000000000000000111e-01,5.000000000000000278e-02,2.000000000000000042e-02,-4.274416529120583785e-02,-3.929935420471299817e-02,-7.010746292151280867e-01,-1.037407052494713827e-03
-5.352154151303381013e-01,2.368247927314189205e+00,3.831822935035500421e-02,6.999999999999999556e-01,2.000000000000000111e-01,5.000000000000000278e-02,2.000000000000000042e-02,8.025697149816388709e-01,7.823884045583441305e-01,-1.528172085420884452e+00,3.549063833137273694e-01
-1.223223848101787858e+00,2.340487319729842586e+00,1.406845026749150573e-01,6.999999999999999556e-01,2.000000000000000111e-01,5.000000000000000278e-02,2.000000000000000042e-02,1.885865190121528645e+00,1.852325810067688927e+00,-1.691344812519007590e+00,8.016231735885456233e-01
-7.409268454184911867e-01,5.768205971532763821e-01,4.571829515975625036e-01,6.999999999999999556e-01,2.000000000000000111e-01,5.000000000000000278e-02,2.000000000000000042e-02,5.734993910646005721e-01,5.470156677404053314e-01,-8.289269687213061122e-01,1.196669223179324670e-01
1.906422444469023425e+00,2.568244518699115631e+00,1.948930131943725774e-01,6.999999999999999556e-01,2.000000000000000111e-01,5.000000000000000278e-02,2.000000000000000042e-02,-3.441369923297662226e+00,-3.369072298701570212e+00,-2.168590167612214348e+00,-1.370924518133110670e+00
-1.416358648645044127e-01,1.671326771632816843e+00,3.845291998749504891e-01,6.999999999999999556e-01,2.000000000000000111e-01,5.000000000000000278e-02,2.000000000000000042e-02,1.546762337283769106e-01,1.439004265302172847e-01,-1.094075752593107742e+00,6.628154757599594160e-02
-1.680159935127464532e+00,2.858408844646319391e+00,1.789349719070382205e-01,6.999999999999999556e-01,2.000000000000000111e-01,5.000000000000000278e-02,2.000000000000000042e-02,3.335146080355785969e+00,3.278706006836030085e+00,-2.267310768382451602e+00,1.344723525316844581e+00
1.162421971442300084e+00,2.799740259578676671e+00,7.029131055242642256e-01,6.999999999999999556e-01,2.000000000000000111e-01,5.000000000000000278e-02,2.000000000000000042e-02,-2.167867707414169676e+00,-2.135070114019213428e+00,-2.000080098908565418e+00,-9.112542857784302619e-01
1.917280196348731813e+00,7.004414251788060319e-02,7.786857389110279914e-01,6.999999999999999556e-01,2.000000000000000111e-01,5.000000000000000278e-02,2.000000000000000042e-02,-1.695805637798533549e+00,-1.709362996402967960e+00,-1.252081368162803798e+00,-3.760238924953298451e-02
-5.624186612312591649e-01,7.058549603620886126e-01,9.547572445644051387e-01,6.999999999999999556e-01,2.000000000000000111e-01,5.000000000000000278e-02,2.000000000000000042e-02,4.418181641891807399e-01,4.481919011912335882e-01,-8.171995840846614234e-01,1.111560805124810203e-01
-2.217657180139445572e+00,2.443114724344378264e+00,3.049363782819669577e-02,6.999999999999999556e-01,2.000000000000000111e-01,5.000000000000000278e-02,2.000000000000000042e-02,3.950830571937053559e+00,3.937302204881956147e+00,-2.273333843176768898e+00,1.517037454897079307e+00
1.466593099573898051e+00,1.581757085152926567e+00,1.367529151883668526e-01,6.999999999999999556e-01,2.000000000000000111e-01,5.000000000000000278e-02,2.000000000000000042e-02,-1.698048670596497667e+00,-1.686389623713084429e+00,-1.372908064658073801e+00,-6.495423273604733483e-01
1.145474395136045764e+00,4.376051717237553484e-01,8.768857595980000808e-01,6.999999999999999556e-01,2.000000000000000111e-01,5.000000000000000278e-02,2.000000000000000042e-02,-9.076914818022997489e-01,-9.040876410210960668e-01,-9.236264985715563203e-01,-1.403543454288287418e-01
1.161830671281705918e+00,1.534796103343649909e+00,6.927049478489634149e-01,6.999999999999999556e-01,2.000000000000000111e-01,5.000000000000000278e-02,2.000000000000000042e-02,-1.274849372296940286e+00,-1.327492266957692069e+00,-1.232261447347074101e+00,-4.992884923679237197e-01
-2.914489962086146413e+00,1.043854308660828512e+00,6.884045387200038446e-01,6.999999999999999556e-01,2.000000000000000111e-01,5.000000000000000278e-02,2.000000000000000042e-02,3.722564484224297310e+00,3.826805952915051101e+00,-2.126686215344505193e+00,8.518448132522603577e-01
-2.281698417197231876e+00,1.156230355924561914e+00,1.771159536356237130e-02,6.999999999999999556e-01,2.000000000000000111e-01,5.000000000000000278e-02,2.000000000000000042e-02,2.618178183711451279e+00,2.668232834211197613e+00,-1.668083759090654539e+00,7.386873124479701458e-01
2.801115395244796247e+00,3.308402996981011368e-01,9.966822339056173874e-01,6.999999999999999556e-01,2.000000000000000111e-01,5.000000000000000278e-02,2.000000000000000042e-02,-3.102616575233438923e+00,-3.188945146045105261e+00,-1.892260861168217900e+00,-2.594821199184909610e-01
3.251654021994294652e-01,1.820898922524849972e+00,3.168978649425761018e-01,6.999999999999999556e-01,2.000000000000000111e-01,5.000000000000000278e-02,2.000000000000000042e-02,-3.802747047723061269e-01,-3.633046948812659327e-01,-1.180054084865429731e+00,-1.657861325420441623e-01
-1.439971848681634858e+00,2.486123079800146574e+00,5.454998904458818743e-02,6.999999999999999556e-01,2.000000000000000111e-01,5.000000000000000278e-02,2.000000000000000042e-02,2.403297264688915469e+00,2.392857719305918174e+00,-1.876340954257436078e+00,1.002385229235571051e+00
-2.701822999458382668e+00,1.157216925359591198e+00,1.093112872666358593e-01,6.999999999999999556e-01,2.000000000000000111e-01,5.000000000000000278e-02,2.000000000000000042e-02,3.383961756462832593e+00,3.391347067630828604e+00,-1.982458269787762628e+00,8.754466852037362523e-01
-1.460934778519469290e-01,9.483745628520404702e-01,1.441768960033136260e-01,6.999999999999999556e-01,2.000000000000000111e-01,5.000000000000000278e-02,2.000000000000000042e-02,1.208171394446910241e-01,1.452712963062311180e-01,-8.291194992457033841e-01,3.879437469414483836e-02
-1.055599388537684202e+00,2.713337168253643572e+00,6.482019211689920013e-01,6.999999999999999556e-01,2.000000000000000111e-01,5.000000000000000278e-02,2.000000000000000042e-02,1.885746293737790458e+00,1.921474837133140046e+00,-1.897851312769907928e+00,8.019751755974329210e-01
-2.066605183101571264e+00,1.892905197491694391e+00,4.138885960104196071e-01,6.999999999999999556e-01,2.000000000000000111e-01,5.000000000000000278e-02,2.000000000000000042e-02,2.924608943274990214e+00,2.979008368179422384e+00,-1.842261159560091732e+00,1.095328553831746765e+00
8.262128141558271466e-01,2.926869306365735390e+00,3.031817510500238733e-01,6.999999999999999556e-01,2.000000000000000111e-01,5.000000000000000278e-02,2.000000000000000042e-02,-1.597441439691932752e+00,-1.536324677063405364e+00,-2.001713093257711407e+00,-6.771007393580493749e-01
-1.921144423831046000e+00,2.529632537432069839e+00,1.671464557969564169e-01,6.999999999999999556e-01,2.000000000000000111e-01,5.000000000000000278e-02,2.000000000000000042e-02,3.420416104787856071e+00,3.491389802646214235e+00,-2.149485093003470126e+00,1.360741044216176032e+00
2.684411077996605499e+00,6.351251410955160992e-01,2.764192305780518444e-01,6.999999999999999556e-01,2.000000000000000111e-01,5.000000000000000278e-02,2.000000000000000042e-02,-2.997888266072738617e+00,-3.032310765669915753e+00,-1.837383177629858810e+00,-4.773823501078688913e-01
-1.607157850563676993e+00,2.101229992080872577e+00,8.088293837286096855e-01,6.999999999999999556e-01,2.000000000000000111e-01,5.000000000000000278e-02,2.000000000000000042e-02,2.325993375405015495e+00,2.269241426381873428e+00,-1.705566900641094286e+00,9.455623177315355399e-01
2.333501874193868453e+00,4.688254563094507166e-01,3.679742576199389603e-01,6.999999999999999556e-01,2.000000000000000111e-01,5.000000000000000278e-02,2.000000000000000042e-02,-2.340579789146558731e+00,-2.303281685359060749e+00,-1.547556272717671710e+00,-3.063214226710116450e-01
-8.701806230861315328e-01,4.934055385969936536e-01,7.834491115497943525e-03,6.999999999999999556e-01,2.000000000000000111e-01,5.000000000000000278e-02,2.000000000000000042e-02,6.717303449203120280e-01,6.391124476827700907e-01,-8.476650110917317571e-01,1.202185429229344626e-01
-1.245715283382086591e+00,1.913286243545751830e+00,9.972460464961422355e-01,6.999999999999999556e-01,2.000000000000000111e-01,5.000000000000000278e-02,2.000000000000000042e-02,1.607076512704029847e+00,1.596307506111829921e+00,-1.445263980051554764e+00,6.673547762195002342e-01
1.550589417297512540e+00,8.890399237251411790e-02,9.577567670041859937e-01,6.999999999999999556e-01,2.000000000000000111e-01,5.000000000000000278e-02,2.000000000000000042e-02,-1.273534636979114953e+00,-1.282292985836320565e+00,-1.061755679935624030e+00,-3.859900512392936550e-02
3.352219326402749999e-02,6.912310701182330375e-01,3.724991580636973776e-01,6.999999999999999556e-01,2.000000000000000111e-01,5.000000000000000278e-02,2.000000000000000042e-02,-2.570978718491159429e-02,-3.912713640557777262e-02,-7.670606155377363011e-01,-6.488042826329105256e-03
-2.158000461968237804e+00,2.907615208559436670e+00,6.482469374578245791e-01,6.999999999999999556e-01,2.000000000000000111e-01,5.000000000000000278e-02,2.000000000000000042e-02,4.567278428325068695e+00,4.685079216244508515e+00,-2.582136567224727841e+00,1.756897789723198544e+00
2.042098118195461609e+00,8.851251503756492056e-01,9.223359056506974518e-02,6.999999999999999556e-01,2.000000000000000111e-01,5.000000000000000278e-02,2.000000000000000042e-02,-2.079245415912795103e+00,-2.066554543735895422e+00,-1.435207223106469199e+00,-5.061034731058846603e-01
3.029050681324134686e-01,2.152693698020745394e+00,5.714900489231317104e-01,6.999999999999999556e-01,2.000000000000000111e-01,5.000000000000000278e-02,2.000000000000000042e-02,-4.099396623966948816e-01,-4.142334213789143904e-01,-1.362535344094797818e+00,-1.825773127548134533e-01
4.125121914395570855e-01,2.124810300946642805e+00,5.245093245466569964e-02,6.999999999999999556e-01,2.000000000000000111e-01,5.000000000000000278e-02,2.000000000000000042e-02,-5.530068103070470142e-01,-5.359563167796721483e-01,-1.357599580314194698e+00,-2.454228430183164056e-01
-7.330892500459316174e-01,1.622368561368294770e+00,2.355463154860468755e-01,6.999999999999999556e-01,2.000000000000000111e-01,5.000000000000000278e-02,2.000000000000000042e-02,8.029982224053630047e-01,7.951841217817111618e-01,-1.149104142128208217e+00,3.330154665464424291e-01
1.952049781427268371e+00,2.521281411411735895e+00,9.410455220720015390e-01,6.999999999999999556e-01,2.000000000000000111e-01,5.000000000000000278e-02,2.000000000000000042e-02,-3.475595962626375268e+00,-3.396135027571111298e+00,-2.161535146149786701e+00,-1.378066711857615534e+00
6.876144471783947054e-01,6.078045155412612477e-01,1.318145046225983608e-01,6.999999999999999556e-01,2.000000000000000111e-01,5.000000000000000278e-02,2.000000000000000042e-02,-5.331489904447753725e-01,-4.942198526275835557e-01,-8.226417302709960744e-01,-1.170218464650021606e-01
-2.558513110974915961e+00,4.173250719810316367e-01,5.268584537178735427e-01,6.999999999999999556e-01,2.000000000000000111e-01,5.000000000000000278e-02,2.000000000000000042e-02,2.690741922433461664e+00,2.684048636925681297e+00,-1.706280831053137881e+00,2.989648670965655564e-01
2.309466722945005657e+00,2.380261016297677390e+00,5.967868471233442884e-01,6.999999999999999556e-01,2.000000000000000111e-01,5.000000000000000278e-02,2.000000000000000042e-02,-4.064365307983601738e+00,-4.077140189781516710e+00,-2.293235432457454870e+00,-1.539197410537568755e+00
3.962304419079298867e-01,1.033883276763776227e+00,2.231573169467132578e-01,6.999999999999999556e-01,2.000000000000000111e-01,5.000000000000000278e-02,2.000000000000000042e-02,-3.397668021046251763e-01,-3.178335691908109606e-01,-8.731978326602354290e-01,-1.147036877373322911e-01
-1.364429068306931780e+00,6.016870890484464773e-01,9.613368265775361632e-01,6.999999999999999556e-01,2.000000000000000111e-01,5.000000000000000278e-02,2.000000000000000042e-02,1.151260444844029118e+00,1.108270454249387749e+00,-1.029933831804001221e+00,2.298686192103508719e-01
-2.752387277510233599e+00,1.552169491191040862e+00,5.048463851150161164e-01,6.999999999999999556e-01,2.000000000000000111e-01,5.000000000000000278e-02,2.000000000000000042e-02,3.897584073678956873e+00,3.804447564543271820e+00,-2.173637576923825421e+00,1.196208036826250876e+00
-2.749402196786201902e+00,2.066213332877186559e+00,7.788902579197376497e-02,6.999999999999999556e-01,2.000000000000000111e-01,5.000000000000000278e-02,2.000000000000000042e-02,4.607046450914168645e+00,4.516903232683323388e+00,-2.431575121128242145e+00,1.590638413403613116e+00
-2.265955014697750958e+00,1.575939679844701846e+00,7.678518168560093393e-01,6.999999999999999556e-01,2.000000000000000111e-01,5.000000000000000278e-02,2.000000000000000042e-02,2.955778858842344370e+00,2.864746147579019464e+00,-1.817884841726345790e+00,9.998823577134756668e-01
-1.458020531535443753e+00,2.426885260914382503e+00,4.752939696361376809e-01,6.999999999999999556e-01,2.000000000000000111e-01,5.000000000000000278e-02,2.000000000000000042e-02,2.377826319051424608e+00,2.377587220718828664e+00,-1.843441670306920521e+00,9.907655906662981016e-01
1.684096969994421933e-01,1.042194249226477964e+00,1.742574313779039485e-01,6.999999999999999556e-01,2.000000000000000111e-01,5.000000000000000278e-02,2.000000000000000042e-02,-1.437345996683273008e-01,-1.381209517526407471e-01,-8.563179133434204449e-01,-4.914437296350183254e-02
-1.646004863098138760e+00,2.403923066602323466e+00,3.562228380612577627e-01,6.999999999999999556e-01,2.000000000000000111e-01,5.000000000000000278e-02,2.000000000000000042e-02,2.706863319379670507e+00,2.705338778880865824e+00,-1.915438256821389018e+00,1.107923336279540205e+00
1.730170325907331552e+00,2.755966383991962587e+00,5.581952972035216787e-01,6.999999999999999556e-01,2.000000000000000111e-01,5.000000000000000278e-02,2.000000000000000042e-02,-3.309856608712899995e+00,-3.311731975410932449e+00,-2.212372502854665246e+00,-1.335121551898686532e+00
1.591975720216574075e-01,1.748881203997582290e+00,4.964881090904031957e-01,6.999999999999999556e-01,2.000000000000000111e-01,5.000000000000000278e-02,2.000000000000000042e-02,-1.798087477136008361e-01,-1.624171633783185742e-01,-1.132003545238083220e+00,-7.795693960060383343e-02
-4.296780924534173707e-01,2.020905101408718707e+00,4.395941526014546241e-01,6.999999999999999556e-01,2.000000000000000111e-01,5.000000000000000278e-02,2.000000000000000042e-02,5.504172940664794345e-01,5.708147789535451544e-01,-1.299461529516130698e+00,2.431348217207498774e-01
-4.245693954467446574e-01,1.712579643366983539e+00,4.718814515554892175e-03,6.999999999999999556e-01,2.000000000000000111e-01,5.000000000000000278e-02,2.000000000000000042e-02,4.753576701986679254e-01,4.989865485722439487e-01,-1.137648940614999882e+00,2.035904930748420605e-01
-1.556415873197979138e+00,8.980557252117227218e-01,9.951814983442841545e-02,6.999999999999999556e-01,2.000000000000000111e-01,5.000000000000000278e-02,2.000000000000000042e-02,1.453742371729104255e+00,1.449747182032039783e+00,-1.176275127533371601e+00,3.913694920060373228e-01
2.277990282072428485e-01,7.449141838757881162e-01,4.161111267074218967e-01,6.999999999999999556e-01,2.000000000000000111e-01,5.000000000000000278e-02,2.000000000000000042e-02,-1.777470757656300915e-01,-1.774444573414452886e-01,-7.854694593753309695e-01,-4.751340361171485505e-02
-1.602672913047296532e+00,2.164745169004988590e+00,9.760513324888507869e-01,6.999999999999999556e-01,2.000000000000000111e-01,5.000000000000000278e-02,2.000000000000000042e-02,2.379143985633818570e+00,2.445756546318214042e+00,-1.741341100474587122e+00,9.714259648840002370e-01
-1.061474534020728999e+00,4.383963997078899055e-01,1.721652228428712794e-01,6.999999999999999556e-01,2.000000000000000111e-01,5.000000000000000278e-02,2.000000000000000042e-02,8.313927168775565590e-01,8.391733743874160156e-01,-8.959160244149361185e-01,1.302970519469633381e-01
6.243156585616382870e-02,1.215775481113938516e+00,2.389985875230052903e-01,6.999999999999999556e-01,2.000000000000000111e-01,5.000000000000000278e-02,2.000000000000000042e-02,-5.663356430837920147e-02,-3.156075761536091678e-02,-9.075200579291837766e-01,-2.125277476433275192e-02
8.093752731306143033e-01,1.117650983954315613e+00,4.559252790681088685e-01,6.999999999999999556e-01,2.000000000000000111e-01,5.000000000000000278e-02,2.000000000000000042e-02,-7.346169518606200377e-01,-7.436922086912587382e-01,-9.731433709840553448e-01,-2.532877397127626939e-01
-1.033560829034223083e+00,2.672834500822617088e+00,3.089803407810036706e-01,6.999999999999999556e-01,2.000000000000000111e-01,5.000000000000000278e-02,2.000000000000000042e-02,1.812430148487826465e+00,1.810801462550378105e+00,-1.860403395727362907e+00,7.735103719116193099e-01
1.327213182258446089e+00,1.609200286158179782e+00,8.801492548801704840e-01,6.999999999999999556e-01,2.000000000000000111e-01,5.000000000000000278e-02,2.000000000000000042e-02,-1.527102530045067796e+00,-1.545806725139569293e+00,-1.326757803210108166e+00,-5.980105131512959415e-01
-8.540220772224449419e-01,7.987987692810548657e-01,7.563216172766479284e-01,6.999999999999999556e-01,2.000000000000000111e-01,5.000000000000000278e-02,2.000000000000000042e-02,7.052504165801475322e-01,7.048003999433674061e-01,-8.987341825901908887e-01,1.910136995827589057e-01
2.491190815694362293e+00,1.311960424310574247e+00,6.914587268957782529e-01,6.999999999999999556e-01,2.000000000000000111e-01,5.000000000000000278e-02,2.000000000000000042e-02,-3.117165300355885460e+00,-3.092027070300674030e+00,-1.871878373723996791e+00,-9.151362526871545944e-01
-2.106456487095215380e+00,1.810129074272477379e-01,1.395048992105831775e-01,6.999999999999999556e-01,2.000000000000000111e-01,5.000000000000000278e-02,2.000000000000000042e-02,1.951516376719153012e+00,1.934788481453278086e+00,-1.370161033975564546e+00,1.067628276674656568e-01
4.669464280669015643e-01,8.348598291184241571e-01,3.691372362979750132e-01,6.999999999999999556e-01,2.000000000000000111e-01,5.000000000000000278e-02,2.000000000000000042e-02,-3.775171652821693313e-01,-3.402312606384167437e-01,-8.302845758012558086e-01,-1.091537482401497422e-01
-8.717341170169836673e-01,2.048023621507888858e+00,7.917897485445481998e-01,6.999999999999999556e-01,2.000000000000000111e-01,5.000000000000000278e-02,2.000000000000000042e-02,1.155232620892301387e+00,1.122525972706019504e+00,-1.401204161211307309e+00,4.998929777310293088e-01
-2.711270136108097084e-01,7.361272578466913075e-01,5.610295746171718445e-01,6.999999999999999556e-01,2.000000000000000111e-01,5.000000000000000278e-02,2.000000000000000042e-02,2.113541245627100496e-01,2.277764580642399617e-01,-7.868901461907118478e-01,5.588351581609660862e-02
-2.305872864647859011e+00,8.993256719120513720e-01,1.441192532614877786e-01,6.999999999999999556e-01,2.000000000000000111e-01,5.000000000000000278e-02,2.000000000000000042e-02,2.488227323820110026e+00,2.436602805930272009e+00,-1.610787583170307347e+00,5.806445857360965634e-01
-9.715777332215744799e-01,2.738785899960341830e+00,8.504873505357799512e-01,6.999999999999999556e-01,2.000000000000000111e-01,5.000000000000000278e-02,2.000000000000000042e-02,1.746246694689864709e+00,1.756016637999212149e+00,-1.891727242568816969e+00,7.450641510095499243e-01
-1.867608214064174987e+00,8.136622275667364512e-01,9.186018872570874683e-01,6.999999999999999556e-01,2.000000000000000111e-01,5.000000000000000278e-02,2.000000000000000042e-02,1.806134942711894009e+00,1.779563254136035777e+00,-1.315880537065637457e+00,4.254886327096694676e-01
1.057466701133805032e+00,1.725819399209683747e+00,7.636410455907238770e-01,6.999999999999999556e-01,2.000000000000000111e-01,5.000000000000000278e-02,2.000000000000000042e-02,-1.240297570351361234e+00,-1.238656598075021043e+00,-1.284718737417408274e+00,-5.109990331137970188e-01
1.652927303011233917e+00,2.974472690521717144e+00,5.951234289207822936e-01,6.999999999999999556e-01,2.000000000000000111e-01,5.000000000000000278e-02,2.000000000000000042e-02,-3.430248499170176490e+00,-3.425729211547065667e+00,-2.348473590488329155e+00,-1.376644394222896528e+00
1.715025077487650762e+00,2.677563022266347126e-01,1.644521032029195862e-01,6.999999999999999556e-01,2.000000000000000111e-01,5.000000000000000278e-02,2.000000000000000042e-02,-1.469952507953396381e+00,-1.492403008827852595e+00,-1.151233733695219641e+00,-1.285784564327314694e-01
2.474087397402470856e+00,1.227292134283658465e+00,3.526518069268101963e-01,6.999999999999999556e-01,2.000000000000000111e-01,5.000000000000000278e-02,2.000000000000000042e-02,-3.010790830400421836e+00,-3.080849250688916019e+00,-1.829040705100295039e+00,-8.501998406614663661e-01
-7.033704350794218740e-01,2.403029479751729092e+00,4.437083085169249985e-01,6.999999999999999556e-01,2.000000000000000111e-01,5.000000000000000278e-02,2.000000000000000042e-02,1.078388977670642346e+00,1.063698570017259648e+00,-1.582646590619393390e+00,4.732615693908621135e-01
8.384008911515254958e-01,2.299289918307435343e+00,5.717531505537546410e-01,6.999999999999999556e-01,2.000000000000000111e-01,5.000000000000000278e-02,2.000000000000000042e-02,-1.236883260759865211e+00,-1.236480537477494313e+00,-1.545580186122780475e+00,-5.397634806269081542e-01
2.737027279191523554e+00,1.864171034015716266e+00,5.393991285293640026e-01,6.999999999999999556e-01,2.000000000000000111e-01,5.000000000000000278e-02,2.000000000000000042e-02,-4.272731207913883722e+00,-4.207054037816020831e+00,-2.310216459224634811e+00,-1.428640352490311738e+00
-2.509147947979517568e-03,2.133029237628036423e+00,1.441038945932590076e-01,6.999999999999999556e-01,2.000000000000000111e-01,5.000000000000000278e-02,2.000000000000000042e-02,3.354666162747669579e-03,3.386342173855301507e-02,-1.336974866374159632e+00,1.498584061680916521e-03
1.199954960683848881e-01,4.326709980371753472e-01,5.977313806147970254e-01,6.999999999999999556e-01,2.000000000000000111e-01,5.000000000000000278e-02,2.000000000000000042e-02,-8.722814991277261232e-02,-1.200494094066251183e-01,-7.283684248174524534e-01,-1.453719989228472939e-02
9.338445323319435332e-01,1.819983452740903118e-01,8.092097797223104516e-01,6.999999999999999556e-01,2.000000000000000111e-01,5.000000000000000278e-02,2.000000000000000042e-02,-6.987403522799909839e-01,-6.901335656371142546e-01,-8.354471172604909235e-01,-4.758828469574772485e-02
-2.818144216820184678e+00,3.729843067342646368e-01,2.121625638162808469e-01,6.999999999999999556e-01,2.000000000000000111e-01,5.000000000000000278e-02,2.000000000000000042e-02,3.146664482003099117e+00,3.118303491173791020e+00,-1.910766945049363397e+00,2.943145987565989885e-01
2.095234204117622845e+00,2.698031548628629483e+00,7.291154131671029326e-02,6.999999999999999556e-01,2.000000000000000111e-01,5.000000000000000278e-02,2.000000000000000042e-02,-4.061847662176074181e+00,-4.061292644182366907e+00,-2.377613348751017597e+00,-1.582842235653040275e+00
-5.033321137035500215e-01,5.351804852294161918e-01,3.915312836273994179e-01,6.999999999999999556e-01,2.000000000000000111e-01,5.000000000000000278e-02,2.000000000000000042e-02,3.788911519525299254e-01,3.848797704602101577e-01,-7.781000237506475736e-01,7.542458695615579523e-02
1.530678101295341875e+00,2.073301597778649086e+00,3.909425400643223858e-01,6.999999999999999556e-01,2.000000000000000111e-01,5.000000000000000278e-02,2.000000000000000042e-02,-2.171955545865212667e+00,-2.139392736144416496e+00,-1.653247449616976672e+00,-8.885960588681177663e-01
-2.204736551324295135e+00,2.336680035182684412e-01,9.262599371796427228e-01,6.999999999999999556e-01,2.000000000000000111e-01,5.000000000000000278e-02,2.000000000000000042e-02,2.096014964358439148e+00,2.111997331813843193e+00,-1.436773592133351762e+00,1.442493887048761081e-01
-4.594956643024250553e-02,2.665984626865022911e+00,2.664885111921713179e-01,6.999999999999999556e-01,2.000000000000000111e-01,5.000000000000000278e-02,2.000000000000000042e-02,7.789149632845641935e-02,7.735264566622380988e-02,-1.695363068693557906e+00,3.430023455995909881e-02
4.134684652511513292e-01,2.310434464762015860e+00,7.744164823344187321e-01,6.999999999999999556e-01,2.000000000000000111e-01,5.000000000000000278e-02,2.000000000000000042e-02,-6.019616462610839491e-01,-5.723583606236655186e-01,-1.472978463997991261e+00,-2.674817018183844319e-01
1.637416471724936429e+00,2.532155741253572678e+00,8.232803669581201245e-01,6.999999999999999556e-01,2.000000000000000111e-01,5.000000000000000278e-02,2.000000000000000042e-02,-2.835531154190534142e+00,-2.820654546751411029e+00,-1.999823682996301200e+00,-1.160934185516410366e+00
5.810971789486827355e-01,2.934163185973252652e+00,1.319908363292703335e-01,6.999999999999999556e-01,2.000000000000000111e-01,5.000000000000000278e-02,2.000000000000000042e-02,-1.116977792257101365e+00,-1.117188272870730970e+00,-1.955954993976216860e+00,-4.774095059843581068e-01
7.329717046688197790e-01,1.947222271209186673e+00,9.087404627674984248e-01,6.999999999999999556e-01,2.000000000000000111e-01,5.000000000000000278e-02,2.000000000000000042e-02,-9.218561793862405374e-01,-9.003143807138380694e-01,-1.311421568265796145e+00,-3.996324716992407100e-01
2.546642411850298160e+00,2.652539002243766486e+00,5.750877882025935417e-01,6.999999999999999556e-01,2.000000000000000111e-01,5.000000000000000278e-02,2.000000000000000042e-02,-5.116979347180277138e+00,-5.228621294178463330e+00,-2.657842978254615574e+00,-1.891419130216293487e+00
-1.376195176239194851e+00,2.990881075708044623e+00,8.627645855132157759e-01,6.999999999999999556e-01,2.000000000000000111e-01,5.000000000000000278e-02,2.000000000000000042e-02,2.817136762118462201e+00,2.766523891810262370e+00,-2.236438719729595626e+00,1.152490110546461333e+00
-3.077788325615480325e-01,2.754775260065946973e-01,7.895550002297295755e-01,6.999999999999999556e-01,2.000000000000000111e-01,5.000000000000000278e-02,2.000000000000000042e-02,2.201728786181761099e-01,2.476970309549439142e-01,-7.248334728928023107e-01,2.374012237835089814e-02
2.285042542856828618e+00,1.402971312979349738e-01,4.872355596321485960e-01,6.999999999999999556e-01,2.000000000000000111e-01,5.000000000000000278e-02,2.000000000000000042e-02,-2.202384855865549440e+00,-2.210948585770373231e+00,-1.485968573306900575e+00,-8.976377582383446296e-02
-2.615112880969494569e-01,2.229341984844320557e+00,8.467941943172123676e-01,6.999999999999999556e-01,2.000000000000000111e-01,5.000000000000000278e-02,2.000000000000000042e-02,3.659104133231755873e-01,3.318837507635175599e-01,-1.406053419024864803e+00,1.632394663382694677e-01
5.509934615836264982e-01,1.755726039170596886e+00,3.272647924369677108e-01,6.999999999999999556e-01,2.000000000000000111e-01,5.000000000000000278e-02,2.000000000000000042e-02,-6.318462637256702097e-01,-6.168018392794868410e-01,-1.177099418653220209e+00,-2.708701990162327156e-01
3.302631386162957483e-02,7.341736114696005844e-01,3.214687086333626320e-01,6.999999999999999556e-01,2.000000000000000111e-01,5.000000000000000278e-02,2.000000000000000042e-02,-2.561243685907743997e-02,-2.855335556558147303e-03,-7.756251354600572911e-01,-6.789173473969911839e-03
2.843615448268788093e+00,2.030454546590481080e+00,5.976204004736047626e-01,6.999999999999999556e-01,2.000000000000000111e-01,5.000000000000000278e-02,2.000000000000000042e-02,-4.781516155554546899e+00,-4.852589456658653155e+00,-2.490106715852729025e+00,-1.616672936393841020e+00
1.074131340637874743e+00,1.978039178230263317e+00,3.759509457562486556e-01,6.999999999999999556e-01,2.000000000000000111e-01,5.000000000000000278e-02,2.000000000000000042e-02,-1.402232670185512342e+00,-1.437245750366197949e+00,-1.420833179227017240e+00,-5.949086848170795916e-01
1.637887859788260236e+00,1.024201538024078317e+00,2.104233859694771835e-01,6.999999999999999556e-01,2.000000000000000111e-01,5.000000000000000278e-02,2.000000000000000042e-02,-1.606755317673013383e+00,-1.608605935561161715e+00,-1.249259926854989544e+00,-4.697076342297085705e-01
-2.808031953333549602e+00,1.539513806142839281e-01,8.069654158271175604e-01,6.999999999999999556e-01,2.000000000000000111e-01,5.000000000000000278e-02,2.000000000000000042e-02,3.082012519510080928e+00,3.102411956181922115e+00,-1.886074661504360650e+00,1.210441108869228233e-01
-6.312982680984360329e-01,2.958394694426851768e+00,8.123506405765499316e-01,6.999999999999999556e-01,2.000000000000000111e-01,5.000000000000000278e-02,2.000000000000000042e-02,1.228014496028239311e+00,1.213861352783525804e+00,-1.985074509017425104e+00,5.229362451441165183e-01
1.484074415740596287e+00,1.626849962543587713e+00,8.266417174801010681e-02,6.999999999999999556e-01,2.000000000000000111e-01,5.000000000000000278e-02,2.000000000000000042e-02,-1.752177735809240078e+00,-1.782941975846973115e+00,-1.400901242806298796e+00,-6.760225941446559306e-01
-1.990697433196004562e+00,2.895129860947592837e-01,7.068574495080345299e-01,6.999999999999999556e-01,2.000000000000000111e-01,5.000000000000000278e-02,2.000000000000000042e-02,1.811292398725769415e+00,1.828945201478801685e+00,-1.306165928256424857e+00,1.613731723228093995e-01
1.677585247411194302e+00,2.393905210390650851e+00,9.190797498001953558e-01,6.999999999999999556e-01,2.000000000000000111e-01,5.000000000000000278e-02,2.000000000000000042e-02,-2.756313016470797184e+00,-2.729087627926741977e+00,-1.924453341236722848e+00,-1.124474418102601181e+00
2.526817577405878978e+00,2.630232809049893206e+00,8.120628092388917363e-01,6.999999999999999556e-01,2.000000000000000111e-01,5.000000000000000278e-02,2.000000000000000042e-02,-5.022751889178135087e+00,-5.175072487426740864e+00,-2.626258508595446184e+00,-1.860913178481534702e+00
1.567498111553675244e+00,1.120341070784571791e+00,1.464366970833288484e-01,6.999999999999999556e-01,2.000000000000000111e-01,5.000000000000000278e-02,2.000000000000000042e-02,-1.565265198847817008e+00,-1.598780294046024064e+00,-1.244280525542791560e+00,-4.917171035702347925e-01
1.338317278115917830e+00,2.384833530746145236e+00,8.740397549098466445e-02,6.999999999999999556e-01,2.000000000000000111e-01,5.000000000000000278e-02,2.000000000000000042e-02,-2.122296838088920445e+00,-2.135856595747748887e+00,-1.764904306247497390e+00,-8.936658974957714108e-01
-1.349074913501901785e+00,2.030821145268357775e-01,4.451443499051384034e-01,6.999999999999999556e-01,2.000000000000000111e-01,5.000000000000000278e-02,2.000000000000000042e-02,1.074907929054146338e+00,1.061822223685472188e+00,-9.787743966697213249e-01,7.671243610494078713e-02
-2.273914616026548430e+00,2.102204817864749664e+00,8.951323491517302333e-01,6.999999999999999556e-01,2.000000000000000111e-01,5.000000000000000278e-02,2.000000000000000042e-02,3.586489755078368091e+00,3.600080745334957033e+00,-2.094300265622401902e+00,1.338465593142742938e+00
2.631452965762731466e+00,2.927228186779808006e+00,9.119428255920408732e-01,6.999999999999999556e-01,2.000000000000000111e-01,5.000000000000000278e-02,2.000000000000000042e-02,-5.909823159109924617e+00,-5.853968865816224998e+00,-2.938294786700169858e+00,-2.156801722198476767e+00
-4.695464725054327992e-01,2.246253700478591409e+00,2.590965345472562298e-02,6.999999999999999556e-01,2.000000000000000111e-01,5.000000000000000278e-02,2.000000000000000042e-02,6.655424437139798588e-01,7.004313196087019744e-01,-1.439462879644271442e+00,2.953217403953593001e-01
2.408975484646412646e+00,8.059592725526625312e-01,8.998205556239475822e-01,6.999999999999999556e-01,2.000000000000000111e-01,5.000000000000000278e-02,2.000000000000000042e-02,-2.604338561982590505e+00,-2.587305510576054957e+00,-1.661414281706019347e+00,-5.436301161767896906e-01
1.004661824795493708e+00,1.183847145794903799e+00,6.450832992335211458e-01,6.999999999999999556e-01,2.000000000000000111e-01,5.000000000000000278e-02,2.000000000000000042e-02,-9.510896778477149205e-01,-9.339050761960583369e-01,-1.047610976375155323e+00,-3.330224894565085303e-01
2.588433135212637737e+00,2.011762020707730692e+00,6.580603929907494765e-01,6.999999999999999556e-01,2.000000000000000111e-01,5.000000000000000278e-02,2.000000000000000042e-02,-4.145648499030125222e+00,-4.269280804810229313e+00,-2.271604014234696045e+00,-1.458047212877422449e+00
-2.847777137206469966e+00,1.310960471225841584e+00,2.373537915416151778e-01,6.999999999999999556e-01,2.000000000000000111e-01,5.000000000000000278e-02,2.000000000000000042e-02,3.833387567776094684e+00,3.781994630485002507e+00,-2.157081623475717080e+00,1.045330512166743997e+00
1.798197001962959618e+00,2.981821715135513085e+00,6.272706948513040448e-01,6.999999999999999556e-01,2.000000000000000111e-01,5.000000000000000278e-02,2.000000000000000042e-02,-3.787815898853899022e+00,-3.713114291657313881e+00,-2.429803372399803152e+00,-1.501332803192524157e+00
1.434865913630693157e+00,2.349639461384002814e+00,9.401782611925126876e-01,6.999999999999999556e-01,2.000000000000000111e-01,5.000000000000000278e-02,2.000000000000000042e-02,-2.261140327729057820e+00,-2.324160163739406926e+00,-1.781738812303893305e+00,-9.439969202892162237e-01
3.786648306462003788e-01,1.298365499508369325e+00,5.822247652393247597e-01,6.999999999999999556e-01,2.000000000000000111e-01,5.000000000000000278e-02,2.000000000000000042e-02,-3.571471139998476652e-01,-3.320997197419692792e-01,-9.575134739391537586e-01,-1.376606985566976582e-01
-2.022935039846466054e+00,2.109461986504848063e+00,9.132500772218969942e-01,6.999999999999999556e-01,2.000000000000000111e-01,5.000000000000000278e-02,2.000000000000000042e-02,3.090214307689742590e+00,3.121304046271845767e+00,-1.936816108467050768e+00,1.194845278962941126e+00
-1.778989972708193035e+00,2.094839182677077360e-01,6.884971611189508733e-01,6.999999999999999556e-01,2.000000000000000111e-01,5.000000000000000278e-02,2.000000000000000042e-02,1.537730393552247943e+00,1.541125125715906208e+00,-1.180864490131235289e+00,1.043475412117249174e-01
2.575263757957567456e+00,1.000099530847711637e+00,2.386933910173173468e-01,6.999999999999999556e-01,2.000000000000000111e-01,5.000000000000000278e-02,2.000000000000000042e-02,-3.017248656985518362e+00,-3.025101814818763835e+00,-1.834825383481713867e+00,-7.211456213198937926e-01
-6.614477810081638154e-01,1.172425528713373355e-01,3.512882235388505858e-01,6.999999999999999556e-01,2.000000000000000111e-01,5.000000000000000278e-02,2.000000000000000042e-02,4.787559519270954134e-01,4.563653814458184521e-01,-7.675513893186239889e-01,2.171395140221395181e-02
1.515084088616832858e+00,1.022606177042599818e+00,2.590360600867361862e-01,6.999999999999999556e-01,2.000000000000000111e-01,5.000000000000000278e-02,2.000000000000000042e-02,-1.456261350138109201e+00,-1.486561381255957714e+00,-1.190723244402580372e+00,-4.338136173723886602e-01
2.855751364864913988e+00,5.303090870941187251e-01,2.986799291687459723e-01,6.999999999999999556e-01,2.000000000000000111e-01,5.000000000000000278e-02,2.000000000000000042e-02,-3.275939980486739067e+00,-3.309911010974017298e+00,-1.962669260588816522e+00,-4.240406517954028454e-01
-1.631801339099971049e+00,1.458636903060109624e+00,6.684669252497937864e-01,6.999999999999999556e-01,2.000000000000000111e-01,5.000000000000000278e-02,2.000000000000000042e-02,1.845576789756127489e+00,1.829866683565203767e+00,-1.397283367638899154e+00,6.664575824687539729e-01
-2.599044790145921269e+00,9.905301990482708874e-01,4.900449529944518323e-01,6.999999999999999556e-01,2.000000000000000111e-01,5.000000000000000278e-02,2.000000000000000042e-02,3.054170544904277307e+00,3.124168773688300149e+00,-1.850616083709423432e+00,7.208410589292109094e-01
-2.787430524044339553e+00,1.775571006985112721e-01,9.026880615328332080e-01,6.999999999999999556e-01,2.000000000000000111e-01,5.000000000000000278e-02,2.000000000000000042e-02,3.046388839685705729e+00,2.986428157071366218e+00,-1.869879052317299895e+00,1.385798630293965383e-01
-4.117193482318786124e-01,4.788554592914644470e-01,1.974723886420297614e-01,6.999999999999999556e-01,2.000000000000000111e-01,5.000000000000000278e-02,2.000000000000000042e-02,3.049102907380872307e-01,2.926831262256943123e-01,-7.575292803813259424e-01,5.520313612709241285e-02
1.947714961804924094e+00,1.230565533875524586e+00,1.306538882156489390e-01,6.999999999999999556e-01,2.000000000000000111e-01,5.000000000000000278e-02,2.000000000000000042e-02,-2.145759579860222033e+00,-2.217300636939385505e+00,-1.481039850508543143e+00,-6.711014525070304604e-01
1.797099745952246863e+00,1.803850941233118954e+00,8.857354291271313240e-02,6.999999999999999556e-01,2.000000000000000111e-01,5.000000000000000278e-02,2.000000000000000042e-02,-2.366818689274480914e+00,-2.360431938438183774e+00,-1.639978075081509612e+00,-9.076760191032126057e-01
5.426602851801556326e-01,7.963360061125956957e-01,2.487067727945169171e-01,6.999999999999999556e-01,2.000000000000000111e-01,5.000000000000000278e-02,2.000000000000000042e-02,-4.360303360697911357e-01,-4.364843353913228086e-01,-8.329531726151616633e-01,-1.209991787693604492e-01
-2.982905548006656637e+00,1.203283785819286411e+00,7.148478498381168889e-01,6.999999999999999556e-01,2.000000000000000111e-01,5.000000000000000278e-02,2.000000000000000042e-02,4.019737079319959605e+00,4.101361541866035409e+00,-2.237363687939517121e+00,1.004998926553104743e+00
-1.521738365210349553e+00,2.837739409747367603e+00,1.656649284135105482e-01,6.999999999999999556e-01,2.000000000000000111e-01,5.000000000000000278e-02,2.000000000000000042e-02,2.956998586240804805e+00,3.063198350046458796e+00,-2.174740241891627512e+00,1.209123140478943537e+00
-2.108473617027089908e+00,1.228524090875583008e+00,6.394190846012385299e-01,6.999999999999999556e-01,2.000000000000000111e-01,5.000000000000000278e-02,2.000000000000000042e-02,2.390125739945723193e+00,2.413422058890651645e+00,-1.578147150915529817e+00,7.252869773781401852e-01
-2.061180992738855799e+00,1.447269888483422973e+00,9.120743102704337302e-01,6.999999999999999556e-01,2.000000000000000111e-01,5.000000000000000278e-02,2.000000000000000042e-02,2.485095786020194542e+00,2.443841862147316579e+00,-1.630512680939705028e+00,8.352638519414881113e-01
-2.203750796956480240e+00,1.491667038679784785e+00,6.262590054576399057e-01,6.999999999999999556e-01,2.000000000000000111e-01,5.000000000000000278e-02,2.000000000000000042e-02,2.764243422716218035e+00,2.774898912137717222e+00,-1.739987513862669033e+00,9.204334790796007137e-01
-2.793046510136218963e+00,2.776721784152057282e+00,2.066619444278537943e-01,6.999999999999999556e-01,2.000000000000000111e-01,5.000000000000000278e-02,2.000000000000000042e-02,6.059461843384241320e+00,6.089510392638572966e+00,-2.949592062489458488e+00,2.171543664876633084e+00
2.353253834225998986e-02,5.015029022659376334e-01,7.627794389449988888e-01,6.999999999999999556e-01,2.000000000000000111e-01,5.000000000000000278e-02,2.000000000000000042e-02,-1.730202611062986451e-02,-1.883203094879240536e-02,-7.352937895914866129e-01,-3.304458157371794984e-03
-9.507883819101103917e-01,1.401103936096699476e+00,8.388087409465019295e-01,6.999999999999999556e-01,2.000000000000000111e-01,5.000000000000000278e-02,2.000000000000000042e-02,9.698353743164996876e-01,9.489602745429246422e-01,-1.110432695640679812e+00,3.730029364009949111e-01
-8.847217594718181921e-01,2.430437466019717885e+00,5.272590927133975480e-01,6.999999999999999556e-01,2.000000000000000111e-01,5.000000000000000278e-02,2.000000000000000042e-02,1.385580714665391122e+00,1.394034746322764695e+00,-1.644393567424965008e+00,6.020730551424937627e-01
-1.345285417244409309e+00,1.592907376510511064e+00,3.829190839331259033e-01,6.999999999999999556e-01,2.000000000000000111e-01,5.000000000000000278e-02,2.000000000000000042e-02,1.541319318715215658e+00,1.505355249392910766e+00,-1.326698475497393614e+00,6.000162180993792171e-01
1.746451422808558362e+00,1.002323119215261293e+00,6.061988457058385960e-01,6.999999999999999556e-01,2.000000000000000111e-01,5.000000000000000278e-02,2.000000000000000042e-02,-1.734498460498246519e+00,-1.738012480942493942e+00,-1.298165114778383256e+00,-4.901424185468735151e-01
-1.259401456228027349e+00,1.130491670201457577e+00,9.821540238007653301e-02,6.999999999999999556e-01,2.000000000000000111e-01,5.000000000000000278e-02,2.000000000000000042e-02,1.206791471288894080e+00,1.199361600000336647e+00,-1.116835402487674767e+00,3.986479995975036883e-01
-2.057321126843951298e+00,5.876232701060399854e-01,6.596796044289029437e-01,6.999999999999999556e-01,2.000000000000000111e-01,5.000000000000000278e-02,2.000000000000000042e-02,1.974967932328181242e+00,1.877536764046132012e+00,-1.383227687903586300e+00,3.385003350999999938e-01
-1.305699740823277999e+00,2.010562628860999901e+00,2.273923025646589213e-01,6.999999999999999556e-01,2.000000000000000111e-01,5.000000000000000278e-02,2.000000000000000042e-02,1.764226604766859774e+00,1.783788757278814918e+00,-1.521658463818039930e+00,7.350535089555771950e-01
-1.505875219967971690e+00,2.532655312089289179e+00,6.369481260319515004e-01,6.999999999999999556e-01,2.000000000000000111e-01,5.000000000000000278e-02,2.000000000000000042e-02,2.577141327316216035e+00,2.679827196320660132e+00,-1.938157036896611451e+00,1.067881605054742833e+00
-9.201566692905034373e-01,2.183652720400417024e+00,3.106723180674728635e-01,6.999999999999999556e-01,2.000000000000000111e-01,5.000000000000000278e-02,2.000000000000000042e-02,1.297330639335298352e+00,1.287798923808903373e+00,-1.494570732869668683e+00,5.626047319454224871e-01
-7.228064050860236733e-01,1.491108703283653414e-01,3.712873445821314178e-01,6.999999999999999556e-01,2.000000000000000111e-01,5.000000000000000278e-02,2.000000000000000042e-02,5.270958894151992480e-01,5.149528875616877777e-01,-7.814801321160187442e-01,3.017792179956231211e-02
-1.635064936951509118e+00,2.356576964269849306e+00,9.285183023077604458e-01,6.999999999999999556e-01,2.000000000000000111e-01,5.000000000000000278e-02,2.000000000000000042e-02,2.634343973607692124e+00,2.679534536392242927e+00,-1.878499300601057964e+00,1.078883782341472752e+00
7.696651612298053280e-01,2.241679339960240824e+00,3.412089579223036573e-01,6.999999999999999556e-01,2.000000000000000111e-01,5.000000000000000278e-02,2.000000000000000042e-02,-1.103035543102200533e+00,-1.130865850769091630e+00,-1.492375345910276430e+00,-4.830958973724862049e-01
-2.069326788844747966e+00,1.135413439786601142e+00,7.879996219196460094e-01,6.999999999999999556e-01,2.000000000000000111e-01,5.000000000000000278e-02,2.000000000000000042e-02,2.265061477661222789e+00,2.264939169283308740e+00,-1.522799918949303333e+00,6.578716052621375043e-01
2.454865344740126964e+00,8.530480286664515743e-01,1.031743029981850857e-01,6.999999999999999556e-01,2.000000000000000111e-01,5.000000000000000278e-02,2.000000000000000042e-02,-2.708194988721759344e+00,-2.696997965339506642e+00,-1.705831310610550267e+00,-5.863530520322031148e-01
2.299173903383183060e+00,2.883434008120492109e+00,6.914975294200299549e-01,6.999999999999999556e-01,2.000000000000000111e-01,5.000000000000000278e-02,2.000000000000000042e-02,-4.893324615226230634e+00,-4.947425477982576147e+00,-2.656916930785752307e+00,-1.856264542607498180e+00
-3.903333514537710158e-02,4.165124091625995728e-01,7.717037108543511881e-02,6.999999999999999556e-01,2.000000000000000111e-01,5.000000000000000278e-02,2.000000000000000042e-02,2.827433271804193418e-02,2.645480013025804100e-02,-7.245161023659862920e-01,4.552203168534611072e-03
1.382649776757126858e+00,2.370515767623411651e+00,5.066818179294709790e-01,6.999999999999999556e-01,2.000000000000000111e-01,5.000000000000000278e-02,2.000000000000000042e-02,-2.187758889550227792e+00,-2.223766758332955451e+00,-1.773466361412149750e+00,-9.177260671330524922e-01
-1.715718128536694032e+00,8.098271104935711451e-01,8.875211576637772604e-01,6.999999999999999556e-01,2.000000000000000111e-01,5.000000000000000278e-02,2.000000000000000042e-02,1.611057997602449277e+00,1.592707671949262549e+00,-1.233368097333069846e+00,3.890418152472063240e-01
-1.251840183942631413e+00,1.630236507303220783e+00,2.689967851642472985e-01,6.999999999999999556e-01,2.000000000000000111e-01,5.000000000000000278e-02,2.000000000000000042e-02,1.440153428822954940e+00,1.457622449767757011e+00,-1.307139526684216957e+00,5.714227593682879025e-01
2.450446954116168641e+00,2.107359343097632731e+00,2.809050349256867474e-01,6.999999999999999556e-01,2.000000000000000111e-01,5.000000000000000278e-02,2.000000000000000042e-02,-3.974549951097637646e+00,-4.041924781434826919e+00,-2.222438417372305519e+00,-1.445912239386116127e+00
-1.576287821347102103e-01,2.745552898753691462e+00,9.160382539280673697e-01,6.999999999999999556e-01,2.000000000000000111e-01,5.000000000000000278e-02,2.000000000000000042e-02,2.768861226251942975e-01,2.656299542837434191e-01,-1.759055525723262292e+00,1.211778847207509446e-01
1.444116187310976684e+00,2.319110151544212517e+00,4.296656794399981161e-01,6.999999999999999556e-01,2.000000000000000111e-01,5.000000000000000278e-02,2.000000000000000042e-02,-2.248823423658640408e+00,-2.279464638716741209e+00,-1.765778799667397703e+00,-9.377380628006185548e-01
1.873532858504512788e+00,2.411216599587276965e-01,6.336594443318817049e-01,6.999999999999999556e-01,2.000000000000000111e-01,5.000000000000000278e-02,2.000000000000000042e-02,-1.655539479576589201e+00,-1.640326615513828523e+00,-1.234658357470588941e+00,-1.264898187923519102e-01
1.210442955769013729e+00,2.599539896566799513e+00,7.141072857707873034e-01,6.999999999999999556e-01,2.000000000000000111e-01,5.000000000000000278e-02,2.000000000000000042e-02,-2.081143239317412519e+00,-2.096787876536719608e+00,-1.865840896713577779e+00,-8.810465316911419986e-01
-2.825871547979987852e-01,2.916457249580933997e+00,7.246908446678829163e-01,6.999999999999999556e-01,2.000000000000000111e-01,5.000000000000000278e-02,2.000000000000000042e-02,5.354444395702701032e-01,5.188949383994340137e-01,-1.902779529417170101e+00,2.307629397497404644e-01
-7.232412510256689409e-01,1.102844275057487389e-01,9.637048445044744671e-01,6.999999999999999556e-01,2.000000000000000111e-01,5.000000000000000278e-02,2.000000000000000042e-02,5.264159664462767507e-01,5.322440870821943948e-01,-7.801644577708140016e-01,2.233342924901407164e-02
-2.639665637260248943e+00,8.886369452905605870e-01,9.536133852435340064e-01,6.999999999999999556e-01,2.000000000000000111e-01,5.000000000000000278e-02,2.000000000000000042e-02,3.059230778185144661e+00,2.941632392105542504e+00,-1.855729788354831156e+00,6.567972343753543107e-01
2.187760092640276710e+00,2.648880686733348977e+00,7.680348352454269278e-02,6.999999999999999556e-01,2.000000000000000111e-01,5.000000000000000278e-02,2.000000000000000042e-02,-4.204074956931528106e+00,-4.357146491964722479e+00,-2.400263778399260417e+00,-1.622632327848221312e+00
1.156661377896035958e+00,1.594375159186228519e+00,5.182619611747352195e-02,6.999999999999999556e-01,2.000000000000000111e-01,5.000000000000000278e-02,2.000000000000000042e-02,-1.298673691666155205e+00,-1.292146792934857791e+00,-1.256564332219669122e+00,-5.163626071821152408e-01
-2.623225478535358590e+00,2.673985933177158714e-02,7.441987139604057111e-01,6.999999999999999556e-01,2.000000000000000111e-01,5.000000000000000278e-02,2.000000000000000042e-02,2.739082063783787380e+00,2.834310638804788507e+00,-1.732296889496350856e+00,1.964051048163531141e-02
2.003691262139194684e+00,2.304633287414864284e+00,2.022569056895138218e-01,6.999999999999999556e-01,2.000000000000000111e-01,5.000000000000000278e-02,2.000000000000000042e-02,-3.294721189928550231e+00,-3.326725544225906273e+00,-2.045803643620433654e+00,-1.292976602519921414e+00
-1.291352891451605478e+00,2.960619468756608086e+00,7.012231141229504638e-01,6.999999999999999556e-01,2.000000000000000111e-01,5.000000000000000278e-02,2.000000000000000042e-02,2.596287049661757163e+00,2.611753109893174329e+00,-2.177276312968355665e+00,1.070497263210693273e+00
2.106135528426816172e+00,4.468124014880222594e-01,1.145613740396568270e-01,6.999999999999999556e-01,2.000000000000000111e-01,5.000000000000000278e-02,2.000000000000000042e-02,-2.000281426990273115e+00,-2.053694689256714057e+00,-1.393320814712544875e+00,-2.634932925283764993e-01
-2.102299744611057619e+00,2.600609117448406060e+00,4.596423317372497763e-01,6.999999999999999556e-01,2.000000000000000111e-01,5.000000000000000278e-02,2.000000000000000042e-02,3.926731594924630642e+00,3.934124298603920433e+00,-2.309793121874566424e+00,1.530832767364592062e+00
-2.867263498538325628e+00,1.861131014230606784e+00,4.344716495929087374e-01,6.999999999999999556e-01,2.000000000000000111e-01,5.000000000000000278e-02,2.000000000000000042e-02,4.576133074377022325e+00,4.591124875921036796e+00,-2.418113206805882598e+00,1.494178846468289024e+00
2.151855882751311455e+00,1.829803711605100247e+00,4.363577378256249251e-01,6.999999999999999556e-01,2.000000000000000111e-01,5.000000000000000278e-02,2.000000000000000042e-02,-3.013178406812501819e+00,-2.981774643596021956e+00,-1.863317988240245970e+00,-1.102492686707333247e+00
2.335931112304033164e+00,1.398922801206198274e-01,5.555081542275086548e-01,6.999999999999999556e-01,2.000000000000000111e-01,5.000000000000000278e-02,2.000000000000000042e-02,-2.278860781145899850e+00,-2.311873315118317063e+00,-1.521225903219722175e+00,-9.149804426137392310e-02
-4.079355091767489228e-02,2.917907118265794963e+00,1.288447152491436487e-01,6.999999999999999556e-01,2.000000000000000111e-01,5.000000000000000278e-02,2.000000000000000042e-02,7.718419998858966347e-02,1.133361019554250393e-01,-1.892235090185138358e+00,3.332890192856607925e-02
2.479202915269364205e+00,2.994431618342418666e+00,4.470720294411416607e-01,6.999999999999999556e-01,2.000000000000000111e-01,5.000000000000000278e-02,2.000000000000000042e-02,-5.609566629535568616e+00,-5.713695376979705642e+00,-2.877293964632048784e+00,-2.078665007375399387e+00
-2.463383061117830231e+00,3.884074791240409441e-01,9.907554889719820679e-01,6.999999999999999556e-01,2.000000000000000111e-01,5.000000000000000278e-02,2.000000000000000042e-02,2.523817871012307812e+00,2.595256757819038640e+00,-1.631358867647866751e+00,2.679029933679791253e-01
-2.099499080938672435e+00,2.452481299825859828e+00,6.032923975020410001e-02,6.999999999999999556e-01,2.000000000000000111e-01,5.000000000000000278e-02,2.000000000000000042e-02,3.700257647958978602e+00,3.623441629721703805e+00,-2.203237492268725006e+00,1.441715025801028283e+00
2.825847691259943062e+00,1.050281117691910460e+00,7.913017473446677386e-01,6.999999999999999556e-01,2.000000000000000111e-01,5.000000000000000278e-02,2.000000000000000042e-02,-3.542774910340204197e+00,-3.491255357382325286e+00,-2.052244935795096481e+00,-8.310216520490072423e-01
2.637294200669184185e+00,8.773493470075388601e-02,5.686356507557538409e-01,6.999999999999999556e-01,2.000000000000000111e-01,5.000000000000000278e-02,2.000000000000000042e-02,-2.766109337982509242e+00,-2.697037042907119986e+00,-1.744375743759869035e+00,-6.478719365506857564e-02
1.168380825417034252e+00,1.564579663434637169e+00,1.860152410210791363e-01,6.999999999999999556e-01,2.000000000000000111e-01,5.000000000000000278e-02,2.000000000000000042e-02,-1.298027891381856369e+00,-1.245219635954169846e+00,-1.247474396232982619e+00,-5.118469660064507432e-01
-9.906204274863199544e-01,2.528186039063698765e+00,6.697504749867421170e-01,6.999999999999999556e-01,2.000000000000000111e-01,5.000000000000000278e-02,2.000000000000000042e-02,1.628488739022305953e+00,1.624289825989690073e+00,-1.742040775439300138e+00,7.012523657390234977e-01
1.283664425459874359e+00,1.746523382876749686e+00,3.408597882078938657e-01,6.999999999999999556e-01,2.000000000000000111e-01,5.000000000000000278e-02,2.000000000000000042e-02,-1.552512365481315992e+00,-1.601532024122321207e+00,-1.374217303349618780e+00,-6.277459817531613195e-01
-2.998142266835614578e+00,1.702593947334237745e-01,4.813784412280853742e-01,6.999999999999999556e-01,2.000000000000000111e-01,5.000000000000000278e-02,2.000000000000000042e-02,3.458360730204302236e+00,3.512361388965976161e+00,-2.052386914437228427e+00,1.429293285493155041e-01
-8.729198905163904065e-01,2.590099723017297517e+00,2.152729566791509175e-01,6.999999999999999556e-01,2.000000000000000111e-01,5.000000000000000278e-02,2.000000000000000042e-02,1.464153575472188606e+00,1.443957680306244828e+00,-1.753504690813271427e+00,6.330658786599818733e-01
2.112793183339950254e+00,1.288747629376009396e+00,9.967409218603179299e-01,6.999999999999999556e-01,2.000000000000000111e-01,5.000000000000000278e-02,2.000000000000000042e-02,-2.441790186233832927e+00,-2.492325344034772794e+00,-1.602106118646283717e+00,-7.624000177895228214e-01
-1.628535795033441147e+00,1.678505691805119771e+00,9.326947436215360376e-01,6.999999999999999556e-01,2.000000000000000111e-01,5.000000000000000278e-02,2.000000000000000042e-02,1.998278288057793617e+00,1.975350968761255821e+00,-1.492252715394886131e+00,7.653818483561618535e-01
-2.227702970158467188e+00,1.220265393160294920e+00,5.042848445005393421e-01,6.999999999999999556e-01,2.000000000000000111e-01,5.000000000000000278e-02,2.000000000000000042e-02,2.576560574336395959e+00,2.531320911231834003e+00,-1.652865746652179446e+00,7.611488754029379633e-01
-5.263799727978835108e-02,2.897111993128672403e+00,4.795972945908067997e-01,6.999999999999999556e-01,2.000000000000000111e-01,5.000000000000000278e-02,2.000000000000000042e-02,9.870649057205539700e-02,1.128305962184956712e-01,-1.875471719915842383e+00,4.269948849979379041e-02
1.042529647179955887e+00,1.621361921176601939e+00,3.931981063346917660e-01,6.999999999999999556e-01,2.000000000000000111e-01,5.000000000000000278e-02,2.000000000000000042e-02,-1.170111746501253824e+00,-1.166314187440944394e+00,-1.231064236909181986e+00,-4.732890040578722757e-01
-1.135064780314331001e+00,2.452138656421713581e+00,5.775461637097614176e-01,6.999999999999999556e-01,2.000000000000000111e-01,5.000000000000000278e-02,2.000000000000000042e-02,1.823182322708056802e+00,1.846228419493668671e+00,-1.735073566970979364e+00,7.793341430984453977e-01
1.907320804179050810e+00,2.843577978026801567e+00,6.302845088925894679e-01,6.999999999999999556e-01,2.000000000000000111e-01,5.000000000000000278e-02,2.000000000000000042e-02,-3.841200350377626194e+00,-3.779804524873946470e+00,-2.377711897904791982e+00,-1.518612322022856898e+00
2.442304041575390272e+00,1.781602909790217293e+00,7.582623333736345783e-01,6.999999999999999556e-01,2.000000000000000111e-01,5.000000000000000278e-02,2.000000000000000042e-02,-3.523311042868029208e+00,-3.550195068138418897e+00,-2.039102604668538543e+00,-1.218340476377674397e+00
-1.699568224343767087e+00,2.549093259384985100e+00,1.457698570875112232e-01,6.999999999999999556e-01,2.000000000000000111e-01,5.000000000000000278e-02,2.000000000000000042e-02,2.981262436268063087e+00,3.020182669426542343e+00,-2.042982524685728940e+00,1.213060213271089260e+00
-6.905888810994698090e-01,6.312370552605767182e-01,9.120391178185521808e-01,6.999999999999999556e-01,2.000000000000000111e-01,5.000000000000000278e-02,2.000000000000000042e-02,5.384038652579524742e-01,5.611133297308245060e-01,-8.273213811954988062e-01,1.220590816762592290e-01
2.011347542586448434e+00,5.771335581148719918e-01,7.461189357567654667e-02,6.999999999999999556e-01,2.000000000000000111e-01,5.000000000000000278e-02,2.000000000000000042e-02,-1.908582943253591013e+00,-1.841946398373151217e+00,-1.353459480706608264e+00,-3.250285258803858324e-01
1.541707078036935741e-02,2.221066555458851788e+00,9.340151481417618973e-01,6.999999999999999556e-01,2.000000000000000111e-01,5.000000000000000278e-02,2.000000000000000042e-02,-2.143976512029785453e-02,-1.849643598651326548e-02,-1.390674783039615781e+00,-9.587855282157678460e-03
1.480894183902385031e+00,2.030235442105067456e+00,2.170132915800434548e-01,6.999999999999999556e-01,2.000000000000000111e-01,5.000000000000000278e-02,2.000000000000000042e-02,-2.053574049865855677e+00,-2.064264236065277203e+00,-1.606016970640524955e+00,-8.418378802864467936e-01
-1.120837694322457834e+00,2.862063412514259220e+00,4.872505983175405841e-01,6.999999999999999556e-01,2.000000000000000111e-01,5.000000000000000278e-02,2.000000000000000042e-02,2.140363803859488101e+00,2.102099153929767539e+00,-2.035238547367499873e+00,8.982143957604012963e-01
1.907588344533925451e+00,1.076344871444263607e+00,8.385641351203479976e-01,6.999999999999999556e-01,2.000000000000000111e-01,5.000000000000000278e-02,2.000000000000000042e-02,-1.991783998844195880e+00,-2.007122147190775419e+00,-1.408026553350063992e+00,-5.749024208104641653e-01
2.009349021827585347e+00,5.412367040564558529e-01,3.537535856351999852e-01,6.999999999999999556e-01,2.000000000000000111e-01,5.000000000000000278e-02,2.000000000000000042e-02,-1.894585812684067561e+00,-1.894684098602992250e+00,-1.346633727502426492e+00,-3.045093637244472018e-01
1.650605257839908191e+00,1.254431161954993268e+00,1.042930645623928454e-01,6.999999999999999556e-01,2.000000000000000111e-01,5.000000000000000278e-02,2.000000000000000042e-02,-1.743911565611881764e+00,-1.735993420902257833e+00,-1.328978313193037941e+00,-5.797597880259184322e-01
2.274299136342629701e+00,2.674117701839762162e+00,6.800090382800234590e-01,6.999999999999999556e-01,2.000000000000000111e-01,5.000000000000000278e-02,2.000000000000000042e-02,-4.457054538738865368e+00,-4.571611189355750504e+00,-2.476992251896312780e+00,-1.702888202336358292e+00
-6.525456703192191732e-01,1.641046297498895967e+00,7.279495815855018259e-01,6.999999999999999556e-01,2.000000000000000111e-01,5.000000000000000278e-02,2.000000000000000042e-02,7.167009626132205824e-01,7.088303138524068014e-01,-1.140896990852730664e+00,2.998401437433610983e-01
9.818809234078162973e-02,9.410947533116514885e-01,4.069494641691976389e-01,6.999999999999999556e-01,2.000000000000000111e-01,5.000000000000000278e-02,2.000000000000000042e-02,-8.095356380024046339e-02,-8.497392499061184878e-02,-8.254384420811287093e-01,-2.587320359108507065e-02
1.841701004392611196e+00,1.501019373277306279e+00,6.588829981388479862e-01,6.999999999999999556e-01,2.000000000000000111e-01,5.000000000000000278e-02,2.000000000000000042e-02,-2.182455124214623066e+00,-2.207416047517168689e+00,-1.524207670690644667e+00,-7.740400884657231417e-01
1.336639318772547824e+00,2.194136922470195650e+00,8.409751496127413350e-01,6.999999999999999556e-01,2.000000000000000111e-01,5.000000000000000278e-02,2.000000000000000042e-02,-1.955935579502417365e+00,-1.978983697151586174e+00,-1.641983857109888367e+00,-8.211755107763919481e-01
2.198119486321234994e-01,3.156833987745372161e-01,2.708236894130910954e-03,6.999999999999999556e-01,2.000000000000000111e-01,5.000000000000000278e-02,2.000000000000000042e-02,-1.574661813478634986e-01,-1.510868763499429446e-01,-7.211994350708758050e-01,-1.942947524992396507e-02
-2.787986273756704048e+00,2.104608310740312849e+00,6.495366458377240804e-01,6.999999999999999556e-01,2.000000000000000111e-01,5.000000000000000278e-02,2.000000000000000042e-02,4.763988365097004518e+00,4.675101213502713904e+00,-2.486042779227576105e+00,1.642933342953917242e+00
-1.696202380609675098e+00,1.309207517148330835e+00,6.231643363660973600e-01,6.999999999999999556e-01,2.000000000000000111e-01,5.000000000000000278e-02,2.000000000000000042e-02,1.838375572453765816e+00,1.854417368502573105e+00,-1.371528782611966868e+00,6.217906540437425633e-01
-2.771530080053206113e-01,2.631545327156234571e+00,4.536965829299105524e-01,6.999999999999999556e-01,2.000000000000000111e-01,5.000000000000000278e-02,2.000000000000000042e-02,4.637726009387359016e-01,4.431777727587800086e-01,-1.681026381719853413e+00,2.042153968746348580e-01
1.517070002841163223e+00,2.412044235883517906e+00,1.996661434363338206e-01,6.999999999999999556e-01,2.000000000000000111e-01,5.000000000000000278e-02,2.000000000000000042e-02,-2.472200748298328143e+00,-2.462601381266306344e+00,-1.859739244448319617e+00,-1.024587187619749429e+00
2.427701910690533538e+00,2.303554494860335922e+00,3.393624019421985771e-01,6.999999999999999556e-01,2.000000000000000111e-01,5.000000000000000278e-02,2.000000000000000042e-02,-4.218320682524344889e+00,-4.307968992991849433e+00,-2.326951348586346224e+00,-1.565856221594617015e+00
2.919361647976923990e+00,1.437317891130340808e-01,4.083226593061605181e-01,6.999999999999999556e-01,2.000000000000000111e-01,5.000000000000000278e-02,2.000000000000000042e-02,-3.296034787644923636e+00,-3.223040344032748195e+00,-1.981293100560010068e+00,-1.174894203648756685e-01
-6.916835507355565404e-01,1.605062103288845909e+00,8.160835456585835423e-01,6.999999999999999556e-01,2.000000000000000111e-01,5.000000000000000278e-02,2.000000000000000042e-02,7.501949412339520284e-01,7.640258495749955303e-01,-1.132435329911684052e+00,3.108546153310946525e-01
2.796708430231130471e+00,1.625859379728130660e-01,7.409856725734470517e-01,6.999999999999999556e-01,2.000000000000000111e-01,5.000000000000000278e-02,2.000000000000000042e-02,-3.061779583788506454e+00,-2.984573247057437317e+00,-1.876937492770591298e+00,-1.273175297423685404e-01
-7.092287695760473021e-01,1.063245602058807249e+00,5.096690465651197988e-01,6.999999999999999556e-01,2.000000000000000111e-01,5.000000000000000278e-02,2.000000000000000042e-02,6.265462000510089169e-01,6.104668283849479238e-01,-9.337195865807884632e-01,2.111436236294871871e-01
-1.909724090890288162e+00,5.146827356160075251e-01,3.027361086481606955e-01,6.999999999999999556e-01,2.000000000000000111e-01,5.000000000000000278e-02,2.000000000000000042e-02,1.755873031852878574e+00,1.711693174511379256e+00,-1.284142680066775455e+00,2.752125654239377939e-01
2.572211484757498390e+00,1.471825249350967368e+00,8.719341258370748582e-01,6.999999999999999556e-01,2.000000000000000111e-01,5.000000000000000278e-02,2.000000000000000042e-02,-3.431565054023543837e+00,-3.517983443379074870e+00,-1.995718527395541564e+00,-1.060036826782255526e+00
-2.365500674280978988e+00,6.437068778349892550e-01,3.929300964879378633e-02,6.999999999999999556e-01,2.000000000000000111e-01,5.000000000000000278e-02,2.000000000000000042e-02,2.454892633086711573e+00,2.443970041474083033e+00,-1.597349212243654559e+00,4.263529349962317805e-01
-1.410021512413397460e-01,9.485777234107888312e-01,3.611250338658719139e-01,6.999999999999999556e-01,2.000000000000000111e-01,5.000000000000000278e-02,2.000000000000000042e-02,1.166039903561555541e-01,1.365489636964158648e-01,-8.289541986273701868e-01,3.745041989374945507e-02
1.651474643532023556e+00,2.254993382537066715e+00,3.346568796125415357e-01,6.999999999999999556e-01,2.000000000000000111e-01,5.000000000000000278e-02,2.000000000000000042e-02,-2.556924924993408510e+00,-2.523128757406022160e+00,-1.821004596474418369e+00,-1.042738029925892596e+00
7.601276872127931128e-01,2.322533713919102460e+00,4.843654934498178299e-01,6.999999999999999556e-01,2.000000000000000111e-01,5.000000000000000278e-02,2.000000000000000042e-02,-1.128084600398376214e+00,-1.113909052256673249e+00,-1.541851914450840466e+00,-4.943182105218184574e-01
2.104795807889382253e+00,2.264108722639828652e+00,4.487082387669605321e-02,6.999999999999999556e-01,2.000000000000000111e-01,5.000000000000000278e-02,2.000000000000000042e-02,-3.450127895423787283e+00,-3.531325008887330252e+00,-2.082191172047033412e+00,-1.334336233445066577e+00
1.843539039117665368e-01,2.194667115757023446e+00,4.254607284891035457e-01,6.999999999999999556e-01,2.000000000000000111e-01,5.000000000000000278e-02,2.000000000000000042e-02,-2.536743349420680915e-01,-2.333244361853638871e-01,-1.379416879141061703e+00,-1.132867261614435295e-01
-3.287336315600706271e-01,1.065748460706965828e+00,1.436806781286650292e-01,6.999999999999999556e-01,2.000000000000000111e-01,5.000000000000000278e-02,2.000000000000000042e-02,2.841632878644497207e-01,2.978493159371569665e-01,-8.752246394876982416e-01,9.809726130897170049e-02
-9.724663792029164533e-01,1.165093860821593275e-01,6.022343807446683961e-02,6.999999999999999556e-01,2.000000000000000111e-01,5.000000000000000278e-02,2.000000000000000042e-02,7.285571894113693769e-01,7.180142757225812522e-01,-8.437540499883383616e-01,3.172440903141219432e-02
7.410278233427778360e-01,1.833831584875688092e-01,9.928724167974928294e-01,6.999999999999999556e-01,2.000000000000000111e-01,5.000000000000000278e-02,2.000000000000000042e-02,-5.425540622352035269e-01,-5.910433477163116178e-01,-7.870764488395829428e-01,-3.804976637609468887e-02
3.873921657830363685e-01,1.738984293842213980e+00,8.337052635947047596e-01,6.999999999999999556e-01,2.000000000000000111e-01,5.000000000000000278e-02,2.000000000000000042e-02,-4.380913123762973926e-01,-4.533678656614392732e-01,-1.145880195908697052e+00,-1.886272897191814124e-01
5.186447156589668595e-02,2.894907608521702258e+00,3.358369763053103974e-01,6.999999999999999556e-01,2.000000000000000111e-01,5.000000000000000278e-02,2.000000000000000042e-02,-9.716306206208916163e-02,-9.987130920829527525e-02,-1.873672097174379214e+00,-4.203999893746009769e-02
1.078522979467873455e+00,1.534862292332033640e+00,6.513245763245860687e-01,6.999999999999999556e-01,2.000000000000000111e-01,5.000000000000000278e-02,2.000000000000000042e-02,-1.173403780980409206e+00,-1.138552636573153753e+00,-1.204294088485223124e+00,-4.635075907276737794e-01
3.678710256046535676e-02,1.394619644018032290e+00,2.384190006702789910e-01,6.999999999999999556e-01,2.000000000000000111e-01,5.000000000000000278e-02,2.000000000000000042e-02,-3.577040334524502624e-02,-3.186634691505517425e-02,-9.724979468445567043e-01,-1.436512444565268831e-02
1.162578170636993313e+00,2.582931084689464196e+00,8.869018068076359729e-01,6.999999999999999556e-01,2.000000000000000111e-01,5.000000000000000278e-02,2.000000000000000042e-02,-1.978236061192017337e+00,-1.981050790240670212e+00,-1.836752818781961505e+00,-8.408006026895165075e-01
-2.383713042273249982e-04,1.119795223941423945e+00,6.379117846515115486e-01,6.999999999999999556e-01,2.000000000000000111e-01,5.000000000000000278e-02,2.000000000000000042e-02,2.087064223248729798e-04,3.016192362076529007e-02,-8.755517966218150372e-01,7.473957343956505570e-05
1.652646642454598691e+00,6.717790265677726635e-01,4.383632803722595783e-01,6.999999999999999556e-01,2.000000000000000111e-01,5.000000000000000278e-02,2.000000000000000042e-02,-1.486955983277847837e+00,-1.443355090621052605e+00,-1.172866327197556791e+00,-3.108597387640214538e-01
-1.779532537100393830e+00,2.852250585651375570e+00,2.882651189024125760e-01,6.999999999999999556e-01,2.000000000000000111e-01,5.000000000000000278e-02,2.000000000000000042e-02,3.554230936691354259e+00,3.579087811106695494e+00,-2.313957084058650526e+00,1.421188361916477350e+00
-8.393027950070335308e-01,6.204438383463406481e-03,4.404935085131197470e-01,6.999999999999999556e-01,2.000000000000000111e-01,5.000000000000000278e-02,2.000000000000000042e-02,6.170779488205602181e-01,6.286880996103887398e-01,-8.056697665637843064e-01,1.458072693473132144e-03
-1.167029299779519969e+00,1.598947025833080682e+00,7.493913218254363295e-01,6.999999999999999556e-01,2.000000000000000111e-01,5.000000000000000278e-02,2.000000000000000042e-02,1.314105675233202097e+00,1.345108610163421980e+00,-1.262222030780445259e+00,5.224850478239072560e-01
2.272354438197587534e+00,5.287392412435762967e-01,7.788316527076334372e-01,6.999999999999999556e-01,2.000000000000000111e-01,5.000000000000000278e-02,2.000000000000000042e-02,-2.266261939119241120e+00,-2.297654814257286127e+00,-1.513678329851757542e+00,-3.364152292169382830e-01
4.855025316595771301e-01,7.446454370328677852e-01,5.481580838942146094e-02,6.999999999999999556e-01,2.000000000000000111e-01,5.000000000000000278e-02,2.000000000000000042e-02,-3.832630738472222465e-01,-3.757482999972340254e-01,-8.129864620023207200e-01,-1.012276285630986511e-01
2.647679820220935731e+00,2.820442036797477403e+00,9.714658437587667672e-01,6.999999999999999556e-01,2.000000000000000111e-01,5.000000000000000278e-02,2.000000000000000042e-02,-5.730096702404048337e+00,-5.777285133050982679e+00,-2.865216324171577345e+00,-2.090935690180823592e+00
3.455978172416216410e-01,2.018392070328004273e+00,5.222536140204186994e-01,6.999999999999999556e-01,2.000000000000000111e-01,5.000000000000000278e-02,2.000000000000000042e-02,-4.410929946686356629e-01,-4.596261909102899446e-01,-1.288262594631141456e+00,-1.953145302760836421e-01
2.615769139770620200e+00,1.646486716953481810e+00,9.035140943157098370e-01,6.999999999999999556e-01,2.000000000000000111e-01,5.000000000000000278e-02,2.000000000000000042e-02,-3.718684657995762421e+00,-3.684120837485548083e+00,-2.105865820161045399e+00,-1.205912160109765097e+00
1.435333591468425318e+00,3.204379071771495946e-01,5.645662889366631632e-02,6.999999999999999556e-01,2.000000000000000111e-01,5.000000000000000278e-02,2.000000000000000042e-02,-1.173219271060750524e+00,-1.148760404207767039e+00,-1.023402641149497416e+00,-1.287818818023371281e-01
2.364220633084522127e+00,2.778526140543514877e+00,8.599567717488633134e-01,6.999999999999999556e-01,2.000000000000000111e-01,5.000000000000000278e-02,2.000000000000000042e-02,-4.871017984064111239e+00,-4.698522639589310046e+00,-2.619259932201096319e+00,-1.839333672690551147e+00
-1.208674892365047659e+00,1.307522690380285013e+00,5.902907744972841764e-01,6.999999999999999556e-01,2.000000000000000111e-01,5.000000000000000278e-02,2.000000000000000042e-02,1.223651500515027468e+00,1.241519737458587569e+00,-1.158480431335350724e+00,4.425035571768695664e-01
2.972887970566860716e+00,3.017044902619463453e-01,9.463546324353799832e-02,6.999999999999999556e-01,2.000000000000000111e-01,5.000000000000000278e-02,2.000000000000000042e-02,-3.432635368517928942e+00,-3.358763987210789281e+00,-2.038453016753363212e+00,-2.511414219344090815e-01
-1.198645430601140927e+00,1.642350437420065479e+00,1.096774217010154651e-03,6.999999999999999556e-01,2.000000000000000111e-01,5.000000000000000278e-02,2.000000000000000042e-02,1.377796939699818868e+00,1.372964793297681618e+00,-1.293136724546292360e+00,5.512068372326169863e-01
1.493087661913868658e+00,2.521320660314916307e-01,2.386102363273387983e-01,6.999999999999999556e-01,2.000000000000000111e-01,5.000000000000000278e-02,2.000000000000000042e-02,-1.224877485860858650e+00,-1.260046707846054437e+00,-1.043296495944896485e+00,-1.054074775500524197e-01
7.199505912414521092e-01,2.556714732555918967e+00,9.149506086522903869e-01,6.999999999999999556e-01,2.000000000000000111e-01,5.000000000000000278e-02,2.000000000000000042e-02,-1.181487210196803694e+00,-1.195893751094849744e+00,-1.692899959387925257e+00,-5.153983193350221148e-01
-8.688000187059410351e-01,1.218474532317889159e+00,6.571247863191825855e-01,6.999999999999999556e-01,2.000000000000000111e-01,5.000000000000000278e-02,2.000000000000000042e-02,8.215337353060871983e-01,8.290529318627140043e-01,-1.021077246902538205e+00,2.964109950117385650e-01
-2.376608442288405953e+00,8.730121538831769890e-01,3.271894923068782157e-01,6.999999999999999556e-01,2.000000000000000111e-01,5.000000000000000278e-02,2.000000000000000042e-02,2.588398514052565602e+00,2.559027243477448366e+00,-1.653941184109362972e+00,5.809462554389601685e-01
-2.728753627565442486e+00,7.581057090235659990e-01,3.034347883868924178e-01,6.999999999999999556e-01,2.000000000000000111e-01,5.000000000000000278e-02,2.000000000000000042e-02,3.145614991585103493e+00,3.260194790259036246e+00,-1.897375851240311828e+00,5.792314370013156299e-01
-2.935796260138408442e+00,6.243668509108948328e-01,7.192964593504396209e-01,6.999999999999999556e-01,2.000000000000000111e-01,5.000000000000000278e-02,2.000000000000000042e-02,3.480450287916844410e+00,3.561000010619131295e+00,-2.047411707188694141e+00,5.132438824404079725e-01
3.071116825415223239e-01,5.792226553531050204e-01,3.985100876301160833e-01,6.999999999999999556e-01,2.000000000000000111e-01,5.000000000000000278e-02,2.000000000000000042e-02,-2.308514671649338212e-01,-2.346525985439106010e-01,-7.611174816594250547e-01,-4.980809239046490172e-02
3.667959449345601364e-01,1.807932350928435294e+00,8.792353093515536955e-02,6.999999999999999556e-01,2.000000000000000111e-01,5.000000000000000278e-02,2.000000000000000042e-02,-4.270728713608101801e-01,-3.940767543343318691e-01,-1.177787603757772139e+00,-1.856798314102356962e-01
-2.348303491597297121e+00,5.057793560871051142e-01,6.392706917146977474e-01,6.999999999999999556e-01,2.000000000000000111e-01,5.000000000000000278e-02,2.000000000000000042e-02,2.375403501949077789e+00,2.404713924900928834e+00,-1.562993179283352685e+00,3.325625598056108356e-01
-2.770242500879915415e+00,1.638614794766329652e+00,5.086016436088304227e-01,6.999999999999999556e-01,2.000000000000000111e-01,5.000000000000000278e-02,2.000000000000000042e-02,4.043502351080239698e+00,4.170037145754093011e+00,-2.227044709440005654e+00,1.271020897169045760e+00
-2.883345874214231053e+00,2.628496080025594761e+00,8.739858492530896417e-01,6.999999999999999556e-01,2.000000000000000111e-01,5.000000000000000278e-02,2.000000000000000042e-02,6.005845109589204256e+00,5.985340631304028491e+00,-2.914311344531622439e+00,2.122081731764421608e+00
4.773881031058300195e-01,2.214845162612504303e+00,9.772664007977260869e-02,6.999999999999999556e-01,2.000000000000000111e-01,5.000000000000000278e-02,2.000000000000000042e-02,-6.674699357256078658e-01,-6.525000376577322347e-01,-1.420960383356768775e+00,-2.960554046387579574e-01
1.524432311831548148e+00,1.619750469888830313e+00,6.614892630831110676e-01,6.999999999999999556e-01,2.000000000000000111e-01,5.000000000000000278e-02,2.000000000000000042e-02,-1.804161853640980695e+00,-1.812050754733125046e+00,-1.415886902862123931e+00,-6.913759869528024460e-01
2.390759939815605861e+00,1.288547266048538420e+00,7.732213169262460717e-01,6.999999999999999556e-01,2.000000000000000111e-01,5.000000000000000278e-02,2.000000000000000042e-02,-2.912510357863646426e+00,-2.911692843581246137e+00,-1.789809531431830747e+00,-8.625700115837747761e-01
-1.864858334770085335e-01,1.038157921280008278e+00,5.043693513423097574e-01,6.999999999999999556e-01,2.000000000000000111e-01,5.000000000000000278e-02,2.000000000000000042e-02,1.590028399631167599e-01,1.809385019246696202e-01,-8.561046066454420789e-01,5.420848866458505971e-02
1.454725029580117734e+00,7.564626817370341261e-01,7.996703891589886926e-01,6.999999999999999556e-01,2.000000000000000111e-01,5.000000000000000278e-02,2.000000000000000042e-02,-1.288776189551499085e+00,-1.241714705388728968e+00,-1.097546747193541172e+00,-3.081246551785253862e-01
-1.573555833979507712e+00,1.254467372377187750e+00,8.867509688704247051e-01,6.999999999999999556e-01,2.000000000000000111e-01,5.000000000000000278e-02,2.000000000000000042e-02,1.642981546173049034e+00,1.647006255081796100e+00,-1.291728068767891369e+00,5.527128466554988018e-01
-2.706406312653540258e+00,2.962445184001880616e+00,7.355954337393474374e-01,6.999999999999999556e-01,2.000000000000000111e-01,5.000000000000000278e-02,2.000000000000000042e-02,6.210886276462872502e+00,6.246543994948838829e+00,-3.027346674925871284e+00,2.244922497124374861e+00
4.550613068339597334e-01,1.649651554156186695e+00,1.970305980901030374e-01,6.999999999999999556e-01,2.000000000000000111e-01,5.000000000000000278e-02,2.000000000000000042e-02,-4.966280057621842436e-01,-5.133752737855602488e-01,-1.112051153964803696e+00,-2.101939257753963619e-01
-1.046437366272757963e+00,8.747765182433624442e-01,1.238752818204233996e-01,6.999999999999999556e-01,2.000000000000000111e-01,5.000000000000000278e-02,2.000000000000000042e-02,9.019079495212610764e-01,8.979477669140856211e-01,-9.713874281915770847e-01,2.563116740317944453e-01
-5.925511538353145369e-01,8.149604110500985321e-01,5.468066278996988050e-01,6.999999999999999556e-01,2.000000000000000111e-01,5.000000000000000278e-02,2.000000000000000042e-02,4.802854105318046796e-01,4.898295124406670809e-01,-8.456499965077867165e-01,1.352136049313946431e-01
-2.312071431607104266e+00,1.334422474399459047e+00,9.817308908452043736e-01,6.999999999999999556e-01,2.000000000000000111e-01,5.000000000000000278e-02,2.000000000000000042e-02,2.812818435411809759e+00,2.745915397812010106e+00,-1.751146813353591014e+00,8.638784226109664788e-01
1.148796063122592415e+00,1.356302896665662949e+00,9.562746061945580633e-01,6.999999999999999556e-01,2.000000000000000111e-01,5.000000000000000278e-02,2.000000000000000042e-02,-1.175821118737399695e+00,-1.185439023569896833e+00,-1.155497915847408574e+00,-4.362723198655588663e-01
2.299245369554065554e+00,1.040571919450431038e+00,4.575585615152217844e-01,6.999999999999999556e-01,2.000000000000000111e-01,5.000000000000000278e-02,2.000000000000000042e-02,-2.565767115094783613e+00,-2.620216457700144996e+00,-1.644569979149197447e+00,-6.699084468956290062e-01
1.455521323509753273e+00,1.648875691658549192e+00,6.219500316234103376e-01,6.999999999999999556e-01,2.000000000000000111e-01,5.000000000000000278e-02,2.000000000000000042e-02,-1.727060270702381883e+00,-1.720347863870443250e+00,-1.398412094994681887e+00,-6.719926441272551232e-01
-2.183731334025234894e+00,2.223242779342573527e+00,3.117110218319677495e-01,6.999999999999999556e-01,2.000000000000000111e-01,5.000000000000000278e-02,2.000000000000000042e-02,3.560415206413945377e+00,3.621355002345420182e+00,-2.107295564706389790e+00,1.359390177710803949e+00
-1.369106672821746251e+00,2.102616031674886976e+00,6.370629648743945106e-01,6.999999999999999556e-01,2.000000000000000111e-01,5.000000000000000278e-02,2.000000000000000042e-02,1.934084749955582438e+00,1.946811883507956420e+00,-1.600107146966629923e+00,8.060375790174589827e-01
-1.822664571817815826e+00,2.180013748325787315e+00,1.834584298416830350e-02,6.999999999999999556e-01,2.000000000000000111e-01,5.000000000000000278e-02,2.000000000000000042e-02,2.791319110020526573e+00,2.776700853254037593e+00,-1.863660313208496122e+00,1.112561471041768391e+00
2.943886654394185065e+00,1.570498837501440370e+00,8.970962738758537780e-01,6.999999999999999556e-01,2.000000000000000111e-01,5.000000000000000278e-02,2.000000000000000042e-02,-4.352915460117229962e+00,-4.436340580279677148e+00,-2.345275618891101033e+00,-1.294543759169380026e+00
-6.651258951114495943e-01,2.492835081147383836e+00,9.077143118407157152e-01,6.999999999999999556e-01,2.000000000000000111e-01,5.000000000000000278e-02,2.000000000000000042e-02,1.058954497873006106e+00,1.026425071797024247e+00,-1.636350612304042551e+00,4.642537661197454479e-01
-2.117421527623103650e+00,2.489221212813076400e-01,6.841696902419490689e-01,6.999999999999999556e-01,2.000000000000000111e-01,5.000000000000000278e-02,2.000000000000000042e-02,1.975233299894717742e+00,1.976125177437056291e+00,-1.381195799991109752e+00,1.475804563247419543e-01
1.882780818702512349e+00,1.738370211955900357e+00,1.416723490332179036e-01,6.999999999999999556e-01,2.000000000000000111e-01,5.000000000000000278e-02,2.000000000000000042e-02,-2.448205353186737820e+00,-2.376902759268616272e+00,-1.654799880825299940e+00,-9.164316254448291454e-01
-1.725082939845844487e+00,2.497523784196919561e+00,2.807728129722447674e-01,6.999999999999999556e-01,2.000000000000000111e-01,5.000000000000000278e-02,2.000000000000000042e-02,2.970701614486303210e+00,2.955870302044507181e+00,-2.019654179770179692e+00,1.206361988153655140e+00
-2.528189596850793919e+00,2.201433226636572371e+00,8.655687118420557491e-01,6.999999999999999556e-01,2.000000000000000111e-01,5.000000000000000278e-02,2.000000000000000042e-02,4.293043634488681093e+00,4.288061147503681170e+00,-2.337244550831218515e+00,1.558379362888392183e+00
-7.706972960312361565e-01,2.871261459678817296e+00,3.035325294023651921e-01,6.999999999999999556e-01,2.000000000000000111e-01,5.000000000000000278e-02,2.000000000000000042e-02,1.451900179974149996e+00,1.439744899438109016e+00,-1.943276080093649494e+00,6.196045640884860761e-01
-2.779016398566136026e+00,4.243761626631514794e-01,7.919537227784588795e-01,6.999999999999999556e-01,2.000000000000000111e-01,5.000000000000000278e-02,2.000000000000000042e-02,3.088487456329009451e+00,3.022360724840544854e+00,-1.883653139366062934e+00,3.302175282564109859e-01
-2.491642149723523048e-01,1.977737455792255794e+00,8.589700053453277473e-01,6.999999999999999556e-01,2.000000000000000111e-01,5.000000000000000278e-02,2.000000000000000042e-02,3.116313038480679753e-01,3.320941235217589327e-01,-1.256914783069525754e+00,1.379787921662904981e-01
-3.855113277040098652e-01,2.364048496491102824e+00,7.112733608841872446e-01,6.999999999999999556e-01,2.000000000000000111e-01,5.000000000000000278e-02,2.000000000000000042e-02,5.743550116248710147e-01,5.880117401380934306e-01,-1.504714388694874172e+00,2.551828928989068879e-01
-1.125786471199934358e+00,1.204525494824736143e+00,3.002504683544482411e-01,6.999999999999999556e-01,2.000000000000000111e-01,5.000000000000000278e-02,2.000000000000000042e-02,1.088064960524746994e+00,1.057531844415416034e+00,-1.093232710286108578e+00,3.796907817609464497e-01
3.387428680152702043e-01,7.532396793606448426e-01,6.216556854443384683e-01,6.999999999999999556e-01,2.000000000000000111e-01,5.000000000000000278e-02,2.000000000000000042e-02,-2.659704458764252655e-01,-2.895441172245725725e-01,-7.966438116335472497e-01,-7.144327940106764974e-02
1.728689652721360659e+00,1.330724898447281035e+00,8.574174015985348563e-01,6.999999999999999556e-01,2.000000000000000111e-01,5.000000000000000278e-02,2.000000000000000042e-02,-1.896950660056514915e+00,-1.848046742939795539e+00,-1.396171213062538552e+00,-6.441149015180593906e-01
-9.522420534795328351e-01,2.472241038934920532e+00,7.183930226292054577e-01,6.999999999999999556e-01,2.000000000000000111e-01,5.000000000000000278e-02,2.000000000000000042e-02,1.524553670380566439e+00,1.499119126845521732e+00,-1.691691344905400074e+00,6.591681274112934918e-01
-1.370345435786547439e+00,6.737185234994697014e-01,8.191713926550132641e-01,6.999999999999999556e-01,2.000000000000000111e-01,5.000000000000000278e-02,2.000000000000000042e-02,1.174986059998937682e+00,1.174103929313851102e+00,-1.045222522854036162e+00,2.585035890310579676e-01
8.211511491660825612e-01,2.356666535982101962e+00,8.745801187425370493e-01,6.999999999999999556e-01,2.000000000000000111e-01,5.000000000000000278e-02,2.000000000000000042e-02,-1.240970638315744390e+00,-1.265212898643526929e+00,-1.578686184121020242e+00,-5.418502415824271168e-01
-4.784926702855427649e-01,2.240442971061334720e+00,5.313327304356549874e-01,6.999999999999999556e-01,2.000000000000000111e-01,5.000000000000000278e-02,2.000000000000000042e-02,6.766793678973055393e-01,6.829486148364477538e-01,-1.437085144248487989e+00,3.001699511567716416e-01
-1.444259786846182614e+00,1.648307865765631153e+00,6.737209377921794529e-01,6.999999999999999556e-01,2.000000000000000111e-01,5.000000000000000278e-02,2.000000000000000042e-02,1.710961061736110400e+00,1.685517730875983222e+00,-1.393251584633426354e+00,6.665637347229158571e-01
2.674295490445419254e+00,1.549909415426841797e+00,5.662561209439177512e-01,6.999999999999999556e-01,2.000000000000000111e-01,5.000000000000000278e-02,2.000000000000000042e-02,-3.727709860091151572e+00,-3.770186314734349065e+00,-2.109089142976534603e+00,-1.160576412876971553e+00
-1.742256641740351331e+00,2.834978050663240268e+00,9.819011391917260578e-01,6.999999999999999556e-01,2.000000000000000111e-01,5.000000000000000278e-02,2.000000000000000042e-02,3.444383863547012314e+00,3.371643586070931065e+00,-2.280512807537183662e+00,1.382992614627720496e+00
-6.052737643178280891e-01,3.967242043859497969e-01,9.354038991505853051e-02,6.999999999999999556e-01,2.000000000000000111e-01,5.000000000000000278e-02,2.000000000000000042e-02,4.481159020445332763e-01,4.845277857166334079e-01,-7.769880626741141327e-01,6.723549072371018398e-02
-1.249520979874673143e+00,1.933110542682627830e-01,2.662531330962802922e-02,6.999999999999999556e-01,2.000000000000000111e-01,5.000000000000000278e-02,2.000000000000000042e-02,9.787458061552011257e-01,1.028543734058295689e+00,-9.394270847903676280e-01,6.763294102596802138e-02
1.853688219524972425e+00,1.562703080039210324e+00,7.966078255823479948e-01,6.999999999999999556e-01,2.000000000000000111e-01,5.000000000000000278e-02,2.000000000000000042e-02,-2.249809767653632164e+00,-2.239919700522440049e+00,-1.557309730571814210e+00,-8.110940012235406948e-01
9.854312038397825546e-01,2.529214673215675058e-01,7.738279673214842891e-01,6.999999999999999556e-01,2.000000000000000111e-01,5.000000000000000278e-02,2.000000000000000042e-02,-7.464734300013921020e-01,-7.335281718793685846e-01,-8.546168962336616604e-01,-6.978627768549261479e-02
2.455549251098607222e+00,7.683659250855905398e-01,6.141739531695291632e-01,6.999999999999999556e-01,2.000000000000000111e-01,5.000000000000000278e-02,2.000000000000000042e-02,-2.662159591136399772e+00,-2.632731758084951856e+00,-1.687112385962208583e+00,-5.282929041358108702e-01
-1.377563027099760085e+00,3.969101895517446188e-01,1.141481426413182287e-02,6.999999999999999556e-01,2.000000000000000111e-01,5.000000000000000278e-02,2.000000000000000042e-02,1.125385337156170840e+00,1.125690962872530898e+00,-1.006707261844638435e+00,1.530952646175794130e-01
1.949502520174009490e+00,2.838904238237439870e+00,3.053787168010754227e-01,6.999999999999999556e-01,2.000000000000000111e-01,5.000000000000000278e-02,2.000000000000000042e-02,-3.934760519354997932e+00,-3.940820091774406286e+00,-2.398396829768271843e+00,-1.549646270753438415e+00
1.007566028279756942e+00,1.519016561926718634e+00,8.429498081639985596e-01,6.999999999999999556e-01,2.000000000000000111e-01,5.000000000000000278e-02,2.000000000000000042e-02,-1.081921428065395929e+00,-1.089205243410759305e+00,-1.175315979358590113e+00,-4.285426555736690513e-01
-2.324528646992876091e+00,7.767707323322300406e-01,1.506510360379035296e-01,6.999999999999999556e-01,2.000000000000000111e-01,5.000000000000000278e-02,2.000000000000000042e-02,2.451549863596079071e+00,2.488823568812198683e+00,-1.594987202488692635e+00,5.055752294465331032e-01
-1.496629569373191693e+00,9.775597317661265384e-01,2.522526902060207021e-02,6.999999999999999556e-01,2.000000000000000111e-01,5.000000000000000278e-02,2.000000000000000042e-02,1.415485647834213045e+00,1.382516171551165574e+00,-1.169772234272220324e+00,4.096525441091189990e-01
2.034820262249652956e+00,5.541941605601009568e-01,9.789030173216830555e-01,6.999999999999999556e-01,2.000000000000000111e-01,5.000000000000000278e-02,2.000000000000000042e-02,-1.933126128235805430e+00,-1.963714117685697591e+00,-1.364072388413110293e+00,-3.157519419958766393e-01
-3.900420297314397544e-01,1.106248601239268048e+00,5.445103061458713700e-01,6.999999999999999556e-01,2.000000000000000111e-01,5.000000000000000278e-02,2.000000000000000042e-02,3.428222446178669780e-01,3.564870222269976296e-01,-8.941499532276904194e-01,1.208153659481804448e-01
-2.030913543376291930e+00,5.454561601735871124e-01,1.172306140214351977e-01,6.999999999999999556e-01,2.000000000000000111e-01,5.000000000000000278e-02,2.000000000000000042e-02,1.925069702132987448e+00,1.873661112946174212e+00,-1.360344612274370757e+00,3.101768048440784464e-01
-2.219444770634432462e+00,2.521643238282158528e+00,3.695384905576621914e-01,6.999999999999999556e-01,2.000000000000000111e-01,5.000000000000000278e-02,2.000000000000000042e-02,4.076038289512869284e+00,4.202965114985071082e+00,-2.329106110448857514e+00,1.567061411611083477e+00
-1.250109301362269276e+00,1.678991528398079636e+00,8.498238386279881595e-01,6.999999999999999556e-01,2.000000000000000111e-01,5.000000000000000278e-02,2.000000000000000042e-02,1.466128714443862391e+00,1.458697191857167175e+00,-1.329077747143422084e+00,5.876984194364897052e-01
8.842369339255249372e-01,3.211382057443591398e-01,8.463003427709929749e-01,6.999999999999999556e-01,2.000000000000000111e-01,5.000000000000000278e-02,2.000000000000000042e-02,-6.663007478111371285e-01,-6.625393292067631723e-01,-8.317194079041207999e-01,-7.950943347584622789e-02
-2.191827306176270973e+00,2.552389392151388936e+00,2.577806677483690523e-01,6.999999999999999556e-01,2.000000000000000111e-01,5.000000000000000278e-02,2.000000000000000042e-02,4.059838807419021478e+00,4.163817232062069884e+00,-2.332672866298360681e+00,1.566431094399378887e+00
-2.061971480630188758e+00,1.353686205866609260e+00,7.704325728113250449e-01,6.999999999999999556e-01,2.000000000000000111e-01,5.000000000000000278e-02,2.000000000000000042e-02,2.410716031768549872e+00,2.408971122888418304e+00,-1.594304246193332997e+00,7.815534580614416083e-01
2.125899401039735181e+00,9.899608148862637513e-02,3.392247413610492979e-01,6.999999999999999556e-01,2.000000000000000111e-01,5.000000000000000278e-02,2.000000000000000042e-02,-1.971440999222267232e+00,-1.966127581135191926e+00,-1.379289270882180229e+00,-5.892759889574645388e-02
-1.418716590702486791e+00,2.273328831086694368e+00,1.853914093957125253e-01,6.999999999999999556e-01,2.000000000000000111e-01,5.000000000000000278e-02,2.000000000000000042e-02,2.162352773728948740e+00,2.138377292252159112e+00,-1.725436871105172632e+00,9.030586120597955402e-01
1.088330319015545555e+00,1.984359324336065988e+00,5.745220629081836394e-01,6.999999999999999556e-01,2.000000000000000111e-01,5.000000000000000278e-02,2.000000000000000042e-02,-1.426255374748042870e+00,-1.411929432604363210e+00,-1.428944902424400309e+00,-6.046987566189200303e-01
1.999002114200957081e+00,1.505873516852293648e+00,3.749205788523338745e-01,6.999999999999999556e-01,2.000000000000000111e-01,5.000000000000000278e-02,2.000000000000000042e-02,-2.433329660288527929e+00,-2.400573072449384338e+00,-1.616873124712977727e+00,-8.428684162939502622e-01
1.486932148578412161e+00,1.245071640835901494e+00,7.758787429092549592e-01,6.999999999999999556e-01,2.000000000000000111e-01,5.000000000000000278e-02,2.000000000000000042e-02,-1.527937031746834151e+00,-1.553437927386875916e+00,-1.248673556885334435e+00,-5.183743740118093024e-01
7.643896571536421547e-01,2.188945996157540375e+00,8.903375153003305620e-01,6.999999999999999556e-01,2.000000000000000111e-01,5.000000000000000278e-02,2.000000000000000042e-02,-1.070162655927656026e+00,-1.056494635313731889e+00,-1.458451572567696974e+00,-4.684981502685959809e-01
-3.013538601867913336e-01,2.924228578839790593e+00,9.742606676301738267e-01,6.999999999999999556e-01,2.000000000000000111e-01,5.000000000000000278e-02,2.000000000000000042e-02,5.730835802249095723e-01,5.919046695030328875e-01,-1.910777911739895529e+00,2.467437196845335690e-01
1.226200265530680511e+00,1.501356115841347538e+00,7.539023541955200969e-01,6.999999999999999556e-01,2.000000000000000111e-01,5.000000000000000278e-02,2.000000000000000042e-02,-1.337475708776635797e+00,-1.325155557469849477e+00,-1.241104889798517297e+00,-5.154697150122159455e-01
-8.055823039867373581e-01,2.689555473336586733e+00,3.574491369467533985e-01,6.999999999999999556e-01,2.000000000000000111e-01,5.000000000000000278e-02,2.000000000000000042e-02,1.405875936755178968e+00,1.385906248039493471e+00,-1.810063637456157837e+00,6.066643225749756008e-01
1.580909239227195506e+00,1.644727358855456067e+00,3.464546689207471664e-01,6.999999999999999556e-01,2.000000000000000111e-01,5.000000000000000278e-02,2.000000000000000042e-02,-1.902911414743886809e+00,-1.868520136718464064e+00,-1.453609035296556939e+00,-7.280461097348133181e-01
1.188425390033920337e+00,7.189528857656422023e-01,1.881486140509818217e-01,6.999999999999999556e-01,2.000000000000000111e-01,5.000000000000000278e-02,2.000000000000000042e-02,-1.001822163662643650e+00,-9.753727076969553877e-01,-9.842182914246955239e-01,-2.392381218309728441e-01
-2.316460801901828681e+00,2.142462711524782737e+00,4.674458024644454479e-01,6.999999999999999556e-01,2.000000000000000111e-01,5.000000000000000278e-02,2.000000000000000042e-02,3.731633123432346544e+00,3.697351835155925137e+00,-2.147519102850527162e+00,1.389620649419369913e+00
-2.958070327511365782e+00,2.359443204105087233e+00,7.437491468996817456e-01,6.999999999999999556e-01,2.000000000000000111e-01,5.000000000000000278e-02,2.000000000000000042e-02,5.670280982298639749e+00,5.472599445387728245e+00,-2.791903122051155428e+00,1.954231700823248374e+00
9.831993753931884683e-01,3.775691635835041193e-01,4.788028345789541174e-02,6.999999999999999556e-01,2.000000000000000111e-01,5.000000000000000278e-02,2.000000000000000042e-02,-7.553844473895281464e-01,-7.687173144862703422e-01,-8.649603380265139529e-01,-1.039432144248483569e-01
-1.402301572525836981e-01,6.446519699880522980e-01,1.134368750396512748e-01,6.999999999999999556e-01,2.000000000000000111e-01,5.000000000000000278e-02,2.000000000000000042e-02,1.064576713368752120e-01,1.070018339037608068e-01,-7.611303372877893381e-01,2.531190119489147919e-02
6.459427792265786117e-01,3.491011437794956374e-01,6.925606013928319316e-01,6.999999999999999556e-01,2.000000000000000111e-01,5.000000000000000278e-02,2.000000000000000042e-02,-4.766567626826593851e-01,-4.515190065752158199e-01,-7.796483363075847883e-01,-6.313982165234935384e-02
9.909779011829544793e-01,1.117169854261489403e-01,2.558641400498087304e-01,6.999999999999999556e-01,2.000000000000000111e-01,5.000000000000000278e-02,2.000000000000000042e-02,-7.440749206269282601e-01,-7.209456626524644030e-01,-8.490528759715247897e-01,-3.099853784834569886e-02
-1.885060022696811721e-01,1.010704853000568892e+00,5.500027570842419555e-01,6.999999999999999556e-01,2.000000000000000111e-01,5.000000000000000278e-02,2.000000000000000042e-02,1.592480097159784669e-01,1.726035368009526394e-01,-8.483435789168007890e-01,5.334670076783683962e-02
-2.209142693329004814e+00,1.476418980969381067e+00,5.269380672212998773e-01,6.999999999999999556e-01,2.000000000000000111e-01,5.000000000000000278e-02,2.000000000000000042e-02,2.759637620142812775e+00,2.726161774602525956e+00,-1.737220536954672490e+00,9.132536571482136045e-01
4.806949385829870636e-01,1.738970918377310770e+00,1.677318249949202311e-01,6.999999999999999556e-01,2.000000000000000111e-01,5.000000000000000278e-02,2.000000000000000042e-02,-5.455484542576120033e-01,-5.307409402004445997e-01,-1.158022923291579076e+00,-2.340560652659549323e-01
-1.262032529760122479e+00,1.486488730988561269e+00,8.802262740304611643e-01,6.999999999999999556e-01,2.000000000000000111e-01,5.000000000000000278e-02,2.000000000000000042e-02,1.374337182472467944e+00,1.374401703411993747e+00,-1.248259740555747843e+00,5.252791974162341893e-01
4.127165179071745627e-03,2.480324215882742322e+00,4.644246493596893011e-01,6.999999999999999556e-01,2.000000000000000111e-01,5.000000000000000278e-02,2.000000000000000042e-02,-6.443668712952398993e-03,-2.590105806231153898e-02,-1.561283705249069786e+00,-2.866278166247912020e-03
-2.828834750238418572e+00,5.298717586401452406e-01,3.580024787779811923e-02,6.999999999999999556e-01,2.000000000000000111e-01,5.000000000000000278e-02,2.000000000000000042e-02,3.223237322451073528e+00,3.113132345623491393e+00,-1.939652877908084605e+00,4.196975003231322443e-01
2.757751333119185411e+00,2.868356838439207301e+00,8.776263330052554990e-01,6.999999999999999556e-01,2.000000000000000111e-01,5.000000000000000278e-02,2.000000000000000042e-02,-6.155592067572928983e+00,-6.036148811556895311e+00,-2.992624795665031812e+00,-2.214860170618831336e+00
-1.904763741049466663e+00,2.271825492315063144e+00,7.303974576407917807e-01,6.999999999999999556e-01,2.000000000000000111e-01,5.000000000000000278e-02,2.000000000000000042e-02,3.055189602337372801e+00,2.960298297407352841e+00,-1.966785485837075242e+00,1.211641430651003937e+00
2.956696863037388212e+00,1.531317711372401913e-01,1.650736185298334879e-01,6.999999999999999556e-01,2.000000000000000111e-01,5.000000000000000278e-02,2.000000000000000042e-02,-3.371774894285271884e+00,-3.290156847862204970e+00,-2.014591358490697814e+00,-1.267739836587944424e-01
1.757626590212360895e+00,1.716051583721971419e-01,7.987148558304916213e-01,6.999999999999999556e-01,2.000000000000000111e-01,5.000000000000000278e-02,2.000000000000000042e-02,-1.509072402079826958e+00,-1.443433510023904409e+00,-1.167510450846422021e+00,-8.445298102432155507e-02
-6.865309462125241957e-01,3.271955172148128810e-01,1.184163963696356348e-01,6.999999999999999556e-01,2.000000000000000111e-01,5.000000000000000278e-02,2.000000000000000042e-02,5.070403164418619824e-01,5.078963543772753164e-01,-7.856866779240851972e-01,6.289635744839487674e-02
3.932055849616196141e-01,1.842202692976935063e+00,4.840542269572980505e-01,6.999999999999999556e-01,2.000000000000000111e-01,5.000000000000000278e-02,2.000000000000000042e-02,-4.651032412252779635e-01,-4.811023346971139425e-01,-1.198311101488357400e+00,-2.028220285027626524e-01
-1.687045451987485123e+00,1.693205764582206951e+00,6.683907405107186728e-01,6.999999999999999556e-01,2.000000000000000111e-01,5.000000000000000278e-02,2.000000000000000042e-02,2.098142198363342814e+00,2.072803930066125400e+00,-1.528290760130767145e+00,7.998242236368732216e-01
-2.922599975993827481e+00,7.674027563588998735e-01,9.927157885294864981e-01,6.999999999999999556e-01,2.000000000000000111e-01,5.000000000000000278e-02,2.000000000000000042e-02,3.534962148065144305e+00,3.489562004836119780e+00,-2.063685571617281500e+00,6.279871576473928796e-01
-3.701553153590975143e-02,2.024122341014896076e+00,9.513228946212682891e-01,6.999999999999999556e-01,2.000000000000000111e-01,5.000000000000000278e-02,2.000000000000000042e-02,4.714514573140327763e-02,5.467718062925226719e-02,-1.273795497631620144e+00,2.097871001698537602e-02
-2.579405796352019387e+00,1.018511739554776252e+00,8.852569003534237480e-01,6.999999999999999556e-01,2.000000000000000111e-01,5.000000000000000278e-02,2.000000000000000042e-02,3.038276866852773761e+00,3.097319557295399761e+00,-1.843231402243684869e+00,7.356034237048469926e-01
-1.934209707207403373e+00,2.364631483759319863e+00,9.300362077978753250e-01,6.999999999999999556e-01,2.000000000000000111e-01,5.000000000000000278e-02,2.000000000000000042e-02,3.229870731254468552e+00,3.183563089877709196e+00,-2.043982566276314916e+00,1.280634087559545886e+00
-2.608231617464468854e+00,2.195462550784461619e+00,1.165637521914923980e-01,6.999999999999999556e-01,2.000000000000000111e-01,5.000000000000000278e-02,2.000000000000000042e-02,4.472990521752438831e+00,4.445253492261246997e+00,-2.395238639216779930e+00,1.603356955176262755e+00
3.157816754863782549e-01,7.026414236396469892e-01,4.905734767727343293e-02,6.999999999999999556e-01,2.000000000000000111e-01,5.000000000000000278e-02,2.000000000000000042e-02,-2.444480473240323304e-01,-2.567413229500484784e-01,-7.840764058159567229e-01,-6.212676008645730968e-02
1.002247216296399124e+00,2.095288878390770826e-01,1.114142013632626327e-01,6.999999999999999556e-01,2.000000000000000111e-01,5.000000000000000278e-02,2.000000000000000042e-02,-7.580710337262072107e-01,-7.358530076858467162e-01,-8.568212520635534180e-01,-5.879992847971071690e-02
2.766197750119158805e+00,1.840526693377200207e+00,6.817483426337505037e-01,6.999999999999999556e-01,2.000000000000000111e-01,5.000000000000000278e-02,2.000000000000000042e-02,-4.306549133093570347e+00,-4.224741331419111567e+00,-2.322032890179405840e+00,-1.425553023511194395e+00
-1.537827272841308490e+00,2.540408261460924688e-01,4.373331555358572764e-02,6.999999999999999556e-01,2.000000000000000111e-01,5.000000000000000278e-02,2.000000000000000042e-02,1.272214945540891762e+00,1.251685315875424420e+00,-1.063772051953038922e+00,1.093878550415275236e-01
2.027173620748783378e+00,1.706082799964599328e+00,2.012040352014945466e-01,6.999999999999999556e-01,2.000000000000000111e-01,5.000000000000000278e-02,2.000000000000000042e-02,-2.661622684189312249e+00,-2.676832481289391552e+00,-1.723915526145866517e+00,-9.683872931324084554e-01
5.283966239558255396e-01,2.005727433934733739e+00,4.996453185250060436e-02,6.999999999999999556e-01,2.000000000000000111e-01,5.000000000000000278e-02,2.000000000000000042e-02,-6.748534285473885008e-01,-6.714824179589921060e-01,-1.305092404324564637e+00,-2.967494893066743855e-01
-2.920214320782001494e+00,4.484587130139618960e-01,6.276878375460716031e-01,6.999999999999999556e-01,2.000000000000000111e-01,5.000000000000000278e-02,2.000000000000000042e-02,3.371500487641263089e+00,3.256060731625625593e+00,-2.007303882313982601e+00,3.666867556863944166e-01
-8.086814524708012542e-01,2.308461595709263570e+00,6.756668786286805783e-01,6.999999999999999556e-01,2.000000000000000111e-01,5.000000000000000278e-02,2.000000000000000042e-02,1.195843824427692992e+00,1.183683171350793373e+00,-1.544154145176581006e+00,5.227068213335446245e-01
2.878705287947486369e+00,1.204363485580385307e+00,2.308061089006250288e-01,6.999999999999999556e-01,2.000000000000000111e-01,5.000000000000000278e-02,2.000000000000000042e-02,-3.792452415698489787e+00,-3.781661986801604591e+00,-2.146110416984430280e+00,-9.707621096743138667e-01
1.388934122301611396e+00,1.888991160589766682e+00,2.495716393106847120e-01,6.999999999999999556e-01,2.000000000000000111e-01,5.000000000000000278e-02,2.000000000000000042e-02,-1.800082462827581553e+00,-1.848224319198967347e+00,-1.488930964084140385e+00,-7.346315983073899991e-01
1.016991253839732323e+00,1.552088111153031358e+00,9.755235305255371969e-01,6.999999999999999556e-01,2.000000000000000111e-01,5.000000000000000278e-02,2.000000000000000042e-02,-1.107473383869355343e+00,-1.102759408353636061e+00,-1.192397532227538415e+00,-4.419688095847535969e-01
1.200355476242826569e+00,2.140817160823000442e+00,4.326471399209916857e-01,6.999999999999999556e-01,2.000000000000000111e-01,5.000000000000000278e-02,2.000000000000000042e-02,-1.696914208036386817e+00,-1.695093830488348496e+00,-1.557761726652316714e+00,-7.195276487359822948e-01
2.745709677899497159e+00,1.478793640973860679e+00,2.692897733290521289e-01,6.999999999999999556e-01,2.000000000000000111e-01,5.000000000000000278e-02,2.000000000000000042e-02,-3.797597563733703829e+00,-3.837513778892512661e+00,-2.136994533858506351e+00,-1.136894643258685722e+00
2.303693550194179096e-01,1.565708576427568222e+00,6.738741008462548754e-01,6.999999999999999556e-01,2.000000000000000111e-01,5.000000000000000278e-02,2.000000000000000042e-02,-2.409330732122801633e-01,-2.208613875557814410e-01,-1.051162574441647291e+00,-1.009935569719971615e-01
-2.183367680723749427e+00,1.411377539706998530e+00,7.195658194428973253e-01,6.999999999999999556e-01,2.000000000000000111e-01,5.000000000000000278e-02,2.000000000000000042e-02,2.657666842343562763e+00,2.610235585118392709e+00,-1.693942282726863979e+00,8.628357095387849673e-01
-2.696706341349171865e+00,4.743117055080772193e-01,5.221152891032426746e-01,6.999999999999999556e-01,2.000000000000000111e-01,5.000000000000000278e-02,2.000000000000000042e-02,2.953182740315137611e+00,2.977735413923603858e+00,-1.822329786878402746e+00,3.581422275255363163e-01
4.083226745971018090e-01,1.890837358392656764e+00,8.793923065203579359e-02,6.999999999999999556e-01,2.000000000000000111e-01,5.000000000000000278e-02,2.000000000000000042e-02,-4.936105010116256242e-01,-4.983367753161314084e-01,-1.225546339213584135e+00,-2.161800948739623085e-01
-1.935852920839942870e+00,7.187848537490626466e-02,2.598732465969413319e-01,6.999999999999999556e-01,2.000000000000000111e-01,5.000000000000000278e-02,2.000000000000000042e-02,1.719230279939390149e+00,1.755742778123823067e+00,-1.262852292001051424e+00,3.896092924039775557e-02
2.612215549048510610e+00,1.252553023144730826e+00,8.005629793418194140e-01,6.999999999999999556e-01,2.000000000000000111e-01,5.000000000000000278e-02,2.000000000000000042e-02,-3.293554439259348765e+00,-3.342595156187404548e+00,-1.943194981814082567e+00,-9.161427752585876716e-01
2.858986636548870308e+00,2.334153909136401861e+00,2.779134250036269238e-01,6.999999999999999556e-01,2.000000000000000111e-01,5.000000000000000278e-02,2.000000000000000042e-02,-5.350446696814249670e+00,-5.287864056210873187e+00,-2.688829114209898119e+00,-1.868528153483397958e+00
3.873692897486389342e-01,2.568251077761675383e+00,1.600588554775981276e-01,6.999999999999999556e-01,2.000000000000000111e-01,5.000000000000000278e-02,2.000000000000000042e-02,-6.317724483376695455e-01,-6.197575054047120835e-01,-1.645936148775415830e+00,-2.785612468488406490e-01
6.660866415926642858e-01,2.532818263428829653e+00,2.791421016288430090e-01,6.999999999999999556e-01,2.000000000000000111e-01,5.000000000000000278e-02,2.000000000000000042e-02,-1.079264941553346624e+00,-1.055521096834255657e+00,-1.664674281894437780e+00,-4.723813950385244431e-01
-2.219839908813913354e+00,2.224999926723695065e+00,7.489111052155722481e-01,6.999999999999999556e-01,2.000000000000000111e-01,5.000000000000000278e-02,2.000000000000000042e-02,3.639365187155674697e+00,3.752693369472889451e+00,-2.132240837463307503e+00,1.382960217645801348e+00
1.867379436188159048e+00,2.907235775319342963e+00,9.098932654657075902e-01,6.999999999999999556e-01,2.000000000000000111e-01,5.000000000000000278e-02,2.000000000000000042e-02,-3.842391032847875199e+00,-3.953982803738513407e+00,-2.406348673266293758e+00,-1.520095444834926202e+00
-4.460121015386215859e-01,2.967052422121630784e+00,8.745018984478006852e-01,6.999999999999999556e-01,2.000000000000000111e-01,5.000000000000000278e-02,2.000000000000000042e-02,8.663438745429009602e-01,8.650786637865621742e-01,-1.962315029794331478e+00,3.705355601264032073e-01
1.525687678021467875e+00,1.208222272104359618e+00,8.892825832518655993e-01,6.999999999999999556e-01,2.000000000000000111e-01,5.000000000000000278e-02,2.000000000000000042e-02,-1.557358349527473207e+00,-1.589465811207656287e+00,-1.253530581863243842e+00,-5.161435532010022476e-01
-4.295337565362262744e-01,2.024357229018403537e+00,8.950639305834078296e-01,6.999999999999999556e-01,2.000000000000000111e-01,5.000000000000000278e-02,2.000000000000000042e-02,5.510695035593917712e-01,5.699874589394977598e-01,-1.301397993895687888e+00,2.434683342424313612e-01
1.813267093964359589e+00,4.702727385936115168e-01,9.686523340796984183e-01,6.999999999999999556e-01,2.000000000000000111e-01,5.000000000000000278e-02,2.000000000000000042e-02,-1.623524614001184307e+00,-1.580680054253283506e+00,-1.224152535921099849e+00,-2.387644229824836539e-01
-2.270551554259750304e+00,1.890363654369253688e+00,8.487507709089427976e-01,6.999999999999999556e-01,2.000000000000000111e-01,5.000000000000000278e-02,2.000000000000000042e-02,3.310592866499351139e+00,3.292046244452597303e+00,-1.973597118489144542e+00,1.201807077392390122e+00
2.845512370008537850e+00,9.880584847564988227e-01,6.265617927818573074e-01,6.999999999999999556e-01,2.000000000000000111e-01,5.000000000000000278e-02,2.000000000000000042e-02,-3.532770112952411168e+00,-3.515789694430747403e+00,-2.051217436882644130e+00,-7.872291393866225340e-01
1.108291332783843508e+00,2.622936284252093131e+00,2.995857027864661237e-01,6.999999999999999556e-01,2.000000000000000111e-01,5.000000000000000278e-02,2.000000000000000042e-02,-1.911344546651037035e+00,-1.862863323461592335e+00,-1.847417716923033026e+00,-8.139537140786391456e-01
-9.302961422542868064e-01,4.040082041129438029e-01,9.979679522465888519e-01,6.999999999999999556e-01,2.000000000000000111e-01,5.000000000000000278e-02,2.000000000000000042e-02,7.127219353198356311e-01,7.167982512484065705e-01,-8.526688049026605043e-01,1.052372366430991413e-01
-5.332524595704049020e-01,4.864613283307495095e-01,2.192984823072728906e-01,6.999999999999999556e-01,2.000000000000000111e-01,5.000000000000000278e-02,2.000000000000000042e-02,3.985252426818105542e-01,3.961610851682146883e-01,-7.757839752002674283e-01,7.263387594911235867e-02
-1.710520717812782809e+00,1.935359455922194716e+00,3.188677444662454397e-01,6.999999999999999556e-01,2.000000000000000111e-01,5.000000000000000278e-02,2.000000000000000042e-02,2.344577097877338367e+00,2.270788267894074508e+00,-1.663268440217857247e+00,9.269322848155409078e-01
5.845443925178139821e-02,1.677643819475783449e+00,7.650666333922128137e-01,6.999999999999999556e-01,2.000000000000000111e-01,5.000000000000000278e-02,2.000000000000000042e-02,-6.396080510693799570e-02,-7.747221320970966441e-02,-1.094540968123777214e+00,-2.745840404486863534e-02
2.369471270170208754e+00,1.864090829092793555e+00,4.395756039990001973e-01,6.999999999999999556e-01,2.000000000000000111e-01,5.000000000000000278e-02,2.000000000000000042e-02,-3.476480076906145467e+00,-3.409160762880656392e+00,-2.028635961699403634e+00,-1.236734706066478617e+00
-1.390737934766210770e-01,1.782425822983770836e+00,4.197831323834022577e-02,6.999999999999999556e-01,2.000000000000000111e-01,5.000000000000000278e-02,2.000000000000000042e-02,1.593442063652676377e-01,1.313904682950417513e-01,-1.147687082026308758e+00,6.940884182205155073e-02
-1.006337427828792652e+00,1.392368082657610140e-01,5.492679313880769465e-01,6.999999999999999556e-01,2.000000000000000111e-01,5.000000000000000278e-02,2.000000000000000042e-02,7.581242160795265139e-01,7.638262033231335568e-01,-8.546214172260055975e-01,3.923337921699187464e-02
-2.243743805831810434e-01,1.795167603995272643e+00,8.784891635466035575e-01,6.999999999999999556e-01,2.000000000000000111e-01,5.000000000000000278e-02,2.000000000000000042e-02,2.588573426414998435e-01,2.632062997152745387e-01,-1.158719321100090571e+00,1.127810933730410969e-01
-5.013015225867447633e-01,1.316452126412383183e+00,5.237142083466224118e-01,6.999999999999999556e-01,2.000000000000000111e-01,5.000000000000000278e-02,2.000000000000000042e-02,4.788390179729879459e-01,4.787494263089295266e-01,-9.803219506411641193e-01,1.847830475072639034e-01
-4.576764922556515458e-01,5.892354905162882073e-01,7.670934444771290162e-01,6.999999999999999556e-01,2.000000000000000111e-01,5.000000000000000278e-02,2.000000000000000042e-02,3.474136087963746733e-01,3.628895585840923865e-01,-7.800279505942715463e-01,7.551018507536924607e-02
1.008236603421983624e-01,2.477917689018385605e+00,1.988027230922514432e-01,6.999999999999999556e-01,2.000000000000000111e-01,5.000000000000000278e-02,2.000000000000000042e-02,-1.572969001663208077e-01,-1.715613382387611019e-01,-1.561135461869750163e+00,-6.995316480138413784e-02
1.315322445078305869e+00,2.203184746624781809e+00,7.821421291528625197e-01,6.999999999999999556e-01,2.000000000000000111e-01,5.000000000000000278e-02,2.000000000000000042e-02,-1.928350674055891112e+00,-1.876581202195854781e+00,-1.639074194065430312e+00,-8.114115374091259714e-01
1.302583814025620512e+00,1.963985573101660220e+00,3.295189740000729062e-01,6.999999999999999556e-01,2.000000000000000111e-01,5.000000000000000278e-02,2.000000000000000042e-02,-1.725727822152225643e+00,-1.740004228255342511e+00,-1.494522195273433551e+00,-7.163116291805752267e-01
-2.831326654838171919e+00,1.242169697606254841e+00,3.569245671623014760e-01,6.999999999999999556e-01,2.000000000000000111e-01,5.000000000000000278e-02,2.000000000000000042e-02,3.728399971756176878e+00,3.801864634567421852e+00,-2.118479572030737224e+00,9.847566889061609707e-01
2.642165054050820139e+00,4.769934266001399914e-01,7.396898636225477386e-01,6.999999999999999556e-01,2.000000000000000111e-01,5.000000000000000278e-02,2.000000000000000042e-02,-2.855929393190228094e+00,-2.887525784159508113e+00,-1.779008607989870150e+00,-3.528827015769564479e-01
-8.823185155539103874e-01,5.941497125367956045e-04,5.602775305810068218e-01,6.999999999999999556e-01,2.000000000000000111e-01,5.000000000000000278e-02,2.000000000000000042e-02,6.519666334514332418e-01,6.571515870932209680e-01,-8.167729438553318344e-01,1.467842018670294495e-04
-3.593832062926525239e-01,2.610879646074983018e+00,4.323363289398736153e-01,6.999999999999999556e-01,2.000000000000000111e-01,5.000000000000000278e-02,2.000000000000000042e-02,5.968617487641429964e-01,5.906224673576998541e-01,-1.673710397025186314e+00,2.627257635661828794e-01
9.789089610985257650e-02,1.409349030372205602e+00,3.554455694884796069e-01,6.999999999999999556e-01,2.000000000000000111e-01,5.000000000000000278e-02,2.000000000000000042e-02,-9.579174212684464507e-02,-6.326801530906647764e-02,-9.795144506487289959e-01,-3.862948306411236737e-02
2.445592927497081348e+00,1.452664393283916056e+00,3.111053501106804120e-01,6.999999999999999556e-01,2.000000000000000111e-01,5.000000000000000278e-02,2.000000000000000042e-02,-3.165768628213807556e+00,-3.228763090953565840e+00,-1.892571452585651848e+00,-9.947352145477553753e-01
-2.753329434813754695e+00,8.849495380777493425e-01,8.781873760372339577e-01,6.999999999999999556e-01,2.000000000000000111e-01,5.000000000000000278e-02,2.000000000000000042e-02,3.272828031043834240e+00,3.233408637045223966e+00,-1.946762442383937808e+00,6.822361312240047271e-01
2.062113708766244002e+00,1.252706415550983721e+00,5.786605842933143506e-01,6.999999999999999556e-01,2.000000000000000111e-01,5.000000000000000278e-02,2.000000000000000042e-02,-2.334960053538500002e+00,-2.268893566719008881e+00,-1.557545213081014346e+00,-7.233024603187897528e-01
1.065595969531788256e+00,1.877713529114679147e+00,7.703253746192419982e-01,6.999999999999999556e-01,2.000000000000000111e-01,5.000000000000000278e-02,2.000000000000000042e-02,-1.332408276917625312e+00,-1.311434336691262192e+00,-1.363937349181201242e+00,-5.602475111967754051e-01
2.151798375858291479e-01,1.325644928847037107e+00,9.549497741514275662e-01,6.999999999999999556e-01,2.000000000000000111e-01,5.000000000000000278e-02,2.000000000000000042e-02,-2.040640656919077978e-01,-2.046370703238933886e-01,-9.529721812084208654e-01,-7.987057693601937181e-02
-5.808387730344670707e-01,2.460059171987773574e+00,4.536823444780798686e-01,6.999999999999999556e-01,2.000000000000000111e-01,5.000000000000000278e-02,2.000000000000000042e-02,9.085093494112553847e-01,9.036738546749565337e-01,-1.597870810194391478e+00,4.000913702938782568e-01
2.159763663999418881e-01,5.770004837014969246e-01,7.155908586823410689e-01,6.999999999999999556e-01,2.000000000000000111e-01,5.000000000000000278e-02,2.000000000000000042e-02,-1.617538641750241868e-01,-1.863712239176203989e-01,-7.536070067733448008e-01,-3.489317100664029309e-02
1.204353489230680196e+00,3.680912771247649706e-01,7.222112980126549342e-02,6.999999999999999556e-01,2.000000000000000111e-01,5.000000000000000278e-02,2.000000000000000042e-02,-9.532363117308756406e-01,-9.583322569175101169e-01,-9.365388654146646896e-01,-1.241273639089646164e-01
-2.922569155829588539e-01,2.559049745575467938e+00,4.968707201736685120e-01,6.999999999999999556e-01,2.000000000000000111e-01,5.000000000000000278e-02,2.000000000000000042e-02,4.737758415004062473e-01,4.807853254251887032e-01,-1.629635099752091421e+00,2.094119959302677136e-01
2.556712800536081076e+00,5.929582075641000039e-01,6.794743061855068600e-01,6.999999999999999556e-01,2.000000000000000111e-01,5.000000000000000278e-02,2.000000000000000042e-02,-2.751183888405527522e+00,-2.686904699344810687e+00,-1.729740972692225931e+00,-4.244866750493781482e-01
4.092672363389926460e-01,9.241021580594935836e-01,7.582691396551177743e-01,6.999999999999999556e-01,2.000000000000000111e-01,5.000000000000000278e-02,2.000000000000000042e-02,-3.388446456274130658e-01,-3.206869350648114403e-01,-8.446800224053133688e-01,-1.058973261706942087e-01
-2.502860868772067704e-01,2.216010222436843868e+00,6.186115567647456626e-01,6.999999999999999556e-01,2.000000000000000111e-01,5.000000000000000278e-02,2.000000000000000042e-02,3.480554258651755717e-01,3.761857136194145523e-01,-1.396894651624888350e+00,1.552982275750097174e-01
2.448699217733646627e+00,8.631067670863035168e-02,4.747887463614920422e-01,6.999999999999999556e-01,2.000000000000000111e-01,5.000000000000000278e-02,2.000000000000000042e-02,-2.450778965451741787e+00,-2.432246596530016181e+00,-1.600462113447352230e+00,-5.917768823077574486e-02
-2.833872715482158355e+00,1.557679797888606554e+00,9.309658074705489117e-01,6.999999999999999556e-01,2.000000000000000111e-01,5.000000000000000278e-02,2.000000000000000042e-02,4.084270925689875043e+00,4.028929985036508121e+00,-2.244316474518174065e+00,1.235994558034399837e+00
2.408458296173420443e+00,9.670908863205053274e-01,1.775484882888841431e-01,6.999999999999999556e-01,2.000000000000000111e-01,5.000000000000000278e-02,2.000000000000000042e-02,-2.699811032272449562e+00,-2.717496847093848089e+00,-1.701037774197571739e+00,-6.521754591274516732e-01
-7.694213491684998019e-02,2.813148871454147937e+00,6.886442037491911083e-01,6.999999999999999556e-01,2.000000000000000111e-01,5.000000000000000278e-02,2.000000000000000042e-02,1.391289938941435433e-01,1.688397653555816225e-01,-1.808820934033758876e+00,6.060591040241059685e-02
-2.166595400694154350e+00,1.580235901457601067e+00,3.913117892376183349e-01,6.999999999999999556e-01,2.000000000000000111e-01,5.000000000000000278e-02,2.000000000000000042e-02,2.782573968842788847e+00,2.788830625851799638e+00,-1.753720715142131903e+00,9.586449141107493688e-01
1.170711277786401716e+00,1.542999404557488630e+00,1.373247029803426056e-02,6.999999999999999556e-01,2.000000000000000111e-01,5.000000000000000278e-02,2.000000000000000042e-02,-1.289944530810673395e+00,-1.254605232979567386e+00,-1.238903337135507376e+00,-5.057939052692832504e-01
-1.488285577173180441e+00,1.933420789121782946e+00,9.966213518280223616e-01,6.999999999999999556e-01,2.000000000000000111e-01,5.000000000000000278e-02,2.000000000000000042e-02,1.985500849302375581e+00,1.925117629836531119e+00,-1.555585326576417682e+00,8.056950370158867392e-01
-1.249904267204886565e-01,2.401225968366015096e+00,7.719080529235811117e-01,6.999999999999999556e-01,2.000000000000000111e-01,5.000000000000000278e-02,2.000000000000000042e-02,1.884862123823386193e-01,1.792136066166115371e-01,-1.509567452177508207e+00,8.403647236274830457e-02
2.256363411835815569e-01,8.759331322456468394e-01,8.490609632047511068e-01,6.999999999999999556e-01,2.000000000000000111e-01,5.000000000000000278e-02,2.000000000000000042e-02,-1.827568231937171939e-01,-1.980134874145282886e-01,-8.150530030726007569e-01,-5.533985718278696536e-02
2.818586318516382860e+00,7.354557642272074869e-02,1.111339787130275480e-01,6.999999999999999556e-01,2.000000000000000111e-01,5.000000000000000278e-02,2.000000000000000042e-02,-3.094747727749403765e+00,-3.078691326977317289e+00,-1.892421578492749390e+00,-5.804247553789488451e-02
1.089848415032768969e+00,1.767811582436318751e+00,8.222615778443683743e-01,6.999999999999999556e-01,2.000000000000000111e-01,5.000000000000000278e-02,2.000000000000000042e-02,-1.304451086698934503e+00,-1.324055145574881465e+00,-1.315687525901855892e+00,-5.394610623345420519e-01
-2.815504077560637697e-01,1.341068412862057579e+00,4.451411803844839143e-01,6.999999999999999556e-01,2.000000000000000111e-01,5.000000000000000278e-02,2.000000000000000042e-02,2.690913967583296595e-01,2.436467713965857762e-01,-9.636756231328308386e-01,1.057219403716250783e-01
9.039632459784359142e-01,6.348995883318737654e-01,2.819846344786580694e-01,6.999999999999999556e-01,2.000000000000000111e-01,5.000000000000000278e-02,2.000000000000000042e-02,-7.207218739965121079e-01,-7.220458606482863528e-01,-8.790060807289380440e-01,-1.606992499668788987e-01
9.297342353834050499e-01,2.157510595083638627e+00,5.560418052989068993e-01,6.999999999999999556e-01,2.000000000000000111e-01,5.000000000000000278e-02,2.000000000000000042e-02,-1.296885878575454232e+00,-1.354034519990324315e+00,-1.481340137772336529e+00,-5.616552097664708754e-01
-2.104981968487434241e+00,2.203130374022093996e+00,8.497251027684737945e-01,6.999999999999999556e-01,2.000000000000000111e-01,5.000000000000000278e-02,2.000000000000000042e-02,3.370238502856859331e+00,3.332272309097070728e+00,-2.044172045440007857e+00,1.298513919232175517e+00
-7.021064305267037398e-01,2.939139372311259102e+00,9.427160121435109730e-01,6.999999999999999556e-01,2.000000000000000111e-01,5.000000000000000278e-02,2.000000000000000042e-02,1.357904242741595935e+00,1.369281889700179500e+00,-1.983338650949873161e+00,5.778048229839072292e-01
-1.945450726297921040e+00,2.839750099749865253e+00,5.064300072387588614e-01,6.999999999999999556e-01,2.000000000000000111e-01,5.000000000000000278e-02,2.000000000000000042e-02,3.926355763905331919e+00,3.839803030607141121e+00,-2.396702067332078023e+00,1.546886290337631253e+00
-2.291255435201726698e+00,7.052201028537928851e-01,7.533533087022639130e-01,6.999999999999999556e-01,2.000000000000000111e-01,5.000000000000000278e-02,2.000000000000000042e-02,2.364849479574329116e+00,2.362802082612842192e+00,-1.557104675486894241e+00,4.524350302296365478e-01
-1.000845856265659028e+00,1.154481038495973610e+00,8.334073425379950883e-01,6.999999999999999556e-01,2.000000000000000111e-01,5.000000000000000278e-02,2.000000000000000042e-02,9.374726238782250531e-01,9.205808754424569251e-01,-1.036849569755164957e+00,3.235281177844715472e-01
-2.770579038433225172e+00,2.240020073228684794e+00,6.446201325607808785e-01,6.999999999999999556e-01,2.000000000000000111e-01,5.000000000000000278e-02,2.000000000000000042e-02,4.949035467026953405e+00,4.916757424206231519e+00,-2.553892821216278364e+00,1.737722744955974452e+00
-1.881781282863432603e+00,5.507508297253160823e-02,9.872929579307807568e-01,6.999999999999999556e-01,2.000000000000000111e-01,5.000000000000000278e-02,2.000000000000000042e-02,1.651224869707389020e+00,1.659154541302108488e+00,-1.231589776547292292e+00,2.901899288116094322e-02
-1.891200685366339229e+00,2.468483967648217980e+00,4.588325897651245322e-01,6.999999999999999556e-01,2.000000000000000111e-01,5.000000000000000278e-02,2.000000000000000042e-02,3.275389067723095238e+00,3.305511733566401933e+00,-2.089573838644597004e+00,1.307151600000996394e+00
2.564056192132122547e-01,1.967430556246389184e+00,1.018536269366133729e-01,6.999999999999999556e-01,2.000000000000000111e-01,5.000000000000000278e-02,2.000000000000000042e-02,-3.192754594153565106e-01,-3.107204649856952772e-01,-1.251771195345893206e+00,-1.412488700093379734e-01
-4.400696323451951386e-01,9.236662658081289390e-01,4.460652779496108167e-01,6.999999999999999556e-01,2.000000000000000111e-01,5.000000000000000278e-02,2.000000000000000042e-02,3.648728993617247895e-01,3.504471238113993081e-01,-8.484915040797359476e-01,1.138136927210759153e-01
-2.343011998105676952e+00,2.635321647420343361e+00,5.254339373649360434e-01,6.999999999999999556e-01,2.000000000000000111e-01,5.000000000000000278e-02,2.000000000000000042e-02,4.561315043709506689e+00,4.696833007025742468e+00,-2.495744609440791795e+00,1.728885266856575065e+00
2.968714441851162178e+00,1.398388292397285237e+00,7.586403886693883214e-01,6.999999999999999556e-01,2.000000000000000111e-01,5.000000000000000278e-02,2.000000000000000042e-02,-4.199044248669951962e+00,-4.171709915749213238e+00,-2.295758389872279981e+00,-1.162396345307513679e+00
1.510593009660051500e+00,7.127703281273432001e-01,8.310218045867142633e-01,6.999999999999999556e-01,2.000000000000000111e-01,5.000000000000000278e-02,2.000000000000000042e-02,-1.337207714613485310e+00,-1.353762223157331857e+00,-1.113409501817298253e+00,-3.014776450454343948e-01
1.111312163013224996e+00,2.435308296185740407e+00,4.458052348974050894e-02,6.999999999999999556e-01,2.000000000000000111e-01,5.000000000000000278e-02,2.000000000000000042e-02,-1.769267247204731719e+00,-1.723006080372891269e+00,-1.715553918195122707e+00,-7.577885644667033960e-01
8.746811871669946115e-01,2.747779386678713021e+00,2.374307014481245037e-01,6.999999999999999556e-01,2.000000000000000111e-01,5.000000000000000278e-02,2.000000000000000042e-02,-1.570310042104041903e+00,-1.582084720218075669e+00,-1.871800894977481367e+00,-6.729606620836771080e-01
1.376226586587252498e+00,4.374960158261589349e-01,1.558043980142302942e-01,6.999999999999999556e-01,2.000000000000000111e-01,5.000000000000000278e-02,2.000000000000000042e-02,-1.130565142182056837e+00,-1.087370187206530669e+00,-1.010896329585366793e+00,-1.685862215816680276e-01
-1.823715009646474039e+00,2.837430344472646304e+00,9.083986387022578990e-01,6.999999999999999556e-01,2.000000000000000111e-01,5.000000000000000278e-02,2.000000000000000042e-02,3.635463450976430977e+00,3.696022674129983088e+00,-2.326031999824258012e+00,1.448906006251516221e+00
1.378179449688110125e+00,5.045329366776203361e-01,1.014246858211154123e-01,6.999999999999999556e-01,2.000000000000000111e-01,5.000000000000000278e-02,2.000000000000000042e-02,-1.144724695465886288e+00,-1.146800155039632285e+00,-1.020544277118349275e+00,-1.946943390055688727e-01
-7.904448604670744061e-01,2.059601660279804403e+00,8.680614560086921117e-01,6.999999999999999556e-01,2.000000000000000111e-01,5.000000000000000278e-02,2.000000000000000042e-02,1.047429877868276904e+00,1.037941956070095539e+00,-1.387594721479647353e+00,4.558404331537348475e-01
-1.782047353357482100e+00,1.474550952017116057e+00,1.919976462522449134e-01,6.999999999999999556e-01,2.000000000000000111e-01,5.000000000000000278e-02,2.000000000000000042e-02,2.072853797826597511e+00,2.039883015099941854e+00,-1.480755986854502604e+00,7.357614940012000559e-01
-1.242099611795753678e+00,2.613898671725417344e+00,8.673012234667081266e-01,6.999999999999999556e-01,2.000000000000000111e-01,5.000000000000000278e-02,2.000000000000000042e-02,2.153410520674351680e+00,2.121271485284094371e+00,-1.887966994090180872e+00,9.090823071186014959e-01
1.973387449490782153e+00,2.973413130881958910e+00,5.078339576000387989e-01,6.999999999999999556e-01,2.000000000000000111e-01,5.000000000000000278e-02,2.000000000000000042e-02,-4.208207081493750223e+00,-4.229589424048636026e+00,-2.521904694437335337e+00,-1.642954923297393899e+00
-5.247231642536207552e-01,3.044310612283651629e-01,8.019962885428870702e-01,6.999999999999999556e-01,2.000000000000000111e-01,5.000000000000000278e-02,2.000000000000000042e-02,3.813381928231482365e-01,4.079092628158929035e-01,-7.542751178113377142e-01,4.472776832855394208e-02
2.262970089055322376e+00,1.365883966804193328e+00,9.524975947113195618e-01,6.999999999999999556e-01,2.000000000000000111e-01,5.000000000000000278e-02,2.000000000000000042e-02,-2.754580297111513421e+00,-2.743962954502700669e+00,-1.729344505102044405e+00,-8.654672773594741519e-01
2.972098361759965890e+00,2.594406515016863590e+00,9.872636726652016526e-01,6.999999999999999556e-01,2.000000000000000111e-01,5.000000000000000278e-02,2.000000000000000042e-02,-6.193855234958458134e+00,-6.201400726080662729e+00,-2.967337623919113820e+00,-2.159032778845880518e+00
2.643427847898355054e+00,1.215305160282606600e+00,8.180964537035451123e-02,6.999999999999999556e-01,2.000000000000000111e-01,5.000000000000000278e-02,2.000000000000000042e-02,-3.320570619693447689e+00,-3.291904320499481340e+00,-1.954931946622013861e+00,-8.995200212279724772e-01
-1.112574175782850006e-01,5.156876549425185585e-01,8.826451095971872274e-01,6.999999999999999556e-01,2.000000000000000111e-01,5.000000000000000278e-02,2.000000000000000042e-02,8.209124513950841195e-02,7.637120762403455665e-02,-7.390874579893441654e-01,1.606474149445377003e-02
3.971507146008144140e-01,1.450546914886273964e+00,7.450319073095700295e-01,6.999999999999999556e-01,2.000000000000000111e-01,5.000000000000000278e-02,2.000000000000000042e-02,-3.981271190949546290e-01,-4.221716720032291370e-01,-1.018231392836242755e+00,-1.613040082665453123e-01
6.279548071524976294e-01,1.317592957689810440e-01,3.546223244784550976e-01,6.999999999999999556e-01,2.000000000000000111e-01,5.000000000000000278e-02,2.000000000000000042e-02,-4.534755756757393175e-01,-4.819823430571476552e-01,-7.615795576569048819e-01,-2.316688728624462582e-02
-2.448732624662097734e+00,5.323023290267804297e-01,2.080823665869346861e-01,6.999999999999999556e-01,2.000000000000000111e-01,5.000000000000000278e-02,2.000000000000000042e-02,2.545415888557617468e+00,2.617031809394033459e+00,-1.639112127790905982e+00,3.649705021960187312e-01
1.551996965297500530e+00,2.558921152313963887e+00,6.500158282446989455e-01,6.999999999999999556e-01,2.000000000000000111e-01,5.000000000000000278e-02,2.000000000000000042e-02,-2.696075698975735069e+00,-2.709576139629102709e+00,-1.978035031970273083e+00,-1.112002601591519202e+00
1.825507108603909856e+00,2.505057708875073619e+00,6.971025189755757356e-01,6.999999999999999556e-01,2.000000000000000111e-01,5.000000000000000278e-02,2.000000000000000042e-02,-3.185816202060521629e+00,-3.084777220179617085e+00,-2.078415408005731990e+00,-1.280440183404051746e+00
-1.787155147781048781e+00,2.416998674496647403e+00,1.363469557848381308e-01,6.999999999999999556e-01,2.000000000000000111e-01,5.000000000000000278e-02,2.000000000000000042e-02,2.998059523379554836e+00,3.110501254302278085e+00,-1.996952091288642706e+00,1.209474454525863107e+00
-9.543909176695013485e-01,1.796284069814406692e-01,7.289010534213922199e-01,6.999999999999999556e-01,2.000000000000000111e-01,5.000000000000000278e-02,2.000000000000000042e-02,7.158508260477050023e-01,7.218140555673574488e-01,-8.411465946027615326e-01,4.800200164998778135e-02
8.135318020215240864e-01,1.956834796978377700e+00,5.525497426936147871e-01,6.999999999999999556e-01,2.000000000000000111e-01,5.000000000000000278e-02,2.000000000000000042e-02,-1.032518324069499061e+00,-1.016476339268800100e+00,-1.335363438108215339e+00,-4.457452548203879594e-01
2.736031539629346199e+00,1.360681783080330387e+00,6.820937867255865150e-01,6.999999999999999556e-01,2.000000000000000111e-01,5.000000000000000278e-02,2.000000000000000042e-02,-3.648490171116166803e+00,-3.672249724130154824e+00,-2.082083975949912791e+00,-1.042403116693926490e+00
-8.396214736363458719e-01,2.001546954532139821e+00,8.309405208755498151e-01,6.999999999999999556e-01,2.000000000000000111e-01,5.000000000000000278e-02,2.000000000000000042e-02,1.088245852396928059e+00,1.086067954257678103e+00,-1.366611262416254302e+00,4.705517049846522637e-01
2.280273938974775483e+00,1.021043124845923966e+00,4.618919490397248584e-01,6.999999999999999556e-01,2.000000000000000111e-01,5.000000000000000278e-02,2.000000000000000042e-02,-2.521838248955071915e+00,-2.516420750341572088e+00,-1.625901454306448723e+00,-6.519122478835479573e-01
-2.580165021036275874e+00,8.871478505352373700e-01,9.248677039234866060e-01,6.999999999999999556e-01,2.000000000000000111e-01,5.000000000000000278e-02,2.000000000000000042e-02,2.949249783615155884e+00,2.950488077045704927e+00,-1.808772113586169628e+00,6.409165986827904948e-01
2.996397407761715037e-01,2.782527349042040576e+00,5.728001889760916399e-01,6.999999999999999556e-01,2.000000000000000111e-01,5.000000000000000278e-02,2.000000000000000042e-02,-5.358857148149247518e-01,-5.059134587440817787e-01,-1.797411778881231159e+00,-2.334516165994781067e-01
-1.195152140474000646e+00,2.070299512889036020e+00,2.699763919229219988e-01,6.999999999999999556e-01,2.000000000000000111e-01,5.000000000000000278e-02,2.000000000000000042e-02,1.639126112868986906e+00,1.636967268682351317e+00,-1.514317906061539043e+00,6.928104103904513256e-01
2.181799909277409633e+00,1.895714312920981914e+00,3.700755448592140118e-01,6.999999999999999556e-01,2.000000000000000111e-01,5.000000000000000278e-02,2.000000000000000042e-02,-3.144268491692773448e+00,-3.087157992218812819e+00,-1.917160212488322912e+00,-1.158099408465127933e+00
-1.868051987250968882e+00,1.533129863380836344e+00,2.958856521470680789e-01,6.999999999999999556e-01,2.000000000000000111e-01,5.000000000000000278e-02,2.000000000000000042e-02,2.248292318406495127e+00,2.254933555894819808e+00,-1.552510938979463795e+00,8.019105606406656817e-01
-2.424774919729908440e+00,8.880467564846131756e-01,9.421723368206733618e-01,6.999999999999999556e-01,2.000000000000000111e-01,5.000000000000000278e-02,2.000000000000000042e-02,2.677883731632713094e+00,2.712250564868999181e+00,-1.692337797541075606e+00,6.029277807479873630e-01
-7.065779282309776477e-01,1.319667408600055047e+00,6.558245626772067904e-01,6.999999999999999556e-01,2.000000000000000111e-01,5.000000000000000278e-02,2.000000000000000042e-02,6.845155327767344922e-01,7.210778867036834461e-01,-1.018700945004442859e+00,2.610854017863195597e-01
1.548126640043087754e+00,2.672863528188927695e+00,5.402993958732136281e-01,6.999999999999999556e-01,2.000000000000000111e-01,5.000000000000000278e-02,2.000000000000000042e-02,-2.817625668108687531e+00,-2.901541224560415522e+00,-2.059692335686823750e+00,-1.158620745292874510e+00
1.416111835233193617e+00,2.550112249222706406e+00,9.156628832929066819e-01,6.999999999999999556e-01,2.000000000000000111e-01,5.000000000000000278e-02,2.000000000000000042e-02,-2.422540794829431299e+00,-2.365677335345910404e+00,-1.911236057192125193e+00,-1.011148358443275663e+00
-9.376761416782897207e-01,2.990537028373601025e-01,6.051085554568301772e-01,6.999999999999999556e-01,2.000000000000000111e-01,5.000000000000000278e-02,2.000000000000000042e-02,7.093355578460134314e-01,6.976981800297979985e-01,-8.444061184062057190e-01,7.851634622471964642e-02
1.376043154800623114e+00,2.359955592874494634e+00,5.091013865416559314e-01,6.999999999999999556e-01,2.000000000000000111e-01,5.000000000000000278e-02,2.000000000000000042e-02,-2.166427748936341047e+00,-2.156670272830718549e+00,-1.763738870628593025e+00,-9.092722069783504280e-01
-2.099119119320608462e+00,2.009071003437015612e+00,4.465696367743824391e-01,6.999999999999999556e-01,2.000000000000000111e-01,5.000000000000000278e-02,2.000000000000000042e-02,3.118044838627624049e+00,3.098957716276602881e+00,-1.926036443123797515e+00,1.180838219508438147e+00
-2.978289724603433442e-01,1.962270250302757368e+00,8.676114316183182185e-01,6.999999999999999556e-01,2.000000000000000111e-01,5.000000000000000278e-02,2.000000000000000042e-02,3.703520367251595946e-01,3.616196069497238930e-01,-1.252375949456772108e+00,1.636378610544078627e-01
2.261630600435807992e+00,9.612432341002276059e-01,5.173825954041202380e-01,6.999999999999999556e-01,2.000000000000000111e-01,5.000000000000000278e-02,2.000000000000000042e-02,-2.454111300786945726e+00,-2.518088244256569297e+00,-1.596604343638630130e+00,-6.087135915568274713e-01
-2.014528965601410704e+00,2.819432733622659448e+00,3.688208689862609857e-01,6.999999999999999556e-01,2.000000000000000111e-01,5.000000000000000278e-02,2.000000000000000042e-02,4.060896512300330663e+00,3.850307260854825220e+00,-2.421637174506275247e+00,1.590352094365331759e+00
-1.539239502717816510e+00,1.695923435717797023e+00,2.016035088961510846e-01,6.999999999999999556e-01,2.000000000000000111e-01,5.000000000000000278e-02,2.000000000000000042e-02,1.879603521151212542e+00,1.959778593217908149e+00,-1.458050618983408597e+00,7.309210568356907523e-01
-8.322629491428328308e-01,2.531830706983833501e+00,2.938741609656893017e-01,6.999999999999999556e-01,2.000000000000000111e-01,5.000000000000000278e-02,2.000000000000000042e-02,1.358300091658191100e+00,1.382320271385728327e+00,-1.701322584513064839e+00,5.900016894589296124e-01
-1.713180349668383951e+00,2.488146319001534046e-01,7.776738660193199815e-01,6.999999999999999556e-01,2.000000000000000111e-01,5.000000000000000278e-02,2.000000000000000042e-02,1.465482852459189633e+00,1.459476169844962978e+00,-1.148915257520148225e+00,1.193540146627681958e-01
1.942173187214040198e-01,1.514137117195534232e+00,2.076029018626003309e-01,6.999999999999999556e-01,2.000000000000000111e-01,5.000000000000000278e-02,2.000000000000000042e-02,-1.986554928126861019e-01,-2.346636968516898070e-01,-1.026623624387388078e+00,-8.234006230191641407e-02
-4.711160424993314777e-01,7.212226424780043832e-01,8.517246664561386460e-01,6.999999999999999556e-01,2.000000000000000111e-01,5.000000000000000278e-02,2.000000000000000042e-02,3.693173871015212328e-01,3.831761326339033213e-01,-8.061152428282485349e-01,9.513827598384133610e-02
5.779629063906250863e-01,1.234815864144577890e+00,8.086993158637768575e-01,6.999999999999999556e-01,2.000000000000000111e-01,5.000000000000000278e-02,2.000000000000000042e-02,-5.376036911115236183e-01,-5.058876747180292011e-01,-9.635739987425616659e-01,-1.998297743955103900e-01
-2.876322616434126456e+00,9.949544348644963065e-01,2.410183906017621114e-01,6.999999999999999556e-01,2.000000000000000111e-01,5.000000000000000278e-02,2.000000000000000042e-02,3.601881886759514817e+00,3.634982433150954151e+00,-2.079575574915482949e+00,8.013067841302119465e-01
1.890537323821638971e+00,1.672077526711570616e+00,1.145692380176942526e-01,6.999999999999999556e-01,2.000000000000000111e-01,5.000000000000000278e-02,2.000000000000000042e-02,-2.401218008304550899e+00,-2.480877202769067758e+00,-1.627537761661146387e+00,-8.851149923200472003e-01
-6.146970621888296904e-01,3.978479285750962102e-01,8.454519440131870178e-01,6.999999999999999556e-01,2.000000000000000111e-01,5.000000000000000278e-02,2.000000000000000042e-02,4.555226350477380448e-01,4.458428659017020235e-01,-7.788374881375459413e-01,6.847566681004642331e-02
-2.586972891974473221e+00,1.339060404919648839e+00,5.832250935496866573e-01,6.999999999999999556e-01,2.000000000000000111e-01,5.000000000000000278e-02,2.000000000000000042e-02,3.325949523419688525e+00,3.345356030892212562e+00,-1.954895899094915901e+00,9.699516311081779474e-01
7.251053354168934817e-01,9.680669018310593676e-01,8.457847305257000237e-01,6.999999999999999556e-01,2.000000000000000111e-01,5.000000000000000278e-02,2.000000000000000042e-02,-6.217708503835461809e-01,-6.225955000963599995e-01,-9.100681558164168683e-01,-1.965461331562968483e-01
-1.943963941519505578e+00,2.049983053199282423e+00,9.415617898377975914e-01,6.999999999999999556e-01,2.000000000000000111e-01,5.000000000000000278e-02,2.000000000000000042e-02,2.871798613390190713e+00,2.936551761014478679e+00,-1.855189643465803062e+00,1.115826078120730758e+00
-1.703984864069918892e+00,7.444169985011089841e-01,1.813776349272451238e-01,6.999999999999999556e-01,2.000000000000000111e-01,5.000000000000000278e-02,2.000000000000000042e-02,1.572369336129815220e+00,1.543215333021895619e+00,-1.213116596018943172e+00,3.551730834406297554e-01
1.542481192096596843e+00,1.031402731786522642e+00,6.518881557000268945e-01,6.999999999999999556e-01,2.000000000000000111e-01,5.000000000000000278e-02,2.000000000000000042e-02,-1.492957110509627983e+00,-1.511006700582367079e+00,-1.205818057514898900e+00,-4.454574082721733386e-01
-2.563397682882598172e+00,7.782473935044911251e-01,2.539768303851035469e-01,6.999999999999999556e-01,2.000000000000000111e-01,5.000000000000000278e-02,2.000000000000000042e-02,2.853943544691224687e+00,2.715131449732548941e+00,-1.770444812860695993e+00,5.585881182612735252e-01
2.685654691520912962e+00,2.818068955407431631e+00,4.960264245102374847e-01,6.999999999999999556e-01,2.000000000000000111e-01,5.000000000000000278e-02,2.000000000000000042e-02,-5.834447379876286810e+00,-5.700456545581554124e+00,-2.893722937553602215e+00,-2.119140831113433876e+00
-1.521474543659502077e+00,2.874315092373566083e-01,1.208799988662029312e-01,6.999999999999999556e-01,2.000000000000000111e-01,5.000000000000000278e-02,2.000000000000000042e-02,1.258732019882701447e+00,1.275328729633677494e+00,-1.058799080200928611e+00,1.224495228180753487e-01
6.415209448083802890e-01,5.633388608505400796e-01,7.989610787843455242e-01,6.999999999999999556e-01,2.000000000000000111e-01,5.000000000000000278e-02,2.000000000000000042e-02,-4.907677248891792465e-01,-4.988594408966938176e-01,-8.061614624943892471e-01,-1.011902299128322191e-01
-2.279795923362160082e+00,2.628796057545127240e+00,3.895958122092503251e-01,6.999999999999999556e-01,2.000000000000000111e-01,5.000000000000000278e-02,2.000000000000000042e-02,4.393971722732370466e+00,4.239688616181819469e+00,-2.447100037529881256e+00,1.678073189895731732e+00
2.998590797330120239e+00,1.123678556432852860e+00,1.458572552998403937e-01,6.999999999999999556e-01,2.000000000000000111e-01,5.000000000000000278e-02,2.000000000000000042e-02,-3.977177390403536794e+00,-3.906730563364229969e+00,-2.225503505221115841e+00,-9.434466099734889477e-01
2.722864279083282213e+00,2.250049652771006325e+00,1.199087577861301934e-01,6.999999999999999556e-01,2.000000000000000111e-01,5.000000000000000278e-02,2.000000000000000042e-02,-4.845284639486028055e+00,-4.979171061446532320e+00,-2.520879763937047713e+00,-1.715442351194296000e+00
9.381104220582567876e-01,2.378244300094571884e-01,4.169419487852099593e-01,6.999999999999999556e-01,2.000000000000000111e-01,5.000000000000000278e-02,2.000000000000000042e-02,-7.053849478001141815e-01,-7.302747541491290129e-01,-8.399261389274532696e-01,-6.246956139534214081e-02
-1.393204663203890803e+00,4.238333926161798049e-01,3.060930655441292947e-01,6.999999999999999556e-01,2.000000000000000111e-01,5.000000000000000278e-02,2.000000000000000042e-02,1.145492631579698051e+00,1.102068861279145384e+00,-1.016301749293475609e+00,1.653362645240283868e-01
-8.218379202321544064e-01,1.809341253445734710e+00,7.039623196844007058e-01,6.999999999999999556e-01,2.000000000000000111e-01,5.000000000000000278e-02,2.000000000000000042e-02,9.797056591376583912e-01,9.517837938767933492e-01,-1.259632843068608343e+00,4.163558707621829447e-01
4.895691788442251280e-01,4.956552940381492300e-01,1.736811471988457534e-01,6.999999999999999556e-01,2.000000000000000111e-01,5.000000000000000278e-02,2.000000000000000042e-02,-3.654038030737793430e-01,-3.838583036194225806e-01,-7.703460810022575433e-01,-6.794411548177389792e-02
-1.326853518594332648e+00,7.257220986142222108e-01,3.066000027039612608e-01,6.999999999999999556e-01,2.000000000000000111e-01,5.000000000000000278e-02,2.000000000000000042e-02,1.143430843267709385e+00,1.118993141234264632e+00,-1.037815197989308436e+00,2.696195376190242965e-01
5.249681886083283899e-01,1.094476886193601839e+00,9.265229419180797121e-01,6.999999999999999556e-01,2.000000000000000111e-01,5.000000000000000278e-02,2.000000000000000042e-02,-4.627503928819404755e-01,-4.405893150198498809e-01,-9.090418914752923518e-01,-1.608783535572468337e-01
2.441962704357235836e+00,1.870322262279613401e+00,3.474077396050541111e-01,6.999999999999999556e-01,2.000000000000000111e-01,5.000000000000000278e-02,2.000000000000000042e-02,-3.633381273973788073e+00,-3.580769708325748812e+00,-2.084212028489778490e+00,-1.278832018692442896e+00
-2.115802551636257078e+00,4.961939807636159827e-01,1.274043127783409668e-01,6.999999999999999556e-01,2.000000000000000111e-01,5.000000000000000278e-02,2.000000000000000042e-02,2.027574023610326126e+00,2.031157202002240147e+00,-1.405962250943020742e+00,2.939575773697388761e-01
-1.362547112750622569e+00,1.954824498240772535e-01,1.898470754805383631e-01,6.999999999999999556e-01,2.000000000000000111e-01,5.000000000000000278e-02,2.000000000000000042e-02,1.087553230065420928e+00,1.075441820609041255e+00,-9.838300695162498499e-01,7.457913332834016640e-02
2.775529992863330797e+00,1.173351219349741514e+00,9.022975142330845744e-01,6.999999999999999556e-01,2.000000000000000111e-01,5.000000000000000278e-02,2.000000000000000042e-02,-3.546915748944888591e+00,-3.549370419930673481e+00,-2.048280442945522140e+00,-9.118680204110310994e-01
2.165647360613021988e+00,2.023300852152613238e+00,1.609278188940875820e-01,6.999999999999999556e-01,2.000000000000000111e-01,5.000000000000000278e-02,2.000000000000000042e-02,-3.264986076879662136e+00,-3.350601541128379601e+00,-1.976628760944531216e+00,-1.226891722053307543e+00
-2.794203689401138391e+00,2.422467217326666589e+00,2.090435222381937796e-01,6.999999999999999556e-01,2.000000000000000111e-01,5.000000000000000278e-02,2.000000000000000042e-02,5.342370343659301746e+00,5.385750641382486492e+00,-2.692704777342576516e+00,1.895282714110094302e+00
-2.401973058243185299e+00,1.701434074625971293e+00,5.801956674440916784e-01,6.999999999999999556e-01,2.000000000000000111e-01,5.000000000000000278e-02,2.000000000000000042e-02,3.347765889583162568e+00,3.285729681538893221e+00,-1.970704093320684969e+00,1.144303666135982223e+00
8.778876037693210677e-01,9.674164648105529896e-01,3.658399583801237309e-01,6.999999999999999556e-01,2.000000000000000111e-01,5.000000000000000278e-02,2.000000000000000042e-02,-7.633755747362519495e-01,-7.734262786870477191e-01,-9.466282430218927457e-01,-2.377992181990667142e-01
2.012931351256845858e+00,2.776920125647017734e+00,4.545842747656392291e-02,6.999999999999999556e-01,2.000000000000000111e-01,5.000000000000000278e-02,2.000000000000000042e-02,-3.989981365881316133e+00,-3.962474588309476076e+00,-2.387363847522189886e+00,-1.565129882638274683e+00
2.872495061897790691e+00,9.390891319343807053e-01,4.156099580459902132e-01,6.999999999999999556e-01,2.000000000000000111e-01,5.000000000000000278e-02,2.000000000000000042e-02,-3.550477919875495658e+00,-3.612225073242861129e+00,-2.061148557774496570e+00,-7.553080903657495293e-01
-2.219296828659985010e+00,2.302896003238141365e+00,2.143364863502128514e-01,6.999999999999999556e-01,2.000000000000000111e-01,5.000000000000000278e-02,2.000000000000000042e-02,3.747793401836421179e+00,3.643993994654763924e+00,-2.181257962297268538e+00,1.431026743081645014e+00
-1.482373740716873556e-01,2.284302419271525775e+00,4.091983561725779373e-01,6.999999999999999556e-01,2.000000000000000111e-01,5.000000000000000278e-02,2.000000000000000042e-02,2.122201782570041773e-01,2.327631152292383154e-01,-1.433821403837314934e+00,9.481331782115579032e-02
8.029907994494589474e-02,1.982347539080280496e+00,5.729126251724547814e-01,6.999999999999999556e-01,2.000000000000000111e-01,5.000000000000000278e-02,2.000000000000000042e-02,-1.004124452270296619e-01,-1.348759603601517587e-01,-1.251125438533670753e+00,-4.457059138539676973e-02
2.118899420504188669e+00,1.589203457274614095e+00,4.931952385118814064e-01,6.999999999999999556e-01,2.000000000000000111e-01,5.000000000000000278e-02,2.000000000000000042e-02,-2.708093742658788106e+00,-2.777325986811086000e+00,-1.727039681137850113e+00,-9.428614397110811618e-01
-8.026039973164600383e-02,6.271662755471572037e-01,1.240933395873909939e-01,6.999999999999999556e-01,2.000000000000000111e-01,5.000000000000000278e-02,2.000000000000000042e-02,6.062785052540910213e-02,3.724644954710824851e-02,-7.560335149704795477e-01,1.409425247261429301e-02
-2.766523239867154871e+00,1.702491816376264344e+00,6.724856375807971576e-01,6.999999999999999556e-01,2.000000000000000111e-01,5.000000000000000278e-02,2.000000000000000042e-02,4.117885507051593841e+00,4.058297052633509594e+00,-2.253834599384700432e+00,1.318795289192802311e+00
-2.547060994288094182e+00,2.744822513223155180e-02,2.092431128153786624e-01,6.999999999999999556e-01,2.000000000000000111e-01,5.000000000000000278e-02,2.000000000000000042e-02,2.609416771588028983e+00,2.602188104103705601e+00,-1.673233433002385695e+00,1.957544500708863905e-02
2.768219426382501069e-03,2.850885247391925503e+00,8.083863218860146693e-01,6.999999999999999556e-01,2.000000000000000111e-01,5.000000000000000278e-02,2.000000000000000042e-02,-5.087591229640323932e-03,-6.956481631563170287e-02,-1.837857686587387684e+00,-2.209725258780930769e-03
-2.190458115682174522e+00,1.574513728145520375e+00,5.001606660125235138e-01,6.999999999999999556e-01,2.000000000000000111e-01,5.000000000000000278e-02,2.000000000000000042e-02,2.819072335846618316e+00,2.790815086521563959e+00,-1.766789100700304260e+00,9.656937847394185814e-01
7.503709983127038186e-02,1.436455164351040370e+00,3.933373157166542011e-02,6.999999999999999556e-01,2.000000000000000111e-01,5.000000000000000278e-02,2.000000000000000042e-02,-7.422354833058318613e-02,-4.603221053485385267e-02,-9.897210664393714108e-01,-3.018048027975481565e-02
5.306634256648057324e-01,2.848557265627673640e+00,9.935767841964151526e-01,6.999999999999999556e-01,2.000000000000000111e-01,5.000000000000000278e-02,2.000000000000000042e-02,-9.817693516662869824e-01,-9.578466892813515265e-01,-1.878239540079174930e+00,-4.232550438984988839e-01
4.271494428509203800e-02,2.565591145921372718e+00,2.451021953134954190e-01,6.999999999999999556e-01,2.000000000000000111e-01,5.000000000000000278e-02,2.000000000000000042e-02,-6.926686710553765780e-02,-5.155545762295781625e-02,-1.621789794894011427e+00,-3.068494319977992449e-02
4.716640107986855845e-01,8.852157914850340426e-01,6.045197262850576791e-03,6.999999999999999556e-01,2.000000000000000111e-01,5.000000000000000278e-02,2.000000000000000042e-02,-3.871551807029148806e-01,-3.888074003520257116e-01,-8.430750205116317453e-01,-1.169068405775659375e-01
-2.905883657253472308e+00,2.803579807870899110e+00,8.478041765414292552e-01,6.999999999999999556e-01,2.000000000000000111e-01,5.000000000000000278e-02,2.000000000000000042e-02,6.458664542190118318e+00,6.486939400834975444e+00,-3.067032337898122130e+00,2.281125488739404794e+00
1.173148413820420899e+00,2.738018859412731043e+00,4.274504093885741485e-01,6.999999999999999556e-01,2.000000000000000111e-01,5.000000000000000278e-02,2.000000000000000042e-02,-2.133204364776856377e+00,-2.156990420869320690e+00,-1.955986198557376543e+00,-8.993886949405239806e-01
-2.777879544042101578e+00,5.057018162450253040e-01,3.713406640646795820e-01,6.999999999999999556e-01,2.000000000000000111e-01,5.000000000000000278e-02,2.000000000000000042e-02,3.115762877327557412e+00,3.011102039413704912e+00,-1.893295019954625680e+00,3.933380446049581369e-01
1.169882212297013169e-02,1.290686977881920328e+00,7.599170739097279581e-01,6.999999999999999556e-01,2.000000000000000111e-01,5.000000000000000278e-02,2.000000000000000042e-02,-1.091768060451398306e-02,-3.720051761034545539e-03,-9.332427318482147127e-01,-4.227864863788850791e-03
-2.091733446096663229e+00,1.158461885015599435e+00,9.994460000416639511e-01,6.999999999999999556e-01,2.000000000000000111e-01,5.000000000000000278e-02,2.000000000000000042e-02,2.314821403078580975e+00,2.364949804432324942e+00,-1.544187072892658774e+00,6.784941718562885749e-01
-5.784611777859547388e-01,1.673262473673048145e+00,1.404569536875800440e-01,6.999999999999999556e-01,2.000000000000000111e-01,5.000000000000000278e-02,2.000000000000000042e-02,6.413421577491229542e-01,6.473491061316041240e-01,-1.142165622943169812e+00,2.710168667544664012e-01
1.849722104182178306e+00,1.956655084427682878e+00,7.952891016149525871e-01,6.999999999999999556e-01,2.000000000000000111e-01,5.000000000000000278e-02,2.000000000000000042e-02,-2.602676402175007730e+00,-2.604148092145424975e+00,-1.749210656123360241e+00,-1.013395084779372679e+00
2.044209303485009954e+00,1.214141320565476523e+00,9.823536339775648107e-01,6.999999999999999556e-01,2.000000000000000111e-01,5.000000000000000278e-02,2.000000000000000042e-02,-2.279945607607213987e+00,-2.240189946721549141e+00,-1.533198231950827495e+00,-6.949485153087463507e-01
2.309944353287528784e+00,1.990359596280377286e+00,9.350888316689509594e-01,6.999999999999999556e-01,2.000000000000000111e-01,5.000000000000000278e-02,2.000000000000000042e-02,-3.514364425141875081e+00,-3.491880487999108329e+00,-2.054990822443495180e+00,-1.287333574923060553e+00
1.162864278946257102e+00,1.865684331654383854e+00,3.057560374901210354e-01,6.999999999999999556e-01,2.000000000000000111e-01,5.000000000000000278e-02,2.000000000000000042e-02,-1.459303490024045358e+00,-1.426337752207860188e+00,-1.390146923240672683e+00,-6.074705462197692585e-01
2.050061881617137871e-01,1.500203531027552106e+00,5.034813443035890401e-02,6.999999999999999556e-01,2.000000000000000111e-01,5.000000000000000278e-02,2.000000000000000042e-02,-2.085296019833263459e-01,-2.170617662419284666e-01,-1.021389619408744176e+00,-8.611428206155649634e-02
1.814017779908045469e+00,8.183542637356633342e-02,5.068737732316697109e-01,6.999999999999999556e-01,2.000000000000000111e-01,5.000000000000000278e-02,2.000000000000000042e-02,-1.569979075384966505e+00,-1.626765442029884046e+00,-1.194536661054741211e+00,-4.156625717104142637e-02
-2.581498938411567856e+00,7.901784295593998753e-01,6.197499513381437009e-01,6.999999999999999556e-01,2.000000000000000111e-01,5.000000000000000278e-02,2.000000000000000042e-02,2.892880144568712009e+00,2.921348609666020391e+00,-1.787033988428742282e+00,5.711565375777268860e-01
-2.810029441012620754e+00,1.134263342000023433e+00,2.360937431512588613e-01,6.999999999999999556e-01,2.000000000000000111e-01,5.000000000000000278e-02,2.000000000000000042e-02,3.582592911922326984e+00,3.646640262644865516e+00,-2.064557284964363859e+00,8.924477477668011360e-01
2.294219355751769385e+00,2.144060423258108194e+00,5.961132572318631473e-01,6.999999999999999556e-01,2.000000000000000111e-01,5.000000000000000278e-02,2.000000000000000042e-02,-3.686240245309257979e+00,-3.744052174243022169e+00,-2.133095681647352748e+00,-1.377304578423222958e+00
1.334005177703454947e+00,1.085488397056902032e+00,3.178203498009013472e-02,6.999999999999999556e-01,2.000000000000000111e-01,5.000000000000000278e-02,2.000000000000000042e-02,-1.272558763645968538e+00,-1.266510064847301109e+00,-1.131895380541266816e+00,-4.054531997630606566e-01
-4.239569382137773346e-01,7.618108834539770724e-01,8.583869098684715482e-01,6.999999999999999556e-01,2.000000000000000111e-01,5.000000000000000278e-02,2.000000000000000042e-02,3.350263696868146512e-01,3.495924865156612160e-01,-8.082107379197901453e-01,9.043300270118263817e-02
-1.469099877145958466e+00,1.241779951411572380e-01,3.547858673780016625e-01,6.999999999999999556e-01,2.000000000000000111e-01,5.000000000000000278e-02,2.000000000000000042e-02,1.190076009998394468e+00,1.124560775612874153e+00,-1.025896991781359402e+00,5.108036567370954212e-02
2.831236824550179776e+00,2.126566717433573839e+00,4.993916027183331607e-02,6.999999999999999556e-01,2.000000000000000111e-01,5.000000000000000278e-02,2.000000000000000042e-02,-4.909124390346969236e+00,-4.666280544297032762e+00,-2.535505334020816459e+00,-1.685827920073004416e+00
-1.713473666666544659e+00,1.109269804822192729e+00,2.696691279275920117e-01,6.999999999999999556e-01,2.000000000000000111e-01,5.000000000000000278e-02,2.000000000000000042e-02,1.746144006949519989e+00,1.773561903845297660e+00,-1.312665930938591075e+00,5.321972879415260982e-01
-1.481130690255654914e+00,1.576310807730791463e+00,8.913287202127754272e-01,6.999999999999999556e-01,2.000000000000000111e-01,5.000000000000000278e-02,2.000000000000000042e-02,1.714487589142109192e+00,1.707577515707104920e+00,-1.376928025002224887e+00,6.537222481192916934e-01
2.662951250747399357e+00,2.635519862728902041e+00,1.919961890291441708e-01,6.999999999999999556e-01,2.000000000000000111e-01,5.000000000000000278e-02,2.000000000000000042e-02,-5.397803678515576742e+00,-5.524208089686606371e+00,-2.736131497135970925e+00,-1.965113056150592286e+00
1.558459532698567074e+00,1.972872514738373440e+00,2.565658672480770619e-01,6.999999999999999556e-01,2.000000000000000111e-01,5.000000000000000278e-02,2.000000000000000042e-02,-2.129403426794079124e+00,-2.197376206835125689e+00,-1.609231051576271332e+00,-8.608997536700433439e-01
2.101808584385763012e+00,7.353644407617266898e-01,3.385619589049527756e-01,6.999999999999999556e-01,2.000000000000000111e-01,5.000000000000000278e-02,2.000000000000000042e-02,-2.094634032982418237e+00,-1.953268166633737923e+00,-1.438346419312805935e+00,-4.327666823886092140e-01
2.632479193797486516e+00,8.382122075531093230e-01,4.348553302193062242e-01,6.999999999999999556e-01,2.000000000000000111e-01,5.000000000000000278e-02,2.000000000000000042e-02,-3.013823536169520256e+00,-3.033774707685267025e+00,-1.837855964551247778e+00,-6.178413349837736934e-01
2.745912449481865636e+00,1.868862203168573322e+00,1.869267556271758668e-01,6.999999999999999556e-01,2.000000000000000111e-01,5.000000000000000278e-02,2.000000000000000042e-02,-4.300022531600608211e+00,-4.239315505047469124e+00,-2.319975707853418001e+00,-1.436884957213073744e+00
-6.441156390658058228e-01,2.488146708340917002e+00,2.269382389421755741e-01,6.999999999999999556e-01,2.000000000000000111e-01,5.000000000000000278e-02,2.000000000000000042e-02,1.022512072402414152e+00,1.008835725009554984e+00,-1.628955109385256339e+00,4.487431779970973977e-01
-1.521600518370779254e+00,5.428882857433741105e-01,7.942158901787141900e-01,6.999999999999999556e-01,2.000000000000000111e-01,5.000000000000000278e-02,2.000000000000000042e-02,1.304050115762758644e+00,1.295457001964849031e+00,-1.088552097337566860e+00,2.312965471612716817e-01
3.720512061554814842e-01,1.251590014139637219e+00,6.002964349600683480e-01,6.999999999999999556e-01,2.000000000000000111e-01,5.000000000000000278e-02,2.000000000000000042e-02,-3.446042311399332148e-01,-3.313389188736087232e-01,-9.400701738894302606e-01,-1.303835608243862632e-01
-7.033591206440403809e-01,6.196360268850532593e-01,2.138541026820083291e-01,6.999999999999999556e-01,2.000000000000000111e-01,5.000000000000000278e-02,2.000000000000000042e-02,5.475570117210794008e-01,5.284678143477316015e-01,-8.279599407029187841e-01,1.220314622769866353e-01
-9.807743012385889969e-01,3.567166952688384240e-01,9.797998987628537826e-01,6.999999999999999556e-01,2.000000000000000111e-01,5.000000000000000278e-02,2.000000000000000042e-02,7.511852997429204759e-01,7.495712560888675435e-01,-8.621022865911993627e-01,9.796039891188142168e-02
4.710599039834288959e-01,2.079496179951810575e+00,3.412853308870852365e-01,6.999999999999999556e-01,2.000000000000000111e-01,5.000000000000000278e-02,2.000000000000000042e-02,-6.201491776527466859e-01,-6.242843866326817093e-01,-1.338687225711915785e+00,-2.742788358413619232e-01
2.364980294117614790e+00,1.210385467488710232e+00,5.471120070228240317e-01,6.999999999999999556e-01,2.000000000000000111e-01,5.000000000000000278e-02,2.000000000000000042e-02,-2.801936907235016871e+00,-2.774765873142855277e+00,-1.744074385921797088e+00,-8.015105780911981892e-01
2.828422564060506517e-01,1.233594904036354745e+00,6.381513984056889077e-01,6.999999999999999556e-01,2.000000000000000111e-01,5.000000000000000278e-02,2.000000000000000042e-02,-2.593793262997080573e-01,-2.420090801158186200e-01,-9.250458555183548315e-01,-9.769557452162146161e-02
-9.657134518363417186e-01,2.528312673248272358e+00,9.797535508858582487e-01,6.999999999999999556e-01,2.000000000000000111e-01,5.000000000000000278e-02,2.000000000000000042e-02,1.585277752043244615e+00,1.579476790245279982e+00,-1.734821466977745086e+00,6.836551565211641535e-01
-1.864891389927705978e+00,4.212550536372938748e-02,6.943890061301792871e-01,6.999999999999999556e-01,2.000000000000000111e-01,5.000000000000000278e-02,2.000000000000000042e-02,1.630175102122692676e+00,1.676361098683494699e+00,-1.221921422582274541e+00,2.199665782976824996e-02
1.996653777930946561e+00,6.858293027225984551e-01,8.555647141426097058e-01,6.999999999999999556e-01,2.000000000000000111e-01,5.000000000000000278e-02,2.000000000000000042e-02,-1.927134230769688594e+00,-1.945828295483744474e+00,-1.363844602885103452e+00,-3.834218271231104036e-01
8.236687003111686778e-01,1.620271982275509615e-01,4.026361430044341772e-01,6.999999999999999556e-01,2.000000000000000111e-01,5.000000000000000278e-02,2.000000000000000042e-02,-6.075354801485128853e-01,-6.154239700934449608e-01,-8.054399129960093662e-01,-3.736788489816115361e-02
-1.697673559215518990e+00,5.963896297363324717e-02,3.033214047363264054e-01,6.999999999999999556e-01,2.000000000000000111e-01,5.000000000000000278e-02,2.000000000000000042e-02,1.433859720232055324e+00,1.436290332923611412e+00,-1.132812279875563100e+00,2.834929735102373685e-02
1.870985779018058182e+00,1.591714976719485142e+00,7.600633753482953781e-01,6.999999999999999556e-01,2.000000000000000111e-01,5.000000000000000278e-02,2.000000000000000042e-02,-2.300802306573433320e+00,-2.312861985658420494e+00,-1.579786087189007038e+00,-8.338613039938204130e-01
-2.519864191491292260e+00,9.700171938455840470e-01,6.086117207080696812e-01,6.999999999999999556e-01,2.000000000000000111e-01,5.000000000000000278e-02,2.000000000000000042e-02,2.895869373239127853e+00,2.941549811418795013e+00,-1.784188001423858250e+00,6.844072457326593195e-01
-2.470993085409981305e+00,2.038311713896397759e+00,4.420276545824481929e-01,6.999999999999999556e-01,2.000000000000000111e-01,5.000000000000000278e-02,2.000000000000000042e-02,3.921343444107781906e+00,3.694251580934332146e+00,-2.197531074242609073e+00,1.410263162265486647e+00
-1.243122387979652466e+00,5.763090437846146719e-01,1.029963918423820735e-01,6.999999999999999556e-01,2.000000000000000111e-01,5.000000000000000278e-02,2.000000000000000042e-02,1.024042155368681373e+00,9.872099119027415437e-01,-9.783014866771462259e-01,2.005983489226640382e-01
1.704953031656316398e+00,3.885744801819990268e-01,4.501538849186216273e-01,6.999999999999999556e-01,2.000000000000000111e-01,5.000000000000000278e-02,2.000000000000000042e-02,-1.477310873636397570e+00,-1.542576740121519574e+00,-1.157168343753929296e+00,-1.855003466429613890e-01
1.527442172619792871e-01,2.203420119453573633e+00,7.609093636078667622e-02,6.999999999999999556e-01,2.000000000000000111e-01,5.000000000000000278e-02,2.000000000000000042e-02,-2.109206665803946557e-01,-1.823859017852037800e-01,-1.383208050579838311e+00,-9.423671080466523853e-02
1.149789575903630734e+00,1.532926335106136184e-01,7.274096257130812093e-01,6.999999999999999556e-01,2.000000000000000111e-01,5.000000000000000278e-02,2.000000000000000042e-02,-8.846373053046712176e-01,-8.679419509446418823e-01,-9.015922187369043161e-01,-4.935119618052934837e-02
2.439285002702726857e+00,1.652972741300502424e+00,2.273487913672532779e-01,6.999999999999999556e-01,2.000000000000000111e-01,5.000000000000000278e-02,2.000000000000000042e-02,-3.366286994305455860e+00,-3.413904083000010914e+00,-1.975041342349116213e+00,-1.128980052964604353e+00
2.919764929241208229e+00,1.568621488975060485e-01,5.276277935856626966e-01,6.999999999999999556e-01,2.000000000000000111e-01,5.000000000000000278e-02,2.000000000000000042e-02,-3.298447242761016085e+00,-3.272462074537282994e+00,-1.982198889029981981e+00,-1.282401683013781601e-01
2.034365091532306380e+00,2.802133706382934797e+00,4.741379302282195951e-01,6.999999999999999556e-01,2.000000000000000111e-01,5.000000000000000278e-02,2.000000000000000042e-02,-4.081354495582466768e+00,-4.227926219984970757e+00,-2.420069662029418200e+00,-1.596157638340014229e+00
-3.708768075291484223e-01,2.675282662414899981e+00,6.163082797770669252e-03,6.999999999999999556e-01,2.000000000000000111e-01,5.000000000000000278e-02,2.000000000000000042e-02,6.337827370533781757e-01,6.275182647862795893e-01,-1.722631666288938046e+00,2.778160820608651660e-01
2.696963232496214502e-01,1.688289208077939918e-01,9.646042612877596678e-01,6.999999999999999556e-01,2.000000000000000111e-01,5.000000000000000278e-02,2.000000000000000042e-02,-1.908444686266318469e-01,-1.607694467412475181e-01,-7.149008646463119732e-01,-1.274911097601779363e-02
-2.990462100376377386e+00,2.828468547426825186e+00,2.009526155295133787e-01,6.999999999999999556e-01,2.000000000000000111e-01,5.000000000000000278e-02,2.000000000000000042e-02,6.779903855092245912e+00,6.869251331337755673e+00,-3.161462341397718312e+00,2.368359838092232383e+00
-2.528506698381859152e+00,1.665551800186684472e+00,7.363631091241799043e-01,6.999999999999999556e-01,2.000000000000000111e-01,5.000000000000000278e-02,2.000000000000000042e-02,3.560228705515274594e+00,3.714915321610223309e+00,-2.047370710439004426e+00,1.179180487316718651e+00
-3.712192038491592960e-01,2.218524194586945608e+00,9.239486477213689763e-01,6.999999999999999556e-01,2.000000000000000111e-01,5.000000000000000278e-02,2.000000000000000042e-02,5.182031243335720738e-01,5.081946831494680294e-01,-1.409729498871432174e+00,2.305964598657056774e-01
-1.041622620741821548e+00,2.529902116320499772e+00,4.747936757007077402e-01,6.999999999999999556e-01,2.000000000000000111e-01,5.000000000000000278e-02,2.000000000000000042e-02,1.718995586541905762e+00,1.759326998118932339e+00,-1.758803313148971315e+00,7.378569163341709425e-01
1.383828602195409374e-01,1.358754750627755303e+00,3.259845961806103753e-01,6.999999999999999556e-01,2.000000000000000111e-01,5.000000000000000278e-02,2.000000000000000042e-02,-1.327683239660523151e-01,-1.305524634245651405e-01,-9.613424985298701930e-01,-5.264794324405219772e-02
-2.965424684982429504e+00,1.374490731122874454e+00,8.319929810506954126e-02,6.999999999999999556e-01,2.000000000000000111e-01,5.000000000000000278e-02,2.000000000000000042e-02,4.163986018698218494e+00,4.191189232831649569e+00,-2.283553002137448829e+00,1.141265648138369393e+00
2.693409302067700573e+00,1.002292762073199395e+00,2.992543934034528341e-01,6.999999999999999556e-01,2.000000000000000111e-01,5.000000000000000278e-02,2.000000000000000042e-02,-3.241155542618787688e+00,-3.223985046552524381e+00,-1.928810759596327973e+00,-7.558837016536633646e-01
-1.095413611312228142e-01,1.841402084053325616e+00,4.546206545368063345e-01,6.999999999999999556e-01,2.000000000000000111e-01,5.000000000000000278e-02,2.000000000000000042e-02,1.287446840983655916e-01,1.444989336668773550e-01,-1.176506525391602276e+00,5.647871338958005555e-02
-2.022063798578236593e+00,9.411287540658486162e-02,3.979877353958548580e-01,6.999999999999999556e-01,2.000000000000000111e-01,5.000000000000000278e-02,2.000000000000000042e-02,1.831336903277744232e+00,1.880935381396240835e+00,-1.314551313492518414e+00,5.328462673513259529e-02
8.376547772297886496e-01,2.051589027900449835e+00,2.181859929854315094e-01,6.999999999999999556e-01,2.000000000000000111e-01,5.000000000000000278e-02,2.000000000000000042e-02,-1.109344528952019182e+00,-1.107797571860210439e+00,-1.394512284388594869e+00,-4.811865380372483125e-01
4.617418878184329500e-01,2.197433207307221359e+00,6.165062319267160529e-01,6.999999999999999556e-01,2.000000000000000111e-01,5.000000000000000278e-02,2.000000000000000042e-02,-6.402882671480537580e-01,-6.324468304592313350e-01,-1.408000613725630012e+00,-2.841011480991460503e-01
1.244922247298912765e+00,2.074340556368667876e+00,7.777970512568601613e-01,6.999999999999999556e-01,2.000000000000000111e-01,5.000000000000000278e-02,2.000000000000000042e-02,-1.717863222166131854e+00,-1.721149403600128691e+00,-1.534879134404388834e+00,-7.230699579873725025e-01
2.935280155912507460e+00,1.858563975772731691e+00,3.936161470895517267e-01,6.999999999999999556e-01,2.000000000000000111e-01,5.000000000000000278e-02,2.000000000000000042e-02,-4.738686599129779964e+00,-4.710241357251547356e+00,-2.475976846339682957e+00,-1.527513667842274936e+00
-3.602482357807699209e-01,9.656539456042572134e-01,2.319624011499661353e-01,6.999999999999999556e-01,2.000000000000000111e-01,5.000000000000000278e-02,2.000000000000000042e-02,3.015411729767835114e-01,2.852622102736335763e-01,-8.500150746800233525e-01,9.740503647802849219e-02
-2.999331914693243561e+00,2.046785108684080701e+00,2.981876049666383199e-01,6.999999999999999556e-01,2.000000000000000111e-01,5.000000000000000278e-02,2.000000000000000042e-02,5.207757087926004225e+00,5.314837668771005497e+00,-2.635904889532942441e+00,1.718916611718611653e+00
-1.796504468046128400e+00,1.157323269002280108e+00,1.976236576378147536e-01,6.999999999999999556e-01,2.000000000000000111e-01,5.000000000000000278e-02,2.000000000000000042e-02,1.884330210794777027e+00,1.911707752087589807e+00,-1.371629846412832698e+00,5.821581986461772384e-01
-5.525026136332695792e-01,1.929381735749658766e+00,9.606361908152518669e-01,6.999999999999999556e-01,2.000000000000000111e-01,5.000000000000000278e-02,2.000000000000000042e-02,6.831224640159482275e-01,6.899765095606661403e-01,-1.266940814224950307e+00,2.984767664754345851e-01
-1.486346206085180199e+00,7.548226275059847223e-01,8.631445799443417943e-01,6.999999999999999556e-01,2.000000000000000111e-01,5.000000000000000278e-02,2.000000000000000042e-02,1.323185910568304591e+00,1.323136215937088300e+00,-1.111149764510876770e+00,3.141397696250148863e-01
-7.717658909493607666e-02,7.948310756468768279e-01,7.822954986769214969e-02,6.999999999999999556e-01,2.000000000000000111e-01,5.000000000000000278e-02,2.000000000000000042e-02,6.087254941851363149e-02,4.759703556962371906e-02,-7.893393353196052065e-01,1.717585837102381802e-02
7.907285958158292161e-01,1.952774664599361554e+00,1.246047908342227117e-01,6.999999999999999556e-01,2.000000000000000111e-01,5.000000000000000278e-02,2.000000000000000042e-02,-1.000373385371591040e+00,-1.019365406135607888e+00,-1.327653801534291578e+00,-4.323521351753463193e-01
1.431889343411851812e-01,5.159557087645708640e-01,8.212649111889246401e-01,6.999999999999999556e-01,2.000000000000000111e-01,5.000000000000000278e-02,2.000000000000000042e-02,-1.057156162339008137e-01,-1.281001473827206028e-01,-7.403449017146097599e-01,-2.068616146946994361e-02
-2.679656989838378855e+00,2.502181586344425668e+00,4.857113077310913907e-01,6.999999999999999556e-01,2.000000000000000111e-01,5.000000000000000278e-02,2.000000000000000042e-02,5.186625778499079686e+00,5.104548595541198885e+00,-2.653612014224207449e+00,1.877396745753962426e+00
-2.849017962755451716e+00,2.460709615243393600e+00,3.168308563714142823e-01,6.999999999999999556e-01,2.000000000000000111e-01,5.000000000000000278e-02,2.000000000000000042e-02,5.565721893348585247e+00,5.671289037561985324e+00,-2.765248356292664411e+00,1.962969650586975590e+00
-2.832841285037009271e+00,1.656788737221012386e+00,9.267500952172510464e-01,6.999999999999999556e-01,2.000000000000000111e-01,5.000000000000000278e-02,2.000000000000000042e-02,4.208305660317867236e+00,4.246177213728660860e+00,-2.288041310701055764e+00,1.314157469907524467e+00
1.109032810704649208e+00,7.785371849622025886e-01,4.060202843168266851e-01,6.999999999999999556e-01,2.000000000000000111e-01,5.000000000000000278e-02,2.000000000000000042e-02,-9.386349205595103662e-01,-9.673605113958044788e-01,-9.693498870545600443e-01,-2.417585190934807005e-01
-5.621342753848095342e-01,1.030540067836028584e+00,4.278492357847673011e-01,6.999999999999999556e-01,2.000000000000000111e-01,5.000000000000000278e-02,2.000000000000000042e-02,4.859547060817985265e-01,4.665462858031729221e-01,-8.960810379325288011e-01,1.622045304006451416e-01
3.071582058390034398e-01,4.456646118350834351e-01,8.678929506269560390e-01,6.999999999999999556e-01,2.000000000000000111e-01,5.000000000000000278e-02,2.000000000000000042e-02,-2.250006594813809269e-01,-1.974358691107504504e-01,-7.419582969860315513e-01,-3.832907192161603277e-02
-6.020119010375086788e-01,2.237390888844809300e+00,7.384301109474474822e-01,6.999999999999999556e-01,2.000000000000000111e-01,5.000000000000000278e-02,2.000000000000000042e-02,8.542244468269317714e-01,8.885573828308968025e-01,-1.455191267876626338e+00,3.771420638600901376e-01
1.144196463346663251e+00,2.868556332076689586e+00,5.387802564601871236e-01,6.999999999999999556e-01,2.000000000000000111e-01,5.000000000000000278e-02,2.000000000000000042e-02,-2.193957172266631339e+00,-2.155345327466401617e+00,-2.048383992251869845e+00,-9.190137628203909337e-01
2.943731357233161816e+00,3.526899074227152209e-01,2.336975772495930581e-02,6.999999999999999556e-01,2.000000000000000111e-01,5.000000000000000278e-02,2.000000000000000042e-02,-3.387329121105993934e+00,-3.240169347754396245e+00,-2.017247769445367211e+00,-2.907028151607741195e-01
6.788924575251602533e-01,2.160317483371497760e-01,5.102356808288336376e-01,6.999999999999999556e-01,2.000000000000000111e-01,5.000000000000000278e-02,2.000000000000000042e-02,-4.953053467457022019e-01,-5.088297451627150636e-01,-7.756680056132274625e-01,-4.106545086897807340e-02
-1.766974830952191322e+00,1.301460551560392975e+00,8.276513086510578487e-01,6.999999999999999556e-01,2.000000000000000111e-01,5.000000000000000278e-02,2.000000000000000042e-02,1.931730995793878414e+00,1.949990154188118829e+00,-1.405461947400282074e+00,6.439014506636238089e-01
1.355831373526068973e+00,2.915051507225646432e+00,5.285075156840096655e-01,6.999999999999999556e-01,2.000000000000000111e-01,5.000000000000000278e-02,2.000000000000000042e-02,-2.686671353046246491e+00,-2.720003005803537377e+00,-2.165395347584629704e+00,-1.106649120903475891e+00
-1.717347309962478308e+00,6.220649390263537359e-01,1.671559850094039845e-01,6.999999999999999556e-01,2.000000000000000111e-01,5.000000000000000278e-02,2.000000000000000042e-02,1.548427585163634213e+00,1.619345562563593521e+00,-1.196567337826524691e+00,2.991244339044868417e-01
1.130622065118116915e+00,6.146390560536451053e-01,6.190218980897195244e-01,6.999999999999999556e-01,2.000000000000000111e-01,5.000000000000000278e-02,2.000000000000000042e-02,-9.234973900275924574e-01,-9.140009212673284589e-01,-9.446353018115055677e-01,-1.945788540801342004e-01
4.443329964259365994e-01,1.202008148424473344e+00,7.749456544415265213e-01,6.999999999999999556e-01,2.000000000000000111e-01,5.000000000000000278e-02,2.000000000000000042e-02,-4.052969621600411299e-01,-3.959600513755760498e-01,-9.318900741999639470e-01,-1.495457270489946588e-01
-2.930798705146922423e+00,1.005496836836301089e+00,5.175013113896513861e-01,6.999999999999999556e-01,2.000000000000000111e-01,5.000000000000000278e-02,2.000000000000000042e-02,3.725110795190388568e+00,3.756240392536697392e+00,-2.129980501957924766e+00,8.251344716801640722e-01
-1.868739348178251047e+00,7.973795960351930390e-01,4.950177906322474897e-01,6.999999999999999556e-01,2.000000000000000111e-01,5.000000000000000278e-02,2.000000000000000042e-02,1.800760830595608875e+00,1.777168586430394770e+00,-1.312842003538705837e+00,4.172264954327242203e-01
-1.638903507438571605e+00,1.724315084035123125e+00,7.910877130935837220e-01,6.999999999999999556e-01,2.000000000000000111e-01,5.000000000000000278e-02,2.000000000000000042e-02,2.049542231589026819e+00,2.048963217535038961e+00,-1.519157457268515365e+00,7.912760909632315931e-01
-7.342412678677820992e-01,3.246956126511523211e-01,3.353719449950209874e-01,6.999999999999999556e-01,2.000000000000000111e-01,5.000000000000000278e-02,2.000000000000000042e-02,5.445980011348882099e-01,4.990930637678179793e-01,-7.956263496385000966e-01,6.675337712514473054e-02
2.305048459731566801e+00,2.696545744592326876e-01,2.890380052735052052e-01,6.999999999999999556e-01,2.000000000000000111e-01,5.000000000000000278e-02,2.000000000000000042e-02,-2.249363842694478421e+00,-2.267594813005108900e+00,-1.507167162790381099e+00,-1.740387212247110904e-01
1.261202254369640841e+00,1.476256646565796249e+00,4.048791802562794473e-01,6.999999999999999556e-01,2.000000000000000111e-01,5.000000000000000278e-02,2.000000000000000042e-02,-1.367948234371257454e+00,-1.394555604730105758e+00,-1.243701385078216148e+00,-5.213202989895454609e-01
-1.214249716596986772e-01,2.843210581625035704e+00,3.475292777252028120e-01,6.999999999999999556e-01,2.000000000000000111e-01,5.000000000000000278e-02,2.000000000000000042e-02,2.225083097929255460e-01,2.395561171802948197e-01,-1.833950101166424096e+00,9.666629400298508423e-02
-5.660639666896933875e-01,5.889571623641768339e-01,6.658375331836010602e-01,6.999999999999999556e-01,2.000000000000000111e-01,5.000000000000000278e-02,2.000000000000000042e-02,4.328030535078218888e-01,4.610869034772245856e-01,-7.966261376316794429e-01,9.334847971068807593e-02
-2.820305216976637830e+00,6.857323643737220920e-01,7.590203957426646664e-01,6.999999999999999556e-01,2.000000000000000111e-01,5.000000000000000278e-02,2.000000000000000042e-02,3.281532625537375125e+00,3.303324577659576544e+00,-1.958950270112786551e+00,5.415128781140211567e-01
-1.693781773384978040e+00,6.778314348982557025e-01,5.133651953770951293e-01,6.999999999999999556e-01,2.000000000000000111e-01,5.000000000000000278e-02,2.000000000000000042e-02,1.537561906373095422e+00,1.507229825892268726e+00,-1.194658267956746123e+00,3.214675883602545192e-01
2.278469268186805508e+00,2.530112145342766627e-01,9.260239794547364678e-01,6.999999999999999556e-01,2.000000000000000111e-01,5.000000000000000278e-02,2.000000000000000042e-02,-2.206773051122636442e+00,-2.253447058991228769e+00,-1.487675385365972991e+00,-1.614139175104310764e-01
-7.344017717092716779e-01,2.931038652310196113e-01,8.635693534533178672e-01,6.999999999999999556e-01,2.000000000000000111e-01,5.000000000000000278e-02,2.000000000000000042e-02,5.427190028106327890e-01,5.590061390006303421e-01,-7.929292769573285105e-01,6.027167941773898391e-02
-1.355277183605756663e+00,9.563769799521323334e-01,8.541494605348913804e-01,6.999999999999999556e-01,2.000000000000000111e-01,5.000000000000000278e-02,2.000000000000000042e-02,1.246706988402460636e+00,1.241455402781084905e+00,-1.103568406549883418e+00,3.629236519593733723e-01
2.642869290782580372e+00,8.575032493937715383e-01,7.323886558038384953e-01,6.999999999999999556e-01,2.000000000000000111e-01,5.000000000000000278e-02,2.000000000000000042e-02,-3.045065261243757426e+00,-3.057454787287765097e+00,-1.850657368405165926e+00,-6.345553212793410003e-01
-1.667686109310785980e+00,1.762920898980685713e+00,9.483143413423197332e-01,6.999999999999999556e-01,2.000000000000000111e-01,5.000000000000000278e-02,2.000000000000000042e-02,2.124904705581819542e+00,2.080972740727196069e+00,-1.552281157327023653e+00,8.231996346122563146e-01
1.803349786336199578e+00,4.907752100539193307e-01,2.887807002570408343e-01,6.999999999999999556e-01,2.000000000000000111e-01,5.000000000000000278e-02,2.000000000000000042e-02,-1.616385631756163344e+00,-1.606243406548060415e+00,-1.221531010734308254e+00,-2.478110236531548549e-01
-7.113444730848419439e-01,2.729768620379868338e+00,6.928520201287814428e-01,6.999999999999999556e-01,2.000000000000000111e-01,5.000000000000000278e-02,2.000000000000000042e-02,1.258033819673308074e+00,1.264880655529056819e+00,-1.819130784821738178e+00,5.437056298541428356e-01
-8.094273595572989421e-01,1.708003801631215346e+00,4.009741554966815835e-01,6.999999999999999556e-01,2.000000000000000111e-01,5.000000000000000278e-02,2.000000000000000042e-02,9.237002182598313960e-01,9.413780590680651539e-01,-1.206694675654120807e+00,3.871014020350912466e-01
-9.960425298438950747e-01,2.411026937196703912e+00,4.323622535366632436e-01,6.999999999999999556e-01,2.000000000000000111e-01,5.000000000000000278e-02,2.000000000000000042e-02,1.557244924809263464e+00,1.529732523657599375e+00,-1.662642233053010399e+00,6.724159036132111300e-01
-1.379386093684241033e+00,3.812114064523945967e-01,9.719773765951038591e-01,6.999999999999999556e-01,2.000000000000000111e-01,5.000000000000000278e-02,2.000000000000000042e-02,1.124862321873068005e+00,1.125686612476104242e+00,-1.005750998414738140e+00,1.472345595879883118e-01
-1.419321429472245599e+00,2.449793470292102704e+00,5.297172754834038599e-01,6.999999999999999556e-01,2.000000000000000111e-01,5.000000000000000278e-02,2.000000000000000042e-02,2.329009941403732853e+00,2.265158367933478800e+00,-1.842379324615885938e+00,9.735724236466928305e-01
-1.309467105252760222e+00,1.223073712989260819e+00,5.848058411084519070e-01,6.999999999999999556e-01,2.000000000000000111e-01,5.000000000000000278e-02,2.000000000000000042e-02,1.303132568637870081e+00,1.310975936588831159e+00,-1.166632917997603602e+00,4.484409424484618878e-01
-2.109079551496755300e-01,9.927211184498291319e-01,1.143530840236000046e-01,6.999999999999999556e-01,2.000000000000000111e-01,5.000000000000000278e-02,2.000000000000000042e-02,1.772034801369142543e-01,1.787727862686402935e-01,-8.446416554940917587e-01,5.862437871532263922e-02
-3.399623316914981430e-01,2.636758268375677172e+00,7.862033973945894427e-01,6.999999999999999556e-01,2.000000000000000111e-01,5.000000000000000278e-02,2.000000000000000042e-02,5.708402369649681063e-01,5.647573208668036360e-01,-1.690685341264018149e+00,2.509915769266730101e-01
-2.884855239839952290e+00,1.320296778742001464e+00,2.800046979814674319e-01,6.999999999999999556e-01,2.000000000000000111e-01,5.000000000000000278e-02,2.000000000000000042e-02,3.923879673964030257e+00,4.001297121843867544e+00,-2.192404164978715375e+00,1.066482222483348341e+00
-6.345538957301894989e-01,8.802683697316607825e-01,4.388558282904009289e-01,6.999999999999999556e-01,2.000000000000000111e-01,5.000000000000000278e-02,2.000000000000000042e-02,5.258009199134122680e-01,5.013866758065996798e-01,-8.688809333729589079e-01,1.564017625243606657e-01
1.916769885229357762e+00,1.201278399545642417e+00,2.469491888711241590e-01,6.999999999999999556e-01,2.000000000000000111e-01,5.000000000000000278e-02,2.000000000000000042e-02,-2.081094779669212969e+00,-2.012100501226041338e+00,-1.453130789988416494e+00,-6.447207928071700955e-01
1.517356983626142686e+00,1.771237895856839328e+00,6.556025035109595001e-01,6.999999999999999556e-01,2.000000000000000111e-01,5.000000000000000278e-02,2.000000000000000042e-02,-1.903279019557847063e+00,-1.884557460834578313e+00,-1.484575548084564600e+00,-7.525280534636618057e-01
-2.240370841496925003e+00,7.267737762970893911e-01,2.273547241038237354e-01,6.999999999999999556e-01,2.000000000000000111e-01,5.000000000000000278e-02,2.000000000000000042e-02,2.296180926627812813e+00,2.326647977470400086e+00,-1.526837243182284531e+00,4.559079774985702049e-01
-1.756035040754387211e+00,1.507406610398216884e+00,5.712592887018140830e-01,6.999999999999999556e-01,2.000000000000000111e-01,5.000000000000000278e-02,2.000000000000000042e-02,2.058602353737851942e+00,2.073412241180889293e+00,-1.480667316123703170e+00,7.411764719867381945e-01
7.751086177101367269e-01,9.841525085092721614e-01,4.265658543435772998e-01,6.999999999999999556e-01,2.000000000000000111e-01,5.000000000000000278e-02,2.000000000000000042e-02,-6.709631099853433644e-01,-6.836689576906933574e-01,-9.257168677879907825e-01,-2.135910253362439115e-01
7.719932014797774578e-01,3.826441028954914447e-01,5.799430786204299304e-01,6.999999999999999556e-01,2.000000000000000111e-01,5.000000000000000278e-02,2.000000000000000042e-02,-5.792241726562944448e-01,-5.890544157603374575e-01,-8.098943367969467788e-01,-8.271162088606139051e-02
-2.698800700084833970e+00,8.619389013024536528e-02,8.783056268510821551e-01,6.999999999999999556e-01,2.000000000000000111e-01,5.000000000000000278e-02,2.000000000000000042e-02,2.874806698797827131e+00,2.935182070328171022e+00,-1.793568896954168546e+00,6.513363668743159252e-02
-1.134300362161766884e+00,2.470582730840158003e+00,4.824328068627994348e-01,6.999999999999999556e-01,2.000000000000000111e-01,5.000000000000000278e-02,2.000000000000000042e-02,1.836274538927193722e+00,1.838622324261892649e+00,-1.747524660929633100e+00,7.846672081759273887e-01
6.529910940027860988e-02,2.693456722901944378e+00,6.053772068240126369e-01,6.999999999999999556e-01,2.000000000000000111e-01,5.000000000000000278e-02,2.000000000000000042e-02,-1.120449444766322966e-01,-1.039653524892750064e-01,-1.716298872593665870e+00,-4.924649105983319036e-02
1.090682169751910457e+00,8.533913391918972469e-01,5.884072317029471755e-01,6.999999999999999556e-01,2.000000000000000111e-01,5.000000000000000278e-02,2.000000000000000042e-02,-9.395552072780809505e-01,-9.449913411504657912e-01,-9.803968882052938039e-01,-2.606180408936459303e-01
3.752016048482946786e-01,2.291221303420915678e+00,1.958781069130277608e-01,6.999999999999999556e-01,2.000000000000000111e-01,5.000000000000000278e-02,2.000000000000000042e-02,-5.410392587050536495e-01,-5.222380124731886841e-01,-1.456073745217088211e+00,-2.407075748297161089e-01
8.586355647958860970e-01,1.222461979697499590e+00,8.371623734688873331e-01,6.999999999999999556e-01,2.000000000000000111e-01,5.000000000000000278e-02,2.000000000000000042e-02,-8.123384610644874826e-01,-7.974216270548086793e-01,-1.019806115822682546e+00,-2.939018130661366635e-01
2.319225209624667272e+00,1.051911266496231789e+00,5.172182884509690659e-01,6.999999999999999556e-01,2.000000000000000111e-01,5.000000000000000278e-02,2.000000000000000042e-02,-2.606467519332615002e+00,-2.670777227065904036e+00,-1.661733259705226118e+00,-6.830933557129561517e-01
2.257092095153667266e+00,8.602215482958721626e-01,8.418014265809835583e-01,6.999999999999999556e-01,2.000000000000000111e-01,5.000000000000000278e-02,2.000000000000000042e-02,-2.388727042345195173e+00,-2.289698433064115246e+00,-1.567767064602132443e+00,-5.436477918870492587e-01
-1.796096110314650884e+00,9.896413503792049760e-01,5.425261493686672765e-02,6.999999999999999556e-01,2.000000000000000111e-01,5.000000000000000278e-02,2.000000000000000042e-02,1.793245099080007954e+00,1.834277108963762837e+00,-1.321008785956365283e+00,4.976974744063359379e-01
2.209136503993121892e+00,1.063706778732086633e+00,5.098434232870457938e-01,6.999999999999999556e-01,2.000000000000000111e-01,5.000000000000000278e-02,2.000000000000000042e-02,-2.435396927960451485e+00,-2.390134334186192255e+00,-1.590448709548125894e+00,-6.579645728437563124e-01
-1.732268802690304810e+00,3.546802738987064885e-01,3.131743082704926406e-01,6.999999999999999556e-01,2.000000000000000111e-01,5.000000000000000278e-02,2.000000000000000042e-02,1.503002149737690640e+00,1.515588087705879383e+00,-1.167725014253115923e+00,1.720324405532268619e-01
-2.979386803670477590e+00,2.469009915545025358e+00,8.099137467001560342e-02,6.999999999999999556e-01,2.000000000000000111e-01,5.000000000000000278e-02,2.000000000000000042e-02,5.950665745789170735e+00,5.954248082680705600e+00,-2.884953253711219023e+00,2.059717956941794270e+00
1.686275538267894447e+00,1.272331241588629869e+00,9.554430929625306046e-01,6.999999999999999556e-01,2.000000000000000111e-01,5.000000000000000278e-02,2.000000000000000042e-02,-1.802311547323535823e+00,-1.767790077304213225e+00,-1.353164529009246664e+00,-6.007402937941790366e-01
2.440487207883434984e+00,5.784764687126652261e-01,6.708585114291403251e-01,6.999999999999999556e-01,2.000000000000000111e-01,5.000000000000000278e-02,2.000000000000000042e-02,-2.549449578175712272e+00,-2.411161415272029984e+00,-1.640245575256001231e+00,-3.952940381473556419e-01
-2.378203168081388874e+00,1.236333377064665173e+00,8.832025885621661576e-01,6.999999999999999556e-01,2.000000000000000111e-01,5.000000000000000278e-02,2.000000000000000042e-02,2.846198701674502285e+00,2.845922739509828769e+00,-1.762370376995030075e+00,8.232705471591855728e-01
1.514963081790143384e+00,1.429841223358181868e+00,5.944014564844029014e-01,6.999999999999999556e-01,2.000000000000000111e-01,5.000000000000000278e-02,2.000000000000000042e-02,-1.667941154636842338e+00,-1.702226786834771133e+00,-1.330489400240082443e+00,-6.065238665386039063e-01
-2.515287234490531709e+00,2.249413263989271439e+00,3.419987508883582938e-01,6.999999999999999556e-01,2.000000000000000111e-01,5.000000000000000278e-02,2.000000000000000042e-02,4.338150851062154700e+00,4.342934352552344279e+00,-2.357380885308175689e+00,1.584217731041650312e+00
2.491168834254255948e+00,4.863310185718494605e-01,4.858732433010806151e-01,6.999999999999999556e-01,2.000000000000000111e-01,5.000000000000000278e-02,2.000000000000000042e-02,-2.599307006602571857e+00,-2.590952314165720249e+00,-1.664000824461475014e+00,-3.392291494472493008e-01
-2.172838454583381207e-01,1.498659362937212247e+00,1.098696760384579862e-01,6.999999999999999556e-01,2.000000000000000111e-01,5.000000000000000278e-02,2.000000000000000042e-02,2.209337355012282456e-01,2.421044725945970533e-01,-1.021519024481286397e+00,9.117765143511938342e-02
-7.480076055594331308e-02,2.293873488505154157e+00,6.185207604462095166e-01,6.999999999999999556e-01,2.000000000000000111e-01,5.000000000000000278e-02,2.000000000000000042e-02,1.074841703950688843e-01,8.425696843771661448e-02,-1.437499054444315139e+00,4.804337483660411218e-02
2.462431527330578795e+00,2.442250040930549204e+00,6.699627154686237374e-01,6.999999999999999556e-01,2.000000000000000111e-01,5.000000000000000278e-02,2.000000000000000042e-02,-4.526491837787872008e+00,-4.559271849447744884e+00,-2.444577290758279009e+00,-1.683884579555298355e+00
-1.175893587989266686e+00,4.531379362926786225e-01,5.488307895754265253e-01,6.999999999999999556e-01,2.000000000000000111e-01,5.000000000000000278e-02,2.000000000000000042e-02,9.382255566005780478e-01,9.334718138695714540e-01,-9.361556180442029973e-01,1.491957582531498738e-01
2.441211931169275928e-01,1.094298989883141004e+00,7.556112347887564695e-01,6.999999999999999556e-01,2.000000000000000111e-01,5.000000000000000278e-02,2.000000000000000042e-02,-2.125388430231393566e-01,-1.910599405289649388e-01,-8.765879126356217466e-01,-7.479964101033788337e-02
-2.394726445096081680e+00,2.106944610157272191e+00,3.019820479148804804e-01,6.999999999999999556e-01,2.000000000000000111e-01,5.000000000000000278e-02,2.000000000000000042e-02,3.851261140265164418e+00,3.944401838511356839e+00,-2.181697394664286804e+00,1.412755673362956488e+00
-1.937856525441275402e+00,1.015584138495998268e+00,8.990255547688520421e-01,6.999999999999999556e-01,2.000000000000000111e-01,5.000000000000000278e-02,2.000000000000000042e-02,2.000181780953896205e+00,2.011611366454806316e+00,-1.407690746910352120e+00,5.510557779773552767e-01
2.080546497834210307e-01,1.981115884333231936e+00,6.730936488651029226e-01,6.999999999999999556e-01,2.000000000000000111e-01,5.000000000000000278e-02,2.000000000000000042e-02,-2.604093465619852221e-01,-2.370693574521931246e-01,-1.255967831196517448e+00,-1.154105040186904213e-01
2.198595689609480708e+00,7.872848617309542441e-01,2.354746936600800034e-01,6.999999999999999556e-01,2.000000000000000111e-01,5.000000000000000278e-02,2.000000000000000042e-02,-2.261180021462258161e+00,-2.252597988330967915e+00,-1.511847894446910257e+00,-4.846579089790121198e-01
-7.738744828821362276e-01,9.712181527063084019e-01,6.751358768253968856e-01,6.999999999999999556e-01,2.000000000000000111e-01,5.000000000000000278e-02,2.000000000000000042e-02,6.670806893890960376e-01,6.707331908873069848e-01,-9.218893153088896231e-01,2.104482647935746464e-01
-2.966280051075115942e+00,2.241566018668821325e-01,6.960418208876771873e-01,6.999999999999999556e-01,2.000000000000000111e-01,5.000000000000000278e-02,2.000000000000000042e-02,3.402250048085885936e+00,3.249918731141289374e+00,-2.026857066713399824e+00,1.861751518016654394e-01
-1.604595182999488667e+00,1.928641252302375708e+00,9.103925888502620856e-01,6.999999999999999556e-01,2.000000000000000111e-01,5.000000000000000278e-02,2.000000000000000042e-02,2.165382387628044025e+00,2.129254703719170916e+00,-1.606960846407321064e+00,8.665127696899780352e-01
-1.536086103278666570e-02,8.806233713387655593e-01,4.814578671124034592e-01,6.999999999999999556e-01,2.000000000000000111e-01,5.000000000000000278e-02,2.000000000000000042e-02,1.242050730101477117e-02,-8.916105035074431764e-03,-8.086050465084776429e-01,3.787597304220482325e-03
-2.616958592863534605e+00,2.603161080513420877e-01,2.348212142664370949e-01,6.999999999999999556e-01,2.000000000000000111e-01,5.000000000000000278e-02,2.000000000000000042e-02,2.752806589564453343e+00,2.781918338153674952e+00,-1.736757868169883645e+00,1.907462132312105485e-01
-2.138404169686423550e+00,7.869481204206417724e-01,1.385499424006718661e-01,6.999999999999999556e-01,2.000000000000000111e-01,5.000000000000000278e-02,2.000000000000000042e-02,2.171204825864201382e+00,2.177539558554045129e+00,-1.472616087132543772e+00,4.711876797696303298e-01
-1.650709585850853145e+00,5.400727269316824009e-01,3.332070914644984505e-01,6.999999999999999556e-01,2.000000000000000111e-01,5.000000000000000278e-02,2.000000000000000042e-02,1.447799582927394413e+00,1.418023544492938770e+00,-1.149561317575543695e+00,2.496209036727667363e-01
2.056313440847603147e+00,1.121813885964190849e+00,4.248944498943501014e-01,6.999999999999999556e-01,2.000000000000000111e-01,5.000000000000000278e-02,2.000000000000000042e-02,-2.236459953988129357e+00,-2.231729372658133315e+00,-1.510449040315467339e+00,-6.459042721145408228e-01
-4.391846529488665496e-01,2.863296856103902499e+00,7.468144332929421703e-01,6.999999999999999556e-01,2.000000000000000111e-01,5.000000000000000278e-02,2.000000000000000042e-02,8.157546629830610962e-01,8.143965593926900670e-01,-1.876718117972301370e+00,3.521044900905204167e-01
-2.166698031817963610e+00,2.756710835698922057e+00,6.126321177908100601e-02,6.999999999999999556e-01,2.000000000000000111e-01,5.000000000000000278e-02,2.000000000000000042e-02,4.330476798764177460e+00,4.369559663712296427e+00,-2.468110702594954464e+00,1.672428783760030235e+00
2.253059283408491709e-01,2.515559662929932827e+00,1.106442146802061322e-01,6.999999999999999556e-01,2.000000000000000111e-01,5.000000000000000278e-02,2.000000000000000042e-02,-3.578903103183608270e-01,-3.679813508380094800e-01,-1.593540072688251596e+00,-1.586957414429021884e-01
4.503359747760624643e-01,2.401650461166759065e+00,7.433138029348661524e-01,6.999999999999999556e-01,2.000000000000000111e-01,5.000000000000000278e-02,2.000000000000000042e-02,-6.834522190890135462e-01,-6.968949302904487997e-01,-1.537929864793777135e+00,-3.028338884202554371e-01
7.008108722852188777e-01,2.716139785058947709e+00,1.998484273537413092e-01,6.999999999999999556e-01,2.000000000000000111e-01,5.000000000000000278e-02,2.000000000000000042e-02,-1.231601481140372378e+00,-1.199911844695383589e+00,-1.806508528284185067e+00,-5.329800817644094746e-01
1.432598582569003298e+00,5.071689157216028310e-01,2.444251327214286285e-02,6.999999999999999556e-01,2.000000000000000111e-01,5.000000000000000278e-02,2.000000000000000042e-02,-1.201416966365675076e+00,-1.206611858918015923e+00,-1.043861648087199390e+00,-2.034394515400314296e-01
4.020856506631780292e-01,1.495121516403540074e+00,8.848141271316667389e-02,6.999999999999999556e-01,2.000000000000000111e-01,5.000000000000000278e-02,2.000000000000000042e-02,-4.105447335505054696e-01,-3.889812040026213724e-01,-1.037205299404179604e+00,-1.683267341682177509e-01
-2.687540244298182834e+00,2.356460486725225678e+00,6.504550777040885023e-01,6.999999999999999556e-01,2.000000000000000111e-01,5.000000000000000278e-02,2.000000000000000042e-02,4.941178384151329261e+00,4.857645689161688374e+00,-2.560837728277970626e+00,1.773263069808307613e+00
5.670416945335725600e-01,2.819776515231320779e+00,5.893260508085635951e-01,6.999999999999999556e-01,2.000000000000000111e-01,5.000000000000000278e-02,2.000000000000000042e-02,-1.037253283907978663e+00,-1.041024253604550864e+00,-1.861389985919938539e+00,-4.477006389527672381e-01
6.341797456112638898e-01,1.832386459155416425e+00,9.320393061374309118e-01,6.999999999999999556e-01,2.000000000000000111e-01,5.000000000000000278e-02,2.000000000000000042e-02,-7.547872990701413043e-01,-7.604181644817308294e-01,-1.230397211458992501e+00,-3.253774659880377951e-01
1.651632211231213176e-02,4.050024421374969208e-01,1.441260916366677858e-01,6.999999999999999556e-01,2.000000000000000111e-01,5.000000000000000278e-02,2.000000000000000042e-02,-1.194092788892589865e-02,-3.067776223176853223e-02,-7.230046952736446375e-01,-1.872962221372467383e-03
-2.132950871993529951e+00,1.042962571279749451e+00,6.639439643519470247e-01,6.999999999999999556e-01,2.000000000000000111e-01,5.000000000000000278e-02,2.000000000000000042e-02,2.303079087493218324e+00,2.338386151244821853e+00,-1.534709842863359430e+00,6.228846192429715600e-01
-1.763692993015778088e+00,5.647330490003871217e-01,6.875595267117506904e-02,6.999999999999999556e-01,2.000000000000000111e-01,5.000000000000000278e-02,2.000000000000000042e-02,1.587641029719767394e+00,1.545831889045298224e+00,-1.211241224370601444e+00,2.788844020049972561e-01
7.616682188516197272e-01,2.297953462813818071e+00,8.151600890139678590e-01,6.999999999999999556e-01,2.000000000000000111e-01,5.000000000000000278e-02,2.000000000000000042e-02,-1.118349478839971933e+00,-1.112067508609033917e+00,-1.526303387757412366e+00,-4.900778738870875118e-01
1.622979520967696487e+00,2.412826082973844599e+00,5.081493080587640154e-01,6.999999999999999556e-01,2.000000000000000111e-01,5.000000000000000278e-02,2.000000000000000042e-02,-2.672633874144434873e+00,-2.785742434895176256e+00,-1.910151537757126983e+00,-1.096470849690511118e+00
-2.561505979890370099e+00,1.188019024529228584e+00,5.285181790943893620e-02,6.999999999999999556e-01,2.000000000000000111e-01,5.000000000000000278e-02,2.000000000000000042e-02,3.139535759021350625e+00,3.185852122594330371e+00,-1.881791421122191998e+00,8.520729939554401167e-01
1.565859574682137989e+00,2.112110500795627566e-03,3.461064899106580661e-03,6.999999999999999556e-01,2.000000000000000111e-01,5.000000000000000278e-02,2.000000000000000042e-02,-1.288070503723091953e+00,-1.285998742805104955e+00,-1.067788055685066295e+00,-9.260351661281051618e-04
-2.940545740074154146e-01,2.769656044727255573e+00,9.500081965113112981e-01,6.999999999999999556e-01,2.000000000000000111e-01,5.000000000000000278e-02,2.000000000000000042e-02,5.229062658655292406e-01,5.464458531173761457e-01,-1.786909458727393929e+00,2.280404079462141353e-01
7.709908433429619734e-01,2.639412552632284470e+00,4.764943020458437539e-01,6.999999999999999556e-01,2.000000000000000111e-01,5.000000000000000278e-02,2.000000000000000042e-02,-1.314563405224355108e+00,-1.260071686241480915e+00,-1.764473839296806013e+00,-5.697896147675101108e-01
1.714579030125950254e+00,2.788623327055240519e+00,9.179148644334170770e-01,6.999999999999999556e-01,2.000000000000000111e-01,5.000000000000000278e-02,2.000000000000000042e-02,-3.318889832408438156e+00,-3.362147168677312337e+00,-2.229665996009676299e+00,-1.338768222256912832e+00
-2.495649041960507297e+00,2.240635229787932836e+00,1.331307858129997523e-01,6.999999999999999556e-01,2.000000000000000111e-01,5.000000000000000278e-02,2.000000000000000042e-02,4.278230457567920197e+00,4.282343265909910990e+00,-2.337102093711115103e+00,1.565714966088900262e+00
1.375722674759693120e+00,2.968367151661670977e+00,4.748288823799036162e-01,6.999999999999999556e-01,2.000000000000000111e-01,5.000000000000000278e-02,2.000000000000000042e-02,-2.790239546488328504e+00,-2.860669990023492204e+00,-2.217460428266157635e+00,-1.143421999314785609e+00
1.460848990234643985e+00,8.189395346877399451e-01,6.940662514986181142e-01,6.999999999999999556e-01,2.000000000000000111e-01,5.000000000000000278e-02,2.000000000000000042e-02,-1.315635726073508538e+00,-1.326864312174980798e+00,-1.114004640446876859e+00,-3.349771578473079159e-01
-1.919062141726453063e-01,3.788094877268640692e-01,6.015203312539152414e-02,6.999999999999999556e-01,2.000000000000000111e-01,5.000000000000000278e-02,2.000000000000000042e-02,1.385430312234429973e-01,1.404637077702828585e-01,-7.256137271745760620e-01,2.035485051105565338e-02
-1.453305540801992368e+00,2.499551265866119198e+00,5.609905486154223020e-01,6.999999999999999556e-01,2.000000000000000111e-01,5.000000000000000278e-02,2.000000000000000042e-02,2.441975877542537088e+00,2.445450139263117162e+00,-1.891500463535874754e+00,1.017131277176522186e+00
4.471742680711345841e-01,2.442734377157170567e+00,9.633204796133858494e-01,6.999999999999999556e-01,2.000000000000000111e-01,5.000000000000000278e-02,2.000000000000000042e-02,-6.910503311903314350e-01,-6.745344559041754895e-01,-1.565367897132103447e+00,-3.058518280152877633e-01
5.214408036529243340e-01,7.992208262545674735e-01,2.524442056210010055e-01,6.999999999999999556e-01,2.000000000000000111e-01,5.000000000000000278e-02,2.000000000000000042e-02,-4.187276943232227655e-01,-4.080300535470454126e-01,-8.302106268337958728e-01,-1.166889779827340323e-01
-5.806244140412220034e-01,1.799749180996586206e+00,2.559228636088313191e-01,6.999999999999999556e-01,2.000000000000000111e-01,5.000000000000000278e-02,2.000000000000000042e-02,6.795220726721424853e-01,6.998759642128792313e-01,-1.204042302556810329e+00,2.925939278184473413e-01
1.548253681200768561e-01,2.781479352747342482e-01,2.524424964903504431e-01,6.999999999999999556e-01,2.000000000000000111e-01,5.000000000000000278e-02,2.000000000000000042e-02,-1.102402794702674466e-01,-1.233221407006643289e-01,-7.144269125376911944e-01,-1.205801981181000952e-02
1.420705147082060193e+00,4.426332061097244530e-01,5.247214588110146183e-01,6.999999999999999556e-01,2.000000000000000111e-01,5.000000000000000278e-02,2.000000000000000042e-02,-1.176840451464412629e+00,-1.172660960538843611e+00,-1.030189848962955068e+00,-1.760783567730655474e-01
1.754611411776880736e+00,2.913491319599160523e+00,3.336252121737768306e-01,6.999999999999999556e-01,2.000000000000000111e-01,5.000000000000000278e-02,2.000000000000000042e-02,-3.583466563051013409e+00,-3.656239223236231517e+00,-2.350179614663800542e+00,-1.431372632894839514e+00
2.668496889871796007e+00,2.616827688323618784e+00,5.911063974096575357e-01,6.999999999999999556e-01,2.000000000000000111e-01,5.000000000000000278e-02,2.000000000000000042e-02,-5.376311369197166457e+00,-5.391620285516307121e+00,-2.726821548741116263e+00,-1.955239033334153609e+00
2.841884418915180177e+00,5.201888440415346482e-01,9.683748055516794295e-01,6.999999999999999556e-01,2.000000000000000111e-01,5.000000000000000278e-02,2.000000000000000042e-02,-3.244576182027364197e+00,-3.421117013405762908e+00,-1.949329558256068351e+00,-4.139286398170380354e-01
-2.858805833812361641e+00,1.958728126445907325e+00,8.634549660475776545e-02,6.999999999999999556e-01,2.000000000000000111e-01,5.000000000000000278e-02,2.000000000000000042e-02,4.704921902797678968e+00,4.697558919488284523e+00,-2.463041841582180425e+00,1.567894550526056419e+00
2.429296465104833658e+00,2.133120820681032370e+00,9.409405637744694406e-01,6.999999999999999556e-01,2.000000000000000111e-01,5.000000000000000278e-02,2.000000000000000042e-02,-3.964861287623847375e+00,-3.958696409467632016e+00,-2.222250818292835106e+00,-1.450955203410146943e+00
2.291422865109466578e+00,1.590511956616276645e+00,7.794371010838155867e-01,6.999999999999999556e-01,2.000000000000000111e-01,5.000000000000000278e-02,2.000000000000000042e-02,-3.017100210780732983e+00,-3.043609202702727501e+00,-1.841754771791478618e+00,-1.020469930093748978e+00
2.984637455585861687e+00,1.503631862024497723e+00,6.300349413546626476e-01,6.999999999999999556e-01,2.000000000000000111e-01,5.000000000000000278e-02,2.000000000000000042e-02,-4.363331828682594171e+00,-4.396647756575684518e+00,-2.352736339902243401e+00,-1.256582872946975682e+00
1.752817071046870012e+00,2.042489514115905624e+00,3.686663085640868864e-01,6.999999999999999556e-01,2.000000000000000111e-01,5.000000000000000278e-02,2.000000000000000042e-02,-2.519964214326107843e+00,-2.605160922915307431e+00,-1.744902030821279038e+00,-1.002430936577444198e+00
2.681727818720050394e+00,7.992409332251060317e-02,7.647256942622613352e-01,6.999999999999999556e-01,2.000000000000000111e-01,5.000000000000000278e-02,2.000000000000000042e-02,-2.843912026773216972e+00,-2.879780997244070662e+00,-1.779643914551629624e+00,-6.001370604570714640e-02
2.887503878775065758e+00,2.893164623660878121e+00,1.408802561534411302e-01,6.999999999999999556e-01,2.000000000000000111e-01,5.000000000000000278e-02,2.000000000000000042e-02,-6.608746054977886253e+00,-6.685131119072922345e+00,-3.122508013035548480e+00,-2.339126740371564761e+00
-2.194717898071639528e+00,1.828828147833881701e+00,2.057929886144949094e-02,6.999999999999999556e-01,2.000000000000000111e-01,5.000000000000000278e-02,2.000000000000000042e-02,3.092544218226188857e+00,3.107547520498578741e+00,-1.890763733020730308e+00,1.123853323193503284e+00
-2.277587983997360510e+00,1.431276430840614289e+00,5.738694247428407502e-01,6.999999999999999556e-01,2.000000000000000111e-01,5.000000000000000278e-02,2.000000000000000042e-02,2.838256493585853857e+00,2.865448018001874431e+00,-1.764908364734552926e+00,9.127602401851393488e-01
3.676450808285611771e-01,8.422919676685665102e-01,2.116807766319033224e-01,6.999999999999999556e-01,2.000000000000000111e-01,5.000000000000000278e-02,2.000000000000000042e-02,-2.963520642154007789e-01,-3.048317755797584905e-01,-8.195982420504738242e-01,-8.670605958973222338e-02
2.494814106938218146e+00,8.198231857920759147e-01,2.731293577250059057e-01,6.999999999999999556e-01,2.000000000000000111e-01,5.000000000000000278e-02,2.000000000000000042e-02,-2.757518729059721618e+00,-2.764283814524258531e+00,-1.727710022061408557e+00,-5.726858057505487265e-01
1.905107184198686632e-01,1.850778986362955569e+00,3.057858569391360692e-01,6.999999999999999556e-01,2.000000000000000111e-01,5.000000000000000278e-02,2.000000000000000042e-02,-2.250633267105874580e-01,-2.175507762224008212e-01,-1.184997749965704505e+00,-9.872610561195281631e-02
4.202455645855929234e-02,5.781438769047814175e-01,3.363810144189292028e-01,6.999999999999999556e-01,2.000000000000000111e-01,5.000000000000000278e-02,2.000000000000000042e-02,-3.138744155641227940e-02,-4.890752570496023632e-02,-7.470599574381795449e-01,-6.802947198923494157e-03
2.143631604560821913e+00,2.102387909983977732e+00,5.690366683951079141e-01,6.999999999999999556e-01,2.000000000000000111e-01,5.000000000000000278e-02,2.000000000000000042e-02,-3.319547971452360802e+00,-3.250783010836955977e+00,-2.008078357777352441e+00,-1.261888647288703424e+00
5.085700002205792991e-01,2.570023980509338335e-01,8.671546226717131711e-01,6.999999999999999556e-01,2.000000000000000111e-01,5.000000000000000278e-02,2.000000000000000042e-02,-3.672786783549958911e-01,-3.260280486385356835e-01,-7.480435493332042718e-01,-3.659703869736678772e-02
1.946945592162991012e+00,1.158902237902173171e+00,9.030104778087457706e-01,6.999999999999999556e-01,2.000000000000000111e-01,5.000000000000000278e-02,2.000000000000000042e-02,-2.097945771433280981e+00,-2.081177835555026778e+00,-1.456617186408488029e+00,-6.317694890728093871e-01
6.222140349378246782e-01,8.484086775592186713e-01,5.206125350993270340e-01,6.999999999999999556e-01,2.000000000000000111e-01,5.000000000000000278e-02,2.000000000000000042e-02,-5.102958582868967197e-01,-5.195818920771134719e-01,-8.588441655731308133e-01,-1.478097002313078778e-01
1.058096819088047980e-01,6.126849215144836158e-03,1.521420129058413950e-01,6.999999999999999556e-01,2.000000000000000111e-01,5.000000000000000278e-02,2.000000000000000042e-02,-7.412656401752590329e-02,-6.936354243231011851e-02,-7.016846086772291491e-01,-1.815183906361519039e-04
-1.253722602580609191e-02,2.088295083927028450e+00,3.504750040911061015e-01,6.999999999999999556e-01,2.000000000000000111e-01,5.000000000000000278e-02,2.000000000000000042e-02,1.643059322969894070e-02,4.019004227074635116e-02,-1.310560267362994358e+00,7.330799693216399904e-03
1.767617621169519815e+00,2.665600178953992483e+00,9.667286133361527867e-01,6.999999999999999556e-01,2.000000000000000111e-01,5.000000000000000278e-02,2.000000000000000042e-02,-3.271830179126469673e+00,-3.187349370200029508e+00,-2.163430212165886601e+00,-1.319293317247276498e+00
-2.261229790229323466e+00,1.164329559907915979e+00,1.233897846179099478e-01,6.999999999999999556e-01,2.000000000000000111e-01,5.000000000000000278e-02,2.000000000000000042e-02,2.590127638586867231e+00,2.521389202201765656e+00,-1.656766890003633197e+00,7.371886722223456312e-01
-9.664057824303950994e-01,7.220886025002863917e-01,8.026208195677970725e-01,6.999999999999999556e-01,2.000000000000000111e-01,5.000000000000000278e-02,2.000000000000000042e-02,7.921576783825363677e-01,7.990232677885155121e-01,-9.130886934277500089e-01,1.953925682473407477e-01
-2.416194198266450321e+00,1.969832713798600476e+00,5.744469839495914831e-01,6.999999999999999556e-01,2.000000000000000111e-01,5.000000000000000278e-02,2.000000000000000042e-02,3.709180533125512103e+00,3.656488139745235788e+00,-2.118932889409630427e+00,1.332659544897977888e+00
9.528896712276759828e-01,3.399261510524750340e-01,7.714464582375432089e-01,6.999999999999999556e-01,2.000000000000000111e-01,5.000000000000000278e-02,2.000000000000000042e-02,-7.256987681640352239e-01,-7.341795121259518941e-01,-8.523767791735672450e-01,-9.069539312906302331e-02
-5.701885312553724994e-01,2.554281203926011656e+00,7.994221534954357722e-01,6.999999999999999556e-01,2.000000000000000111e-01,5.000000000000000278e-02,2.000000000000000042e-02,9.292163462040716748e-01,9.350072921547779581e-01,-1.662176589798433968e+00,4.077981174623375726e-01
2.369055073039670667e+00,1.516953742592911158e+00,5.628597159279461470e-01,6.999999999999999556e-01,2.000000000000000111e-01,5.000000000000000278e-02,2.000000000000000042e-02,-3.086362090481444831e+00,-3.052212458906108594e+00,-1.864024102867579691e+00,-1.006249148647750058e+00
-9.535509932861900850e-01,2.043013274382736277e+00,8.201845421564039063e-01,6.999999999999999556e-01,2.000000000000000111e-01,5.000000000000000278e-02,2.000000000000000042e-02,1.268041101277258997e+00,1.261383222465712883e+00,-1.420735378022131901e+00,5.454728543836683263e-01
2.505903299059355049e+00,9.189506640530918924e-01,8.078611644794129187e-01,6.999999999999999556e-01,2.000000000000000111e-01,5.000000000000000278e-02,2.000000000000000042e-02,-2.837192266406413754e+00,-2.884429428901889025e+00,-1.760158546850390859e+00,-6.447844202025597715e-01
-1.129887112258711301e+00,1.580452908982345139e+00,8.377808728232034596e-01,6.999999999999999556e-01,2.000000000000000111e-01,5.000000000000000278e-02,2.000000000000000042e-02,1.258161659437505353e+00,1.253570589356023168e+00,-1.241193128618755415e+00,5.000053445494636595e-01
2.660990611367052061e+00,1.698744507568377138e+00,8.787893984416695892e-01,6.999999999999999556e-01,2.000000000000000111e-01,5.000000000000000278e-02,2.000000000000000042e-02,-3.879847137293453319e+00,-3.958547698082385491e+00,-2.166133261346661953e+00,-1.265696092010223373e+00
2.390207273850755598e+00,1.863337387724826488e+00,1.483723877884980391e-01,6.999999999999999556e-01,2.000000000000000111e-01,5.000000000000000278e-02,2.000000000000000042e-02,-3.517759378253716207e+00,-3.394015523952747859e+00,-2.043047292664404324e+00,-1.247053521777824692e+00
-1.265485405052936274e+00,2.372801803974272428e+00,4.821317991305676953e-01,6.999999999999999556e-01,2.000000000000000111e-01,5.000000000000000278e-02,2.000000000000000042e-02,1.984659547969364057e+00,1.923462883088708608e+00,-1.728444372692397923e+00,8.407688945635615196e-01
1.910584090238973687e-01,1.293333526774973929e+00,9.903258879220485644e-01,6.999999999999999556e-01,2.000000000000000111e-01,5.000000000000000278e-02,2.000000000000000042e-02,-1.788315862817496660e-01,-1.665456042186664043e-01,-9.396551229560382579e-01,-6.918862886960994163e-02
-2.553740959198628424e+00,1.294682442438397363e+00,2.854398900259188521e-01,6.999999999999999556e-01,2.000000000000000111e-01,5.000000000000000278e-02,2.000000000000000042e-02,3.219623837678454947e+00,3.227750586853030068e+00,-1.912907300749465245e+00,9.257594030748715896e-01
7.265639171611493197e-01,1.284503412414174983e+00,3.299228310462308800e-01,6.999999999999999556e-01,2.000000000000000111e-01,5.000000000000000278e-02,2.000000000000000042e-02,-6.956032984090865234e-01,-6.951272429530480634e-01,-1.010177131168595421e+00,-2.613166726605417045e-01
1.073052754338521098e+00,1.186471213453632600e-01,8.484285217496327913e-01,6.999999999999999556e-01,2.000000000000000111e-01,5.000000000000000278e-02,2.000000000000000042e-02,-8.150296118242961185e-01,-8.356237221010194283e-01,-8.746871315555186932e-01,-3.564809369911405706e-02
-2.370206577221143363e-01,1.112206541127040538e+00,7.723423993125946296e-01,6.999999999999999556e-01,2.000000000000000111e-01,5.000000000000000278e-02,2.000000000000000042e-02,2.076275871176836152e-01,1.981103599842942153e-01,-8.816072934456619103e-01,7.381245925221530113e-02
-4.108144781942959511e-01,2.781718528851313987e+00,8.000818918881632547e-01,6.999999999999999556e-01,2.000000000000000111e-01,5.000000000000000278e-02,2.000000000000000042e-02,7.360778860470784668e-01,7.295881679842336487e-01,-1.808629396649768184e+00,3.199756688557679474e-01
-3.597899501415025014e-02,2.040215553575564389e+00,8.490487821103885890e-01,6.999999999999999556e-01,2.000000000000000111e-01,5.000000000000000278e-02,2.000000000000000042e-02,4.615428133914380171e-02,3.564029521359425579e-02,-1.282941303919564735e+00,2.055337346436836646e-02
1.731923691795842046e+00,1.121278604680906676e+00,9.971905236591843691e-01,6.999999999999999556e-01,2.000000000000000111e-01,5.000000000000000278e-02,2.000000000000000042e-02,-1.776945365130893517e+00,-1.785157790253095733e+00,-1.325951150434683257e+00,-5.437513145541809090e-01
-1.801072746402629265e+00,2.458186458167340049e+00,1.575750220812183189e-01,6.999999999999999556e-01,2.000000000000000111e-01,5.000000000000000278e-02,2.000000000000000042e-02,3.076535632064812287e+00,3.083956745052128579e+00,-2.032554748511567144e+00,1.239664337906736691e+00
2.011168475295729507e+00,8.218918929453721267e-01,5.321719476087880540e-01,6.999999999999999556e-01,2.000000000000000111e-01,5.000000000000000278e-02,2.000000000000000042e-02,-2.004754479958297697e+00,-2.022144345992234804e+00,-1.401290675120008267e+00,-4.628296582540021298e-01
1.302110232252870148e+00,1.248435042853524024e+00,4.097529884792922017e-01,6.999999999999999556e-01,2.000000000000000111e-01,5.000000000000000278e-02,2.000000000000000042e-02,-1.305986823687277365e+00,-1.294272826374026186e+00,-1.172526266412098561e+00,-4.551680122087346514e-01
-6.188326860829169718e-01,8.690768759356405360e-01,4.005240756854662187e-01,6.999999999999999556e-01,2.000000000000000111e-01,5.000000000000000278e-02,2.000000000000000042e-02,5.104682390471151354e-01,5.252030909513094592e-01,-8.631843302847370669e-01,1.505876897133846537e-01
2.843766466021602213e+00,1.223404986532785843e+00,8.478186594897804129e-01,6.999999999999999556e-01,2.000000000000000111e-01,5.000000000000000278e-02,2.000000000000000042e-02,-3.736399598667831778e+00,-3.775894395397702219e+00,-2.122591923540609216e+00,-9.741418610183528726e-01
4.996953985335048642e-01,4.185002280600403912e-01,9.910899774586251487e-01,6.999999999999999556e-01,2.000000000000000111e-01,5.000000000000000278e-02,2.000000000000000042e-02,-3.682778654275346009e-01,-3.534816099244917353e-01,-7.619742654214164412e-01,-5.855433870911087163e-02
6.087639680716083745e-02,1.719484285351569053e+00,6.981531052069427368e-01,6.999999999999999556e-01,2.000000000000000111e-01,5.000000000000000278e-02,2.000000000000000042e-02,-6.782318299674350293e-02,-6.654038127904614297e-02,-1.114483559413172786e+00,-2.930928214444705401e-02
1.798347480414430599e-01,4.227615172801419963e-01,2.363339483141502217e-02,6.999999999999999556e-01,2.000000000000000111e-01,5.000000000000000278e-02,2.000000000000000042e-02,-1.306749143089078191e-01,-1.417213505479003322e-01,-7.298729025594905551e-01,-2.128761906367390017e-02
-9.452058876208235816e-01,1.358457417728441641e+00,4.155509802050221246e-01,6.999999999999999556e-01,2.000000000000000111e-01,5.000000000000000278e-02,2.000000000000000042e-02,9.480676178336561177e-01,9.575271499957909160e-01,-1.092369043308359933e+00,3.595261458093489959e-01
1.658989962299601828e-01,2.284044221489678339e+00,9.489057875198966263e-01,6.999999999999999556e-01,2.000000000000000111e-01,5.000000000000000278e-02,2.000000000000000042e-02,-2.375236058532156080e-01,-2.152215606414802640e-01,-1.434488492343370725e+00,-1.060977802331939529e-01
-2.438834687477116514e+00,2.689135794303802562e+00,5.225753659937509843e-01,6.999999999999999556e-01,2.000000000000000111e-01,5.000000000000000278e-02,2.000000000000000042e-02,4.901567312343185101e+00,4.870770303742378182e+00,-2.604590379755073126e+00,1.836340143255643431e+00
6.368332811510035718e-01,1.981830015174713022e+00,2.229862323644792310e-01,6.999999999999999556e-01,2.000000000000000111e-01,5.000000000000000278e-02,2.000000000000000042e-02,-8.088730664879555388e-01,-8.452045373273484596e-01,-1.310704523463869453e+00,-3.533866871492316042e-01
-9.593051123192877228e-01,1.144355502813329206e+00,1.245437078404071363e-01,6.999999999999999556e-01,2.000000000000000111e-01,5.000000000000000278e-02,2.000000000000000042e-02,8.915304433516432203e-01,9.070802469647034627e-01,-1.021376877132968763e+00,3.073801035646699931e-01
9.627165815549707517e-01,6.097559568413526421e-01,1.957297496205879783e-01,6.999999999999999556e-01,2.000000000000000111e-01,5.000000000000000278e-02,2.000000000000000042e-02,-7.686266481423446040e-01,-7.486943531631422566e-01,-8.910758082266251323e-01,-1.643662076988644249e-01
6.230402573607296546e-01,8.401375682348234397e-01,8.790176566973073591e-02,6.999999999999999556e-01,2.000000000000000111e-01,5.000000000000000278e-02,2.000000000000000042e-02,-5.097873119661983088e-01,-5.319136437735836331e-01,-8.570432330421517975e-01,-1.465630674848037163e-01
2.955080420014061460e+00,8.146639046989774258e-01,8.189465548299726949e-01,6.999999999999999556e-01,2.000000000000000111e-01,5.000000000000000278e-02,2.000000000000000042e-02,-3.633389087024706754e+00,-3.642996997002154735e+00,-2.102789862179286207e+00,-6.740712590270817595e-01
1.429309999852375057e+00,1.994563233698825266e+00,6.729800658669948810e-01,6.999999999999999556e-01,2.000000000000000111e-01,5.000000000000000278e-02,2.000000000000000042e-02,-1.942583657780649897e+00,-1.924673085034806164e+00,-1.563398610402935596e+00,-7.982377690738137188e-01
-2.951870857992739960e+00,2.303807182160433342e+00,6.315934398264969607e-01,6.999999999999999556e-01,2.000000000000000111e-01,5.000000000000000278e-02,2.000000000000000042e-02,5.545771090169012929e+00,5.283813189702471824e+00,-2.750085088900378949e+00,1.904151559367051050e+00
-2.279832060976814567e+00,4.283268865878022691e-01,7.750830684578624563e-01,6.999999999999999556e-01,2.000000000000000111e-01,5.000000000000000278e-02,2.000000000000000042e-02,2.246926470521423358e+00,2.281795478165768554e+00,-1.505330082987028639e+00,2.734237432139504098e-01
-2.817097516478916930e-02,1.363042941120812923e+00,4.624882331060760077e-01,6.999999999999999556e-01,2.000000000000000111e-01,5.000000000000000278e-02,2.000000000000000042e-02,2.704818513018989248e-02,4.141900130288936333e-02,-9.602230888837587353e-01,1.075150967599956993e-02
2.406599461071419199e-01,2.273974879722758580e+00,7.851685082375196023e-01,6.999999999999999556e-01,2.000000000000000111e-01,5.000000000000000278e-02,2.000000000000000042e-02,-3.433809526752024111e-01,-3.272469531808137044e-01,-1.432622226954462619e+00,-1.532313081608605854e-01
-1.421346320205989500e-01,2.093937953487519543e+00,8.031323123703848488e-01,6.999999999999999556e-01,2.000000000000000111e-01,5.000000000000000278e-02,2.000000000000000042e-02,1.868858309399471229e-01,2.165785216542455427e-01,-1.316870999470714843e+00,8.333390813801608288e-02
1.394860074032545860e+00,3.252622253158814480e-01,6.795986682756024466e-01,6.999999999999999556e-01,2.000000000000000111e-01,5.000000000000000278e-02,2.000000000000000042e-02,-1.132756246381377618e+00,-1.156623780321315964e+00,-1.006656566049953350e+00,-1.270346816715482718e-01
2.604338633464260866e+00,1.721578949657359026e+00,1.860837144576842350e-01,6.999999999999999556e-01,2.000000000000000111e-01,5.000000000000000278e-02,2.000000000000000042e-02,-3.786879626745775607e+00,-3.715799456950479751e+00,-2.132323728849641054e+00,-1.255400879362415401e+00
-2.627828049076901706e+00,2.804163144188938084e+00,9.634085034562486216e-01,6.999999999999999556e-01,2.000000000000000111e-01,5.000000000000000278e-02,2.000000000000000042e-02,5.639687793922032455e+00,5.894685157750219950e+00,-2.836688369819160283e+00,2.063280398056462683e+00
7.616734484905109959e-01,2.572548217687298688e+00,4.951127432884276924e-01,6.999999999999999556e-01,2.000000000000000111e-01,5.000000000000000278e-02,2.000000000000000042e-02,-1.260971666473811537e+00,-1.317898033069396124e+00,-1.713542572845967449e+00,-5.486436682647206631e-01
-1.267607341352941841e+00,7.106779323714871310e-01,7.273061038959283131e-01,6.999999999999999556e-01,2.000000000000000111e-01,5.000000000000000278e-02,2.000000000000000042e-02,1.078797552227690026e+00,1.070590062698385303e+00,-1.011733093076154777e+00,2.522409580352554248e-01
-6.565641751587980579e-01,2.522471774446928272e+00,2.683082185491837413e-01,6.999999999999999556e-01,2.000000000000000111e-01,5.000000000000000278e-02,2.000000000000000042e-02,1.058614376482475361e+00,1.073235915542608998e+00,-1.655462416818693772e+00,4.637260879863071561e-01
2.728491766108597893e+00,2.952269197504304721e+00,1.118618995636024849e-01,6.999999999999999556e-01,2.000000000000000111e-01,5.000000000000000278e-02,2.000000000000000042e-02,-6.254953988383759267e+00,-6.346313930804505787e+00,-3.036925175692942069e+00,-2.255467815083429084e+00
-2.597413179990677889e+00,2.802674227645161054e+00,5.418117123175092420e-02,6.999999999999999556e-01,2.000000000000000111e-01,5.000000000000000278e-02,2.000000000000000042e-02,5.550737828408059293e+00,5.346655366147709643e+00,-2.811680879821289114e+00,2.038316833869605826e+00
-1.769021473774652797e+00,2.605517211364991592e+00,6.001351242752750448e-02,6.999999999999999556e-01,2.000000000000000111e-01,5.000000000000000278e-02,2.000000000000000042e-02,3.196431881238652295e+00,3.215579648621622599e+00,-2.119836337622065248e+00,1.290580451214353719e+00
2.362651852000308139e-02,3.621976258016944561e-01,9.758896178861992121e-01,6.999999999999999556e-01,2.000000000000000111e-01,5.000000000000000278e-02,2.000000000000000042e-02,-1.697315168404410490e-02,-1.388135937043559302e-02,-7.184499286757001224e-01,-2.396091295893366165e-03
1.487229714460434060e+00,1.304445515246030585e+00,8.606753589499904766e-02,6.999999999999999556e-01,2.000000000000000111e-01,5.000000000000000278e-02,2.000000000000000042e-02,-1.559826669785895126e+00,-1.582918866200497821e+00,-1.269998767850477162e+00,-5.432028367271933833e-01
2.709877521556661506e+00,1.975372258790272895e+00,1.419463486310863498e-01,6.999999999999999556e-01,2.000000000000000111e-01,5.000000000000000278e-02,2.000000000000000042e-02,-4.372293043701332316e+00,-4.352461340981423454e+00,-2.347808805787456876e+00,-1.498844726624663171e+00
2.837342778785187036e+00,2.605424693663244362e+00,9.063409379448471581e-01,6.999999999999999556e-01,2.000000000000000111e-01,5.000000000000000278e-02,2.000000000000000042e-02,-5.824721403604061543e+00,-5.720255096796170058e+00,-2.857930403457697111e+00,-2.069895223265523665e+00
2.567891651964451682e+00,2.492025211218192648e+00,8.727094210455921264e-03,6.999999999999999556e-01,2.000000000000000111e-01,5.000000000000000278e-02,2.000000000000000042e-02,-4.876759888826128986e+00,-4.780686497399575074e+00,-2.558536681902899179e+00,-1.791790206184200596e+00
1.666620836516955251e+00,1.239599690460789549e+00,8.287180566768339585e-01,6.999999999999999556e-01,2.000000000000000111e-01,5.000000000000000278e-02,2.000000000000000042e-02,-1.756628837397953724e+00,-1.742535095004025480e+00,-1.331768786869539367e+00,-5.784639484573375068e-01
-2.972233868526314993e-01,1.067230337448212385e+00,7.777981576044532552e-01,6.999999999999999556e-01,2.000000000000000111e-01,5.000000000000000278e-02,2.000000000000000042e-02,2.567636661047417168e-01,2.316438967415243300e-01,-8.727085442975978102e-01,8.881762832550564590e-02
-1.291867096466942755e+00,2.099898004169015397e+00,9.124102290631738166e-01,6.999999999999999556e-01,2.000000000000000111e-01,5.000000000000000278e-02,2.000000000000000042e-02,1.809629417073518320e+00,1.797719815545494093e+00,-1.567678117147911498e+00,7.595809585063150182e-01
2.176177844655340365e+00,8.282252195543702289e-01,6.435867572150831828e-01,6.999999999999999556e-01,2.000000000000000111e-01,5.000000000000000278e-02,2.000000000000000042e-02,-2.247603227877423393e+00,-2.350947709310665434e+00,-1.506396483738138281e+00,-5.046623044901270561e-01
1.486563140195540811e+00,1.261451852620602887e+00,2.540315634669678690e-01,6.999999999999999556e-01,2.000000000000000111e-01,5.000000000000000278e-02,2.000000000000000042e-02,-1.536021106568038253e+00,-1.569422948300428056e+00,-1.254257004175397316e+00,-5.250637916264064842e-01
1.261771988046573867e+00,2.558444597844372392e+00,9.919073996132174997e-01,6.999999999999999556e-01,2.000000000000000111e-01,5.000000000000000278e-02,2.000000000000000042e-02,-2.139956275008995323e+00,-2.134003731577689411e+00,-1.855199708906317912e+00,-9.038886434281510063e-01
1.628261981853284190e+00,8.416921874233596057e-01,7.756022483266433731e-01,6.999999999999999556e-01,2.000000000000000111e-01,5.000000000000000278e-02,2.000000000000000042e-02,-1.517123751214605409e+00,-1.501289907377943322e+00,-1.196867965604050621e+00,-3.837387089772278936e-01
2.499305207963371522e+00,2.545484976839192726e+00,2.651519618522262256e-01,6.999999999999999556e-01,2.000000000000000111e-01,5.000000000000000278e-02,2.000000000000000042e-02,-4.797305011515222262e+00,-4.802234618168770730e+00,-2.544108105806888620e+00,-1.781344280633880395e+00
2.778117551514416306e-01,1.723522724226410618e-01,2.744202654516028073e-01,6.999999999999999556e-01,2.000000000000000111e-01,5.000000000000000278e-02,2.000000000000000042e-02,-1.966956430763153463e-01,-1.975127573376862511e-01,-7.157356485083432585e-01,-1.340681644570052879e-02
-1.467996471486979093e+00,2.599275604163557851e-01,7.662602446741865192e-01,6.999999999999999556e-01,2.000000000000000111e-01,5.000000000000000278e-02,2.000000000000000042e-02,1.199660529095033290e+00,1.152014001236562502e+00,-1.032710773177692998e+00,1.068403676293600696e-01
-2.929331950241884641e+00,1.091556553976765320e+00,5.513871915954146052e-01,6.999999999999999556e-01,2.000000000000000111e-01,5.000000000000000278e-02,2.000000000000000042e-02,3.796000243724095391e+00,3.696371649933550163e+00,-2.153957250680337054e+00,8.953088169368191851e-01
-1.559195373478279745e+00,2.039105914479116599e+00,8.923652247395604808e-01,6.999999999999999556e-01,2.000000000000000111e-01,5.000000000000000278e-02,2.000000000000000042e-02,2.188592528165165696e+00,2.136840751090150814e+00,-1.646776942166330748e+00,8.902220622086498558e-01
9.379331806627018153e-01,6.688741274240952439e-01,3.584857146950427564e-01,6.999999999999999556e-01,2.000000000000000111e-01,5.000000000000000278e-02,2.000000000000000042e-02,-7.565565028900157474e-01,-7.690538145309321338e-01,-8.945927614754362045e-01,-1.756605865834038327e-01
-7.872030845719910630e-01,2.884108981279752459e+00,1.960576203380839377e-01,6.999999999999999556e-01,2.000000000000000111e-01,5.000000000000000278e-02,2.000000000000000042e-02,1.492156263294090568e+00,1.473354446879103108e+00,-1.957485150679742825e+00,6.357062561654570620e-01
-1.819878065524813238e+00,1.794235519780948973e+00,7.440637295264841411e-01,6.999999999999999556e-01,2.000000000000000111e-01,5.000000000000000278e-02,2.000000000000000042e-02,2.395500334166733580e+00,2.498441315394702045e+00,-1.647492780068856133e+00,9.142811627137610309e-01
-2.204435256709843305e+00,2.359970296521113342e-01,6.249712647797911469e-02,6.999999999999999556e-01,2.000000000000000111e-01,5.000000000000000278e-02,2.000000000000000042e-02,2.095919690989284767e+00,2.136684294299077358e+00,-1.436727463874455601e+00,1.456672483402955132e-01
-2.792592634694476494e+00,7.050803056625291054e-01,3.058591901165470528e-01,6.999999999999999556e-01,2.000000000000000111e-01,5.000000000000000278e-02,2.000000000000000042e-02,3.238089448609921206e+00,3.169348332721776185e+00,-1.939385396743118939e+00,5.513205791691664359e-01
4.243395418084778825e-01,2.578953394776248409e+00,4.173314840448019147e-01,6.999999999999999556e-01,2.000000000000000111e-01,5.000000000000000278e-02,2.000000000000000042e-02,-6.959776513628540551e-01,-7.100912803103082149e-01,-1.658149692751245574e+00,-3.064185325277360983e-01
9.460826945847728986e-01,3.368365555040959691e-01,5.605056998363903142e-01,6.999999999999999556e-01,2.000000000000000111e-01,5.000000000000000278e-02,2.000000000000000042e-02,-7.196263203235196970e-01,-7.313493911716919538e-01,-8.501451108662586575e-01,-8.922906609847117143e-02
2.724862301127862096e+00,7.341833021714772034e-02,5.170674768811651667e-01,6.999999999999999556e-01,2.000000000000000111e-01,5.000000000000000278e-02,2.000000000000000042e-02,-2.921047926686478835e+00,-2.957579654178338568e+00,-1.814485819185836624e+00,-5.601535526172946727e-02
1.691814689574396624e+00,7.420769140504105410e-01,8.889187015297682626e-01,6.999999999999999556e-01,2.000000000000000111e-01,5.000000000000000278e-02,2.000000000000000042e-02,-1.556819360850378198e+00,-1.574332221659569653e+00,-1.206430482070278032e+00,-3.515278547156659994e-01
-2.063402381929583473e+00,8.372322719117886169e-02,8.288208170265520813e-01,6.999999999999999556e-01,2.000000000000000111e-01,5.000000000000000278e-02,2.000000000000000042e-02,1.885666699974787086e+00,1.807048232089389028e+00,-1.339625749490884754e+00,4.837131779455083186e-02
-1.766008602133021244e+00,6.049065917588577479e-01,1.648953976571677638e-01,6.999999999999999556e-01,2.000000000000000111e-01,5.000000000000000278e-02,2.000000000000000042e-02,1.602064720283522092e+00,1.638236952305356153e+00,-1.219045635286638563e+00,2.991156684692709011e-01
2.799585409350924259e+00,1.469300062868339918e+00,1.435266331922445682e-01,6.999999999999999556e-01,2.000000000000000111e-01,5.000000000000000278e-02,2.000000000000000042e-02,-3.902963323592636868e+00,-3.853186255732242937e+00,-2.177889744101874747e+00,-1.151760685030087883e+00
-1.257050644537882178e+00,2.489782121992126562e+00,6.596885659389581935e-01,6.999999999999999556e-01,2.000000000000000111e-01,5.000000000000000278e-02,2.000000000000000042e-02,2.070200149251176569e+00,2.094967383362391633e+00,-1.804888550538792158e+00,8.763390219385475133e-01
2.424139136329213073e-01,1.372763705154355307e+00,3.751556566989858732e-01,6.999999999999999556e-01,2.000000000000000111e-01,5.000000000000000278e-02,2.000000000000000042e-02,-2.343573967608132413e-01,-2.331154521972281790e-01,-9.726419024549003423e-01,-9.317756623271514216e-02
1.824416530699046746e+00,1.665829846749335763e+00,9.809105072289252547e-01,6.999999999999999556e-01,2.000000000000000111e-01,5.000000000000000278e-02,2.000000000000000042e-02,-2.289502730887517767e+00,-2.270243425084749411e+00,-1.587772822588120025e+00,-8.509669027275772457e-01
8.372270973844226916e-01,3.448152992921991178e-01,2.997617302060965327e-01,6.999999999999999556e-01,2.000000000000000111e-01,5.000000000000000278e-02,2.000000000000000042e-02,-6.293378517588350540e-01,-6.374438895764868995e-01,-8.217880445768475095e-01,-8.083283940484166374e-02
-2.764503703678053093e+00,1.036049550268192343e+00,1.993462138788129057e-01,6.999999999999999556e-01,2.000000000000000111e-01,5.000000000000000278e-02,2.000000000000000042e-02,3.406973950478199953e+00,3.269105148613720146e+00,-1.996647923032980110e+00,8.019655892949116849e-01
-1.670432911280288479e-01,1.951488464469435469e+00,3.445851699627794362e-01,6.999999999999999556e-01,2.000000000000000111e-01,5.000000000000000278e-02,2.000000000000000042e-02,2.062246622829754794e-01,2.077797118137863219e-01,-1.237348530940650893e+00,9.127525559694019130e-02
1.954757677558798257e-01,1.445040140172990650e+00,7.041403922269829918e-01,6.999999999999999556e-01,2.000000000000000111e-01,5.000000000000000278e-02,2.000000000000000042e-02,-1.943518367714369977e-01,-1.947415113625846905e-01,-9.980713573065271849e-01,-7.909169263474626066e-02
2.229989411193340487e-01,2.818124910364538493e+00,5.680490452400298595e-01,6.999999999999999556e-01,2.000000000000000111e-01,5.000000000000000278e-02,2.000000000000000042e-02,-4.045964223974943819e-01,-4.319278730153139900e-01,-1.819315200619451289e+00,-1.759628838669268502e-01
-2.329978643079472889e+00,1.254705529086826754e+00,2.487224431928705126e-01,6.999999999999999556e-01,2.000000000000000111e-01,5.000000000000000278e-02,2.000000000000000042e-02,2.776961883253140861e+00,2.649525813325277035e+00,-1.734720106641916892e+00,8.185623841152901425e-01
2.781129117660648298e+00,2.770979737140367938e+00,9.091697096427808766e-01,6.999999999999999556e-01,2.000000000000000111e-01,5.000000000000000278e-02,2.000000000000000042e-02,-6.011966749583561587e+00,-5.880638554191892631e+00,-2.935167893874934819e+00,-2.157806680794443377e+00
1.709873379258652903e-04,6.302965663611915792e-01,9.348035619487965464e-01,6.999999999999999556e-01,2.000000000000000111e-01,5.000000000000000278e-02,2.000000000000000042e-02,-1.292011664065927817e-04,-2.155536403796610642e-02,-7.556183310048394386e-01,-3.017636495605581775e-05
1.034176607172519802e+00,2.034277879644293741e+00,8.100006376834865129e-01,6.999999999999999556e-01,2.000000000000000111e-01,5.000000000000000278e-02,2.000000000000000042e-02,-1.378387989827510207e+00,-1.385414525943222896e+00,-1.439788297048841370e+00,-5.890647267726600855e-01
1.598232026766462255e+00,2.307880111851538629e+00,2.981211084518103904e-01,6.999999999999999556e-01,2.000000000000000111e-01,5.000000000000000278e-02,2.000000000000000042e-02,-2.514659495262823619e+00,-2.552239135355046429e+00,-1.828835327202486649e+00,-1.032787814435578211e+00
-1.484975505839467136e+00,2.897648357390213647e+00,5.813691020075284488e-02,6.999999999999999556e-01,2.000000000000000111e-01,5.000000000000000278e-02,2.000000000000000042e-02,2.948788407571467651e+00,3.045352056582734779e+00,-2.206264078373545878e+00,1.204822313872921269e+00
-2.842575097816118834e+00,5.153923322497138138e-01,6.454797665350689995e-01,6.999999999999999556e-01,2.000000000000000111e-01,5.000000000000000278e-02,2.000000000000000042e-02,3.243946005754193340e+00,3.143748986923464717e+00,-1.949223073868499689e+00,4.102115945923541784e-01
6.923249399831954420e-01,1.855867503409011743e+00,6.618754618586107918e-01,6.999999999999999556e-01,2.000000000000000111e-01,5.000000000000000278e-02,2.000000000000000042e-02,-8.350545649772012080e-01,-8.149464515620997718e-01,-1.254091260007753839e+00,-3.597617402160339095e-01
2.460814985678895894e+00,2.790095231807809384e+00,8.961830053714090472e-01,6.999999999999999556e-01,2.000000000000000111e-01,5.000000000000000278e-02,2.000000000000000042e-02,-5.149572596068582975e+00,-5.416144257917753890e+00,-2.698189955419207919e+00,-1.922454284213088949e+00
2.335811975546462804e+00,1.496248138041844200e+00,2.468810109787034079e-02,6.999999999999999556e-01,2.000000000000000111e-01,5.000000000000000278e-02,2.000000000000000042e-02,-3.004384588562597269e+00,-2.951976212632853258e+00,-1.831828826449056535e+00,-9.785872093836261998e-01
2.265289748186436469e+00,2.949396821334205221e+00,2.352563832534424471e-01,6.999999999999999556e-01,2.000000000000000111e-01,5.000000000000000278e-02,2.000000000000000042e-02,-4.925711059306007833e+00,-4.979819389046745037e+00,-2.687582471843269261e+00,-1.870746747156570411e+00
-1.778281739660396932e+00,2.717099247755011771e+00,9.347521012292672182e-01,6.999999999999999556e-01,2.000000000000000111e-01,5.000000000000000278e-02,2.000000000000000042e-02,3.363944024432665714e+00,3.208378663785278029e+00,-2.207910856942560063e+00,1.352895033595766572e+00
2.301500277390021054e+00,8.874475390213016901e-01,9.961856922396886693e-01,6.999999999999999556e-01,2.000000000000000111e-01,5.000000000000000278e-02,2.000000000000000042e-02,-2.474352189144733760e+00,-2.474128463165114145e+00,-1.604794367856046566e+00,-5.718890120234528807e-01
-2.543124063597115736e+00,1.460243256668146916e+00,3.433148001349876077e-01,6.999999999999999556e-01,2.000000000000000111e-01,5.000000000000000278e-02,2.000000000000000042e-02,3.361749219159761104e+00,3.353176719754621615e+00,-1.968645452037277366e+00,1.039802334126691319e+00
-1.290592185103570433e+00,9.734679388245861542e-01,8.688032694222522778e-01,6.999999999999999556e-01,2.000000000000000111e-01,5.000000000000000278e-02,2.000000000000000042e-02,1.182119183593500766e+00,1.142561263410523331e+00,-1.082513804146275627e+00,3.517780320028495722e-01
1.952847009555755520e+00,2.418131723812534606e+00,8.212635765155565926e-01,6.999999999999999556e-01,2.000000000000000111e-01,5.000000000000000278e-02,2.000000000000000042e-02,-3.338023102952148768e+00,-3.317925438478265932e+00,-2.090672261128829756e+00,-1.322227565556579387e+00
-2.440782517699029430e+00,1.646815132554230177e-01,1.118448565740078893e-01,6.999999999999999556e-01,2.000000000000000111e-01,5.000000000000000278e-02,2.000000000000000042e-02,2.444853169472779086e+00,2.440667819831031871e+00,-1.597409694918915601e+00,1.125464923917760957e-01
1.684807763220827148e+00,2.064624248494780545e+00,7.680099455280361420e-01,6.999999999999999556e-01,2.000000000000000111e-01,5.000000000000000278e-02,2.000000000000000042e-02,-2.423938185877304807e+00,-2.403291599437540338e+00,-1.722560840097544288e+00,-9.739785893594322674e-01
1.773437480862291693e+00,1.330818374310038799e-02,4.047295329310151013e-01,6.999999999999999556e-01,2.000000000000000111e-01,5.000000000000000278e-02,2.000000000000000042e-02,-1.520330390958670508e+00,-1.564754520753567579e+00,-1.171786869864714253e+00,-6.608344918620607036e-03
2.442466815015391646e+00,1.679678509666263642e-01,3.245429052745073539e-01,6.999999999999999556e-01,2.000000000000000111e-01,5.000000000000000278e-02,2.000000000000000042e-02,-2.447918535225369396e+00,-2.487626962451564783e+00,-1.598796469221883232e+00,-1.148716525531220389e-01
2.138610928863979410e+00,2.334658533052407670e+00,7.119773745242435892e-01,6.999999999999999556e-01,2.000000000000000111e-01,5.000000000000000278e-02,2.000000000000000042e-02,-3.618040164636545430e+00,-3.692477474269794335e+00,-2.149136770992086998e+00,-1.398019351106398966e+00
1.305099592118290630e+00,6.392098648400037497e-01,4.303172194887171509e-01,6.999999999999999556e-01,2.000000000000000111e-01,5.000000000000000278e-02,2.000000000000000042e-02,-1.099372491986284839e+00,-1.097951291306992649e+00,-1.012695236985328151e+00,-2.335851094865894206e-01
-1.996188696669433771e+00,1.710687479023635715e+00,8.837047887969416982e-01,6.999999999999999556e-01,2.000000000000000111e-01,5.000000000000000278e-02,2.000000000000000042e-02,2.612894619671410901e+00,2.582093982112914521e+00,-1.707418628030975771e+00,9.561594025650548279e-01
-2.301682498140192656e+00,2.737580397825029710e+00,2.813989495892618153e-01,6.999999999999999556e-01,2.000000000000000111e-01,5.000000000000000278e-02,2.000000000000000042e-02,4.635808631114833211e+00,4.537048371142278214e+00,-2.543869849174550613e+00,1.764291448899150128e+00
-2.520006461339954207e+00,5.310135978971727289e-01,2.430359284481103943e-01,6.999999999999999556e-01,2.000000000000000111e-01,5.000000000000000278e-02,2.000000000000000042e-02,2.663642268477541375e+00,2.734335616525688462e+00,-1.692041446540505811e+00,3.746841553728704199e-01
-1.133070852911399085e+00,1.181946230359958605e+00,7.755339534990679518e-02,6.999999999999999556e-01,2.000000000000000111e-01,5.000000000000000278e-02,2.000000000000000042e-02,1.087489727011913709e+00,1.074620760977049505e+00,-1.088156998462301184e+00,3.749840705322239343e-01
-1.128350419188567155e+00,2.332811751413914614e+00,8.504444343362392855e-01,6.999999999999999556e-01,2.000000000000000111e-01,5.000000000000000278e-02,2.000000000000000042e-02,1.721343954487975836e+00,1.757213341838040233e+00,-1.652857693727331823e+00,7.370241529268536373e-01
2.946383027615480543e+00,1.846321919029336733e+00,3.806013490483702855e-01,6.999999999999999556e-01,2.000000000000000111e-01,5.000000000000000278e-02,2.000000000000000042e-02,-4.747522574341664914e+00,-4.673435161923893411e+00,-2.479422589829429313e+00,-1.523192038407894744e+00
2.124480887374717852e+00,1.876279697547504677e+00,6.150603532081455604e-02,6.999999999999999556e-01,2.000000000000000111e-01,5.000000000000000278e-02,2.000000000000000042e-02,-3.013640983253700334e+00,-3.060666007161754187e+00,-1.869872426603124138e+00,-1.116113699906489121e+00
-2.438397402779758139e+00,5.758231361880116195e-01,9.770043601107177844e-01,6.999999999999999556e-01,2.000000000000000111e-01,5.000000000000000278e-02,2.000000000000000042e-02,2.544977837840137536e+00,2.448020213580382354e+00,-1.638287403866176106e+00,3.931439791275758711e-01
-1.753451072969953728e-01,1.574909075068501974e+00,1.553188952916376708e-01,6.999999999999999556e-01,2.000000000000000111e-01,5.000000000000000278e-02,2.000000000000000042e-02,1.838992655066375714e-01,1.867991492012238686e-01,-1.051859289260586472e+00,7.732272821025149012e-02
1.807629624179295291e+00,2.518277410956608175e+00,2.201305278665774967e-01,6.999999999999999556e-01,2.000000000000000111e-01,5.000000000000000278e-02,2.000000000000000042e-02,-3.165552088198143821e+00,-3.126040684694610494e+00,-2.077969685326391591e+00,-1.274591597985076374e+00
-6.484079254407775217e-01,1.578294740172778932e+00,6.760798503436619145e-01,6.999999999999999556e-01,2.000000000000000111e-01,5.000000000000000278e-02,2.000000000000000042e-02,6.936432238527738825e-01,7.160701421714006365e-01,-1.111806925826150261e+00,2.865460690986663117e-01
1.314046726766058271e-01,1.919186210244584245e+00,9.709062559415138072e-01,6.999999999999999556e-01,2.000000000000000111e-01,5.000000000000000278e-02,2.000000000000000042e-02,-1.598566697925375424e-01,-1.531514252337588533e-01,-1.218248677543202652e+00,-7.061321001354065041e-02
2.259016273549334208e+00,2.095420683311955745e+00,9.655838106355704165e-01,6.999999999999999556e-01,2.000000000000000111e-01,5.000000000000000278e-02,2.000000000000000042e-02,-3.546357413123387925e+00,-3.519350486835539193e+00,-2.080183476231324047e+00,-1.325405038589400508e+00
2.499773238783678408e+00,1.097578757577911013e+00,9.896432330059211635e-01,6.999999999999999556e-01,2.000000000000000111e-01,5.000000000000000278e-02,2.000000000000000042e-02,-2.952478148539986247e+00,-2.993287740640866001e+00,-1.805985014872934169e+00,-7.682354415821960325e-01
-1.971905133376195440e+00,1.548362847167423340e+00,3.424378369314672321e-01,6.999999999999999556e-01,2.000000000000000111e-01,5.000000000000000278e-02,2.000000000000000042e-02,2.425562306025931036e+00,2.387544353512946582e+00,-1.618901329163686009e+00,8.549029010643586224e-01
1.923955367477152123e+00,1.069091779247175689e+00,3.524360889875377545e-01,6.999999999999999556e-01,2.000000000000000111e-01,5.000000000000000278e-02,2.000000000000000042e-02,-2.010714644373336135e+00,-1.882941731894102411e+00,-1.415254650950166448e+00,-5.759277627623244911e-01
-3.022195514046055465e-01,8.282586678084580267e-01,6.040217385939161687e-02,6.999999999999999556e-01,2.000000000000000111e-01,5.000000000000000278e-02,2.000000000000000042e-02,2.419595634123827832e-01,2.638254789815863144e-01,-8.097422374996580130e-01,7.008846964897354204e-02
-2.864402489412044339e+00,2.255697845839396143e-01,7.707841962518242607e-01,6.999999999999999556e-01,2.000000000000000111e-01,5.000000000000000278e-02,2.000000000000000042e-02,3.200578856710205145e+00,3.111483655604383003e+00,-1.937843685082901946e+00,1.809143426995450388e-01
-1.181464368317367342e+00,2.661087620579553281e+00,8.598455977036085773e-01,6.999999999999999556e-01,2.000000000000000111e-01,5.000000000000000278e-02,2.000000000000000042e-02,2.080779837785118325e+00,2.091213929612802502e+00,-1.900772933456778224e+00,8.803144573118525384e-01
2.337307286911240567e+00,1.029417243239683089e+00,2.233208615982251732e-02,6.999999999999999556e-01,2.000000000000000111e-01,5.000000000000000278e-02,2.000000000000000042e-02,-2.621309400772970921e+00,-2.599942386685922813e+00,-1.667808783512344073e+00,-6.736980386909336982e-01
-1.896921162176447462e+00,2.135698374031492097e+00,3.282173455904825454e-01,6.999999999999999556e-01,2.000000000000000111e-01,5.000000000000000278e-02,2.000000000000000042e-02,2.880445479331098735e+00,2.773680357633033999e+00,-1.878315540604632794e+00,1.134350403683326736e+00
-2.008746863110991043e+00,6.183068476609091535e-01,8.908672661980736596e-01,6.999999999999999556e-01,2.000000000000000111e-01,5.000000000000000278e-02,2.000000000000000042e-02,1.918907001710014049e+00,1.905805909312275670e+00,-1.358782064109748999e+00,3.477661433900910426e-01
2.740539840983617914e+00,1.788500189287820286e+00,4.125458800244445889e-01,6.999999999999999556e-01,2.000000000000000111e-01,5.000000000000000278e-02,2.000000000000000042e-02,-4.174802848825745372e+00,-4.131716143311612299e+00,-2.274406402794336479e+00,-1.372407686818003514e+00
-4.020678536188153629e-01,2.226616972978790354e+00,7.930181847624253599e-01,6.999999999999999556e-01,2.000000000000000111e-01,5.000000000000000278e-02,2.000000000000000042e-02,5.637707664615224656e-01,5.961869435370846793e-01,-1.418344024047058616e+00,2.506703100039056609e-01
2.477329291322784677e+00,2.092372862269596290e+00,4.176560621178809773e-01,6.999999999999999556e-01,2.000000000000000111e-01,5.000000000000000278e-02,2.000000000000000042e-02,-4.012731927947607247e+00,-3.885957401504526842e+00,-2.233497449913594668e+00,-1.451379042419422172e+00
-1.314118183896433756e+00,1.427537104901181575e+00,9.633999881544483834e-01,6.999999999999999556e-01,2.000000000000000111e-01,5.000000000000000278e-02,2.000000000000000042e-02,1.408269542718667555e+00,1.396840760609124654e+00,-1.244336696208839799e+00,5.252666909665036910e-01
-2.632127644204238948e+00,2.962719599069001397e+00,8.882169566080666545e-02,6.999999999999999556e-01,2.000000000000000111e-01,5.000000000000000278e-02,2.000000000000000042e-02,5.988837483010502893e+00,5.944475610784025754e+00,-2.968093429486685420e+00,2.183511724445860835e+00
2.493595829957893528e+00,4.569953084917723896e-01,7.332315383886578442e-01,6.999999999999999556e-01,2.000000000000000111e-01,5.000000000000000278e-02,2.000000000000000042e-02,-2.593686940853446643e+00,-2.620433694215945852e+00,-1.661941284155198151e+00,-3.190772467583132821e-01
-1.082870275317677100e+00,2.229437212280243941e+00,9.401445396057300785e-01,6.999999999999999556e-01,2.000000000000000111e-01,5.000000000000000278e-02,2.000000000000000042e-02,1.575018617170293567e+00,1.580705561246037449e+00,-1.571745844664973912e+00,6.759735606023069554e-01
2.641308505791819528e+00,3.640661076477181846e-01,7.943413013416574797e-01,6.999999999999999556e-01,2.000000000000000111e-01,5.000000000000000278e-02,2.000000000000000042e-02,-2.819284388074966952e+00,-2.773216101614184748e+00,-1.765032771718518578e+00,-2.692510539041226836e-01
1.035591071763969140e+00,1.505362297597555798e+00,8.498587979899430156e-01,6.999999999999999556e-01,2.000000000000000111e-01,5.000000000000000278e-02,2.000000000000000042e-02,-1.108992352292285766e+00,-1.133266299764887464e+00,-1.178123520771533705e+00,-4.365031314453946543e-01
2.009422754314331705e+00,1.835458561210268069e-02,3.166423266550720816e-01,6.999999999999999556e-01,2.000000000000000111e-01,5.000000000000000278e-02,2.000000000000000042e-02,-1.812371032778956170e+00,-1.820533543800015863e+00,-1.305714135547248134e+00,-1.032699415299147966e-02
-1.077997358091980162e+00,1.863563123882951977e-01,5.490511370600470453e-01,6.999999999999999556e-01,2.000000000000000111e-01,5.000000000000000278e-02,2.000000000000000042e-02,8.224752565588618891e-01,8.097023046751847808e-01,-8.791737601313682759e-01,5.624965147713686942e-02
1.276576955889058951e+00,2.703354763123479110e+00,5.031118483803599384e-01,6.999999999999999556e-01,2.000000000000000111e-01,5.000000000000000278e-02,2.000000000000000042e-02,-2.303736577738071389e+00,-2.341767894967809571e+00,-1.967585085188382932e+00,-9.662913103749805055e-01
1.894927617961625899e+00,2.224663493252324820e+00,3.338952964405195178e-02,6.999999999999999556e-01,2.000000000000000111e-01,5.000000000000000278e-02,2.000000000000000042e-02,-2.979613379766233638e+00,-3.013151806837945035e+00,-1.931490473746407366e+00,-1.180361362329748642e+00
1.074574581379380334e+00,1.140380119128141523e-01,7.922961055636097427e-01,6.999999999999999556e-01,2.000000000000000111e-01,5.000000000000000278e-02,2.000000000000000042e-02,-8.161997642542010434e-01,-7.802334170579070527e-01,-8.750272331845443397e-01,-3.431185769551373110e-02
2.545136621203006655e+00,2.516036949603752682e-01,6.537619639554237416e-02,6.999999999999999556e-01,2.000000000000000111e-01,5.000000000000000278e-02,2.000000000000000042e-02,-2.628486383484371913e+00,-2.538486753644466631e+00,-1.680520681792778692e+00,-1.793024178606195951e-01
2.436073491643199418e+00,3.186328668801853281e-01,2.258758746266408268e-01,6.999999999999999556e-01,2.000000000000000111e-01,5.000000000000000278e-02,2.000000000000000042e-02,-2.462715534777891069e+00,-2.392058102205806058e+00,-1.604381875042883543e+00,-2.173396625604668009e-01
4.028426523023216355e-01,2.527110803457356170e+00,2.871808778939396456e-01,6.999999999999999556e-01,2.000000000000000111e-01,5.000000000000000278e-02,2.000000000000000042e-02,-6.454323108642180395e-01,-6.798087202527535178e-01,-1.618422792190219228e+00,-2.850478452434514476e-01
2.655640102695651983e+00,1.434663713330378121e+00,9.351025521896323411e-01,6.999999999999999556e-01,2.000000000000000111e-01,5.000000000000000278e-02,2.000000000000000042e-02,-3.560622799474955524e+00,-3.541687069815236288e+00,-2.046020049105373495e+00,-1.066786137480674856e+00
1.282148716044506642e+00,2.501864380725022041e+00,9.118059418693720275e-01,6.999999999999999556e-01,2.000000000000000111e-01,5.000000000000000278e-02,2.000000000000000042e-02,-2.126444696458152261e+00,-2.025401409219735438e+00,-1.822891352643870144e+00,-8.981734169699400194e-01
2.462918709317747812e+00,1.805576040234009749e+00,3.443727765939895713e-01,6.999999999999999556e-01,2.000000000000000111e-01,5.000000000000000278e-02,2.000000000000000042e-02,-3.595154718079554002e+00,-3.568052848912254049e+00,-2.066309962495507691e+00,-1.245156362964694896e+00
-2.142302122905304085e+00,2.303811914573431707e+00,3.697861126596471149e-01,6.999999999999999556e-01,2.000000000000000111e-01,5.000000000000000278e-02,2.000000000000000042e-02,3.583064198088704355e+00,3.528586569968213738e+00,-2.131475665152956278e+00,1.381929123502254608e+00
-1.207551871400995402e+00,3.926247800270250554e-01,1.798216444145536164e-01,6.999999999999999556e-01,2.000000000000000111e-01,5.000000000000000278e-02,2.000000000000000042e-02,9.593886912767133346e-01,9.705665616244999461e-01,-9.403088188233847955e-01,1.327521406064106901e-01
-2.095818370086348637e+00,2.162293786237662552e+00,2.783039967358560407e-01,6.999999999999999556e-01,2.000000000000000111e-01,5.000000000000000278e-02,2.000000000000000042e-02,3.299226276274916714e+00,3.279243384928247185e+00,-2.013440214578991139e+00,1.268897010841727901e+00
-2.855844024187202290e+00,8.880590049871427416e-01,8.252063592478964260e-02,6.999999999999999556e-01,2.000000000000000111e-01,5.000000000000000278e-02,2.000000000000000042e-02,3.478998003432959507e+00,3.447841216134888587e+00,-2.033787595060288833e+00,7.101242407050859518e-01
9.307126487694925565e-01,1.910132786771798319e+00,9.149284215190311986e-01,6.999999999999999556e-01,2.000000000000000111e-01,5.000000000000000278e-02,2.000000000000000042e-02,-1.167221920714869965e+00,-1.162174898064450179e+00,-1.340738922021012192e+00,-4.977797287337931142e-01
2.824720376234036934e+00,4.561860184210384528e-01,3.434099688902122471e-01,6.999999999999999556e-01,2.000000000000000111e-01,5.000000000000000278e-02,2.000000000000000042e-02,-3.186530492887462263e+00,-3.158552093657299942e+00,-1.925991576263161642e+00,-3.608074236443551963e-01
7.749751681286327631e-01,9.863815512926764617e-01,2.029428675061100140e-01,6.999999999999999556e-01,2.000000000000000111e-01,5.000000000000000278e-02,2.000000000000000042e-02,-6.713161361698729568e-01,-6.756204698027835631e-01,-9.263007757446769519e-01,-2.140379383945665848e-01
2.844546405775110642e+00,2.403296436907921940e+00,9.159552913858914902e-02,6.999999999999999556e-01,2.000000000000000111e-01,5.000000000000000278e-02,2.000000000000000042e-02,-5.442154721827371588e+00,-5.448829333205874370e+00,-2.722333365102818981e+00,-1.914160707653196347e+00
1.930112850725348217e+00,2.262487947155205070e-01,1.459841376183980133e-01,6.999999999999999556e-01,2.000000000000000111e-01,5.000000000000000278e-02,2.000000000000000042e-02,-1.724426848900471265e+00,-1.761470199767717792e+00,-1.265966734875701327e+00,-1.222719977196332630e-01
7.128247956626880821e-01,4.629553866841883414e-01,3.451131710655175322e-02,6.999999999999999556e-01,2.000000000000000111e-01,5.000000000000000278e-02,2.000000000000000042e-02,-5.384762876905998530e-01,-5.402164442662298338e-01,-8.062237550051198909e-01,-9.240170209594722461e-02
-6.040005925946481113e-01,8.571504317064181366e-01,4.079527506052604835e-01,6.999999999999999556e-01,2.000000000000000111e-01,5.000000000000000278e-02,2.000000000000000042e-02,4.959447636974561036e-01,5.095233847936709859e-01,-8.575814681386327853e-01,1.449614232341617792e-01
-1.812927008039183940e+00,6.310540554535544189e-01,8.244333999988662232e-01,6.999999999999999556e-01,2.000000000000000111e-01,5.000000000000000278e-02,2.000000000000000042e-02,1.668051129974956748e+00,1.669810246433100831e+00,-1.248757741398299093e+00,3.203353833860335675e-01
2.743756450718508155e+00,2.490719123418069003e+00,9.202877638893540713e-01,6.999999999999999556e-01,2.000000000000000111e-01,5.000000000000000278e-02,2.000000000000000042e-02,-5.336401662598037277e+00,-5.359616908332692553e+00,-2.697745364375380372e+00,-1.913499465305756653e+00
2.647584301819431829e+00,2.634348582739262756e+00,2.434507655979505358e-01,6.999999999999999556e-01,2.000000000000000111e-01,5.000000000000000278e-02,2.000000000000000042e-02,-5.353563922932877084e+00,-5.513977778947801944e+00,-2.723026339039353871e+00,-1.952904786890607314e+00
2.393547418375096214e+00,2.488106591956955604e+00,1.111856309790245634e-01,6.999999999999999556e-01,2.000000000000000111e-01,5.000000000000000278e-02,2.000000000000000042e-02,-4.435597324070140068e+00,-4.338211610310325206e+00,-2.426054804413065202e+00,-1.667512310749776461e+00
-9.974272566321467082e-01,1.311598020457277247e+00,3.765952826802376752e-01,6.999999999999999556e-01,2.000000000000000111e-01,5.000000000000000278e-02,2.000000000000000042e-02,9.880350507261227433e-01,9.637494542668748609e-01,-1.090069681258352130e+00,3.663026122976796861e-01
1.495592992578986369e+00,1.896462835590221330e+00,2.077426123790948598e-02,6.999999999999999556e-01,2.000000000000000111e-01,5.000000000000000278e-02,2.000000000000000042e-02,-1.967243049340444916e+00,-1.941878132447463434e+00,-1.539039740066191708e+00,-7.941742277266585770e-01
2.125899912443305340e-01,1.712984503406951298e+00,8.124095410924999650e-01,6.999999999999999556e-01,2.000000000000000111e-01,5.000000000000000278e-02,2.000000000000000042e-02,-2.366262559092530415e-01,-2.447403403633016672e-01,-1.117583402904319900e+00,-1.019657409626681388e-01
1.939996927035794627e+00,1.925087010176294466e+00,3.067087652268691844e-01,6.999999999999999556e-01,2.000000000000000111e-01,5.000000000000000278e-02,2.000000000000000042e-02,-2.729602454874218598e+00,-2.687507346586561763e+00,-1.783372611081179393e+00,-1.045705607525190262e+00
4.012143636225911081e-01,1.843329801876735452e+00,3.048504899846674610e-01,6.999999999999999556e-01,2.000000000000000111e-01,5.000000000000000278e-02,2.000000000000000042e-02,-4.749373883783107320e-01,-4.546737295174280158e-01,-1.199847011024731680e+00,-2.070797101538287555e-01
-2.930221540700018501e+00,2.768544214088167088e+00,8.812207070179628454e-01,6.999999999999999556e-01,2.000000000000000111e-01,5.000000000000000278e-02,2.000000000000000042e-02,6.453482130257445881e+00,6.407309229904766035e+00,-3.061006930787907976e+00,2.271485409900433794e+00
-1.335055827185748445e+00,1.949460392106273643e+00,9.355221485226413725e-01,6.999999999999999556e-01,2.000000000000000111e-01,5.000000000000000278e-02,2.000000000000000042e-02,1.763841204882643732e+00,1.654306441561976149e+00,-1.499411524110153993e+00,7.287387677778024431e-01
-1.380006318416130862e+00,9.560604647757176000e-02,9.054757803003494754e-01,6.999999999999999556e-01,2.000000000000000111e-01,5.000000000000000278e-02,2.000000000000000042e-02,1.099175783618786761e+00,1.052896879661869178e+00,-9.869422880874965109e-01,3.694234550099387976e-02
-1.028768353888248166e+00,2.253262274154332445e+00,5.080164397442316071e-01,6.999999999999999556e-01,2.000000000000000111e-01,5.000000000000000278e-02,2.000000000000000042e-02,1.505833895994836080e+00,1.474956527543250573e+00,-1.569561371552091966e+00,6.490637777848680123e-01
-9.318545168798038070e-01,1.670361287262549066e+00,3.353281313438001288e-01,6.999999999999999556e-01,2.000000000000000111e-01,5.000000000000000278e-02,2.000000000000000042e-02,1.056753398949025424e+00,1.036210244399843550e+00,-1.220867882292349771e+00,4.358294388998955049e-01
-2.892101564706287764e+00,2.359460663560903448e+00,8.156072374520750845e-02,6.999999999999999556e-01,2.000000000000000111e-01,5.000000000000000278e-02,2.000000000000000042e-02,5.488052566124603793e+00,5.516109713555785277e+00,-2.734025366291260362e+00,1.910663965545278842e+00
6.761272428435738391e-02,1.010578315534290228e+00,9.556064516049451729e-01,6.999999999999999556e-01,2.000000000000000111e-01,5.000000000000000278e-02,2.000000000000000042e-02,-5.701146618432081231e-02,-1.777655008466970388e-02,-8.436633165287100722e-01,-1.913182684447167423e-02
2.642672227585977751e+00,6.231661194657125424e-01,3.600077251029520919e-02,6.999999999999999556e-01,2.000000000000000111e-01,5.000000000000000278e-02,2.000000000000000042e-02,-2.916328512938885176e+00,-2.879392100485336670e+00,-1.801924517111128665e+00,-4.611106631836779379e-01
7.006760243821297252e-01,1.519436295728887831e+00,8.240332223758370933e-01,6.999999999999999556e-01,2.000000000000000111e-01,5.000000000000000278e-02,2.000000000000000042e-02,-7.341427472111371477e-01,-7.376604492166910498e-01,-1.096858165620557379e+00,-2.980971232381035563e-01
-1.721569656562047967e+00,6.812536820683950944e-01,8.544392555863384864e-01,6.999999999999999556e-01,2.000000000000000111e-01,5.000000000000000278e-02,2.000000000000000042e-02,1.572077198863147895e+00,1.613810890790308372e+00,-1.209545233465719516e+00,3.283911868916328802e-01
2.828026195901652606e+00,1.768104392300874128e+00,8.117314877505257265e-01,6.999999999999999556e-01,2.000000000000000111e-01,5.000000000000000278e-02,2.000000000000000042e-02,-4.348241994503373675e+00,-4.368143928486846406e+00,-2.337326864596206200e+00,-1.400068750784380311e+00
2.258599736424482529e+00,1.632129664669421221e+00,8.484701541559624971e-01,6.999999999999999556e-01,2.000000000000000111e-01,5.000000000000000278e-02,2.000000000000000042e-02,-2.999425537219140292e+00,-2.949597921220061369e+00,-1.838129529327659828e+00,-1.032171736521221295e+00
2.297491054083859119e+00,2.071659961940803818e+00,4.267359974726088190e-01,6.999999999999999556e-01,2.000000000000000111e-01,5.000000000000000278e-02,2.000000000000000042e-02,-3.595049113130892593e+00,-3.570657598434827662e+00,-2.092618271246504236e+00,-1.332693664305557135e+00
-2.298829074612664947e+00,7.464171067600688936e-02,8.644301894081922732e-01,6.999999999999999556e-01,2.000000000000000111e-01,5.000000000000000278e-02,2.000000000000000042e-02,2.218394768518140214e+00,2.130178704475982787e+00,-1.493472261038848004e+00,4.804478971063272374e-02
1.225216759727008053e+00,2.362492470830255709e+00,3.608289571476158697e-01,6.999999999999999556e-01,2.000000000000000111e-01,5.000000000000000278e-02,2.000000000000000042e-02,-1.906988257962533906e+00,-1.871022975054996262e+00,-1.706565310709543093e+00,-8.104783035972276117e-01
-1.026396275294411575e+00,3.632911385888194511e-01,9.427036185108348398e-01,6.999999999999999556e-01,2.000000000000000111e-01,5.000000000000000278e-02,2.000000000000000042e-02,7.915072622192488305e-01,8.263895443201293434e-01,-8.765006602835387906e-01,1.044065880186084289e-01
1.782236651423637852e+00,1.425175241332774956e+00,5.019822842478760538e-02,6.999999999999999556e-01,2.000000000000000111e-01,5.000000000000000278e-02,2.000000000000000042e-02,-2.037409809201307098e+00,-2.052979727709407509e+00,-1.460812547842771814e+00,-7.111998739453437857e-01
-7.520807071499984175e-01,1.253569232498484620e+00,8.650765548602693533e-01,6.999999999999999556e-01,2.000000000000000111e-01,5.000000000000000278e-02,2.000000000000000042e-02,7.131848110269007890e-01,7.280195094933485933e-01,-1.004844823403443721e+00,2.639798657549035088e-01
-1.525036060668512494e+00,2.941000102303990893e+00,3.772437511756400186e-01,6.999999999999999556e-01,2.000000000000000111e-01,5.000000000000000278e-02,2.000000000000000042e-02,3.091574717380761061e+00,3.121755836806047846e+00,-2.259787672196192254e+00,1.255836738924143603e+00
2.811641700783477305e+00,2.391171805620963653e+00,5.756433912632898942e-01,6.999999999999999556e-01,2.000000000000000111e-01,5.000000000000000278e-02,2.000000000000000042e-02,-5.330155182192641838e+00,-5.362373455336950201e+00,-2.686277722597218087e+00,-1.882473141478054668e+00
2.126655132186392905e+00,2.738939552142706901e+00,3.574532174645428384e-02,6.999999999999999556e-01,2.000000000000000111e-01,5.000000000000000278e-02,2.000000000000000042e-02,-4.203086505606310475e+00,-4.237587734618035284e+00,-2.428649889529045147e+00,-1.630938359487524636e+00
8.901638141891519140e-01,8.030482958083117184e-01,1.241268943955398107e-02,6.999999999999999556e-01,2.000000000000000111e-01,5.000000000000000278e-02,2.000000000000000042e-02,-7.387502429666863435e-01,-7.192365522774643027e-01,-9.091428615698555760e-01,-2.001564695129510185e-01
-1.143960702468662660e-01,1.503772429012517842e+00,1.013696670297740132e-01,6.999999999999999556e-01,2.000000000000000111e-01,5.000000000000000278e-02,2.000000000000000042e-02,1.163683426477338939e-01,1.027950498133729795e-01,-1.018549381689337840e+00,4.816718379889266960e-02
3.965947639126108371e-01,2.623752875138507967e+00,2.262834669816556898e-01,6.999999999999999556e-01,2.000000000000000111e-01,5.000000000000000278e-02,2.000000000000000042e-02,-6.629618671601636981e-01,-6.744638745556003068e-01,-1.687364191986097328e+00,-2.913586625825652643e-01
9.542694736092323105e-01,2.570185334216200879e+00,3.018649807630746640e-01,6.999999999999999556e-01,2.000000000000000111e-01,5.000000000000000278e-02,2.000000000000000042e-02,-1.593964857599679652e+00,-1.567674569023155939e+00,-1.761413905550172521e+00,-6.867418336689855574e-01
-4.307151214739013412e-01,1.778195130595557671e+00,6.409566236832379138e-01,6.999999999999999556e-01,2.000000000000000111e-01,5.000000000000000278e-02,2.000000000000000042e-02,4.961634406259635699e-01,5.143061236426539340e-01,-1.170504236526267006e+00,2.144507488700543030e-01
-5.491037285314450678e-01,1.508620341586563107e+00,4.243568677923140742e-01,6.999999999999999556e-01,2.000000000000000111e-01,5.000000000000000278e-02,2.000000000000000042e-02,5.676121988626302572e-01,5.985572850219615937e-01,-1.063858182609896508e+00,2.319489352609979127e-01
-1.406591103228489459e+00,7.565339507633159766e-01,6.170403876859421599e-01,6.999999999999999556e-01,2.000000000000000111e-01,5.000000000000000278e-02,2.000000000000000042e-02,1.236468175759700250e+00,1.221182203810418754e+00,-1.076902886364287992e+00,2.979574988415144565e-01
7.511484485367256880e-01,1.586786169474373009e+00,2.728805544721746301e-01,6.999999999999999556e-01,2.000000000000000111e-01,5.000000000000000278e-02,2.000000000000000042e-02,-8.117780327264543239e-01,-8.392917033405551397e-01,-1.137138247429791083e+00,-3.337353514208585281e-01
-1.284890681752116404e+00,2.596372674113418100e+00,1.035637292657860531e-01,6.999999999999999556e-01,2.000000000000000111e-01,5.000000000000000278e-02,2.000000000000000042e-02,2.218117515323710709e+00,2.265627339011882846e+00,-1.891402758411613316e+00,9.340954154907633589e-01
-4.952955753936310046e-01,2.157966136815971936e+00,7.624413773705386310e-01,6.999999999999999556e-01,2.000000000000000111e-01,5.000000000000000278e-02,2.000000000000000042e-02,6.756923200671282048e-01,6.441291049472043229e-01,-1.388752154720899190e+00,2.992727022359865652e-01
-1.271638738257689472e+00,2.463757384237277748e+00,5.900356873607528474e-01,6.999999999999999556e-01,2.000000000000000111e-01,5.000000000000000278e-02,2.000000000000000042e-02,2.073619729260725908e+00,2.055250749685981759e+00,-1.792373824869361254e+00,8.772426128100759835e-01
2.483649964618162009e+00,1.812888564175472617e+00,8.731790617331480764e-01,6.999999999999999556e-01,2.000000000000000111e-01,5.000000000000000278e-02,2.000000000000000042e-02,-3.647351612595896242e+00,-3.665428968526509124e+00,-2.085396664468718519e+00,-1.260722573115903078e+00
1.140208971236575941e-01,2.895995954847587761e-01,9.172235438460348833e-01,6.999999999999999556e-01,2.000000000000000111e-01,5.000000000000000278e-02,2.000000000000000042e-02,-8.122752338890980306e-02,-4.707821080373107009e-02,-7.136916243458235609e-01,-9.245713591469749068e-03
-2.099530566564314249e+00,5.599539129310840968e-01,4.616874677630602442e-01,6.999999999999999556e-01,2.000000000000000111e-01,5.000000000000000278e-02,2.000000000000000042e-02,2.024573554249029961e+00,2.024676997420980396e+00,-1.405101063835637154e+00,3.291792996985090092e-01
-2.273022443346619070e+00,1.262835883802507553e+00,1.964614684642241871e-01,6.999999999999999556e-01,2.000000000000000111e-01,5.000000000000000278e-02,2.000000000000000042e-02,2.685796902580969370e+00,2.618907860874643667e+00,-1.698260279912311654e+00,8.037272057210375076e-01
1.629759466534490997e+00,2.667179583177868185e+00,1.726104672080419622e-01,6.999999999999999556e-01,2.000000000000000111e-01,5.000000000000000278e-02,2.000000000000000042e-02,-2.980413442338701646e+00,-2.983567738818911685e+00,-2.094355957862739537e+00,-1.217121128896861526e+00
2.622692261513050127e+00,1.431470981667168019e+00,4.489202103849991854e-01,6.999999999999999556e-01,2.000000000000000111e-01,5.000000000000000278e-02,2.000000000000000042e-02,-3.490281533934497471e+00,-3.398416455637362166e+00,-2.018652488779788978e+00,-1.051206202535711842e+00
-1.649630363970312930e+00,2.812859286608839771e+00,2.929488585637008979e-01,6.999999999999999556e-01,2.000000000000000111e-01,5.000000000000000278e-02,2.000000000000000042e-02,3.206500112469721664e+00,3.088061662847819466e+00,-2.215896881936546770e+00,1.299249864854428171e+00
4.238026916453829784e-01,1.432833956337063563e+00,7.114513415155012677e-01,6.999999999999999556e-01,2.000000000000000111e-01,5.000000000000000278e-02,2.000000000000000042e-02,-4.222779667731597075e-01,-4.493401462966728488e-01,-1.014363148717433827e+00,-1.700268884654341783e-01
-7.881742300425198522e-02,2.197422579743256499e+00,4.665082866156160524e-01,6.999999999999999556e-01,2.000000000000000111e-01,5.000000000000000278e-02,2.000000000000000042e-02,1.084782989551973525e-01,1.286675327556749404e-01,-1.376945067080525886e+00,4.849465179628128370e-02
-3.678532183752247775e-01,2.077354896514321148e+00,5.791441670955602694e-01,6.999999999999999556e-01,2.000000000000000111e-01,5.000000000000000278e-02,2.000000000000000042e-02,4.822269763401237919e-01,4.841801755597885393e-01,-1.324453869790435112e+00,2.139652716292909929e-01
1.189810504970552074e+00,3.613694859755123279e-02,3.459140338384765201e-01,6.999999999999999556e-01,2.000000000000000111e-01,5.000000000000000278e-02,2.000000000000000042e-02,-9.173025831083335691e-01,-9.382860166170693406e-01,-9.125301787282938948e-01,-1.203891389650524682e-02
1.823506464991955234e+00,1.300724760120985923e+00,7.775561789392317902e-01,6.999999999999999556e-01,2.000000000000000111e-01,5.000000000000000278e-02,2.000000000000000042e-02,-2.011551334312421169e+00,-2.020936216316935319e+00,-1.435640260402969881e+00,-6.641264025916037150e-01
1.915421982458164862e+00,1.718081785795441796e+00,5.153056497852945839e-01,6.999999999999999556e-01,2.000000000000000111e-01,5.000000000000000278e-02,2.000000000000000042e-02,-2.483717670290458202e+00,-2.481374134516364016e+00,-1.663578908808082568e+00,-9.214384536485993316e-01
-1.673425598701433481e+00,2.949775504452922803e+00,8.508528363021554686e-01,6.999999999999999556e-01,2.000000000000000111e-01,5.000000000000000278e-02,2.000000000000000042e-02,3.444214839600145961e+00,3.362605959445262638e+00,-2.338217558892256687e+00,1.382144355080707321e+00
6.161101621933484651e-01,2.449041271363256556e+00,4.723461003242530598e-01,6.999999999999999556e-01,2.000000000000000111e-01,5.000000000000000278e-02,2.000000000000000042e-02,-9.603136756295665988e-01,-9.723398664488428489e-01,-1.596631200631365211e+00,-4.224861801769896341e-01
-2.067040894016050068e+00,7.144650916613222158e-01,8.486906411472636691e-01,6.999999999999999556e-01,2.000000000000000111e-01,5.000000000000000278e-02,2.000000000000000042e-02,2.036236515894319865e+00,2.094854494017873936e+00,-1.412363160038567766e+00,4.135119973070459642e-01
-1.880149559888238731e+00,8.855306487773234592e-01,8.180982429606897810e-01,6.999999999999999556e-01,2.000000000000000111e-01,5.000000000000000278e-02,2.000000000000000042e-02,1.854826112314421405e+00,1.865852305248348220e+00,-1.340027389321548856e+00,4.661804166785447068e-01
-9.244676757376653065e-01,1.464155966603350123e+00,2.840253621345645296e-01,6.999999999999999556e-01,2.000000000000000111e-01,5.000000000000000278e-02,2.000000000000000042e-02,9.640879580071546329e-01,9.861471624740825170e-01,-1.128321449758196815e+00,3.789981617417054194e-01
4.336660700190151374e-01,1.080865859040033961e+00,2.946023332745496548e-01,6.999999999999999556e-01,2.000000000000000111e-01,5.000000000000000278e-02,2.000000000000000042e-02,-3.785736761916181914e-01,-3.797757804678146276e-01,-8.917678797762296217e-01,-1.312457578061331231e-01
-4.610186253676129553e-02,1.096316882351673350e+00,9.890836393735722432e-01,6.999999999999999556e-01,2.000000000000000111e-01,5.000000000000000278e-02,2.000000000000000042e-02,4.003364808289167770e-02,2.823792064397560517e-02,-8.685863061735048518e-01,1.415183005793411303e-02
-2.717059310298363783e+00,1.700023787402424880e+00,4.056726516676451011e-01,6.999999999999999556e-01,2.000000000000000111e-01,5.000000000000000278e-02,2.000000000000000042e-02,4.004216946268451593e+00,4.027030704074570977e+00,-2.211973017234624805e+00,1.293338328601324472e+00
-5.021632505535222890e-02,1.421938171210115343e-01,6.271481993685888989e-01,6.999999999999999556e-01,2.000000000000000111e-01,5.000000000000000278e-02,2.000000000000000042e-02,3.529990492866787177e-02,1.636081914625362940e-02,-7.032089233231517689e-01,1.999326263594806627e-03
-1.982383832376302335e+00,1.285783448066213364e+00,9.091611238894442559e-01,6.999999999999999556e-01,2.000000000000000111e-01,5.000000000000000278e-02,2.000000000000000042e-02,2.236021425512699334e+00,2.251428227788121461e+00,-1.520930319374989015e+00,7.136965694273844640e-01
-1.969437895184278142e+00,2.168012839633094435e-01,5.385520355573180096e-01,6.999999999999999556e-01,2.000000000000000111e-01,5.000000000000000278e-02,2.000000000000000042e-02,1.773507721567779027e+00,1.761678327379323949e+00,-1.288383234990121640e+00,1.195534660213457417e-01
2.179335756833826743e+00,4.741187108997080291e-02,6.680044223330439124e-02,6.999999999999999556e-01,2.000000000000000111e-01,5.000000000000000278e-02,2.000000000000000042e-02,-2.043759107285011645e+00,-2.056863435057398881e+00,-1.412740355125005731e+00,-2.893138807013541369e-02
8.858336846132810471e-01,2.554194265279537746e+00,4.092701232792501642e-01,6.999999999999999556e-01,2.000000000000000111e-01,5.000000000000000278e-02,2.000000000000000042e-02,-1.463913009568056145e+00,-1.472581336750306669e+00,-1.731052365789494285e+00,-6.335255688245917671e-01
-1.518542617644367487e+00,1.821456010239971279e-01,5.293083059991265937e-01,6.999999999999999556e-01,2.000000000000000111e-01,5.000000000000000278e-02,2.000000000000000042e-02,1.245118946656389669e+00,1.220677783520317972e+00,-1.050540535036466272e+00,7.744684017598840731e-02
1.633126579303376680e+00,1.971058326180289644e+00,9.461979638043401808e-01,6.999999999999999556e-01,2.000000000000000111e-01,5.000000000000000278e-02,2.000000000000000042e-02,-2.249248161092789022e+00,-2.188387538667516008e+00,-1.643975293132722504e+00,-9.013165677158314626e-01
2.890881470235732387e+00,2.315177589568166550e+00,9.401739816057510524e-01,6.999999999999999556e-01,2.000000000000000111e-01,5.000000000000000278e-02,2.000000000000000042e-02,-5.400936722199308981e+00,-5.567682301474024875e+00,-2.703985969216259555e+00,-1.874013118316538939e+00
2.120925832484606310e+00,2.458069609008256551e-01,2.735772475068046772e-01,6.999999999999999556e-01,2.000000000000000111e-01,5.000000000000000278e-02,2.000000000000000042e-02,-1.979619717364626830e+00,-1.971759382270376726e+00,-1.383207906718900038e+00,-1.459747332901465133e-01
-2.110106486322712804e+00,2.358105127230787357e-01,1.124793820822769241e-01,6.999999999999999556e-01,2.000000000000000111e-01,5.000000000000000278e-02,2.000000000000000042e-02,1.963269225189187006e+00,1.912278956721641832e+00,-1.375667331250678860e+00,1.393238818832148451e-01
9.595419579945314581e-01,8.813400400712634308e-02,4.956333141635846928e-01,6.999999999999999556e-01,2.000000000000000111e-01,5.000000000000000278e-02,2.000000000000000042e-02,-7.168963487695427794e-01,-6.991721728472094499e-01,-8.391955797455228350e-01,-2.367911693585084826e-02
-5.400556397503653017e-01,2.625694496000279710e+00,4.184078549038904304e-01,6.999999999999999556e-01,2.000000000000000111e-01,5.000000000000000278e-02,2.000000000000000042e-02,9.071752170619633571e-01,9.022205789947275179e-01,-1.708947036189589097e+00,3.970459138314043068e-01
-3.560299341594737044e-01,1.432831319260377434e+00,7.572736001906561487e-01,6.999999999999999556e-01,2.000000000000000111e-01,5.000000000000000278e-02,2.000000000000000042e-02,3.538078260977266520e-01,3.570450779883568848e-01,-1.006434379626120590e+00,1.428366352722131305e-01
-1.894765905283317897e+00,4.480629269492579780e-01,4.832708373677055969e-01,6.999999999999999556e-01,2.000000000000000111e-01,5.000000000000000278e-02,2.000000000000000042e-02,1.719714822995399572e+00,1.735184424793504432e+00,-1.266627129484503733e+00,2.377128200733730490e-01
-2.248232284696533689e+00,2.936366818045994975e+00,1.593348526430397039e-01,6.999999999999999556e-01,2.000000000000000111e-01,5.000000000000000278e-02,2.000000000000000042e-02,4.855827487536130249e+00,4.888591725760663032e+00,-2.665297273509787956e+00,1.848457710411938404e+00
2.844210877241712510e+00,1.844016227712948153e+00,3.990053252663496863e-01,6.999999999999999556e-01,2.000000000000000111e-01,5.000000000000000278e-02,2.000000000000000042e-02,-4.495366859258725256e+00,-4.480724802940590834e+00,-2.389485745862627741e+00,-1.468535883547991361e+00
-2.579469422454980787e-01,2.652077444603626155e+00,1.891317685773062918e-01,6.999999999999999556e-01,2.000000000000000111e-01,5.000000000000000278e-02,2.000000000000000042e-02,4.354193135412932625e-01,4.423170245610420492e-01,-1.694672561856612303e+00,1.915466748814527165e-01
-2.010493285506112837e+00,2.944412962169152825e-01,7.891409620213087894e-01,6.999999999999999556e-01,2.000000000000000111e-01,5.000000000000000278e-02,2.000000000000000042e-02,1.838076512326058065e+00,1.850041648275551065e+00,-1.318449882428280429e+00,1.657522297255508703e-01
-2.139755725627017213e-01,1.749683984213075139e+00,5.283186124997171218e-01,6.999999999999999556e-01,2.000000000000000111e-01,5.000000000000000278e-02,2.000000000000000042e-02,2.419816463062246514e-01,2.322621963331597816e-01,-1.135462998093673903e+00,1.048290970512189280e-01
-2.614114886808325267e-01,2.270957390516978425e+00,7.516886130048416881e-01,6.999999999999999556e-01,2.000000000000000111e-01,5.000000000000000278e-02,2.000000000000000042e-02,3.726241558033653867e-01,3.662058817938895761e-01,-1.432265040698265102e+00,1.662232186120189692e-01
-2.064258046674879665e+00,1.333041409729086357e+00,1.274988125067134659e-01,6.999999999999999556e-01,2.000000000000000111e-01,5.000000000000000278e-02,2.000000000000000042e-02,2.398333399499342544e+00,2.385573416304936245e+00,-1.587954108496649752e+00,7.704876078435456410e-01
1.441594292035453861e+00,1.485806280902080667e+00,9.998001284603207361e-01,6.999999999999999556e-01,2.000000000000000111e-01,5.000000000000000278e-02,2.000000000000000042e-02,-1.604460638410035500e+00,-1.628324850930908285e+00,-1.320795958035910322e+00,-5.997403590132823759e-01
7.542821617621084940e-01,1.555166379092851603e-01,4.423133540703118038e-01,6.999999999999999556e-01,2.000000000000000111e-01,5.000000000000000278e-02,2.000000000000000042e-02,-5.520086062766298429e-01,-5.633561328751478525e-01,-7.887271963862029223e-01,-3.284495923301339326e-02
1.325228296673534700e+00,6.413286892513848647e-01,6.250450183055488163e-01,6.999999999999999556e-01,2.000000000000000111e-01,5.000000000000000278e-02,2.000000000000000042e-02,-1.120339852101835065e+00,-1.091139309246040412e+00,-1.021016854017601672e+00,-2.379739394100553185e-01
2.037107774049086828e+00,7.696013037651197042e-01,7.888335868361211478e-01,6.999999999999999556e-01,2.000000000000000111e-01,5.000000000000000278e-02,2.000000000000000042e-02,-2.017572862844935422e+00,-2.076785853501586843e+00,-1.405391275809660057e+00,-4.389730236691066212e-01
2.271290883566686070e+00,1.326363074810473774e+00,7.026790157872069287e-01,6.999999999999999556e-01,2.000000000000000111e-01,5.000000000000000278e-02,2.000000000000000042e-02,-2.735160197454529207e+00,-2.643579243566464232e+00,-1.720107802536867903e+00,-8.435157808326221307e-01
2.998479511048190993e+00,4.553950342688795061e-02,9.387131672367788893e-01,6.999999999999999556e-01,2.000000000000000111e-01,5.000000000000000278e-02,2.000000000000000042e-02,-3.447754611841950201e+00,-3.485774502276755005e+00,-2.048922245218501637e+00,-3.823379503127306844e-02
1.226106883930983216e+00,2.619796189439576040e-01,1.508829782664109498e-01,6.999999999999999556e-01,2.000000000000000111e-01,5.000000000000000278e-02,2.000000000000000042e-02,-9.622187280374088214e-01,-9.501818072159375905e-01,-9.351093785273246750e-01,-8.994020398630461766e-02
2.888516760115060755e+00,1.767533222868611364e+00,7.512437128365030414e-01,6.999999999999999556e-01,2.000000000000000111e-01,5.000000000000000278e-02,2.000000000000000042e-02,-4.490374841146794083e+00,-4.492153245873479861e+00,-2.388913678172043475e+00,-1.429553814728528272e+00
2.926100022875013806e+00,2.956069983098851051e+00,9.564353324725689554e-01,6.999999999999999556e-01,2.000000000000000111e-01,5.000000000000000278e-02,2.000000000000000042e-02,-6.880642365133967431e+00,-6.908784494825749967e+00,-3.207678165877299481e+00,-2.421931804646392905e+00
-1.835863569517187210e+00,7.715335393589124457e-01,7.848805945058057176e-01,6.999999999999999556e-01,2.000000000000000111e-01,5.000000000000000278e-02,2.000000000000000042e-02,1.747479062106454428e+00,1.766278841347967532e+00,-1.288896217211854989e+00,3.966004889195109961e-01
-6.556993533096600046e-01,1.583600282918021573e+00,8.129514819219051391e-01,6.999999999999999556e-01,2.000000000000000111e-01,5.000000000000000278e-02,2.000000000000000042e-02,7.032950363050339826e-01,7.369816996526020736e-01,-1.115581826137731047e+00,2.907423907948955555e-01
-1.133601670912609549e-01,1.490183674142429915e+00,1.255951768507405086e-01,6.999999999999999556e-01,2.000000000000000111e-01,5.000000000000000278e-02,2.000000000000000042e-02,1.146675680302192829e-01,1.118741439893626982e-01,-1.012818212697732090e+00,4.729969168328740370e-02
-1.902287866903868974e-01,2.316682215623828700e+00,2.489560872970069116e-01,6.999999999999999556e-01,2.000000000000000111e-01,5.000000000000000278e-02,2.000000000000000042e-02,2.764388859129189857e-01,2.753387356346556625e-01,-1.456810357039136861e+00,1.233959011670890810e-01
-2.416921025164976644e+00,1.597491621660160899e+00,9.845776077073592480e-01,6.999999999999999556e-01,2.000000000000000111e-01,5.000000000000000278e-02,2.000000000000000042e-02,3.261278402165134871e+00,3.224588647098302285e+00,-1.933503213661095677e+00,1.081083104616294310e+00
-6.439905909643437454e-01,1.533478526565717814e+00,3.330214868646332871e-01,6.999999999999999556e-01,2.000000000000000111e-01,5.000000000000000278e-02,2.000000000000000042e-02,6.761605541728747948e-01,7.164294285083905311e-01,-1.091426476988933691e+00,2.765128079151725204e-01
1.737708006139929040e+00,1.242618424648320730e-01,6.365014661453122224e-01,6.999999999999999556e-01,2.000000000000000111e-01,5.000000000000000278e-02,2.000000000000000042e-02,-1.482513762940341984e+00,-1.448275695824240206e+00,-1.155106107959406936e+00,-6.046062358247444174e-02
5.728173841324091242e-02,4.488870797846422622e-02,5.758967107366756988e-01,6.999999999999999556e-01,2.000000000000000111e-01,5.000000000000000278e-02,2.000000000000000042e-02,-4.012277367143429752e-02,-1.804442124764263355e-02,-7.007742790879031292e-01,-7.199649038766094307e-04
9.984420614288236351e-01,1.331333772403687554e+00,9.885962697941961252e-01,6.999999999999999556e-01,2.000000000000000111e-01,5.000000000000000278e-02,2.000000000000000042e-02,-9.964324705307116004e-01,-9.961956111954631821e-01,-1.097675928400504652e+00,-3.721926981271940216e-01
1.160450683783391668e+00,3.699105382000198450e-01,3.353022251495856310e-01,6.999999999999999556e-01,2.000000000000000111e-01,5.000000000000000278e-02,2.000000000000000042e-02,-9.126817237772835156e-01,-9.510600821197124910e-01,-9.211536013020010794e-01,-1.201936223580107183e-01
7.599401968435284260e-01,9.590853804786577674e-01,2.503522385573551112e-01,6.999999999999999556e-01,2.000000000000000111e-01,5.000000000000000278e-02,2.000000000000000042e-02,-6.517655387197150985e-01,-6.425572214637014223e-01,-9.154046328034919355e-01,-2.040773091925964233e-01
-2.922161262842993601e+00,4.478045952139459995e-01,4.962930259205687866e-01,6.999999999999999556e-01,2.000000000000000111e-01,5.000000000000000278e-02,2.000000000000000042e-02,3.375170411559047512e+00,3.253086494548589336e+00,-2.008928020678285797e+00,3.663960276080383549e-01
-7.088508741149341930e-01,2.378543633570739058e+00,8.105552474035583321e-01,6.999999999999999556e-01,2.000000000000000111e-01,5.000000000000000278e-02,2.000000000000000042e-02,1.075446750771445803e+00,1.061483917069555138e+00,-1.567416208612011141e+00,4.720891654575963825e-01
1.483577483115280593e+00,8.781885375117819414e-01,2.533758254325543247e-01,6.999999999999999556e-01,2.000000000000000111e-01,5.000000000000000278e-02,2.000000000000000042e-02,-1.361954131084245345e+00,-1.336112550794889886e+00,-1.138120437299392274e+00,-3.648010072510771695e-01
-8.012340171321827853e-01,1.946437599392137230e+00,9.208308582378665896e-02,6.999999999999999556e-01,2.000000000000000111e-01,5.000000000000000278e-02,2.000000000000000042e-02,1.011562356201827662e+00,9.993426809633346730e-01,-1.326703098497305833e+00,4.366745647202636138e-01
2.813193559698985879e+00,1.776617814822821106e+00,2.096810453438713306e-01,6.999999999999999556e-01,2.000000000000000111e-01,5.000000000000000278e-02,2.000000000000000042e-02,-4.325551846763775465e+00,-4.386695035156919609e+00,-2.329000621042192520e+00,-1.399431542517692639e+00
2.756696875154163173e+00,2.098222051411724465e+00,7.207182937551924740e-01,6.999999999999999556e-01,2.000000000000000111e-01,5.000000000000000278e-02,2.000000000000000042e-02,-4.676250771935664297e+00,-4.877569779732980670e+00,-2.456261658006968940e+00,-1.619565408301752107e+00
7.492267064039070945e-02,8.165933058820766810e-01,1.001428661853793756e-01,6.999999999999999556e-01,2.000000000000000111e-01,5.000000000000000278e-02,2.000000000000000042e-02,-5.946133748760102505e-02,-4.552728008388640807e-02,-7.941974587959818033e-01,-1.713077836505018034e-02
2.884718653698719493e+00,4.834401328829902589e-01,5.916749367027630546e-01,6.999999999999999556e-01,2.000000000000000111e-01,5.000000000000000278e-02,2.000000000000000042e-02,-3.313965066998268760e+00,-3.287820431414039568e+00,-1.980960267341072445e+00,-3.904848553967618652e-01
-1.750807758970984063e+00,2.610703781011007418e+00,9.712983691374710293e-01,6.999999999999999556e-01,2.000000000000000111e-01,5.000000000000000278e-02,2.000000000000000042e-02,3.164540874132508730e+00,3.132280346162352735e+00,-2.114007563836873604e+00,1.279835322127307551e+00
-1.161603061559235428e-01,1.479108128502110819e+00,8.905073003021533040e-01,6.999999999999999556e-01,2.000000000000000111e-01,5.000000000000000278e-02,2.000000000000000042e-02,1.169689190312546700e-01,1.238126380868556226e-01,-1.008310502321077884e+00,4.810782285246568285e-02
2.555450764593846458e+00,2.149341101839608470e+00,2.619173143947419735e-01,6.999999999999999556e-01,2.000000000000000111e-01,5.000000000000000278e-02,2.000000000000000042e-02,-4.275958678203348740e+00,-4.415834599774070668e+00,-2.326302695627485484e+00,-1.537909901379322264e+00
-2.462328629416073333e+00,1.331398393458336216e+00,1.217614985935544514e-02,6.999999999999999556e-01,2.000000000000000111e-01,5.000000000000000278e-02,2.000000000000000042e-02,3.081161428572144700e+00,3.022255949575770817e+00,-1.857626377380787286e+00,9.179353067838874614e-01
6.962353832135192988e-02,7.929276279345720546e-02,2.917367525679903650e-02,6.999999999999999556e-01,2.000000000000000111e-01,5.000000000000000278e-02,2.000000000000000042e-02,-4.881463619283094024e-02,-4.536712827621312144e-02,-7.016073434756563421e-01,-1.545779958507718021e-03
-5.022303024355645462e-01,3.681486561389949452e-01,7.919162184776851188e-01,6.999999999999999556e-01,2.000000000000000111e-01,5.000000000000000278e-02,2.000000000000000042e-02,3.674248812571968559e-01,3.846151366067767086e-01,-7.568099721250505230e-01,5.177071505590154221e-02
-6.647064869139143184e-01,4.419917055530576677e-01,8.092182515084324068e-01,6.999999999999999556e-01,2.000000000000000111e-01,5.000000000000000278e-02,2.000000000000000042e-02,4.981587390649786506e-01,4.970825781076515515e-01,-7.936251405506937751e-01,8.226253107611340709e-02
-3.991074963888490146e-01,9.538359559161113665e-02,1.245819800225013152e-01,6.999999999999999556e-01,2.000000000000000111e-01,5.000000000000000278e-02,2.000000000000000042e-02,2.830622280375021393e-01,2.579532587262703403e-01,-7.251667432941838465e-01,1.065912624927762425e-02
6.118768944673340648e-01,2.148018549841111291e+00,6.413091932037389142e-01,6.999999999999999556e-01,2.000000000000000111e-01,5.000000000000000278e-02,2.000000000000000042e-02,-8.350145592824255170e-01,-8.453039890611071527e-01,-1.402116716762059845e+00,-3.680104174698015096e-01
2.544869454918417873e+00,2.880547273859633162e+00,2.022455782774836841e-01,6.999999999999999556e-01,2.000000000000000111e-01,5.000000000000000278e-02,2.000000000000000042e-02,-5.561749566269498679e+00,-5.440247698940613219e+00,-2.833111444958137604e+00,-2.052572695794291580e+00
-2.691423086127851416e+00,1.209619382942221266e+00,3.181378656536818506e-01,6.999999999999999556e-01,2.000000000000000111e-01,5.000000000000000278e-02,2.000000000000000042e-02,3.410121809622954636e+00,3.367744326918662878e+00,-1.991408801503828263e+00,9.115673091499575387e-01
-2.128870349650465066e+00,2.911833858685417997e+00,5.458580433279037747e-01,6.999999999999999556e-01,2.000000000000000111e-01,5.000000000000000278e-02,2.000000000000000042e-02,4.499650937034130216e+00,4.520289265965890202e+00,-2.566842043725287681e+00,1.735696694161832809e+00
1.121040911936217022e+00,3.359038543860093373e-01,9.625007758297047245e-01,6.999999999999999556e-01,2.000000000000000111e-01,5.000000000000000278e-02,2.000000000000000042e-02,-8.728794845108934775e-01,-8.646893298173510267e-01,-9.043063048500106227e-01,-1.054373497082589928e-01
2.398520305557898524e-01,1.046445829712582265e+00,5.656168246539816646e-02,6.999999999999999556e-01,2.000000000000000111e-01,5.000000000000000278e-02,2.000000000000000042e-02,-2.053573011768108358e-01,-2.168294091489924025e-01,-8.619361919174599596e-01,-7.027780399449631843e-02
1.332696050276855892e+00,1.804439981437859331e+00,7.157816948112937228e-01,6.999999999999999556e-01,2.000000000000000111e-01,5.000000000000000278e-02,2.000000000000000042e-02,-1.658732740710580300e+00,-1.658729444154372956e+00,-1.422252324889134556e+00,-6.733356101426859475e-01
2.072436564281868954e+00,1.937067219137276863e+00,8.818329635585310244e-01,6.999999999999999556e-01,2.000000000000000111e-01,5.000000000000000278e-02,2.000000000000000042e-02,-2.984436694437417881e+00,-3.093005829627741399e+00,-1.869561114549736835e+00,-1.124045701075329751e+00
1.928309406833230710e+00,8.602812311610774643e-02,4.644064579880140542e-01,6.999999999999999556e-01,2.000000000000000111e-01,5.000000000000000278e-02,2.000000000000000042e-02,-1.710323623155901140e+00,-1.730956861366574229e+00,-1.258792692587592299e+00,-4.644887493595939443e-02
-1.080897751079503699e+00,2.683902931697046412e+00,9.116358402063351463e-01,6.999999999999999556e-01,2.000000000000000111e-01,5.000000000000000278e-02,2.000000000000000042e-02,1.909820823079089402e+00,1.910171844094583848e+00,-1.883717884791389574e+00,8.122869000363667213e-01
-1.702486214870115422e+00,2.984272355083507744e+00,3.823402365902354161e-01,6.999999999999999556e-01,2.000000000000000111e-01,5.000000000000000278e-02,2.000000000000000042e-02,3.561169366901850708e+00,3.604568329774882507e+00,-2.381592305277609345e+00,1.422591112865340790e+00
7.236679265614824885e-01,8.856129283788745088e-01,3.312577967374275012e-02,6.999999999999999556e-01,2.000000000000000111e-01,5.000000000000000278e-02,2.000000000000000042e-02,-6.049778470664879393e-01,-5.794508946581790054e-01,-8.883577264377220395e-01,-1.794491080524751592e-01
-2.671788392338985574e+00,8.873387102887526634e-01,4.167921661219453622e-01,6.999999999999999556e-01,2.000000000000000111e-01,5.000000000000000278e-02,2.000000000000000042e-02,3.118389735143660246e+00,3.086998491228385433e+00,-1.880999780164368307e+00,6.638187545423097635e-01
5.652833149463796225e-01,1.894572679948976823e+00,4.911116862136464256e-01,6.999999999999999556e-01,2.000000000000000111e-01,5.000000000000000278e-02,2.000000000000000042e-02,-6.887943563086857957e-01,-6.798673983452231395e-01,-1.250448573468782021e+00,-2.998716909799530872e-01
7.195819720714200507e-01,1.255093471684913364e+00,6.054761444463729880e-01,6.999999999999999556e-01,2.000000000000000111e-01,5.000000000000000278e-02,2.000000000000000042e-02,-6.810312730796851399e-01,-6.840809553056269587e-01,-9.982060793527814946e-01,-2.528799379369185973e-01
-9.091484309415598375e-02,1.562896601293488619e+00,5.359221552936499489e-02,6.999999999999999556e-01,2.000000000000000111e-01,5.000000000000000278e-02,2.000000000000000042e-02,9.476814921310476592e-02,7.851947673976419906e-02,-1.043210236391088674e+00,3.978533979811640919e-02
2.122066325766171602e+00,2.591403583389952914e+00,4.455969845528073847e-02,6.999999999999999556e-01,2.000000000000000111e-01,5.000000000000000278e-02,2.000000000000000042e-02,-3.958312448541654760e+00,-4.022089610788063929e+00,-2.315626978123491053e+00,-1.539756478618850233e+00
-2.597019892340309610e+00,1.929081306711903254e+00,1.291388414243800353e-01,6.999999999999999556e-01,2.000000000000000111e-01,5.000000000000000278e-02,2.000000000000000042e-02,4.046716058886367762e+00,4.039749250468273267e+00,-2.232666504488433734e+00,1.402761507692342091e+00
-2.883757257925559259e+00,3.541104969047014217e-01,1.446654776679756615e-01,6.999999999999999556e-01,2.000000000000000111e-01,5.000000000000000278e-02,2.000000000000000042e-02,3.268329330339546424e+00,3.266998480184105436e+00,-1.964963582558284738e+00,2.859272403558364983e-01
2.593002291852805286e+00,9.897941378116521527e-01,2.115330931421443017e-01,6.999999999999999556e-01,2.000000000000000111e-01,5.000000000000000278e-02,2.000000000000000042e-02,-3.042473270777716454e+00,-3.089791639514558153e+00,-1.845706073767569011e+00,-7.186307709862638227e-01
2.053415575695270334e+00,2.594070278173060462e+00,6.281276100755706082e-01,6.999999999999999556e-01,2.000000000000000111e-01,5.000000000000000278e-02,2.000000000000000042e-02,-3.804802183542640215e+00,-3.598117429080132101e+00,-2.274565414110310879e+00,-1.491477207821642947e+00
-2.778972589377315394e+00,2.799308805301004011e+00,3.568965034455839902e-01,6.999999999999999556e-01,2.000000000000000111e-01,5.000000000000000278e-02,2.000000000000000042e-02,6.067032400697389249e+00,6.060319673121592920e+00,-2.955461468117571933e+00,2.178176682957533750e+00
1.320926396081272713e+00,9.224373808728500990e-01,8.707471442875902579e-01,6.999999999999999556e-01,2.000000000000000111e-01,5.000000000000000278e-02,2.000000000000000042e-02,-1.197244132115693249e+00,-1.182060937209063800e+00,-1.080851682608057640e+00,-3.411721278355662190e-01
5.209674646140287635e-01,2.321283619426165457e-01,8.756796169166857213e-01,6.999999999999999556e-01,2.000000000000000111e-01,5.000000000000000278e-02,2.000000000000000042e-02,-3.756769612736155506e-01,-3.815836527762468955e-01,-7.482547655764980599e-01,-3.386077077215070980e-02
-2.145426541704528400e+00,2.346406788848313774e+00,8.929235651839296795e-01,6.999999999999999556e-01,2.000000000000000111e-01,5.000000000000000278e-02,2.000000000000000042e-02,3.649220854417375648e+00,3.850673616764014984e+00,-2.161215731503022042e+00,1.409532152680642136e+00
-5.177466715196823444e-01,6.536016817341978591e-01,8.500096240067308573e-01,6.999999999999999556e-01,2.000000000000000111e-01,5.000000000000000278e-02,2.000000000000000042e-02,4.003271125193624269e-01,3.551248056862050806e-01,-8.000165645516645885e-01,9.475202666091334103e-02
5.819595144967983913e-01,6.768736525440277596e-01,9.975842662489247115e-01,6.999999999999999556e-01,2.000000000000000111e-01,5.000000000000000278e-02,2.000000000000000042e-02,-4.545545839275315636e-01,-4.622215444928391981e-01,-8.149436432881634884e-01,-1.102956574188551503e-01
6.436778945520345019e-01,1.235563741787061520e+00,5.498642117598242507e-01,6.999999999999999556e-01,2.000000000000000111e-01,5.000000000000000278e-02,2.000000000000000042e-02,-6.014800118760826875e-01,-5.983503518533225263e-01,-9.758746711928791839e-01,-2.226854190115321874e-01
-1.790707817685922576e+00,2.488767183099417357e-01,3.943152953873703126e-01,6.999999999999999556e-01,2.000000000000000111e-01,5.000000000000000278e-02,2.000000000000000042e-02,1.556130951591085942e+00,1.592259735929347553e+00,-1.189666720176563608e+00,1.247863358329363431e-01
-2.929895726755107788e+00,2.033349422657543926e+00,4.309661468102773396e-01,6.999999999999999556e-01,2.000000000000000111e-01,5.000000000000000278e-02,2.000000000000000042e-02,5.004396181143507150e+00,4.996013383017234410e+00,-2.566474727895723618e+00,1.668100499644404655e+00
-2.619501799686221766e+00,2.572822022925060459e+00,1.086051266484691080e-01,6.999999999999999556e-01,2.000000000000000111e-01,5.000000000000000278e-02,2.000000000000000042e-02,5.159913836955661637e+00,5.054549303718688158e+00,-2.655986294414651283e+00,1.887063337410871400e+00
-1.553574647384810214e+00,1.010169833040004406e+00,1.610291961679155559e-01,6.999999999999999556e-01,2.000000000000000111e-01,5.000000000000000278e-02,2.000000000000000042e-02,1.496934022179449819e+00,1.542974792423273733e+00,-1.204901160571295371e+00,4.394247878058912260e-01
-1.122664855045889976e+00,2.019011622032404141e+00,9.631585439274381599e-01,6.999999999999999556e-01,2.000000000000000111e-01,5.000000000000000278e-02,2.000000000000000042e-02,1.497316000130156199e+00,1.516192608189446567e+00,-1.459753566699550031e+00,6.346685491957932967e-01
-1.760570965173544833e+00,3.987615478227977128e-01,7.080594471281639324e-01,6.999999999999999556e-01,2.000000000000000111e-01,5.000000000000000278e-02,2.000000000000000042e-02,1.544446819725403763e+00,1.535492950793569955e+00,-1.187203026594900734e+00,1.965734408748542605e-01
-9.495859384030898021e-01,1.077358600511998610e+00,8.807811405718551923e-01,6.999999999999999556e-01,2.000000000000000111e-01,5.000000000000000278e-02,2.000000000000000042e-02,8.618289001445902375e-01,8.561627552810796571e-01,-9.977552357355354840e-01,2.864524817458711792e-01
-2.390310037397237686e+00,4.658055555766090761e-01,8.850036514980563762e-01,6.999999999999999556e-01,2.000000000000000111e-01,5.000000000000000278e-02,2.000000000000000042e-02,2.428687846477005863e+00,2.414900828415970757e+00,-1.587413785417142398e+00,3.117575145916463009e-01
-6.396026038698021665e-01,3.132449661604769231e-01,8.318210312772843507e-01,6.999999999999999556e-01,2.000000000000000111e-01,5.000000000000000278e-02,2.000000000000000042e-02,4.695909305936897260e-01,4.720937951003847943e-01,-7.751008608670376665e-01,5.609864288149774697e-02
-9.900211555426658983e-01,8.256777088152585931e-01,3.690053706215296048e-01,6.999999999999999556e-01,2.000000000000000111e-01,5.000000000000000278e-02,2.000000000000000042e-02,8.360245621869315524e-01,8.011864864139629505e-01,-9.424653983001233248e-01,2.288827518283888529e-01
-1.201705626150870065e+00,1.104068338262894411e+00,4.876322486280848523e-02,6.999999999999999556e-01,2.000000000000000111e-01,5.000000000000000278e-02,2.000000000000000042e-02,1.133040390158341459e+00,1.135332767871805926e+00,-1.087269827166040814e+00,3.714942374487573695e-01
-7.130645149585128628e-01,6.952787190263787220e-02,4.356383717832872371e-01,6.999999999999999556e-01,2.000000000000000111e-01,5.000000000000000278e-02,2.000000000000000042e-02,5.177560213937673073e-01,5.049380668011838047e-01,-7.769459278699361038e-01,1.388180031121858359e-02
2.177424094815209266e+00,1.924961961023289980e+00,9.807065211140812977e-01,6.999999999999999556e-01,2.000000000000000111e-01,5.000000000000000278e-02,2.000000000000000042e-02,-3.169950134770470829e+00,-3.141369922617369248e+00,-1.929943350496403198e+00,-1.173608395549757155e+00
1.733976115092247028e+00,1.931174814241191973e+00,1.212598613784836576e-01,6.999999999999999556e-01,2.000000000000000111e-01,5.000000000000000278e-02,2.000000000000000042e-02,-2.379803705654680801e+00,-2.365765966648796237e+00,-1.673122037998890477e+00,-9.376110805493413913e-01
-2.230271504460186627e+00,8.629986134114832064e-01,5.373509603033318482e-01,6.999999999999999556e-01,2.000000000000000111e-01,5.000000000000000278e-02,2.000000000000000042e-02,2.348415396131367405e+00,2.297487681779819546e+00,-1.550383972486085504e+00,5.389219404464793417e-01
-2.406086793748465791e+00,1.301822729320608163e+00,1.653492003629151164e-01,6.999999999999999556e-01,2.000000000000000111e-01,5.000000000000000278e-02,2.000000000000000042e-02,2.951610723658693036e+00,3.029011596206877321e+00,-1.805651987458221974e+00,8.770435735095716279e-01
3.744752233564687671e-01,8.165940614008025955e-01,8.152585002792935853e-01,6.999999999999999556e-01,2.000000000000000111e-01,5.000000000000000278e-02,2.000000000000000042e-02,-2.997176879350251233e-01,-2.853259613421518237e-01,-8.143903744922896815e-01,-8.562238818969682141e-02
-2.475372942103374996e+00,3.044572474674526186e-01,8.446197261018937308e-01,6.999999999999999556e-01,2.000000000000000111e-01,5.000000000000000278e-02,2.000000000000000042e-02,2.523273265804997667e+00,2.476049703967312166e+00,-1.632097870549592100e+00,2.110206650742969536e-01
1.871524054772366163e+00,2.860402863546465113e+00,1.143380889436957926e-01,6.999999999999999556e-01,2.000000000000000111e-01,5.000000000000000278e-02,2.000000000000000042e-02,-3.781595423049294524e+00,-3.863712468399444155e+00,-2.370856978988614472e+00,-1.498927574330750856e+00
-7.665008782558064837e-01,2.795574562301383459e+00,6.324217618686842624e-01,6.999999999999999556e-01,2.000000000000000111e-01,5.000000000000000278e-02,2.000000000000000042e-02,1.397721540122175199e+00,1.377594380412340724e+00,-1.882261738129158424e+00,5.999869000254085538e-01
2.887024582180619525e+00,1.379878090187095729e+00,9.917762390637193670e-01,6.999999999999999556e-01,2.000000000000000111e-01,5.000000000000000278e-02,2.000000000000000042e-02,-3.993662801926767258e+00,-3.969061002091136547e+00,-2.216805536846251368e+00,-1.115447750699125384e+00
-7.934141001741936705e-01,2.459304380630426667e+00,3.179575971500446796e-01,6.999999999999999556e-01,2.000000000000000111e-01,5.000000000000000278e-02,2.000000000000000042e-02,1.252182177187964873e+00,1.282794403972828956e+00,-1.641170815275604378e+00,5.463490962194558209e-01
2.431803491668933503e-01,1.522063036082158760e+00,4.987839226090787781e-01,6.999999999999999556e-01,2.000000000000000111e-01,5.000000000000000278e-02,2.000000000000000042e-02,-2.498170954827895196e-01,-2.685382948852805818e-01,-1.033205126346209202e+00,-1.036380297591747157e-01
-2.618390194796810011e+00,2.872156601006972565e+00,4.366460091008809163e-01,6.999999999999999556e-01,2.000000000000000111e-01,5.000000000000000278e-02,2.000000000000000042e-02,5.754431041764837218e+00,5.661100114681419271e+00,-2.883294777530321262e+00,2.105719470959324990e+00
-1.967283736395448068e+00,1.838014338973856354e+00,3.830901780933853029e-01,6.999999999999999556e-01,2.000000000000000111e-01,5.000000000000000278e-02,2.000000000000000042e-02,2.688237757063834277e+00,2.713977322355217492e+00,-1.753492334361195670e+00,1.012450800570971365e+00
-1.912237911668141388e+00,2.578198062448789241e+00,5.011654526124752485e-01,6.999999999999999556e-01,2.000000000000000111e-01,5.000000000000000278e-02,2.000000000000000042e-02,3.467704674880345728e+00,3.461559242344152576e+00,-2.179092809513197171e+00,1.380435862065097607e+00
2.641456505446588388e+00,1.679839707383486758e+00,1.984333363610705225e-01,6.999999999999999556e-01,2.000000000000000111e-01,5.000000000000000278e-02,2.000000000000000042e-02,-3.814065680166099703e+00,-3.821047149412441168e+00,-2.141654472475228665e+00,-1.242422586489169145e+00
2.966069936009430918e+00,1.679010798826018336e+00,5.053359332166738049e-01,6.999999999999999556e-01,2.000000000000000111e-01,5.000000000000000278e-02,2.000000000000000042e-02,-4.551580722093742537e+00,-4.566040860344871888e+00,-2.414306446555262387e+00,-1.394417766737248821e+00
8.271141085041797680e-01,1.879892324691794236e+00,4.446728855407500181e-01,6.999999999999999556e-01,2.000000000000000111e-01,5.000000000000000278e-02,2.000000000000000042e-02,-1.016494463030522599e+00,-1.023827434163636418e+00,-1.297376983613915957e+00,-4.353679299819649406e-01
7.649110213097589650e-01,2.519460529004382110e+00,9.432768986508727194e-01,6.999999999999999556e-01,2.000000000000000111e-01,5.000000000000000278e-02,2.000000000000000042e-02,-1.237572361377246022e+00,-1.195446541147687336e+00,-1.676438720587716480e+00,-5.396056753893028191e-01
1.575605021977040998e+00,3.697371729937903861e-01,3.877495662644697694e-01,6.999999999999999556e-01,2.000000000000000111e-01,5.000000000000000278e-02,2.000000000000000042e-02,-1.328653104653057637e+00,-1.303834954678260161e+00,-1.091518458584972429e+00,-1.631167290425708238e-01
-3.536185008098975402e-01,2.145237080099324789e+00,9.099527782933398701e-01,6.999999999999999556e-01,2.000000000000000111e-01,5.000000000000000278e-02,2.000000000000000042e-02,4.775752937057151648e-01,4.702164204699575967e-01,-1.363042804793886731e+00,2.124067456410270727e-01
2.604419819992801699e+00,2.143674185596490478e+00,7.076581963526992203e-01,6.999999999999999556e-01,2.000000000000000111e-01,5.000000000000000278e-02,2.000000000000000042e-02,-4.381930075428154048e+00,-4.275867323631311834e+00,-2.360797851774689704e+00,-1.563247710240839528e+00
-1.598397930423754776e+00,2.996602592452599190e+00,9.202317980076912818e-01,6.999999999999999556e-01,2.000000000000000111e-01,5.000000000000000278e-02,2.000000000000000042e-02,3.332486403880232206e+00,3.455154271264190502e+00,-2.340379185190550437e+00,1.341133746982033914e+00
2.471408771363268642e+00,1.057711170406446133e+00,9.487551511609016996e-01,6.999999999999999556e-01,2.000000000000000111e-01,5.000000000000000278e-02,2.000000000000000042e-02,-2.871822650511093755e+00,-2.847075538864201505e+00,-1.772804606076055833e+00,-7.319302659511918163e-01
-2.881389783620883271e+00,2.064365703310558686e+00,8.718453277891203834e-01,6.999999999999999556e-01,2.000000000000000111e-01,5.000000000000000278e-02,2.000000000000000042e-02,4.932205016873491665e+00,4.958467127443611844e+00,-2.541985868753906086e+00,1.665507829209387003e+00
5.306544457400099724e-01,1.110120158585534478e+00,4.728828255062211827e-01,6.999999999999999556e-01,2.000000000000000111e-01,5.000000000000000278e-02,2.000000000000000042e-02,-4.704840976324802804e-01,-4.810329325266405887e-01,-9.147704684272616182e-01,-1.649452552885252443e-01
6.964030192894998805e-01,1.779893070920372633e+00,6.781921460816970892e-01,6.999999999999999556e-01,2.000000000000000111e-01,5.000000000000000278e-02,2.000000000000000042e-02,-8.132396446892067310e-01,-8.115890640285982061e-01,-1.216269282938779561e+00,-3.470664144083940306e-01
1.551484820139513054e+00,2.359289865455505009e-02,1.717639244338426963e-01,6.999999999999999556e-01,2.000000000000000111e-01,5.000000000000000278e-02,2.000000000000000042e-02,-1.272889632214152522e+00,-1.268306044147576195e+00,-1.061143699549869979e+00,-1.024912675517698768e-02
-1.911148232435670113e+00,2.463281234267175268e+00,9.521927402137441154e-01,6.999999999999999556e-01,2.000000000000000111e-01,5.000000000000000278e-02,2.000000000000000042e-02,3.310318964482986459e+00,3.393687429791509835e+00,-2.097358756424292370e+00,1.318154761521266982e+00
-9.472622935525096821e-01,5.698913520162414148e-01,8.508303543615980402e-01,6.999999999999999556e-01,2.000000000000000111e-01,5.000000000000000278e-02,2.000000000000000042e-02,7.486535540082994711e-01,7.290335901612814418e-01,-8.800645393523599536e-01,1.511542449722607373e-01
2.524967492986464279e+00,1.464673668064701673e+00,4.778947059575686662e-01,6.999999999999999556e-01,2.000000000000000111e-01,5.000000000000000278e-02,2.000000000000000042e-02,-3.330711625992820224e+00,-3.441287353584268072e+00,-1.956656779644847743e+00,-1.035510951915052935e+00
-1.816567159158857248e+00,4.874425946171576651e-01,8.080171490210530383e-01,6.999999999999999556e-01,2.000000000000000111e-01,5.000000000000000278e-02,2.000000000000000042e-02,1.631749347194977107e+00,1.614081084781348707e+00,-1.228251476186767110e+00,2.479322186198794908e-01
-1.223968365621917354e+00,2.833883869364780317e+00,6.328710530155376990e-01,6.999999999999999556e-01,2.000000000000000111e-01,5.000000000000000278e-02,2.000000000000000042e-02,2.324598195340675577e+00,2.339757320417537922e+00,-2.049040473912904226e+00,9.712035782256429606e-01
4.618345133423593651e-01,2.172657889456059532e+00,6.187182949155678457e-02,6.999999999999999556e-01,2.000000000000000111e-01,5.000000000000000278e-02,2.000000000000000042e-02,-6.334182637489403911e-01,-6.741593496456456114e-01,-1.392855590303318403e+00,-2.809543517301855142e-01
2.927963212818322170e+00,2.585331847844828168e+00,3.076706750814135471e-01,6.999999999999999556e-01,2.000000000000000111e-01,5.000000000000000278e-02,2.000000000000000042e-02,-6.044487653773570557e+00,-6.073795668327189645e+00,-2.921696993229914607e+00,-2.119531832156836160e+00
-1.016092705473570446e+00,2.273244327059069203e+00,5.644841311675086182e-02,6.999999999999999556e-01,2.000000000000000111e-01,5.000000000000000278e-02,2.000000000000000042e-02,1.498830004854220910e+00,1.473432283448951274e+00,-1.578336225788363523e+00,6.467515539754906673e-01
-1.966373682306402193e+00,2.693605598412025515e+00,6.421497533508109257e-01,6.999999999999999556e-01,2.000000000000000111e-01,5.000000000000000278e-02,2.000000000000000042e-02,3.754009561128706540e+00,3.666927951809113129e+00,-2.295765375541610531e+00,1.483057844584566354e+00
-2.259955896017917798e+00,1.965422904281138416e+00,8.538087083939224220e-01,6.999999999999999556e-01,2.000000000000000111e-01,5.000000000000000278e-02,2.000000000000000042e-02,3.381287794189768103e+00,3.387516638820058379e+00,-2.006914304766129309e+00,1.243695342595668940e+00
2.925228266719256176e+00,2.501662623489931958e-01,1.486768292393088053e-01,6.999999999999999556e-01,2.000000000000000111e-01,5.000000000000000278e-02,2.000000000000000042e-02,-3.324842714010100231e+00,-3.250795295693788223e+00,-1.992305704096474894e+00,-2.049021581607783915e-01
-1.470877141589830517e+00,2.125631498384553675e-01,1.163964234234053929e-01,6.999999999999999556e-01,2.000000000000000111e-01,5.000000000000000278e-02,2.000000000000000042e-02,1.198028860030647458e+00,1.164580723720388677e+00,-1.030847567821414845e+00,8.754319790768105847e-02
1.459543858958721074e+00,2.249632672571553194e+00,6.396862798542812811e-02,6.999999999999999556e-01,2.000000000000000111e-01,5.000000000000000278e-02,2.000000000000000042e-02,-2.211255675693711176e+00,-2.203176769939995339e+00,-1.728058844043817377e+00,-9.193625146061175091e-01
-2.570242422092186452e+00,8.649563852512051065e-01,5.140688248809119898e-01,6.999999999999999556e-01,2.000000000000000111e-01,5.000000000000000278e-02,2.000000000000000042e-02,2.917349143198602945e+00,2.905022348288209599e+00,-1.795662853022502947e+00,6.224813264970046056e-01
-4.294181546194097976e-01,2.145202004547313024e+00,9.739076810854288002e-01,6.999999999999999556e-01,2.000000000000000111e-01,5.000000000000000278e-02,2.000000000000000042e-02,5.812109568100845003e-01,5.932283081261666702e-01,-1.371924822371444419e+00,2.579328321019984660e-01
5.048764570758290660e-01,1.305277644228363343e+00,9.472416378738565124e-01,6.999999999999999556e-01,2.000000000000000111e-01,5.000000000000000278e-02,2.000000000000000042e-02,-4.802738141142491313e-01,-4.810447995985388525e-01,-9.767599975295445658e-01,-1.845211067051241438e-01
1.409453947177406796e+00,2.558632478000969268e+00,6.615557021161532214e-01,6.999999999999999556e-01,2.000000000000000111e-01,5.000000000000000278e-02,2.000000000000000042e-02,-2.418414435494899539e+00,-2.450955316945774509e+00,-1.914508086429489220e+00,-1.009756900738536967e+00
8.055278810874710871e-01,1.017070337473243713e+00,3.313150978394540092e-01,6.999999999999999556e-01,2.000000000000000111e-01,5.000000000000000278e-02,2.000000000000000042e-02,-7.066608111287592253e-01,-6.899201731706521290e-01,-9.421517650729018811e-01,-2.293979838812875149e-01
-4.655119803275353796e-01,2.736465808111158138e-01,8.771196264609755211e-01,6.999999999999999556e-01,2.000000000000000111e-01,5.000000000000000278e-02,2.000000000000000042e-02,3.357824561513800266e-01,3.434052999408579998e-01,-7.429887537408155218e-01,3.566801328810760563e-02
-2.006948511655580525e+00,2.512554469415463565e+00,2.064863195387600658e-02,6.999999999999999556e-01,2.000000000000000111e-01,5.000000000000000278e-02,2.000000000000000042e-02,3.582809121207994441e+00,3.506285857111345550e+00,-2.187986543914629323e+00,1.411918886797143502e+00
-5.127534607159907054e-01,9.034467322445418613e-01,4.906104394005162961e-01,6.999999999999999556e-01,2.000000000000000111e-01,5.000000000000000278e-02,2.000000000000000042e-02,4.242604406765804748e-01,3.835187077792595045e-01,-8.537076564419014968e-01,1.297087227886637162e-01
-2.150087798525985860e-01,1.190050108564351117e+00,5.825954364681924513e-01,6.999999999999999556e-01,2.000000000000000111e-01,5.000000000000000278e-02,2.000000000000000042e-02,1.936330660670082249e-01,1.785342128636089043e-01,-9.052050128372186588e-01,7.164394210564460630e-02
-1.103341323792968565e+00,2.328092642090412667e+00,9.910205125073224819e-01,6.999999999999999556e-01,2.000000000000000111e-01,5.000000000000000278e-02,2.000000000000000042e-02,1.676714988520708438e+00,1.681749453826153040e+00,-1.641406460540155487e+00,7.192306289382774942e-01
-2.133279473925965952e+00,7.528724831139665952e-01,3.443063965569402862e-01,6.999999999999999556e-01,2.000000000000000111e-01,5.000000000000000278e-02,2.000000000000000042e-02,2.147995779307778630e+00,2.178858249036689898e+00,-1.461986573697303449e+00,4.497044761189954998e-01
2.308136504550073020e+00,2.817616123867551003e+00,9.829511716966825574e-01,6.999999999999999556e-01,2.000000000000000111e-01,5.000000000000000278e-02,2.000000000000000042e-02,-4.795913411018913663e+00,-4.855276822026259431e+00,-2.610578605552471121e+00,-1.820963936766120783e+00
-1.838533085049278260e+00,8.602380279038557287e-02,3.868716751884355709e-01,6.999999999999999556e-01,2.000000000000000111e-01,5.000000000000000278e-02,2.000000000000000042e-02,1.599608739833403570e+00,1.585680439418892362e+00,-1.208066598973635219e+00,4.428413010892591484e-02
-7.337756835518662868e-01,2.283046480539129064e+00,9.539750971284586267e-01,6.999999999999999556e-01,2.000000000000000111e-01,5.000000000000000278e-02,2.000000000000000042e-02,1.068849587396389467e+00,1.029249936685963318e+00,-1.510486185588095998e+00,4.690683177147189076e-01
-2.293085903143126103e-01,2.559656777590188170e+00,5.871764611377959797e-01,6.999999999999999556e-01,2.000000000000000111e-01,5.000000000000000278e-02,2.000000000000000042e-02,3.714540310723229988e-01,3.612984665921374350e-01,-1.625145359107664556e+00,1.643463604601509420e-01
-2.006686822147584870e+00,1.868468146715130951e+00,3.236484813859720200e-01,6.999999999999999556e-01,2.000000000000000111e-01,5.000000000000000278e-02,2.000000000000000042e-02,2.789503077712309764e+00,2.792813377344486536e+00,-1.792783050467586570e+00,1.049840514132416303e+00
1.691262162194364649e+00,5.838812652658339486e-01,5.461134745970167570e-01,6.999999999999999556e-01,2.000000000000000111e-01,5.000000000000000278e-02,2.000000000000000042e-02,-1.506486378441880492e+00,-1.525696427167415825e+00,-1.176783581660533873e+00,-2.764989615243171883e-01
-2.036182892080561579e+00,3.144964461822575830e-01,6.148842331464088318e-01,6.999999999999999556e-01,2.000000000000000111e-01,5.000000000000000278e-02,2.000000000000000042e-02,1.875628161771688118e+00,1.869749856144441225e+00,-1.335753237552811612e+00,1.793042393342053897e-01
1.992252978643907824e+00,2.313258094911775142e+00,3.983124711487793235e-01,6.999999999999999556e-01,2.000000000000000111e-01,5.000000000000000278e-02,2.000000000000000042e-02,-3.282468717340051967e+00,-3.350018185833214535e+00,-2.044523611551808173e+00,-1.290406692388832433e+00
-2.842509988524071218e+00,2.190111504888492266e+00,1.339417564821858697e-01,6.999999999999999556e-01,2.000000000000000111e-01,5.000000000000000278e-02,2.000000000000000042e-02,5.046920623919037396e+00,4.950678218686361376e+00,-2.583501831767158752e+00,1.743115872015566614e+00
-2.857624159254696039e+00,2.341674936447918576e+00,2.449431999129225712e-02,6.999999999999999556e-01,2.000000000000000111e-01,5.000000000000000278e-02,2.000000000000000042e-02,5.360853208377621471e+00,5.384020331306672347e+00,-2.692584186451786987e+00,1.873655524024137486e+00
1.026570075254409353e-01,2.932016653327838451e+00,5.284110220526228030e-01,6.999999999999999556e-01,2.000000000000000111e-01,5.000000000000000278e-02,2.000000000000000042e-02,-1.954659183663484956e-01,-2.274784525530049173e-01,-1.905121800933960774e+00,-8.427777558071032626e-02
2.117805139435393613e-01,1.814556690571580866e+00,9.517025489434777219e-01,6.999999999999999556e-01,2.000000000000000111e-01,5.000000000000000278e-02,2.000000000000000042e-02,-2.463449547273093010e-01,-2.472004478707519881e-01,-1.167693885574660584e+00,-1.076005695825024283e-01
-2.479282876575936712e-01,2.842122799833722624e+00,1.148706684667174516e-01,6.999999999999999556e-01,2.000000000000000111e-01,5.000000000000000278e-02,2.000000000000000042e-02,4.546871169973782378e-01,4.771340680161088033e-01,-1.840092946679979136e+00,1.972999389411065896e-01
2.503796194215467175e+00,2.955436454274047886e+00,2.725454626142627124e-01,6.999999999999999556e-01,2.000000000000000111e-01,5.000000000000000278e-02,2.000000000000000042e-02,-5.599225453043025880e+00,-5.669174639151966844e+00,-2.863193956260452477e+00,-2.071946953007964165e+00
1.501907199552022121e+00,1.765541361797846598e+00,5.544679309204353368e-01,6.999999999999999556e-01,2.000000000000000111e-01,5.000000000000000278e-02,2.000000000000000042e-02,-1.876160461479106312e+00,-1.896856517370174799e+00,-1.474757867440588788e+00,-7.424701990694987375e-01
1.947279144930323724e+00,2.319470878344525033e+00,1.969174264517962181e-01,6.999999999999999556e-01,2.000000000000000111e-01,5.000000000000000278e-02,2.000000000000000042e-02,-3.198965108427716864e+00,-3.255808726154369115e+00,-2.021976732010451361e+00,-1.264664035228583838e+00
1.673805989319422594e+00,4.920284684436628808e-01,4.470440758443970930e-01,6.999999999999999556e-01,2.000000000000000111e-01,5.000000000000000278e-02,2.000000000000000042e-02,-1.462863261217055788e+00,-1.502462324346439448e+00,-1.154136855408498086e+00,-2.305968552710662978e-01
1.922677067361589387e+00,2.996081023785662101e+00,8.707868399111911017e-01,6.999999999999999556e-01,2.000000000000000111e-01,5.000000000000000278e-02,2.000000000000000042e-02,-4.117498624666458440e+00,-4.170289150193498884e+00,-2.511213275956119872e+00,-1.612938957389179029e+00
1.842166662339042915e+00,1.488884747161289379e+00,4.357560238295791200e-01,6.999999999999999556e-01,2.000000000000000111e-01,5.000000000000000278e-02,2.000000000000000042e-02,-2.173807857651857578e+00,-2.231604354680294389e+00,-1.519385592421140574e+00,-7.679766766799741573e-01
2.335819699293532281e+00,1.504978060195104383e+00,8.198762010231608333e-01,6.999999999999999556e-01,2.000000000000000111e-01,5.000000000000000278e-02,2.000000000000000042e-02,-3.012966677871492749e+00,-3.030493194352971376e+00,-1.835502304774765836e+00,-9.843000720023216132e-01
1.542615072140133492e+00,2.056594974600869374e+00,9.319050604871534915e-01,6.999999999999999556e-01,2.000000000000000111e-01,5.000000000000000278e-02,2.000000000000000042e-02,-2.176822180873312806e+00,-2.203657416409092296e+00,-1.649090793656583509e+00,-8.883096334299476204e-01
-1.907000820332111379e+00,2.567795144057376078e+00,9.015149450356958472e-01,6.999999999999999556e-01,2.000000000000000111e-01,5.000000000000000278e-02,2.000000000000000042e-02,3.442008087474771827e+00,3.359759144840666067e+00,-2.168597885570351824e+00,1.371100484925423801e+00
8.359466328668840873e-02,8.310475765130219683e-01,3.821147784915140955e-01,6.999999999999999556e-01,2.000000000000000111e-01,5.000000000000000278e-02,2.000000000000000042e-02,-6.662820798550388168e-02,-6.748119773979925629e-02,-7.977378205794455335e-01,-1.945191985347085456e-02
1.217301430492090830e+00,2.257001409564769911e+00,7.221299599730428564e-01,6.999999999999999556e-01,2.000000000000000111e-01,5.000000000000000278e-02,2.000000000000000042e-02,-1.810442373606373057e+00,-1.777287311533693570e+00,-1.635441166690543735e+00,-7.692862924560406324e-01
5.384078623814581022e-02,2.496580152870598646e+00,3.683727494336449526e-01,6.999999999999999556e-01,2.000000000000000111e-01,5.000000000000000278e-02,2.000000000000000042e-02,-8.467824116551320168e-02,-7.051667704360096989e-02,-1.573042568898444404e+00,-3.763699473438891774e-02
4.681037161213996711e-02,1.188385865127121521e+00,7.772048905621489201e-01,6.999999999999999556e-01,2.000000000000000111e-01,5.000000000000000278e-02,2.000000000000000042e-02,-4.202757317648719154e-02,-4.913368722621924700e-02,-8.980452166543211323e-01,-1.557605951026020015e-02
-1.074927209176402831e+00,1.318107110734175524e+00,6.463544755505749029e-01,6.999999999999999556e-01,2.000000000000000111e-01,5.000000000000000278e-02,2.000000000000000042e-02,1.076013224262867718e+00,1.073752902261185138e+00,-1.116557165505684956e+00,3.967233754223764564e-01
-1.971756494684040906e+00,2.646581482603410418e+00,6.794568581277227182e-01,6.999999999999999556e-01,2.000000000000000111e-01,5.000000000000000278e-02,2.000000000000000042e-02,3.697055809936083293e+00,3.614258167107423425e+00,-2.263788647317601654e+00,1.461155983569461858e+00
2.413856098539003625e+00,1.003197080700608534e+00,2.635643919229441190e-01,6.999999999999999556e-01,2.000000000000000111e-01,5.000000000000000278e-02,2.000000000000000042e-02,-2.733044338013265850e+00,-2.750976917394259313e+00,-1.714901803249762269e+00,-6.780405495599928223e-01
-8.105899993332812414e-01,2.417808084337788266e+00,3.184502747848951820e-01,6.999999999999999556e-01,2.000000000000000111e-01,5.000000000000000278e-02,2.000000000000000042e-02,1.257439277587346194e+00,1.271695363032516735e+00,-1.616969852629352333e+00,5.487582949719834735e-01
-2.848565293460560532e+00,2.670389557134083436e+00,9.187764800779549823e-01,6.999999999999999556e-01,2.000000000000000111e-01,5.000000000000000278e-02,2.000000000000000042e-02,5.993533678019762334e+00,6.073345450020151581e+00,-2.915485888825315008e+00,2.129898123492066642e+00
-8.499449784066799296e-01,1.092140096107748537e+00,7.999985509341910328e-01,6.999999999999999556e-01,2.000000000000000111e-01,5.000000000000000278e-02,2.000000000000000042e-02,7.675922131243645419e-01,7.925383968944097468e-01,-9.753487684814836634e-01,2.599125173129435140e-01
2.994315952436148898e+00,9.478039148046992768e-01,3.386221992164757388e-01,6.999999999999999556e-01,2.000000000000000111e-01,5.000000000000000278e-02,2.000000000000000042e-02,-3.814946918814639432e+00,-3.935896829654880413e+00,-2.170655719980715936e+00,-7.946468269267200624e-01
-2.886361479273262809e+00,5.617752455374426246e-01,7.123138379247534457e-01,6.999999999999999556e-01,2.000000000000000111e-01,5.000000000000000278e-02,2.000000000000000042e-02,3.350306359901514153e+00,3.448062518617488248e+00,-1.993845188064692575e+00,4.540162000439948442e-01
2.930106208917391264e+00,6.049725150549467578e-01,8.429113411587607629e-02,6.999999999999999556e-01,2.000000000000000111e-01,5.000000000000000278e-02,2.000000000000000042e-02,-3.459034225539619811e+00,-3.439169142896780329e+00,-2.039067203486504276e+00,-4.963374423243233635e-01
-1.862927215625308719e+00,2.584015147753741637e+00,3.040649364326358794e-01,6.999999999999999556e-01,2.000000000000000111e-01,5.000000000000000278e-02,2.000000000000000042e-02,3.368775417265434946e+00,3.466183108378268152e+00,-2.155373471342530767e+00,1.347873000414779421e+00
-2.794313162110095838e+00,8.378571944964275930e-01,4.152333526703082534e-01,6.999999999999999556e-01,2.000000000000000111e-01,5.000000000000000278e-02,2.000000000000000042e-02,3.321571993543742440e+00,3.315820585560929956e+00,-1.969508562162977983e+00,6.555459082340016064e-01
2.962888037422214182e+00,8.091451849286974696e-01,5.613468293818525412e-01,6.999999999999999556e-01,2.000000000000000111e-01,5.000000000000000278e-02,2.000000000000000042e-02,-3.646116704687856203e+00,-3.564048478102930240e+00,-2.108466058586010661e+00,-6.712738449096463667e-01
-1.438659231228633928e+00,1.953140090289439357e+00,6.841481275519305516e-01,6.999999999999999556e-01,2.000000000000000111e-01,5.000000000000000278e-02,2.000000000000000042e-02,1.924282810874506033e+00,1.919790923407187488e+00,-1.544526927261322236e+00,7.867728458177360995e-01
2.839072762079948298e+00,8.502624702699499437e-01,7.526176179341714789e-02,6.999999999999999556e-01,2.000000000000000111e-01,5.000000000000000278e-02,2.000000000000000042e-02,-3.418894278401596321e+00,-3.497043800427741989e+00,-2.010262599826578178e+00,-6.759079655894233429e-01
-1.447992225596127724e+00,8.477440109359598575e-01,4.351289028096131384e-01,6.999999999999999556e-01,2.000000000000000111e-01,5.000000000000000278e-02,2.000000000000000042e-02,1.311081463990175999e+00,1.316869214608244132e+00,-1.115116009938914576e+00,3.437074863966655403e-01
-8.767037306347051917e-01,2.793561421361405728e+00,2.081904204016183924e-01,6.999999999999999556e-01,2.000000000000000111e-01,5.000000000000000278e-02,2.000000000000000042e-02,1.605234387026700515e+00,1.586157392371421171e+00,-1.907849372784947484e+00,6.857552015621254382e-01
2.889473605746670337e+00,2.969425494604611693e+00,9.736926283733067233e-01,6.999999999999999556e-01,2.000000000000000111e-01,5.000000000000000278e-02,2.000000000000000042e-02,-6.795756363969188918e+00,-6.813915445710994945e+00,-3.186806945267097291e+00,-2.402421445449557602e+00
-1.453190090717813021e+00,2.289544482539914494e+00,4.839608390980976171e-02,6.999999999999999556e-01,2.000000000000000111e-01,5.000000000000000278e-02,2.000000000000000042e-02,2.237142582732508433e+00,2.256015941736490227e+00,-1.750646167218122162e+00,9.316001391997008607e-01
1.920400760135421159e+00,2.354695603312342289e+00,3.189871975903780799e-01,6.999999999999999556e-01,2.000000000000000111e-01,5.000000000000000278e-02,2.000000000000000042e-02,-3.189093833933636990e+00,-3.146231036605529940e+00,-2.029433655725492169e+00,-1.266148583416795592e+00
2.027258182813945098e+00,1.120789097610342289e+00,2.581813478498277137e-01,6.999999999999999556e-01,2.000000000000000111e-01,5.000000000000000278e-02,2.000000000000000042e-02,-2.192180369987297706e+00,-2.168140049921774892e+00,-1.492329909153023770e+00,-6.361960834149826827e-01
-6.130660690278606495e-01,1.048686987954443595e+00,1.286438650409166273e-01,6.999999999999999556e-01,2.000000000000000111e-01,5.000000000000000278e-02,2.000000000000000042e-02,5.350575291376933329e-01,5.522645666167075307e-01,-9.103417165676859213e-01,1.800160346168514780e-01
-2.273849588416898548e+00,2.455158378362138016e+00,2.723269698542281070e-01,6.999999999999999556e-01,2.000000000000000111e-01,5.000000000000000278e-02,2.000000000000000042e-02,4.098413716904016013e+00,3.964602028112033327e+00,-2.319451165409407434e+00,1.563145043078373098e+00
1.844722080135289488e+00,1.578815627880667094e+00,1.961225256661243144e-01,6.999999999999999556e-01,2.000000000000000111e-01,5.000000000000000278e-02,2.000000000000000042e-02,-2.248941655120363592e+00,-2.201663324037245406e+00,-1.559422163098431735e+00,-8.154932937799556081e-01
-2.057166140994190151e+00,6.290550350283642400e-01,6.036702261352436816e-01,6.999999999999999556e-01,2.000000000000000111e-01,5.000000000000000278e-02,2.000000000000000042e-02,1.989271552645737406e+00,1.952655811149520471e+00,-1.390189312941174427e+00,3.623398012870341911e-01
-7.870972959875399688e-01,9.767923354234642197e-01,5.570610499238716207e-01,6.999999999999999556e-01,2.000000000000000111e-01,5.000000000000000278e-02,2.000000000000000042e-02,6.804876158153851939e-01,6.803631637644231844e-01,-9.265055803185180405e-01,2.152725696668855715e-01
-1.790893031406385116e+00,2.182495323746646676e+00,6.700838784748800459e-01,6.999999999999999556e-01,2.000000000000000111e-01,5.000000000000000278e-02,2.000000000000000042e-02,2.735096448425628601e+00,2.707667258270371580e+00,-1.847954694835630018e+00,1.094412386584969532e+00
2.394156790967000958e+00,1.162205081508198790e+00,9.960438467256329531e-01,6.999999999999999556e-01,2.000000000000000111e-01,5.000000000000000278e-02,2.000000000000000042e-02,-2.814810685472973528e+00,-2.884678952763767512e+00,-1.748898902167698388e+00,-7.791003327489790520e-01
-1.320163029172954694e+00,2.429643955231084895e+00,3.809908771618520928e-01,6.999999999999999556e-01,2.000000000000000111e-01,5.000000000000000278e-02,2.000000000000000042e-02,2.130195639082444359e+00,2.163373693694503164e+00,-1.787868328425999742e+00,8.981073146498956827e-01
2.940030746625597047e-01,6.686258633123517425e-01,8.452147972707877432e-01,6.999999999999999556e-01,2.000000000000000111e-01,5.000000000000000278e-02,2.000000000000000042e-02,-2.254740058027955851e-01,-2.475708961701053035e-01,-7.755541474992820872e-01,-5.504185669156713007e-02
1.034936189716729515e+00,5.698550307164595985e-03,6.883473342736498024e-01,6.999999999999999556e-01,2.000000000000000111e-01,5.000000000000000278e-02,2.000000000000000042e-02,-7.798856790247478132e-01,-7.928166144827499817e-01,-8.606684838043917596e-01,-1.651338063705687018e-03
-1.420633270248221169e+00,4.295140465338134206e-01,7.794199492402286156e-01,6.999999999999999556e-01,2.000000000000000111e-01,5.000000000000000278e-02,2.000000000000000042e-02,1.174490753782644781e+00,1.206123415941593890e+00,-1.028557357544202411e+00,1.708509444725658244e-01
4.147872317099050576e-01,3.212462060041557654e-01,6.844465111264098622e-01,6.999999999999999556e-01,2.000000000000000111e-01,5.000000000000000278e-02,2.000000000000000042e-02,-2.999120322665962401e-01,-3.465002294504305747e-01,-7.402551446205238861e-01,-3.730967085601661487e-02
1.308281857470445786e+00,5.651982114582413397e-01,4.985539931415472470e-02,6.999999999999999556e-01,2.000000000000000111e-01,5.000000000000000278e-02,2.000000000000000042e-02,-1.086270264079382430e+00,-1.124644007738346163e+00,-1.001463075340931264e+00,-2.070427984591572679e-01
2.904984999891290443e+00,2.932844496793540756e+00,9.366593963555396307e-01,6.999999999999999556e-01,2.000000000000000111e-01,5.000000000000000278e-02,2.000000000000000042e-02,-6.757482131678565374e+00,-6.642995252272339002e+00,-3.170061435371112069e+00,-2.385563395655707186e+00
-4.131430327389411516e-01,1.956736665483472581e+00,6.087663575043813502e-01,6.999999999999999556e-01,2.000000000000000111e-01,5.000000000000000278e-02,2.000000000000000042e-02,5.141849826893204467e-01,5.040577805246582166e-01,-1.261637647751742586e+00,2.263553936698109448e-01
-9.373256396077751518e-01,1.301003902745873075e+00,9.703734468849409822e-01,6.999999999999999556e-01,2.000000000000000111e-01,5.000000000000000278e-02,2.000000000000000042e-02,9.194175921835913146e-01,9.330433328554522676e-01,-1.068752464894317633e+00,3.414500082765763445e-01
-9.046559967467131536e-01,4.276203519562158384e-01,9.321740351296051719e-01,6.999999999999999556e-01,2.000000000000000111e-01,5.000000000000000278e-02,2.000000000000000042e-02,6.934372826217968244e-01,6.912617021252095428e-01,-8.483606540244703620e-01,1.083178084038765865e-01
3.534837044094469860e-01,2.429686608867133835e+00,4.852321541351822809e-02,6.999999999999999556e-01,2.000000000000000111e-01,5.000000000000000278e-02,2.000000000000000042e-02,-5.417916561439150014e-01,-5.533001396330268218e-01,-1.545215391815611961e+00,-2.404792944557868073e-01
-1.105594375750214242e+00,1.916532246326769551e+00,2.682325691502818188e-01,6.999999999999999556e-01,2.000000000000000111e-01,5.000000000000000278e-02,2.000000000000000042e-02,1.410020191046332361e+00,1.426816704188952123e+00,-1.397584257723022638e+00,5.932940362951841795e-01
-5.472616808359838103e-01,7.874153212236200128e-01,4.705267593780458890e-01,6.999999999999999556e-01,2.000000000000000111e-01,5.000000000000000278e-02,2.000000000000000042e-02,4.387823604493967800e-01,4.229198487262570416e-01,-8.317275064303913945e-01,1.206582250184764227e-01
8.383924556987358834e-01,1.437965812802500576e+00,8.476624814845684641e-01,6.999999999999999556e-01,2.000000000000000111e-01,5.000000000000000278e-02,2.000000000000000042e-02,-8.590416347376139683e-01,-8.719003219892818013e-01,-1.094919681496309360e+00,-3.375623129217688034e-01
1.421111444850609473e+00,2.543050387178909411e+00,1.499553610578954199e-01,6.999999999999999556e-01,2.000000000000000111e-01,5.000000000000000278e-02,2.000000000000000042e-02,-2.424945666533996569e+00,-2.418449897049822717e+00,-1.908328398845120066e+00,-1.011908242814481884e+00
1.339055244886683482e+00,2.883896458372984029e+00,5.988150071715296896e-01,6.999999999999999556e-01,2.000000000000000111e-01,5.000000000000000278e-02,2.000000000000000042e-02,-2.616532262779483808e+00,-2.678495710885931747e+00,-2.133320571895053863e+00,-1.081275069922452925e+00
9.418574440135776271e-01,2.853245453161091127e+00,2.189598655681109785e-01,6.999999999999999556e-01,2.000000000000000111e-01,5.000000000000000278e-02,2.000000000000000042e-02,-1.774549954427486309e+00,-1.828540486596236692e+00,-1.972805662964390194e+00,-7.524581315041467544e-01
-2.154762322065391089e+00,1.756346640402475234e+00,3.977748258841855566e-01,6.999999999999999556e-01,2.000000000000000111e-01,5.000000000000000278e-02,2.000000000000000042e-02,2.939129262578862090e+00,2.837022498005295823e+00,-1.828315592664324196e+00,1.059662678263108004e+00
1.046758833827401425e+00,1.589665241403882767e+00,3.067612652254426697e-01,6.999999999999999556e-01,2.000000000000000111e-01,5.000000000000000278e-02,2.000000000000000042e-02,-1.160405632990000768e+00,-1.141132841437996870e+00,-1.218140589591228284e+00,-4.659189175950071427e-01
-1.705729675495011310e+00,1.258359678569058282e+00,1.243393657538534036e-01,6.999999999999999556e-01,2.000000000000000111e-01,5.000000000000000278e-02,2.000000000000000042e-02,1.820288796172563783e+00,1.886336744369287111e+00,-1.358112730170426774e+00,6.009980049308497607e-01
2.088489455945685691e+00,2.367589597847996608e-02,8.847233160099522431e-01,6.999999999999999556e-01,2.000000000000000111e-01,5.000000000000000278e-02,2.000000000000000042e-02,-1.917583951010624510e+00,-1.876277512165000383e+00,-1.354346707866499688e+00,-1.384512055111423480e-02
2.384903160635681196e+00,8.850297470057127969e-01,6.667620508016668390e-01,6.999999999999999556e-01,2.000000000000000111e-01,5.000000000000000278e-02,2.000000000000000042e-02,-2.609196209505574959e+00,-2.647161195325565597e+00,-1.662823334273408893e+00,-5.909988674493460437e-01
-1.343672328169338348e+00,2.476893964689983019e+00,9.233325012427425760e-01,6.999999999999999556e-01,2.000000000000000111e-01,5.000000000000000278e-02,2.000000000000000042e-02,2.215948508752783930e+00,2.189013624085669463e+00,-1.829718818547674264e+00,9.318774864458002627e-01
2.724263251945070685e+00,1.080344614310088769e+00,1.774467010404496836e-01,6.999999999999999556e-01,2.000000000000000111e-01,5.000000000000000278e-02,2.000000000000000042e-02,-3.363050518726308447e+00,-3.435547983049559218e+00,-1.976641767878383860e+00,-8.240800770164886657e-01
7.946510594089923885e-01,1.971274801182867353e+00,6.476630618412153595e-01,6.999999999999999556e-01,2.000000000000000111e-01,5.000000000000000278e-02,2.000000000000000042e-02,-1.013659214274292841e+00,-1.015616593576257332e+00,-1.338749953781972479e+00,-4.386131705609405129e-01
1.395591033126301284e+00,2.943605255971460721e+00,5.588129972668245404e-01,6.999999999999999556e-01,2.000000000000000111e-01,5.000000000000000278e-02,2.000000000000000042e-02,-2.805776296203957187e+00,-2.753236486736210686e+00,-2.205224816178973590e+00,-1.150259348083221722e+00
1.362015473000063537e+00,2.378817707344167864e+00,8.887749533523472412e-01,6.999999999999999556e-01,2.000000000000000111e-01,5.000000000000000278e-02,2.000000000000000042e-02,-2.158770857374865404e+00,-2.165946126221402146e+00,-1.770491238172120729e+00,-9.071962269578019988e-01
9.979890341341741689e-01,9.509811805034613652e-01,1.887571072110109105e-01,6.999999999999999556e-01,2.000000000000000111e-01,5.000000000000000278e-02,2.000000000000000042e-02,-8.746478033407968367e-01,-8.769330512274640110e-01,-9.760084456318551815e-01,-2.657392611469193144e-01
-2.176254678888755123e+00,7.112273904634323074e-01,2.292900635696414335e-01,6.999999999999999556e-01,2.000000000000000111e-01,5.000000000000000278e-02,2.000000000000000042e-02,2.192843044166191024e+00,2.048090635511876201e+00,-1.481230880240139047e+00,4.333873421499674916e-01
5.325329642463572100e-01,2.776440925634562795e+00,4.024085379760338199e-01,6.999999999999999556e-01,2.000000000000000111e-01,5.000000000000000278e-02,2.000000000000000042e-02,-9.550376726757763279e-01,-9.508149610624820891e-01,-1.821746093596742888e+00,-4.139929685312605523e-01
2.855940001577461196e+00,6.339844296184540262e-01,9.919274278001373180e-01,6.999999999999999556e-01,2.000000000000000111e-01,5.000000000000000278e-02,2.000000000000000042e-02,-3.324573311574952506e+00,-3.409928601210138854e+00,-1.979730069871349585e+00,-5.069740180188917478e-01
1.950297531581195898e+00,2.142215992569432625e+00,2.095881013961723438e-01,6.999999999999999556e-01,2.000000000000000111e-01,5.000000000000000278e-02,2.000000000000000042e-02,-2.989134303397123826e+00,-3.009547381809222877e+00,-1.913021579488589419e+00,-1.169828397478139159e+00
-2.931088034613322790e-01,1.914501437370611292e+00,5.048900456595905029e-01,6.999999999999999556e-01,2.000000000000000111e-01,5.000000000000000278e-02,2.000000000000000042e-02,3.568423359757946778e-01,3.622053769786990340e-01,-1.226031121117159062e+00,1.571240231491561612e-01
2.892224426909120183e+00,1.689658166793956973e+00,2.793852060509925961e-01,6.999999999999999556e-01,2.000000000000000111e-01,5.000000000000000278e-02,2.000000000000000042e-02,-4.390224209956119061e+00,-4.387591506922814411e+00,-2.354436581227360215e+00,-1.368323774475830534e+00
2.403323224942653269e+00,9.334885307749037908e-01,4.200590269280124467e-02,6.999999999999999556e-01,2.000000000000000111e-01,5.000000000000000278e-02,2.000000000000000042e-02,-2.669597603223237581e+00,-2.634980577163640536e+00,-1.688390495724673812e+00,-6.281729065440978532e-01
-3.368775698828141429e-01,2.922614652923265055e+00,8.372928685430073292e-01,6.999999999999999556e-01,2.000000000000000111e-01,5.000000000000000278e-02,2.000000000000000042e-02,6.405757385029035023e-01,6.693359658877872098e-01,-1.912857671890971334e+00,2.756777301545942360e-01
2.096494303655411784e+00,2.310674942606601334e+00,4.371608812827434409e-01,6.999999999999999556e-01,2.000000000000000111e-01,5.000000000000000278e-02,2.000000000000000042e-02,-3.495390683445515734e+00,-3.659711169895800698e+00,-2.106783871443541400e+00,-1.356408719336729574e+00
-1.405640019840240784e+00,1.236153691486274298e+00,3.650340597464319936e-01,6.999999999999999556e-01,2.000000000000000111e-01,5.000000000000000278e-02,2.000000000000000042e-02,1.423522327767472673e+00,1.377131807287786502e+00,-1.210304212662990819e+00,4.865243878393789023e-01
-2.124237387241823427e+00,4.949276679673270118e-01,8.873277499430874959e-01,6.999999999999999556e-01,2.000000000000000111e-01,5.000000000000000278e-02,2.000000000000000042e-02,2.039082444512362535e+00,2.102715225847175518e+00,-1.411151147116136206e+00,2.943762797574488999e-01
4.549002968032844763e-03,1.224763103001093478e+00,6.462384503621503296e-01,6.999999999999999556e-01,2.000000000000000111e-01,5.000000000000000278e-02,2.000000000000000042e-02,-4.139625848846745573e-03,3.880349981826410055e-03,-9.100093562004019088e-01,-1.560006277392945269e-03
1.861826746181517223e+00,1.345286735494103381e-01,9.505810355888337781e-01,6.999999999999999556e-01,2.000000000000000111e-01,5.000000000000000278e-02,2.000000000000000042e-02,-1.630687763600284113e+00,-1.656578905013145420e+00,-1.222493539880503244e+00,-7.013134311193196246e-02
1.190577861145411198e+00,5.573016163860659011e-01,1.657074559312877726e-01,6.999999999999999556e-01,2.000000000000000111e-01,5.000000000000000278e-02,2.000000000000000042e-02,-9.695538615649135217e-01,-9.763908430027957719e-01,-9.561032593451503914e-01,-1.857830706059447612e-01
-1.141708093271088131e+00,7.134020403512503217e-01,7.733490132673441764e-01,6.999999999999999556e-01,2.000000000000000111e-01,5.000000000000000278e-02,2.000000000000000042e-02,9.549552635171870696e-01,9.536000565640172510e-01,-9.667765515009313360e-01,2.280591273030363186e-01
-4.169820838972881916e-02,4.688599236263453207e-01,1.379694673387791282e-01,6.999999999999999556e-01,2.000000000000000111e-01,5.000000000000000278e-02,2.000000000000000042e-02,3.047568122046974068e-02,4.992325821769014182e-02,-7.310369590050433963e-01,5.474173264269831425e-03
1.619689955804801684e+00,1.608702085273491900e+00,7.674936085649385342e-01,6.999999999999999556e-01,2.000000000000000111e-01,5.000000000000000278e-02,2.000000000000000042e-02,-1.933065808708732458e+00,-1.948388658199299295e+00,-1.455818468823103506e+00,-7.295676106319199938e-01
1.378143902503804696e+00,4.350635730357300668e-01,4.493623930624062179e-01,6.999999999999999556e-01,2.000000000000000111e-01,5.000000000000000278e-02,2.000000000000000042e-02,-1.132094602968411134e+00,-1.133849818480195282e+00,-1.011391336162828614e+00,-1.678824589065988082e-01
2.699562655649553555e+00,2.704724712476475057e-01,8.942170520080650054e-01,6.999999999999999556e-01,2.000000000000000111e-01,5.000000000000000278e-02,2.000000000000000042e-02,-2.901013946407800859e+00,-2.982447065308605261e+00,-1.803387529845043913e+00,-2.044440671731910797e-01
-2.105505534277750890e+00,2.085452326004405554e-01,3.607865997435665273e-01,6.999999999999999556e-01,2.000000000000000111e-01,5.000000000000000278e-02,2.000000000000000042e-02,1.953375250581512290e+00,2.007741957748100603e+00,-1.371061789196787561e+00,1.229460795884911445e-01
1.428219901990946283e+00,2.653308908263332544e+00,8.096187038609768960e-01,6.999999999999999556e-01,2.000000000000000111e-01,5.000000000000000278e-02,2.000000000000000042e-02,-2.553082108011388573e+00,-2.533574801898850204e+00,-1.991578556040192183e+00,-1.061062404895237066e+00
9.975141015998723049e-01,2.381964014875973534e-01,3.478450732440587778e-01,6.999999999999999556e-01,2.000000000000000111e-01,5.000000000000000278e-02,2.000000000000000042e-02,-7.558114200194405718e-01,-7.665687950949813256e-01,-8.571984110290197245e-01,-6.652919544158247822e-02
-1.303447537409787582e+00,2.878554476232207726e+00,8.000662852959694593e-02,6.999999999999999556e-01,2.000000000000000111e-01,5.000000000000000278e-02,2.000000000000000042e-02,2.535204673381302065e+00,2.464066304685398556e+00,-2.114896944586052818e+00,1.050572528136541672e+00
2.746060650670489878e+00,2.788167116247136423e+00,6.136589050937294454e-01,6.999999999999999556e-01,2.000000000000000111e-01,5.000000000000000278e-02,2.000000000000000042e-02,-5.946278751837708043e+00,-5.956829843294701554e+00,-2.919469986111187687e+00,-2.143813281517508607e+00
-3.262222177196072437e-02,1.532297441957755746e+00,2.303068822401885818e-01,6.999999999999999556e-01,2.000000000000000111e-01,5.000000000000000278e-02,2.000000000000000042e-02,3.356057302078866572e-02,4.978100093879036375e-02,-1.028870594491240187e+00,1.399634515220312542e-02
8.331775725822612166e-01,2.657272786584980118e+00,7.657985703065461891e-01,6.999999999999999556e-01,2.000000000000000111e-01,5.000000000000000278e-02,2.000000000000000042e-02,-1.435784130000602454e+00,-1.371607719789682323e+00,-1.792681542843625131e+00,-6.199144252044168635e-01
2.958676588988337741e+00,6.826965401928652977e-02,7.805933307856546266e-01,6.999999999999999556e-01,2.000000000000000111e-01,5.000000000000000278e-02,2.000000000000000042e-02,-3.367982459586964072e+00,-3.243469177475876819e+00,-2.013717578126537955e+00,-5.655659158385505092e-02
2.270153566412860258e-01,2.261691525393195512e+00,3.763878336021266868e-01,6.999999999999999556e-01,2.000000000000000111e-01,5.000000000000000278e-02,2.000000000000000042e-02,-3.220693190397935779e-01,-3.307648308031047035e-01,-1.423865193667601670e+00,-1.437628383099189278e-01
9.899642009668729870e-01,1.591765354442190583e+00,1.770155219936883073e-01,6.999999999999999556e-01,2.000000000000000111e-01,5.000000000000000278e-02,2.000000000000000042e-02,-1.092645097609217686e+00,-1.103056673881692040e+00,-1.201724739983742962e+00,-4.412214008263920517e-01
4.894682168067294725e-01,1.835375056170470032e+00,8.122692654892221809e-01,6.999999999999999556e-01,2.000000000000000111e-01,5.000000000000000278e-02,2.000000000000000042e-02,-5.793263487121917965e-01,-5.999640515310443734e-01,-1.207541093843379709e+00,-2.515401716562870038e-01
2.037461669535583830e+00,2.999710725241541809e+00,9.202235703902588160e-01,6.999999999999999556e-01,2.000000000000000111e-01,5.000000000000000278e-02,2.000000000000000042e-02,-4.415830455092178752e+00,-4.380134012893656781e+00,-2.582444529142088552e+00,-1.711302774264839899e+00
1.038398132512122984e+00,4.811634784764076134e-01,9.377550076318998951e-01,6.999999999999999556e-01,2.000000000000000111e-01,5.000000000000000278e-02,2.000000000000000042e-02,-8.165195487004693886e-01,-8.327386464466950411e-01,-8.941531632634318605e-01,-1.398989920952228294e-01
-2.125209383125026719e+00,9.258541070066274026e-01,7.722725343233295403e-01,6.999999999999999556e-01,2.000000000000000111e-01,5.000000000000000278e-02,2.000000000000000042e-02,2.222617424254033303e+00,2.245838622781907379e+00,-1.497486054162944002e+00,5.509374739722915360e-01
-2.664066996260961773e+00,2.060741692552574555e+00,2.022850460425288377e-01,6.999999999999999556e-01,2.000000000000000111e-01,5.000000000000000278e-02,2.000000000000000042e-02,4.394097539998476520e+00,4.417949476163181011e+00,-2.359119829364458631e+00,1.537187100665514894e+00
2.409369650538609520e+00,5.407831024409883725e-01,8.665460419998038955e-01,6.999999999999999556e-01,2.000000000000000111e-01,5.000000000000000278e-02,2.000000000000000042e-02,-2.484531374194989262e+00,-2.466330514282796482e+00,-1.611701807884479365e+00,-3.648249904727201010e-01
1.527703063551431484e+00,2.761277466016848869e+00,3.966355740510341121e-01,6.999999999999999556e-01,2.000000000000000111e-01,5.000000000000000278e-02,2.000000000000000042e-02,-2.878414526706936538e+00,-2.937318023443922232e+00,-2.117532951764204530e+00,-1.181155372361852640e+00
-2.241610328751437731e+00,4.880105830079478624e-01,4.978770806505710134e-01,6.999999999999999556e-01,2.000000000000000111e-01,5.000000000000000278e-02,2.000000000000000042e-02,2.207050188028950366e+00,2.255689565528385732e+00,-1.487064135972655521e+00,3.063002777549754807e-01
2.215211522624635165e+00,1.179394988960768442e+00,2.558436285016234546e-01,6.999999999999999556e-01,2.000000000000000111e-01,5.000000000000000278e-02,2.000000000000000042e-02,-2.525549941843876489e+00,-2.538009631236280761e+00,-1.630810469093351145e+00,-7.315306233960615634e-01
9.707375585925159811e-01,2.245689972430243486e+00,7.576834055945717017e-01,6.999999999999999556e-01,2.000000000000000111e-01,5.000000000000000278e-02,2.000000000000000042e-02,-1.410631024201434824e+00,-1.446192446303210533e+00,-1.547386994467648380e+00,-6.103931683339360870e-01
6.424244384780148920e-01,2.602973453216477218e+00,9.715388022416407976e-01,6.999999999999999556e-01,2.000000000000000111e-01,5.000000000000000278e-02,2.000000000000000042e-02,-1.072335752635388273e+00,-1.074137149371570787e+00,-1.710472285614028642e+00,-4.682198525356169316e-01
1.515175399333914541e+00,2.364447407682757518e+00,3.671607921532646923e-01,6.999999999999999556e-01,2.000000000000000111e-01,5.000000000000000278e-02,2.000000000000000042e-02,-2.420452458369783066e+00,-2.414120623621238693e+00,-1.827049089729682718e+00,-1.003114712639133099e+00
2.569038811877805806e+00,2.456423748528231421e+00,1.925598205625669301e-01,6.999999999999999556e-01,2.000000000000000111e-01,5.000000000000000278e-02,2.000000000000000042e-02,-4.816332460175330787e+00,-4.814813727130496268e+00,-2.534756531066867602e+00,-1.766981425548469931e+00
-1.187026021802362719e+00,1.221985228111709398e+00,4.770314092029009911e-01,6.999999999999999556e-01,2.000000000000000111e-01,5.000000000000000278e-02,2.000000000000000042e-02,1.162699400743026468e+00,1.183648973808438365e+00,-1.120409322146643127e+00,4.061479139274746242e-01
-2.664153681295562848e+00,1.128473971023617350e+00,1.898426364991669946e-01,6.999999999999999556e-01,2.000000000000000111e-01,5.000000000000000278e-02,2.000000000000000042e-02,3.285352349990851906e+00,3.361656881230077332e+00,-1.942940716092998787e+00,8.417998635616616987e-01
1.066254072683006981e+00,1.638774362304453724e+00,1.454357489239476164e-01,6.999999999999999556e-01,2.000000000000000111e-01,5.000000000000000278e-02,2.000000000000000042e-02,-1.207880639865961392e+00,-1.153820789591310403e+00,-1.246516059603456572e+00,-4.892579546443739380e-01
-1.128302687306255825e+00,5.240957993095570755e-01,4.729809298148703878e-01,6.999999999999999556e-01,2.000000000000000111e-01,5.000000000000000278e-02,2.000000000000000042e-02,9.050206623096324066e-01,9.023300028427750918e-01,-9.294147400869270381e-01,1.655748356547301348e-01
1.317165915154131284e+00,1.608687876333884992e+00,4.484204873483293996e-01,6.999999999999999556e-01,2.000000000000000111e-01,5.000000000000000278e-02,2.000000000000000042e-02,-1.513488227808967412e+00,-1.477869960981164965e+00,-1.322541642891480684e+00,-5.932944748720296868e-01
1.100518468914978953e+00,1.660811663490525447e+00,1.207480396137095013e-02,6.999999999999999556e-01,2.000000000000000111e-01,5.000000000000000278e-02,2.000000000000000042e-02,-1.261984776131360286e+00,-1.328378153127491190e+00,-1.267832488485508780e+00,-5.117710945370049780e-01
1.052270034912551999e+00,9.602240730990679873e-01,9.581131645824374488e-01,6.999999999999999556e-01,2.000000000000000111e-01,5.000000000000000278e-02,2.000000000000000042e-02,-9.306779691528567211e-01,-8.938082591558703660e-01,-9.951750718344845037e-01,-2.829162052986721188e-01
1.876848738998162069e+00,4.356709411591467296e-01,9.924927719961094130e-01,6.999999999999999556e-01,2.000000000000000111e-01,5.000000000000000278e-02,2.000000000000000042e-02,-1.694233877507610897e+00,-1.696249518856987937e+00,-1.254957462017718184e+00,-2.289527678291523594e-01
-2.054092595001086874e+00,2.700939040540955016e-01,8.233054903485822473e-01,6.999999999999999556e-01,2.000000000000000111e-01,5.000000000000000278e-02,2.000000000000000042e-02,1.892184743786766266e+00,1.938956217824525874e+00,-1.343107558706750471e+00,1.553434087162864352e-01
-1.915585979269121220e+00,1.074109331655372479e+00,3.039670218032972659e-01,6.999999999999999556e-01,2.000000000000000111e-01,5.000000000000000278e-02,2.000000000000000042e-02,2.001773943233168040e+00,1.990956084611859023e+00,-1.411939966484746733e+00,5.761136572579241832e-01
1.210580261391864809e-01,1.621668073233045071e+00,6.370810448006023474e-01,6.999999999999999556e-01,2.000000000000000111e-01,5.000000000000000278e-02,2.000000000000000042e-02,-1.293996238372524810e-01,-1.192313618671665409e-01,-1.070371284417980240e+00,-5.496846207958843572e-02
-1.996816228142824112e+00,2.953228564409365209e+00,9.242702465489798236e-01,6.999999999999999556e-01,2.000000000000000111e-01,5.000000000000000278e-02,2.000000000000000042e-02,4.234013199360572521e+00,4.284313085607875493e+00,-2.519109510856256229e+00,1.651175322391715605e+00
2.296165933672345005e-02,5.889120327242943764e-01,8.009920548521389794e-01,6.999999999999999556e-01,2.000000000000000111e-01,5.000000000000000278e-02,2.000000000000000042e-02,-1.718865721022292889e-02,-3.005867288857692887e-02,-7.486335191901688502e-01,-3.786271292919521879e-03
-1.393426410066308962e+00,6.041902832505996468e-02,9.736721774324627043e-01,6.999999999999999556e-01,2.000000000000000111e-01,5.000000000000000278e-02,2.000000000000000042e-02,1.111387042374708312e+00,1.097921379333871128e+00,-9.917566382982665463e-01,2.357305152683121865e-02
2.914368899709389282e+00,8.992404243685321319e-01,7.377852642283529994e-01,6.999999999999999556e-01,2.000000000000000111e-01,5.000000000000000278e-02,2.000000000000000042e-02,-3.607656377875149367e+00,-3.818997342601666567e+00,-2.087240580253587385e+00,-7.338011313195144103e-01
2.026237823681300121e+00,1.407032400338209754e+00,3.235808101870193410e-01,6.999999999999999556e-01,2.000000000000000111e-01,5.000000000000000278e-02,2.000000000000000042e-02,-2.395916020420859383e+00,-2.370682575901374101e+00,-1.593009582301720517e+00,-7.982750352389034187e-01
1.732976787311948819e+00,1.737226003260044394e+00,2.790386102918969158e-01,6.999999999999999556e-01,2.000000000000000111e-01,5.000000000000000278e-02,2.000000000000000042e-02,-2.205514522975821734e+00,-2.213828601948940822e+00,-1.572994867900708194e+00,-8.429602546300232202e-01
2.207590383151696756e+00,1.013382962756685046e+00,2.354235251385800032e-01,6.999999999999999556e-01,2.000000000000000111e-01,5.000000000000000278e-02,2.000000000000000042e-02,-2.400633276702248242e+00,-2.412984960838981507e+00,-1.574790599056350882e+00,-6.263976552488008664e-01
-1.531430751091364506e+00,2.741489692630647568e+00,9.727766255879000123e-01,6.999999999999999556e-01,2.000000000000000111e-01,5.000000000000000278e-02,2.000000000000000042e-02,2.862965699490564120e+00,2.931370948077970162e+00,-2.103999224680250801e+00,1.175552453346484283e+00
1.852978604059298817e-01,6.449042372109023979e-01,3.954353833328464463e-01,6.999999999999999556e-01,2.000000000000000111e-01,5.000000000000000278e-02,2.000000000000000042e-02,-1.408158066268146991e-01,-1.344235752066218759e-01,-7.633765010848128085e-01,-3.345982509013157441e-02
6.930487708456487539e-01,7.892423378334844086e-01,5.936871225823816545e-01,6.999999999999999556e-01,2.000000000000000111e-01,5.000000000000000278e-02,2.000000000000000042e-02,-5.622166285944927289e-01,-5.581329396533009080e-01,-8.592539753116406054e-01,-1.531553609977559238e-01
-2.700584591000681822e+00,7.722198361106625830e-01,7.617683669413284342e-01,6.999999999999999556e-01,2.000000000000000111e-01,5.000000000000000278e-02,2.000000000000000042e-02,3.100657680781190972e+00,2.981168729780716120e+00,-1.877458856512137064e+00,5.839245972743476454e-01
-1.506051903640982514e+00,2.902697349130815674e+00,4.062880981094829647e-02,6.999999999999999556e-01,2.000000000000000111e-01,5.000000000000000278e-02,2.000000000000000042e-02,3.001562773671060391e+00,3.009191317093324436e+00,-2.219820116560243140e+00,1.224051603138587518e+00
1.944817052292098225e+00,1.434529125654833814e+00,2.750490649750972905e-01,6.999999999999999556e-01,2.000000000000000111e-01,5.000000000000000278e-02,2.000000000000000042e-02,-2.289473644697951116e+00,-2.304252321939509685e+00,-1.555449338762201927e+00,-7.811710775632945136e-01
-1.456760890809647213e+00,1.055760309421886589e+00,8.990401357383382974e-01,6.999999999999999556e-01,2.000000000000000111e-01,5.000000000000000278e-02,2.000000000000000042e-02,1.401630927169632557e+00,1.428408350824251771e+00,-1.174371020281961275e+00,4.306372920737709387e-01
2.434399794261940642e+00,1.519554095553915518e-01,4.460729445601021581e-01,6.999999999999999556e-01,2.000000000000000111e-01,5.000000000000000278e-02,2.000000000000000042e-02,-2.433298911019577737e+00,-2.458959954694526218e+00,-1.592178016254427675e+00,-1.035776609724175373e-01
-1.762167573274981969e-01,1.157524224597224816e+00,2.961471830693543916e-01,6.999999999999999556e-01,2.000000000000000111e-01,5.000000000000000278e-02,2.000000000000000042e-02,1.566801946325370731e-01,1.315439708239216632e-01,-8.922385781085696577e-01,5.711304630823390432e-02
7.166207017812453728e-04,2.412435472674586023e+00,6.465430506858428350e-01,6.999999999999999556e-01,2.000000000000000111e-01,5.000000000000000278e-02,2.000000000000000042e-02,-1.085521497742244004e-03,-6.294265425731065261e-03,-1.514778364406395683e+00,-4.840643364004089725e-04
-2.261304827218164615e+00,2.516487622975994043e+00,2.137164157507741580e-01,6.999999999999999556e-01,2.000000000000000111e-01,5.000000000000000278e-02,2.000000000000000042e-02,4.165898699851091180e+00,4.317831286028199322e+00,-2.353604322162818008e+00,1.593352770651706107e+00
2.116108848331656134e+00,2.853814371073635225e+00,7.577852400938696054e-01,6.999999999999999556e-01,2.000000000000000111e-01,5.000000000000000278e-02,2.000000000000000042e-02,-4.367842790414368181e+00,-4.446653857080809402e+00,-2.511883403734626263e+00,-1.690914915794988760e+00
-5.477595101942291933e-01,5.964673783607593593e-01,6.588970527854441928e-01,6.999999999999999556e-01,2.000000000000000111e-01,5.000000000000000278e-02,2.000000000000000042e-02,4.189321102435285549e-01,4.441482353756251999e-01,-7.948143388340311866e-01,9.148179012496314433e-02
-1.668925457780333188e+00,1.163909370401678967e-01,8.918971206448068623e-01,6.999999999999999556e-01,2.000000000000000111e-01,5.000000000000000278e-02,2.000000000000000042e-02,1.403836956652173340e+00,1.398257317939940902e+00,-1.119693386575606464e+00,5.438938340674834976e-02
-1.984808883709727079e+00,5.340345335292563389e-01,1.994948845724947573e-01,6.999999999999999556e-01,2.000000000000000111e-01,5.000000000000000278e-02,2.000000000000000042e-02,1.859568076029572081e+00,1.782838746789929596e+00,-1.330846949348211350e+00,2.967878161798614411e-01
-2.009715186119704455e+00,2.084842368544445046e-01,1.420101674845347661e-01,6.999999999999999556e-01,2.000000000000000111e-01,5.000000000000000278e-02,2.000000000000000042e-02,1.824887611620916283e+00,1.846603266780816321e+00,-1.311928464180373011e+00,1.173183023244272483e-01
1.656224249408948523e+00,2.593293479024376680e+00,6.942011060586429361e-01,6.999999999999999556e-01,2.000000000000000111e-01,5.000000000000000278e-02,2.000000000000000042e-02,-2.945889449637935531e+00,-2.808205664237862109e+00,-2.052985764218584919e+00,-1.202621152822395345e+00
-8.007300557406820118e-01,8.615102953336309932e-01,5.581585792778513966e-01,6.999999999999999556e-01,2.000000000000000111e-01,5.000000000000000278e-02,2.000000000000000042e-02,6.693834457417534578e-01,6.779510178449975610e-01,-9.000832917801890876e-01,1.931544123050275286e-01
5.544106126106367327e-01,2.508360540402343908e+00,9.211058562009958317e-01,6.999999999999999556e-01,2.000000000000000111e-01,5.000000000000000278e-02,2.000000000000000042e-02,-8.849672515978252996e-01,-9.069625938354505257e-01,-1.626967833196950597e+00,-3.893852770787871176e-01
-9.181554110566372273e-01,8.678451471758384939e-01,9.365474602602155141e-01,6.999999999999999556e-01,2.000000000000000111e-01,5.000000000000000278e-02,2.000000000000000042e-02,7.782213610068303700e-01,7.732956811780791195e-01,-9.318931317546186310e-01,2.231086809948471250e-01
2.556514555893959262e+00,3.112296930788387428e-01,9.159510808952905370e-01,6.999999999999999556e-01,2.000000000000000111e-01,5.000000000000000278e-02,2.000000000000000042e-02,-2.659668084652254461e+00,-2.708297566684137347e+00,-1.693925950234206113e+00,-2.227857073630889750e-01
8.887037660168495279e-02,8.145302876048313712e-01,3.537437095055739888e-02,6.999999999999999556e-01,2.000000000000000111e-01,5.000000000000000278e-02,2.000000000000000042e-02,-7.049902478345500267e-02,-1.342636870492101148e-02,-7.940690340951839232e-01,-2.026853175561763379e-02
-2.135236089261578485e-01,1.836600759267416505e+00,7.341111807758354812e-01,6.999999999999999556e-01,2.000000000000000111e-01,5.000000000000000278e-02,2.000000000000000042e-02,2.507864563623724008e-01,2.613955944038211521e-01,-1.179073178587158655e+00,1.098041342370841000e-01
2.663254342802254371e+00,2.917015697156625453e+00,7.971457423336973935e-01,6.999999999999999556e-01,2.000000000000000111e-01,5.000000000000000278e-02,2.000000000000000042e-02,-5.981412158185666961e+00,-6.269382758335575900e+00,-2.955195835012401684e+00,-2.175251322572923751e+00
1.886883335851658572e+00,1.910622551234531397e+00,6.690587444361930647e-01,6.999999999999999556e-01,2.000000000000000111e-01,5.000000000000000278e-02,2.000000000000000042e-02,-2.621038377713921452e+00,-2.579006286866472486e+00,-1.745116303127235646e+00,-1.009434118847509332e+00
2.883627106330319378e+00,2.409882631160771282e+00,2.428150199516565522e-01,6.999999999999999556e-01,2.000000000000000111e-01,5.000000000000000278e-02,2.000000000000000042e-02,-5.561997825130424289e+00,-5.514602747109911718e+00,-2.760350594690296866e+00,-1.945776805921152430e+00
1.601218898015992487e+00,1.537802960667992380e+00,4.086690063138618267e-01,6.999999999999999556e-01,2.000000000000000111e-01,5.000000000000000278e-02,2.000000000000000042e-02,-1.856248891458087913e+00,-1.895440834245106121e+00,-1.415662606322026340e+00,-6.894605653730292438e-01
-1.625992086204135489e+00,2.770513874006578448e+00,4.621126804424409151e-01,6.999999999999999556e-01,2.000000000000000111e-01,5.000000000000000278e-02,2.000000000000000042e-02,3.100437012269472881e+00,3.060689417408282154e+00,-2.171182137308583115e+00,1.261353417478968009e+00
-2.294446028808163618e-01,2.573914014740650735e+00,1.321187374718236773e-01,6.999999999999999556e-01,2.000000000000000111e-01,5.000000000000000278e-02,2.000000000000000042e-02,3.740261161923003064e-01,3.720403148061474652e-01,-1.635401393607637255e+00,1.653597901092301592e-01
1.741592616032618501e+00,2.965064409522314204e+00,6.268477097275132470e-01,6.999999999999999556e-01,2.000000000000000111e-01,5.000000000000000278e-02,2.000000000000000042e-02,-3.626835649320170774e+00,-3.503079999101597508e+00,-2.385796699399128418e+00,-1.445901598871849769e+00
-1.615047921976994649e+00,2.532470351021828492e+00,2.152908576374686911e-01,6.999999999999999556e-01,2.000000000000000111e-01,5.000000000000000278e-02,2.000000000000000042e-02,2.791280605836524042e+00,2.760189109265949181e+00,-1.989133819574978812e+00,1.145217073808123098e+00
-3.185101608933713635e-01,2.093953041568124451e+00,2.267790947556450609e-01,6.999999999999999556e-01,2.000000000000000111e-01,5.000000000000000278e-02,2.000000000000000042e-02,4.200900405161566709e-01,4.043131518421177462e-01,-1.329066816029784270e+00,1.867446896484477314e-01
-2.229754183874809392e+00,2.495327615933159660e+00,6.507888858275546751e-01,6.999999999999999556e-01,2.000000000000000111e-01,5.000000000000000278e-02,2.000000000000000042e-02,4.058871874358761289e+00,4.134891717718517157e+00,-2.317502945593495678e+00,1.557910813694288521e+00
-3.419181432071614068e-01,2.681674061177803825e+00,3.604087492973226947e-01,6.999999999999999556e-01,2.000000000000000111e-01,5.000000000000000278e-02,2.000000000000000042e-02,5.855820079165604541e-01,5.722620523843482410e-01,-1.724328810353274566e+00,2.567356443917222508e-01
3.348846582467879252e-01,2.032905405040098312e+00,8.279719420816646913e-01,6.999999999999999556e-01,2.000000000000000111e-01,5.000000000000000278e-02,2.000000000000000042e-02,-4.300541899811912150e-01,-4.515613894184733468e-01,-1.295400774167134506e+00,-1.906208729081723674e-01
-1.949332844425341271e+00,2.361680293335853831e-01,8.545547552908483446e-03,6.999999999999999556e-01,2.000000000000000111e-01,5.000000000000000278e-02,2.000000000000000042e-02,1.750117800192508843e+00,1.744333086989682258e+00,-1.277793328084412039e+00,1.289036269872863016e-01
5.875041287946634050e-01,1.314037690896808996e+00,9.533450672287681060e-01,6.999999999999999556e-01,2.000000000000000111e-01,5.000000000000000278e-02,2.000000000000000042e-02,-5.634137349643766335e-01,-5.473960162635254090e-01,-9.935114726362549442e-01,-2.161607192622306550e-01
-2.112595393258224874e+00,2.903092809052770562e+00,6.969768889872391959e-01,6.999999999999999556e-01,2.000000000000000111e-01,5.000000000000000278e-02,2.000000000000000042e-02,4.442926835381244111e+00,4.453700715290137779e+00,-2.549371594458728296e+00,1.717256938489669427e+00
-3.091807254924550108e-02,2.075888119467362625e+00,3.143907975635763519e-01,6.999999999999999556e-01,2.000000000000000111e-01,5.000000000000000278e-02,2.000000000000000042e-02,4.029711327212112670e-02,3.224453442890069105e-02,-1.303446996917928091e+00,1.797108865490644469e-02
1.156347085807291286e+00,1.197422273410019722e+00,4.098202842174836213e-01,6.999999999999999556e-01,2.000000000000000111e-01,5.000000000000000278e-02,2.000000000000000042e-02,-1.118871892573285454e+00,-1.087135000201061574e+00,-1.101305601548431046e+00,-3.876980117747569898e-01
1.380206037092388982e+00,2.661322340356713667e+00,8.822555807188745547e-01,6.999999999999999556e-01,2.000000000000000111e-01,5.000000000000000278e-02,2.000000000000000042e-02,-2.466176382308759241e+00,-2.398499733169510595e+00,-1.977314429623384440e+00,-1.028488485026570753e+00
-4.023176575741485017e-01,1.078255680857726606e+00,9.486643471379201387e-01,6.999999999999999556e-01,2.000000000000000111e-01,5.000000000000000278e-02,2.000000000000000042e-02,3.503631272188387769e-01,3.176127297316680420e-01,-8.870478685016668363e-01,1.214643639408357623e-01
-1.966793305368818467e+00,1.177272529420025915e+00,2.936626157084586408e-01,6.999999999999999556e-01,2.000000000000000111e-01,5.000000000000000278e-02,2.000000000000000042e-02,2.138788751524922205e+00,2.087837535853560134e+00,-1.474277271100324249e+00,6.483264842482181489e-01
2.859955650050610032e+00,1.610627773471115187e+00,6.619554066810814374e-01,6.999999999999999556e-01,2.000000000000000111e-01,5.000000000000000278e-02,2.000000000000000042e-02,-4.210267612868776155e+00,-4.290630691818457798e+00,-2.290079003493174170e+00,-1.289770720242801705e+00
2.614251668464815381e-01,2.030049059833092251e+00,4.746673641353039708e-01,6.999999999999999556e-01,2.000000000000000111e-01,5.000000000000000278e-02,2.000000000000000042e-02,-3.347212132381970351e-01,-3.396464430517315281e-01,-1.287205353625197501e+00,-1.485976559685545373e-01
-7.775493963025859046e-02,1.712142375677301098e+00,7.227040381718302653e-01,6.999999999999999556e-01,2.000000000000000111e-01,5.000000000000000278e-02,2.000000000000000042e-02,8.636262166359504056e-02,8.920288966357518834e-02,-1.111307286638123504e+00,3.727570757657489714e-02
-2.769904463066134692e+00,1.000071433142775357e+00,7.570388971798591715e-01,6.999999999999999556e-01,2.000000000000000111e-01,5.000000000000000278e-02,2.000000000000000042e-02,3.389361849580358133e+00,3.382187756927992783e+00,-1.990875612171408182e+00,7.756286512931932497e-01
1.550703639865940175e+00,1.687596442778083627e+00,4.269075825869312890e-01,6.999999999999999556e-01,2.000000000000000111e-01,5.000000000000000278e-02,2.000000000000000042e-02,-1.890232581290993474e+00,-1.888484170586002042e+00,-1.459419712318835272e+00,-7.327493450034202604e-01
1.721248633375156878e+00,1.056918454115532535e+00,1.470052066222188314e-01,6.999999999999999556e-01,2.000000000000000111e-01,5.000000000000000278e-02,2.000000000000000042e-02,-1.729038263702237899e+00,-1.714329688961449216e+00,-1.300795255295372321e+00,-5.093814445258961765e-01
1.317377646119688883e+00,2.009535976119017242e+00,1.286728312716488576e-01,6.999999999999999556e-01,2.000000000000000111e-01,5.000000000000000278e-02,2.000000000000000042e-02,-1.781261977560098408e+00,-1.828224401398542920e+00,-1.525675456878703429e+00,-7.412489767235005411e-01
-2.573847784392557791e-01,1.673082714876491739e+00,8.297392789967141802e-01,6.999999999999999556e-01,2.000000000000000111e-01,5.000000000000000278e-02,2.000000000000000042e-02,2.818881064004171155e-01,2.374623520370807428e-01,-1.101825846540422704e+00,1.205752866861296013e-01
-2.175851068318204184e-01,3.224542546322799463e-01,4.550264913944400691e-01,6.999999999999999556e-01,2.000000000000000111e-01,5.000000000000000278e-02,2.000000000000000042e-02,1.559919652042903726e-01,1.613983489325832577e-01,-7.216582362935164419e-01,1.964514816391110114e-02
1.936742163729350708e+00,1.892085085161391067e+00,8.334161375370028324e-01,6.999999999999999556e-01,2.000000000000000111e-01,5.000000000000000278e-02,2.000000000000000042e-02,-2.689643990695097298e+00,-2.623709185381441600e+00,-1.763843567043683613e+00,-1.026054669302741251e+00
2.595389822700768789e+00,2.819674757524404995e+00,8.338127360851210756e-01,6.999999999999999556e-01,2.000000000000000111e-01,5.000000000000000278e-02,2.000000000000000042e-02,-5.579780876403147793e+00,-5.560895100409810610e+00,-2.823486453117653117e+00,-2.049083447321427442e+00
5.616801394257366908e-01,1.868349626494731908e+00,7.280355987573978727e-01,6.999999999999999556e-01,2.000000000000000111e-01,5.000000000000000278e-02,2.000000000000000042e-02,-6.765305142481590206e-01,-6.853444182993181366e-01,-1.236024932609017801e+00,-2.938361660375635176e-01
8.378355678837472453e-01,2.207122106993549826e-01,1.734684836412158093e-01,6.999999999999999556e-01,2.000000000000000111e-01,5.000000000000000278e-02,2.000000000000000042e-02,-6.216055947752632260e-01,-6.108499665731682571e-01,-8.121152090149135194e-01,-5.177775130924797131e-02
2.032071203911002044e+00,1.657255777871015967e+00,9.911642039572843288e-01,6.999999999999999556e-01,2.000000000000000111e-01,5.000000000000000278e-02,2.000000000000000042e-02,-2.623353546660571300e+00,-2.641709858931041044e+00,-1.703906546524807553e+00,-9.429452882435093164e-01
-9.670806620113614471e-01,4.897348410379330774e-01,4.175444715215207436e-01,6.999999999999999556e-01,2.000000000000000111e-01,5.000000000000000278e-02,2.000000000000000042e-02,7.546516081074240434e-01,7.280140830385951611e-01,-8.738643810591528727e-01,1.326116663986780797e-01
-1.944337807327307210e+00,1.253177096450569294e+00,9.688945611783068568e-01,6.999999999999999556e-01,2.000000000000000111e-01,5.000000000000000278e-02,2.000000000000000042e-02,2.156048725640042907e+00,2.138514929574602874e+00,-1.486930823259913215e+00,6.822478902135402645e-01
1.511279752756998995e+00,4.951604583852009522e-01,1.356803626762004278e-02,6.999999999999999556e-01,2.000000000000000111e-01,5.000000000000000278e-02,2.000000000000000042e-02,-1.282357243229047317e+00,-1.263270838598619772e+00,-1.076920716800742195e+00,-2.095312730345600394e-01
6.958409381698897889e-01,2.753442153083648591e+00,7.618553095784351692e-01,6.999999999999999556e-01,2.000000000000000111e-01,5.000000000000000278e-02,2.000000000000000042e-02,-1.242501822973053782e+00,-1.234956700978735666e+00,-1.834031308337881638e+00,-5.364681758795091238e-01
-9.554648916936772096e-01,2.320354322862641538e+00,8.813371051655296551e-01,6.999999999999999556e-01,2.000000000000000111e-01,5.000000000000000278e-02,2.000000000000000042e-02,1.432635374817127438e+00,1.451668034929415985e+00,-1.590703159596710048e+00,6.207647856997745572e-01
2.048896733318231078e+00,1.712656846215534712e+00,8.364198009758245789e-01,6.999999999999999556e-01,2.000000000000000111e-01,5.000000000000000278e-02,2.000000000000000042e-02,-2.705662339280240136e+00,-2.733896819150719359e+00,-1.740343759774769516e+00,-9.825359649017115782e-01
1.525684239234216477e+00,8.926951304926029618e-01,6.511949821735908417e-01,6.999999999999999556e-01,2.000000000000000111e-01,5.000000000000000278e-02,2.000000000000000042e-02,-1.415762142929050116e+00,-1.400543781505505736e+00,-1.160723503117882194e+00,-3.813518494894349575e-01
-2.802199229460480723e+00,3.098359769670416819e-01,9.975517815360585017e-01,6.999999999999999556e-01,2.000000000000000111e-01,5.000000000000000278e-02,2.000000000000000042e-02,3.099388689894834847e+00,3.186978487418216766e+00,-1.891287844805573881e+00,2.431021980565302443e-01
3.636075224385937332e-02,2.129965142077165918e+00,2.432273133222569994e-01,6.999999999999999556e-01,2.000000000000000111e-01,5.000000000000000278e-02,2.000000000000000042e-02,-4.854928785864103674e-02,-5.553318481403456824e-02,-1.335343526550492932e+00,-2.168519774935487657e-02
1.221830947966390468e+00,7.248577162357201509e-01,4.493675958451890384e-01,6.999999999999999556e-01,2.000000000000000111e-01,5.000000000000000278e-02,2.000000000000000042e-02,-1.036359652275161691e+00,-1.047015102118332930e+00,-9.974892490413721502e-01,-2.479830053593319872e-01
2.439275179618744183e+00,2.726159887668361925e+00,2.323620591026074322e-01,6.999999999999999556e-01,2.000000000000000111e-01,5.000000000000000278e-02,2.000000000000000042e-02,-4.971183914235609791e+00,-4.850172872003663649e+00,-2.632982192924085307e+00,-1.861959161905264226e+00
1.254751042394096849e+00,2.633325150931931091e+00,8.065046114080307582e-01,6.999999999999999556e-01,2.000000000000000111e-01,5.000000000000000278e-02,2.000000000000000042e-02,-2.195232368138861023e+00,-2.191539277482648540e+00,-1.906976215832655752e+00,-9.251668938664411312e-01
-1.581286405706374243e+00,4.870413664096033823e-01,5.582636037782845451e-01,6.999999999999999556e-01,2.000000000000000111e-01,5.000000000000000278e-02,2.000000000000000042e-02,1.357111599934791801e+00,1.324816576582649841e+00,-1.108279305493946376e+00,2.156425296816456005e-01
-2.094873056709317893e+00,2.990828549232229072e+00,7.799185914390697194e-01,6.999999999999999556e-01,2.000000000000000111e-01,5.000000000000000278e-02,2.000000000000000042e-02,4.549503719869008478e+00,4.510054466064610246e+00,-2.610581726085354326e+00,1.754313720606611948e+00
2.783006716591896357e+00,2.906457179578070260e+00,7.486244088705185096e-02,6.999999999999999556e-01,2.000000000000000111e-01,5.000000000000000278e-02,2.000000000000000042e-02,-6.317161936297802427e+00,-6.152811878077739216e+00,-3.044418024830268799e+00,-2.264833158630702226e+00
2.156790341788496157e+00,2.367400968169166564e-01,4.532095437891436873e-02,6.999999999999999556e-01,2.000000000000000111e-01,5.000000000000000278e-02,2.000000000000000042e-02,-2.028318216008234476e+00,-2.014148045694160505e+00,-1.405608109046544429e+00,-1.429676512120638121e-01
-4.570883202229891751e-01,1.532413250685290773e+00,8.243440316213090924e-02,6.999999999999999556e-01,2.000000000000000111e-01,5.000000000000000278e-02,2.000000000000000042e-02,4.750094453221115343e-01,5.121139351919866689e-01,-1.060100111795261313e+00,1.961254956200931820e-01
-5.298731870879587191e-01,8.738307589286328225e-01,8.588238549201450134e-01,6.999999999999999556e-01,2.000000000000000111e-01,5.000000000000000278e-02,2.000000000000000042e-02,4.349938330094960115e-01,4.475062707296312281e-01,-8.490160664941832636e-01,1.296454569785212285e-01
1.596551145872289190e+00,1.887401321343344707e+00,5.325254645832593337e-01,6.999999999999999556e-01,2.000000000000000111e-01,5.000000000000000278e-02,2.000000000000000042e-02,-2.117295842705223752e+00,-2.106842932640825783e+00,-1.581066058901122506e+00,-8.437331678472450580e-01
8.646249045633362940e-01,2.521204554008704690e+00,6.176667990964301858e-02,6.999999999999999556e-01,2.000000000000000111e-01,5.000000000000000278e-02,2.000000000000000042e-02,-1.406991092620753170e+00,-1.377568145922062337e+00,-1.702042570280266176e+00,-6.103709491304389889e-01
-1.420004798599490581e+00,7.941431452922010914e-01,5.600353905702204482e-02,6.999999999999999556e-01,2.000000000000000111e-01,5.000000000000000278e-02,2.000000000000000042e-02,1.262545505131716705e+00,1.246836916678171869e+00,-1.090754911136879501e+00,3.157523815851490112e-01
-8.548028670456542244e-02,2.112426041587885939e-01,7.342033554289408848e-01,6.999999999999999556e-01,2.000000000000000111e-01,5.000000000000000278e-02,2.000000000000000042e-02,6.040144979666697139e-02,8.160086816709888335e-02,-7.073433132059142592e-01,5.055981942959436419e-03
2.868863172349620960e+00,1.099575614406469004e+00,1.797648939506480970e-01,6.999999999999999556e-01,2.000000000000000111e-01,5.000000000000000278e-02,2.000000000000000042e-02,-3.674405839027758969e+00,-3.681456930547829742e+00,-2.103825699701221019e+00,-8.832689559076392083e-01
-3.029218762995897762e-01,5.955732916194321769e-01,6.704649054334662628e-01,6.999999999999999556e-01,2.000000000000000111e-01,5.000000000000000278e-02,2.000000000000000042e-02,2.284779587072052753e-01,2.232807105116381141e-01,-7.634233058677862838e-01,5.051541011195871678e-02
-2.875821273218167384e+00,2.128178341769735749e+00,1.945817915375401830e-01,6.999999999999999556e-01,2.000000000000000111e-01,5.000000000000000278e-02,2.000000000000000042e-02,5.025777858702594969e+00,5.064857613729240704e+00,-2.574632226937013879e+00,1.713672953569799429e+00
-2.368531740644437278e+00,8.852659018321847872e-01,9.016043478343110928e-01,6.999999999999999556e-01,2.000000000000000111e-01,5.000000000000000278e-02,2.000000000000000042e-02,2.582207720061829637e+00,2.557721921212512850e+00,-1.651208791338570681e+00,5.870985084719305691e-01
-2.085458521578625657e+00,1.796023064626155685e+00,3.366524462856387290e-01,6.999999999999999556e-01,2.000000000000000111e-01,5.000000000000000278e-02,2.000000000000000042e-02,2.855106792863976839e+00,2.790318435199443670e+00,-1.803968425597413994e+00,1.048748849421384799e+00
9.172095343880179996e-01,3.312573141472280325e-01,7.633285444246064033e-01,6.999999999999999556e-01,2.000000000000000111e-01,5.000000000000000278e-02,2.000000000000000042e-02,-6.947184071675829298e-01,-7.128130334845617089e-01,-8.415533966404875610e-01,-8.507306272404922820e-02
-7.940786662849710353e-01,8.087905024314672175e-01,3.076478322396614118e-01,6.999999999999999556e-01,2.000000000000000111e-01,5.000000000000000278e-02,2.000000000000000042e-02,6.536124529547121531e-01,6.638781315032552532e-01,-8.861640299926060171e-01,1.798281193729246996e-01
9.574321235252840623e-01,2.303248959665981754e+00,7.636716633306672719e-03,6.999999999999999556e-01,2.000000000000000111e-01,5.000000000000000278e-02,2.000000000000000042e-02,-1.425164161469874236e+00,-1.416804233772810839e+00,-1.580195248502060279e+00,-6.174572718889125289e-01
-1.283556186708587621e+00,2.493912614333026134e+00,1.606859706886366590e-01,6.999999999999999556e-01,2.000000000000000111e-01,5.000000000000000278e-02,2.000000000000000042e-02,2.121872200739264080e+00,2.125156019389651263e+00,-1.817871490575797999e+00,8.963015502665681034e-01
1.751780256286946447e+00,1.656705247401426107e+00,8.003805916083006622e-01,6.999999999999999556e-01,2.000000000000000111e-01,5.000000000000000278e-02,2.000000000000000042e-02,-2.168162345478008568e+00,-2.137099088743080078e+00,-1.544564228694952801e+00,-8.126113920077436825e-01
-1.741796800709582982e-02,1.729076809781437296e+00,3.468276132162703140e-01,6.999999999999999556e-01,2.000000000000000111e-01,5.000000000000000278e-02,2.000000000000000042e-02,1.948328780476701189e-02,1.570516709686962942e-03,-1.118604433818777721e+00,8.432761275283629648e-03
2.614383538760160164e+00,1.687941925160286738e-01,7.020152746353106599e-01,6.999999999999999556e-01,2.000000000000000111e-01,5.000000000000000278e-02,2.000000000000000042e-02,-2.733962491509015713e+00,-2.756583890373277335e+00,-1.729239000280814231e+00,-1.235619723386212482e-01
1.590708558002486228e+00,1.774507369335855289e+00,1.866587234669282447e-01,6.999999999999999556e-01,2.000000000000000111e-01,5.000000000000000278e-02,2.000000000000000042e-02,-2.016001006294840359e+00,-1.950481018267562483e+00,-1.520395754011168554e+00,-7.903627364194865113e-01
-1.283189354255958037e-01,1.753798242216218162e+00,4.415371392317455346e-01,6.999999999999999556e-01,2.000000000000000111e-01,5.000000000000000278e-02,2.000000000000000042e-02,1.451847202364684730e-01,1.261082266902638083e-01,-1.133083020794411366e+00,6.301274654989055812e-02
2.835965810915570984e+00,6.619501741674744810e-01,5.505868110808085358e-01,6.999999999999999556e-01,2.000000000000000111e-01,5.000000000000000278e-02,2.000000000000000042e-02,-3.299589582977999758e+00,-3.215345829555492418e+00,-1.967750236733550873e+00,-5.256350574911982099e-01
-1.062540570306735654e+00,2.173665994330617579e+00,7.596818239031735143e-01,6.999999999999999556e-01,2.000000000000000111e-01,5.000000000000000278e-02,2.000000000000000042e-02,1.506602798694406609e+00,1.498477831385978565e+00,-1.530824209219468157e+00,6.466903254762753628e-01
-1.838101691945008831e-01,3.774949938479055245e-01,9.334031240397293594e-01,6.999999999999999556e-01,2.000000000000000111e-01,5.000000000000000278e-02,2.000000000000000042e-02,1.326447070404036255e-01,1.431218966930443426e-01,-7.250182725981287879e-01,1.942847723299296128e-02
-8.641589935479032647e-01,1.596908062628124458e+00,3.669389221505222620e-01,6.999999999999999556e-01,2.000000000000000111e-01,5.000000000000000278e-02,2.000000000000000042e-02,9.456964464359092215e-01,9.504094373128182394e-01,-1.169031765387598121e+00,3.863950899729905464e-01
-2.806834682958759153e+00,2.777563342905641219e-01,2.949020910026732833e-01,6.999999999999999556e-01,2.000000000000000111e-01,5.000000000000000278e-02,2.000000000000000042e-02,3.100757564506895658e+00,3.084944621480428584e+00,-1.892548941992424183e+00,2.182925114995079297e-01
-1.137096361396132460e+00,2.538870029129377315e+00,2.162771531928968649e-01,6.999999999999999556e-01,2.000000000000000111e-01,5.000000000000000278e-02,2.000000000000000042e-02,1.895619174597787504e+00,1.899854079692672393e+00,-1.796368763738645402e+00,8.083431642105980419e-01
-2.573332023379444777e+00,1.207482357552968955e+00,6.924902990681330861e-01,6.999999999999999556e-01,2.000000000000000111e-01,5.000000000000000278e-02,2.000000000000000042e-02,3.178640948382188913e+00,3.239474120118034151e+00,-1.897427565514756775e+00,8.700308451398937049e-01
-2.309997993107677061e+00,2.889113932155233933e+00,6.730588594478682518e-01,6.999999999999999556e-01,2.000000000000000111e-01,5.000000000000000278e-02,2.000000000000000042e-02,4.932727303437255628e+00,4.863983542407549265e+00,-2.668990713040511498e+00,1.868677267838645184e+00
-2.286834370580803188e+00,1.349329364732091863e+00,2.726567425083591401e-01,6.999999999999999556e-01,2.000000000000000111e-01,5.000000000000000278e-02,2.000000000000000042e-02,2.781653039351930090e+00,2.728922547846984514e+00,-1.739338278604418253e+00,8.639939751809262436e-01
-7.703482725243384621e-01,2.324485932690388168e+00,2.018368275769217846e-01,6.999999999999999556e-01,2.000000000000000111e-01,5.000000000000000278e-02,2.000000000000000042e-02,1.144833597116803325e+00,1.164531691882422892e+00,-1.545468348325755414e+00,5.013858423714464552e-01
3.374329673334077739e-01,1.508136047549528680e+00,9.840084807613691531e-02,6.999999999999999556e-01,2.000000000000000111e-01,5.000000000000000278e-02,2.000000000000000042e-02,-3.455716675090908518e-01,-3.534677457090007469e-01,-1.035505558425078076e+00,-1.424905500667921487e-01
3.983677130679010858e-01,1.481333391311950853e-01,1.206165192458847901e-01,6.999999999999999556e-01,2.000000000000000111e-01,5.000000000000000278e-02,2.000000000000000042e-02,-2.832422046012298411e-01,-2.866206337041937169e-01,-7.268766132849444617e-01,-1.652323107086568071e-02
8.163574619833884327e-01,9.541121350977908033e-01,7.651653870756021103e-01,6.999999999999999556e-01,2.000000000000000111e-01,5.000000000000000278e-02,2.000000000000000042e-02,-7.026945190862986523e-01,-7.063903590713059844e-01,-9.274121211481149984e-01,-2.180910370956755939e-01
-1.875265801544216071e+00,1.761559453967011413e+00,7.975785341687660068e-01,6.999999999999999556e-01,2.000000000000000111e-01,5.000000000000000278e-02,2.000000000000000042e-02,2.457093140243375995e+00,2.436347084611725666e+00,-1.661926113346668288e+00,9.249498163951469509e-01
-1.262167746388061618e+00,2.379235249677142949e+00,4.720801680343167384e-01,6.999999999999999556e-01,2.000000000000000111e-01,5.000000000000000278e-02,2.000000000000000042e-02,1.984329421090965662e+00,1.913023861662487946e+00,-1.731466565266223778e+00,8.408383180993701522e-01
-2.240698037331989134e+00,1.919056371355755131e-01,7.699588147579815578e-01,6.999999999999999556e-01,2.000000000000000111e-01,5.000000000000000278e-02,2.000000000000000042e-02,2.142538149477313247e+00,2.138472147154731662e+00,-1.458265042474531814e+00,1.204007236551360993e-01
2.432525606784773586e+00,1.526314353921591316e+00,5.308855612579300720e-01,6.999999999999999556e-01,2.000000000000000111e-01,5.000000000000000278e-02,2.000000000000000042e-02,-3.215818342443681921e+00,-3.245407649720124521e+00,-1.913726095127736393e+00,-1.039583649976879798e+00
-2.057602547044206531e+00,2.322153732872273668e+00,6.030361045461894998e-01,6.999999999999999556e-01,2.000000000000000111e-01,5.000000000000000278e-02,2.000000000000000042e-02,3.429245932144389108e+00,3.337064986452017656e+00,-2.089994950513390126e+00,1.337859441908136438e+00
7.911862064388488491e-01,6.517977687866407521e-01,8.723578932587925383e-01,6.999999999999999556e-01,2.000000000000000111e-01,5.000000000000000278e-02,2.000000000000000042e-02,-6.256514014655146783e-01,-6.368253085349231402e-01,-8.533739883841985341e-01,-1.443941531344502816e-01
-2.923354710668046863e-02,1.036512073276885326e+00,4.619131023719282858e-01,6.999999999999999556e-01,2.000000000000000111e-01,5.000000000000000278e-02,2.000000000000000042e-02,2.486175049816229110e-02,2.959957589025922001e-02,-8.505382089682904656e-01,8.484258865819202522e-03
-2.553356486465985231e+00,8.618246799648308087e-01,5.284436858146891458e-01,6.999999999999999556e-01,2.000000000000000111e-01,5.000000000000000278e-02,2.000000000000000042e-02,2.885204270132987414e+00,2.984811433235298406e+00,-1.781928251106196015e+00,6.161527782997082703e-01
1.982548603143539978e+00,2.222436916957975406e+00,9.930459954148698198e-01,6.999999999999999556e-01,2.000000000000000111e-01,5.000000000000000278e-02,2.000000000000000042e-02,-3.148320027014446687e+00,-3.182230144291481100e+00,-1.981066463554034041e+00,-1.233704977481107523e+00
4.090536162466662518e-02,8.610686998616499110e-01,9.891275266542247646e-01,6.999999999999999556e-01,2.000000000000000111e-01,5.000000000000000278e-02,2.000000000000000042e-02,-3.288321338941495309e-02,-6.150728783062553440e-03,-8.040524901148470294e-01,-9.862251434426249144e-03
3.623112095701328528e-01,2.724394833813613470e+00,6.138103918248426494e-01,6.999999999999999556e-01,2.000000000000000111e-01,5.000000000000000278e-02,2.000000000000000042e-02,-6.324827946068090068e-01,-6.415060365116267427e-01,-1.758816221358468601e+00,-2.763820605239767358e-01
1.502863147265239618e+00,2.494430519124530399e+00,4.978467176143056561e-01,6.999999999999999556e-01,2.000000000000000111e-01,5.000000000000000278e-02,2.000000000000000042e-02,-2.530875023939417545e+00,-2.507365461150787400e+00,-1.909895351974779443e+00,-1.049660556169667913e+00
-1.165467217551407808e+00,1.645660975305238249e+00,1.581209665879501625e-02,6.999999999999999556e-01,2.000000000000000111e-01,5.000000000000000278e-02,2.000000000000000042e-02,1.336865136636308238e+00,1.330144653816065281e+00,-1.282895081668015358e+00,5.370298970181409670e-01
-6.731965578142373730e-01,2.933279683293937623e+00,4.566413950064788230e-01,6.999999999999999556e-01,2.000000000000000111e-01,5.000000000000000278e-02,2.000000000000000042e-02,1.297409878854551168e+00,1.316811249727007693e+00,-1.972557198877437967e+00,5.529086600519762529e-01
-2.139308518310311324e+00,9.563438810564740544e-01,2.880361238789983513e-01,6.999999999999999556e-01,2.000000000000000111e-01,5.000000000000000278e-02,2.000000000000000042e-02,2.260982018592919474e+00,2.267395011413551487e+00,-1.514539247114041309e+00,5.728560911298562486e-01
2.267491415578601455e+00,3.754769111278144500e-02,4.467062812531426008e-01,6.999999999999999556e-01,2.000000000000000111e-01,5.000000000000000278e-02,2.000000000000000042e-02,-2.170608858736955415e+00,-2.187362775200817122e+00,-1.471424974033503696e+00,-2.383893883644808143e-02
-7.075639386965235644e-01,2.042071647746716678e+00,2.349370275767136418e-01,6.999999999999999556e-01,2.000000000000000111e-01,5.000000000000000278e-02,2.000000000000000042e-02,9.260881711894147772e-01,8.954378832106854036e-01,-1.358904935135899050e+00,4.045709522904466504e-01
2.092408770351736003e+00,2.439482124998583856e+00,9.870168465244237854e-01,6.999999999999999556e-01,2.000000000000000111e-01,5.000000000000000278e-02,2.000000000000000042e-02,-3.666023509927822666e+00,-3.593603037729618865e+00,-2.189876394682994665e+00,-1.429230262169731480e+00
2.112772846542262606e+00,2.824311027378456629e+00,2.337986797826648866e-01,6.999999999999999556e-01,2.000000000000000111e-01,5.000000000000000278e-02,2.000000000000000042e-02,-4.309915144478924987e+00,-4.438480680342572704e+00,-2.486313954274961713e+00,-1.670795741673823276e+00
-5.650341264469576075e-01,5.069845146248905809e-01,6.622591369520590687e-01,6.999999999999999556e-01,2.000000000000000111e-01,5.000000000000000278e-02,2.000000000000000042e-02,4.248761908697700762e-01,4.128597237268603615e-01,-7.838741963371724797e-01,8.020979465609874570e-02
5.796138970866033802e-01,1.040192043000457423e-01,2.778540579164934243e-02,6.999999999999999556e-01,2.000000000000000111e-01,5.000000000000000278e-02,2.000000000000000042e-02,-4.163438568887769531e-01,-3.810479118476820526e-01,-7.519076397352379981e-01,-1.688147338533518144e-02
-1.576882562225806916e+00,1.772048836544350081e+00,4.082481120944517761e-01,6.999999999999999556e-01,2.000000000000000111e-01,5.000000000000000278e-02,2.000000000000000042e-02,1.993100591254622689e+00,2.002812478879131497e+00,-1.512605783331519627e+00,7.824076147326081143e-01
-1.134920679737714266e-01,1.194030291301251712e+00,9.942692154435381902e-01,6.999999999999999556e-01,2.000000000000000111e-01,5.000000000000000278e-02,2.000000000000000042e-02,1.021704612659799088e-01,1.039571232707892784e-01,-9.015312345402376470e-01,3.794363075526904772e-02
-1.108781398750553038e+00,6.920151937615423021e-01,3.842892163100676273e-01,6.999999999999999556e-01,2.000000000000000111e-01,5.000000000000000278e-02,2.000000000000000042e-02,9.186405941233736216e-01,9.212658743494183122e-01,-9.514533325078403658e-01,2.148422008587561882e-01
2.579052563781156771e+00,2.005621438409225021e+00,9.330775975061711414e-02,6.999999999999999556e-01,2.000000000000000111e-01,5.000000000000000278e-02,2.000000000000000042e-02,-4.115466482153050443e+00,-4.094896252468110731e+00,-2.260879248600860425e+00,-1.448328871557053477e+00
1.018005119580088547e+00,1.570819420822805457e+00,6.781022038287042308e-01,6.999999999999999556e-01,2.000000000000000111e-01,5.000000000000000278e-02,2.000000000000000042e-02,-1.117019384683594074e+00,-1.124486040099829109e+00,-1.200896474920463586e+00,-4.477486194533646935e-01
2.387433766235125709e+00,1.838846862021959794e+00,8.567799208789881327e-01,6.999999999999999556e-01,2.000000000000000111e-01,5.000000000000000278e-02,2.000000000000000042e-02,-3.481790643072991465e+00,-3.457688758814142282e+00,-2.028366087699466913e+00,-1.229235025011484295e+00
-1.506865482359319497e+00,2.767297823773644083e+00,4.213870571557898348e-02,6.999999999999999556e-01,2.000000000000000111e-01,5.000000000000000278e-02,2.000000000000000042e-02,2.841410941645315713e+00,2.832610742528918202e+00,-2.112707751653625898e+00,1.167584759614718637e+00
-1.758957598559506730e+00,2.579159739376511773e+00,6.180744448770711941e-01,6.999999999999999556e-01,2.000000000000000111e-01,5.000000000000000278e-02,2.000000000000000042e-02,3.141473093743400113e+00,3.121131272942131218e+00,-2.095378869600434513e+00,1.270257134013020206e+00
-2.988246079442502534e+00,5.308558506322118564e-01,8.308061826747814571e-02,6.999999999999999556e-01,2.000000000000000111e-01,5.000000000000000278e-02,2.000000000000000042e-02,3.543862154869326098e+00,3.577462048254513416e+00,-2.078895305476585964e+00,4.441718160322300490e-01
5.204989200124376936e-01,1.919379524719996288e-01,7.945581371581452723e-01,6.999999999999999556e-01,2.000000000000000111e-01,5.000000000000000278e-02,2.000000000000000042e-02,-3.740844377979512525e-01,-3.613421117059647525e-01,-7.457954937239971160e-01,-2.797297915190083070e-02
-1.236353620399857300e+00,1.939921944986728430e+00,6.090644514617480354e-01,6.999999999999999556e-01,2.000000000000000111e-01,5.000000000000000278e-02,2.000000000000000042e-02,1.611327452239613933e+00,1.622864615433455837e+00,-1.456147142571128095e+00,6.715602655936927512e-01
-1.352089197128476306e+00,3.038124623511262445e-02,8.227234567265522269e-01,6.999999999999999556e-01,2.000000000000000111e-01,5.000000000000000278e-02,2.000000000000000042e-02,1.070227927346808716e+00,1.090622375859882753e+00,-9.743510023659208708e-01,1.150188335234287110e-02
-2.929783197665081218e-01,6.276399546136587348e-01,9.470077095352488206e-01,6.999999999999999556e-01,2.000000000000000111e-01,5.000000000000000278e-02,2.000000000000000042e-02,2.225001239042173340e-01,2.598295622570794827e-01,-7.680259121458218319e-01,5.148777180989039248e-02
4.079857021718105159e-01,2.752072068500400537e+00,7.459906455434911488e-01,6.999999999999999556e-01,2.000000000000000111e-01,5.000000000000000278e-02,2.000000000000000042e-02,-7.215915457584270998e-01,-6.872225315780391419e-01,-1.785313943807304238e+00,-3.143856954824776340e-01
1.507167111401612303e+00,1.171551899535602681e+00,7.995053234247099239e-01,6.999999999999999556e-01,2.000000000000000111e-01,5.000000000000000278e-02,2.000000000000000042e-02,-1.515806757789539772e+00,-1.512398095230784278e+00,-1.232887644716369024e+00,-4.944028578384409012e-01
2.313928481851612595e+00,2.195763399570203056e+00,4.318469992123792345e-01,6.999999999999999556e-01,2.000000000000000111e-01,5.000000000000000278e-02,2.000000000000000042e-02,-3.801104242176676085e+00,-3.882816378832333104e+00,-2.178132519833509750e+00,-1.422635051508388315e+00
-1.834302037071496638e+00,1.975547837677772645e+00,3.161299331276176128e-01,6.999999999999999556e-01,2.000000000000000111e-01,5.000000000000000278e-02,2.000000000000000042e-02,2.594847124352650969e+00,2.654546100686089094e+00,-1.751090090734161553e+00,1.014650398435668066e+00
-4.003314443194749828e-02,3.356351247223700041e-01,9.350583187048298051e-01,6.999999999999999556e-01,2.000000000000000111e-01,5.000000000000000278e-02,2.000000000000000042e-02,2.865777703570938570e-02,3.121237457672919324e-02,-7.160115290706023927e-01,3.762228238844698199e-03
2.516222019275147659e+00,2.233138757955136722e+00,3.137963342194791672e-01,6.999999999999999556e-01,2.000000000000000111e-01,5.000000000000000278e-02,2.000000000000000042e-02,-4.314656184117512616e+00,-4.247143797639151508e+00,-2.347873207262162865e+00,-1.573340416161771227e+00
-1.091466669143175805e+00,2.257584351631619857e+00,8.790975478476422689e-01,6.999999999999999556e-01,2.000000000000000111e-01,5.000000000000000278e-02,2.000000000000000042e-02,1.607840826408525325e+00,1.597024337360739787e+00,-1.592231118140049473e+00,6.899418603238336445e-01
3.262713429238379703e-01,4.308663568310278080e-02,4.629363154466925590e-01,6.999999999999999556e-01,2.000000000000000111e-01,5.000000000000000278e-02,2.000000000000000042e-02,-2.302113673083650558e-01,-2.128887262197117491e-01,-7.162278525264269557e-01,-3.936221656190908198e-03
-3.265367826165626042e-01,2.871477225421958046e+00,2.302470967987735317e-02,6.999999999999999556e-01,2.000000000000000111e-01,5.000000000000000278e-02,2.000000000000000042e-02,6.072554642932996849e-01,5.855314677025147407e-01,-1.870347344416614543e+00,2.625400216728856484e-01
1.492891342650307429e+00,3.091479062407396228e-01,5.960637001902090448e-01,6.999999999999999556e-01,2.000000000000000111e-01,5.000000000000000278e-02,2.000000000000000042e-02,-1.231361215001718801e+00,-1.226729316497816136e+00,-1.047688824054660239e+00,-1.292267851910753329e-01
1.370039392928681821e+00,1.425193015995525059e+00,7.513792848896824195e-01,6.999999999999999556e-01,2.000000000000000111e-01,5.000000000000000278e-02,2.000000000000000042e-02,-1.477196908287529142e+00,-1.516058066191170006e+00,-1.265915709324397564e+00,-5.467197608433976841e-01
-6.066473292923997285e-01,1.444313416049778587e+00,2.479887056016427671e-02,6.999999999999999556e-01,2.000000000000000111e-01,5.000000000000000278e-02,2.000000000000000042e-02,6.129848667082746783e-01,6.534601555176323684e-01,-1.047248921450033343e+00,2.453328854221785704e-01
-1.406919206813455947e+00,1.411390210168448345e+00,9.890686959250288846e-01,6.999999999999999556e-01,2.000000000000000111e-01,5.000000000000000278e-02,2.000000000000000042e-02,1.516453787767283012e+00,1.509430702314569661e+00,-1.275796373725397670e+00,5.559993585984516207e-01
7.804626133547563072e-01,2.979540249465156609e+00,3.375184922333451798e-01,6.999999999999999556e-01,2.000000000000000111e-01,5.000000000000000278e-02,2.000000000000000042e-02,-1.540109124585763656e+00,-1.603299285137562924e+00,-2.034240697372284856e+00,-6.511175355141124443e-01
2.605895945476569331e+00,5.210607896565784269e-01,4.574427877765882000e-01,6.999999999999999556e-01,2.000000000000000111e-01,5.000000000000000278e-02,2.000000000000000042e-02,-2.807970908649832342e+00,-2.735518496987335180e+00,-1.756614660310138687e+00,-3.801924557516112024e-01
-5.903744489250684069e-01,2.423375076870714295e+00,7.441736120263493515e-01,6.999999999999999556e-01,2.000000000000000111e-01,5.000000000000000278e-02,2.000000000000000042e-02,9.089473772694987019e-01,9.287543029574887310e-01,-1.574465845339276582e+00,4.005956431529620332e-01
-2.179477317546307802e-03,2.636730712628582829e+00,5.819459308028042122e-01,6.999999999999999556e-01,2.000000000000000111e-01,5.000000000000000278e-02,2.000000000000000042e-02,3.646982767316047942e-03,3.140286587343469465e-02,-1.673329551646843383e+00,1.609074538582478146e-03
-1.518343067815425940e+00,4.333859322282200832e-01,4.724547629024588025e-01,6.999999999999999556e-01,2.000000000000000111e-01,5.000000000000000278e-02,2.000000000000000042e-02,1.277782189639623978e+00,1.250018261764359151e+00,-1.072100122012939138e+00,1.842479872484842907e-01
2.323048649135552424e+00,7.747572668369451243e-03,9.663475964281530439e-01,6.999999999999999556e-01,2.000000000000000111e-01,5.000000000000000278e-02,2.000000000000000042e-02,-2.252976569281761154e+00,-2.234762830523619126e+00,-1.509491657421092370e+00,-5.039436701973850144e-03
-2.674509754812601336e+00,7.754817544389088768e-01,1.314873544556143248e-01,6.999999999999999556e-01,2.000000000000000111e-01,5.000000000000000278e-02,2.000000000000000042e-02,3.053868088007559045e+00,3.135475610814194347e+00,-1.857142437493635168e+00,5.807293847392944741e-01
-7.132598950447173181e-01,1.325414536460172155e-01,7.183154225815588934e-01,6.999999999999999556e-01,2.000000000000000111e-01,5.000000000000000278e-02,2.000000000000000042e-02,5.191793077738698914e-01,5.162424348215571834e-01,-7.787703648527239952e-01,2.647022092865710177e-02
-2.460018703244131633e+00,2.030214535827409295e-01,1.464115751398642473e-02,6.999999999999999556e-01,2.000000000000000111e-01,5.000000000000000278e-02,2.000000000000000042e-02,2.480572357545241413e+00,2.501378283023770521e+00,-1.613524282532719845e+00,1.398422404325388446e-01
-3.518578236154912275e-01,2.484616884257164315e+00,7.685662095951990569e-01,6.999999999999999556e-01,2.000000000000000111e-01,5.000000000000000278e-02,2.000000000000000042e-02,5.525769294114254437e-01,5.490280375101275201e-01,-1.582835537820923566e+00,2.447849290356480245e-01
5.993006846689521439e-01,7.774217227151902776e-02,7.144853673459783394e-01,6.999999999999999556e-01,2.000000000000000111e-01,5.000000000000000278e-02,2.000000000000000042e-02,-4.307798515289020802e-01,-4.361424572398503452e-01,-7.547203349456305110e-01,-1.304546237959243286e-02
-2.341734747149232021e+00,7.964360930076305189e-01,4.104530907949639484e-01,6.999999999999999556e-01,2.000000000000000111e-01,5.000000000000000278e-02,2.000000000000000042e-02,2.489239551824755647e+00,2.558846439393936745e+00,-1.611361706935247939e+00,5.222117804063287627e-01
9.992404835950132735e-01,2.314517639429252149e-01,4.136302688678874517e-01,6.999999999999999556e-01,2.000000000000000111e-01,5.000000000000000278e-02,2.000000000000000042e-02,-7.568485900156259882e-01,-7.713983903112721086e-01,-8.572720202728001393e-01,-6.475727230874926688e-02
-1.404640270628417120e+00,4.245620345744481883e-01,5.714193673439842414e-01,6.999999999999999556e-01,2.000000000000000111e-01,5.000000000000000278e-02,2.000000000000000042e-02,1.157263627426426522e+00,1.158991648588807433e+00,-1.021187552448940217e+00,1.669799407200971697e-01
-1.735170889130996708e+00,1.625234208983289186e+00,9.015947699360871148e-01,6.999999999999999556e-01,2.000000000000000111e-01,5.000000000000000278e-02,2.000000000000000042e-02,2.117489720990581414e+00,2.143305487038388080e+00,-1.521416774940083538e+00,7.896165444853407989e-01
-9.723976745720279702e-01,2.725194833531149996e+00,1.557315407881428859e-01,6.999999999999999556e-01,2.000000000000000111e-01,5.000000000000000278e-02,2.000000000000000042e-02,1.737688282507124482e+00,1.740548695382162281e+00,-1.881569748925645547e+00,7.419924732867906325e-01
2.574633301256623596e+00,2.613674320605348544e+00,3.862706355324263541e-01,6.999999999999999556e-01,2.000000000000000111e-01,5.000000000000000278e-02,2.000000000000000042e-02,-5.117902201781743265e+00,-5.028589399263341697e+00,-2.650691578977793395e+00,-1.884190824451546842e+00
2.292538469668730983e+00,3.401369516422682038e-01,4.594015432921862985e-01,6.999999999999999556e-01,2.000000000000000111e-01,5.000000000000000278e-02,2.000000000000000042e-02,-2.244357729622017406e+00,-2.330379239372279976e+00,-1.504556935658806438e+00,-2.183375730468107290e-01
-1.189898866275308054e+00,2.496902876269716742e+00,3.537269483891457567e-01,6.999999999999999556e-01,2.000000000000000111e-01,5.000000000000000278e-02,2.000000000000000042e-02,1.955749096998975034e+00,2.001458117805196224e+00,-1.785212253087847145e+00,8.318973324684095783e-01
-2.812636248945079576e+00,2.605150355256824923e+00,2.410659057095715374e-01,6.999999999999999556e-01,2.000000000000000111e-01,5.000000000000000278e-02,2.000000000000000042e-02,5.753808021747147450e+00,5.624097078853727005e+00,-2.836791572621244040e+00,2.051655290481298799e+00
-2.411530750869824935e+00,7.468312075646751369e-01,4.863912208293122985e-01,6.999999999999999556e-01,2.000000000000000111e-01,5.000000000000000278e-02,2.000000000000000042e-02,2.577588728188362488e+00,2.568838544702182425e+00,-1.650408043721568907e+00,5.042817983704085405e-01
-2.833381376436925336e-01,6.224978585485845262e-01,3.358293728960094482e-01,6.999999999999999556e-01,2.000000000000000111e-01,5.000000000000000278e-02,2.000000000000000042e-02,2.148452588528394769e-01,2.089101702422862250e-01,-7.662925767821697765e-01,4.938566749993594795e-02
-2.846885183935327746e+00,1.095757009984968056e+00,5.903599438712613390e-01,6.999999999999999556e-01,2.000000000000000111e-01,5.000000000000000278e-02,2.000000000000000042e-02,3.625034110284416577e+00,3.661760452618864736e+00,-2.083808967066940632e+00,8.734584311374544718e-01
1.127351294581880659e+00,2.337200257227679323e+00,4.334793925010358429e-01,6.999999999999999556e-01,2.000000000000000111e-01,5.000000000000000278e-02,2.000000000000000042e-02,-1.722927323003994982e+00,-1.727770544870523839e+00,-1.655388847143234532e+00,-7.377568059911639997e-01
5.931905582726879622e-01,2.974380864391940271e+00,8.318242067910884829e-01,6.999999999999999556e-01,2.000000000000000111e-01,5.000000000000000278e-02,2.000000000000000042e-02,-1.160378943947332431e+00,-1.169137965587249584e+00,-1.991353069468111636e+00,-4.940249007299914452e-01
-5.226177129605682481e-01,1.619248836000565683e+00,8.360482994746237795e-01,6.999999999999999556e-01,2.000000000000000111e-01,5.000000000000000278e-02,2.000000000000000042e-02,5.648095893219735597e-01,5.792494425010477066e-01,-1.108044742089506318e+00,2.369494745477097875e-01
-2.100131464197450004e+00,1.215512213730094881e+00,5.447330364675063707e-01,6.999999999999999556e-01,2.000000000000000111e-01,5.000000000000000278e-02,2.000000000000000042e-02,2.367632349632803557e+00,2.465951726339506767e+00,-1.568428616878603910e+00,7.147659246478429429e-01
2.733591289484428088e+00,1.085360602423567800e+00,8.749669102389261433e-01,6.999999999999999556e-01,2.000000000000000111e-01,5.000000000000000278e-02,2.000000000000000042e-02,-3.385681662908901490e+00,-3.423437069275832023e+00,-1.985799269912825737e+00,-8.307410408456981088e-01
-7.912458675315532375e-01,1.346892751136688382e+00,5.090380472450186655e-01,6.999999999999999556e-01,2.000000000000000111e-01,5.000000000000000278e-02,2.000000000000000042e-02,7.795989758420904803e-01,7.673936219570132167e-01,-1.047887315061902136e+00,2.984025305366306280e-01
-1.520487242837149644e+00,7.319559727746808298e-01,3.544684460139012616e-01,6.999999999999999556e-01,2.000000000000000111e-01,5.000000000000000278e-02,2.000000000000000042e-02,1.354146560704017288e+00,1.339693497169451408e+00,-1.121788554795851933e+00,3.116203212982602833e-01
2.910289509519785156e+00,2.115429825410972242e+00,5.750305719174521046e-01,6.999999999999999556e-01,2.000000000000000111e-01,5.000000000000000278e-02,2.000000000000000042e-02,-5.092993021313824364e+00,-5.211395481514768946e+00,-2.596973822856498249e+00,-1.723823704125270417e+00
1.503846537538182204e+00,1.746735942266576913e+00,8.509762726467161587e-01,6.999999999999999556e-01,2.000000000000000111e-01,5.000000000000000278e-02,2.000000000000000042e-02,-1.865115326129009654e+00,-1.908362570588699070e+00,-1.466385264550663869e+00,-7.355103836559039321e-01
2.523958000444910255e-01,1.045038500223309574e+00,5.452635429375823906e-01,6.999999999999999556e-01,2.000000000000000111e-01,5.000000000000000278e-02,2.000000000000000042e-02,-2.160709832177050982e-01,-2.246180337128024507e-01,-8.624503113548726008e-01,-7.385373193552402515e-02
-8.960747717109787125e-01,2.115054939352093211e+00,8.022751169111851377e-01,6.999999999999999556e-01,2.000000000000000111e-01,5.000000000000000278e-02,2.000000000000000042e-02,1.224424826081053297e+00,1.242570590596210556e+00,-1.446726534981408463e+00,5.306692641421092427e-01
1.850485594118275401e+00,2.342668132508285872e+00,3.533348273213609003e-01,6.999999999999999556e-01,2.000000000000000111e-01,5.000000000000000278e-02,2.000000000000000042e-02,-3.033959961844987507e+00,-3.062025671070289334e+00,-1.981977697175670183e+00,-1.213820616681832831e+00
1.212298710374559718e+00,5.600654917793782550e-01,6.660658604271750827e-01,6.999999999999999556e-01,2.000000000000000111e-01,5.000000000000000278e-02,2.000000000000000042e-02,-9.909301507453024405e-01,-1.006420049757219548e+00,-9.643644941878639631e-01,-1.901106685546414543e-01
2.306466658723589802e+00,1.169388972509989522e+00,5.644954043223752160e-01,6.999999999999999556e-01,2.000000000000000111e-01,5.000000000000000278e-02,2.000000000000000042e-02,-2.669585933817434142e+00,-2.673333099293044857e+00,-1.689414146834449681e+00,-7.552038693285315629e-01
2.863657457824178465e+00,1.871522522125208088e+00,6.544618849607956035e-01,6.999999999999999556e-01,2.000000000000000111e-01,5.000000000000000278e-02,2.000000000000000042e-02,-4.582969385789493977e+00,-4.651426104461153344e+00,-2.420443622477871592e+00,-1.500631839831534808e+00
4.800287199233155278e-01,2.238159965505387650e+00,4.455591073924560774e-01,6.999999999999999556e-01,2.000000000000000111e-01,5.000000000000000278e-02,2.000000000000000042e-02,-6.781998322433341331e-01,-6.241869110314659519e-01,-1.435874540159433499e+00,-3.008266977030457090e-01
1.962608177973327983e+00,1.979892862393282105e-01,1.306145346561983223e-01,6.999999999999999556e-01,2.000000000000000111e-01,5.000000000000000278e-02,2.000000000000000042e-02,-1.762578188946653412e+00,-1.707908049492236291e+00,-1.283262595082346191e+00,-1.088011098508341323e-01
2.480014549822706194e+00,3.183315622964882907e-01,1.605530662998266855e-02,6.999999999999999556e-01,2.000000000000000111e-01,5.000000000000000278e-02,2.000000000000000042e-02,-2.533856920745919616e+00,-2.530591032654293748e+00,-1.636757722797425263e+00,-2.210507337256635563e-01
-1.768617121181099927e+00,2.333813017309282145e+00,8.729882038508440800e-02,6.999999999999999556e-01,2.000000000000000111e-01,5.000000000000000278e-02,2.000000000000000042e-02,2.863277881771581157e+00,2.769946699169951732e+00,-1.931736626166954185e+00,1.155734064813585205e+00
7.672038189711569700e-01,2.277442996680102638e+00,7.145183186287651367e-02,6.999999999999999556e-01,2.000000000000000111e-01,5.000000000000000278e-02,2.000000000000000042e-02,-1.116722399152154654e+00,-1.128328008470840471e+00,-1.514434779414403742e+00,-4.892336300717853859e-01
2.091833477464223989e+00,6.319896001992580947e-01,4.245472553578446551e-01,6.999999999999999556e-01,2.000000000000000111e-01,5.000000000000000278e-02,2.000000000000000042e-02,-2.038922399958816190e+00,-2.074225212755836267e+00,-1.412282614282412752e+00,-3.701647608696908009e-01
1.796731433879654283e+00,1.167212529688545608e+00,3.771097132956352516e-01,6.999999999999999556e-01,2.000000000000000111e-01,5.000000000000000278e-02,2.000000000000000042e-02,-1.890423979526818288e+00,-1.922054303161606859e+00,-1.374970489348356528e+00,-5.872068837906876393e-01
1.440401004533698348e+00,2.044819413534461283e+00,6.305422655334327331e-01,6.999999999999999556e-01,2.000000000000000111e-01,5.000000000000000278e-02,2.000000000000000042e-02,-2.000886751522947371e+00,-2.085325192430232732e+00,-1.596593358834691667e+00,-8.247007824566128242e-01
-2.427901639842886539e-01,1.525902950555353410e+00,9.550814012568260569e-01,6.999999999999999556e-01,2.000000000000000111e-01,5.000000000000000278e-02,2.000000000000000042e-02,2.498117835301246759e-01,2.401039830915337181e-01,-1.034815233591022343e+00,1.037327837250443530e-01
2.190092810644761911e+00,2.344046910562439745e+00,4.152407718687305405e-01,6.999999999999999556e-01,2.000000000000000111e-01,5.000000000000000278e-02,2.000000000000000042e-02,-3.743006927849914955e+00,-3.784764557095438686e+00,-2.188713806534105633e+00,-1.437430480258321763e+00
-5.430369783519806148e-02,6.188442226388253253e-01,3.248588259795328614e-01,6.999999999999999556e-01,2.000000000000000111e-01,5.000000000000000278e-02,2.000000000000000042e-02,4.093211757473456253e-02,2.821153655128550569e-02,-7.540578778048697695e-01,9.409548308506304054e-03
-1.234971719491408937e+00,1.261232284772680678e+00,6.180528357189153388e-01,6.999999999999999556e-01,2.000000000000000111e-01,5.000000000000000278e-02,2.000000000000000042e-02,1.233683298268250628e+00,1.203063399926110000e+00,-1.151472234852943366e+00,4.361241369530627354e-01
-3.342448811718234936e-01,9.864957826657361206e-01,5.238157419169023887e-01,6.999999999999999556e-01,2.000000000000000111e-01,5.000000000000000278e-02,2.000000000000000042e-02,2.813774793262520113e-01,2.890230584387586954e-01,-8.530022961788545910e-01,9.232472638301189582e-02
1.947174066801041548e+00,2.511585031548772662e+00,5.246295792655897294e-02,6.999999999999999556e-01,2.000000000000000111e-01,5.000000000000000278e-02,2.000000000000000042e-02,-3.451760636444813901e+00,-3.508357018846782527e+00,-2.151851338861355156e+00,-1.369338107199284726e+00
-2.526027143491704763e+00,9.907842798874361145e-01,7.897970274891321640e-01,6.999999999999999556e-01,2.000000000000000111e-01,5.000000000000000278e-02,2.000000000000000042e-02,2.921280028913908922e+00,2.792941278706562613e+00,-1.794553457946618469e+00,7.007694356153527648e-01
-2.926685969770264961e+00,2.180716704802326156e+00,3.521081884542669460e-01,6.999999999999999556e-01,2.000000000000000111e-01,5.000000000000000278e-02,2.000000000000000042e-02,5.250615364751391567e+00,5.146499497639349663e+00,-2.650597163372065523e+00,1.787036435516811350e+00
-2.620449458032725332e+00,1.308134554608052724e+00,5.457110305841832432e-01,6.999999999999999556e-01,2.000000000000000111e-01,5.000000000000000278e-02,2.000000000000000042e-02,3.361795599299514770e+00,3.416099219450726032e+00,-1.969583546129945795e+00,9.598121357038346124e-01
-2.201698151849554641e+00,5.423053422734578355e-01,6.498743117290967097e-01,6.999999999999999556e-01,2.000000000000000111e-01,5.000000000000000278e-02,2.000000000000000042e-02,2.165473720896962107e+00,2.217210183256474565e+00,-1.468294524574828230e+00,3.343179475500513975e-01
-1.607737693365272502e+00,1.882822573103613006e+00,9.311456623079892303e-01,6.999999999999999556e-01,2.000000000000000111e-01,5.000000000000000278e-02,2.000000000000000042e-02,2.131126960382385249e+00,2.084364617273933629e+00,-1.584025991450514592e+00,8.475837497953475630e-01
-2.177451501802819767e+00,4.791633303821093426e-01,3.193590142786048025e-01,6.999999999999999556e-01,2.000000000000000111e-01,5.000000000000000278e-02,2.000000000000000042e-02,2.110404289930350341e+00,2.104134869796552287e+00,-1.443337906011105787e+00,2.921393757378220601e-01
-2.890092227761222432e+00,3.534860596804826338e-01,4.667119291829517902e-01,6.999999999999999556e-01,2.000000000000000111e-01,5.000000000000000278e-02,2.000000000000000042e-02,3.280615909583608047e+00,3.317390898563113755e+00,-1.970388297959254631e+00,2.860500478372606792e-01
-1.382066882122473306e+00,2.576574791246808882e+00,8.715369256279122956e-01,6.999999999999999556e-01,2.000000000000000111e-01,5.000000000000000278e-02,2.000000000000000042e-02,2.383966851047597313e+00,2.427583675075175140e+00,-1.915939601683355420e+00,9.970796327222750666e-01
6.235864780918221051e-01,2.689014862657758353e+00,9.481064647172179338e-01,6.999999999999999556e-01,2.000000000000000111e-01,5.000000000000000278e-02,2.000000000000000042e-02,-1.079899085680632309e+00,-1.089484293732719378e+00,-1.770641144772049591e+00,-4.695133261675685232e-01
1.460365221191350038e+00,1.044178325923352801e+00,7.303108044830982637e-01,6.999999999999999556e-01,2.000000000000000111e-01,5.000000000000000278e-02,2.000000000000000042e-02,-1.400894040514593097e+00,-1.392557532851766755e+00,-1.172543159575722527e+00,-4.269668793320757771e-01
-1.610774708076858630e-01,1.094719367880370609e+00,8.266443996785579618e-01,6.999999999999999556e-01,2.000000000000000111e-01,5.000000000000000278e-02,2.000000000000000042e-02,1.399883653785731763e-01,1.316960390810801018e-01,-8.716693619580059282e-01,4.937369556626043654e-02
2.559996694459654165e+00,1.811097582543542028e+00,3.404391620477642544e-02,6.999999999999999556e-01,2.000000000000000111e-01,5.000000000000000278e-02,2.000000000000000042e-02,-3.806432402841620544e+00,-3.940676757179134349e+00,-2.142247884835962068e+00,-1.298193070903494784e+00
-2.739973514603860405e+00,1.854326032867453122e+00,5.776901943905971004e-01,6.999999999999999556e-01,2.000000000000000111e-01,5.000000000000000278e-02,2.000000000000000042e-02,4.265498288224109480e+00,4.343083905933289302e+00,-2.307511734173387286e+00,1.422625180899235176e+00
2.279362616475784975e+00,1.755804250329929594e+00,3.034144681750406969e-01,6.999999999999999556e-01,2.000000000000000111e-01,5.000000000000000278e-02,2.000000000000000042e-02,-3.171444732419898216e+00,-3.175115494477000588e+00,-1.910922889774830935e+00,-1.120592079614373127e+00
-2.711418485888247965e+00,7.996543703618212984e-01,5.975067458503547924e-01,6.999999999999999556e-01,2.000000000000000111e-01,5.000000000000000278e-02,2.000000000000000042e-02,3.137415154361977709e+00,3.163735327612623216e+00,-1.892291126527904321e+00,6.070953397937034479e-01
5.995777311663781362e-01,2.368756064990537702e+00,6.330812283825012488e-01,6.999999999999999556e-01,2.000000000000000111e-01,5.000000000000000278e-02,2.000000000000000042e-02,-9.014743607871290587e-01,-9.054104432909391154e-01,-1.539464759716717035e+00,-3.976709483974147918e-01
-1.770850418245546010e+00,9.054096892884221370e-01,4.034233610605710840e-01,6.999999999999999556e-01,2.000000000000000111e-01,5.000000000000000278e-02,2.000000000000000042e-02,1.720492565964636622e+00,1.691114185384854363e+00,-1.285154019334093789e+00,4.489366355487921512e-01
1.304580832572273863e+00,2.615615046840129132e+00,8.590171535195961772e-01,6.999999999999999556e-01,2.000000000000000111e-01,5.000000000000000278e-02,2.000000000000000042e-02,-2.273751907978505571e+00,-2.295318500863918310e+00,-1.913091562563153936e+00,-9.554387515386734142e-01
1.483120115511852966e+00,2.829399602646746281e+00,8.153472670323560489e-01,6.999999999999999556e-01,2.000000000000000111e-01,5.000000000000000278e-02,2.000000000000000042e-02,-2.863537959004971878e+00,-2.844261193530857490e+00,-2.150717087159442986e+00,-1.174975050341857230e+00
1.885696365744201408e+00,8.154035866874428384e-01,5.933176872856993356e-02,6.999999999999999556e-01,2.000000000000000111e-01,5.000000000000000278e-02,2.000000000000000042e-02,-1.830777647394691732e+00,-1.876211972619709289e+00,-1.326461238852717717e+00,-4.305290024087633505e-01
-1.231275872136714300e+00,1.815537940508771930e+00,8.894990603377076477e-01,6.999999999999999556e-01,2.000000000000000111e-01,5.000000000000000278e-02,2.000000000000000042e-02,1.523416925129160937e+00,1.569660170631349994e+00,-1.388870962875660586e+00,6.259198571072249750e-01
-2.052101287632858373e+00,2.115520381763085211e+00,7.425711423433850600e-01,6.999999999999999556e-01,2.000000000000000111e-01,5.000000000000000278e-02,2.000000000000000042e-02,3.154317092285597646e+00,3.295737658054381569e+00,-1.958227662197369323e+00,1.215553387840283328e+00
1.561585724060025271e+00,6.851218115295223399e-01,8.500691015491332880e-01,6.999999999999999556e-01,2.000000000000000111e-01,5.000000000000000278e-02,2.000000000000000042e-02,-1.386129644018247342e+00,-1.447851156526684724e+00,-1.131497361566900173e+00,-2.995654032354606588e-01
1.122156027605959672e+00,2.894729098792962141e+00,3.053884019957004980e-01,6.999999999999999556e-01,2.000000000000000111e-01,5.000000000000000278e-02,2.000000000000000042e-02,-2.172590154358477132e+00,-2.133182317575208931e+00,-2.062009040299678020e+00,-9.095345578191290636e-01
-2.727575770957946233e-01,1.339093008083547920e+00,4.060654072175758911e-01,6.999999999999999556e-01,2.000000000000000111e-01,5.000000000000000278e-02,2.000000000000000042e-02,2.604190189443739145e-01,2.519901577534215953e-01,-9.622033161812295621e-01,1.022693740294205872e-01
-4.072129700987194845e-01,1.535402997364914368e+00,7.468714530245516015e-01,6.999999999999999556e-01,2.000000000000000111e-01,5.000000000000000278e-02,2.000000000000000042e-02,4.228238259089047157e-01,4.349345830783684641e-01,-1.054918091456895857e+00,1.750660841595240713e-01
8.157687770610877465e-03,1.051946165665169408e+00,8.662297427021182772e-01,6.999999999999999556e-01,2.000000000000000111e-01,5.000000000000000278e-02,2.000000000000000042e-02,-6.974219622624766232e-03,-3.165756185745444238e-03,-8.549326851445356867e-01,-2.402805543876571429e-03
2.730494967410542984e+00,1.191240426919706552e+00,2.935576280232334856e-01,6.999999999999999556e-01,2.000000000000000111e-01,5.000000000000000278e-02,2.000000000000000042e-02,-3.471681447917792429e+00,-3.483751497992171320e+00,-2.017007940720043635e+00,-9.107492773904686256e-01
-2.240817425449080247e+00,2.645226741563153627e-01,6.811884895925593986e-01,6.999999999999999556e-01,2.000000000000000111e-01,5.000000000000000278e-02,2.000000000000000042e-02,2.153110153111539748e+00,2.191483366382596110e+00,-1.462985524449429864e+00,1.659691649492409382e-01
5.730211826058662083e-01,2.813728311601681575e+00,3.920559910609768828e-01,6.999999999999999556e-01,2.000000000000000111e-01,5.000000000000000278e-02,2.000000000000000042e-02,-1.045653091180899885e+00,-1.043543822289017209e+00,-1.857642372968492772e+00,-4.514512589007687038e-01
2.149577278087705601e+00,2.632790831812978460e+00,4.694739691538722948e-01,6.999999999999999556e-01,2.000000000000000111e-01,5.000000000000000278e-02,2.000000000000000042e-02,-4.087327435515010876e+00,-3.967606805857266217e+00,-2.363524630141628613e+00,-1.584628458006386298e+00
-2.389181356263152978e+00,2.307464615216304082e+00,4.881723627624059425e-01,6.999999999999999556e-01,2.000000000000000111e-01,5.000000000000000278e-02,2.000000000000000042e-02,4.135253365279292659e+00,4.162532550495021688e+00,-2.301643146033861775e+00,1.543626402895282634e+00
1.457772719145499885e+00,2.994830234948185677e+00,3.862222424812680188e-01,6.999999999999999556e-01,2.000000000000000111e-01,5.000000000000000278e-02,2.000000000000000042e-02,-3.005805191496091489e+00,-3.090053110762832400e+00,-2.274426334165102759e+00,-1.222418908194280229e+00
1.913440098172744186e+00,2.602548714717111800e+00,8.886607010438420939e-01,6.999999999999999556e-01,2.000000000000000111e-01,5.000000000000000278e-02,2.000000000000000042e-02,-3.504119253472604001e+00,-3.514551638431052005e+00,-2.197444325140895049e+00,-1.394349899092544476e+00
-1.508536891559960624e+00,1.849405762791904717e+00,8.364666652116823364e-01,6.999999999999999556e-01,2.000000000000000111e-01,5.000000000000000278e-02,2.000000000000000042e-02,1.949974629842549545e+00,1.950595960512346849e+00,-1.520194767542315306e+00,7.811711097778497592e-01
-9.387696596571344365e-01,7.313359568909494346e-02,4.333068235859882655e-02,6.999999999999999556e-01,2.000000000000000111e-01,5.000000000000000278e-02,2.000000000000000042e-02,6.992080501272254223e-01,6.882664323320282218e-01,-8.329420642784939322e-01,1.922356820567515737e-02
-4.336903263505984540e-01,2.878141261401319095e+00,6.325142560952801141e-02,6.999999999999999556e-01,2.000000000000000111e-01,5.000000000000000278e-02,2.000000000000000042e-02,8.106201136193793566e-01,7.868884372165040331e-01,-1.887930691756821933e+00,3.495021664232730862e-01
2.935990902569561634e+00,2.338439355014935384e+00,8.052638077977081199e-02,6.999999999999999556e-01,2.000000000000000111e-01,5.000000000000000278e-02,2.000000000000000042e-02,-5.568294460446962191e+00,-5.352519142114030792e+00,-2.758568193387258116e+00,-1.922378268309655081e+00
2.447196211864316240e+00,1.591656019415789380e+00,1.462174356768570771e-01,6.999999999999999556e-01,2.000000000000000111e-01,5.000000000000000278e-02,2.000000000000000042e-02,-3.313773128575539406e+00,-3.317414604064128802e+00,-1.952987038684411036e+00,-1.090626482765499672e+00
2.570766667244855697e+00,1.505553393544755592e+00,2.149370657672621254e-01,6.999999999999999556e-01,2.000000000000000111e-01,5.000000000000000278e-02,2.000000000000000042e-02,-3.464824828730742823e+00,-3.465858884932085715e+00,-2.008662931526561835e+00,-1.083719414367025458e+00
-8.004074904164610871e-01,1.889342113149856672e+00,1.976222207516492579e-01,6.999999999999999556e-01,2.000000000000000111e-01,5.000000000000000278e-02,2.000000000000000042e-02,9.859247494668307299e-01,9.544036360518399764e-01,-1.295843729480235851e+00,4.234282022108347698e-01
2.307669036489756742e+00,2.180404624316048423e+00,2.833058102191065020e-01,6.999999999999999556e-01,2.000000000000000111e-01,5.000000000000000278e-02,2.000000000000000042e-02,-3.765769312666299662e+00,-3.723340206057382140e+00,-2.164383462899467592e+00,-1.408862626794902928e+00
-2.377203243495973339e-02,1.646105646364178110e+00,3.900558856312124068e-01,6.999999999999999556e-01,2.000000000000000111e-01,5.000000000000000278e-02,2.000000000000000042e-02,2.565908459501744718e-02,2.372660486025165300e-02,-1.079437698287797343e+00,1.095675750868708651e-02
5.853278694806034466e-01,1.059738304535192022e+00,7.242267766811100183e-01,6.999999999999999556e-01,2.000000000000000111e-01,5.000000000000000278e-02,2.000000000000000042e-02,-5.117853877577369648e-01,-4.899662122094743388e-01,-9.086176455924825923e-01,-1.736824219201598130e-01
9.554909601198104951e-01,2.346827719533398637e-01,5.974441318879412099e-01,6.999999999999999556e-01,2.000000000000000111e-01,5.000000000000000278e-02,2.000000000000000042e-02,-7.198275128329865158e-01,-6.862861885259828876e-01,-8.446550867138400420e-01,-6.278643478723705540e-02
1.423523568969195630e+00,1.194210802763704615e+00,1.251086721202805396e-01,6.999999999999999556e-01,2.000000000000000111e-01,5.000000000000000278e-02,2.000000000000000042e-02,-1.424919318699068516e+00,-1.442365047603948014e+00,-1.203622424512873934e+00,-4.759964227344918863e-01
-9.904173320952711634e-01,2.844745384443710945e-01,6.730997388393274994e-01,6.999999999999999556e-01,2.000000000000000111e-01,5.000000000000000278e-02,2.000000000000000042e-02,7.530895013755338763e-01,7.393059276656688272e-01,-8.584685805804463943e-01,7.888958375623014718e-02
-7.666792700684483819e-01,1.142150004071671887e+00,5.808752485654153919e-01,6.999999999999999556e-01,2.000000000000000111e-01,5.000000000000000278e-02,2.000000000000000042e-02,6.992274286651876114e-01,7.223608843669930835e-01,-9.708004939250320930e-01,2.451855648004964972e-01
-2.251420659135594082e+00,2.620898098347461236e+00,2.271225818100131022e-03,6.999999999999999556e-01,2.000000000000000111e-01,5.000000000000000278e-02,2.000000000000000042e-02,4.311740073255888817e+00,4.404667146849761572e+00,-2.422009205526370224e+00,1.652208354750426267e+00
2.219528668318150544e+00,2.400843821496774222e+00,8.690124155591569810e-01,6.999999999999999556e-01,2.000000000000000111e-01,5.000000000000000278e-02,2.000000000000000042e-02,-3.891460823914679956e+00,-3.865827603809651070e+00,-2.245913274153614303e+00,-1.492047673190646462e+00
-2.826318049648151032e-01,1.525456588046735007e+00,2.077543079230494971e-01,6.999999999999999556e-01,2.000000000000000111e-01,5.000000000000000278e-02,2.000000000000000042e-02,2.910475991415261143e-01,3.057421576197866253e-01,-1.037764602858776586e+00,1.207199136850327648e-01
2.760097008837151478e+00,2.075086407263361465e+00,5.007968640879386646e-01,6.999999999999999556e-01,2.000000000000000111e-01,5.000000000000000278e-02,2.000000000000000042e-02,-4.647298098960575885e+00,-4.673686326597824348e+00,-2.445558028394051675e+00,-1.603683140014545705e+00
-1.412880911882808732e+00,1.284754599855882917e+00,5.183477542158725360e-01,6.999999999999999556e-01,2.000000000000000111e-01,5.000000000000000278e-02,2.000000000000000042e-02,1.456531637380223732e+00,1.456521745462347139e+00,-1.230518084133538359e+00,5.082574701652036175e-01
7.689579047671664114e-01,1.682321433261829258e+00,5.791157018433656933e-02,6.999999999999999556e-01,2.000000000000000111e-01,5.000000000000000278e-02,2.000000000000000042e-02,-8.656878645098734504e-01,-8.652610170135812684e-01,-1.184923195569285603e+00,-3.622176220504554900e-01
2.981798642485219197e+00,2.662490786589813752e+00,1.450362384849954722e-01,6.999999999999999556e-01,2.000000000000000111e-01,5.000000000000000278e-02,2.000000000000000042e-02,-6.372092259710814055e+00,-6.635305065351873921e+00,-3.026108478063594731e+00,-2.222923195663214724e+00
1.192936228259237730e+00,2.867927147398655841e+00,1.710423418988222810e-01,6.999999999999999556e-01,2.000000000000000111e-01,5.000000000000000278e-02,2.000000000000000042e-02,-2.293605638312870454e+00,-2.259356336582294400e+00,-2.064965383894072914e+00,-9.579511743592075135e-01
2.372781769781799888e+00,8.396742609325700268e-01,9.211755572299237249e-01,6.999999999999999556e-01,2.000000000000000111e-01,5.000000000000000278e-02,2.000000000000000042e-02,-2.563107500969540098e+00,-2.522743797512522423e+00,-1.643221400077499617e+00,-5.578618580908263347e-01
2.596892336017461389e+00,2.302006773063672629e+00,8.982554273359436570e-01,6.999999999999999556e-01,2.000000000000000111e-01,5.000000000000000278e-02,2.000000000000000042e-02,-4.620093281659863216e+00,-4.701295031449138406e+00,-2.453470396382277485e+00,-1.673857849000214726e+00
2.062554489861394558e-01,1.144780081878067346e+00,8.819598637017851406e-01,6.999999999999999556e-01,2.000000000000000111e-01,5.000000000000000278e-02,2.000000000000000042e-02,-1.826598393448960467e-01,-1.928558492205149633e-01,-8.898541975565366080e-01,-6.611279633788207100e-02
-1.907174991774735817e+00,1.358022325739830505e+00,2.471905667991738387e-01,6.999999999999999556e-01,2.000000000000000111e-01,5.000000000000000278e-02,2.000000000000000042e-02,2.174288717723092734e+00,2.188073122710911811e+00,-1.503788916596739078e+00,7.251961410183751511e-01
7.745417029400210041e-01,1.202587401571024728e+00,4.174390616663997688e-01,6.999999999999999556e-01,2.000000000000000111e-01,5.000000000000000278e-02,2.000000000000000042e-02,-7.222338397123062581e-01,-7.076491600240895075e-01,-9.924575316174129025e-01,-2.608071463051701566e-01
9.142918491948330839e-01,4.866554072609446946e-01,5.451761387134484993e-01,6.999999999999999556e-01,2.000000000000000111e-01,5.000000000000000278e-02,2.000000000000000042e-02,-7.085333643092998068e-01,-7.077753193670550669e-01,-8.585461257839002158e-01,-1.245846202230766336e-01
-1.070803664192279570e+00,6.807874324506747454e-01,5.510033850015472190e-02,6.999999999999999556e-01,2.000000000000000111e-01,5.000000000000000278e-02,2.000000000000000042e-02,8.804330173814981508e-01,8.719548034628133992e-01,-9.368790870327312614e-01,2.041171096171861821e-01
-1.899308396601389504e+00,2.630582631968368723e+00,1.350066681056376616e-01,6.999999999999999556e-01,2.000000000000000111e-01,5.000000000000000278e-02,2.000000000000000042e-02,3.512132174343029156e+00,3.542732076935004581e+00,-2.209900955515989196e+00,1.398960550638365330e+00
-9.106397671311148301e-01,1.723914185127251031e+00,4.740921264553452641e-01,6.999999999999999556e-01,2.000000000000000111e-01,5.000000000000000278e-02,2.000000000000000042e-02,1.054089622111960667e+00,1.057152924230938540e+00,-1.240452934297705090e+00,4.395621473875254703e-01
1.680795969593013695e+00,4.720294158105250437e-01,1.100050486973788155e-01,6.999999999999999556e-01,2.000000000000000111e-01,5.000000000000000278e-02,2.000000000000000042e-02,-1.466406077441960276e+00,-1.494212102548374776e+00,-1.154954911424677322e+00,-2.221478390946290682e-01
-1.090704243631754444e+00,2.956140261467639085e+00,4.612495369283365898e-01,6.999999999999999556e-01,2.000000000000000111e-01,5.000000000000000278e-02,2.000000000000000042e-02,2.162767175654845442e+00,2.150193964471021069e+00,-2.101872496427242165e+00,9.027969238269625274e-01
1.771158097422048883e+00,2.333964751612986444e+00,5.303793809514848467e-01,6.999999999999999556e-01,2.000000000000000111e-01,5.000000000000000278e-02,2.000000000000000042e-02,-2.868363714499272632e+00,-2.887728002582355735e+00,-1.933184955557615936e+00,-1.157469759296754663e+00
-8.244919413722335833e-01,2.290083324912508544e+00,3.035967531830985333e-02,6.999999999999999556e-01,2.000000000000000111e-01,5.000000000000000278e-02,2.000000000000000042e-02,1.210532900803660494e+00,1.226845906638823536e+00,-1.536195473114089438e+00,5.286834690091621880e-01
1.816671216494905927e+00,1.629241787122841512e+00,7.753029004579690131e-01,6.999999999999999556e-01,2.000000000000000111e-01,5.000000000000000278e-02,2.000000000000000042e-02,-2.246558751226166883e+00,-2.303094297564443949e+00,-1.566664178453174738e+00,-8.287430646255002920e-01
6.556527109533658582e-01,1.800760911274816856e+00,3.863265766907362231e-01,6.999999999999999556e-01,2.000000000000000111e-01,5.000000000000000278e-02,2.000000000000000042e-02,-7.707050778649709999e-01,-7.859913045779303165e-01,-1.218465651947618023e+00,-3.305886565117324150e-01
2.640755263477868375e+00,4.358713800295427321e-01,4.751464054726334263e-01,6.999999999999999556e-01,2.000000000000000111e-01,5.000000000000000278e-02,2.000000000000000042e-02,-2.839543815925444914e+00,-2.859816361767133053e+00,-1.772635994627950184e+00,-3.222882994834656012e-01
-1.642596828817501686e+00,5.415725934030830580e-01,6.563622043693244645e-01,6.999999999999999556e-01,2.000000000000000111e-01,5.000000000000000278e-02,2.000000000000000042e-02,1.438862816527752830e+00,1.440286414714563312e+00,-1.145780773655744600e+00,2.490839188595448395e-01
1.622875944731891451e+00,1.993146193683790424e+00,8.709567345386522996e-01,6.999999999999999556e-01,2.000000000000000111e-01,5.000000000000000278e-02,2.000000000000000042e-02,-2.252316107244207277e+00,-2.146906132536981815e+00,-1.651227394713880026e+00,-9.056961233777391929e-01
-3.081670590281273547e-01,2.003811319488776554e+00,1.591787648535434307e-01,6.999999999999999556e-01,2.000000000000000111e-01,5.000000000000000278e-02,2.000000000000000042e-02,3.904121381018108017e-01,3.874492881002206124e-01,-1.276381413016096200e+00,1.729024195287557075e-01
-1.764667175469013527e+00,1.188983501461221781e+00,1.790899908169732990e-01,6.999999999999999556e-01,2.000000000000000111e-01,5.000000000000000278e-02,2.000000000000000042e-02,1.859285028355709191e+00,1.898410640960156437e+00,-1.365022983371245946e+00,5.874848440167929065e-01
-2.000337290554127456e+00,2.446249312117180885e+00,6.341610889102355930e-01,6.999999999999999556e-01,2.000000000000000111e-01,5.000000000000000278e-02,2.000000000000000042e-02,3.476279081963550066e+00,3.530665487697098204e+00,-2.137981388981943454e+00,1.370130641885705991e+00
-1.518842258596118988e+00,6.767633942085420351e-01,8.895337596446517558e-01,6.999999999999999556e-01,2.000000000000000111e-01,5.000000000000000278e-02,2.000000000000000042e-02,1.335769073496827275e+00,1.370060788089593640e+00,-1.110153487818297258e+00,2.878111158145656989e-01
1.075476453207180327e+00,4.739990599128609539e-01,2.173654681939088951e-01,6.999999999999999556e-01,2.000000000000000111e-01,5.000000000000000278e-02,2.000000000000000042e-02,-8.488595782698542536e-01,-8.145984992112575984e-01,-9.049519554422229550e-01,-1.427369517780140151e-01
2.098465033049563999e+00,1.808291631661583798e-01,4.678875629288156146e-01,6.999999999999999556e-01,2.000000000000000111e-01,5.000000000000000278e-02,2.000000000000000042e-02,-1.940567418349142814e+00,-1.917874184460700571e+00,-1.365111210314948309e+00,-1.062498292407433043e-01
-1.177801330161076132e+00,2.800220000016960142e+00,4.032877160219905388e-02,6.999999999999999556e-01,2.000000000000000111e-01,5.000000000000000278e-02,2.000000000000000042e-02,2.199112067197811715e+00,2.158665824808288836e+00,-2.005854882788677962e+00,9.234687954138147692e-01
-9.623793752479015140e-01,1.587007728943896634e+00,8.871501530451686435e-03,6.999999999999999556e-01,2.000000000000000111e-01,5.000000000000000278e-02,2.000000000000000042e-02,1.057570049166206561e+00,1.050749059340575720e+00,-1.191529203727254238e+00,4.276449818744930687e-01
-2.266456809203111877e+00,1.731071889602974423e+00,9.277471782663702093e-01,6.999999999999999556e-01,2.000000000000000111e-01,5.000000000000000278e-02,2.000000000000000042e-02,3.119475696344877313e+00,3.212288412815511585e+00,-1.890049354373778634e+00,1.098551907995012344e+00
1.763910172970790669e-01,1.959653125445135924e+00,7.632487596730751500e-01,6.999999999999999556e-01,2.000000000000000111e-01,5.000000000000000278e-02,2.000000000000000042e-02,-2.185818685953160867e-01,-1.760884267457938079e-01,-1.242300720736829289e+00,-9.678625833706704096e-02
-2.338052930010820596e+00,3.576101079336713173e-01,6.965496675346436461e-01,6.999999999999999556e-01,2.000000000000000111e-01,5.000000000000000278e-02,2.000000000000000042e-02,2.317544637193225121e+00,2.376526564177840584e+00,-1.537877624031314117e+00,2.341111809836256830e-01
-1.116304470319579467e+00,2.640477927939409053e+00,5.380905879430830652e-02,6.999999999999999556e-01,2.000000000000000111e-01,5.000000000000000278e-02,2.000000000000000042e-02,1.940588267866245165e+00,2.032505467833791268e+00,-1.863017666879248857e+00,8.253216481269038951e-01
2.436811186005292562e+00,2.931423554862349956e+00,6.996945992038379192e-01,6.999999999999999556e-01,2.000000000000000111e-01,5.000000000000000278e-02,2.000000000000000042e-02,-5.360878866062019021e+00,-5.286074635135891597e+00,-2.793761481556332527e+00,-2.000131198634232721e+00
1.084345088493758880e-01,7.151278810652234030e-01,7.183975413369581009e-01,6.999999999999999556e-01,2.000000000000000111e-01,5.000000000000000278e-02,2.000000000000000042e-02,-8.373150188969201435e-02,-9.950993396549963343e-02,-7.733608104851679155e-01,-2.171247135338466583e-02
-1.140187691984867913e+00,7.048468366455286072e-01,3.391753456884752937e-01,6.999999999999999556e-01,2.000000000000000111e-01,5.000000000000000278e-02,2.000000000000000042e-02,9.515489601558083654e-01,9.539931470180985640e-01,-9.645574647811562263e-01,2.250241526057560892e-01
1.523201545045066219e+00,2.554899554319061128e+00,8.086484056119539465e-01,6.999999999999999556e-01,2.000000000000000111e-01,5.000000000000000278e-02,2.000000000000000042e-02,-2.634923581506408041e+00,-2.618424706399363089e+00,-1.961873084596514882e+00,-1.089655545600648479e+00
-2.994844090281825189e+00,1.525371231120449700e+00,9.971466987966000062e-01,6.999999999999999556e-01,2.000000000000000111e-01,5.000000000000000278e-02,2.000000000000000042e-02,4.415000928556063187e+00,4.497005077015971963e+00,-2.371109703746584252e+00,1.279109724761957390e+00
1.432715822376149362e+00,5.810786333513132673e-01,2.483769794388642760e-01,6.999999999999999556e-01,2.000000000000000111e-01,5.000000000000000278e-02,2.000000000000000042e-02,-1.217672433174024071e+00,-1.196614136125242478e+00,-1.055172527092285151e+00,-2.331057545731979874e-01
1.840020401763562852e+00,2.914931634528063586e+00,3.692583939059168596e-02,6.999999999999999556e-01,2.000000000000000111e-01,5.000000000000000278e-02,2.000000000000000042e-02,-3.788306600606436980e+00,-3.851401832309443218e+00,-2.397406962592064428e+00,-1.501789429637740980e+00
-7.923386241095853322e-02,2.513052760916433481e+00,2.890074093185077686e-01,6.999999999999999556e-01,2.000000000000000111e-01,5.000000000000000278e-02,2.000000000000000042e-02,1.255440492109720918e-01,1.491107947676260925e-01,-1.585102485823842944e+00,5.575328547318100098e-02
-1.724613163980829977e+00,1.117380899590449950e+00,6.770428657246727600e-01,6.999999999999999556e-01,2.000000000000000111e-01,5.000000000000000278e-02,2.000000000000000042e-02,1.765159058732877817e+00,1.746647802128564075e+00,-1.320939195274134281e+00,5.395739464120409279e-01
-1.657739614730808997e+00,1.888023860546964805e+00,8.999487076799030927e-01,6.999999999999999556e-01,2.000000000000000111e-01,5.000000000000000278e-02,2.000000000000000042e-02,2.215492416190231406e+00,2.228689875191658842e+00,-1.611263868256430865e+00,8.763585452119958541e-01
2.400995249452542168e+00,2.185523942269798070e+00,9.418570465105911005e-01,6.999999999999999556e-01,2.000000000000000111e-01,5.000000000000000278e-02,2.000000000000000042e-02,-3.978331469269406728e+00,-3.925507136339366099e+00,-2.233428814496884129e+00,-1.469281128827281346e+00
1.296700188114515484e+00,1.074074334399057085e+00,8.120685808802489136e-01,6.999999999999999556e-01,2.000000000000000111e-01,5.000000000000000278e-02,2.000000000000000042e-02,-1.226134494576800460e+00,-1.208701833514256752e+00,-1.113723701292501644e+00,-3.899706696099844438e-01
2.842505361359267013e+00,1.756629860859076686e+00,6.128005400560131433e-01,6.999999999999999556e-01,2.000000000000000111e-01,5.000000000000000278e-02,2.000000000000000042e-02,-4.366078633054654823e+00,-4.319564560304666401e+00,-2.343980294932075825e+00,-1.398104343276398209e+00
-1.851859197762724341e+00,1.136092547283089171e+00,2.107076323732873790e-01,6.999999999999999556e-01,2.000000000000000111e-01,5.000000000000000278e-02,2.000000000000000042e-02,1.948466994050567669e+00,1.928751119375453627e+00,-1.395106251889665083e+00,5.890873612948439586e-01
-4.793462035585323022e-01,2.532472601371206000e+00,3.193254567892485074e-01,6.999999999999999556e-01,2.000000000000000111e-01,5.000000000000000278e-02,2.000000000000000042e-02,7.714440027489800622e-01,7.693548626469102203e-01,-1.632344364167314765e+00,3.399007155833206340e-01
1.692166995666229745e+00,6.836460503644323783e-01,2.090238655606921903e-01,6.999999999999999556e-01,2.000000000000000111e-01,5.000000000000000278e-02,2.000000000000000042e-02,-1.537508899124313100e+00,-1.508603812042533576e+00,-1.194946440288355394e+00,-3.239161192803943212e-01
5.167733486815415667e-01,1.351322928514425481e+00,5.768981740597040053e-01,6.999999999999999556e-01,2.000000000000000111e-01,5.000000000000000278e-02,2.000000000000000042e-02,-5.007549493223691917e-01,-5.092473284770524522e-01,-9.957085160841624427e-01,-1.955317489771931649e-01
-9.849436727733262842e-02,1.695438044356374352e-01,9.589915195854203933e-02,6.999999999999999556e-01,2.000000000000000111e-01,5.000000000000000278e-02,2.000000000000000042e-02,6.939020476186752440e-02,4.691257702339057811e-02,-7.054794852849556319e-01,4.675750728230379863e-03
-2.203319899770168178e+00,1.795116478377905667e+00,7.954293122242585001e-01,6.999999999999999556e-01,2.000000000000000111e-01,5.000000000000000278e-02,2.000000000000000042e-02,3.071148059092875027e+00,2.919639160394964517e+00,-1.879334831040628817e+00,1.107460440580307459e+00
2.655281520372689386e+00,1.785565470964000090e-01,6.451229227148056466e-01,6.999999999999999556e-01,2.000000000000000111e-01,5.000000000000000278e-02,2.000000000000000042e-02,-2.806604790912405889e+00,-2.804417731475832287e+00,-1.762041534536443743e+00,-1.327530119570554668e-01
-1.727129132562166935e+00,1.023978114471120193e+00,7.951292537317868891e-01,6.999999999999999556e-01,2.000000000000000111e-01,5.000000000000000278e-02,2.000000000000000042e-02,1.720122371875805634e+00,1.690522333211024630e+00,-1.294240621129957747e+00,4.951918811305616730e-01
1.319675296690209443e+00,2.278505759003293552e+00,7.095247763954246611e-01,6.999999999999999556e-01,2.000000000000000111e-01,5.000000000000000278e-02,2.000000000000000042e-02,-1.997855816120894801e+00,-1.996930608676021901e+00,-1.688053822437723284e+00,-8.419285737864461439e-01
6.231463434547368507e-01,1.631681669246897393e+00,6.653339246296358089e-01,6.999999999999999556e-01,2.000000000000000111e-01,5.000000000000000278e-02,2.000000000000000042e-02,-6.805689537428478708e-01,-7.010730024562246143e-01,-1.130980614570038956e+00,-2.846974104445311182e-01
1.693826382298610156e+00,1.029470187841661666e+00,3.159214508618732875e-01,6.999999999999999556e-01,2.000000000000000111e-01,5.000000000000000278e-02,2.000000000000000042e-02,-1.679980422359074188e+00,-1.693778395387141034e+00,-1.278730413477284111e+00,-4.882482539077114825e-01
1.624276046561655029e+00,1.465633809044315949e+00,9.063873845577719024e-01,6.999999999999999556e-01,2.000000000000000111e-01,5.000000000000000278e-02,2.000000000000000042e-02,-1.839728432661250634e+00,-1.852417893966212148e+00,-1.396472446025018854e+00,-6.665662889372482303e-01
-2.357364818277254415e-01,3.504818710432152651e-01,7.640851924934207728e-01,6.999999999999999556e-01,2.000000000000000111e-01,5.000000000000000278e-02,2.000000000000000042e-02,1.697245715964456891e-01,1.886742289699651631e-01,-7.255330091998705155e-01,2.313398170275531365e-02
2.279885068921672087e-01,7.574632228213034058e-01,1.225382039096334363e-01,6.999999999999999556e-01,2.000000000000000111e-01,5.000000000000000278e-02,2.000000000000000042e-02,-1.784976766685756888e-01,-1.953687405205649374e-01,-7.881218886409949720e-01,-4.835401457509221068e-02
-2.531131714698616086e+00,2.756287087535249647e+00,2.316746237380501450e-01,6.999999999999999556e-01,2.000000000000000111e-01,5.000000000000000278e-02,2.000000000000000042e-02,5.274696199061864377e+00,5.153331822612496005e+00,-2.724590754820870320e+00,1.953427185380930187e+00
1.506964722415943037e+00,4.241182603772588600e-01,9.725601086737101220e-02,6.999999999999999556e-01,2.000000000000000111e-01,5.000000000000000278e-02,2.000000000000000042e-02,-1.263936243687755034e+00,-1.260778525961601115e+00,-1.065824083020884494e+00,-1.789567518258655676e-01
-1.308760690413705019e+00,2.356505578140174251e+00,6.769146031040116362e-01,6.999999999999999556e-01,2.000000000000000111e-01,5.000000000000000278e-02,2.000000000000000042e-02,2.045696773694052784e+00,2.079379630514387234e+00,-1.734364777288629700e+00,8.635485228749346653e-01
-2.287552635119459943e+00,2.218839849151141852e+00,4.540998129383271298e-01,6.999999999999999556e-01,2.000000000000000111e-01,5.000000000000000278e-02,2.000000000000000042e-02,3.776520397319296674e+00,3.710132818160817081e+00,-2.174189597431646526e+00,1.421199624273452589e+00
-2.736826308344525227e+00,1.907462556905302531e+00,2.352388674714770422e-01,6.999999999999999556e-01,2.000000000000000111e-01,5.000000000000000278e-02,2.000000000000000042e-02,4.334828507067693515e+00,4.379428629829850372e+00,-2.332910613146408796e+00,1.461710238217753144e+00
-1.245300136724138751e+00,2.334923363617796177e+00,7.063442387452140148e-01,6.999999999999999556e-01,2.000000000000000111e-01,5.000000000000000278e-02,2.000000000000000042e-02,1.918758472434655582e+00,1.919776666465232262e+00,-1.695877260534327746e+00,8.141505075070156749e-01
-2.215211789083640248e+00,4.012488807841511074e-01,1.113360400197098699e-01,6.999999999999999556e-01,2.000000000000000111e-01,5.000000000000000278e-02,2.000000000000000042e-02,2.144099628501043409e+00,2.165708880935080849e+00,-1.458614583580546187e+00,2.488783502995069175e-01
-1.986114213610022050e+00,1.077637005568870876e+00,9.874694708521062347e-01,6.999999999999999556e-01,2.000000000000000111e-01,5.000000000000000278e-02,2.000000000000000042e-02,2.104913030889163039e+00,2.028655174852000531e+00,-1.454279662633565451e+00,5.992868486842934939e-01
-5.772801870456092388e-01,1.029326684497646305e+00,9.546514209895882175e-01,6.999999999999999556e-01,2.000000000000000111e-01,5.000000000000000278e-02,2.000000000000000042e-02,4.993441867513560561e-01,5.014410895160897885e-01,-8.983197414319604723e-01,1.663787722681946413e-01
-9.217865849671040834e-01,6.681524898443943483e-01,9.837248027126521688e-02,6.999999999999999556e-01,2.000000000000000111e-01,5.000000000000000278e-02,2.000000000000000042e-02,7.420238305841415638e-01,7.372631559008496760e-01,-8.899534611897341740e-01,1.724503205182609245e-01
-1.387750403805759536e+00,7.031098149858602264e-01,6.781695603109892945e-01,6.999999999999999556e-01,2.000000000000000111e-01,5.000000000000000278e-02,2.000000000000000042e-02,1.201102743960650754e+00,1.206273670547733268e+00,-1.058088555159580224e+00,2.732074603065976492e-01
-1.921278701547840972e+00,9.169392165750366308e-01,6.106763550394410656e-01,6.999999999999999556e-01,2.000000000000000111e-01,5.000000000000000278e-02,2.000000000000000042e-02,1.925648546620691626e+00,1.900374816539215805e+00,-1.371405631118257418e+00,4.932748204774826672e-01
6.618288292300689157e-01,2.888986568991154247e+00,3.030339039183498340e-01,6.999999999999999556e-01,2.000000000000000111e-01,5.000000000000000278e-02,2.000000000000000042e-02,-1.251104636902453215e+00,-1.253743848302596220e+00,-1.934176685293586218e+00,-5.353640876127065962e-01
2.360152968783655325e-01,1.147197489061501097e+00,3.344601636674049416e-01,6.999999999999999556e-01,2.000000000000000111e-01,5.000000000000000278e-02,2.000000000000000042e-02,-2.093535579363497989e-01,-2.520222073673974994e-01,-8.926041741013490682e-01,-7.581172366851038347e-02
-6.538916560862588767e-01,2.374882635799172803e+00,9.565199093344088910e-01,6.999999999999999556e-01,2.000000000000000111e-01,5.000000000000000278e-02,2.000000000000000042e-02,9.880225565659888076e-01,9.878410972611887386e-01,-1.553745599419743995e+00,4.348164631253016998e-01
-1.836233027537525819e+00,2.247197137450604121e+00,8.036039715285947516e-02,6.999999999999999556e-01,2.000000000000000111e-01,5.000000000000000278e-02,2.000000000000000042e-02,2.893118965075935467e+00,2.971055633766343185e+00,-1.912748056152210996e+00,1.155385728888883579e+00
1.707508049444022902e+00,2.225093221775973351e+00,9.008838706542489083e-01,6.999999999999999556e-01,2.000000000000000111e-01,5.000000000000000278e-02,2.000000000000000042e-02,-2.627726424287815998e+00,-2.617195285670775640e+00,-1.830483139220492994e+00,-1.063822084344826502e+00
-2.389880847760918137e+00,1.471651358876459481e+00,4.908073311161634811e-01,6.999999999999999556e-01,2.000000000000000111e-01,5.000000000000000278e-02,2.000000000000000042e-02,3.080036863222028298e+00,3.084832258252760528e+00,-1.859935651065776963e+00,9.847799912048503801e-01
-7.056954620474655826e-01,1.524543075491322508e+00,5.501528935648124508e-01,6.999999999999999556e-01,2.000000000000000111e-01,5.000000000000000278e-02,2.000000000000000042e-02,7.411868110689732170e-01,7.481133430727694433e-01,-1.100093335237153580e+00,3.012416764196316210e-01
-1.760168634506263707e+00,5.448893685358755512e-01,5.061820338203742997e-01,6.999999999999999556e-01,2.000000000000000111e-01,5.000000000000000278e-02,2.000000000000000042e-02,1.577949465625131609e+00,1.621990398269426370e+00,-1.206295662637026256e+00,2.685472092163762592e-01
1.354173946152820385e+00,2.653626346037376571e+00,7.857702659198181339e-01,6.999999999999999556e-01,2.000000000000000111e-01,5.000000000000000278e-02,2.000000000000000042e-02,-2.407087446525807639e+00,-2.438790943782633391e+00,-1.960910651279580197e+00,-1.006172064975986657e+00
2.113686286525897629e-01,1.124499249354756980e+00,1.911793812448978613e-01,6.999999999999999556e-01,2.000000000000000111e-01,5.000000000000000278e-02,2.000000000000000042e-02,-1.858487484392798428e-01,-2.146083807928024223e-01,-8.837313032286890913e-01,-6.655148199195483338e-02
2.460955885156031364e+00,2.138523947580638573e+00,2.324359493158670853e-01,6.999999999999999556e-01,2.000000000000000111e-01,5.000000000000000278e-02,2.000000000000000042e-02,-4.043535208751680265e+00,-4.131237963557108372e+00,-2.248705434715239093e+00,-1.473587666416790398e+00
1.000203276085785298e+00,2.607536198322175203e+00,1.109127792380449895e-01,6.999999999999999556e-01,2.000000000000000111e-01,5.000000000000000278e-02,2.000000000000000042e-02,-1.702260591798089973e+00,-1.724566065001311044e+00,-1.801955292602375414e+00,-7.302585494607517491e-01
8.675042120333928963e-01,1.714533371455267519e+00,4.494630671059675064e-01,6.999999999999999556e-01,2.000000000000000111e-01,5.000000000000000278e-02,2.000000000000000042e-02,-9.969147022985775930e-01,-9.949462940212702167e-01,-1.224431989141078869e+00,-4.164621779945922864e-01
-2.525400724788620099e+00,1.092608376037422557e+00,4.030480264872970952e-02,6.999999999999999556e-01,2.000000000000000111e-01,5.000000000000000278e-02,2.000000000000000042e-02,2.995159276525697134e+00,3.043999075792686693e+00,-1.823778351988631918e+00,7.725967157314067579e-01
-2.930697557155203192e+00,2.623176833128470165e+00,9.685437249668458204e-01,6.999999999999999556e-01,2.000000000000000111e-01,5.000000000000000278e-02,2.000000000000000042e-02,6.133356070353258360e+00,6.045287525851559707e+00,-2.951696163427989017e+00,2.152566622314004086e+00
8.441631788463128672e-01,2.933842369446936216e-01,4.394302941360267445e-01,6.999999999999999556e-01,2.000000000000000111e-01,5.000000000000000278e-02,2.000000000000000042e-02,-6.311647503868098585e-01,-6.510405422958343014e-01,-8.189421243462536859e-01,-6.934596762313707807e-02
1.707082250182621053e+00,2.266903093904392374e+00,3.502678045111592420e-01,6.999999999999999556e-01,2.000000000000000111e-01,5.000000000000000278e-02,2.000000000000000042e-02,-2.671831998973774880e+00,-2.624696175126070674e+00,-1.856558420534746956e+00,-1.083541209656711413e+00
2.171470296875074979e+00,8.688742975468740637e-01,9.288316944372876360e-01,6.999999999999999556e-01,2.000000000000000111e-01,5.000000000000000278e-02,2.000000000000000042e-02,-2.261491027476900673e+00,-2.213569398535709887e+00,-1.512984443822869229e+00,-5.282857240755451933e-01
2.934043354036357520e+00,2.103038455758826863e+00,8.581554710241706685e-01,6.999999999999999556e-01,2.000000000000000111e-01,5.000000000000000278e-02,2.000000000000000042e-02,-5.133456310985884841e+00,-5.211009036853092802e+00,-2.610479465000803856e+00,-1.727713681232579512e+00
2.258980980381572579e+00,6.561663481506608830e-01,2.192943393964676968e-01,6.999999999999999556e-01,2.000000000000000111e-01,5.000000000000000278e-02,2.000000000000000042e-02,-2.293831075553351084e+00,-2.259356483963262274e+00,-1.525726859161206095e+00,-4.150348441228572383e-01
3.154584925499230863e-01,2.664495306018539456e+00,7.712586828966594421e-02,6.999999999999999556e-01,2.000000000000000111e-01,5.000000000000000278e-02,2.000000000000000042e-02,-5.359357882213796609e-01,-5.394911042729606532e-01,-1.708862042089556610e+00,-2.353505483400272214e-01
1.123585629097813232e+00,1.420525750342849669e+00,7.188922143163373191e-01,6.999999999999999556e-01,2.000000000000000111e-01,5.000000000000000278e-02,2.000000000000000042e-02,-1.174851819278934117e+00,-1.186113574325016851e+00,-1.171871776921465491e+00,-4.469030492776118746e-01
-8.776474255690907000e-01,3.436961980901664937e-01,3.585789519086385324e-01,6.999999999999999556e-01,2.000000000000000111e-01,5.000000000000000278e-02,2.000000000000000042e-02,6.626686022207545212e-01,6.601606089511306008e-01,-8.320775412626366663e-01,8.446034336088127648e-02
2.867942725867221654e+00,2.410513890897257205e+00,8.276373083335755165e-01,6.999999999999999556e-01,2.000000000000000111e-01,5.000000000000000278e-02,2.000000000000000042e-02,-5.520031418761466746e+00,-5.613267704960342996e+00,-2.747245132377415189e+00,-1.935700418120190891e+00
2.847207414689075122e+00,1.034041921452188095e+00,3.786302561810751532e-01,6.999999999999999556e-01,2.000000000000000111e-01,5.000000000000000278e-02,2.000000000000000042e-02,-3.573312159168613888e+00,-3.693284106649808773e+00,-2.065682486683941832e+00,-8.243569112402422405e-01
1.244867021410094310e+00,2.891701864278640732e-01,3.008632623316173094e-01,6.999999999999999556e-01,2.000000000000000111e-01,5.000000000000000278e-02,2.000000000000000042e-02,-9.824383606240317812e-01,-1.010403534109582280e+00,-9.441608006897876937e-01,-1.007939600245358891e-01
-1.609616758549665905e+00,2.531344159511993652e+00,4.593519263011868192e-01,6.999999999999999556e-01,2.000000000000000111e-01,5.000000000000000278e-02,2.000000000000000042e-02,2.779199322207187794e+00,2.737617645844259595e+00,-1.985708371955957396e+00,1.140858314626050474e+00
3.750602388609141080e-01,2.534667898844974454e-01,4.304480883023698023e-02,6.999999999999999556e-01,2.000000000000000111e-01,5.000000000000000278e-02,2.000000000000000042e-02,-2.685535828427667582e-01,-2.627419869026238475e-01,-7.300948853165700747e-01,-2.661828813206884234e-02
1.105896036876940158e+00,6.199103470146400952e-01,1.749109656017098224e-01,6.999999999999999556e-01,2.000000000000000111e-01,5.000000000000000278e-02,2.000000000000000042e-02,-9.012507931581104081e-01,-8.935510242334763209e-01,-9.372513440240319849e-01,-1.919557908750997577e-01
1.879692243160898890e+00,5.772475631694933274e-01,1.496843494053710089e-01,6.999999999999999556e-01,2.000000000000000111e-01,5.000000000000000278e-02,2.000000000000000042e-02,-1.735542801663788381e+00,-1.706298368362961559e+00,-1.276636504235804326e+00,-3.038133747245037042e-01
8.663597267983931260e-01,1.218197891297285729e+00,7.080636999211545879e-01,6.999999999999999556e-01,2.000000000000000111e-01,5.000000000000000278e-02,2.000000000000000042e-02,-8.189610242585487754e-01,-8.346724268764350585e-01,-1.020347730763289551e+00,-2.955113258413946120e-01
1.793219282696416172e+00,2.922258288587352926e+00,3.004989499384795870e-01,6.999999999999999556e-01,2.000000000000000111e-01,5.000000000000000278e-02,2.000000000000000042e-02,-3.687441391376356847e+00,-3.690029435815107117e+00,-2.377888400105585553e+00,-1.467269975391995329e+00
1.655154762693655357e+00,2.174306069994885737e-01,8.152645771710249623e-01,6.999999999999999556e-01,2.000000000000000111e-01,5.000000000000000278e-02,2.000000000000000042e-02,-1.396281132889697352e+00,-1.436269370836945836e+00,-1.117549242910546914e+00,-1.007667653245612610e-01
9.191881608876175669e-01,2.960117553162156412e+00,9.485744830528115568e-01,6.999999999999999556e-01,2.000000000000000111e-01,5.000000000000000278e-02,2.000000000000000042e-02,-1.809850947613207639e+00,-1.845301248727531762e+00,-2.053457461262813588e+00,-7.618534027166374845e-01
-2.304846531824804590e+00,8.295982005731440401e-01,4.941906633951715921e-01,6.999999999999999556e-01,2.000000000000000111e-01,5.000000000000000278e-02,2.000000000000000042e-02,2.447674462945218732e+00,2.496941466007585486e+00,-1.593200274704912323e+00,5.353870299117506892e-01
1.424305389698222513e+00,1.254190574187051155e+00,1.869669139536058733e-01,6.999999999999999556e-01,2.000000000000000111e-01,5.000000000000000278e-02,2.000000000000000042e-02,-1.455143668977140425e+00,-1.459279803865563219e+00,-1.224516035961661142e+00,-5.001781104665310451e-01
-1.857452224858979761e-01,2.370354520526747333e+00,1.467639156885636176e-02,6.999999999999999556e-01,2.000000000000000111e-01,5.000000000000000278e-02,2.000000000000000042e-02,2.764495074894937066e-01,3.135060943803897882e-01,-1.491776470568872304e+00,1.232789677799945027e-01
1.792213359187330823e+00,2.557869310586184497e+00,9.620143938607454981e-01,6.999999999999999556e-01,2.000000000000000111e-01,5.000000000000000278e-02,2.000000000000000042e-02,-3.184008247624654953e+00,-3.141693718967262683e+00,-2.097781666132840339e+00,-1.283589313856597247e+00
-2.347853696337455887e+00,3.887195016606724840e-01,1.204703657813064321e-01,6.999999999999999556e-01,2.000000000000000111e-01,5.000000000000000278e-02,2.000000000000000042e-02,2.340282450683961901e+00,2.317991483907048345e+00,-1.548016946046803177e+00,2.555438252674898103e-01
-6.193749263969605678e-02,2.073612620428482600e+00,7.451475774027851440e-01,6.999999999999999556e-01,2.000000000000000111e-01,5.000000000000000278e-02,2.000000000000000042e-02,8.065336247575838335e-02,6.668335890020903045e-02,-1.302557139893212756e+00,3.596162259630359542e-02
-1.095590750195382990e+00,1.353951578055004434e+00,1.956338837280202636e-02,6.999999999999999556e-01,2.000000000000000111e-01,5.000000000000000278e-02,2.000000000000000042e-02,1.113845304908750000e+00,1.067984136305985210e+00,-1.136693746387521520e+00,4.153455110362613278e-01
-1.031758040016423905e-01,2.511947361251936073e-01,9.150641725279323735e-01,6.999999999999999556e-01,2.000000000000000111e-01,5.000000000000000278e-02,2.000000000000000042e-02,7.318941704802688075e-02,9.893504612740494641e-02,-7.104306183436885913e-01,7.256821280995229793e-03
2.892069752192970356e+00,2.994194893586255457e+00,5.588788802622453034e-01,6.999999999999999556e-01,2.000000000000000111e-01,5.000000000000000278e-02,2.000000000000000042e-02,-6.863841113839630026e+00,-6.730297963174153075e+00,-3.209738546241347024e+00,-2.424637735495208002e+00
1.619155745579416106e+00,1.233948985736650350e+00,6.581237147429546130e-01,6.999999999999999556e-01,2.000000000000000111e-01,5.000000000000000278e-02,2.000000000000000042e-02,-1.690805784219427954e+00,-1.570786537807593364e+00,-1.306418013182496285e+00,-5.594275652020692657e-01
2.284241152225551019e+00,2.086425174684476413e+00,6.166500680766429099e-01,6.999999999999999556e-01,2.000000000000000111e-01,5.000000000000000278e-02,2.000000000000000042e-02,-3.587016253897967299e+00,-3.440426158897651021e+00,-2.092107447566107670e+00,-1.334451508615025928e+00
2.028900769797232329e+00,2.241097431567256049e+00,2.353633537603084802e-01,6.999999999999999556e-01,2.000000000000000111e-01,5.000000000000000278e-02,2.000000000000000042e-02,-3.264449387327454488e+00,-3.243498128687676729e+00,-2.020618227741399764e+00,-1.273150005147273722e+00
-2.628470310554791300e+00,7.253195187303014269e-01,1.182610464224137514e-01,6.999999999999999556e-01,2.000000000000000111e-01,5.000000000000000278e-02,2.000000000000000042e-02,2.941508469163228945e+00,2.880184614146628075e+00,-1.809980802615362094e+00,5.338146297815763441e-01
1.327325127271810956e+00,8.529146445284558897e-01,8.349847598356414657e-01,6.999999999999999556e-01,2.000000000000000111e-01,5.000000000000000278e-02,2.000000000000000042e-02,-1.181232389487938850e+00,-1.222810885008654758e+00,-1.066113673742223655e+00,-3.169866109482026850e-01
1.463491368036453188e+00,1.174230320547632989e+00,5.541789617690402459e-01,6.999999999999999556e-01,2.000000000000000111e-01,5.000000000000000278e-02,2.000000000000000042e-02,-1.463673876551513153e+00,-1.475076171279713355e+00,-1.214305406044656976e+00,-4.811732626982786476e-01
1.545264869313458966e+00,2.650089544533699382e+00,5.689242809642545140e-01,6.999999999999999556e-01,2.000000000000000111e-01,5.000000000000000278e-02,2.000000000000000042e-02,-2.785507772036502239e+00,-2.787611037646636980e+00,-2.041392970616707103e+00,-1.146625276636792590e+00
-1.484187186609757569e+00,2.510965564940074835e+00,1.122884246760412763e-01,6.999999999999999556e-01,2.000000000000000111e-01,5.000000000000000278e-02,2.000000000000000042e-02,2.512481507484563892e+00,2.438760906997223810e+00,-1.913114470298564296e+00,1.043488016900669058e+00
-7.569108570189575502e-01,1.961829975734810994e+00,9.466841369319273225e-01,6.999999999999999556e-01,2.000000000000000111e-01,5.000000000000000278e-02,2.000000000000000042e-02,9.593651811234812365e-01,9.730029428525814872e-01,-1.324765866337806797e+00,4.157805143124965186e-01
8.864402484104152435e-01,1.036452855152154129e+00,6.967761046773950362e-01,6.999999999999999556e-01,2.000000000000000111e-01,5.000000000000000278e-02,2.000000000000000042e-02,-7.886496216208880305e-01,-7.695376890266589776e-01,-9.682592800337150862e-01,-2.572509873882926623e-01
-1.368670499736965418e+00,9.395215722337754150e-01,4.231962728603726465e-01,6.999999999999999556e-01,2.000000000000000111e-01,5.000000000000000278e-02,2.000000000000000042e-02,1.255400775452138351e+00,1.230713324389253849e+00,-1.104566950384502810e+00,3.600507287392010203e-01
3.469219836251680178e-02,1.069273183193599763e+00,4.788877520955070466e-02,6.999999999999999556e-01,2.000000000000000111e-01,5.000000000000000278e-02,2.000000000000000042e-02,-2.983974843770780330e-02,-3.505414477241372562e-02,-8.602488519356600305e-01,-1.038672246502019524e-02
-5.280710006903399645e-01,1.160199919291049264e+00,4.699949799191557309e-01,6.999999999999999556e-01,2.000000000000000111e-01,5.000000000000000278e-02,2.000000000000000042e-02,4.765269875590500970e-01,4.483854444609299827e-01,-9.302777866467285550e-01,1.715470210666452666e-01
-2.545828866362880749e+00,1.392343340131055873e+00,9.783136109681381809e-01,6.999999999999999556e-01,2.000000000000000111e-01,5.000000000000000278e-02,2.000000000000000042e-02,3.298042445926197441e+00,3.363752389882352478e+00,-1.943593489273999442e+00,9.925070028142506384e-01
-2.567635960906458958e+00,1.214581921441427514e+00,7.609844294695409239e-01,6.999999999999999556e-01,2.000000000000000111e-01,5.000000000000000278e-02,2.000000000000000042e-02,3.174026882766198820e+00,3.117019902114971597e+00,-1.895442458305934386e+00,8.732091813087643484e-01
-1.766250593643731825e+00,1.020525597253938432e+00,2.265672340895819037e-02,6.999999999999999556e-01,2.000000000000000111e-01,5.000000000000000278e-02,2.000000000000000042e-02,1.769409015722474221e+00,1.729120455906915765e+00,-1.313752323183096316e+00,5.047011037539499423e-01
-2.744692846708804979e-01,2.258257034264909091e+00,7.481871454873124661e-01,6.999999999999999556e-01,2.000000000000000111e-01,5.000000000000000278e-02,2.000000000000000042e-02,3.891228300915901550e-01,3.497929544691707471e-01,-1.425261484827133884e+00,1.735502139833486057e-01
2.491720399429327770e+00,2.635029300814418551e+00,8.707088919802535854e-01,6.999999999999999556e-01,2.000000000000000111e-01,5.000000000000000278e-02,2.000000000000000042e-02,-4.939852251114051462e+00,-5.041697012461421323e+00,-2.603373700600911000e+00,-1.838411753341319788e+00
1.576503081371039450e+00,2.623257486855878895e+00,2.566244367162074935e-01,6.999999999999999556e-01,2.000000000000000111e-01,5.000000000000000278e-02,2.000000000000000042e-02,-2.818275581431124888e+00,-2.916182361853113747e+00,-2.036211472764216435e+00,-1.157960583152223721e+00
-1.155273000147275742e+00,4.604314159935928297e-01,8.419168646898997910e-01,6.999999999999999556e-01,2.000000000000000111e-01,5.000000000000000278e-02,2.000000000000000042e-02,9.200737169170362106e-01,9.409275905309176791e-01,-9.298779481671342051e-01,1.489387153287533572e-01
1.714049207621458848e+00,1.740822798038864416e+00,9.715210927414588138e-01,6.999999999999999556e-01,2.000000000000000111e-01,5.000000000000000278e-02,2.000000000000000042e-02,-2.178836269360917122e+00,-2.151922736031680827e+00,-1.564959664906222958e+00,-8.354796625246080355e-01
1.851070373627299759e+00,5.211518562448247405e-01,4.182128777193365732e-01,6.999999999999999556e-01,2.000000000000000111e-01,5.000000000000000278e-02,2.000000000000000042e-02,-1.683265240000776153e+00,-1.724928936443930416e+00,-1.251993125235546511e+00,-2.701128531515871734e-01
2.568164456384396388e+00,2.635382419455156722e+00,1.032983200806495416e-01,6.999999999999999556e-01,2.000000000000000111e-01,5.000000000000000278e-02,2.000000000000000042e-02,-5.141740300569968447e+00,-5.234466147181897178e+00,-2.661653970803688374e+00,-1.895066728415013113e+00
1.211189957404795514e+00,1.529222105235366058e+00,3.708868180195455944e-01,6.999999999999999556e-01,2.000000000000000111e-01,5.000000000000000278e-02,2.000000000000000042e-02,-1.333207523160217400e+00,-1.335615943598245758e+00,-1.247440001537402532e+00,-5.186099678206984587e-01
7.032339961904368053e-01,4.127456149084196557e-02,9.055923367114494527e-01,6.999999999999999556e-01,2.000000000000000111e-01,5.000000000000000278e-02,2.000000000000000042e-02,-5.098203189912841049e-01,-5.079265344784531511e-01,-7.744192105293722372e-01,-8.127188949099556359e-03
1.022988365320620652e+00,2.437935053078203129e+00,4.643800153799417796e-01,6.999999999999999556e-01,2.000000000000000111e-01,5.000000000000000278e-02,2.000000000000000042e-02,-1.620842289749917065e+00,-1.655602041343662068e+00,-1.689069604561042270e+00,-6.983141745177671167e-01
-2.550153614336254204e+00,2.016195634131641157e+00,2.992797559264329665e-01,6.999999999999999556e-01,2.000000000000000111e-01,5.000000000000000278e-02,2.000000000000000042e-02,4.065634549655423591e+00,4.173775834770622417e+00,-2.244598795419648241e+00,1.439650403405138279e+00
5.718037297435811794e-01,3.511302531478568412e-01,4.424662180082138407e-01,6.999999999999999556e-01,2.000000000000000111e-01,5.000000000000000278e-02,2.000000000000000042e-02,-4.194803160127721919e-01,-4.071075866701331369e-01,-7.663048694568953545e-01,-5.621772474521066071e-02
-2.746829252024860502e+00,2.577925435400638676e+00,8.326745040045407942e-01,6.999999999999999556e-01,2.000000000000000111e-01,5.000000000000000278e-02,2.000000000000000042e-02,5.514675824278761240e+00,5.735171196687620210e+00,-2.762158578034898504e+00,1.982713878739271740e+00
8.034362596524013966e-01,1.832580639006203826e-01,6.081153464430530953e-01,6.999999999999999556e-01,2.000000000000000111e-01,5.000000000000000278e-02,2.000000000000000042e-02,-5.921141919082791860e-01,-6.478441874510117993e-01,-8.015281660164805810e-01,-4.122612855520745717e-02
9.991487833576906397e-01,2.684728469158695230e+00,1.151649822804201584e-01,6.999999999999999556e-01,2.000000000000000111e-01,5.000000000000000278e-02,2.000000000000000042e-02,-1.757504995978418805e+00,-1.813598096124090731e+00,-1.858832117128339734e+00,-7.510840914095863186e-01
-7.341506865339395560e-01,2.995470429593362738e+00,3.179879198141198904e-01,6.999999999999999556e-01,2.000000000000000111e-01,5.000000000000000278e-02,2.000000000000000042e-02,1.455928654290452151e+00,1.476423869867109495e+00,-2.037044617820292558e+00,6.157554682658629153e-01
-1.957303829998641165e+00,1.330710761896847227e+00,2.858903659192948421e-01,6.999999999999999556e-01,2.000000000000000111e-01,5.000000000000000278e-02,2.000000000000000042e-02,2.230274653224968873e+00,2.239494498729052818e+00,-1.522566500895034647e+00,7.292894758467104444e-01
9.266329830315989113e-02,1.800167295095200570e+00,7.667047206306374374e-01,6.999999999999999556e-01,2.000000000000000111e-01,5.000000000000000278e-02,2.000000000000000042e-02,-1.069439769613511060e-01,-1.129068135150093216e-01,-1.154972293674114914e+00,-4.670664293707972592e-02
-2.060397077521688658e+00,1.173981583655011374e+00,5.126745465887867503e-01,6.999999999999999556e-01,2.000000000000000111e-01,5.000000000000000278e-02,2.000000000000000042e-02,2.277180503475622508e+00,2.223915616127531969e+00,-1.529738003785545253e+00,6.772831027275793003e-01
-7.112939190718554627e-01,1.437425211044526918e+00,7.336435198788027190e-02,6.999999999999999556e-01,2.000000000000000111e-01,5.000000000000000278e-02,2.000000000000000042e-02,7.216530082413288305e-01,7.314390947180707814e-01,-1.065157629124786176e+00,2.862809072862341209e-01
1.235420938300073601e+00,2.486136560754291125e+00,1.855222027637204452e-02,6.999999999999999556e-01,2.000000000000000111e-01,5.000000000000000278e-02,2.000000000000000042e-02,-2.028111171891497921e+00,-2.049630546139500797e+00,-1.794262234039219805e+00,-8.599990455361715691e-01
-2.807472076198827438e+00,2.371816137828460569e+00,3.643264271405872723e-01,6.999999999999999556e-01,2.000000000000000111e-01,5.000000000000000278e-02,2.000000000000000042e-02,5.282726502934719015e+00,5.424854488737446800e+00,-2.669856569628315413e+00,1.864466121512722285e+00
2.613534919682953372e+00,1.239593304225993009e+00,5.675753735743055417e-01,6.999999999999999556e-01,2.000000000000000111e-01,5.000000000000000278e-02,2.000000000000000042e-02,-3.284301419858049353e+00,-3.212495913859195085e+00,-1.939707534843795544e+00,-9.071217083039460061e-01
2.320377785238241231e+00,2.502600333311265857e+00,5.758843207395081265e-01,6.999999999999999556e-01,2.000000000000000111e-01,5.000000000000000278e-02,2.000000000000000042e-02,-4.283484295633405381e+00,-4.205928773443527113e+00,-2.384444139894621006e+00,-1.625953901248678113e+00
-8.038182085548610800e-01,9.638681866573458601e-01,3.848036066175994918e-01,6.999999999999999556e-01,2.000000000000000111e-01,5.000000000000000278e-02,2.000000000000000042e-02,6.931903555311338394e-01,6.559848835119548305e-01,-9.269844202356687379e-01,2.169369437429404524e-01
1.936760324601221051e+00,2.358686401230221552e+00,4.117471304596739268e-01,6.999999999999999556e-01,2.000000000000000111e-01,5.000000000000000278e-02,2.000000000000000042e-02,-3.227472105333605068e+00,-3.207543267314885149e+00,-2.041532298751186580e+00,-1.279098867222156155e+00
1.900246995489386137e+00,9.461273631655424676e-01,3.027476214477033967e-01,6.999999999999999556e-01,2.000000000000000111e-01,5.000000000000000278e-02,2.000000000000000042e-02,-1.911399374881033619e+00,-1.844542708429916189e+00,-1.366962774806247394e+00,-5.034051901775729032e-01
1.259820014432869506e+00,2.498539901292202270e+00,1.582137424875129650e-01,6.999999999999999556e-01,2.000000000000000111e-01,5.000000000000000278e-02,2.000000000000000042e-02,-2.082905219999913182e+00,-2.006560308709198548e+00,-1.812050199683739926e+00,-8.813589608619718518e-01
-4.851709597498103932e-01,7.955904704554498386e-01,3.287307145490381277e-01,6.999999999999999556e-01,2.000000000000000111e-01,5.000000000000000278e-02,2.000000000000000042e-02,3.883233308531090500e-01,4.130924634505870885e-01,-8.239236165628162079e-01,1.080792697932286411e-01
-8.265718957586840610e-01,1.546334445241041022e+00,6.572106460789376436e-01,6.999999999999999556e-01,2.000000000000000111e-01,5.000000000000000278e-02,2.000000000000000042e-02,8.835409544303231000e-01,9.062073383628612699e-01,-1.137244195144164083e+00,3.578838462863552228e-01
-1.780099812016415095e+00,5.428403113522630719e-01,2.943986047995116317e-01,6.999999999999999556e-01,2.000000000000000111e-01,5.000000000000000278e-02,2.000000000000000042e-02,1.601542185858051193e+00,1.576630579879394922e+00,-1.216567885619194600e+00,2.705667821340667634e-01
1.814926348879778217e+00,2.092826808921484094e-01,9.069761507461496786e-01,6.999999999999999556e-01,2.000000000000000111e-01,5.000000000000000278e-02,2.000000000000000042e-02,-1.580491906334065444e+00,-1.534245745466974675e+00,-1.200225541451709121e+00,-1.063531425363004046e-01
1.030231488282601582e+00,1.236950642151846580e+00,5.603963955795802088e-01,6.999999999999999556e-01,2.000000000000000111e-01,5.000000000000000278e-02,2.000000000000000042e-02,-9.965175859747397169e-01,-9.589568516530233566e-01,-1.073413102674128927e+00,-3.568167402789406695e-01
2.806355585472317671e+00,2.399900796090824739e-01,1.620014308392863089e-01,6.999999999999999556e-01,2.000000000000000111e-01,5.000000000000000278e-02,2.000000000000000042e-02,-3.092168637060493719e+00,-3.066194390590001095e+00,-1.889408084180259628e+00,-1.885793001032905203e-01
7.118192956238136304e-01,4.221159350851328984e-01,4.630957992836273185e-01,6.999999999999999556e-01,2.000000000000000111e-01,5.000000000000000278e-02,2.000000000000000042e-02,-5.340636360892404566e-01,-5.238705968596936158e-01,-8.009484672147487716e-01,-8.413167492348828935e-02
-2.975212851057190910e+00,1.133418014018874320e+00,1.762788713602919666e-01,6.999999999999999556e-01,2.000000000000000111e-01,5.000000000000000278e-02,2.000000000000000042e-02,3.934551403821676452e+00,3.922565789670478420e+00,-2.207632821594727623e+00,9.442047554600287995e-01
-1.797704012131626783e+00,2.290742930045131409e+00,1.314975691498285748e-01,6.999999999999999556e-01,2.000000000000000111e-01,5.000000000000000278e-02,2.000000000000000042e-02,2.869562431828299509e+00,2.880112708470959682e+00,-1.919411401302367981e+00,1.153061771709201544e+00
-2.731452841776278895e+00,1.101555530859594345e+00,1.095001686524575968e-01,6.999999999999999556e-01,2.000000000000000111e-01,5.000000000000000278e-02,2.000000000000000042e-02,3.394980571738588360e+00,3.373692830486219929e+00,-1.989004636286587413e+00,8.424771558394285043e-01
-1.259147908279354189e+00,1.182500983971187525e-01,1.701140982484464770e-01,6.999999999999999556e-01,2.000000000000000111e-01,5.000000000000000278e-02,2.000000000000000042e-02,9.836845041156221381e-01,9.931435050653190100e-01,-9.397756502465708373e-01,4.169042193415676417e-02
4.444838258785859253e-01,1.275188261866429640e+00,1.882918491685167117e-01,6.999999999999999556e-01,2.000000000000000111e-01,5.000000000000000278e-02,2.000000000000000042e-02,-4.167182582929231938e-01,-4.203104857694102137e-01,-9.572895951684192717e-01,-1.587041560579593169e-01
3.102282004497745049e-01,1.267247044615333440e+00,9.696576233970856107e-01,6.999999999999999556e-01,2.000000000000000111e-01,5.000000000000000278e-02,2.000000000000000042e-02,-2.884006022508182610e-01,-3.190606359604220565e-01,-9.392643405452273386e-01,-1.100780156493667977e-01
6.342552469688680361e-01,7.476602379564372125e-01,4.926317913579691954e-02,6.999999999999999556e-01,2.000000000000000111e-01,5.000000000000000278e-02,2.000000000000000042e-02,-5.063725194582493483e-01,-5.189316558162881954e-01,-8.386013741450816239e-01,-1.327780800846815601e-01
-7.944415613883979432e-01,1.014417256510842247e+00,4.525442614840885502e-01,6.999999999999999556e-01,2.000000000000000111e-01,5.000000000000000278e-02,2.000000000000000042e-02,6.956311456634077794e-01,7.037243742177764494e-01,-9.387365410121630838e-01,2.256506641653063527e-01
2.483734294022998057e+00,1.426308717264487047e+00,6.495372396805468851e-01,6.999999999999999556e-01,2.000000000000000111e-01,5.000000000000000278e-02,2.000000000000000042e-02,-3.212106066781334146e+00,-3.199035364240608192e+00,-1.910150324468141481e+00,-9.919201249814523225e-01
-3.771990496534010084e-01,1.545319161877283243e+00,7.102657028739112199e-02,6.999999999999999556e-01,2.000000000000000111e-01,5.000000000000000278e-02,2.000000000000000042e-02,3.928284959037117718e-01,4.219686570884877974e-01,-1.055663452148029702e+00,1.632100173959643852e-01
-1.582129957029847045e+00,1.822892469866548959e+00,3.271358823869759958e-01,6.999999999999999556e-01,2.000000000000000111e-01,5.000000000000000278e-02,2.000000000000000042e-02,2.041529763946840603e+00,2.080765243371702322e+00,-1.540681454077153179e+00,8.075347798055984017e-01
-5.222545407752385849e-01,2.833307702088176061e+00,4.040292175855182411e-01,6.999999999999999556e-01,2.000000000000000111e-01,5.000000000000000278e-02,2.000000000000000042e-02,9.596458757699038999e-01,9.855538336842829539e-01,-1.864781025663758696e+00,4.143181875921218560e-01
-6.887190817616453131e-01,2.840953132059405917e+00,4.741257884088889707e-01,6.999999999999999556e-01,2.000000000000000111e-01,5.000000000000000278e-02,2.000000000000000042e-02,1.276650156660459334e+00,1.275243071915134863e+00,-1.901092153835531429e+00,5.478532170831507120e-01
-1.920152238536053879e+00,2.052408952611459725e+00,6.789057414937478274e-01,6.999999999999999556e-01,2.000000000000000111e-01,5.000000000000000278e-02,2.000000000000000042e-02,2.830463353998262654e+00,2.891056714523259519e+00,-1.842781244099606308e+00,1.103462540529532854e+00
4.401722251130602004e-01,1.105416046828524124e+00,5.119801621536911318e-01,6.999999999999999556e-01,2.000000000000000111e-01,5.000000000000000278e-02,2.000000000000000042e-02,-3.876860135054833734e-01,-4.020206866921266498e-01,-9.001349872861876822e-01,-1.362405634822943523e-01
1.675599919940320426e-01,4.598699972704278771e-02,5.224647651161425932e-01,6.999999999999999556e-01,2.000000000000000111e-01,5.000000000000000278e-02,2.000000000000000042e-02,-1.175768279717252507e-01,-1.312088099902863070e-01,-7.045075252177012137e-01,-2.157562765705996026e-03
-2.910461725400490529e+00,1.316598960743261548e+00,2.817935560772979464e-01,6.999999999999999556e-01,2.000000000000000111e-01,5.000000000000000278e-02,2.000000000000000042e-02,3.976330925432960406e+00,4.047279817923397971e+00,-2.213298713533413675e+00,1.072935047224691241e+00
-1.203467312087405316e+00,8.263354937917489762e-01,5.365211602952169034e-02,6.999999999999999556e-01,2.000000000000000111e-01,5.000000000000000278e-02,2.000000000000000042e-02,1.044625184505120652e+00,1.049570490452622851e+00,-1.012846284451440093e+00,2.784509715668729846e-01
-2.297889626344498559e+00,1.861977169889168948e+00,6.612801149048133098e-01,6.999999999999999556e-01,2.000000000000000111e-01,5.000000000000000278e-02,2.000000000000000042e-02,3.330536163891001156e+00,3.277145276937306839e+00,-1.977418767595636062e+00,1.198013046490010280e+00
-9.653421849281240696e-01,6.336918927129381318e-01,5.264221850527982527e-01,6.999999999999999556e-01,2.000000000000000111e-01,5.000000000000000278e-02,2.000000000000000042e-02,7.749896752247191767e-01,7.940397580240510234e-01,-8.960019881848855228e-01,1.712842645591688973e-01
-1.992752597031490547e+00,1.811895909733137078e+00,5.145173890672479766e-01,6.999999999999999556e-01,2.000000000000000111e-01,5.000000000000000278e-02,2.000000000000000042e-02,2.706493797466599460e+00,2.785443773953519386e+00,-1.755274787225436617e+00,1.010984878308004209e+00
-2.593175133580595038e+00,7.908567274965696559e-01,5.795711678430286451e-01,6.999999999999999556e-01,2.000000000000000111e-01,5.000000000000000278e-02,2.000000000000000042e-02,2.914188107134896732e+00,2.958878882107769392e+00,-1.796247201892832379e+00,5.742323999913281352e-01
-7.687619494004991338e-01,5.037874185566872942e-01,9.355123505843233600e-01,6.999999999999999556e-01,2.000000000000000111e-01,5.000000000000000278e-02,2.000000000000000042e-02,5.881659248325094014e-01,6.144622601616583912e-01,-8.241814870603498822e-01,1.084419274324635307e-01
-2.753798110724074100e+00,1.660984338521339643e-01,7.572559501008002680e-01,6.999999999999999556e-01,2.000000000000000111e-01,5.000000000000000278e-02,2.000000000000000042e-02,2.982453178108670944e+00,3.037781453265709697e+00,-1.841373021756060435e+00,1.280724349341455237e-01
-2.597088308759428976e+00,1.440428530733758761e+00,4.904363624883147921e-01,6.999999999999999556e-01,2.000000000000000111e-01,5.000000000000000278e-02,2.000000000000000042e-02,3.448206591780325958e+00,3.511875681196040322e+00,-2.002206961825490961e+00,1.047457627096206600e+00
1.345517762885423352e+00,3.741582193813829393e-01,2.055401161786575281e-01,6.999999999999999556e-01,2.000000000000000111e-01,5.000000000000000278e-02,2.000000000000000042e-02,-1.090031004467306497e+00,-1.107772437462491544e+00,-9.911619197743197773e-01,-1.409622284860248820e-01
-1.656644506080608981e+00,5.779965367807625709e-01,1.647724550339398908e-01,6.999999999999999556e-01,2.000000000000000111e-01,5.000000000000000278e-02,2.000000000000000042e-02,1.464465046804402482e+00,1.409336785505450163e+00,-1.158441852443337527e+00,2.681097404136112416e-01
1.592285685996628786e+00,8.176054607428970833e-01,5.790540161187196500e-01,6.999999999999999556e-01,2.000000000000000111e-01,5.000000000000000278e-02,2.000000000000000042e-02,-1.465469210021604241e+00,-1.475728185105281920e+00,-1.173893072395587822e+00,-3.645212121414062034e-01
-5.074972608334089585e-01,4.722335661681785757e-01,7.813837917565499280e-01,6.999999999999999556e-01,2.000000000000000111e-01,5.000000000000000278e-02,2.000000000000000042e-02,3.776278537249445066e-01,3.123046043926995252e-01,-7.698536562052400445e-01,6.710402756510402966e-02
4.145363130008670183e-01,3.872780520617824518e-02,6.738202366394465681e-01,6.999999999999999556e-01,2.000000000000000111e-01,5.000000000000000278e-02,2.000000000000000042e-02,-2.938241659639004300e-01,-3.051678747457358121e-01,-7.259860312249051262e-01,-4.495142842619774884e-03
2.009676050509413336e+00,3.692720790547534548e-01,7.618590956368521683e-01,6.999999999999999556e-01,2.000000000000000111e-01,5.000000000000000278e-02,2.000000000000000042e-02,-1.850973044093811914e+00,-1.892877744479168678e+00,-1.324910335770385750e+00,-2.077928309514838756e-01
-2.366230174625021832e+00,2.187649747622905760e+00,7.803681786388616537e-02,6.999999999999999556e-01,2.000000000000000111e-01,5.000000000000000278e-02,2.000000000000000042e-02,3.904199006272406347e+00,3.912448602144614096e+00,-2.209870384454332815e+00,1.449415196414117091e+00
-2.858871516809221802e+00,1.263728693344801091e+00,8.329756164436319388e-02,6.999999999999999556e-01,2.000000000000000111e-01,5.000000000000000278e-02,2.000000000000000042e-02,3.808699407201414644e+00,3.753254658379796105e+00,-2.149553381897073123e+00,1.011594630585836319e+00
-8.780524232638824422e-01,2.021544716616245907e+00,5.647805444648600348e-01,6.999999999999999556e-01,2.000000000000000111e-01,5.000000000000000278e-02,2.000000000000000042e-02,1.150844721642304114e+00,1.150584927773514954e+00,-1.387776434479004672e+00,4.970062264051340883e-01
2.720224760506871675e+00,2.082688196759806765e+00,7.718683762182284580e-01,6.999999999999999556e-01,2.000000000000000111e-01,5.000000000000000278e-02,2.000000000000000042e-02,-4.562479991410778979e+00,-4.645690112644196290e+00,-2.417206029640366349e+00,-1.586306400347601286e+00
-8.466165938381702283e-01,1.811841539493694420e+00,2.001386764773683824e-01,6.999999999999999556e-01,2.000000000000000111e-01,5.000000000000000278e-02,2.000000000000000042e-02,1.012067276516819936e+00,1.006615054652470365e+00,-1.267101715537204853e+00,4.295018315673842513e-01
-5.445674233967210398e-01,1.704902475512555693e+00,9.885127069177875869e-01,6.999999999999999556e-01,2.000000000000000111e-01,5.000000000000000278e-02,2.000000000000000042e-02,6.108764726224467090e-01,6.406707690552125856e-01,-1.151419994934979263e+00,2.599616175051178146e-01
6.443892151499710508e-01,2.541455504562078360e+00,4.706609532947165775e-01,6.999999999999999556e-01,2.000000000000000111e-01,5.000000000000000278e-02,2.000000000000000042e-02,-1.047146215873145714e+00,-1.069136273072846199e+00,-1.666545070523883787e+00,-4.585522250185327664e-01
-2.991976944137372474e+00,2.407492793103125361e-01,5.965724015280904347e-02,6.999999999999999556e-01,2.000000000000000111e-01,5.000000000000000278e-02,2.000000000000000042e-02,3.457859863879665596e+00,3.335666636004106067e+00,-2.050903335305822139e+00,2.016885620439601845e-01
5.552993439206153070e-01,9.434229810005362316e-01,6.019984415830689217e-01,6.999999999999999556e-01,2.000000000000000111e-01,5.000000000000000278e-02,2.000000000000000042e-02,-4.664650187540040904e-01,-4.383327088968412832e-01,-8.708601731549910907e-01,-1.466870054689840552e-01
9.411833718829822892e-01,1.455943696573291923e-02,9.986399648280079866e-01,6.999999999999999556e-01,2.000000000000000111e-01,5.000000000000000278e-02,2.000000000000000042e-02,-7.005425332811940908e-01,-6.852781209020384345e-01,-8.329035977350192077e-01,-3.836867993315348259e-03
2.453534779770185636e+00,1.348445991633853369e+00,9.851601143217860734e-01,6.999999999999999556e-01,2.000000000000000111e-01,5.000000000000000278e-02,2.000000000000000042e-02,-3.080546802220933245e+00,-3.083619355224909153e+00,-1.857537860260766838e+00,-9.263685589522996366e-01
8.708273898905902755e-01,2.600569709022650500e+00,9.744067796821220817e-01,6.999999999999999556e-01,2.000000000000000111e-01,5.000000000000000278e-02,2.000000000000000042e-02,-1.467110605427378811e+00,-1.479482125341119891e+00,-1.760565845055610090e+00,-6.341012529422833666e-01
9.993780721557641300e-01,1.564735523324808586e+00,4.433299315876246816e-01,6.999999999999999556e-01,2.000000000000000111e-01,5.000000000000000278e-02,2.000000000000000042e-02,-1.092033853753160422e+00,-1.085610450143212447e+00,-1.192589095779504227e+00,-4.378534638055165962e-01
-2.436735182059138971e+00,2.560790786086352355e+00,8.789349371612104056e-01,6.999999999999999556e-01,2.000000000000000111e-01,5.000000000000000278e-02,2.000000000000000042e-02,4.666237831630088984e+00,4.630418831239357935e+00,-2.508722675137383895e+00,1.747191320657857982e+00
-3.321062376398735694e-01,1.839496644930522340e+00,3.369307191258529288e-01,6.999999999999999556e-01,2.000000000000000111e-01,5.000000000000000278e-02,2.000000000000000042e-02,3.916327718994045415e-01,4.107914908419424971e-01,-1.190268889901387572e+00,1.710543267717329063e-01
-1.736853843137970088e+00,1.368251423817175016e-01,8.720254456159947098e-01,6.999999999999999556e-01,2.000000000000000111e-01,5.000000000000000278e-02,2.000000000000000042e-02,1.482324895209801818e+00,1.472909911850725839e+00,-1.155120147605759318e+00,6.654067682740406886e-02
-1.171038948822513470e+00,2.592335582361939839e-01,5.203739204415196440e-01,6.999999999999999556e-01,2.000000000000000111e-01,5.000000000000000278e-02,2.000000000000000042e-02,9.110389047303365517e-01,8.980876363074866697e-01,-9.151081182291121996e-01,8.500032619020107816e-02
-2.551899103053147932e+00,2.008791160790725172e+00,3.821129992294336475e-01,6.999999999999999556e-01,2.000000000000000111e-01,5.000000000000000278e-02,2.000000000000000042e-02,4.058906075457360707e+00,4.102783788358309813e+00,-2.241762224698451877e+00,1.435345061204024164e+00
-6.773839328338877586e-01,2.863949502550152459e+00,4.287750903201881236e-02,6.999999999999999556e-01,2.000000000000000111e-01,5.000000000000000278e-02,2.000000000000000042e-02,1.267555629310091136e+00,1.246674910288062321e+00,-1.917136294311242439e+00,5.431981456930219387e-01
-2.100187834560250266e+00,4.722140975637939553e-01,3.903540817338340130e-01,6.999999999999999556e-01,2.000000000000000111e-01,5.000000000000000278e-02,2.000000000000000042e-02,1.998869540956517810e+00,2.020526098479738408e+00,-1.392836402616549396e+00,2.776867248431715840e-01
-1.184723834076958138e+00,2.777246439175985682e+00,6.686238337451322344e-01,6.999999999999999556e-01,2.000000000000000111e-01,5.000000000000000278e-02,2.000000000000000042e-02,2.191753567879346054e+00,2.139008621000890731e+00,-1.990369274202697936e+00,9.212756138872029155e-01
-2.799544167362292058e+00,2.074759589044139929e+00,1.847948341049142629e-01,6.999999999999999556e-01,2.000000000000000111e-01,5.000000000000000278e-02,2.000000000000000042e-02,4.743884160799896499e+00,4.690624644815192923e+00,-2.478264961078119555e+00,1.626346709732502172e+00
2.849475092453794822e+00,4.147128360252982926e-01,4.489189933407551347e-01,6.999999999999999556e-01,2.000000000000000111e-01,5.000000000000000278e-02,2.000000000000000042e-02,-3.220059467277295528e+00,-3.209295326946178140e+00,-1.942004388468165033e+00,-3.308798910969893980e-01
-5.410365750550978348e-01,8.941943959906998307e-01,2.470567179830219784e-01,6.999999999999999556e-01,2.000000000000000111e-01,5.000000000000000278e-02,2.000000000000000042e-02,4.472087869085416001e-01,4.327844982839446075e-01,-8.558497928270667465e-01,1.354617245632756262e-01
-1.001164299528753077e+00,2.540465360368776793e+00,1.653496693972295040e-01,6.999999999999999556e-01,2.000000000000000111e-01,5.000000000000000278e-02,2.000000000000000042e-02,1.655596861284507559e+00,1.687853199610379828e+00,-1.753904487810347357e+00,7.121585024373868755e-01
1.125188589491954438e+00,2.584005038741399751e+00,3.422268700926865970e-01,6.999999999999999556e-01,2.000000000000000111e-01,5.000000000000000278e-02,2.000000000000000042e-02,-1.910675940622135860e+00,-1.914742875892112339e+00,-1.824698889922165890e+00,-8.140980357388306610e-01
1.501973772010388508e+00,2.065968709912135104e+00,1.646685241996225235e-01,6.999999999999999556e-01,2.000000000000000111e-01,5.000000000000000278e-02,2.000000000000000042e-02,-2.118305705463476851e+00,-2.110033545524324872e+00,-1.635940521218108845e+00,-8.688486285030062595e-01
1.073195416767000587e+00,2.849926618193237005e+00,5.916651337900509233e-01,6.999999999999999556e-01,2.000000000000000111e-01,5.000000000000000278e-02,2.000000000000000042e-02,-2.033360671158969790e+00,-2.114424447440911958e+00,-2.009853702457542024e+00,-8.563878917348325404e-01
-1.104816430607620692e+00,2.345305505372258015e+00,6.646041001224891609e-01,6.999999999999999556e-01,2.000000000000000111e-01,5.000000000000000278e-02,2.000000000000000042e-02,1.691578995860445245e+00,1.710152044842409236e+00,-1.653157009695203516e+00,7.255169759963383536e-01
2.673230511842232815e-01,2.787253832404509524e+00,3.340435270010542190e-01,6.999999999999999556e-01,2.000000000000000111e-01,5.000000000000000278e-02,2.000000000000000042e-02,-4.788298059017132569e-01,-4.774324694952709058e-01,-1.798348991729673996e+00,-2.086272156929220578e-01
-4.193222524792350470e-01,1.170414254461664250e+00,8.859857044996055642e-02,6.999999999999999556e-01,2.000000000000000111e-01,5.000000000000000278e-02,2.000000000000000042e-02,3.776304210547913320e-01,3.374180761506359039e-01,-9.181564065002264519e-01,1.374186076241074861e-01
1.529834236638744294e+00,1.319561607221191091e+00,3.069607382131539497e-01,6.999999999999999556e-01,2.000000000000000111e-01,5.000000000000000278e-02,2.000000000000000042e-02,-1.622838423149019382e+00,-1.615234449987527743e+00,-1.294832915674111629e+00,-5.652389467426870429e-01
-6.472900891631860887e-01,9.736648724822400958e-01,1.319093381041952506e-01,6.999999999999999556e-01,2.000000000000000111e-01,5.000000000000000278e-02,2.000000000000000042e-02,5.525737374581001227e-01,5.589277166881576608e-01,-8.955709286761527332e-01,1.764682141947455651e-01
2.540275311576684736e+00,6.490533475459825397e-01,6.328714532512578206e-01,6.999999999999999556e-01,2.000000000000000111e-01,5.000000000000000278e-02,2.000000000000000042e-02,-2.747632314463866354e+00,-2.787939006500226302e+00,-1.726927633505393800e+00,-4.616567745068330675e-01
-5.222395468684490893e-01,9.118660705343174522e-01,8.760232589051543117e-01,6.999999999999999556e-01,2.000000000000000111e-01,5.000000000000000278e-02,2.000000000000000042e-02,4.334831965585649316e-01,4.111585599902091159e-01,-8.573200839298420473e-01,1.333395065745554275e-01
-1.681727177024396225e+00,4.324736497821473069e-01,5.848807761374030800e-02,6.999999999999999556e-01,2.000000000000000111e-01,5.000000000000000278e-02,2.000000000000000042e-02,1.459058088440075451e+00,1.417162383208933507e+00,-1.150415628777191612e+00,2.036447532519590209e-01
2.211795930578825953e+00,2.841535462690579550e+00,4.452676187424037257e-01,6.999999999999999556e-01,2.000000000000000111e-01,5.000000000000000278e-02,2.000000000000000042e-02,-4.589492905387766442e+00,-4.588842402411431820e+00,-2.564211515780701500e+00,-1.759771040432844380e+00
-2.594406757192398327e+00,1.866138883588066344e+00,4.886887345546050421e-01,6.999999999999999556e-01,2.000000000000000111e-01,5.000000000000000278e-02,2.000000000000000042e-02,3.954119065702546010e+00,3.955176903236986785e+00,-2.197188369862340451e+00,1.355626532243300097e+00
2.962582812230587059e+00,2.864031956053616490e+00,4.152114770982628933e-02,6.999999999999999556e-01,2.000000000000000111e-01,5.000000000000000278e-02,2.000000000000000042e-02,-6.776078399994305279e+00,-6.807671895402735096e+00,-3.164909604240096819e+00,-2.375780917071405707e+00
2.938551566871559828e+00,4.169662097895893149e-01,9.871540628250532468e-01,6.999999999999999556e-01,2.000000000000000111e-01,5.000000000000000278e-02,2.000000000000000042e-02,-3.397244128317247647e+00,-3.260559440422287292e+00,-2.019603311489376551e+00,-3.430774785507140767e-01
-4.772873715411440898e-02,1.879842744373347418e+00,1.175960108218917499e-01,6.999999999999999556e-01,2.000000000000000111e-01,5.000000000000000278e-02,2.000000000000000042e-02,5.702854440273172343e-02,5.617461716501433167e-02,-1.195074928952785553e+00,2.512230566643408256e-02
-1.091853022059561251e+00,1.340212938175060930e+00,1.177073735688484168e-01,6.999999999999999556e-01,2.000000000000000111e-01,5.000000000000000278e-02,2.000000000000000042e-02,1.103940983468755466e+00,1.107009879657742113e+00,-1.130285354018345734e+00,4.097283530899339388e-01
-2.322247823197581162e+00,2.734862857419035453e+00,6.622318984508845929e-02,6.999999999999999556e-01,2.000000000000000111e-01,5.000000000000000278e-02,2.000000000000000042e-02,4.683435623795251246e+00,4.532166910630301970e+00,-2.556051721696515511e+00,1.778288208867875975e+00
-3.014887777573256322e-01,5.529532343514986792e-02,3.761747837493389923e-01,6.999999999999999556e-01,2.000000000000000111e-01,5.000000000000000278e-02,2.000000000000000042e-02,2.125413981793379259e-01,2.182825986989143097e-01,-7.140623826581724565e-01,4.667857453884614871e-03
1.315204606156576084e+00,1.816684815673330622e+00,6.629040472042779797e-01,6.999999999999999556e-01,2.000000000000000111e-01,5.000000000000000278e-02,2.000000000000000042e-02,-1.642080664479533381e+00,-1.612088578526146732e+00,-1.421512594138047092e+00,-6.690074265023169264e-01
-1.763826900027056777e+00,1.572640664081800033e+00,5.276365049084329462e-01,6.999999999999999556e-01,2.000000000000000111e-01,5.000000000000000278e-02,2.000000000000000042e-02,2.119770835145727617e+00,2.080922979713709875e+00,-1.512910612154168888e+00,7.766824540674900357e-01
1.119855731977038360e+00,1.638845752192762406e-01,4.235323076399390985e-01,6.999999999999999556e-01,2.000000000000000111e-01,5.000000000000000278e-02,2.000000000000000042e-02,-8.583290864874004722e-01,-8.166434176048857907e-01,-8.918716706255465088e-01,-5.138758266374000155e-02
-1.140827098300066789e+00,1.421221706515673144e+00,2.439087443651649645e-01,6.999999999999999556e-01,2.000000000000000111e-01,5.000000000000000278e-02,2.000000000000000042e-02,1.195422842634365601e+00,1.181386090342870787e+00,-1.178004929702347603e+00,4.539831059358964138e-01
2.502337295028085329e-01,8.671492114119478956e-01,8.346243594320842396e-01,6.999999999999999556e-01,2.000000000000000111e-01,5.000000000000000278e-02,2.000000000000000042e-02,-2.022898306676146063e-01,-1.998092192249740773e-01,-8.146652235864635383e-01,-6.075719473796870052e-02
1.760935579658459815e+00,8.795332601417544804e-01,2.480451481527200519e-01,6.999999999999999556e-01,2.000000000000000111e-01,5.000000000000000278e-02,2.000000000000000042e-02,-1.696389774256147120e+00,-1.709789371702473026e+00,-1.273435143153442972e+00,-4.336643951574522537e-01
-9.238281365599565476e-02,1.243409468592528988e-01,4.478376334093836508e-01,6.999999999999999556e-01,2.000000000000000111e-01,5.000000000000000278e-02,2.000000000000000042e-02,6.490735404572878231e-02,5.664101654993719537e-02,-7.034446815880694981e-01,3.216350626582356511e-03
9.498842777174232310e-01,2.482896754376814563e+00,6.747266858825596847e-01,6.999999999999999556e-01,2.000000000000000111e-01,5.000000000000000278e-02,2.000000000000000042e-02,-1.527587451083662451e+00,-1.616489280339245216e+00,-1.698410702163501318e+00,-6.603700852498833873e-01
-9.157558474202600607e-01,5.852973850053609928e-01,2.306278575742870540e-02,6.999999999999999556e-01,2.000000000000000111e-01,5.000000000000000278e-02,2.000000000000000042e-02,7.233469931438483158e-01,7.401673327741384867e-01,-8.737515398578357129e-01,1.500770607835650305e-01
4.932690865219058196e-01,2.732358389630358708e+00,1.544573044579899967e-01,6.999999999999999556e-01,2.000000000000000111e-01,5.000000000000000278e-02,2.000000000000000042e-02,-8.668588848847509354e-01,-9.113679713289607465e-01,-1.781706690471400512e+00,-3.773806195329610924e-01
1.878358138140291622e+00,4.162836691567497471e-01,4.604660467511642041e-01,6.999999999999999556e-01,2.000000000000000111e-01,5.000000000000000278e-02,2.000000000000000042e-02,-1.691785253080684281e+00,-1.650276061590906673e+00,-1.253495287316604312e+00,-2.189403489659348112e-01
2.288605835943883449e+00,2.632944001134656098e+00,2.705933904377701982e-01,6.999999999999999556e-01,2.000000000000000111e-01,5.000000000000000278e-02,2.000000000000000042e-02,-4.422549999730944315e+00,-4.523191593566508573e+00,-2.456192676682996456e+00,-1.687215881878859625e+00
2.698158493489798637e+00,2.887287613517357965e+00,1.886075593138827333e-01,6.999999999999999556e-01,2.000000000000000111e-01,5.000000000000000278e-02,2.000000000000000042e-02,-6.019869859099182818e+00,-6.086524831013708337e+00,-2.959109055242577835e+00,-2.181300687316729991e+00
-1.280279480577373841e+00,1.453780738550444429e+00,9.678343508406525020e-01,6.999999999999999556e-01,2.000000000000000111e-01,5.000000000000000278e-02,2.000000000000000042e-02,1.379939966905067372e+00,1.448896713806901326e+00,-1.241754313267359189e+00,5.211487816709310383e-01
-2.388822469210538202e+00,2.574996344174943719e+00,1.368765233138635740e-02,6.999999999999999556e-01,2.000000000000000111e-01,5.000000000000000278e-02,2.000000000000000042e-02,4.571270990725214922e+00,4.479996124809433766e+00,-2.484255782562775572e+00,1.722338555028027240e+00
