s,T,x,k_0,alpha,beta,sigma,q_true,q_noisy,a_true,b_true
7.505727996280020520e-01,6.067050101379373173e-01,3.337278016233595768e-01,1.500000000000000000e+00,0.000000000000000000e+00,0.000000000000000000e+00,0.000000000000000000e+00,-1.125859199442003078e+00,-1.125859199442003078e+00,-1.500000000000000000e+00,-0.000000000000000000e+00
2.383282805817453109e+00,2.442316179614565375e+00,1.458198362578858598e-01,1.500000000000000000e+00,0.000000000000000000e+00,0.000000000000000000e+00,0.000000000000000000e+00,-3.574924208726179664e+00,-3.574924208726179664e+00,-1.500000000000000000e+00,-0.000000000000000000e+00
1.654114141471160870e+00,2.156337655237320128e+00,6.539097414366072947e-01,1.500000000000000000e+00,0.000000000000000000e+00,0.000000000000000000e+00,0.000000000000000000e+00,-2.481171212206741306e+00,-2.481171212206741306e+00,-1.500000000000000000e+00,-0.000000000000000000e+00
-1.648756860056448836e+00,2.697977022784334267e+00,4.205330759357500670e-01,1.500000000000000000e+00,0.000000000000000000e+00,0.000000000000000000e+00,0.000000000000000000e+00,2.473135290084673255e+00,2.473135290084673255e+00,-1.500000000000000000e+00,0.000000000000000000e+00
-1.199002290532647397e+00,2.773660962057289403e+00,2.728594841084526212e-01,1.500000000000000000e+00,0.000000000000000000e+00,0.000000000000000000e+00,0.000000000000000000e+00,1.798503435798971095e+00,1.798503435798971095e+00,-1.500000000000000000e+00,0.000000000000000000e+00
2.241320672377571377e+00,7.101563900932525986e-01,2.249316815935110681e-01,1.500000000000000000e+00,0.000000000000000000e+00,0.000000000000000000e+00,0.000000000000000000e+00,-3.361981008566357065e+00,-3.361981008566357065e+00,-1.500000000000000000e+00,-0.000000000000000000e+00
-2.968408172606551432e+00,2.765427164341582866e+00,9.490797447521666097e-01,1.500000000000000000e+00,0.000000000000000000e+00,0.000000000000000000e+00,0.000000000000000000e+00,4.452612258909827148e+00,4.452612258909827148e+00,-1.500000000000000000e+00,0.000000000000000000e+00
1.927370510296597672e+00,1.209684797016409297e+00,4.817778893450010980e-01,1.500000000000000000e+00,0.000000000000000000e+00,0.000000000000000000e+00,0.000000000000000000e+00,-2.891055765444896508e+00,-2.891055765444896508e+00,-1.500000000000000000e+00,-0.000000000000000000e+00
1.782416572512277142e+00,2.037239826416361144e+00,9.911189666475921367e-01,1.500000000000000000e+00,0.000000000000000000e+00,0.000000000000000000e+00,0.000000000000000000e+00,-2.673624858768415713e+00,-2.673624858768415713e+00,-1.500000000000000000e+00,-0.000000000000000000e+00
-1.923902829376755719e-01,2.858689028523980546e+00,3.212323373134524651e-01,1.500000000000000000e+00,0.000000000000000000e+00,0.000000000000000000e+00,0.000000000000000000e+00,2.885854244065133578e-01,2.885854244065133578e-01,-1.500000000000000000e+00,0.000000000000000000e+00
-1.181805439084118836e+00,1.786074433350109958e+00,2.156150195299014749e-01,1.500000000000000000e+00,0.000000000000000000e+00,0.000000000000000000e+00,0.000000000000000000e+00,1.772708158626178143e+00,1.772708158626178143e+00,-1.500000000000000000e+00,0.000000000000000000e+00
-1.329446327395360061e+00,1.748786285780767669e+00,7.159006510871579465e-01,1.500000000000000000e+00,0.000000000000000000e+00,0.000000000000000000e+00,0.000000000000000000e+00,1.994169491093040092e+00,1.994169491093040092e+00,-1.500000000000000000e+00,0.000000000000000000e+00
-1.470782474075252422e+00,2.125675055359457222e-01,9.121280759625268741e-01,1.500000000000000000e+00,0.000000000000000000e+00,0.000000000000000000e+00,0.000000000000000000e+00,2.206173711112878522e+00,2.206173711112878522e+00,-1.500000000000000000e+00,0.000000000000000000e+00
-3.295421647041205659e-01,1.789951515177535812e+00,1.638226728835681101e-01,1.500000000000000000e+00,0.000000000000000000e+00,0.000000000000000000e+00,0.000000000000000000e+00,4.943132470561808489e-01,4.943132470561808489e-01,-1.500000000000000000e+00,0.000000000000000000e+00
2.728955374771979692e-02,7.233468469410433421e-01,8.619573915005394049e-01,1.500000000000000000e+00,0.000000000000000000e+00,0.000000000000000000e+00,0.000000000000000000e+00,-4.093433062157969538e-02,-4.093433062157969538e-02,-1.500000000000000000e+00,-0.000000000000000000e+00
3.209841124469550167e-01,1.164769157266098087e+00,5.874197572435859716e-01,1.500000000000000000e+00,0.000000000000000000e+00,0.000000000000000000e+00,0.000000000000000000e+00,-4.814761686704325250e-01,-4.814761686704325250e-01,-1.500000000000000000e+00,-0.000000000000000000e+00
2.973001700606356046e+00,1.133571101415911109e+00,9.042519941200776179e-01,1.500000000000000000e+00,0.000000000000000000e+00,0.000000000000000000e+00,0.000000000000000000e+00,-4.459502550909533625e+00,-4.459502550909533625e+00,-1.500000000000000000e+00,-0.000000000000000000e+00
1.755971515282518602e+00,2.920057954797479649e+00,9.462212170153636581e-01,1.500000000000000000e+00,0.000000000000000000e+00,0.000000000000000000e+00,0.000000000000000000e+00,-2.633957272923777904e+00,-2.633957272923777904e+00,-1.500000000000000000e+00,-0.000000000000000000e+00
7.330753766469761956e-01,1.913385985447827231e+00,4.268263801332248253e-01,1.500000000000000000e+00,0.000000000000000000e+00,0.000000000000000000e+00,0.000000000000000000e+00,-1.099613064970464293e+00,-1.099613064970464293e+00,-1.500000000000000000e+00,-0.000000000000000000e+00
2.933760886091309139e+00,2.174895754821469573e+00,9.410967310585041101e-01,1.500000000000000000e+00,0.000000000000000000e+00,0.000000000000000000e+00,0.000000000000000000e+00,-4.400641329136963265e+00,-4.400641329136963265e+00,-1.500000000000000000e+00,-0.000000000000000000e+00
-1.708147810586406301e+00,5.182948141067397207e-01,1.804134728138655497e-01,1.500000000000000000e+00,0.000000000000000000e+00,0.000000000000000000e+00,0.000000000000000000e+00,2.562221715879609452e+00,2.562221715879609452e+00,-1.500000000000000000e+00,0.000000000000000000e+00
-2.038727796852932705e+00,9.128538624834454662e-01,4.438565358313149023e-01,1.500000000000000000e+00,0.000000000000000000e+00,0.000000000000000000e+00,0.000000000000000000e+00,3.058091695279399058e+00,3.058091695279399058e+00,-1.500000000000000000e+00,0.000000000000000000e+00
6.752376256381849018e-01,2.632391674271295834e+00,4.432563931001902713e-01,1.500000000000000000e+00,0.000000000000000000e+00,0.000000000000000000e+00,0.000000000000000000e+00,-1.012856438457277353e+00,-1.012856438457277353e+00,-1.500000000000000000e+00,-0.000000000000000000e+00
-2.736347952231700020e+00,3.607205610864140377e-01,2.451341736663247284e-01,1.500000000000000000e+00,0.000000000000000000e+00,0.000000000000000000e+00,0.000000000000000000e+00,4.104521928347550030e+00,4.104521928347550030e+00,-1.500000000000000000e+00,0.000000000000000000e+00
-2.785918327358423152e+00,2.859353159059227156e+00,4.839410178543424035e-01,1.500000000000000000e+00,0.000000000000000000e+00,0.000000000000000000e+00,0.000000000000000000e+00,4.178877491037634506e+00,4.178877491037634506e+00,-1.500000000000000000e+00,0.000000000000000000e+00
8.933292162822148441e-02,1.282221226671904857e+00,7.526604051845411369e-01,1.500000000000000000e+00,0.000000000000000000e+00,0.000000000000000000e+00,0.000000000000000000e+00,-1.339993824423322266e-01,-1.339993824423322266e-01,-1.500000000000000000e+00,-0.000000000000000000e+00
-2.027638480482654160e-01,1.169841284975198903e+00,1.083611679861589128e-01,1.500000000000000000e+00,0.000000000000000000e+00,0.000000000000000000e+00,0.000000000000000000e+00,3.041457720723981240e-01,3.041457720723981240e-01,-1.500000000000000000e+00,0.000000000000000000e+00
2.503006639157113966e+00,1.543925001293050769e+00,4.809880862066528984e-01,1.500000000000000000e+00,0.000000000000000000e+00,0.000000000000000000e+00,0.000000000000000000e+00,-3.754509958735670949e+00,-3.754509958735670949e+00,-1.500000000000000000e+00,-0.000000000000000000e+00
7.753575269460624142e-01,1.329767205741015257e+00,5.255161438740693081e-01,1.500000000000000000e+00,0.000000000000000000e+00,0.000000000000000000e+00,0.000000000000000000e+00,-1.163036290419093621e+00,-1.163036290419093621e+00,-1.500000000000000000e+00,-0.000000000000000000e+00
8.470587959708320014e-02,1.411596942608295935e+00,1.965169028012755392e-01,1.500000000000000000e+00,0.000000000000000000e+00,0.000000000000000000e+00,0.000000000000000000e+00,-1.270588193956248002e-01,-1.270588193956248002e-01,-1.500000000000000000e+00,-0.000000000000000000e+00
-1.875938763897444517e-02,1.271957581350042776e+00,6.420778382194027856e-01,1.500000000000000000e+00,0.000000000000000000e+00,0.000000000000000000e+00,0.000000000000000000e+00,2.813908145846166775e-02,2.813908145846166775e-02,-1.500000000000000000e+00,0.000000000000000000e+00
-1.514910467836015018e+00,2.105283369680123418e+00,2.527543430506467015e-01,1.500000000000000000e+00,0.000000000000000000e+00,0.000000000000000000e+00,0.000000000000000000e+00,2.272365701754022638e+00,2.272365701754022638e+00,-1.500000000000000000e+00,0.000000000000000000e+00
-2.929235846744965066e+00,8.288806252383495998e-01,5.708591865381132946e-01,1.500000000000000000e+00,0.000000000000000000e+00,0.000000000000000000e+00,0.000000000000000000e+00,4.393853770117447155e+00,4.393853770117447155e+00,-1.500000000000000000e+00,0.000000000000000000e+00
-1.845587136088136182e+00,4.994808080215058510e-01,5.717087021802066404e-01,1.500000000000000000e+00,0.000000000000000000e+00,0.000000000000000000e+00,0.000000000000000000e+00,2.768380704132204162e+00,2.768380704132204162e+00,-1.500000000000000000e+00,0.000000000000000000e+00
1.152192725291035558e+00,1.303611618885918588e+00,7.488041970574743633e-01,1.500000000000000000e+00,0.000000000000000000e+00,0.000000000000000000e+00,0.000000000000000000e+00,-1.728289087936553337e+00,-1.728289087936553337e+00,-1.500000000000000000e+00,-0.000000000000000000e+00
-1.796359656078028832e+00,2.648980998125494146e-01,9.348537959338439896e-01,1.500000000000000000e+00,0.000000000000000000e+00,0.000000000000000000e+00,0.000000000000000000e+00,2.694539484117043138e+00,2.694539484117043138e+00,-1.500000000000000000e+00,0.000000000000000000e+00
-7.827821363867597526e-01,1.342130197245289036e+00,9.260935759439918868e-01,1.500000000000000000e+00,0.000000000000000000e+00,0.000000000000000000e+00,0.000000000000000000e+00,1.174173204580139629e+00,1.174173204580139629e+00,-1.500000000000000000e+00,0.000000000000000000e+00
-2.977594547687544058e+00,1.483012837512641457e+00,5.020966148362372428e-01,1.500000000000000000e+00,0.000000000000000000e+00,0.000000000000000000e+00,0.000000000000000000e+00,4.466391821531315642e+00,4.466391821531315642e+00,-1.500000000000000000e+00,0.000000000000000000e+00
1.980286378810473202e+00,2.353013535587463068e+00,2.627857135418549817e-01,1.500000000000000000e+00,0.000000000000000000e+00,0.000000000000000000e+00,0.000000000000000000e+00,-2.970429568215709804e+00,-2.970429568215709804e+00,-1.500000000000000000e+00,-0.000000000000000000e+00
-2.073233513631360658e+00,3.271353421995858435e-01,2.422294804508948740e-01,1.500000000000000000e+00,0.000000000000000000e+00,0.000000000000000000e+00,0.000000000000000000e+00,3.109850270447040987e+00,3.109850270447040987e+00,-1.500000000000000000e+00,0.000000000000000000e+00
-1.394404172617287330e+00,1.190632248628574974e+00,7.865115368332284973e-01,1.500000000000000000e+00,0.000000000000000000e+00,0.000000000000000000e+00,0.000000000000000000e+00,2.091606258925930995e+00,2.091606258925930995e+00,-1.500000000000000000e+00,0.000000000000000000e+00
2.281992923884971880e+00,2.341667947619031409e+00,7.602331957008369168e-01,1.500000000000000000e+00,0.000000000000000000e+00,0.000000000000000000e+00,0.000000000000000000e+00,-3.422989385827457820e+00,-3.422989385827457820e+00,-1.500000000000000000e+00,-0.000000000000000000e+00
5.874485921053906878e-02,1.014765961349656020e+00,7.940526959636398097e-01,1.500000000000000000e+00,0.000000000000000000e+00,0.000000000000000000e+00,0.000000000000000000e+00,-8.811728881580860318e-02,-8.811728881580860318e-02,-1.500000000000000000e+00,-0.000000000000000000e+00
2.082901478195216427e+00,2.508661825629408870e+00,8.334808602373642294e-01,1.500000000000000000e+00,0.000000000000000000e+00,0.000000000000000000e+00,0.000000000000000000e+00,-3.124352217292824641e+00,-3.124352217292824641e+00,-1.500000000000000000e+00,-0.000000000000000000e+00
8.383030016551575869e-01,2.155175560890339348e+00,5.650003526090365824e-01,1.500000000000000000e+00,0.000000000000000000e+00,0.000000000000000000e+00,0.000000000000000000e+00,-1.257454502482736380e+00,-1.257454502482736380e+00,-1.500000000000000000e+00,-0.000000000000000000e+00
1.450625684171142460e+00,1.251643971783034104e-01,8.974931350990460466e-01,1.500000000000000000e+00,0.000000000000000000e+00,0.000000000000000000e+00,0.000000000000000000e+00,-2.175938526256713690e+00,-2.175938526256713690e+00,-1.500000000000000000e+00,-0.000000000000000000e+00
-2.451026369621725820e+00,1.155835724935864173e+00,6.571598313743135522e-01,1.500000000000000000e+00,0.000000000000000000e+00,0.000000000000000000e+00,0.000000000000000000e+00,3.676539554432588730e+00,3.676539554432588730e+00,-1.500000000000000000e+00,0.000000000000000000e+00
2.468629282589325236e-01,2.299102961398612699e+00,6.313803945699478781e-01,1.500000000000000000e+00,0.000000000000000000e+00,0.000000000000000000e+00,0.000000000000000000e+00,-3.702943923883987853e-01,-3.702943923883987853e-01,-1.500000000000000000e+00,-0.000000000000000000e+00
4.663341780209950826e-02,1.579618650185189432e+00,8.370337878708393742e-01,1.500000000000000000e+00,0.000000000000000000e+00,0.000000000000000000e+00,0.000000000000000000e+00,-6.995012670314926240e-02,-6.995012670314926240e-02,-1.500000000000000000e+00,-0.000000000000000000e+00
2.228036260157283621e+00,2.018637901721223926e+00,6.520809845076779299e-01,1.500000000000000000e+00,0.000000000000000000e+00,0.000000000000000000e+00,0.000000000000000000e+00,-3.342054390235925432e+00,-3.342054390235925432e+00,-1.500000000000000000e+00,-0.000000000000000000e+00
-8.324156459150544585e-01,2.970080537824327571e+00,7.678615991521315909e-01,1.500000000000000000e+00,0.000000000000000000e+00,0.000000000000000000e+00,0.000000000000000000e+00,1.248623468872581688e+00,1.248623468872581688e+00,-1.500000000000000000e+00,0.000000000000000000e+00
5.891044032432786182e-01,2.025765221151831774e+00,9.298515532032789466e-01,1.500000000000000000e+00,0.000000000000000000e+00,0.000000000000000000e+00,0.000000000000000000e+00,-8.836566048649179272e-01,-8.836566048649179272e-01,-1.500000000000000000e+00,-0.000000000000000000e+00
-2.644490145926978286e+00,1.638146944471339017e+00,3.954236685025730447e-01,1.500000000000000000e+00,0.000000000000000000e+00,0.000000000000000000e+00,0.000000000000000000e+00,3.966735218890467429e+00,3.966735218890467429e+00,-1.500000000000000000e+00,0.000000000000000000e+00
-6.742091933356277877e-01,2.538348101540548907e+00,7.510810565617970225e-01,1.500000000000000000e+00,0.000000000000000000e+00,0.000000000000000000e+00,0.000000000000000000e+00,1.011313790003441682e+00,1.011313790003441682e+00,-1.500000000000000000e+00,0.000000000000000000e+00
-1.061781922450760085e+00,1.290631470313496454e+00,2.985026589739870895e-01,1.500000000000000000e+00,0.000000000000000000e+00,0.000000000000000000e+00,0.000000000000000000e+00,1.592672883676140128e+00,1.592672883676140128e+00,-1.500000000000000000e+00,0.000000000000000000e+00
-2.098801625577288554e+00,3.124537226635493159e-02,4.864689007911418006e-01,1.500000000000000000e+00,0.000000000000000000e+00,0.000000000000000000e+00,0.000000000000000000e+00,3.148202438365932831e+00,3.148202438365932831e+00,-1.500000000000000000e+00,0.000000000000000000e+00
1.898028622914454289e+00,8.174254577363665453e-01,8.735512703387469102e-01,1.500000000000000000e+00,0.000000000000000000e+00,0.000000000000000000e+00,0.000000000000000000e+00,-2.847042934371681433e+00,-2.847042934371681433e+00,-1.500000000000000000e+00,-0.000000000000000000e+00
-7.233229706981250118e-01,1.784180228503382537e+00,9.735734852929813776e-01,1.500000000000000000e+00,0.000000000000000000e+00,0.000000000000000000e+00,0.000000000000000000e+00,1.084984456047187518e+00,1.084984456047187518e+00,-1.500000000000000000e+00,0.000000000000000000e+00
2.872487306467329304e+00,2.844743341660340263e+00,9.475709709267320369e-01,1.500000000000000000e+00,0.000000000000000000e+00,0.000000000000000000e+00,0.000000000000000000e+00,-4.308730959700993957e+00,-4.308730959700993957e+00,-1.500000000000000000e+00,-0.000000000000000000e+00
5.399501580636618669e-01,1.821406406378309750e+00,7.576330491885175933e-01,1.500000000000000000e+00,0.000000000000000000e+00,0.000000000000000000e+00,0.000000000000000000e+00,-8.099252370954928004e-01,-8.099252370954928004e-01,-1.500000000000000000e+00,-0.000000000000000000e+00
6.303375229791079448e-01,8.511205680868708656e-01,8.483743852856606704e-01,1.500000000000000000e+00,0.000000000000000000e+00,0.000000000000000000e+00,0.000000000000000000e+00,-9.455062844686619172e-01,-9.455062844686619172e-01,-1.500000000000000000e+00,-0.000000000000000000e+00
8.279794847299930538e-01,2.979623279415307913e+00,8.845126843705864994e-01,1.500000000000000000e+00,0.000000000000000000e+00,0.000000000000000000e+00,0.000000000000000000e+00,-1.241969227094989581e+00,-1.241969227094989581e+00,-1.500000000000000000e+00,-0.000000000000000000e+00
1.058701462876729948e+00,1.200469378440788715e+00,6.099180615099600855e-01,1.500000000000000000e+00,0.000000000000000000e+00,0.000000000000000000e+00,0.000000000000000000e+00,-1.588052194315094923e+00,-1.588052194315094923e+00,-1.500000000000000000e+00,-0.000000000000000000e+00
-2.095271884989787559e+00,6.834109869616548094e-01,2.435173604660788582e-01,1.500000000000000000e+00,0.000000000000000000e+00,0.000000000000000000e+00,0.000000000000000000e+00,3.142907827484681338e+00,3.142907827484681338e+00,-1.500000000000000000e+00,0.000000000000000000e+00
-3.581191968708745677e-01,1.658758768411708218e+00,1.771962254795689251e-02,1.500000000000000000e+00,0.000000000000000000e+00,0.000000000000000000e+00,0.000000000000000000e+00,5.371787953063118515e-01,5.371787953063118515e-01,-1.500000000000000000e+00,0.000000000000000000e+00
-1.562616229022860015e+00,1.032165925697539288e+00,7.611486450394717718e-01,1.500000000000000000e+00,0.000000000000000000e+00,0.000000000000000000e+00,0.000000000000000000e+00,2.343924343534290244e+00,2.343924343534290244e+00,-1.500000000000000000e+00,0.000000000000000000e+00
-5.850102113761099787e-01,3.346924284777242908e-01,7.602986205658768259e-01,1.500000000000000000e+00,0.000000000000000000e+00,0.000000000000000000e+00,0.000000000000000000e+00,8.775153170641649680e-01,8.775153170641649680e-01,-1.500000000000000000e+00,0.000000000000000000e+00
-2.419775436409526304e+00,2.138346431972887984e+00,7.310324233699793117e-01,1.500000000000000000e+00,0.000000000000000000e+00,0.000000000000000000e+00,0.000000000000000000e+00,3.629663154614289233e+00,3.629663154614289233e+00,-1.500000000000000000e+00,0.000000000000000000e+00
2.806968306292928261e+00,2.074382162498060289e+00,5.800890224831507513e-01,1.500000000000000000e+00,0.000000000000000000e+00,0.000000000000000000e+00,0.000000000000000000e+00,-4.210452459439392392e+00,-4.210452459439392392e+00,-1.500000000000000000e+00,-0.000000000000000000e+00
-1.709975775864719827e+00,2.916559789164572258e+00,6.578944392980626832e-01,1.500000000000000000e+00,0.000000000000000000e+00,0.000000000000000000e+00,0.000000000000000000e+00,2.564963663797079629e+00,2.564963663797079629e+00,-1.500000000000000000e+00,0.000000000000000000e+00
1.030590975667709408e+00,4.105264932738021955e-01,7.184278688224189358e-01,1.500000000000000000e+00,0.000000000000000000e+00,0.000000000000000000e+00,0.000000000000000000e+00,-1.545886463501564112e+00,-1.545886463501564112e+00,-1.500000000000000000e+00,-0.000000000000000000e+00
-1.197479511125578266e+00,2.731621360580316793e+00,5.316554998779911001e-01,1.500000000000000000e+00,0.000000000000000000e+00,0.000000000000000000e+00,0.000000000000000000e+00,1.796219266688367400e+00,1.796219266688367400e+00,-1.500000000000000000e+00,0.000000000000000000e+00
2.244462156897026439e+00,2.391550550086370297e+00,6.585620602768910148e-01,1.500000000000000000e+00,0.000000000000000000e+00,0.000000000000000000e+00,0.000000000000000000e+00,-3.366693235345539659e+00,-3.366693235345539659e+00,-1.500000000000000000e+00,-0.000000000000000000e+00
9.732884300307227399e-01,7.592718003733052168e-01,2.243074689212457562e-01,1.500000000000000000e+00,0.000000000000000000e+00,0.000000000000000000e+00,0.000000000000000000e+00,-1.459932645046084110e+00,-1.459932645046084110e+00,-1.500000000000000000e+00,-0.000000000000000000e+00
-2.210305105150165872e+00,1.437832395069863489e+00,5.341627098801777773e-01,1.500000000000000000e+00,0.000000000000000000e+00,0.000000000000000000e+00,0.000000000000000000e+00,3.315457657725248808e+00,3.315457657725248808e+00,-1.500000000000000000e+00,0.000000000000000000e+00
2.070445925247317298e+00,1.890432392861161492e+00,6.286335240959528559e-01,1.500000000000000000e+00,0.000000000000000000e+00,0.000000000000000000e+00,0.000000000000000000e+00,-3.105668887870975947e+00,-3.105668887870975947e+00,-1.500000000000000000e+00,-0.000000000000000000e+00
2.669689026869876969e+00,9.448399331332000273e-01,5.686894822313156572e-01,1.500000000000000000e+00,0.000000000000000000e+00,0.000000000000000000e+00,0.000000000000000000e+00,-4.004533540304815453e+00,-4.004533540304815453e+00,-1.500000000000000000e+00,-0.000000000000000000e+00
2.423500729175560586e+00,3.226585453811411375e-01,2.571794628998728127e-01,1.500000000000000000e+00,0.000000000000000000e+00,0.000000000000000000e+00,0.000000000000000000e+00,-3.635251093763340879e+00,-3.635251093763340879e+00,-1.500000000000000000e+00,-0.000000000000000000e+00
4.183148871556632287e-01,2.511243386617141748e+00,1.267506978668475615e-01,1.500000000000000000e+00,0.000000000000000000e+00,0.000000000000000000e+00,0.000000000000000000e+00,-6.274723307334948430e-01,-6.274723307334948430e-01,-1.500000000000000000e+00,-0.000000000000000000e+00
-2.127240277434438553e+00,4.940863194129057057e-01,6.544923213845098564e-01,1.500000000000000000e+00,0.000000000000000000e+00,0.000000000000000000e+00,0.000000000000000000e+00,3.190860416151657830e+00,3.190860416151657830e+00,-1.500000000000000000e+00,0.000000000000000000e+00
-1.845219030190005771e+00,1.472158713589405199e+00,1.125726089282462761e-01,1.500000000000000000e+00,0.000000000000000000e+00,0.000000000000000000e+00,0.000000000000000000e+00,2.767828545285008879e+00,2.767828545285008879e+00,-1.500000000000000000e+00,0.000000000000000000e+00
2.567434108467146814e+00,1.313103196745310397e+00,7.942410280509416554e-01,1.500000000000000000e+00,0.000000000000000000e+00,0.000000000000000000e+00,0.000000000000000000e+00,-3.851151162700720221e+00,-3.851151162700720221e+00,-1.500000000000000000e+00,-0.000000000000000000e+00
3.139589260035826612e-01,2.709084536376388019e+00,1.820745263669785174e-01,1.500000000000000000e+00,0.000000000000000000e+00,0.000000000000000000e+00,0.000000000000000000e+00,-4.709383890053739918e-01,-4.709383890053739918e-01,-1.500000000000000000e+00,-0.000000000000000000e+00
-1.916685009306530185e+00,1.676786875375487096e+00,7.719630186068733302e-01,1.500000000000000000e+00,0.000000000000000000e+00,0.000000000000000000e+00,0.000000000000000000e+00,2.875027513959795389e+00,2.875027513959795389e+00,-1.500000000000000000e+00,0.000000000000000000e+00
2.304341365178819601e+00,1.273213575340741421e+00,3.556798787111263849e-01,1.500000000000000000e+00,0.000000000000000000e+00,0.000000000000000000e+00,0.000000000000000000e+00,-3.456512047768229401e+00,-3.456512047768229401e+00,-1.500000000000000000e+00,-0.000000000000000000e+00
8.494302313348844891e-01,2.930420266320744815e+00,9.013218926905760542e-01,1.500000000000000000e+00,0.000000000000000000e+00,0.000000000000000000e+00,0.000000000000000000e+00,-1.274145347002326734e+00,-1.274145347002326734e+00,-1.500000000000000000e+00,-0.000000000000000000e+00
4.181656468428478490e-01,1.057635001319563006e+00,2.256289358625770403e-01,1.500000000000000000e+00,0.000000000000000000e+00,0.000000000000000000e+00,0.000000000000000000e+00,-6.272484702642717735e-01,-6.272484702642717735e-01,-1.500000000000000000e+00,-0.000000000000000000e+00
-7.422729832204790767e-01,2.179467256655115648e+00,1.576159168237444286e-01,1.500000000000000000e+00,0.000000000000000000e+00,0.000000000000000000e+00,0.000000000000000000e+00,1.113409474830718615e+00,1.113409474830718615e+00,-1.500000000000000000e+00,0.000000000000000000e+00
-5.342683070572209481e-01,7.018710910878221965e-01,6.751013323586159132e-01,1.500000000000000000e+00,0.000000000000000000e+00,0.000000000000000000e+00,0.000000000000000000e+00,8.014024605858314221e-01,8.014024605858314221e-01,-1.500000000000000000e+00,0.000000000000000000e+00
-1.563064723908930809e+00,2.271656330844055383e+00,7.736529097353997964e-01,1.500000000000000000e+00,0.000000000000000000e+00,0.000000000000000000e+00,0.000000000000000000e+00,2.344597085863396213e+00,2.344597085863396213e+00,-1.500000000000000000e+00,0.000000000000000000e+00
-2.771656279852565241e+00,2.253755781734038788e+00,3.494826458836486349e-01,1.500000000000000000e+00,0.000000000000000000e+00,0.000000000000000000e+00,0.000000000000000000e+00,4.157484419778848306e+00,4.157484419778848306e+00,-1.500000000000000000e+00,0.000000000000000000e+00
2.257312848655626425e+00,2.484465464722279471e+00,4.719952836760122894e-01,1.500000000000000000e+00,0.000000000000000000e+00,0.000000000000000000e+00,0.000000000000000000e+00,-3.385969272983439637e+00,-3.385969272983439637e+00,-1.500000000000000000e+00,-0.000000000000000000e+00
-1.936186991154231762e-01,1.454183331786341737e+00,6.618071910300118432e-01,1.500000000000000000e+00,0.000000000000000000e+00,0.000000000000000000e+00,0.000000000000000000e+00,2.904280486731347644e-01,2.904280486731347644e-01,-1.500000000000000000e+00,0.000000000000000000e+00
2.858111952824113899e-01,6.664613120110227662e-01,2.951952872017664653e-01,1.500000000000000000e+00,0.000000000000000000e+00,0.000000000000000000e+00,0.000000000000000000e+00,-4.287167929236170849e-01,-4.287167929236170849e-01,-1.500000000000000000e+00,-0.000000000000000000e+00
-1.067020141318649307e+00,1.895953043322033071e+00,3.890041017048884164e-01,1.500000000000000000e+00,0.000000000000000000e+00,0.000000000000000000e+00,0.000000000000000000e+00,1.600530211977973849e+00,1.600530211977973849e+00,-1.500000000000000000e+00,0.000000000000000000e+00
1.507949519129567761e+00,2.730673140642419838e+00,5.660835253429085112e-01,1.500000000000000000e+00,0.000000000000000000e+00,0.000000000000000000e+00,0.000000000000000000e+00,-2.261924278694351642e+00,-2.261924278694351642e+00,-1.500000000000000000e+00,-0.000000000000000000e+00
-2.848818775189437602e+00,9.294606811108866440e-01,3.028977960606772379e-01,1.500000000000000000e+00,0.000000000000000000e+00,0.000000000000000000e+00,0.000000000000000000e+00,4.273228162784156403e+00,4.273228162784156403e+00,-1.500000000000000000e+00,0.000000000000000000e+00
-7.668883646087762962e-01,6.048183464386169828e-02,1.459794315214769655e-01,1.500000000000000000e+00,0.000000000000000000e+00,0.000000000000000000e+00,0.000000000000000000e+00,1.150332546913164444e+00,1.150332546913164444e+00,-1.500000000000000000e+00,0.000000000000000000e+00
-2.817898233695330212e+00,5.549913111742809102e-01,9.086043684872741055e-01,1.500000000000000000e+00,0.000000000000000000e+00,0.000000000000000000e+00,0.000000000000000000e+00,4.226847350542994874e+00,4.226847350542994874e+00,-1.500000000000000000e+00,0.000000000000000000e+00
-2.262647386769943925e+00,2.798752031675822316e+00,1.226353189526918630e-01,1.500000000000000000e+00,0.000000000000000000e+00,0.000000000000000000e+00,0.000000000000000000e+00,3.393971080154916109e+00,3.393971080154916109e+00,-1.500000000000000000e+00,0.000000000000000000e+00
2.802889412384206302e+00,1.817061813309350793e-02,9.869096319456913680e-01,1.500000000000000000e+00,0.000000000000000000e+00,0.000000000000000000e+00,0.000000000000000000e+00,-4.204334118576309010e+00,-4.204334118576309010e+00,-1.500000000000000000e+00,-0.000000000000000000e+00
9.465643802310865773e-01,1.615818612460580006e-01,8.445180954427392583e-01,1.500000000000000000e+00,0.000000000000000000e+00,0.000000000000000000e+00,0.000000000000000000e+00,-1.419846570346629866e+00,-1.419846570346629866e+00,-1.500000000000000000e+00,-0.000000000000000000e+00
-4.306785216631121571e-01,2.949972492941433933e-01,4.469100961683606377e-01,1.500000000000000000e+00,0.000000000000000000e+00,0.000000000000000000e+00,0.000000000000000000e+00,6.460177824946682357e-01,6.460177824946682357e-01,-1.500000000000000000e+00,0.000000000000000000e+00
1.424406474628820973e-01,2.675521282393648725e+00,8.606814455993657687e-01,1.500000000000000000e+00,0.000000000000000000e+00,0.000000000000000000e+00,0.000000000000000000e+00,-2.136609711943231460e-01,-2.136609711943231460e-01,-1.500000000000000000e+00,-0.000000000000000000e+00
2.236855251388646160e+00,1.149949184437717209e+00,6.428726474307588923e-02,1.500000000000000000e+00,0.000000000000000000e+00,0.000000000000000000e+00,0.000000000000000000e+00,-3.355282877082969240e+00,-3.355282877082969240e+00,-1.500000000000000000e+00,-0.000000000000000000e+00
-9.347359980238429955e-01,2.074832879569141308e+00,5.625628264966588965e-01,1.500000000000000000e+00,0.000000000000000000e+00,0.000000000000000000e+00,0.000000000000000000e+00,1.402103997035764493e+00,1.402103997035764493e+00,-1.500000000000000000e+00,0.000000000000000000e+00
5.417458937382879647e-01,2.117625348016035414e+00,3.535638784650748656e-01,1.500000000000000000e+00,0.000000000000000000e+00,0.000000000000000000e+00,0.000000000000000000e+00,-8.126188406074319470e-01,-8.126188406074319470e-01,-1.500000000000000000e+00,-0.000000000000000000e+00
1.102106240037262097e+00,1.302012688356149805e+00,3.007602460226412866e-01,1.500000000000000000e+00,0.000000000000000000e+00,0.000000000000000000e+00,0.000000000000000000e+00,-1.653159360055893146e+00,-1.653159360055893146e+00,-1.500000000000000000e+00,-0.000000000000000000e+00
-8.675173378589278173e-01,2.197148160406978690e+00,8.948092423816581542e-01,1.500000000000000000e+00,0.000000000000000000e+00,0.000000000000000000e+00,0.000000000000000000e+00,1.301276006788391726e+00,1.301276006788391726e+00,-1.500000000000000000e+00,0.000000000000000000e+00
1.145909189759404256e-01,1.383677594732616978e+00,3.823748741801880069e-02,1.500000000000000000e+00,0.000000000000000000e+00,0.000000000000000000e+00,0.000000000000000000e+00,-1.718863784639106385e-01,-1.718863784639106385e-01,-1.500000000000000000e+00,-0.000000000000000000e+00
1.591484299671135361e+00,1.625533206907800343e+00,8.620413893498198865e-01,1.500000000000000000e+00,0.000000000000000000e+00,0.000000000000000000e+00,0.000000000000000000e+00,-2.387226449506703041e+00,-2.387226449506703041e+00,-1.500000000000000000e+00,-0.000000000000000000e+00
2.455075883943301562e+00,9.204426202090248976e-01,7.871137286786800136e-02,1.500000000000000000e+00,0.000000000000000000e+00,0.000000000000000000e+00,0.000000000000000000e+00,-3.682613825914952344e+00,-3.682613825914952344e+00,-1.500000000000000000e+00,-0.000000000000000000e+00
-2.093626331539106822e+00,5.821848045239330638e-03,6.774388629666235895e-01,1.500000000000000000e+00,0.000000000000000000e+00,0.000000000000000000e+00,0.000000000000000000e+00,3.140439497308660233e+00,3.140439497308660233e+00,-1.500000000000000000e+00,0.000000000000000000e+00
2.600516353844571249e+00,1.779924285385978244e+00,2.856375708578478001e-01,1.500000000000000000e+00,0.000000000000000000e+00,0.000000000000000000e+00,0.000000000000000000e+00,-3.900774530766856873e+00,-3.900774530766856873e+00,-1.500000000000000000e+00,-0.000000000000000000e+00
-2.968926805107407141e+00,7.968928261888410525e-01,5.269117160545491174e-01,1.500000000000000000e+00,0.000000000000000000e+00,0.000000000000000000e+00,0.000000000000000000e+00,4.453390207661110267e+00,4.453390207661110267e+00,-1.500000000000000000e+00,0.000000000000000000e+00
1.517865021586523255e+00,8.254908797813477195e-01,9.252949788578096468e-01,1.500000000000000000e+00,0.000000000000000000e+00,0.000000000000000000e+00,0.000000000000000000e+00,-2.276797532379784883e+00,-2.276797532379784883e+00,-1.500000000000000000e+00,-0.000000000000000000e+00
1.863160981903471125e+00,2.636394767306714293e+00,7.974079898047323756e-01,1.500000000000000000e+00,0.000000000000000000e+00,0.000000000000000000e+00,0.000000000000000000e+00,-2.794741472855206688e+00,-2.794741472855206688e+00,-1.500000000000000000e+00,-0.000000000000000000e+00
-2.179415690744511025e+00,1.085551473729178040e+00,9.916276280942604160e-02,1.500000000000000000e+00,0.000000000000000000e+00,0.000000000000000000e+00,0.000000000000000000e+00,3.269123536116766537e+00,3.269123536116766537e+00,-1.500000000000000000e+00,0.000000000000000000e+00
-4.865780945208890707e-01,3.070613998920151966e-01,3.052005253094732806e-01,1.500000000000000000e+00,0.000000000000000000e+00,0.000000000000000000e+00,0.000000000000000000e+00,7.298671417813336060e-01,7.298671417813336060e-01,-1.500000000000000000e+00,0.000000000000000000e+00
1.891537667970274228e+00,1.891109704417816895e+00,4.880249494455068948e-01,1.500000000000000000e+00,0.000000000000000000e+00,0.000000000000000000e+00,0.000000000000000000e+00,-2.837306501955411342e+00,-2.837306501955411342e+00,-1.500000000000000000e+00,-0.000000000000000000e+00
-2.914372861892336353e+00,1.615321679998451776e+00,7.168196983699196556e-01,1.500000000000000000e+00,0.000000000000000000e+00,0.000000000000000000e+00,0.000000000000000000e+00,4.371559292838504973e+00,4.371559292838504973e+00,-1.500000000000000000e+00,0.000000000000000000e+00
7.707716871977443596e-01,1.727073179989784268e-01,5.599060831734670174e-03,1.500000000000000000e+00,0.000000000000000000e+00,0.000000000000000000e+00,0.000000000000000000e+00,-1.156157530796616539e+00,-1.156157530796616539e+00,-1.500000000000000000e+00,-0.000000000000000000e+00
1.758141948588204606e+00,1.046733339653374895e+00,8.639291761695891969e-01,1.500000000000000000e+00,0.000000000000000000e+00,0.000000000000000000e+00,0.000000000000000000e+00,-2.637212922882306909e+00,-2.637212922882306909e+00,-1.500000000000000000e+00,-0.000000000000000000e+00
7.802149693325066693e-02,1.833623087823679443e+00,8.418381847007603280e-01,1.500000000000000000e+00,0.000000000000000000e+00,0.000000000000000000e+00,0.000000000000000000e+00,-1.170322453998760004e-01,-1.170322453998760004e-01,-1.500000000000000000e+00,-0.000000000000000000e+00
1.355096523306523082e+00,8.391577311763729341e-01,9.561995996792216346e-01,1.500000000000000000e+00,0.000000000000000000e+00,0.000000000000000000e+00,0.000000000000000000e+00,-2.032644784959784623e+00,-2.032644784959784623e+00,-1.500000000000000000e+00,-0.000000000000000000e+00
-1.641459103817135556e+00,2.958457857063765850e+00,2.024647454410664071e-01,1.500000000000000000e+00,0.000000000000000000e+00,0.000000000000000000e+00,0.000000000000000000e+00,2.462188655725703335e+00,2.462188655725703335e+00,-1.500000000000000000e+00,0.000000000000000000e+00
-1.808873112043962950e+00,2.396902679365634725e+00,2.132310275379304398e-01,1.500000000000000000e+00,0.000000000000000000e+00,0.000000000000000000e+00,0.000000000000000000e+00,2.713309668065944535e+00,2.713309668065944535e+00,-1.500000000000000000e+00,0.000000000000000000e+00
-8.212382966978903909e-01,1.512636054566804722e+00,8.328531385746784643e-01,1.500000000000000000e+00,0.000000000000000000e+00,0.000000000000000000e+00,0.000000000000000000e+00,1.231857445046835586e+00,1.231857445046835586e+00,-1.500000000000000000e+00,0.000000000000000000e+00
-1.923563834597120881e+00,2.746588256946353113e+00,5.147201884192093013e-01,1.500000000000000000e+00,0.000000000000000000e+00,0.000000000000000000e+00,0.000000000000000000e+00,2.885345751895681321e+00,2.885345751895681321e+00,-1.500000000000000000e+00,0.000000000000000000e+00
-9.236313653251295719e-01,1.042222331863994489e-01,2.452357806018569120e-01,1.500000000000000000e+00,0.000000000000000000e+00,0.000000000000000000e+00,0.000000000000000000e+00,1.385447047987694358e+00,1.385447047987694358e+00,-1.500000000000000000e+00,0.000000000000000000e+00
2.688744368464888623e+00,6.736178538138590799e-01,1.698715781847981443e-02,1.500000000000000000e+00,0.000000000000000000e+00,0.000000000000000000e+00,0.000000000000000000e+00,-4.033116552697332935e+00,-4.033116552697332935e+00,-1.500000000000000000e+00,-0.000000000000000000e+00
4.399963056667255401e-01,2.744497759893460120e+00,2.165935296674645905e-01,1.500000000000000000e+00,0.000000000000000000e+00,0.000000000000000000e+00,0.000000000000000000e+00,-6.599944585000883102e-01,-6.599944585000883102e-01,-1.500000000000000000e+00,-0.000000000000000000e+00
-9.595915954749609789e-01,1.526152975072470941e+00,6.750329508486532237e-01,1.500000000000000000e+00,0.000000000000000000e+00,0.000000000000000000e+00,0.000000000000000000e+00,1.439387393212441468e+00,1.439387393212441468e+00,-1.500000000000000000e+00,0.000000000000000000e+00
-1.370852281147288299e+00,5.106213707470200758e-01,7.328214906893774083e-01,1.500000000000000000e+00,0.000000000000000000e+00,0.000000000000000000e+00,0.000000000000000000e+00,2.056278421720932670e+00,2.056278421720932670e+00,-1.500000000000000000e+00,0.000000000000000000e+00
2.712236944245133508e+00,1.710271100733454563e+00,3.542615259060500899e-01,1.500000000000000000e+00,0.000000000000000000e+00,0.000000000000000000e+00,0.000000000000000000e+00,-4.068355416367699817e+00,-4.068355416367699817e+00,-1.500000000000000000e+00,-0.000000000000000000e+00
-3.331307421173201888e-01,2.190692657719941927e+00,9.176341608625333546e-01,1.500000000000000000e+00,0.000000000000000000e+00,0.000000000000000000e+00,0.000000000000000000e+00,4.996961131759802832e-01,4.996961131759802832e-01,-1.500000000000000000e+00,0.000000000000000000e+00
2.882368505283537274e+00,1.810248050560320898e+00,5.096846716716947334e-01,1.500000000000000000e+00,0.000000000000000000e+00,0.000000000000000000e+00,0.000000000000000000e+00,-4.323552757925305912e+00,-4.323552757925305912e+00,-1.500000000000000000e+00,-0.000000000000000000e+00
9.313601463762566368e-02,1.376382127568133162e-01,5.175646327514303868e-01,1.500000000000000000e+00,0.000000000000000000e+00,0.000000000000000000e+00,0.000000000000000000e+00,-1.397040219564384955e-01,-1.397040219564384955e-01,-1.500000000000000000e+00,-0.000000000000000000e+00
1.269967741573436726e-01,1.101888367553794934e-01,3.946405419379596102e-01,1.500000000000000000e+00,0.000000000000000000e+00,0.000000000000000000e+00,0.000000000000000000e+00,-1.904951612360155089e-01,-1.904951612360155089e-01,-1.500000000000000000e+00,-0.000000000000000000e+00
2.379243142296004976e+00,1.221261709328274936e+00,4.033293389071481716e-01,1.500000000000000000e+00,0.000000000000000000e+00,0.000000000000000000e+00,0.000000000000000000e+00,-3.568864713444007464e+00,-3.568864713444007464e+00,-1.500000000000000000e+00,-0.000000000000000000e+00
1.456604509290237104e+00,4.878255942264897449e-02,3.589857988355248386e-01,1.500000000000000000e+00,0.000000000000000000e+00,0.000000000000000000e+00,0.000000000000000000e+00,-2.184906763935355656e+00,-2.184906763935355656e+00,-1.500000000000000000e+00,-0.000000000000000000e+00
4.839171831169353233e-01,2.522402674061600125e-01,8.246517661433996338e-01,1.500000000000000000e+00,0.000000000000000000e+00,0.000000000000000000e+00,0.000000000000000000e+00,-7.258757746754029849e-01,-7.258757746754029849e-01,-1.500000000000000000e+00,-0.000000000000000000e+00
-4.401029769824500448e-01,1.927693418169704742e+00,4.401812612000439717e-01,1.500000000000000000e+00,0.000000000000000000e+00,0.000000000000000000e+00,0.000000000000000000e+00,6.601544654736750672e-01,6.601544654736750672e-01,-1.500000000000000000e+00,0.000000000000000000e+00
2.269127156509682663e+00,1.315353299251270869e+00,2.313616197169933164e-01,1.500000000000000000e+00,0.000000000000000000e+00,0.000000000000000000e+00,0.000000000000000000e+00,-3.403690734764523995e+00,-3.403690734764523995e+00,-1.500000000000000000e+00,-0.000000000000000000e+00
-5.301231005586695133e-01,2.565586437451943258e-01,4.352831237226674199e-01,1.500000000000000000e+00,0.000000000000000000e+00,0.000000000000000000e+00,0.000000000000000000e+00,7.951846508380042700e-01,7.951846508380042700e-01,-1.500000000000000000e+00,0.000000000000000000e+00
2.536557457010804484e+00,2.629363171933126520e+00,9.255621984794522028e-01,1.500000000000000000e+00,0.000000000000000000e+00,0.000000000000000000e+00,0.000000000000000000e+00,-3.804836185516206726e+00,-3.804836185516206726e+00,-1.500000000000000000e+00,-0.000000000000000000e+00
-2.587707887268830831e+00,1.105460631321683262e+00,6.389556505390823204e-01,1.500000000000000000e+00,0.000000000000000000e+00,0.000000000000000000e+00,0.000000000000000000e+00,3.881561830903246246e+00,3.881561830903246246e+00,-1.500000000000000000e+00,0.000000000000000000e+00
-4.200188285930215315e-01,2.649514940192950530e+00,1.050288488043398250e-01,1.500000000000000000e+00,0.000000000000000000e+00,0.000000000000000000e+00,0.000000000000000000e+00,6.300282428895322973e-01,6.300282428895322973e-01,-1.500000000000000000e+00,0.000000000000000000e+00
1.170889192671538126e-01,1.827718549604238962e+00,4.191424903957722270e-01,1.500000000000000000e+00,0.000000000000000000e+00,0.000000000000000000e+00,0.000000000000000000e+00,-1.756333789007307189e-01,-1.756333789007307189e-01,-1.500000000000000000e+00,-0.000000000000000000e+00
2.705629173491098882e+00,1.862903244121638213e+00,4.666374196599604174e-01,1.500000000000000000e+00,0.000000000000000000e+00,0.000000000000000000e+00,0.000000000000000000e+00,-4.058443760236648323e+00,-4.058443760236648323e+00,-1.500000000000000000e+00,-0.000000000000000000e+00
-1.494004520011451120e+00,1.272091793722939235e+00,1.390789911771417309e-02,1.500000000000000000e+00,0.000000000000000000e+00,0.000000000000000000e+00,0.000000000000000000e+00,2.241006780017176681e+00,2.241006780017176681e+00,-1.500000000000000000e+00,0.000000000000000000e+00
1.836234883572652521e+00,2.015983913342314082e+00,9.614315777490126669e-01,1.500000000000000000e+00,0.000000000000000000e+00,0.000000000000000000e+00,0.000000000000000000e+00,-2.754352325358978781e+00,-2.754352325358978781e+00,-1.500000000000000000e+00,-0.000000000000000000e+00
1.058827199991560164e+00,7.305979625562084578e-01,9.161734268677569348e-01,1.500000000000000000e+00,0.000000000000000000e+00,0.000000000000000000e+00,0.000000000000000000e+00,-1.588240799987340246e+00,-1.588240799987340246e+00,-1.500000000000000000e+00,-0.000000000000000000e+00
1.302515425686737949e+00,7.722812518205036669e-01,1.015329885245473962e-01,1.500000000000000000e+00,0.000000000000000000e+00,0.000000000000000000e+00,0.000000000000000000e+00,-1.953773138530106923e+00,-1.953773138530106923e+00,-1.500000000000000000e+00,-0.000000000000000000e+00
7.777330970412212885e-01,2.624726046199038265e+00,5.522474391012790473e-01,1.500000000000000000e+00,0.000000000000000000e+00,0.000000000000000000e+00,0.000000000000000000e+00,-1.166599645561831933e+00,-1.166599645561831933e+00,-1.500000000000000000e+00,-0.000000000000000000e+00
2.829364250769479838e+00,6.112118878958423540e-01,3.125163363497016622e-01,1.500000000000000000e+00,0.000000000000000000e+00,0.000000000000000000e+00,0.000000000000000000e+00,-4.244046376154219757e+00,-4.244046376154219757e+00,-1.500000000000000000e+00,-0.000000000000000000e+00
-1.003911244732050845e+00,1.158143593676832950e+00,2.118196622803236728e-01,1.500000000000000000e+00,0.000000000000000000e+00,0.000000000000000000e+00,0.000000000000000000e+00,1.505866867098076156e+00,1.505866867098076156e+00,-1.500000000000000000e+00,0.000000000000000000e+00
-6.103466419237766338e-01,2.234159668776175778e+00,2.742334069939660335e-01,1.500000000000000000e+00,0.000000000000000000e+00,0.000000000000000000e+00,0.000000000000000000e+00,9.155199628856649507e-01,9.155199628856649507e-01,-1.500000000000000000e+00,0.000000000000000000e+00
-1.782529486718902767e+00,9.900045480948732601e-01,5.354127440281541972e-02,1.500000000000000000e+00,0.000000000000000000e+00,0.000000000000000000e+00,0.000000000000000000e+00,2.673794230078354150e+00,2.673794230078354150e+00,-1.500000000000000000e+00,0.000000000000000000e+00
-2.695775668366376721e+00,1.097940522127583085e+00,6.882129541491136537e-01,1.500000000000000000e+00,0.000000000000000000e+00,0.000000000000000000e+00,0.000000000000000000e+00,4.043663502549565081e+00,4.043663502549565081e+00,-1.500000000000000000e+00,0.000000000000000000e+00
-1.722550830147964840e+00,2.727532199727591866e+00,3.666589636424981702e-01,1.500000000000000000e+00,0.000000000000000000e+00,0.000000000000000000e+00,0.000000000000000000e+00,2.583826245221947371e+00,2.583826245221947371e+00,-1.500000000000000000e+00,0.000000000000000000e+00
2.492786382743449991e+00,6.194072650260344925e-01,6.997712931822087645e-01,1.500000000000000000e+00,0.000000000000000000e+00,0.000000000000000000e+00,0.000000000000000000e+00,-3.739179574115174987e+00,-3.739179574115174987e+00,-1.500000000000000000e+00,-0.000000000000000000e+00
2.041012902950337882e+00,7.235371642481182031e-01,8.153220329731721838e-01,1.500000000000000000e+00,0.000000000000000000e+00,0.000000000000000000e+00,0.000000000000000000e+00,-3.061519354425506823e+00,-3.061519354425506823e+00,-1.500000000000000000e+00,-0.000000000000000000e+00
-2.325565551044526114e+00,2.660194142592281707e+00,5.726681738045553693e-01,1.500000000000000000e+00,0.000000000000000000e+00,0.000000000000000000e+00,0.000000000000000000e+00,3.488348326566788948e+00,3.488348326566788948e+00,-1.500000000000000000e+00,0.000000000000000000e+00
6.226741519011920190e-01,8.257053759332265708e-01,3.436125136146048753e-01,1.500000000000000000e+00,0.000000000000000000e+00,0.000000000000000000e+00,0.000000000000000000e+00,-9.340112278517880284e-01,-9.340112278517880284e-01,-1.500000000000000000e+00,-0.000000000000000000e+00
-1.248210306622512533e-01,9.918141162131041133e-01,1.400092209967985779e-01,1.500000000000000000e+00,0.000000000000000000e+00,0.000000000000000000e+00,0.000000000000000000e+00,1.872315459933768800e-01,1.872315459933768800e-01,-1.500000000000000000e+00,0.000000000000000000e+00
5.681092229296713647e-01,2.645966787465046988e+00,6.514418691074634893e-01,1.500000000000000000e+00,0.000000000000000000e+00,0.000000000000000000e+00,0.000000000000000000e+00,-8.521638343945070471e-01,-8.521638343945070471e-01,-1.500000000000000000e+00,-0.000000000000000000e+00
9.556500396543796683e-01,9.633973420169724688e-01,6.747131584214848266e-01,1.500000000000000000e+00,0.000000000000000000e+00,0.000000000000000000e+00,0.000000000000000000e+00,-1.433475059481569502e+00,-1.433475059481569502e+00,-1.500000000000000000e+00,-0.000000000000000000e+00
-1.160043054666768603e+00,2.990934718901893774e+00,7.812149957450390536e-01,1.500000000000000000e+00,0.000000000000000000e+00,0.000000000000000000e+00,0.000000000000000000e+00,1.740064582000152793e+00,1.740064582000152793e+00,-1.500000000000000000e+00,0.000000000000000000e+00
2.768105068418741155e+00,2.463842569521791592e+00,1.376921339485021045e-01,1.500000000000000000e+00,0.000000000000000000e+00,0.000000000000000000e+00,0.000000000000000000e+00,-4.152157602628111732e+00,-4.152157602628111732e+00,-1.500000000000000000e+00,-0.000000000000000000e+00
-2.049597896332504554e-01,2.540010743829249851e+00,4.615619789992153610e-02,1.500000000000000000e+00,0.000000000000000000e+00,0.000000000000000000e+00,0.000000000000000000e+00,3.074396844498756831e-01,3.074396844498756831e-01,-1.500000000000000000e+00,0.000000000000000000e+00
7.686051291894413495e-01,6.770318312857925847e-01,8.791200510715734273e-01,1.500000000000000000e+00,0.000000000000000000e+00,0.000000000000000000e+00,0.000000000000000000e+00,-1.152907693784162024e+00,-1.152907693784162024e+00,-1.500000000000000000e+00,-0.000000000000000000e+00
8.113571033982793779e-01,6.511931587100869834e-01,6.064089682718329932e-01,1.500000000000000000e+00,0.000000000000000000e+00,0.000000000000000000e+00,0.000000000000000000e+00,-1.217035655097419067e+00,-1.217035655097419067e+00,-1.500000000000000000e+00,-0.000000000000000000e+00
-1.896663620941853035e+00,2.257728813209293861e+00,9.418273806380839108e-02,1.500000000000000000e+00,0.000000000000000000e+00,0.000000000000000000e+00,0.000000000000000000e+00,2.844995431412779663e+00,2.844995431412779663e+00,-1.500000000000000000e+00,0.000000000000000000e+00
-2.628807491061754931e+00,2.480188775029202208e+00,7.090156633426079047e-01,1.500000000000000000e+00,0.000000000000000000e+00,0.000000000000000000e+00,0.000000000000000000e+00,3.943211236592632396e+00,3.943211236592632396e+00,-1.500000000000000000e+00,0.000000000000000000e+00
-5.308990590121505093e-01,6.736283986515521072e-01,5.628330446272789001e-02,1.500000000000000000e+00,0.000000000000000000e+00,0.000000000000000000e+00,0.000000000000000000e+00,7.963485885182257640e-01,7.963485885182257640e-01,-1.500000000000000000e+00,0.000000000000000000e+00
1.584180530630812100e+00,6.179474834822413776e-01,6.321064531959320609e-01,1.500000000000000000e+00,0.000000000000000000e+00,0.000000000000000000e+00,0.000000000000000000e+00,-2.376270795946218151e+00,-2.376270795946218151e+00,-1.500000000000000000e+00,-0.000000000000000000e+00
1.891330729750630546e+00,7.306710769619615409e-01,5.548731690904989966e-01,1.500000000000000000e+00,0.000000000000000000e+00,0.000000000000000000e+00,0.000000000000000000e+00,-2.836996094625945819e+00,-2.836996094625945819e+00,-1.500000000000000000e+00,-0.000000000000000000e+00
1.379935494012389796e+00,4.128337705977040972e-01,7.152694256735983025e-01,1.500000000000000000e+00,0.000000000000000000e+00,0.000000000000000000e+00,0.000000000000000000e+00,-2.069903241018584694e+00,-2.069903241018584694e+00,-1.500000000000000000e+00,-0.000000000000000000e+00
-2.320770284848661991e+00,1.263601031196661451e+00,9.403685026500907540e-02,1.500000000000000000e+00,0.000000000000000000e+00,0.000000000000000000e+00,0.000000000000000000e+00,3.481155427272993208e+00,3.481155427272993208e+00,-1.500000000000000000e+00,0.000000000000000000e+00
2.480129169186272797e+00,1.508738381134585582e+00,9.085867283932713701e-01,1.500000000000000000e+00,0.000000000000000000e+00,0.000000000000000000e+00,0.000000000000000000e+00,-3.720193753779409196e+00,-3.720193753779409196e+00,-1.500000000000000000e+00,-0.000000000000000000e+00
1.812219467983702259e+00,1.884499647304413994e+00,9.403789569258663716e-01,1.500000000000000000e+00,0.000000000000000000e+00,0.000000000000000000e+00,0.000000000000000000e+00,-2.718329201975553389e+00,-2.718329201975553389e+00,-1.500000000000000000e+00,-0.000000000000000000e+00
2.266148199897201287e+00,1.660603957730714120e-01,9.846757667062423502e-01,1.500000000000000000e+00,0.000000000000000000e+00,0.000000000000000000e+00,0.000000000000000000e+00,-3.399222299845801931e+00,-3.399222299845801931e+00,-1.500000000000000000e+00,-0.000000000000000000e+00
1.398249178510635460e-01,5.765854812379268557e-01,7.659843036729573340e-01,1.500000000000000000e+00,0.000000000000000000e+00,0.000000000000000000e+00,0.000000000000000000e+00,-2.097373767765953190e-01,-2.097373767765953190e-01,-1.500000000000000000e+00,-0.000000000000000000e+00
2.493812610604394742e+00,3.512150877360118439e-01,3.116377174500833958e-01,1.500000000000000000e+00,0.000000000000000000e+00,0.000000000000000000e+00,0.000000000000000000e+00,-3.740718915906592112e+00,-3.740718915906592112e+00,-1.500000000000000000e+00,-0.000000000000000000e+00
-2.720086572276676939e+00,8.100282142209872527e-01,9.785306040053215471e-01,1.500000000000000000e+00,0.000000000000000000e+00,0.000000000000000000e+00,0.000000000000000000e+00,4.080129858415014965e+00,4.080129858415014965e+00,-1.500000000000000000e+00,0.000000000000000000e+00
-2.818266996410388359e+00,5.573559224247418564e-01,6.142414936166867845e-01,1.500000000000000000e+00,0.000000000000000000e+00,0.000000000000000000e+00,0.000000000000000000e+00,4.227400494615582538e+00,4.227400494615582538e+00,-1.500000000000000000e+00,0.000000000000000000e+00
-2.878706559863118741e+00,2.808818179972301099e+00,7.184487019162371091e-01,1.500000000000000000e+00,0.000000000000000000e+00,0.000000000000000000e+00,0.000000000000000000e+00,4.318059839794678112e+00,4.318059839794678112e+00,-1.500000000000000000e+00,0.000000000000000000e+00
-1.483387932285261668e+00,1.120029613481168473e+00,6.613386242786039038e-01,1.500000000000000000e+00,0.000000000000000000e+00,0.000000000000000000e+00,0.000000000000000000e+00,2.225081898427892391e+00,2.225081898427892391e+00,-1.500000000000000000e+00,0.000000000000000000e+00
-1.508581360746102717e+00,4.166931825670379119e-01,2.066478094157510048e-01,1.500000000000000000e+00,0.000000000000000000e+00,0.000000000000000000e+00,0.000000000000000000e+00,2.262872041119154076e+00,2.262872041119154076e+00,-1.500000000000000000e+00,0.000000000000000000e+00
-1.874979993864200667e+00,1.999324903628671990e+00,8.531316129850805563e-01,1.500000000000000000e+00,0.000000000000000000e+00,0.000000000000000000e+00,0.000000000000000000e+00,2.812469990796301111e+00,2.812469990796301111e+00,-1.500000000000000000e+00,0.000000000000000000e+00
4.023349103123736725e-01,2.918718537152870773e+00,6.468344165940684842e-01,1.500000000000000000e+00,0.000000000000000000e+00,0.000000000000000000e+00,0.000000000000000000e+00,-6.035023654685605088e-01,-6.035023654685605088e-01,-1.500000000000000000e+00,-0.000000000000000000e+00
-2.766084953801727586e+00,2.383237574219199573e+00,2.208869560628440309e-01,1.500000000000000000e+00,0.000000000000000000e+00,0.000000000000000000e+00,0.000000000000000000e+00,4.149127430702591823e+00,4.149127430702591823e+00,-1.500000000000000000e+00,0.000000000000000000e+00
5.423272070091105235e-01,1.944628777199911784e+00,3.779812284220086527e-01,1.500000000000000000e+00,0.000000000000000000e+00,0.000000000000000000e+00,0.000000000000000000e+00,-8.134908105136657852e-01,-8.134908105136657852e-01,-1.500000000000000000e+00,-0.000000000000000000e+00
-2.003933081716697817e+00,1.134484497571823791e+00,1.435473966024899406e-01,1.500000000000000000e+00,0.000000000000000000e+00,0.000000000000000000e+00,0.000000000000000000e+00,3.005899622575046948e+00,3.005899622575046948e+00,-1.500000000000000000e+00,0.000000000000000000e+00
1.067242251403856201e+00,1.209891748525264488e+00,4.328416426928981542e-01,1.500000000000000000e+00,0.000000000000000000e+00,0.000000000000000000e+00,0.000000000000000000e+00,-1.600863377105784302e+00,-1.600863377105784302e+00,-1.500000000000000000e+00,-0.000000000000000000e+00
-2.873547873336653513e+00,9.063984735386044767e-01,9.895451399286364635e-01,1.500000000000000000e+00,0.000000000000000000e+00,0.000000000000000000e+00,0.000000000000000000e+00,4.310321810004980492e+00,4.310321810004980492e+00,-1.500000000000000000e+00,0.000000000000000000e+00
-1.136578817680830689e+00,2.418663414820913626e+00,3.837468962969301511e-01,1.500000000000000000e+00,0.000000000000000000e+00,0.000000000000000000e+00,0.000000000000000000e+00,1.704868226521246033e+00,1.704868226521246033e+00,-1.500000000000000000e+00,0.000000000000000000e+00
2.630047721187683152e+00,2.410017028466848732e+00,3.954385183274627957e-01,1.500000000000000000e+00,0.000000000000000000e+00,0.000000000000000000e+00,0.000000000000000000e+00,-3.945071581781524728e+00,-3.945071581781524728e+00,-1.500000000000000000e+00,-0.000000000000000000e+00
2.303782792634678778e-01,1.468184031058869410e+00,8.030481707357272070e-01,1.500000000000000000e+00,0.000000000000000000e+00,0.000000000000000000e+00,0.000000000000000000e+00,-3.455674188952018167e-01,-3.455674188952018167e-01,-1.500000000000000000e+00,-0.000000000000000000e+00
1.869524416480504492e+00,2.585799102243995673e+00,8.279110212576601402e-02,1.500000000000000000e+00,0.000000000000000000e+00,0.000000000000000000e+00,0.000000000000000000e+00,-2.804286624720756738e+00,-2.804286624720756738e+00,-1.500000000000000000e+00,-0.000000000000000000e+00
9.481564896703549294e-01,1.956596707096423859e+00,1.197068733690472842e-01,1.500000000000000000e+00,0.000000000000000000e+00,0.000000000000000000e+00,0.000000000000000000e+00,-1.422234734505532394e+00,-1.422234734505532394e+00,-1.500000000000000000e+00,-0.000000000000000000e+00
6.645047136811577104e-01,2.056683652987123523e+00,7.457711540722823385e-01,1.500000000000000000e+00,0.000000000000000000e+00,0.000000000000000000e+00,0.000000000000000000e+00,-9.967570705217365656e-01,-9.967570705217365656e-01,-1.500000000000000000e+00,-0.000000000000000000e+00
-1.852483919490615749e+00,8.063314097226602639e-01,1.303351561223822230e-01,1.500000000000000000e+00,0.000000000000000000e+00,0.000000000000000000e+00,0.000000000000000000e+00,2.778725879235923735e+00,2.778725879235923735e+00,-1.500000000000000000e+00,0.000000000000000000e+00
4.463684895468360558e-01,7.246955612436349892e-01,6.113536777067394290e-01,1.500000000000000000e+00,0.000000000000000000e+00,0.000000000000000000e+00,0.000000000000000000e+00,-6.695527343202540838e-01,-6.695527343202540838e-01,-1.500000000000000000e+00,-0.000000000000000000e+00
-2.761881489245999965e+00,6.831862332892466583e-01,8.167637512493320928e-01,1.500000000000000000e+00,0.000000000000000000e+00,0.000000000000000000e+00,0.000000000000000000e+00,4.142822233868999504e+00,4.142822233868999504e+00,-1.500000000000000000e+00,0.000000000000000000e+00
1.809986430551239422e+00,2.737532179017946987e+00,5.630595501658032243e-01,1.500000000000000000e+00,0.000000000000000000e+00,0.000000000000000000e+00,0.000000000000000000e+00,-2.714979645826859134e+00,-2.714979645826859134e+00,-1.500000000000000000e+00,-0.000000000000000000e+00
2.760425502157056954e+00,2.400742660654699989e+00,8.018612959016468977e-02,1.500000000000000000e+00,0.000000000000000000e+00,0.000000000000000000e+00,0.000000000000000000e+00,-4.140638253235585431e+00,-4.140638253235585431e+00,-1.500000000000000000e+00,-0.000000000000000000e+00
2.124054428051071142e+00,2.697781693763298794e+00,2.064418466660993268e-01,1.500000000000000000e+00,0.000000000000000000e+00,0.000000000000000000e+00,0.000000000000000000e+00,-3.186081642076606713e+00,-3.186081642076606713e+00,-1.500000000000000000e+00,-0.000000000000000000e+00
-2.695742124203632795e+00,2.468217061053497030e+00,5.403787015085116385e-01,1.500000000000000000e+00,0.000000000000000000e+00,0.000000000000000000e+00,0.000000000000000000e+00,4.043613186305448970e+00,4.043613186305448970e+00,-1.500000000000000000e+00,0.000000000000000000e+00
-9.680394997186891892e-01,2.414755251657443758e+00,9.541139690173384702e-01,1.500000000000000000e+00,0.000000000000000000e+00,0.000000000000000000e+00,0.000000000000000000e+00,1.452059249578033784e+00,1.452059249578033784e+00,-1.500000000000000000e+00,0.000000000000000000e+00
-1.091980812826306435e+00,1.308168952866501478e+00,6.538489316982751820e-01,1.500000000000000000e+00,0.000000000000000000e+00,0.000000000000000000e+00,0.000000000000000000e+00,1.637971219239459764e+00,1.637971219239459764e+00,-1.500000000000000000e+00,0.000000000000000000e+00
-2.323698049662779930e+00,2.296851773260925711e+00,6.968936781935523017e-01,1.500000000000000000e+00,0.000000000000000000e+00,0.000000000000000000e+00,0.000000000000000000e+00,3.485547074494169895e+00,3.485547074494169895e+00,-1.500000000000000000e+00,0.000000000000000000e+00
7.596709159687264901e-01,4.999412620028960141e-01,5.954348309838969344e-01,1.500000000000000000e+00,0.000000000000000000e+00,0.000000000000000000e+00,0.000000000000000000e+00,-1.139506373953089735e+00,-1.139506373953089735e+00,-1.500000000000000000e+00,-0.000000000000000000e+00
1.784749052198000285e+00,1.967325045843262288e+00,3.259662524377523463e-01,1.500000000000000000e+00,0.000000000000000000e+00,0.000000000000000000e+00,0.000000000000000000e+00,-2.677123578297000428e+00,-2.677123578297000428e+00,-1.500000000000000000e+00,-0.000000000000000000e+00
-1.117671167986536762e+00,1.282876595753500437e-01,6.077128730843036619e-01,1.500000000000000000e+00,0.000000000000000000e+00,0.000000000000000000e+00,0.000000000000000000e+00,1.676506751979805143e+00,1.676506751979805143e+00,-1.500000000000000000e+00,0.000000000000000000e+00
2.176855409512408634e+00,2.897323971197105053e+00,9.564473626884284485e-03,1.500000000000000000e+00,0.000000000000000000e+00,0.000000000000000000e+00,0.000000000000000000e+00,-3.265283114268612952e+00,-3.265283114268612952e+00,-1.500000000000000000e+00,-0.000000000000000000e+00
1.782761477076777901e+00,2.638347926783263908e+00,4.141658578234974630e-01,1.500000000000000000e+00,0.000000000000000000e+00,0.000000000000000000e+00,0.000000000000000000e+00,-2.674142215615166851e+00,-2.674142215615166851e+00,-1.500000000000000000e+00,-0.000000000000000000e+00
-2.225172351154051320e+00,4.948692580423905696e-01,8.118593473449395859e-01,1.500000000000000000e+00,0.000000000000000000e+00,0.000000000000000000e+00,0.000000000000000000e+00,3.337758526731076980e+00,3.337758526731076980e+00,-1.500000000000000000e+00,0.000000000000000000e+00
1.601154940428932250e+00,2.306130389018279381e+00,2.044555362331530457e-01,1.500000000000000000e+00,0.000000000000000000e+00,0.000000000000000000e+00,0.000000000000000000e+00,-2.401732410643398374e+00,-2.401732410643398374e+00,-1.500000000000000000e+00,-0.000000000000000000e+00
2.295724319411509562e+00,2.470946514616579215e+00,6.483933922191059684e-01,1.500000000000000000e+00,0.000000000000000000e+00,0.000000000000000000e+00,0.000000000000000000e+00,-3.443586479117264343e+00,-3.443586479117264343e+00,-1.500000000000000000e+00,-0.000000000000000000e+00
-1.816304581009520858e+00,1.260180848193768188e-01,7.204378417336639862e-01,1.500000000000000000e+00,0.000000000000000000e+00,0.000000000000000000e+00,0.000000000000000000e+00,2.724456871514281175e+00,2.724456871514281175e+00,-1.500000000000000000e+00,0.000000000000000000e+00
4.418470769911388984e-01,1.698331589522431351e+00,1.564970487833637902e-01,1.500000000000000000e+00,0.000000000000000000e+00,0.000000000000000000e+00,0.000000000000000000e+00,-6.627706154867083477e-01,-6.627706154867083477e-01,-1.500000000000000000e+00,-0.000000000000000000e+00
8.324997961326170426e-01,1.260302620109929883e+00,8.578104179683512243e-01,1.500000000000000000e+00,0.000000000000000000e+00,0.000000000000000000e+00,0.000000000000000000e+00,-1.248749694198925564e+00,-1.248749694198925564e+00,-1.500000000000000000e+00,-0.000000000000000000e+00
6.560055449555992624e-01,1.856242721003196650e+00,2.438517697753470603e-01,1.500000000000000000e+00,0.000000000000000000e+00,0.000000000000000000e+00,0.000000000000000000e+00,-9.840083174333988936e-01,-9.840083174333988936e-01,-1.500000000000000000e+00,-0.000000000000000000e+00
-2.422525934231739342e+00,2.659101172814935854e+00,9.626795833147244741e-01,1.500000000000000000e+00,0.000000000000000000e+00,0.000000000000000000e+00,0.000000000000000000e+00,3.633788901347609013e+00,3.633788901347609013e+00,-1.500000000000000000e+00,0.000000000000000000e+00
9.671487660896951333e-01,2.168863075360455195e+00,3.445484832368884698e-01,1.500000000000000000e+00,0.000000000000000000e+00,0.000000000000000000e+00,0.000000000000000000e+00,-1.450723149134542700e+00,-1.450723149134542700e+00,-1.500000000000000000e+00,-0.000000000000000000e+00
7.917283480771120097e-01,6.334613335069314566e-01,6.115924029783058602e-01,1.500000000000000000e+00,0.000000000000000000e+00,0.000000000000000000e+00,0.000000000000000000e+00,-1.187592522115668014e+00,-1.187592522115668014e+00,-1.500000000000000000e+00,-0.000000000000000000e+00
1.943312934012086046e+00,1.664128927525319712e+00,9.486146616046866598e-01,1.500000000000000000e+00,0.000000000000000000e+00,0.000000000000000000e+00,0.000000000000000000e+00,-2.914969401018129069e+00,-2.914969401018129069e+00,-1.500000000000000000e+00,-0.000000000000000000e+00
1.821076194781969804e+00,1.685232833506596473e+00,8.199448434478207037e-01,1.500000000000000000e+00,0.000000000000000000e+00,0.000000000000000000e+00,0.000000000000000000e+00,-2.731614292172954706e+00,-2.731614292172954706e+00,-1.500000000000000000e+00,-0.000000000000000000e+00
-1.036990752404066018e+00,3.416681090773610041e-02,4.857383048844009510e-01,1.500000000000000000e+00,0.000000000000000000e+00,0.000000000000000000e+00,0.000000000000000000e+00,1.555486128606099028e+00,1.555486128606099028e+00,-1.500000000000000000e+00,0.000000000000000000e+00
1.332283997559323474e+00,3.955663153022782597e-01,1.944562037331252213e-01,1.500000000000000000e+00,0.000000000000000000e+00,0.000000000000000000e+00,0.000000000000000000e+00,-1.998425996338985211e+00,-1.998425996338985211e+00,-1.500000000000000000e+00,-0.000000000000000000e+00
2.203640325434135683e+00,1.078441754798069585e+00,6.148249796848254123e-01,1.500000000000000000e+00,0.000000000000000000e+00,0.000000000000000000e+00,0.000000000000000000e+00,-3.305460488151203524e+00,-3.305460488151203524e+00,-1.500000000000000000e+00,-0.000000000000000000e+00
2.357686549144736965e+00,5.340437651818127351e-01,5.878438196770893187e-01,1.500000000000000000e+00,0.000000000000000000e+00,0.000000000000000000e+00,0.000000000000000000e+00,-3.536529823717105447e+00,-3.536529823717105447e+00,-1.500000000000000000e+00,-0.000000000000000000e+00
-2.030926038318004778e+00,7.117896223625654883e-01,6.395566827337761939e-02,1.500000000000000000e+00,0.000000000000000000e+00,0.000000000000000000e+00,0.000000000000000000e+00,3.046389057477007167e+00,3.046389057477007167e+00,-1.500000000000000000e+00,0.000000000000000000e+00
-2.839785899482292209e+00,2.028335450122485284e+00,3.824991728232651766e-01,1.500000000000000000e+00,0.000000000000000000e+00,0.000000000000000000e+00,0.000000000000000000e+00,4.259678849223438313e+00,4.259678849223438313e+00,-1.500000000000000000e+00,0.000000000000000000e+00
9.048446605333717585e-01,2.883898114828289394e+00,9.207031028782688420e-01,1.500000000000000000e+00,0.000000000000000000e+00,0.000000000000000000e+00,0.000000000000000000e+00,-1.357266990800057638e+00,-1.357266990800057638e+00,-1.500000000000000000e+00,-0.000000000000000000e+00
-1.711942363537420020e+00,1.374181475171937450e+00,5.257534386345122934e-01,1.500000000000000000e+00,0.000000000000000000e+00,0.000000000000000000e+00,0.000000000000000000e+00,2.567913545306129919e+00,2.567913545306129919e+00,-1.500000000000000000e+00,0.000000000000000000e+00
3.822583456024153392e-01,1.938204897357838297e+00,1.810504539594995910e-01,1.500000000000000000e+00,0.000000000000000000e+00,0.000000000000000000e+00,0.000000000000000000e+00,-5.733875184036230088e-01,-5.733875184036230088e-01,-1.500000000000000000e+00,-0.000000000000000000e+00
2.668827178841045367e+00,2.284223527124568331e+00,6.439038905701189863e-01,1.500000000000000000e+00,0.000000000000000000e+00,0.000000000000000000e+00,0.000000000000000000e+00,-4.003240768261568050e+00,-4.003240768261568050e+00,-1.500000000000000000e+00,-0.000000000000000000e+00
-7.240822544845935127e-01,2.018876054480890136e+00,4.538737886591288628e-01,1.500000000000000000e+00,0.000000000000000000e+00,0.000000000000000000e+00,0.000000000000000000e+00,1.086123381726890269e+00,1.086123381726890269e+00,-1.500000000000000000e+00,0.000000000000000000e+00
-1.483352697694159561e+00,1.971038537515350964e+00,9.138050891158372435e-01,1.500000000000000000e+00,0.000000000000000000e+00,0.000000000000000000e+00,0.000000000000000000e+00,2.225029046541239452e+00,2.225029046541239452e+00,-1.500000000000000000e+00,0.000000000000000000e+00
-2.609397002287838774e-01,3.518271406692918823e-03,4.900498078990106476e-01,1.500000000000000000e+00,0.000000000000000000e+00,0.000000000000000000e+00,0.000000000000000000e+00,3.914095503431758161e-01,3.914095503431758161e-01,-1.500000000000000000e+00,0.000000000000000000e+00
9.434634796244019128e-01,2.609751248000650836e+00,2.612701702795228176e-02,1.500000000000000000e+00,0.000000000000000000e+00,0.000000000000000000e+00,0.000000000000000000e+00,-1.415195219436602869e+00,-1.415195219436602869e+00,-1.500000000000000000e+00,-0.000000000000000000e+00
-2.393406192872047367e+00,4.837911720366809831e-01,1.614341730076737091e-01,1.500000000000000000e+00,0.000000000000000000e+00,0.000000000000000000e+00,0.000000000000000000e+00,3.590109289308070828e+00,3.590109289308070828e+00,-1.500000000000000000e+00,0.000000000000000000e+00
-7.164914189967435121e-01,5.414805666427012776e-01,1.754076831617142895e-01,1.500000000000000000e+00,0.000000000000000000e+00,0.000000000000000000e+00,0.000000000000000000e+00,1.074737128495115268e+00,1.074737128495115268e+00,-1.500000000000000000e+00,0.000000000000000000e+00
-2.197672866968863659e+00,1.529429791166078800e+00,9.512205685182272275e-01,1.500000000000000000e+00,0.000000000000000000e+00,0.000000000000000000e+00,0.000000000000000000e+00,3.296509300453295488e+00,3.296509300453295488e+00,-1.500000000000000000e+00,0.000000000000000000e+00
9.746773296855231195e-01,1.760597191936277062e+00,3.593311207907257110e-01,1.500000000000000000e+00,0.000000000000000000e+00,0.000000000000000000e+00,0.000000000000000000e+00,-1.462015994528284679e+00,-1.462015994528284679e+00,-1.500000000000000000e+00,-0.000000000000000000e+00
1.983315193579104019e+00,2.266721349022732035e+00,3.488352951933455515e-01,1.500000000000000000e+00,0.000000000000000000e+00,0.000000000000000000e+00,0.000000000000000000e+00,-2.974972790368656028e+00,-2.974972790368656028e+00,-1.500000000000000000e+00,-0.000000000000000000e+00
-7.388773115473052933e-01,8.787722818862778729e-01,9.760953277710183729e-01,1.500000000000000000e+00,0.000000000000000000e+00,0.000000000000000000e+00,0.000000000000000000e+00,1.108315967320957940e+00,1.108315967320957940e+00,-1.500000000000000000e+00,0.000000000000000000e+00
-7.696562833534903447e-01,2.835531179514615197e+00,2.061834053690908553e-01,1.500000000000000000e+00,0.000000000000000000e+00,0.000000000000000000e+00,0.000000000000000000e+00,1.154484425030235517e+00,1.154484425030235517e+00,-1.500000000000000000e+00,0.000000000000000000e+00
2.371299536846072087e-01,1.884707655580409869e+00,6.220048261758903685e-01,1.500000000000000000e+00,0.000000000000000000e+00,0.000000000000000000e+00,0.000000000000000000e+00,-3.556949305269108130e-01,-3.556949305269108130e-01,-1.500000000000000000e+00,-0.000000000000000000e+00
-1.709653322171438505e+00,2.532424186182422154e+00,9.477271839296390610e-01,1.500000000000000000e+00,0.000000000000000000e+00,0.000000000000000000e+00,0.000000000000000000e+00,2.564479983257157869e+00,2.564479983257157869e+00,-1.500000000000000000e+00,0.000000000000000000e+00
-1.515542450299374622e+00,1.431047668221616664e+00,9.099651782668110034e-01,1.500000000000000000e+00,0.000000000000000000e+00,0.000000000000000000e+00,0.000000000000000000e+00,2.273313675449061932e+00,2.273313675449061932e+00,-1.500000000000000000e+00,0.000000000000000000e+00
-1.020886300305515304e+00,2.134404503884859139e-01,1.603634017701199843e-01,1.500000000000000000e+00,0.000000000000000000e+00,0.000000000000000000e+00,0.000000000000000000e+00,1.531329450458272845e+00,1.531329450458272845e+00,-1.500000000000000000e+00,0.000000000000000000e+00
-2.554458111706954249e-01,3.633047804606859277e-02,4.710652028286682613e-01,1.500000000000000000e+00,0.000000000000000000e+00,0.000000000000000000e+00,0.000000000000000000e+00,3.831687167560431373e-01,3.831687167560431373e-01,-1.500000000000000000e+00,0.000000000000000000e+00
-2.510811238184559535e+00,1.920764429933317086e+00,2.520625872863027084e-01,1.500000000000000000e+00,0.000000000000000000e+00,0.000000000000000000e+00,0.000000000000000000e+00,3.766216857276839303e+00,3.766216857276839303e+00,-1.500000000000000000e+00,0.000000000000000000e+00
1.516392818202033865e+00,1.278410573868669964e+00,6.999576749444432755e-01,1.500000000000000000e+00,0.000000000000000000e+00,0.000000000000000000e+00,0.000000000000000000e+00,-2.274589227303050798e+00,-2.274589227303050798e+00,-1.500000000000000000e+00,-0.000000000000000000e+00
4.743274465755256131e-01,1.321431056582642150e+00,2.460590271807028273e-01,1.500000000000000000e+00,0.000000000000000000e+00,0.000000000000000000e+00,0.000000000000000000e+00,-7.114911698632884196e-01,-7.114911698632884196e-01,-1.500000000000000000e+00,-0.000000000000000000e+00
-1.201836762656992796e+00,9.779651259849321265e-01,1.769318459879989369e-01,1.500000000000000000e+00,0.000000000000000000e+00,0.000000000000000000e+00,0.000000000000000000e+00,1.802755143985489195e+00,1.802755143985489195e+00,-1.500000000000000000e+00,0.000000000000000000e+00
-2.534720565893983313e+00,5.348893295342600496e-01,2.719165343803329193e-01,1.500000000000000000e+00,0.000000000000000000e+00,0.000000000000000000e+00,0.000000000000000000e+00,3.802080848840974969e+00,3.802080848840974969e+00,-1.500000000000000000e+00,0.000000000000000000e+00
1.579085708408887179e+00,1.421034716567580514e+00,1.307126177755163488e-01,1.500000000000000000e+00,0.000000000000000000e+00,0.000000000000000000e+00,0.000000000000000000e+00,-2.368628562613330768e+00,-2.368628562613330768e+00,-1.500000000000000000e+00,-0.000000000000000000e+00
-2.213526070252076039e+00,7.643857209102368211e-01,7.164248162998979597e-01,1.500000000000000000e+00,0.000000000000000000e+00,0.000000000000000000e+00,0.000000000000000000e+00,3.320289105378114058e+00,3.320289105378114058e+00,-1.500000000000000000e+00,0.000000000000000000e+00
-2.200760145901930365e+00,2.678259290885133481e+00,2.795056006168018525e-01,1.500000000000000000e+00,0.000000000000000000e+00,0.000000000000000000e+00,0.000000000000000000e+00,3.301140218852895547e+00,3.301140218852895547e+00,-1.500000000000000000e+00,0.000000000000000000e+00
-2.215894525156340222e+00,5.362183220258360805e-01,4.000453111727227951e-01,1.500000000000000000e+00,0.000000000000000000e+00,0.000000000000000000e+00,0.000000000000000000e+00,3.323841787734510334e+00,3.323841787734510334e+00,-1.500000000000000000e+00,0.000000000000000000e+00
-2.512426133304057174e+00,2.903032550295916892e+00,2.753365556913103251e-01,1.500000000000000000e+00,0.000000000000000000e+00,0.000000000000000000e+00,0.000000000000000000e+00,3.768639199956085761e+00,3.768639199956085761e+00,-1.500000000000000000e+00,0.000000000000000000e+00
2.438354192401542164e+00,2.580850124076720320e+00,3.802022012560231090e-01,1.500000000000000000e+00,0.000000000000000000e+00,0.000000000000000000e+00,0.000000000000000000e+00,-3.657531288602313246e+00,-3.657531288602313246e+00,-1.500000000000000000e+00,-0.000000000000000000e+00
-1.384534201959657151e+00,1.150902397534477206e+00,3.052605897375795241e-01,1.500000000000000000e+00,0.000000000000000000e+00,0.000000000000000000e+00,0.000000000000000000e+00,2.076801302939485616e+00,2.076801302939485616e+00,-1.500000000000000000e+00,0.000000000000000000e+00
-1.161536524758838729e+00,2.318570685538536402e+00,3.534836493432130800e-01,1.500000000000000000e+00,0.000000000000000000e+00,0.000000000000000000e+00,0.000000000000000000e+00,1.742304787138257982e+00,1.742304787138257982e+00,-1.500000000000000000e+00,0.000000000000000000e+00
1.996765860012406080e+00,1.742134847612109017e+00,7.089229378628389977e-01,1.500000000000000000e+00,0.000000000000000000e+00,0.000000000000000000e+00,0.000000000000000000e+00,-2.995148790018609120e+00,-2.995148790018609120e+00,-1.500000000000000000e+00,-0.000000000000000000e+00
7.195407582708082117e-01,1.397795026922368899e+00,1.738385207830009938e-01,1.500000000000000000e+00,0.000000000000000000e+00,0.000000000000000000e+00,0.000000000000000000e+00,-1.079311137406212318e+00,-1.079311137406212318e+00,-1.500000000000000000e+00,-0.000000000000000000e+00
-1.877139680755687046e+00,2.435977392904646877e+00,6.866721138332487762e-01,1.500000000000000000e+00,0.000000000000000000e+00,0.000000000000000000e+00,0.000000000000000000e+00,2.815709521133530568e+00,2.815709521133530568e+00,-1.500000000000000000e+00,0.000000000000000000e+00
-3.911195257404669334e-01,2.492374726483014946e+00,3.473301200735980920e-01,1.500000000000000000e+00,0.000000000000000000e+00,0.000000000000000000e+00,0.000000000000000000e+00,5.866792886107004001e-01,5.866792886107004001e-01,-1.500000000000000000e+00,0.000000000000000000e+00
2.303534788332879835e+00,6.045199424062154270e-01,9.357171839015743231e-02,1.500000000000000000e+00,0.000000000000000000e+00,0.000000000000000000e+00,0.000000000000000000e+00,-3.455302182499319752e+00,-3.455302182499319752e+00,-1.500000000000000000e+00,-0.000000000000000000e+00
-7.477558978832177239e-01,2.718031635776394506e+00,1.197472835027824090e-01,1.500000000000000000e+00,0.000000000000000000e+00,0.000000000000000000e+00,0.000000000000000000e+00,1.121633846824826586e+00,1.121633846824826586e+00,-1.500000000000000000e+00,0.000000000000000000e+00
1.265289319179202288e+00,9.624866522708486194e-02,9.004929327484026969e-01,1.500000000000000000e+00,0.000000000000000000e+00,0.000000000000000000e+00,0.000000000000000000e+00,-1.897933978768803431e+00,-1.897933978768803431e+00,-1.500000000000000000e+00,-0.000000000000000000e+00
-2.419153746981191677e+00,1.656948168339000826e-02,4.195736300344410363e-02,1.500000000000000000e+00,0.000000000000000000e+00,0.000000000000000000e+00,0.000000000000000000e+00,3.628730620471787738e+00,3.628730620471787738e+00,-1.500000000000000000e+00,0.000000000000000000e+00
1.363948660431263171e+00,1.451030958272229388e+00,2.762729021657229778e-01,1.500000000000000000e+00,0.000000000000000000e+00,0.000000000000000000e+00,0.000000000000000000e+00,-2.045922990646894757e+00,-2.045922990646894757e+00,-1.500000000000000000e+00,-0.000000000000000000e+00
1.658841144391479006e+00,9.040015544708713824e-01,8.635267324697485369e-01,1.500000000000000000e+00,0.000000000000000000e+00,0.000000000000000000e+00,0.000000000000000000e+00,-2.488261716587218508e+00,-2.488261716587218508e+00,-1.500000000000000000e+00,-0.000000000000000000e+00
1.954600690212795477e+00,1.268008670724637632e+00,7.946859418945217968e-02,1.500000000000000000e+00,0.000000000000000000e+00,0.000000000000000000e+00,0.000000000000000000e+00,-2.931901035319193216e+00,-2.931901035319193216e+00,-1.500000000000000000e+00,-0.000000000000000000e+00
1.045205942611267425e+00,1.437030772965313563e+00,2.109871497600971368e-01,1.500000000000000000e+00,0.000000000000000000e+00,0.000000000000000000e+00,0.000000000000000000e+00,-1.567808913916901137e+00,-1.567808913916901137e+00,-1.500000000000000000e+00,-0.000000000000000000e+00
-7.756032310424849641e-01,1.404989971734430743e+00,2.688028240324520368e-01,1.500000000000000000e+00,0.000000000000000000e+00,0.000000000000000000e+00,0.000000000000000000e+00,1.163404846563727446e+00,1.163404846563727446e+00,-1.500000000000000000e+00,0.000000000000000000e+00
-2.614727999003378045e+00,2.723526109593448652e+00,8.357883790073198371e-01,1.500000000000000000e+00,0.000000000000000000e+00,0.000000000000000000e+00,0.000000000000000000e+00,3.922091998505067068e+00,3.922091998505067068e+00,-1.500000000000000000e+00,0.000000000000000000e+00
1.126574043617694088e-01,2.754596102082987663e+00,1.157550303768639655e-01,1.500000000000000000e+00,0.000000000000000000e+00,0.000000000000000000e+00,0.000000000000000000e+00,-1.689861065426541131e-01,-1.689861065426541131e-01,-1.500000000000000000e+00,-0.000000000000000000e+00
1.544759438293212384e+00,1.038611683917499917e+00,9.455580290294748336e-01,1.500000000000000000e+00,0.000000000000000000e+00,0.000000000000000000e+00,0.000000000000000000e+00,-2.317139157439818575e+00,-2.317139157439818575e+00,-1.500000000000000000e+00,-0.000000000000000000e+00
-1.854970779061936970e+00,8.628322462017816719e-01,1.198898800053848079e-01,1.500000000000000000e+00,0.000000000000000000e+00,0.000000000000000000e+00,0.000000000000000000e+00,2.782456168592905676e+00,2.782456168592905676e+00,-1.500000000000000000e+00,0.000000000000000000e+00
-1.402576640322338530e+00,1.961995084706145809e+00,5.655202577172812051e-01,1.500000000000000000e+00,0.000000000000000000e+00,0.000000000000000000e+00,0.000000000000000000e+00,2.103864960483507573e+00,2.103864960483507573e+00,-1.500000000000000000e+00,0.000000000000000000e+00
2.167202542762329820e-01,5.952561900332783429e-01,7.732598003933180975e-01,1.500000000000000000e+00,0.000000000000000000e+00,0.000000000000000000e+00,0.000000000000000000e+00,-3.250803814143494730e-01,-3.250803814143494730e-01,-1.500000000000000000e+00,-0.000000000000000000e+00
1.489989377387515468e+00,1.201437176205480295e+00,5.585987027614208733e-01,1.500000000000000000e+00,0.000000000000000000e+00,0.000000000000000000e+00,0.000000000000000000e+00,-2.234984066081273202e+00,-2.234984066081273202e+00,-1.500000000000000000e+00,-0.000000000000000000e+00
2.379520384555076973e+00,2.153870485544307822e+00,5.074707034172719622e-01,1.500000000000000000e+00,0.000000000000000000e+00,0.000000000000000000e+00,0.000000000000000000e+00,-3.569280576832615459e+00,-3.569280576832615459e+00,-1.500000000000000000e+00,-0.000000000000000000e+00
-2.245550894794984931e+00,1.706934258939230009e-02,4.375700913066081776e-01,1.500000000000000000e+00,0.000000000000000000e+00,0.000000000000000000e+00,0.000000000000000000e+00,3.368326342192477618e+00,3.368326342192477618e+00,-1.500000000000000000e+00,0.000000000000000000e+00
-1.894378722801020487e+00,2.315478202757179638e+00,2.526746923777190013e-01,1.500000000000000000e+00,0.000000000000000000e+00,0.000000000000000000e+00,0.000000000000000000e+00,2.841568084201530731e+00,2.841568084201530731e+00,-1.500000000000000000e+00,0.000000000000000000e+00
1.797221828328856574e+00,2.201521488815599614e+00,9.925644667826477585e-01,1.500000000000000000e+00,0.000000000000000000e+00,0.000000000000000000e+00,0.000000000000000000e+00,-2.695832742493284861e+00,-2.695832742493284861e+00,-1.500000000000000000e+00,-0.000000000000000000e+00
8.671297381408482607e-01,1.161789399076206486e+00,4.038391234410166897e-01,1.500000000000000000e+00,0.000000000000000000e+00,0.000000000000000000e+00,0.000000000000000000e+00,-1.300694607211272391e+00,-1.300694607211272391e+00,-1.500000000000000000e+00,-0.000000000000000000e+00
1.325836750859864743e+00,7.435164319146473355e-01,6.395565244146803607e-01,1.500000000000000000e+00,0.000000000000000000e+00,0.000000000000000000e+00,0.000000000000000000e+00,-1.988755126289797115e+00,-1.988755126289797115e+00,-1.500000000000000000e+00,-0.000000000000000000e+00
2.980626990187881908e+00,1.620125761492190453e+00,5.824619314468028053e-01,1.500000000000000000e+00,0.000000000000000000e+00,0.000000000000000000e+00,0.000000000000000000e+00,-4.470940485281822419e+00,-4.470940485281822419e+00,-1.500000000000000000e+00,-0.000000000000000000e+00
2.635079752145286669e+00,8.869245373205060234e-01,9.618590630316572465e-01,1.500000000000000000e+00,0.000000000000000000e+00,0.000000000000000000e+00,0.000000000000000000e+00,-3.952619628217930003e+00,-3.952619628217930003e+00,-1.500000000000000000e+00,-0.000000000000000000e+00
2.058150401049516631e+00,2.463257149351329112e+00,2.440544557398953707e-01,1.500000000000000000e+00,0.000000000000000000e+00,0.000000000000000000e+00,0.000000000000000000e+00,-3.087225601574274947e+00,-3.087225601574274947e+00,-1.500000000000000000e+00,-0.000000000000000000e+00
1.662694854319092030e+00,1.771830786526349844e+00,1.549803634521327300e-01,1.500000000000000000e+00,0.000000000000000000e+00,0.000000000000000000e+00,0.000000000000000000e+00,-2.494042281478638046e+00,-2.494042281478638046e+00,-1.500000000000000000e+00,-0.000000000000000000e+00
-6.298847087613785867e-01,9.201930237912505639e-01,8.991354814607689372e-01,1.500000000000000000e+00,0.000000000000000000e+00,0.000000000000000000e+00,0.000000000000000000e+00,9.448270631420678800e-01,9.448270631420678800e-01,-1.500000000000000000e+00,0.000000000000000000e+00
8.473746636588908032e-01,2.423044659464451023e+00,5.089682624350511109e-01,1.500000000000000000e+00,0.000000000000000000e+00,0.000000000000000000e+00,0.000000000000000000e+00,-1.271061995488336205e+00,-1.271061995488336205e+00,-1.500000000000000000e+00,-0.000000000000000000e+00
-1.893326145320526566e+00,1.822765128191451645e+00,6.411741973045027576e-01,1.500000000000000000e+00,0.000000000000000000e+00,0.000000000000000000e+00,0.000000000000000000e+00,2.839989217980789959e+00,2.839989217980789959e+00,-1.500000000000000000e+00,0.000000000000000000e+00
1.556966791684835094e+00,3.958868695437204321e-01,6.251498164088701293e-01,1.500000000000000000e+00,0.000000000000000000e+00,0.000000000000000000e+00,0.000000000000000000e+00,-2.335450187527252641e+00,-2.335450187527252641e+00,-1.500000000000000000e+00,-0.000000000000000000e+00
1.546143987110331963e+00,1.242015123523696474e+00,7.823542917528710783e-01,1.500000000000000000e+00,0.000000000000000000e+00,0.000000000000000000e+00,0.000000000000000000e+00,-2.319215980665497945e+00,-2.319215980665497945e+00,-1.500000000000000000e+00,-0.000000000000000000e+00
1.327771281808313830e+00,1.469201884419097937e+00,8.377598826093290985e-01,1.500000000000000000e+00,0.000000000000000000e+00,0.000000000000000000e+00,0.000000000000000000e+00,-1.991656922712470745e+00,-1.991656922712470745e+00,-1.500000000000000000e+00,-0.000000000000000000e+00
-3.312058534393260700e-01,2.834227031750850223e+00,7.014356914521705511e-01,1.500000000000000000e+00,0.000000000000000000e+00,0.000000000000000000e+00,0.000000000000000000e+00,4.968087801589891050e-01,4.968087801589891050e-01,-1.500000000000000000e+00,0.000000000000000000e+00
-7.309180272550737101e-01,9.619963711376580129e-01,4.956248504531024501e-03,1.500000000000000000e+00,0.000000000000000000e+00,0.000000000000000000e+00,0.000000000000000000e+00,1.096377040882610565e+00,1.096377040882610565e+00,-1.500000000000000000e+00,0.000000000000000000e+00
-4.813744057803521770e-01,1.345552465467139802e+00,8.372087972249476762e-01,1.500000000000000000e+00,0.000000000000000000e+00,0.000000000000000000e+00,0.000000000000000000e+00,7.220616086705282655e-01,7.220616086705282655e-01,-1.500000000000000000e+00,0.000000000000000000e+00
-2.799964589332520681e+00,2.930383012721444302e+00,4.241714268377305697e-02,1.500000000000000000e+00,0.000000000000000000e+00,0.000000000000000000e+00,0.000000000000000000e+00,4.199946883998780578e+00,4.199946883998780578e+00,-1.500000000000000000e+00,0.000000000000000000e+00
2.065920698468957539e+00,1.278462479003780849e+00,8.576821399717347028e-01,1.500000000000000000e+00,0.000000000000000000e+00,0.000000000000000000e+00,0.000000000000000000e+00,-3.098881047703436309e+00,-3.098881047703436309e+00,-1.500000000000000000e+00,-0.000000000000000000e+00
2.542192653286283743e-01,2.481324484219185500e+00,1.094528221994961470e-03,1.500000000000000000e+00,0.000000000000000000e+00,0.000000000000000000e+00,0.000000000000000000e+00,-3.813288979929425615e-01,-3.813288979929425615e-01,-1.500000000000000000e+00,-0.000000000000000000e+00
-6.748881659896119878e-01,2.908962597399022965e-01,7.744268254087713910e-01,1.500000000000000000e+00,0.000000000000000000e+00,0.000000000000000000e+00,0.000000000000000000e+00,1.012332248984417982e+00,1.012332248984417982e+00,-1.500000000000000000e+00,0.000000000000000000e+00
2.881726095962333645e-01,1.181446036356209817e+00,6.387261406543122133e-01,1.500000000000000000e+00,0.000000000000000000e+00,0.000000000000000000e+00,0.000000000000000000e+00,-4.322589143943500467e-01,-4.322589143943500467e-01,-1.500000000000000000e+00,-0.000000000000000000e+00
1.329841311117973213e+00,5.514144993502673175e-01,2.596049305368353100e-02,1.500000000000000000e+00,0.000000000000000000e+00,0.000000000000000000e+00,0.000000000000000000e+00,-1.994761966676959819e+00,-1.994761966676959819e+00,-1.500000000000000000e+00,-0.000000000000000000e+00
-7.112347836096253317e-01,2.651958178307714409e+00,7.537273436763726187e-01,1.500000000000000000e+00,0.000000000000000000e+00,0.000000000000000000e+00,0.000000000000000000e+00,1.066852175414437998e+00,1.066852175414437998e+00,-1.500000000000000000e+00,0.000000000000000000e+00
1.983844040471951509e+00,1.657851645540944219e+00,5.795403983946449955e-01,1.500000000000000000e+00,0.000000000000000000e+00,0.000000000000000000e+00,0.000000000000000000e+00,-2.975766060707927263e+00,-2.975766060707927263e+00,-1.500000000000000000e+00,-0.000000000000000000e+00
2.516780077832322604e+00,6.556369052044225265e-01,1.210412503737789969e-01,1.500000000000000000e+00,0.000000000000000000e+00,0.000000000000000000e+00,0.000000000000000000e+00,-3.775170116748483906e+00,-3.775170116748483906e+00,-1.500000000000000000e+00,-0.000000000000000000e+00
-6.754062161361336081e-01,2.765309208810717845e-01,8.767874704760626470e-01,1.500000000000000000e+00,0.000000000000000000e+00,0.000000000000000000e+00,0.000000000000000000e+00,1.013109324204200412e+00,1.013109324204200412e+00,-1.500000000000000000e+00,0.000000000000000000e+00
-2.173103073900413129e+00,1.262722117875984873e+00,5.911654352804229795e-01,1.500000000000000000e+00,0.000000000000000000e+00,0.000000000000000000e+00,0.000000000000000000e+00,3.259654610850619694e+00,3.259654610850619694e+00,-1.500000000000000000e+00,0.000000000000000000e+00
1.562239775941093534e+00,2.892131709268982442e-01,4.626488314540649904e-01,1.500000000000000000e+00,0.000000000000000000e+00,0.000000000000000000e+00,0.000000000000000000e+00,-2.343359663911640300e+00,-2.343359663911640300e+00,-1.500000000000000000e+00,-0.000000000000000000e+00
2.957693152491636113e+00,1.455734790699447556e+00,9.453541662928677258e-01,1.500000000000000000e+00,0.000000000000000000e+00,0.000000000000000000e+00,0.000000000000000000e+00,-4.436539728737454169e+00,-4.436539728737454169e+00,-1.500000000000000000e+00,-0.000000000000000000e+00
-2.112071107427611949e+00,2.186363307206828477e+00,2.031337299616132741e-01,1.500000000000000000e+00,0.000000000000000000e+00,0.000000000000000000e+00,0.000000000000000000e+00,3.168106661141417923e+00,3.168106661141417923e+00,-1.500000000000000000e+00,0.000000000000000000e+00
1.276054056368788991e+00,9.311590577135718805e-01,1.763253478895950854e-01,1.500000000000000000e+00,0.000000000000000000e+00,0.000000000000000000e+00,0.000000000000000000e+00,-1.914081084553183487e+00,-1.914081084553183487e+00,-1.500000000000000000e+00,-0.000000000000000000e+00
1.951940401800241531e+00,5.024451307987753967e-01,8.923957976848529983e-01,1.500000000000000000e+00,0.000000000000000000e+00,0.000000000000000000e+00,0.000000000000000000e+00,-2.927910602700362297e+00,-2.927910602700362297e+00,-1.500000000000000000e+00,-0.000000000000000000e+00
2.523431669978166703e+00,1.084576496739323215e+00,1.604411810671562133e-01,1.500000000000000000e+00,0.000000000000000000e+00,0.000000000000000000e+00,0.000000000000000000e+00,-3.785147504967250054e+00,-3.785147504967250054e+00,-1.500000000000000000e+00,-0.000000000000000000e+00
-2.259711514334553861e+00,4.984755922302617215e-01,8.176465356386179995e-01,1.500000000000000000e+00,0.000000000000000000e+00,0.000000000000000000e+00,0.000000000000000000e+00,3.389567271501830792e+00,3.389567271501830792e+00,-1.500000000000000000e+00,0.000000000000000000e+00
-2.449140521090343192e+00,2.531517365724512914e+00,2.098796625666075055e-01,1.500000000000000000e+00,0.000000000000000000e+00,0.000000000000000000e+00,0.000000000000000000e+00,3.673710781635514788e+00,3.673710781635514788e+00,-1.500000000000000000e+00,0.000000000000000000e+00
2.927229491079200940e+00,2.883736066693781686e-01,8.139353835018681149e-01,1.500000000000000000e+00,0.000000000000000000e+00,0.000000000000000000e+00,0.000000000000000000e+00,-4.390844236618801411e+00,-4.390844236618801411e+00,-1.500000000000000000e+00,-0.000000000000000000e+00
-2.299461089390470114e+00,2.222827146870306247e+00,4.080852619366335254e-01,1.500000000000000000e+00,0.000000000000000000e+00,0.000000000000000000e+00,0.000000000000000000e+00,3.449191634085705171e+00,3.449191634085705171e+00,-1.500000000000000000e+00,0.000000000000000000e+00
-1.939154645178623682e+00,1.001517619689541228e+00,6.173684075420912132e-01,1.500000000000000000e+00,0.000000000000000000e+00,0.000000000000000000e+00,0.000000000000000000e+00,2.908731967767935522e+00,2.908731967767935522e+00,-1.500000000000000000e+00,0.000000000000000000e+00
4.497176029741138947e-01,2.185128833141172677e+00,6.072086754582647350e-01,1.500000000000000000e+00,0.000000000000000000e+00,0.000000000000000000e+00,0.000000000000000000e+00,-6.745764044611708421e-01,-6.745764044611708421e-01,-1.500000000000000000e+00,-0.000000000000000000e+00
-3.223617822621918094e-01,2.312880160591726408e+00,3.947375853489901720e-01,1.500000000000000000e+00,0.000000000000000000e+00,0.000000000000000000e+00,0.000000000000000000e+00,4.835426733932877141e-01,4.835426733932877141e-01,-1.500000000000000000e+00,0.000000000000000000e+00
1.502353147966998037e+00,4.051664061460417132e-01,5.184593233051928429e-01,1.500000000000000000e+00,0.000000000000000000e+00,0.000000000000000000e+00,0.000000000000000000e+00,-2.253529721950497056e+00,-2.253529721950497056e+00,-1.500000000000000000e+00,-0.000000000000000000e+00
-1.856656511051319791e+00,2.269520446286878546e+00,6.494109195463821926e-01,1.500000000000000000e+00,0.000000000000000000e+00,0.000000000000000000e+00,0.000000000000000000e+00,2.784984766576979798e+00,2.784984766576979798e+00,-1.500000000000000000e+00,0.000000000000000000e+00
2.486566569359516699e+00,2.836862108633896096e+00,1.364183095876443375e-01,1.500000000000000000e+00,0.000000000000000000e+00,0.000000000000000000e+00,0.000000000000000000e+00,-3.729849854039275048e+00,-3.729849854039275048e+00,-1.500000000000000000e+00,-0.000000000000000000e+00
-1.696830922153665266e+00,1.701157921672413753e+00,9.158951905623657908e-01,1.500000000000000000e+00,0.000000000000000000e+00,0.000000000000000000e+00,0.000000000000000000e+00,2.545246383230497678e+00,2.545246383230497678e+00,-1.500000000000000000e+00,0.000000000000000000e+00
1.614665941119838521e+00,1.934802449903792354e+00,8.233481534175551841e-01,1.500000000000000000e+00,0.000000000000000000e+00,0.000000000000000000e+00,0.000000000000000000e+00,-2.421998911679757782e+00,-2.421998911679757782e+00,-1.500000000000000000e+00,-0.000000000000000000e+00
-2.594378848355636258e+00,9.677575760429473206e-01,2.081336562576375782e-01,1.500000000000000000e+00,0.000000000000000000e+00,0.000000000000000000e+00,0.000000000000000000e+00,3.891568272533454387e+00,3.891568272533454387e+00,-1.500000000000000000e+00,0.000000000000000000e+00
-1.595844734570075474e-01,5.234461727519504892e-01,2.252456318909166200e-01,1.500000000000000000e+00,0.000000000000000000e+00,0.000000000000000000e+00,0.000000000000000000e+00,2.393767101855113211e-01,2.393767101855113211e-01,-1.500000000000000000e+00,0.000000000000000000e+00
-2.804650040128842114e+00,2.233159836697253375e+00,3.945495117510257055e-01,1.500000000000000000e+00,0.000000000000000000e+00,0.000000000000000000e+00,0.000000000000000000e+00,4.206975060193263616e+00,4.206975060193263616e+00,-1.500000000000000000e+00,0.000000000000000000e+00
-1.117135761617382261e+00,2.461397550341385632e+00,7.716416844222524496e-01,1.500000000000000000e+00,0.000000000000000000e+00,0.000000000000000000e+00,0.000000000000000000e+00,1.675703642426073392e+00,1.675703642426073392e+00,-1.500000000000000000e+00,0.000000000000000000e+00
-1.126615954949825804e+00,6.184272935932203508e-01,5.168107781868296335e-01,1.500000000000000000e+00,0.000000000000000000e+00,0.000000000000000000e+00,0.000000000000000000e+00,1.689923932424738595e+00,1.689923932424738595e+00,-1.500000000000000000e+00,0.000000000000000000e+00
1.318490634831453789e+00,3.403207307202975596e-01,3.148995924689139692e-01,1.500000000000000000e+00,0.000000000000000000e+00,0.000000000000000000e+00,0.000000000000000000e+00,-1.977735952247180684e+00,-1.977735952247180684e+00,-1.500000000000000000e+00,-0.000000000000000000e+00
-2.698951010856007748e-01,1.056837509912807338e+00,7.684985356616382823e-01,1.500000000000000000e+00,0.000000000000000000e+00,0.000000000000000000e+00,0.000000000000000000e+00,4.048426516284011623e-01,4.048426516284011623e-01,-1.500000000000000000e+00,0.000000000000000000e+00
-2.659353825642499558e+00,1.878250750808910574e+00,1.955697963341285206e-01,1.500000000000000000e+00,0.000000000000000000e+00,0.000000000000000000e+00,0.000000000000000000e+00,3.989030738463749337e+00,3.989030738463749337e+00,-1.500000000000000000e+00,0.000000000000000000e+00
2.972169956573981864e+00,1.095198096185508785e+00,7.085109428287268418e-01,1.500000000000000000e+00,0.000000000000000000e+00,0.000000000000000000e+00,0.000000000000000000e+00,-4.458254934860972796e+00,-4.458254934860972796e+00,-1.500000000000000000e+00,-0.000000000000000000e+00
2.332195840249996266e+00,2.892037060426600359e+00,7.536246284008778495e-01,1.500000000000000000e+00,0.000000000000000000e+00,0.000000000000000000e+00,0.000000000000000000e+00,-3.498293760374994399e+00,-3.498293760374994399e+00,-1.500000000000000000e+00,-0.000000000000000000e+00
2.497943609840418411e+00,2.374424992749360364e+00,1.019793264942575606e-01,1.500000000000000000e+00,0.000000000000000000e+00,0.000000000000000000e+00,0.000000000000000000e+00,-3.746915414760627616e+00,-3.746915414760627616e+00,-1.500000000000000000e+00,-0.000000000000000000e+00
-1.520546819558167506e+00,2.748572362987056650e+00,5.699880904558342065e-01,1.500000000000000000e+00,0.000000000000000000e+00,0.000000000000000000e+00,0.000000000000000000e+00,2.280820229337251259e+00,2.280820229337251259e+00,-1.500000000000000000e+00,0.000000000000000000e+00
-6.353384716501921936e-01,1.798926510102496934e+00,5.939489602061160944e-01,1.500000000000000000e+00,0.000000000000000000e+00,0.000000000000000000e+00,0.000000000000000000e+00,9.530077074752882904e-01,9.530077074752882904e-01,-1.500000000000000000e+00,0.000000000000000000e+00
-1.636922994519879770e+00,2.267264526444555450e+00,9.712121434672924547e-01,1.500000000000000000e+00,0.000000000000000000e+00,0.000000000000000000e+00,0.000000000000000000e+00,2.455384491779819545e+00,2.455384491779819545e+00,-1.500000000000000000e+00,0.000000000000000000e+00
-2.250561706934005812e+00,2.852960929275277113e+00,2.988434416038424635e-01,1.500000000000000000e+00,0.000000000000000000e+00,0.000000000000000000e+00,0.000000000000000000e+00,3.375842560401008718e+00,3.375842560401008718e+00,-1.500000000000000000e+00,0.000000000000000000e+00
-2.801856452005585751e+00,1.068713729515937683e-01,4.599675268992227117e-01,1.500000000000000000e+00,0.000000000000000000e+00,0.000000000000000000e+00,0.000000000000000000e+00,4.202784678008378627e+00,4.202784678008378627e+00,-1.500000000000000000e+00,0.000000000000000000e+00
2.001868791844163553e-02,1.724731895995037734e+00,9.359454988724708047e-01,1.500000000000000000e+00,0.000000000000000000e+00,0.000000000000000000e+00,0.000000000000000000e+00,-3.002803187766245330e-02,-3.002803187766245330e-02,-1.500000000000000000e+00,-0.000000000000000000e+00
-2.261198063601661978e+00,5.612797673221157080e-01,1.305495254160417007e-01,1.500000000000000000e+00,0.000000000000000000e+00,0.000000000000000000e+00,0.000000000000000000e+00,3.391797095402492968e+00,3.391797095402492968e+00,-1.500000000000000000e+00,0.000000000000000000e+00
-1.942173771791237069e+00,2.385336834305549658e+00,8.970422169228886577e-01,1.500000000000000000e+00,0.000000000000000000e+00,0.000000000000000000e+00,0.000000000000000000e+00,2.913260657686855382e+00,2.913260657686855382e+00,-1.500000000000000000e+00,0.000000000000000000e+00
2.162854082745725215e+00,6.979114156717752815e-01,3.655435626948912997e-01,1.500000000000000000e+00,0.000000000000000000e+00,0.000000000000000000e+00,0.000000000000000000e+00,-3.244281124118587822e+00,-3.244281124118587822e+00,-1.500000000000000000e+00,-0.000000000000000000e+00
-9.454338819641172620e-02,2.224839499393909126e+00,3.435455145227866991e-01,1.500000000000000000e+00,0.000000000000000000e+00,0.000000000000000000e+00,0.000000000000000000e+00,1.418150822946175893e-01,1.418150822946175893e-01,-1.500000000000000000e+00,0.000000000000000000e+00
-1.897778873878503969e+00,9.978589939142860077e-01,9.950206794673410737e-01,1.500000000000000000e+00,0.000000000000000000e+00,0.000000000000000000e+00,0.000000000000000000e+00,2.846668310817755732e+00,2.846668310817755732e+00,-1.500000000000000000e+00,0.000000000000000000e+00
1.019187358903873353e+00,1.954571445437704114e+00,3.904153185725297570e-01,1.500000000000000000e+00,0.000000000000000000e+00,0.000000000000000000e+00,0.000000000000000000e+00,-1.528781038355810029e+00,-1.528781038355810029e+00,-1.500000000000000000e+00,-0.000000000000000000e+00
-1.404810733831083125e+00,2.036880108820634305e+00,2.472658333440745926e-01,1.500000000000000000e+00,0.000000000000000000e+00,0.000000000000000000e+00,0.000000000000000000e+00,2.107216100746624576e+00,2.107216100746624576e+00,-1.500000000000000000e+00,0.000000000000000000e+00
1.616232003003430506e-01,2.726456378091127508e+00,2.073497615597215127e-01,1.500000000000000000e+00,0.000000000000000000e+00,0.000000000000000000e+00,0.000000000000000000e+00,-2.424348004505145759e-01,-2.424348004505145759e-01,-1.500000000000000000e+00,-0.000000000000000000e+00
-1.302282792825933511e+00,2.617139701402286800e+00,6.956138256836442713e-01,1.500000000000000000e+00,0.000000000000000000e+00,0.000000000000000000e+00,0.000000000000000000e+00,1.953424189238900155e+00,1.953424189238900155e+00,-1.500000000000000000e+00,0.000000000000000000e+00
9.696712506566296241e-02,1.313408816729795703e+00,6.358516814582879650e-01,1.500000000000000000e+00,0.000000000000000000e+00,0.000000000000000000e+00,0.000000000000000000e+00,-1.454506875984944436e-01,-1.454506875984944436e-01,-1.500000000000000000e+00,-0.000000000000000000e+00
7.712015444949100740e-01,2.067056080568789422e+00,2.390082930864736444e-01,1.500000000000000000e+00,0.000000000000000000e+00,0.000000000000000000e+00,0.000000000000000000e+00,-1.156802316742365111e+00,-1.156802316742365111e+00,-1.500000000000000000e+00,-0.000000000000000000e+00
2.172484772476068748e-01,5.471834333096201597e-01,4.950815696725970882e-01,1.500000000000000000e+00,0.000000000000000000e+00,0.000000000000000000e+00,0.000000000000000000e+00,-3.258727158714103123e-01,-3.258727158714103123e-01,-1.500000000000000000e+00,-0.000000000000000000e+00
-6.263753562305964806e-01,2.942173253789783782e-01,2.865551528352644484e-01,1.500000000000000000e+00,0.000000000000000000e+00,0.000000000000000000e+00,0.000000000000000000e+00,9.395630343458947209e-01,9.395630343458947209e-01,-1.500000000000000000e+00,0.000000000000000000e+00
1.744882792623174694e+00,2.142190350838406587e+00,8.372796567323662620e-01,1.500000000000000000e+00,0.000000000000000000e+00,0.000000000000000000e+00,0.000000000000000000e+00,-2.617324188934762041e+00,-2.617324188934762041e+00,-1.500000000000000000e+00,-0.000000000000000000e+00
2.240624694874107092e+00,2.720505572309223741e+00,3.577802692952580799e-01,1.500000000000000000e+00,0.000000000000000000e+00,0.000000000000000000e+00,0.000000000000000000e+00,-3.360937042311160639e+00,-3.360937042311160639e+00,-1.500000000000000000e+00,-0.000000000000000000e+00
-1.923772417870762030e+00,2.239947936178105170e+00,6.156349867855904767e-01,1.500000000000000000e+00,0.000000000000000000e+00,0.000000000000000000e+00,0.000000000000000000e+00,2.885658626806143268e+00,2.885658626806143268e+00,-1.500000000000000000e+00,0.000000000000000000e+00
-2.182147651091817409e+00,1.550289158720713489e+00,9.135819468286932032e-01,1.500000000000000000e+00,0.000000000000000000e+00,0.000000000000000000e+00,0.000000000000000000e+00,3.273221476637726113e+00,3.273221476637726113e+00,-1.500000000000000000e+00,0.000000000000000000e+00
-2.320850155307743634e+00,1.888748956751712615e+00,2.387808383146727831e-01,1.500000000000000000e+00,0.000000000000000000e+00,0.000000000000000000e+00,0.000000000000000000e+00,3.481275232961615451e+00,3.481275232961615451e+00,-1.500000000000000000e+00,0.000000000000000000e+00
2.877580382689903793e+00,2.190236448309547335e+00,9.522216795203309880e-01,1.500000000000000000e+00,0.000000000000000000e+00,0.000000000000000000e+00,0.000000000000000000e+00,-4.316370574034856133e+00,-4.316370574034856133e+00,-1.500000000000000000e+00,-0.000000000000000000e+00
2.649547817135506023e+00,1.707986689179711748e+00,4.853492152794844916e-01,1.500000000000000000e+00,0.000000000000000000e+00,0.000000000000000000e+00,0.000000000000000000e+00,-3.974321725703259034e+00,-3.974321725703259034e+00,-1.500000000000000000e+00,-0.000000000000000000e+00
-1.615996906193385652e+00,1.089202788523813803e+00,6.402791204898323763e-01,1.500000000000000000e+00,0.000000000000000000e+00,0.000000000000000000e+00,0.000000000000000000e+00,2.423995359290078255e+00,2.423995359290078255e+00,-1.500000000000000000e+00,0.000000000000000000e+00
2.819445441493027893e+00,2.552282106044672982e+00,2.720207461449556385e-01,1.500000000000000000e+00,0.000000000000000000e+00,0.000000000000000000e+00,0.000000000000000000e+00,-4.229168162239542283e+00,-4.229168162239542283e+00,-1.500000000000000000e+00,-0.000000000000000000e+00
-1.753093997259576042e+00,1.107806523385953312e+00,6.944652505164432554e-01,1.500000000000000000e+00,0.000000000000000000e+00,0.000000000000000000e+00,0.000000000000000000e+00,2.629640995889364063e+00,2.629640995889364063e+00,-1.500000000000000000e+00,0.000000000000000000e+00
3.885609712878457245e-02,2.711045073530172100e+00,7.237778965230254880e-01,1.500000000000000000e+00,0.000000000000000000e+00,0.000000000000000000e+00,0.000000000000000000e+00,-5.828414569317685867e-02,-5.828414569317685867e-02,-1.500000000000000000e+00,-0.000000000000000000e+00
-1.568973468290835172e-02,2.398211625392428381e+00,5.922313868969565354e-01,1.500000000000000000e+00,0.000000000000000000e+00,0.000000000000000000e+00,0.000000000000000000e+00,2.353460202436252757e-02,2.353460202436252757e-02,-1.500000000000000000e+00,0.000000000000000000e+00
2.489735416433040527e+00,2.379059136674943176e+00,8.625384580874251306e-01,1.500000000000000000e+00,0.000000000000000000e+00,0.000000000000000000e+00,0.000000000000000000e+00,-3.734603124649560790e+00,-3.734603124649560790e+00,-1.500000000000000000e+00,-0.000000000000000000e+00
-2.756826840631340758e+00,2.501198684604350575e+00,4.716284188110571041e-01,1.500000000000000000e+00,0.000000000000000000e+00,0.000000000000000000e+00,0.000000000000000000e+00,4.135240260947011137e+00,4.135240260947011137e+00,-1.500000000000000000e+00,0.000000000000000000e+00
-1.107895113393711606e+00,2.960436876909113835e+00,1.502194989539107350e-02,1.500000000000000000e+00,0.000000000000000000e+00,0.000000000000000000e+00,0.000000000000000000e+00,1.661842670090567520e+00,1.661842670090567520e+00,-1.500000000000000000e+00,0.000000000000000000e+00
5.998481907943649105e-01,2.969590439116420733e+00,9.134098328301858416e-01,1.500000000000000000e+00,0.000000000000000000e+00,0.000000000000000000e+00,0.000000000000000000e+00,-8.997722861915473658e-01,-8.997722861915473658e-01,-1.500000000000000000e+00,-0.000000000000000000e+00
-2.601610688980326103e+00,1.504211218095836688e+00,5.679294129287183468e-01,1.500000000000000000e+00,0.000000000000000000e+00,0.000000000000000000e+00,0.000000000000000000e+00,3.902416033470489154e+00,3.902416033470489154e+00,-1.500000000000000000e+00,0.000000000000000000e+00
-1.580696541563869628e+00,1.131839216859249264e+00,6.149964949342948684e-01,1.500000000000000000e+00,0.000000000000000000e+00,0.000000000000000000e+00,0.000000000000000000e+00,2.371044812345804331e+00,2.371044812345804331e+00,-1.500000000000000000e+00,0.000000000000000000e+00
-2.096192754147572224e-01,2.199528378462952460e+00,5.985696767455387368e-01,1.500000000000000000e+00,0.000000000000000000e+00,0.000000000000000000e+00,0.000000000000000000e+00,3.144289131221358335e-01,3.144289131221358335e-01,-1.500000000000000000e+00,0.000000000000000000e+00
2.285142161215366841e+00,2.903771485548963582e+00,4.122959131898173979e-02,1.500000000000000000e+00,0.000000000000000000e+00,0.000000000000000000e+00,0.000000000000000000e+00,-3.427713241823050261e+00,-3.427713241823050261e+00,-1.500000000000000000e+00,-0.000000000000000000e+00
1.565757129946726778e+00,1.890251010402339782e+00,2.875460505285878376e-01,1.500000000000000000e+00,0.000000000000000000e+00,0.000000000000000000e+00,0.000000000000000000e+00,-2.348635694920090167e+00,-2.348635694920090167e+00,-1.500000000000000000e+00,-0.000000000000000000e+00
1.973882817370448350e+00,7.710718358483781287e-02,8.984113384704905947e-02,1.500000000000000000e+00,0.000000000000000000e+00,0.000000000000000000e+00,0.000000000000000000e+00,-2.960824226055672526e+00,-2.960824226055672526e+00,-1.500000000000000000e+00,-0.000000000000000000e+00
1.566418635175874208e+00,1.156629816020812163e-01,6.498054799518341307e-01,1.500000000000000000e+00,0.000000000000000000e+00,0.000000000000000000e+00,0.000000000000000000e+00,-2.349627952763811312e+00,-2.349627952763811312e+00,-1.500000000000000000e+00,-0.000000000000000000e+00
1.246324656298698486e+00,1.392494045298829253e+00,8.547150964670037210e-01,1.500000000000000000e+00,0.000000000000000000e+00,0.000000000000000000e+00,0.000000000000000000e+00,-1.869486984448047728e+00,-1.869486984448047728e+00,-1.500000000000000000e+00,-0.000000000000000000e+00
2.098160055878680375e+00,2.363107727229514232e+00,6.605640951734197408e-01,1.500000000000000000e+00,0.000000000000000000e+00,0.000000000000000000e+00,0.000000000000000000e+00,-3.147240083818020562e+00,-3.147240083818020562e+00,-1.500000000000000000e+00,-0.000000000000000000e+00
1.088860144420133125e+00,2.662499237608230374e+00,8.135854323352744721e-01,1.500000000000000000e+00,0.000000000000000000e+00,0.000000000000000000e+00,0.000000000000000000e+00,-1.633290216630199687e+00,-1.633290216630199687e+00,-1.500000000000000000e+00,-0.000000000000000000e+00
1.414098355881606928e+00,1.125022694690145153e+00,3.326332596228910310e-01,1.500000000000000000e+00,0.000000000000000000e+00,0.000000000000000000e+00,0.000000000000000000e+00,-2.121147533822410391e+00,-2.121147533822410391e+00,-1.500000000000000000e+00,-0.000000000000000000e+00
-1.190132983486714702e+00,1.551507882637308100e+00,3.147596334557511977e-02,1.500000000000000000e+00,0.000000000000000000e+00,0.000000000000000000e+00,0.000000000000000000e+00,1.785199475230072164e+00,1.785199475230072164e+00,-1.500000000000000000e+00,0.000000000000000000e+00
-1.994155662607550061e+00,1.539102693745715289e+00,4.096465727658346045e-01,1.500000000000000000e+00,0.000000000000000000e+00,0.000000000000000000e+00,0.000000000000000000e+00,2.991233493911324981e+00,2.991233493911324981e+00,-1.500000000000000000e+00,0.000000000000000000e+00
1.539149874934730988e+00,2.837410492166801967e-01,1.687802639594638832e-01,1.500000000000000000e+00,0.000000000000000000e+00,0.000000000000000000e+00,0.000000000000000000e+00,-2.308724812402096482e+00,-2.308724812402096482e+00,-1.500000000000000000e+00,-0.000000000000000000e+00
-2.004976225388032773e+00,2.671781559799524253e-03,3.052243297312897674e-01,1.500000000000000000e+00,0.000000000000000000e+00,0.000000000000000000e+00,0.000000000000000000e+00,3.007464338082049160e+00,3.007464338082049160e+00,-1.500000000000000000e+00,0.000000000000000000e+00
2.516735109119814240e+00,1.571033802370540133e+00,2.388416154310611939e-01,1.500000000000000000e+00,0.000000000000000000e+00,0.000000000000000000e+00,0.000000000000000000e+00,-3.775102663679721360e+00,-3.775102663679721360e+00,-1.500000000000000000e+00,-0.000000000000000000e+00
5.798570241367277944e-01,1.512849892903071591e+00,1.806575362745606039e-01,1.500000000000000000e+00,0.000000000000000000e+00,0.000000000000000000e+00,0.000000000000000000e+00,-8.697855362050916916e-01,-8.697855362050916916e-01,-1.500000000000000000e+00,-0.000000000000000000e+00
-1.023395322769048654e+00,2.590842729415492762e+00,6.877318169305377538e-01,1.500000000000000000e+00,0.000000000000000000e+00,0.000000000000000000e+00,0.000000000000000000e+00,1.535092984153572981e+00,1.535092984153572981e+00,-1.500000000000000000e+00,0.000000000000000000e+00
2.619858939914105456e+00,5.450483132102700301e-01,5.976601459219458290e-01,1.500000000000000000e+00,0.000000000000000000e+00,0.000000000000000000e+00,0.000000000000000000e+00,-3.929788409871158184e+00,-3.929788409871158184e+00,-1.500000000000000000e+00,-0.000000000000000000e+00
-2.069218368372931494e+00,2.557619653909801283e+00,8.227551746041557035e-01,1.500000000000000000e+00,0.000000000000000000e+00,0.000000000000000000e+00,0.000000000000000000e+00,3.103827552559397240e+00,3.103827552559397240e+00,-1.500000000000000000e+00,0.000000000000000000e+00
8.679802617147824861e-02,8.137678768712462984e-01,9.842235275750634838e-01,1.500000000000000000e+00,0.000000000000000000e+00,0.000000000000000000e+00,0.000000000000000000e+00,-1.301970392572173729e-01,-1.301970392572173729e-01,-1.500000000000000000e+00,-0.000000000000000000e+00
-2.450675560702583411e+00,1.617758445661284350e+00,2.375400422410254286e-01,1.500000000000000000e+00,0.000000000000000000e+00,0.000000000000000000e+00,0.000000000000000000e+00,3.676013341053875116e+00,3.676013341053875116e+00,-1.500000000000000000e+00,0.000000000000000000e+00
2.792566254507442558e+00,2.121047518695674761e+00,9.380731024941442175e-01,1.500000000000000000e+00,0.000000000000000000e+00,0.000000000000000000e+00,0.000000000000000000e+00,-4.188849381761164281e+00,-4.188849381761164281e+00,-1.500000000000000000e+00,-0.000000000000000000e+00
4.522563708697733276e-01,4.358249468788996106e-01,7.676706157991479706e-01,1.500000000000000000e+00,0.000000000000000000e+00,0.000000000000000000e+00,0.000000000000000000e+00,-6.783845563046599914e-01,-6.783845563046599914e-01,-1.500000000000000000e+00,-0.000000000000000000e+00
1.821999586800323812e+00,2.839264103345256807e+00,5.628390626013861642e-01,1.500000000000000000e+00,0.000000000000000000e+00,0.000000000000000000e+00,0.000000000000000000e+00,-2.732999380200485717e+00,-2.732999380200485717e+00,-1.500000000000000000e+00,-0.000000000000000000e+00
-1.308465488113782937e+00,2.873581733868104227e+00,9.726229009606953690e-01,1.500000000000000000e+00,0.000000000000000000e+00,0.000000000000000000e+00,0.000000000000000000e+00,1.962698232170674295e+00,1.962698232170674295e+00,-1.500000000000000000e+00,0.000000000000000000e+00
1.810779760011231865e+00,2.909975694230784615e+00,5.124155754988652944e-01,1.500000000000000000e+00,0.000000000000000000e+00,0.000000000000000000e+00,0.000000000000000000e+00,-2.716169640016847797e+00,-2.716169640016847797e+00,-1.500000000000000000e+00,-0.000000000000000000e+00
1.217051793534587922e+00,6.727899100637646512e-03,2.830116125200021759e-02,1.500000000000000000e+00,0.000000000000000000e+00,0.000000000000000000e+00,0.000000000000000000e+00,-1.825577690301881884e+00,-1.825577690301881884e+00,-1.500000000000000000e+00,-0.000000000000000000e+00
8.620888187561117633e-01,1.930295956671181479e+00,1.249041988262373781e-01,1.500000000000000000e+00,0.000000000000000000e+00,0.000000000000000000e+00,0.000000000000000000e+00,-1.293133228134167645e+00,-1.293133228134167645e+00,-1.500000000000000000e+00,-0.000000000000000000e+00
2.703376889442191455e+00,2.013225281337056138e+00,3.128137454129952255e-01,1.500000000000000000e+00,0.000000000000000000e+00,0.000000000000000000e+00,0.000000000000000000e+00,-4.055065334163287183e+00,-4.055065334163287183e+00,-1.500000000000000000e+00,-0.000000000000000000e+00
-3.990519714285420960e-01,2.639736936899284903e+00,6.962993273679655148e-01,1.500000000000000000e+00,0.000000000000000000e+00,0.000000000000000000e+00,0.000000000000000000e+00,5.985779571428131440e-01,5.985779571428131440e-01,-1.500000000000000000e+00,0.000000000000000000e+00
-5.094693984472371540e-01,6.044318468545671896e-01,5.663005901121107577e-01,1.500000000000000000e+00,0.000000000000000000e+00,0.000000000000000000e+00,0.000000000000000000e+00,7.642040976708557309e-01,7.642040976708557309e-01,-1.500000000000000000e+00,0.000000000000000000e+00
1.152726772710100711e+00,3.720867702861488935e-01,6.832123645077458063e-01,1.500000000000000000e+00,0.000000000000000000e+00,0.000000000000000000e+00,0.000000000000000000e+00,-1.729090159065151067e+00,-1.729090159065151067e+00,-1.500000000000000000e+00,-0.000000000000000000e+00
2.010331836858236798e+00,2.428302269647274692e+00,1.874252247132046634e-02,1.500000000000000000e+00,0.000000000000000000e+00,0.000000000000000000e+00,0.000000000000000000e+00,-3.015497755287355197e+00,-3.015497755287355197e+00,-1.500000000000000000e+00,-0.000000000000000000e+00
-9.895438797972340161e-01,7.851038283567767229e-01,2.479489817142352948e-01,1.500000000000000000e+00,0.000000000000000000e+00,0.000000000000000000e+00,0.000000000000000000e+00,1.484315819695851024e+00,1.484315819695851024e+00,-1.500000000000000000e+00,0.000000000000000000e+00
1.017942328174434863e+00,1.980927620703495373e-01,5.547171488888382740e-01,1.500000000000000000e+00,0.000000000000000000e+00,0.000000000000000000e+00,0.000000000000000000e+00,-1.526913492261652294e+00,-1.526913492261652294e+00,-1.500000000000000000e+00,-0.000000000000000000e+00
-1.745775552815362230e+00,2.757610315606345841e-01,6.543337013984805717e-01,1.500000000000000000e+00,0.000000000000000000e+00,0.000000000000000000e+00,0.000000000000000000e+00,2.618663329223043235e+00,2.618663329223043235e+00,-1.500000000000000000e+00,0.000000000000000000e+00
3.101998419172984356e-01,1.935531831894840016e+00,4.319436870460887645e-01,1.500000000000000000e+00,0.000000000000000000e+00,0.000000000000000000e+00,0.000000000000000000e+00,-4.652997628759476534e-01,-4.652997628759476534e-01,-1.500000000000000000e+00,-0.000000000000000000e+00
1.615030211208797084e+00,1.607575497043286727e+00,2.182040676633172360e-01,1.500000000000000000e+00,0.000000000000000000e+00,0.000000000000000000e+00,0.000000000000000000e+00,-2.422545316813195626e+00,-2.422545316813195626e+00,-1.500000000000000000e+00,-0.000000000000000000e+00
-2.608110293098981014e+00,2.243693828530469503e+00,3.098023312925201056e-01,1.500000000000000000e+00,0.000000000000000000e+00,0.000000000000000000e+00,0.000000000000000000e+00,3.912165439648471299e+00,3.912165439648471299e+00,-1.500000000000000000e+00,0.000000000000000000e+00
1.367052392665629057e+00,2.421360491181633101e+00,7.609341377935882056e-01,1.500000000000000000e+00,0.000000000000000000e+00,0.000000000000000000e+00,0.000000000000000000e+00,-2.050578588998443585e+00,-2.050578588998443585e+00,-1.500000000000000000e+00,-0.000000000000000000e+00
-2.907405138296979885e+00,8.123234541714041690e-03,7.176072040582205380e-01,1.500000000000000000e+00,0.000000000000000000e+00,0.000000000000000000e+00,0.000000000000000000e+00,4.361107707445469828e+00,4.361107707445469828e+00,-1.500000000000000000e+00,0.000000000000000000e+00
2.750100173971746109e+00,2.798814268429655971e+00,2.472703325003720032e-01,1.500000000000000000e+00,0.000000000000000000e+00,0.000000000000000000e+00,0.000000000000000000e+00,-4.125150260957619608e+00,-4.125150260957619608e+00,-1.500000000000000000e+00,-0.000000000000000000e+00
-1.879811970094267259e-01,2.639026895974708520e+00,9.505747882591940590e-01,1.500000000000000000e+00,0.000000000000000000e+00,0.000000000000000000e+00,0.000000000000000000e+00,2.819717955141400889e-01,2.819717955141400889e-01,-1.500000000000000000e+00,0.000000000000000000e+00
-5.455748623117271379e-01,2.799185941951671808e+00,4.396917620295737184e-02,1.500000000000000000e+00,0.000000000000000000e+00,0.000000000000000000e+00,0.000000000000000000e+00,8.183622934675907068e-01,8.183622934675907068e-01,-1.500000000000000000e+00,0.000000000000000000e+00
1.322667905206312611e+00,2.306006580765631142e+00,2.344091433471737762e-01,1.500000000000000000e+00,0.000000000000000000e+00,0.000000000000000000e+00,0.000000000000000000e+00,-1.984001857809468916e+00,-1.984001857809468916e+00,-1.500000000000000000e+00,-0.000000000000000000e+00
1.397932197965499057e-01,1.151268554194081917e+00,4.382302214173738886e-01,1.500000000000000000e+00,0.000000000000000000e+00,0.000000000000000000e+00,0.000000000000000000e+00,-2.096898296948248586e-01,-2.096898296948248586e-01,-1.500000000000000000e+00,-0.000000000000000000e+00
1.385093131939580502e+00,7.444906342185562131e-01,8.043566548568017449e-01,1.500000000000000000e+00,0.000000000000000000e+00,0.000000000000000000e+00,0.000000000000000000e+00,-2.077639697909370753e+00,-2.077639697909370753e+00,-1.500000000000000000e+00,-0.000000000000000000e+00
-2.491452631597736112e+00,2.737372709871509269e+00,5.652369806309478495e-01,1.500000000000000000e+00,0.000000000000000000e+00,0.000000000000000000e+00,0.000000000000000000e+00,3.737178947396603945e+00,3.737178947396603945e+00,-1.500000000000000000e+00,0.000000000000000000e+00
3.767512239772354832e-01,1.260643653352770066e+00,6.755194887409439186e-01,1.500000000000000000e+00,0.000000000000000000e+00,0.000000000000000000e+00,0.000000000000000000e+00,-5.651268359658532248e-01,-5.651268359658532248e-01,-1.500000000000000000e+00,-0.000000000000000000e+00
3.486521570975256168e-01,1.463718982408343194e+00,9.512894701653942242e-01,1.500000000000000000e+00,0.000000000000000000e+00,0.000000000000000000e+00,0.000000000000000000e+00,-5.229782356462884252e-01,-5.229782356462884252e-01,-1.500000000000000000e+00,-0.000000000000000000e+00
2.592683350252920960e+00,2.095328861560315836e+00,3.670449083400455503e-01,1.500000000000000000e+00,0.000000000000000000e+00,0.000000000000000000e+00,0.000000000000000000e+00,-3.889025025379381439e+00,-3.889025025379381439e+00,-1.500000000000000000e+00,-0.000000000000000000e+00
-2.762366531468209097e+00,2.065204444442216403e+00,1.814421339997598359e-01,1.500000000000000000e+00,0.000000000000000000e+00,0.000000000000000000e+00,0.000000000000000000e+00,4.143549797202313201e+00,4.143549797202313201e+00,-1.500000000000000000e+00,0.000000000000000000e+00
-2.830821416615538766e-01,2.080291669726590520e+00,4.094475393805814267e-01,1.500000000000000000e+00,0.000000000000000000e+00,0.000000000000000000e+00,0.000000000000000000e+00,4.246232124923308149e-01,4.246232124923308149e-01,-1.500000000000000000e+00,0.000000000000000000e+00
7.864374729601961711e-01,1.870791957976648545e+00,5.634047996927461499e-01,1.500000000000000000e+00,0.000000000000000000e+00,0.000000000000000000e+00,0.000000000000000000e+00,-1.179656209440294257e+00,-1.179656209440294257e+00,-1.500000000000000000e+00,-0.000000000000000000e+00
3.044817076095096553e-01,1.525894622513093601e+00,1.344430052573498680e-01,1.500000000000000000e+00,0.000000000000000000e+00,0.000000000000000000e+00,0.000000000000000000e+00,-4.567225614142644829e-01,-4.567225614142644829e-01,-1.500000000000000000e+00,-0.000000000000000000e+00
-2.555033413095558092e+00,2.301074242358105870e+00,3.860875035578881231e-02,1.500000000000000000e+00,0.000000000000000000e+00,0.000000000000000000e+00,0.000000000000000000e+00,3.832550119643337361e+00,3.832550119643337361e+00,-1.500000000000000000e+00,0.000000000000000000e+00
5.593703591138732278e-01,1.187372281361115611e+00,7.260032701436287539e-01,1.500000000000000000e+00,0.000000000000000000e+00,0.000000000000000000e+00,0.000000000000000000e+00,-8.390555386708098418e-01,-8.390555386708098418e-01,-1.500000000000000000e+00,-0.000000000000000000e+00
-1.666818688636414025e+00,7.870857289181723004e-01,9.887586020860027469e-01,1.500000000000000000e+00,0.000000000000000000e+00,0.000000000000000000e+00,0.000000000000000000e+00,2.500228032954621149e+00,2.500228032954621149e+00,-1.500000000000000000e+00,0.000000000000000000e+00
-1.826704923978911932e+00,2.727216495988286304e+00,9.314007929424238386e-01,1.500000000000000000e+00,0.000000000000000000e+00,0.000000000000000000e+00,0.000000000000000000e+00,2.740057385968367676e+00,2.740057385968367676e+00,-1.500000000000000000e+00,0.000000000000000000e+00
2.272145308485921333e+00,2.537955082141988061e+00,3.761941641051611551e-01,1.500000000000000000e+00,0.000000000000000000e+00,0.000000000000000000e+00,0.000000000000000000e+00,-3.408217962728882000e+00,-3.408217962728882000e+00,-1.500000000000000000e+00,-0.000000000000000000e+00
-1.812947353561881192e+00,2.153851398297676578e+00,4.541465543745109024e-01,1.500000000000000000e+00,0.000000000000000000e+00,0.000000000000000000e+00,0.000000000000000000e+00,2.719421030342821677e+00,2.719421030342821677e+00,-1.500000000000000000e+00,0.000000000000000000e+00
-2.742554879611693863e-01,5.047771461173103935e-01,8.289002436276932118e-01,1.500000000000000000e+00,0.000000000000000000e+00,0.000000000000000000e+00,0.000000000000000000e+00,4.113832319417540795e-01,4.113832319417540795e-01,-1.500000000000000000e+00,0.000000000000000000e+00
1.501721293435219096e+00,1.369706542659118176e-01,9.849125745404280208e-01,1.500000000000000000e+00,0.000000000000000000e+00,0.000000000000000000e+00,0.000000000000000000e+00,-2.252581940152828643e+00,-2.252581940152828643e+00,-1.500000000000000000e+00,-0.000000000000000000e+00
1.243892316147565680e+00,2.767340994206207494e+00,3.561835290996402392e-01,1.500000000000000000e+00,0.000000000000000000e+00,0.000000000000000000e+00,0.000000000000000000e+00,-1.865838474221348520e+00,-1.865838474221348520e+00,-1.500000000000000000e+00,-0.000000000000000000e+00
3.207540355277909150e-01,2.828747907014802276e+00,9.518927852476801732e-01,1.500000000000000000e+00,0.000000000000000000e+00,0.000000000000000000e+00,0.000000000000000000e+00,-4.811310532916863725e-01,-4.811310532916863725e-01,-1.500000000000000000e+00,-0.000000000000000000e+00
1.842274481558342281e+00,8.172212406346397451e-01,6.986681307003850261e-01,1.500000000000000000e+00,0.000000000000000000e+00,0.000000000000000000e+00,0.000000000000000000e+00,-2.763411722337513421e+00,-2.763411722337513421e+00,-1.500000000000000000e+00,-0.000000000000000000e+00
-2.051029547760281346e-01,1.888384469457411230e+00,1.472570649900896145e-01,1.500000000000000000e+00,0.000000000000000000e+00,0.000000000000000000e+00,0.000000000000000000e+00,3.076544321640422019e-01,3.076544321640422019e-01,-1.500000000000000000e+00,0.000000000000000000e+00
7.223126024365873477e-01,5.511464037010382899e-02,4.504068387250322880e-01,1.500000000000000000e+00,0.000000000000000000e+00,0.000000000000000000e+00,0.000000000000000000e+00,-1.083468903654881021e+00,-1.083468903654881021e+00,-1.500000000000000000e+00,-0.000000000000000000e+00
1.913499844313616194e+00,1.181010465875483195e+00,3.059791059372596322e-03,1.500000000000000000e+00,0.000000000000000000e+00,0.000000000000000000e+00,0.000000000000000000e+00,-2.870249766470424291e+00,-2.870249766470424291e+00,-1.500000000000000000e+00,-0.000000000000000000e+00
1.068549816077778658e+00,2.111964529131533652e+00,4.074425752399779554e-01,1.500000000000000000e+00,0.000000000000000000e+00,0.000000000000000000e+00,0.000000000000000000e+00,-1.602824724116667987e+00,-1.602824724116667987e+00,-1.500000000000000000e+00,-0.000000000000000000e+00
8.509702002442698365e-01,1.083114454980983687e+00,5.230552453449697214e-01,1.500000000000000000e+00,0.000000000000000000e+00,0.000000000000000000e+00,0.000000000000000000e+00,-1.276455300366404755e+00,-1.276455300366404755e+00,-1.500000000000000000e+00,-0.000000000000000000e+00
-5.632276575773036420e-01,2.421352694701105701e+00,7.980000671243946408e-01,1.500000000000000000e+00,0.000000000000000000e+00,0.000000000000000000e+00,0.000000000000000000e+00,8.448414863659554630e-01,8.448414863659554630e-01,-1.500000000000000000e+00,0.000000000000000000e+00
3.499407485601730983e-01,2.738390824322163741e+00,3.306628838317956509e-01,1.500000000000000000e+00,0.000000000000000000e+00,0.000000000000000000e+00,0.000000000000000000e+00,-5.249111228402596474e-01,-5.249111228402596474e-01,-1.500000000000000000e+00,-0.000000000000000000e+00
-6.235040161419771465e-01,4.116237213150318874e-01,6.495237300835644545e-01,1.500000000000000000e+00,0.000000000000000000e+00,0.000000000000000000e+00,0.000000000000000000e+00,9.352560242129657198e-01,9.352560242129657198e-01,-1.500000000000000000e+00,0.000000000000000000e+00
1.465753531782893582e+00,2.064506893293484246e+00,6.632044425349702399e-01,1.500000000000000000e+00,0.000000000000000000e+00,0.000000000000000000e+00,0.000000000000000000e+00,-2.198630297674340373e+00,-2.198630297674340373e+00,-1.500000000000000000e+00,-0.000000000000000000e+00
-7.174190633144985618e-01,1.128014784085561217e+00,5.240428613915234513e-01,1.500000000000000000e+00,0.000000000000000000e+00,0.000000000000000000e+00,0.000000000000000000e+00,1.076128594971747843e+00,1.076128594971747843e+00,-1.500000000000000000e+00,0.000000000000000000e+00
-2.002730740833316148e-01,5.231522928006490103e-01,6.132819421748829658e-01,1.500000000000000000e+00,0.000000000000000000e+00,0.000000000000000000e+00,0.000000000000000000e+00,3.004096111249974221e-01,3.004096111249974221e-01,-1.500000000000000000e+00,0.000000000000000000e+00
1.532742539987109964e+00,1.047726537461787233e+00,4.599204605160152060e-01,1.500000000000000000e+00,0.000000000000000000e+00,0.000000000000000000e+00,0.000000000000000000e+00,-2.299113809980664946e+00,-2.299113809980664946e+00,-1.500000000000000000e+00,-0.000000000000000000e+00
2.193479083610938574e-02,1.445440033773758071e+00,6.105245057496931915e-01,1.500000000000000000e+00,0.000000000000000000e+00,0.000000000000000000e+00,0.000000000000000000e+00,-3.290218625416407860e-02,-3.290218625416407860e-02,-1.500000000000000000e+00,-0.000000000000000000e+00
-9.718045759082172275e-01,2.687675208692639206e+00,4.607022593554639389e-01,1.500000000000000000e+00,0.000000000000000000e+00,0.000000000000000000e+00,0.000000000000000000e+00,1.457706863862325841e+00,1.457706863862325841e+00,-1.500000000000000000e+00,0.000000000000000000e+00
1.960913633216539331e+00,2.296206017776213137e+00,9.119317015341785737e-01,1.500000000000000000e+00,0.000000000000000000e+00,0.000000000000000000e+00,0.000000000000000000e+00,-2.941370449824808997e+00,-2.941370449824808997e+00,-1.500000000000000000e+00,-0.000000000000000000e+00
-7.142244352025830523e-01,1.553654773077639550e-02,1.129804636113183047e-01,1.500000000000000000e+00,0.000000000000000000e+00,0.000000000000000000e+00,0.000000000000000000e+00,1.071336652803874578e+00,1.071336652803874578e+00,-1.500000000000000000e+00,0.000000000000000000e+00
2.068374604046931076e+00,1.693291758711633621e-01,8.639092808365154141e-01,1.500000000000000000e+00,0.000000000000000000e+00,0.000000000000000000e+00,0.000000000000000000e+00,-3.102561906070396613e+00,-3.102561906070396613e+00,-1.500000000000000000e+00,-0.000000000000000000e+00
1.711442416192271665e+00,2.981566089697544442e+00,7.450987524005704410e-01,1.500000000000000000e+00,0.000000000000000000e+00,0.000000000000000000e+00,0.000000000000000000e+00,-2.567163624288407497e+00,-2.567163624288407497e+00,-1.500000000000000000e+00,-0.000000000000000000e+00
-3.162670573745116620e-01,1.669873200003551883e+00,1.124052877124481764e-02,1.500000000000000000e+00,0.000000000000000000e+00,0.000000000000000000e+00,0.000000000000000000e+00,4.744005860617674930e-01,4.744005860617674930e-01,-1.500000000000000000e+00,0.000000000000000000e+00
1.277345638378966086e+00,1.830557111910207979e+00,7.189615679386891500e-01,1.500000000000000000e+00,0.000000000000000000e+00,0.000000000000000000e+00,0.000000000000000000e+00,-1.916018457568449129e+00,-1.916018457568449129e+00,-1.500000000000000000e+00,-0.000000000000000000e+00
-2.793661798494969872e+00,1.058285390907021117e+00,3.627770352920253183e-01,1.500000000000000000e+00,0.000000000000000000e+00,0.000000000000000000e+00,0.000000000000000000e+00,4.190492697742454808e+00,4.190492697742454808e+00,-1.500000000000000000e+00,0.000000000000000000e+00
-6.612095767089769538e-01,2.494325736329482623e+00,5.070923920557566245e-01,1.500000000000000000e+00,0.000000000000000000e+00,0.000000000000000000e+00,0.000000000000000000e+00,9.918143650634654307e-01,9.918143650634654307e-01,-1.500000000000000000e+00,0.000000000000000000e+00
2.162002117176442972e+00,1.671080073098527574e+00,5.176650451645854467e-01,1.500000000000000000e+00,0.000000000000000000e+00,0.000000000000000000e+00,0.000000000000000000e+00,-3.243003175764664459e+00,-3.243003175764664459e+00,-1.500000000000000000e+00,-0.000000000000000000e+00
4.772361451101563290e-01,1.777790043412584176e+00,7.351955990042972067e-01,1.500000000000000000e+00,0.000000000000000000e+00,0.000000000000000000e+00,0.000000000000000000e+00,-7.158542176652344935e-01,-7.158542176652344935e-01,-1.500000000000000000e+00,-0.000000000000000000e+00
3.469549573403867271e-01,7.485430912424334560e-01,4.863646099187455274e-01,1.500000000000000000e+00,0.000000000000000000e+00,0.000000000000000000e+00,0.000000000000000000e+00,-5.204324360105800906e-01,-5.204324360105800906e-01,-1.500000000000000000e+00,-0.000000000000000000e+00
9.884333133212850342e-01,2.330125524268311654e+00,6.357527637805249210e-01,1.500000000000000000e+00,0.000000000000000000e+00,0.000000000000000000e+00,0.000000000000000000e+00,-1.482649969981927551e+00,-1.482649969981927551e+00,-1.500000000000000000e+00,-0.000000000000000000e+00
1.066029791845535257e+00,6.425048383964803156e-01,2.192538485034588591e-01,1.500000000000000000e+00,0.000000000000000000e+00,0.000000000000000000e+00,0.000000000000000000e+00,-1.599044687768302886e+00,-1.599044687768302886e+00,-1.500000000000000000e+00,-0.000000000000000000e+00
5.015895062827464557e-01,4.117704997189489680e-01,7.076171613271553529e-02,1.500000000000000000e+00,0.000000000000000000e+00,0.000000000000000000e+00,0.000000000000000000e+00,-7.523842594241196835e-01,-7.523842594241196835e-01,-1.500000000000000000e+00,-0.000000000000000000e+00
-4.762241369404232039e-01,1.792136703920030438e+00,6.682407387145862243e-01,1.500000000000000000e+00,0.000000000000000000e+00,0.000000000000000000e+00,0.000000000000000000e+00,7.143362054106348058e-01,7.143362054106348058e-01,-1.500000000000000000e+00,0.000000000000000000e+00
-1.899097870879220995e+00,2.496977171884462887e+00,9.885360652498453859e-01,1.500000000000000000e+00,0.000000000000000000e+00,0.000000000000000000e+00,0.000000000000000000e+00,2.848646806318831715e+00,2.848646806318831715e+00,-1.500000000000000000e+00,0.000000000000000000e+00
-1.244147789184802289e+00,8.792284361900264411e-01,7.755769037208393168e-02,1.500000000000000000e+00,0.000000000000000000e+00,0.000000000000000000e+00,0.000000000000000000e+00,1.866221683777203433e+00,1.866221683777203433e+00,-1.500000000000000000e+00,0.000000000000000000e+00
-1.242466937792819692e+00,9.063074626023635005e-01,9.107098267301477756e-01,1.500000000000000000e+00,0.000000000000000000e+00,0.000000000000000000e+00,0.000000000000000000e+00,1.863700406689229538e+00,1.863700406689229538e+00,-1.500000000000000000e+00,0.000000000000000000e+00
-4.155304521586122846e-01,4.481178082797514506e-01,3.844158102342617456e-01,1.500000000000000000e+00,0.000000000000000000e+00,0.000000000000000000e+00,0.000000000000000000e+00,6.232956782379184268e-01,6.232956782379184268e-01,-1.500000000000000000e+00,0.000000000000000000e+00
2.994352532878894912e+00,1.809521030469770864e+00,6.532630493530873217e-01,1.500000000000000000e+00,0.000000000000000000e+00,0.000000000000000000e+00,0.000000000000000000e+00,-4.491528799318341925e+00,-4.491528799318341925e+00,-1.500000000000000000e+00,-0.000000000000000000e+00
-8.846883487279719738e-01,2.312322840428790105e+00,2.660519724019120291e-01,1.500000000000000000e+00,0.000000000000000000e+00,0.000000000000000000e+00,0.000000000000000000e+00,1.327032523091957961e+00,1.327032523091957961e+00,-1.500000000000000000e+00,0.000000000000000000e+00
-3.157243090843886435e-01,3.768713825692839858e-01,6.912996624461600348e-01,1.500000000000000000e+00,0.000000000000000000e+00,0.000000000000000000e+00,0.000000000000000000e+00,4.735864636265829652e-01,4.735864636265829652e-01,-1.500000000000000000e+00,0.000000000000000000e+00
-7.702346170412832649e-01,1.605509218148561956e+00,4.358962562888367698e-01,1.500000000000000000e+00,0.000000000000000000e+00,0.000000000000000000e+00,0.000000000000000000e+00,1.155351925561924897e+00,1.155351925561924897e+00,-1.500000000000000000e+00,0.000000000000000000e+00
4.885664371492266511e-01,1.619171583049987095e+00,7.949486356285114796e-01,1.500000000000000000e+00,0.000000000000000000e+00,0.000000000000000000e+00,0.000000000000000000e+00,-7.328496557238399767e-01,-7.328496557238399767e-01,-1.500000000000000000e+00,-0.000000000000000000e+00
2.687391476854875449e+00,3.202653794417528177e-01,2.769806436286315066e-01,1.500000000000000000e+00,0.000000000000000000e+00,0.000000000000000000e+00,0.000000000000000000e+00,-4.031087215282313174e+00,-4.031087215282313174e+00,-1.500000000000000000e+00,-0.000000000000000000e+00
2.334437362311113873e+00,1.590873143871945894e+00,3.328909129427940483e-01,1.500000000000000000e+00,0.000000000000000000e+00,0.000000000000000000e+00,0.000000000000000000e+00,-3.501656043466670809e+00,-3.501656043466670809e+00,-1.500000000000000000e+00,-0.000000000000000000e+00
-7.371675257728034225e-01,8.156341497095256354e-01,6.253827541271113066e-01,1.500000000000000000e+00,0.000000000000000000e+00,0.000000000000000000e+00,0.000000000000000000e+00,1.105751288659205134e+00,1.105751288659205134e+00,-1.500000000000000000e+00,0.000000000000000000e+00
-1.398593147748403043e+00,5.973778705414108936e-01,1.053766815807185564e-01,1.500000000000000000e+00,0.000000000000000000e+00,0.000000000000000000e+00,0.000000000000000000e+00,2.097889721622604675e+00,2.097889721622604675e+00,-1.500000000000000000e+00,0.000000000000000000e+00
2.306391626108396764e+00,2.956665575176250282e+00,9.752127372265217975e-01,1.500000000000000000e+00,0.000000000000000000e+00,0.000000000000000000e+00,0.000000000000000000e+00,-3.459587439162595146e+00,-3.459587439162595146e+00,-1.500000000000000000e+00,-0.000000000000000000e+00
-3.699996651504644518e-02,2.710283891156660685e-01,6.073400206247360211e-01,1.500000000000000000e+00,0.000000000000000000e+00,0.000000000000000000e+00,0.000000000000000000e+00,5.549994977256966777e-02,5.549994977256966777e-02,-1.500000000000000000e+00,0.000000000000000000e+00
1.113246882708939900e+00,1.030281215926627247e+00,9.723460185070035289e-01,1.500000000000000000e+00,0.000000000000000000e+00,0.000000000000000000e+00,0.000000000000000000e+00,-1.669870324063409850e+00,-1.669870324063409850e+00,-1.500000000000000000e+00,-0.000000000000000000e+00
-2.560251463022082064e+00,1.855930729912192323e+00,1.780966553886980108e-01,1.500000000000000000e+00,0.000000000000000000e+00,0.000000000000000000e+00,0.000000000000000000e+00,3.840377194533123095e+00,3.840377194533123095e+00,-1.500000000000000000e+00,0.000000000000000000e+00
2.199346181317488380e+00,1.214483733239139163e+00,7.090594728153416515e-01,1.500000000000000000e+00,0.000000000000000000e+00,0.000000000000000000e+00,0.000000000000000000e+00,-3.299019271976232570e+00,-3.299019271976232570e+00,-1.500000000000000000e+00,-0.000000000000000000e+00
-1.122209024298446156e+00,5.367160277880023145e-02,2.015542151757004907e-01,1.500000000000000000e+00,0.000000000000000000e+00,0.000000000000000000e+00,0.000000000000000000e+00,1.683313536447669234e+00,1.683313536447669234e+00,-1.500000000000000000e+00,0.000000000000000000e+00
-3.283825627518544010e-02,2.598742544596048809e+00,8.304850102350203045e-02,1.500000000000000000e+00,0.000000000000000000e+00,0.000000000000000000e+00,0.000000000000000000e+00,4.925738441277816015e-02,4.925738441277816015e-02,-1.500000000000000000e+00,0.000000000000000000e+00
-1.811873509443258090e+00,7.176572446924598392e-01,4.429743719512797551e-01,1.500000000000000000e+00,0.000000000000000000e+00,0.000000000000000000e+00,0.000000000000000000e+00,2.717810264164887357e+00,2.717810264164887357e+00,-1.500000000000000000e+00,0.000000000000000000e+00
-4.785442636427372776e-01,1.236245909083316663e+00,4.713212793098350284e-01,1.500000000000000000e+00,0.000000000000000000e+00,0.000000000000000000e+00,0.000000000000000000e+00,7.178163954641059163e-01,7.178163954641059163e-01,-1.500000000000000000e+00,0.000000000000000000e+00
1.968293503780730980e+00,2.725616694882576851e+00,5.580999957064709527e-01,1.500000000000000000e+00,0.000000000000000000e+00,0.000000000000000000e+00,0.000000000000000000e+00,-2.952440255671096470e+00,-2.952440255671096470e+00,-1.500000000000000000e+00,-0.000000000000000000e+00
1.965475487242192010e+00,2.908641679476664965e+00,4.664734616608582352e-01,1.500000000000000000e+00,0.000000000000000000e+00,0.000000000000000000e+00,0.000000000000000000e+00,-2.948213230863288015e+00,-2.948213230863288015e+00,-1.500000000000000000e+00,-0.000000000000000000e+00
-1.579679215896971911e-01,2.744324064933898910e+00,1.956471779023822855e-01,1.500000000000000000e+00,0.000000000000000000e+00,0.000000000000000000e+00,0.000000000000000000e+00,2.369518823845457867e-01,2.369518823845457867e-01,-1.500000000000000000e+00,0.000000000000000000e+00
1.607464207071090279e+00,1.233039864365491844e+00,6.821360357108862127e-01,1.500000000000000000e+00,0.000000000000000000e+00,0.000000000000000000e+00,0.000000000000000000e+00,-2.411196310606635418e+00,-2.411196310606635418e+00,-1.500000000000000000e+00,-0.000000000000000000e+00
-2.515988056405618067e-01,2.232372424584696979e+00,2.660813083985448246e-01,1.500000000000000000e+00,0.000000000000000000e+00,0.000000000000000000e+00,0.000000000000000000e+00,3.773982084608427101e-01,3.773982084608427101e-01,-1.500000000000000000e+00,0.000000000000000000e+00
-7.598619589247497252e-01,2.545319067139417690e+00,2.902743229542484871e-01,1.500000000000000000e+00,0.000000000000000000e+00,0.000000000000000000e+00,0.000000000000000000e+00,1.139792938387124588e+00,1.139792938387124588e+00,-1.500000000000000000e+00,0.000000000000000000e+00
2.753338594827221542e-01,5.917129653661631350e-01,7.813105475628959740e-01,1.500000000000000000e+00,0.000000000000000000e+00,0.000000000000000000e+00,0.000000000000000000e+00,-4.130007892240832312e-01,-4.130007892240832312e-01,-1.500000000000000000e+00,-0.000000000000000000e+00
-1.791955397043047293e+00,2.908397941360538752e+00,6.817889579087146323e-01,1.500000000000000000e+00,0.000000000000000000e+00,0.000000000000000000e+00,0.000000000000000000e+00,2.687933095564571051e+00,2.687933095564571051e+00,-1.500000000000000000e+00,0.000000000000000000e+00
-1.100630850719593656e+00,3.042325943487891315e-01,7.270494866912962095e-01,1.500000000000000000e+00,0.000000000000000000e+00,0.000000000000000000e+00,0.000000000000000000e+00,1.650946276079390485e+00,1.650946276079390485e+00,-1.500000000000000000e+00,0.000000000000000000e+00
1.239172627940270388e+00,1.973153908017321712e+00,9.218254090489673702e-01,1.500000000000000000e+00,0.000000000000000000e+00,0.000000000000000000e+00,0.000000000000000000e+00,-1.858758941910405582e+00,-1.858758941910405582e+00,-1.500000000000000000e+00,-0.000000000000000000e+00
1.623083889208082553e+00,7.171024299590372797e-01,8.525686784634205484e-01,1.500000000000000000e+00,0.000000000000000000e+00,0.000000000000000000e+00,0.000000000000000000e+00,-2.434625833812123830e+00,-2.434625833812123830e+00,-1.500000000000000000e+00,-0.000000000000000000e+00
-2.659751188228472785e+00,6.450059845763037591e-01,2.195065589735000211e-01,1.500000000000000000e+00,0.000000000000000000e+00,0.000000000000000000e+00,0.000000000000000000e+00,3.989626782342709177e+00,3.989626782342709177e+00,-1.500000000000000000e+00,0.000000000000000000e+00
1.396956840316491366e+00,4.117519293439055872e-01,9.761027534057357125e-01,1.500000000000000000e+00,0.000000000000000000e+00,0.000000000000000000e+00,0.000000000000000000e+00,-2.095435260474737049e+00,-2.095435260474737049e+00,-1.500000000000000000e+00,-0.000000000000000000e+00
1.904579614189274572e+00,2.826330827754235386e+00,5.200005409982615401e-01,1.500000000000000000e+00,0.000000000000000000e+00,0.000000000000000000e+00,0.000000000000000000e+00,-2.856869421283911858e+00,-2.856869421283911858e+00,-1.500000000000000000e+00,-0.000000000000000000e+00
-3.288385605104009457e-01,3.848242448360263968e-01,5.585247448737907794e-01,1.500000000000000000e+00,0.000000000000000000e+00,0.000000000000000000e+00,0.000000000000000000e+00,4.932578407656014186e-01,4.932578407656014186e-01,-1.500000000000000000e+00,0.000000000000000000e+00
-2.625276522834580906e+00,2.737454640431888464e+00,2.785269785639309381e-01,1.500000000000000000e+00,0.000000000000000000e+00,0.000000000000000000e+00,0.000000000000000000e+00,3.937914784251871581e+00,3.937914784251871581e+00,-1.500000000000000000e+00,0.000000000000000000e+00
1.097479532673293789e+00,4.971188634944769813e-01,3.874845984105667052e-01,1.500000000000000000e+00,0.000000000000000000e+00,0.000000000000000000e+00,0.000000000000000000e+00,-1.646219299009940684e+00,-1.646219299009940684e+00,-1.500000000000000000e+00,-0.000000000000000000e+00
-1.523018042212965772e+00,9.877231749141135442e-01,5.573060451013339689e-01,1.500000000000000000e+00,0.000000000000000000e+00,0.000000000000000000e+00,0.000000000000000000e+00,2.284527063319448548e+00,2.284527063319448548e+00,-1.500000000000000000e+00,0.000000000000000000e+00
8.601439735333187286e-01,6.344219330739927498e-01,3.360064185085231969e-02,1.500000000000000000e+00,0.000000000000000000e+00,0.000000000000000000e+00,0.000000000000000000e+00,-1.290215960299978093e+00,-1.290215960299978093e+00,-1.500000000000000000e+00,-0.000000000000000000e+00
-7.402649455949754653e-01,2.963805279363806999e+00,7.201975523542227808e-01,1.500000000000000000e+00,0.000000000000000000e+00,0.000000000000000000e+00,0.000000000000000000e+00,1.110397418392463198e+00,1.110397418392463198e+00,-1.500000000000000000e+00,0.000000000000000000e+00
8.229811223273695298e-01,2.787541967999072057e-01,3.488359158863312270e-01,1.500000000000000000e+00,0.000000000000000000e+00,0.000000000000000000e+00,0.000000000000000000e+00,-1.234471683491054295e+00,-1.234471683491054295e+00,-1.500000000000000000e+00,-0.000000000000000000e+00
-1.451190719534122264e+00,2.583513703453901744e+00,6.919627452506762477e-01,1.500000000000000000e+00,0.000000000000000000e+00,0.000000000000000000e+00,0.000000000000000000e+00,2.176786079301183285e+00,2.176786079301183285e+00,-1.500000000000000000e+00,0.000000000000000000e+00
-1.407778645522297367e-01,9.013591962507422339e-01,7.320331526035751546e-01,1.500000000000000000e+00,0.000000000000000000e+00,0.000000000000000000e+00,0.000000000000000000e+00,2.111667968283446051e-01,2.111667968283446051e-01,-1.500000000000000000e+00,0.000000000000000000e+00
1.480484342069261494e-01,2.856872995788969138e+00,6.185009038448391339e-01,1.500000000000000000e+00,0.000000000000000000e+00,0.000000000000000000e+00,0.000000000000000000e+00,-2.220726513103892241e-01,-2.220726513103892241e-01,-1.500000000000000000e+00,-0.000000000000000000e+00
7.860790945847671018e-01,2.251008983735101943e+00,7.469086049641604497e-02,1.500000000000000000e+00,0.000000000000000000e+00,0.000000000000000000e+00,0.000000000000000000e+00,-1.179118641877150653e+00,-1.179118641877150653e+00,-1.500000000000000000e+00,-0.000000000000000000e+00
-1.780992950548768938e+00,7.915196269818541852e-01,5.630978891719432555e-01,1.500000000000000000e+00,0.000000000000000000e+00,0.000000000000000000e+00,0.000000000000000000e+00,2.671489425823153407e+00,2.671489425823153407e+00,-1.500000000000000000e+00,0.000000000000000000e+00
2.772306451214944900e+00,1.529797926934935770e+00,3.544265065969827155e-01,1.500000000000000000e+00,0.000000000000000000e+00,0.000000000000000000e+00,0.000000000000000000e+00,-4.158459676822417350e+00,-4.158459676822417350e+00,-1.500000000000000000e+00,-0.000000000000000000e+00
-1.265171545539861109e+00,4.833519057309194622e-01,7.146399822414412073e-01,1.500000000000000000e+00,0.000000000000000000e+00,0.000000000000000000e+00,0.000000000000000000e+00,1.897757318309791774e+00,1.897757318309791774e+00,-1.500000000000000000e+00,0.000000000000000000e+00
-1.163879209395119352e+00,1.221563756878512486e+00,7.111358504813821702e-01,1.500000000000000000e+00,0.000000000000000000e+00,0.000000000000000000e+00,0.000000000000000000e+00,1.745818814092678917e+00,1.745818814092678917e+00,-1.500000000000000000e+00,0.000000000000000000e+00
-1.462125701039124426e+00,7.890607312085151648e-02,5.025449616804155140e-01,1.500000000000000000e+00,0.000000000000000000e+00,0.000000000000000000e+00,0.000000000000000000e+00,2.193188551558686861e+00,2.193188551558686861e+00,-1.500000000000000000e+00,0.000000000000000000e+00
-2.595142436591437729e+00,2.044809010093824764e+00,7.313591332602052963e-01,1.500000000000000000e+00,0.000000000000000000e+00,0.000000000000000000e+00,0.000000000000000000e+00,3.892713654887156594e+00,3.892713654887156594e+00,-1.500000000000000000e+00,0.000000000000000000e+00
-4.624625225909770876e-01,1.779963863717995309e+00,1.434707437550108988e-01,1.500000000000000000e+00,0.000000000000000000e+00,0.000000000000000000e+00,0.000000000000000000e+00,6.936937838864656314e-01,6.936937838864656314e-01,-1.500000000000000000e+00,0.000000000000000000e+00
1.631017867900290241e+00,8.154419114934149393e-01,8.161029222969479191e-01,1.500000000000000000e+00,0.000000000000000000e+00,0.000000000000000000e+00,0.000000000000000000e+00,-2.446526801850435362e+00,-2.446526801850435362e+00,-1.500000000000000000e+00,-0.000000000000000000e+00
1.257401620109090956e+00,3.989506935429254497e-02,9.692352084151613090e-01,1.500000000000000000e+00,0.000000000000000000e+00,0.000000000000000000e+00,0.000000000000000000e+00,-1.886102430163636434e+00,-1.886102430163636434e+00,-1.500000000000000000e+00,-0.000000000000000000e+00
-1.826565281758103287e+00,2.817079358430188307e+00,9.006655643602999861e-01,1.500000000000000000e+00,0.000000000000000000e+00,0.000000000000000000e+00,0.000000000000000000e+00,2.739847922637154820e+00,2.739847922637154820e+00,-1.500000000000000000e+00,0.000000000000000000e+00
-2.178408584800004100e+00,3.747035212794277426e-01,8.119226252211203532e-01,1.500000000000000000e+00,0.000000000000000000e+00,0.000000000000000000e+00,0.000000000000000000e+00,3.267612877200006150e+00,3.267612877200006150e+00,-1.500000000000000000e+00,0.000000000000000000e+00
-1.071432357590578199e+00,9.831886226795365502e-01,4.051385785531361750e-01,1.500000000000000000e+00,0.000000000000000000e+00,0.000000000000000000e+00,0.000000000000000000e+00,1.607148536385867299e+00,1.607148536385867299e+00,-1.500000000000000000e+00,0.000000000000000000e+00
1.609530920340436211e+00,7.617938176878624734e-02,9.325665038056919487e-01,1.500000000000000000e+00,0.000000000000000000e+00,0.000000000000000000e+00,0.000000000000000000e+00,-2.414296380510654316e+00,-2.414296380510654316e+00,-1.500000000000000000e+00,-0.000000000000000000e+00
-7.153118488664755859e-02,1.149785559581174788e+00,5.621919293325627898e-01,1.500000000000000000e+00,0.000000000000000000e+00,0.000000000000000000e+00,0.000000000000000000e+00,1.072967773299713379e-01,1.072967773299713379e-01,-1.500000000000000000e+00,0.000000000000000000e+00
2.539105094644115823e+00,1.205058503310911799e+00,2.152254593330586996e-01,1.500000000000000000e+00,0.000000000000000000e+00,0.000000000000000000e+00,0.000000000000000000e+00,-3.808657641966173735e+00,-3.808657641966173735e+00,-1.500000000000000000e+00,-0.000000000000000000e+00
9.383025955616202118e-01,1.600521154037882532e+00,5.424787696543158511e-01,1.500000000000000000e+00,0.000000000000000000e+00,0.000000000000000000e+00,0.000000000000000000e+00,-1.407453893342430318e+00,-1.407453893342430318e+00,-1.500000000000000000e+00,-0.000000000000000000e+00
7.254406836728040098e-01,9.709779456035881884e-01,8.508491129859387936e-01,1.500000000000000000e+00,0.000000000000000000e+00,0.000000000000000000e+00,0.000000000000000000e+00,-1.088161025509206015e+00,-1.088161025509206015e+00,-1.500000000000000000e+00,-0.000000000000000000e+00
1.606146756283933108e+00,7.492643336109832131e-01,6.780647310664178473e-01,1.500000000000000000e+00,0.000000000000000000e+00,0.000000000000000000e+00,0.000000000000000000e+00,-2.409220134425899662e+00,-2.409220134425899662e+00,-1.500000000000000000e+00,-0.000000000000000000e+00
1.501549486157776059e+00,2.357356897402988150e+00,8.330241395215570721e-01,1.500000000000000000e+00,0.000000000000000000e+00,0.000000000000000000e+00,0.000000000000000000e+00,-2.252324229236664088e+00,-2.252324229236664088e+00,-1.500000000000000000e+00,-0.000000000000000000e+00
-9.369712499136384487e-01,8.367751903485648457e-01,3.508888235077378681e-02,1.500000000000000000e+00,0.000000000000000000e+00,0.000000000000000000e+00,0.000000000000000000e+00,1.405456874870457673e+00,1.405456874870457673e+00,-1.500000000000000000e+00,0.000000000000000000e+00
-1.457949589633919185e+00,9.961741556177778900e-01,9.698808606601109217e-01,1.500000000000000000e+00,0.000000000000000000e+00,0.000000000000000000e+00,0.000000000000000000e+00,2.186924384450878556e+00,2.186924384450878556e+00,-1.500000000000000000e+00,0.000000000000000000e+00
-3.742716616459067502e-01,1.473252644042316817e+00,9.226413033888295478e-01,1.500000000000000000e+00,0.000000000000000000e+00,0.000000000000000000e+00,0.000000000000000000e+00,5.614074924688601254e-01,5.614074924688601254e-01,-1.500000000000000000e+00,0.000000000000000000e+00
-6.451691537212944638e-02,8.214337158353061108e-01,5.028218327635012308e-01,1.500000000000000000e+00,0.000000000000000000e+00,0.000000000000000000e+00,0.000000000000000000e+00,9.677537305819416957e-02,9.677537305819416957e-02,-1.500000000000000000e+00,0.000000000000000000e+00
-2.149663377456485058e+00,2.179733398962236723e+00,9.232798846002636672e-01,1.500000000000000000e+00,0.000000000000000000e+00,0.000000000000000000e+00,0.000000000000000000e+00,3.224495066184727587e+00,3.224495066184727587e+00,-1.500000000000000000e+00,0.000000000000000000e+00
-3.520068297393263990e-01,2.519725630369596958e-01,1.818739482991671430e-01,1.500000000000000000e+00,0.000000000000000000e+00,0.000000000000000000e+00,0.000000000000000000e+00,5.280102446089895984e-01,5.280102446089895984e-01,-1.500000000000000000e+00,0.000000000000000000e+00
8.389395352899748914e-01,9.694245556394759378e-01,3.651697250391262584e-01,1.500000000000000000e+00,0.000000000000000000e+00,0.000000000000000000e+00,0.000000000000000000e+00,-1.258409302934962337e+00,-1.258409302934962337e+00,-1.500000000000000000e+00,-0.000000000000000000e+00
-2.185712970099121577e+00,1.262618182019380697e+00,1.690649885583646039e-01,1.500000000000000000e+00,0.000000000000000000e+00,0.000000000000000000e+00,0.000000000000000000e+00,3.278569455148682366e+00,3.278569455148682366e+00,-1.500000000000000000e+00,0.000000000000000000e+00
-2.171772671646269970e+00,7.741579581892922279e-01,6.698830706146320368e-01,1.500000000000000000e+00,0.000000000000000000e+00,0.000000000000000000e+00,0.000000000000000000e+00,3.257659007469404955e+00,3.257659007469404955e+00,-1.500000000000000000e+00,0.000000000000000000e+00
-1.957671524920369333e+00,2.519633749910065390e+00,9.175112191386523008e-01,1.500000000000000000e+00,0.000000000000000000e+00,0.000000000000000000e+00,0.000000000000000000e+00,2.936507287380553777e+00,2.936507287380553777e+00,-1.500000000000000000e+00,0.000000000000000000e+00
-1.300011567850487548e+00,1.062301593763456786e+00,9.314523408569056473e-01,1.500000000000000000e+00,0.000000000000000000e+00,0.000000000000000000e+00,0.000000000000000000e+00,1.950017351775731322e+00,1.950017351775731322e+00,-1.500000000000000000e+00,0.000000000000000000e+00
2.770255649276654353e+00,1.261951160313198983e+00,7.997545206624956382e-02,1.500000000000000000e+00,0.000000000000000000e+00,0.000000000000000000e+00,0.000000000000000000e+00,-4.155383473914981529e+00,-4.155383473914981529e+00,-1.500000000000000000e+00,-0.000000000000000000e+00
-2.845252244427230792e+00,1.406416398560708103e+00,7.684551820644669462e-01,1.500000000000000000e+00,0.000000000000000000e+00,0.000000000000000000e+00,0.000000000000000000e+00,4.267878366640846188e+00,4.267878366640846188e+00,-1.500000000000000000e+00,0.000000000000000000e+00
-1.897565290313023567e+00,2.490518777972192233e+00,5.588676843609718947e-01,1.500000000000000000e+00,0.000000000000000000e+00,0.000000000000000000e+00,0.000000000000000000e+00,2.846347935469535351e+00,2.846347935469535351e+00,-1.500000000000000000e+00,0.000000000000000000e+00
-2.009712963736796532e+00,6.560973666343534738e-01,2.209132490464532639e-01,1.500000000000000000e+00,0.000000000000000000e+00,0.000000000000000000e+00,0.000000000000000000e+00,3.014569445605194797e+00,3.014569445605194797e+00,-1.500000000000000000e+00,0.000000000000000000e+00
-1.539118490783262239e-01,2.486386098258293487e+00,8.948444233722793184e-01,1.500000000000000000e+00,0.000000000000000000e+00,0.000000000000000000e+00,0.000000000000000000e+00,2.308677736174893358e-01,2.308677736174893358e-01,-1.500000000000000000e+00,0.000000000000000000e+00
-2.909563328817499794e+00,2.845122686864586026e+00,5.287102674434831506e-01,1.500000000000000000e+00,0.000000000000000000e+00,0.000000000000000000e+00,0.000000000000000000e+00,4.364344993226249692e+00,4.364344993226249692e+00,-1.500000000000000000e+00,0.000000000000000000e+00
-2.509606767457679410e-01,7.981062991753100633e-01,4.203610263587098661e-02,1.500000000000000000e+00,0.000000000000000000e+00,0.000000000000000000e+00,0.000000000000000000e+00,3.764410151186519116e-01,3.764410151186519116e-01,-1.500000000000000000e+00,0.000000000000000000e+00
-2.022465300519001197e+00,5.078749247900845587e-01,3.758795167077289001e-01,1.500000000000000000e+00,0.000000000000000000e+00,0.000000000000000000e+00,0.000000000000000000e+00,3.033697950778501795e+00,3.033697950778501795e+00,-1.500000000000000000e+00,0.000000000000000000e+00
-1.382158664021496230e+00,2.366209145776475786e+00,6.823691516330987472e-01,1.500000000000000000e+00,0.000000000000000000e+00,0.000000000000000000e+00,0.000000000000000000e+00,2.073237996032244457e+00,2.073237996032244457e+00,-1.500000000000000000e+00,0.000000000000000000e+00
1.754643634562386367e+00,9.385622697919187019e-01,8.508828529130050278e-01,1.500000000000000000e+00,0.000000000000000000e+00,0.000000000000000000e+00,0.000000000000000000e+00,-2.631965451843579551e+00,-2.631965451843579551e+00,-1.500000000000000000e+00,-0.000000000000000000e+00
-1.895596671138536582e+00,6.822615267828133767e-01,1.989993016110260804e-01,1.500000000000000000e+00,0.000000000000000000e+00,0.000000000000000000e+00,0.000000000000000000e+00,2.843395006707805095e+00,2.843395006707805095e+00,-1.500000000000000000e+00,0.000000000000000000e+00
7.027729984137836006e-01,2.341844341356157377e-01,5.919326949750537414e-01,1.500000000000000000e+00,0.000000000000000000e+00,0.000000000000000000e+00,0.000000000000000000e+00,-1.054159497620675401e+00,-1.054159497620675401e+00,-1.500000000000000000e+00,-0.000000000000000000e+00
-5.621263806515219841e-01,1.841363146786207938e+00,8.662936645024332805e-02,1.500000000000000000e+00,0.000000000000000000e+00,0.000000000000000000e+00,0.000000000000000000e+00,8.431895709772829761e-01,8.431895709772829761e-01,-1.500000000000000000e+00,0.000000000000000000e+00
-4.944265845841808726e-01,2.810820069790837650e+00,9.117321920511661792e-01,1.500000000000000000e+00,0.000000000000000000e+00,0.000000000000000000e+00,0.000000000000000000e+00,7.416398768762713090e-01,7.416398768762713090e-01,-1.500000000000000000e+00,0.000000000000000000e+00
1.901072505587610095e+00,2.643800103896954301e+00,9.717863639168378143e-03,1.500000000000000000e+00,0.000000000000000000e+00,0.000000000000000000e+00,0.000000000000000000e+00,-2.851608758381415143e+00,-2.851608758381415143e+00,-1.500000000000000000e+00,-0.000000000000000000e+00
-2.034510274876876856e+00,1.766373858910732508e+00,9.708959900658065134e-01,1.500000000000000000e+00,0.000000000000000000e+00,0.000000000000000000e+00,0.000000000000000000e+00,3.051765412315315285e+00,3.051765412315315285e+00,-1.500000000000000000e+00,0.000000000000000000e+00
2.542861350732470882e+00,1.315824344714972893e+00,5.653107281818079421e-01,1.500000000000000000e+00,0.000000000000000000e+00,0.000000000000000000e+00,0.000000000000000000e+00,-3.814292026098706323e+00,-3.814292026098706323e+00,-1.500000000000000000e+00,-0.000000000000000000e+00
2.360945143567260374e+00,2.929152280996362379e+00,7.519691147782404661e-01,1.500000000000000000e+00,0.000000000000000000e+00,0.000000000000000000e+00,0.000000000000000000e+00,-3.541417715350890560e+00,-3.541417715350890560e+00,-1.500000000000000000e+00,-0.000000000000000000e+00
1.009931777026222832e+00,1.980974321451985043e+00,6.691744775574636206e-01,1.500000000000000000e+00,0.000000000000000000e+00,0.000000000000000000e+00,0.000000000000000000e+00,-1.514897665539334248e+00,-1.514897665539334248e+00,-1.500000000000000000e+00,-0.000000000000000000e+00
-2.703316075730365142e+00,2.868567281520433720e+00,5.057078680097302215e-01,1.500000000000000000e+00,0.000000000000000000e+00,0.000000000000000000e+00,0.000000000000000000e+00,4.054974113595547713e+00,4.054974113595547713e+00,-1.500000000000000000e+00,0.000000000000000000e+00
9.798511709459480912e-01,2.064673165105082919e+00,4.381682982914205660e-01,1.500000000000000000e+00,0.000000000000000000e+00,0.000000000000000000e+00,0.000000000000000000e+00,-1.469776756418922137e+00,-1.469776756418922137e+00,-1.500000000000000000e+00,-0.000000000000000000e+00
6.020860941840551206e-01,2.090359183391131914e+00,2.079441435801274718e-01,1.500000000000000000e+00,0.000000000000000000e+00,0.000000000000000000e+00,0.000000000000000000e+00,-9.031291412760826809e-01,-9.031291412760826809e-01,-1.500000000000000000e+00,-0.000000000000000000e+00
1.633235451799626148e+00,2.103185561956806726e+00,2.865488815637865505e-01,1.500000000000000000e+00,0.000000000000000000e+00,0.000000000000000000e+00,0.000000000000000000e+00,-2.449853177699439222e+00,-2.449853177699439222e+00,-1.500000000000000000e+00,-0.000000000000000000e+00
-1.717010506039318596e+00,3.770192870079025482e-01,9.414889226734057814e-02,1.500000000000000000e+00,0.000000000000000000e+00,0.000000000000000000e+00,0.000000000000000000e+00,2.575515759058977672e+00,2.575515759058977672e+00,-1.500000000000000000e+00,0.000000000000000000e+00
2.720136062387133791e+00,7.578804976421718020e-01,2.682051022946090324e-01,1.500000000000000000e+00,0.000000000000000000e+00,0.000000000000000000e+00,0.000000000000000000e+00,-4.080204093580700686e+00,-4.080204093580700686e+00,-1.500000000000000000e+00,-0.000000000000000000e+00
2.317182898584496442e+00,1.973799141353290709e-01,6.541498747461772512e-01,1.500000000000000000e+00,0.000000000000000000e+00,0.000000000000000000e+00,0.000000000000000000e+00,-3.475774347876744663e+00,-3.475774347876744663e+00,-1.500000000000000000e+00,-0.000000000000000000e+00
-2.313857157513483642e+00,2.797529488925683872e+00,5.516015656982345972e-01,1.500000000000000000e+00,0.000000000000000000e+00,0.000000000000000000e+00,0.000000000000000000e+00,3.470785736270225463e+00,3.470785736270225463e+00,-1.500000000000000000e+00,0.000000000000000000e+00
-1.108788848468224453e+00,2.983550676494622689e+00,5.674975355193508930e-01,1.500000000000000000e+00,0.000000000000000000e+00,0.000000000000000000e+00,0.000000000000000000e+00,1.663183272702336790e+00,1.663183272702336790e+00,-1.500000000000000000e+00,0.000000000000000000e+00
-2.805334866516239423e+00,1.815187068013000449e+00,5.288896953373162235e-01,1.500000000000000000e+00,0.000000000000000000e+00,0.000000000000000000e+00,0.000000000000000000e+00,4.208002299774358690e+00,4.208002299774358690e+00,-1.500000000000000000e+00,0.000000000000000000e+00
1.985683275648428392e+00,4.679766916215690742e-01,9.456781178871802584e-01,1.500000000000000000e+00,0.000000000000000000e+00,0.000000000000000000e+00,0.000000000000000000e+00,-2.978524913472642588e+00,-2.978524913472642588e+00,-1.500000000000000000e+00,-0.000000000000000000e+00
2.490568480007667063e+00,3.730792406910040659e-01,8.502033286959536085e-01,1.500000000000000000e+00,0.000000000000000000e+00,0.000000000000000000e+00,0.000000000000000000e+00,-3.735852720011500594e+00,-3.735852720011500594e+00,-1.500000000000000000e+00,-0.000000000000000000e+00
2.938855508255411308e+00,1.338420531352558118e+00,2.639888749433763060e-01,1.500000000000000000e+00,0.000000000000000000e+00,0.000000000000000000e+00,0.000000000000000000e+00,-4.408283262383116963e+00,-4.408283262383116963e+00,-1.500000000000000000e+00,-0.000000000000000000e+00
6.715501058504891319e-01,1.172430939060691291e+00,5.568118612027670444e-01,1.500000000000000000e+00,0.000000000000000000e+00,0.000000000000000000e+00,0.000000000000000000e+00,-1.007325158775733698e+00,-1.007325158775733698e+00,-1.500000000000000000e+00,-0.000000000000000000e+00
9.959134730926724188e-01,5.869711977674909598e-01,9.688772626654760245e-01,1.500000000000000000e+00,0.000000000000000000e+00,0.000000000000000000e+00,0.000000000000000000e+00,-1.493870209639008628e+00,-1.493870209639008628e+00,-1.500000000000000000e+00,-0.000000000000000000e+00
1.070433200976674826e+00,2.676636715921731913e-01,2.675938546783978023e-01,1.500000000000000000e+00,0.000000000000000000e+00,0.000000000000000000e+00,0.000000000000000000e+00,-1.605649801465012239e+00,-1.605649801465012239e+00,-1.500000000000000000e+00,-0.000000000000000000e+00
4.208906088775972165e-01,1.942166042916497304e+00,7.012810986977616734e-01,1.500000000000000000e+00,0.000000000000000000e+00,0.000000000000000000e+00,0.000000000000000000e+00,-6.313359133163958248e-01,-6.313359133163958248e-01,-1.500000000000000000e+00,-0.000000000000000000e+00
2.714537468085680416e+00,2.376895977941368088e+00,6.477105315004748620e-01,1.500000000000000000e+00,0.000000000000000000e+00,0.000000000000000000e+00,0.000000000000000000e+00,-4.071806202128520624e+00,-4.071806202128520624e+00,-1.500000000000000000e+00,-0.000000000000000000e+00
6.471673723709194803e-01,1.892571274413855642e-01,6.695027095958141494e-01,1.500000000000000000e+00,0.000000000000000000e+00,0.000000000000000000e+00,0.000000000000000000e+00,-9.707510585563792205e-01,-9.707510585563792205e-01,-1.500000000000000000e+00,-0.000000000000000000e+00
-9.856437648171589849e-01,9.285419641984904437e-01,5.563697801669268417e-01,1.500000000000000000e+00,0.000000000000000000e+00,0.000000000000000000e+00,0.000000000000000000e+00,1.478465647225738477e+00,1.478465647225738477e+00,-1.500000000000000000e+00,0.000000000000000000e+00
7.726343960720338799e-02,9.012814236204726992e-01,7.406786738387769464e-01,1.500000000000000000e+00,0.000000000000000000e+00,0.000000000000000000e+00,0.000000000000000000e+00,-1.158951594108050820e-01,-1.158951594108050820e-01,-1.500000000000000000e+00,-0.000000000000000000e+00
-2.888022750712766928e+00,1.626548328286885337e+00,3.753842730329207678e-01,1.500000000000000000e+00,0.000000000000000000e+00,0.000000000000000000e+00,0.000000000000000000e+00,4.332034126069149949e+00,4.332034126069149949e+00,-1.500000000000000000e+00,0.000000000000000000e+00
1.344757828948346834e+00,1.813572767344464820e+00,9.369037031512166269e-01,1.500000000000000000e+00,0.000000000000000000e+00,0.000000000000000000e+00,0.000000000000000000e+00,-2.017136743422520251e+00,-2.017136743422520251e+00,-1.500000000000000000e+00,-0.000000000000000000e+00
1.163526457167201045e+00,1.231450880926923341e+00,5.671891543391143209e-01,1.500000000000000000e+00,0.000000000000000000e+00,0.000000000000000000e+00,0.000000000000000000e+00,-1.745289685750801567e+00,-1.745289685750801567e+00,-1.500000000000000000e+00,-0.000000000000000000e+00
-4.736931525184933101e-01,2.597830324283021852e+00,3.381137348059919390e-01,1.500000000000000000e+00,0.000000000000000000e+00,0.000000000000000000e+00,0.000000000000000000e+00,7.105397287777399651e-01,7.105397287777399651e-01,-1.500000000000000000e+00,0.000000000000000000e+00
2.108886542812300924e+00,1.172370200661260409e+00,6.389185868790279166e-01,1.500000000000000000e+00,0.000000000000000000e+00,0.000000000000000000e+00,0.000000000000000000e+00,-3.163329814218451386e+00,-3.163329814218451386e+00,-1.500000000000000000e+00,-0.000000000000000000e+00
1.533156575101796371e+00,9.100888452776955129e-01,6.853881787397666514e-01,1.500000000000000000e+00,0.000000000000000000e+00,0.000000000000000000e+00,0.000000000000000000e+00,-2.299734862652694556e+00,-2.299734862652694556e+00,-1.500000000000000000e+00,-0.000000000000000000e+00
-9.798924097445027570e-01,2.300173309973521096e+00,9.193158932563595398e-01,1.500000000000000000e+00,0.000000000000000000e+00,0.000000000000000000e+00,0.000000000000000000e+00,1.469838614616754136e+00,1.469838614616754136e+00,-1.500000000000000000e+00,0.000000000000000000e+00
-2.535012181576135504e+00,2.525794932300388762e+00,6.359973437344804692e-01,1.500000000000000000e+00,0.000000000000000000e+00,0.000000000000000000e+00,0.000000000000000000e+00,3.802518272364203256e+00,3.802518272364203256e+00,-1.500000000000000000e+00,0.000000000000000000e+00
-2.206661851026742394e+00,2.632195698081972068e+00,5.224977086425015571e-01,1.500000000000000000e+00,0.000000000000000000e+00,0.000000000000000000e+00,0.000000000000000000e+00,3.309992776540113368e+00,3.309992776540113368e+00,-1.500000000000000000e+00,0.000000000000000000e+00
-1.894366623991159182e+00,5.078474425694043948e-01,3.530572843358816826e-01,1.500000000000000000e+00,0.000000000000000000e+00,0.000000000000000000e+00,0.000000000000000000e+00,2.841549935986738884e+00,2.841549935986738884e+00,-1.500000000000000000e+00,0.000000000000000000e+00
-1.176491825928368762e+00,5.908729408276544026e-01,4.255541402281934893e-01,1.500000000000000000e+00,0.000000000000000000e+00,0.000000000000000000e+00,0.000000000000000000e+00,1.764737738892553143e+00,1.764737738892553143e+00,-1.500000000000000000e+00,0.000000000000000000e+00
-3.149056546764059661e-01,1.387810143214236014e+00,2.865202211894369855e-01,1.500000000000000000e+00,0.000000000000000000e+00,0.000000000000000000e+00,0.000000000000000000e+00,4.723584820146089491e-01,4.723584820146089491e-01,-1.500000000000000000e+00,0.000000000000000000e+00
2.567979469740525822e+00,2.902703063014397067e+00,6.202034416201005484e-01,1.500000000000000000e+00,0.000000000000000000e+00,0.000000000000000000e+00,0.000000000000000000e+00,-3.851969204610788733e+00,-3.851969204610788733e+00,-1.500000000000000000e+00,-0.000000000000000000e+00
-1.329492612722508404e+00,1.861076413603237167e+00,8.612545938509571508e-01,1.500000000000000000e+00,0.000000000000000000e+00,0.000000000000000000e+00,0.000000000000000000e+00,1.994238919083762607e+00,1.994238919083762607e+00,-1.500000000000000000e+00,0.000000000000000000e+00
2.391513978258608120e+00,1.870080648170942439e+00,5.927814212064029809e-01,1.500000000000000000e+00,0.000000000000000000e+00,0.000000000000000000e+00,0.000000000000000000e+00,-3.587270967387912179e+00,-3.587270967387912179e+00,-1.500000000000000000e+00,-0.000000000000000000e+00
1.082773080639415575e+00,9.800216831612814650e-01,2.029972939537916243e-01,1.500000000000000000e+00,0.000000000000000000e+00,0.000000000000000000e+00,0.000000000000000000e+00,-1.624159620959123362e+00,-1.624159620959123362e+00,-1.500000000000000000e+00,-0.000000000000000000e+00
2.120957490119614874e+00,2.971471811490027370e+00,3.639057481447960374e-02,1.500000000000000000e+00,0.000000000000000000e+00,0.000000000000000000e+00,0.000000000000000000e+00,-3.181436235179422312e+00,-3.181436235179422312e+00,-1.500000000000000000e+00,-0.000000000000000000e+00
-5.804796318718548065e-01,5.478184040488325302e-01,8.780755026271613861e-01,1.500000000000000000e+00,0.000000000000000000e+00,0.000000000000000000e+00,0.000000000000000000e+00,8.707194478077822097e-01,8.707194478077822097e-01,-1.500000000000000000e+00,0.000000000000000000e+00
-2.980339548518129433e+00,1.677862716877423388e+00,2.952281057347048154e-01,1.500000000000000000e+00,0.000000000000000000e+00,0.000000000000000000e+00,0.000000000000000000e+00,4.470509322777194150e+00,4.470509322777194150e+00,-1.500000000000000000e+00,0.000000000000000000e+00
1.721804172394027610e+00,2.024694712476198699e+00,6.888231322538107548e-01,1.500000000000000000e+00,0.000000000000000000e+00,0.000000000000000000e+00,0.000000000000000000e+00,-2.582706258591041415e+00,-2.582706258591041415e+00,-1.500000000000000000e+00,-0.000000000000000000e+00
-1.527144892685046385e+00,2.429961306156577905e+00,9.454621606889537233e-01,1.500000000000000000e+00,0.000000000000000000e+00,0.000000000000000000e+00,0.000000000000000000e+00,2.290717339027569466e+00,2.290717339027569466e+00,-1.500000000000000000e+00,0.000000000000000000e+00
-2.145118765424957274e+00,2.440405748829189925e+00,9.399269757111640144e-01,1.500000000000000000e+00,0.000000000000000000e+00,0.000000000000000000e+00,0.000000000000000000e+00,3.217678148137435912e+00,3.217678148137435912e+00,-1.500000000000000000e+00,0.000000000000000000e+00
1.796949589706752448e+00,1.159557802962398299e+00,5.548185563040625157e-01,1.500000000000000000e+00,0.000000000000000000e+00,0.000000000000000000e+00,0.000000000000000000e+00,-2.695424384560128672e+00,-2.695424384560128672e+00,-1.500000000000000000e+00,-0.000000000000000000e+00
1.117971899986947015e+00,8.129988016537075257e-01,9.131613009309383910e-01,1.500000000000000000e+00,0.000000000000000000e+00,0.000000000000000000e+00,0.000000000000000000e+00,-1.676957849980420523e+00,-1.676957849980420523e+00,-1.500000000000000000e+00,-0.000000000000000000e+00
-1.725508794942518076e+00,2.939289698304285103e+00,4.027036742639922284e-01,1.500000000000000000e+00,0.000000000000000000e+00,0.000000000000000000e+00,0.000000000000000000e+00,2.588263192413776892e+00,2.588263192413776892e+00,-1.500000000000000000e+00,0.000000000000000000e+00
-1.394509111676816682e+00,1.658802498859558439e+00,9.405785142761384776e-01,1.500000000000000000e+00,0.000000000000000000e+00,0.000000000000000000e+00,0.000000000000000000e+00,2.091763667515225134e+00,2.091763667515225134e+00,-1.500000000000000000e+00,0.000000000000000000e+00
2.635318988597743051e+00,8.462407891387253578e-01,6.788014585941464230e-01,1.500000000000000000e+00,0.000000000000000000e+00,0.000000000000000000e+00,0.000000000000000000e+00,-3.952978482896614576e+00,-3.952978482896614576e+00,-1.500000000000000000e+00,-0.000000000000000000e+00
-1.388772149446397597e+00,4.148613441518411715e-01,8.038554046820700627e-02,1.500000000000000000e+00,0.000000000000000000e+00,0.000000000000000000e+00,0.000000000000000000e+00,2.083158224169596284e+00,2.083158224169596284e+00,-1.500000000000000000e+00,0.000000000000000000e+00
1.214435268263138745e+00,2.409562486765047584e+00,8.121521631182344603e-01,1.500000000000000000e+00,0.000000000000000000e+00,0.000000000000000000e+00,0.000000000000000000e+00,-1.821652902394708118e+00,-1.821652902394708118e+00,-1.500000000000000000e+00,-0.000000000000000000e+00
-2.222680520140857041e+00,2.545558284880831579e+00,1.606560916031294362e-01,1.500000000000000000e+00,0.000000000000000000e+00,0.000000000000000000e+00,0.000000000000000000e+00,3.334020780211285562e+00,3.334020780211285562e+00,-1.500000000000000000e+00,0.000000000000000000e+00
1.890215215246993985e+00,1.709389107843379829e+00,9.970718085780877482e-01,1.500000000000000000e+00,0.000000000000000000e+00,0.000000000000000000e+00,0.000000000000000000e+00,-2.835322822870490977e+00,-2.835322822870490977e+00,-1.500000000000000000e+00,-0.000000000000000000e+00
-2.294459932694139948e+00,1.151975258214004372e+00,4.940987873581759171e-02,1.500000000000000000e+00,0.000000000000000000e+00,0.000000000000000000e+00,0.000000000000000000e+00,3.441689899041209699e+00,3.441689899041209699e+00,-1.500000000000000000e+00,0.000000000000000000e+00
9.624676068456494704e-02,1.979152466057043647e+00,7.570171186593912527e-01,1.500000000000000000e+00,0.000000000000000000e+00,0.000000000000000000e+00,0.000000000000000000e+00,-1.443701410268474206e-01,-1.443701410268474206e-01,-1.500000000000000000e+00,-0.000000000000000000e+00
-2.788694240596621743e+00,2.940319876169784408e+00,1.525086527520952417e-01,1.500000000000000000e+00,0.000000000000000000e+00,0.000000000000000000e+00,0.000000000000000000e+00,4.183041360894932836e+00,4.183041360894932836e+00,-1.500000000000000000e+00,0.000000000000000000e+00
3.004712735840620041e-01,1.734963439514713990e+00,5.400907450853490444e-01,1.500000000000000000e+00,0.000000000000000000e+00,0.000000000000000000e+00,0.000000000000000000e+00,-4.507069103760930062e-01,-4.507069103760930062e-01,-1.500000000000000000e+00,-0.000000000000000000e+00
2.079729683908264626e+00,2.361307426281382238e+00,3.721602839737718771e-01,1.500000000000000000e+00,0.000000000000000000e+00,0.000000000000000000e+00,0.000000000000000000e+00,-3.119594525862396939e+00,-3.119594525862396939e+00,-1.500000000000000000e+00,-0.000000000000000000e+00
-2.493608928512727640e+00,2.646170940311434183e+00,8.752728866404186903e-01,1.500000000000000000e+00,0.000000000000000000e+00,0.000000000000000000e+00,0.000000000000000000e+00,3.740413392769091239e+00,3.740413392769091239e+00,-1.500000000000000000e+00,0.000000000000000000e+00
-1.354460523656754400e+00,2.270560749803026912e+00,2.739033682353896326e-01,1.500000000000000000e+00,0.000000000000000000e+00,0.000000000000000000e+00,0.000000000000000000e+00,2.031690785485131379e+00,2.031690785485131379e+00,-1.500000000000000000e+00,0.000000000000000000e+00
1.588158380356387234e+00,1.459659978159711269e+00,7.200804632641232272e-01,1.500000000000000000e+00,0.000000000000000000e+00,0.000000000000000000e+00,0.000000000000000000e+00,-2.382237570534580851e+00,-2.382237570534580851e+00,-1.500000000000000000e+00,-0.000000000000000000e+00
6.485899167434183710e-01,5.349484349507884762e-01,9.402837914911993389e-01,1.500000000000000000e+00,0.000000000000000000e+00,0.000000000000000000e+00,0.000000000000000000e+00,-9.728848751151275565e-01,-9.728848751151275565e-01,-1.500000000000000000e+00,-0.000000000000000000e+00
-1.123218560717591741e+00,2.089638938098353993e+00,6.416186710563465123e-02,1.500000000000000000e+00,0.000000000000000000e+00,0.000000000000000000e+00,0.000000000000000000e+00,1.684827841076387500e+00,1.684827841076387500e+00,-1.500000000000000000e+00,0.000000000000000000e+00
7.734232767246913554e-01,2.494487909625799915e+00,7.140727649177806002e-01,1.500000000000000000e+00,0.000000000000000000e+00,0.000000000000000000e+00,0.000000000000000000e+00,-1.160134915087037033e+00,-1.160134915087037033e+00,-1.500000000000000000e+00,-0.000000000000000000e+00
-2.717380774659829967e-01,2.888577982056043325e+00,8.388243174533360769e-02,1.500000000000000000e+00,0.000000000000000000e+00,0.000000000000000000e+00,0.000000000000000000e+00,4.076071161989744951e-01,4.076071161989744951e-01,-1.500000000000000000e+00,0.000000000000000000e+00
2.174137594232687043e+00,4.568348438668184963e-01,7.788146010736117786e-01,1.500000000000000000e+00,0.000000000000000000e+00,0.000000000000000000e+00,0.000000000000000000e+00,-3.261206391349030564e+00,-3.261206391349030564e+00,-1.500000000000000000e+00,-0.000000000000000000e+00
-1.242360585012745711e+00,3.410218661761375003e-01,8.569700920423856116e-01,1.500000000000000000e+00,0.000000000000000000e+00,0.000000000000000000e+00,0.000000000000000000e+00,1.863540877519118677e+00,1.863540877519118677e+00,-1.500000000000000000e+00,0.000000000000000000e+00
1.546383618913928615e+00,1.908712867612567976e+00,1.392382921724983902e-01,1.500000000000000000e+00,0.000000000000000000e+00,0.000000000000000000e+00,0.000000000000000000e+00,-2.319575428370892922e+00,-2.319575428370892922e+00,-1.500000000000000000e+00,-0.000000000000000000e+00
8.140449304189285584e-01,2.481316559780678332e+00,8.842266006813396251e-01,1.500000000000000000e+00,0.000000000000000000e+00,0.000000000000000000e+00,0.000000000000000000e+00,-1.221067395628392838e+00,-1.221067395628392838e+00,-1.500000000000000000e+00,-0.000000000000000000e+00
1.442571964861675049e+00,2.291421702495011203e-01,4.381926419903612313e-01,1.500000000000000000e+00,0.000000000000000000e+00,0.000000000000000000e+00,0.000000000000000000e+00,-2.163857947292512574e+00,-2.163857947292512574e+00,-1.500000000000000000e+00,-0.000000000000000000e+00
-7.304303178042799161e-01,1.842095696286627948e+00,3.084264973977614011e-01,1.500000000000000000e+00,0.000000000000000000e+00,0.000000000000000000e+00,0.000000000000000000e+00,1.095645476706419874e+00,1.095645476706419874e+00,-1.500000000000000000e+00,0.000000000000000000e+00
1.349526113582486531e+00,7.991389947561423623e-01,9.655358488025925778e-01,1.500000000000000000e+00,0.000000000000000000e+00,0.000000000000000000e+00,0.000000000000000000e+00,-2.024289170373729796e+00,-2.024289170373729796e+00,-1.500000000000000000e+00,-0.000000000000000000e+00
1.190556580435324641e+00,2.997629341563766481e+00,3.842225930768918829e-01,1.500000000000000000e+00,0.000000000000000000e+00,0.000000000000000000e+00,0.000000000000000000e+00,-1.785834870652986961e+00,-1.785834870652986961e+00,-1.500000000000000000e+00,-0.000000000000000000e+00
-6.750666473839292969e-01,1.084135822936313609e+00,2.097501804316127538e-01,1.500000000000000000e+00,0.000000000000000000e+00,0.000000000000000000e+00,0.000000000000000000e+00,1.012599971075893945e+00,1.012599971075893945e+00,-1.500000000000000000e+00,0.000000000000000000e+00
-2.841286618092657257e+00,2.458738270211593413e-01,3.297211017375576425e-01,1.500000000000000000e+00,0.000000000000000000e+00,0.000000000000000000e+00,0.000000000000000000e+00,4.261929927138986329e+00,4.261929927138986329e+00,-1.500000000000000000e+00,0.000000000000000000e+00
2.777479910281176245e+00,2.348056400323995430e+00,9.047825372458165871e-01,1.500000000000000000e+00,0.000000000000000000e+00,0.000000000000000000e+00,0.000000000000000000e+00,-4.166219865421764368e+00,-4.166219865421764368e+00,-1.500000000000000000e+00,-0.000000000000000000e+00
1.281602376458810255e+00,9.021440393549446934e-01,9.841033185258207805e-01,1.500000000000000000e+00,0.000000000000000000e+00,0.000000000000000000e+00,0.000000000000000000e+00,-1.922403564688215383e+00,-1.922403564688215383e+00,-1.500000000000000000e+00,-0.000000000000000000e+00
-1.771568109427198889e+00,1.257329408008411198e+00,4.550947479459425127e-01,1.500000000000000000e+00,0.000000000000000000e+00,0.000000000000000000e+00,0.000000000000000000e+00,2.657352164140798223e+00,2.657352164140798223e+00,-1.500000000000000000e+00,0.000000000000000000e+00
1.384843281338476118e+00,3.916303124774276334e-01,4.937673279530935266e-01,1.500000000000000000e+00,0.000000000000000000e+00,0.000000000000000000e+00,0.000000000000000000e+00,-2.077264922007714176e+00,-2.077264922007714176e+00,-1.500000000000000000e+00,-0.000000000000000000e+00
-1.327899818557164213e+00,9.926318038092803997e-01,5.980973310103018248e-01,1.500000000000000000e+00,0.000000000000000000e+00,0.000000000000000000e+00,0.000000000000000000e+00,1.991849727835746320e+00,1.991849727835746320e+00,-1.500000000000000000e+00,0.000000000000000000e+00
-1.842876427871171785e-01,3.999072787690207686e-01,8.396101253094303551e-01,1.500000000000000000e+00,0.000000000000000000e+00,0.000000000000000000e+00,0.000000000000000000e+00,2.764314641806757678e-01,2.764314641806757678e-01,-1.500000000000000000e+00,0.000000000000000000e+00
2.159328963681272029e+00,7.720632532990904240e-01,9.080237625747056285e-03,1.500000000000000000e+00,0.000000000000000000e+00,0.000000000000000000e+00,0.000000000000000000e+00,-3.238993445521908043e+00,-3.238993445521908043e+00,-1.500000000000000000e+00,-0.000000000000000000e+00
-3.115673823035565171e-01,1.736163607050523972e+00,7.956580913862382198e-01,1.500000000000000000e+00,0.000000000000000000e+00,0.000000000000000000e+00,0.000000000000000000e+00,4.673510734553347756e-01,4.673510734553347756e-01,-1.500000000000000000e+00,0.000000000000000000e+00
-1.271960562958526664e+00,8.968926221449379232e-01,9.725322178018600550e-01,1.500000000000000000e+00,0.000000000000000000e+00,0.000000000000000000e+00,0.000000000000000000e+00,1.907940844437789885e+00,1.907940844437789885e+00,-1.500000000000000000e+00,0.000000000000000000e+00
-1.167053330315918735e+00,2.002419642648749054e+00,4.053680993491848294e-01,1.500000000000000000e+00,0.000000000000000000e+00,0.000000000000000000e+00,0.000000000000000000e+00,1.750579995473878103e+00,1.750579995473878103e+00,-1.500000000000000000e+00,0.000000000000000000e+00
-2.537896400071960379e+00,2.703390382808672054e+00,4.377928308637620836e-01,1.500000000000000000e+00,0.000000000000000000e+00,0.000000000000000000e+00,0.000000000000000000e+00,3.806844600107940568e+00,3.806844600107940568e+00,-1.500000000000000000e+00,0.000000000000000000e+00
-1.682966522173765966e+00,1.729234893714974408e+00,9.577452480228509923e-01,1.500000000000000000e+00,0.000000000000000000e+00,0.000000000000000000e+00,0.000000000000000000e+00,2.524449783260648950e+00,2.524449783260648950e+00,-1.500000000000000000e+00,0.000000000000000000e+00
-1.373362624172395741e+00,8.603868403782455321e-02,4.068877832970320130e-01,1.500000000000000000e+00,0.000000000000000000e+00,0.000000000000000000e+00,0.000000000000000000e+00,2.060043936258593611e+00,2.060043936258593611e+00,-1.500000000000000000e+00,0.000000000000000000e+00
-1.962185323911140200e+00,2.879405735847696768e+00,3.767576293929731923e-01,1.500000000000000000e+00,0.000000000000000000e+00,0.000000000000000000e+00,0.000000000000000000e+00,2.943277985866710189e+00,2.943277985866710189e+00,-1.500000000000000000e+00,0.000000000000000000e+00
-2.621605712399186050e+00,5.934720847299846946e-01,8.592888472792735710e-01,1.500000000000000000e+00,0.000000000000000000e+00,0.000000000000000000e+00,0.000000000000000000e+00,3.932408568598779297e+00,3.932408568598779297e+00,-1.500000000000000000e+00,0.000000000000000000e+00
-2.052650221672291941e-01,1.038458554688884039e+00,4.732038965877108927e-01,1.500000000000000000e+00,0.000000000000000000e+00,0.000000000000000000e+00,0.000000000000000000e+00,3.078975332508437912e-01,3.078975332508437912e-01,-1.500000000000000000e+00,0.000000000000000000e+00
-1.713623213413019597e+00,1.579536996342211896e+00,6.469763547831903772e-01,1.500000000000000000e+00,0.000000000000000000e+00,0.000000000000000000e+00,0.000000000000000000e+00,2.570434820119529284e+00,2.570434820119529284e+00,-1.500000000000000000e+00,0.000000000000000000e+00
1.432623066506904408e+00,1.856435789419875970e+00,2.863799732685617938e-01,1.500000000000000000e+00,0.000000000000000000e+00,0.000000000000000000e+00,0.000000000000000000e+00,-2.148934599760356612e+00,-2.148934599760356612e+00,-1.500000000000000000e+00,-0.000000000000000000e+00
2.535166576817537987e+00,1.026242387968143044e+00,6.800798655079438593e-01,1.500000000000000000e+00,0.000000000000000000e+00,0.000000000000000000e+00,0.000000000000000000e+00,-3.802749865226306980e+00,-3.802749865226306980e+00,-1.500000000000000000e+00,-0.000000000000000000e+00
-1.362091801658457557e+00,1.321402446008901332e+00,3.678928048013954122e-01,1.500000000000000000e+00,0.000000000000000000e+00,0.000000000000000000e+00,0.000000000000000000e+00,2.043137702487686447e+00,2.043137702487686447e+00,-1.500000000000000000e+00,0.000000000000000000e+00
4.334897446592136383e-01,1.880465213192225260e+00,7.835302596258184593e-01,1.500000000000000000e+00,0.000000000000000000e+00,0.000000000000000000e+00,0.000000000000000000e+00,-6.502346169888204575e-01,-6.502346169888204575e-01,-1.500000000000000000e+00,-0.000000000000000000e+00
4.035398906858755907e-02,1.371378519848823974e+00,4.925364247347111535e-01,1.500000000000000000e+00,0.000000000000000000e+00,0.000000000000000000e+00,0.000000000000000000e+00,-6.053098360288133861e-02,-6.053098360288133861e-02,-1.500000000000000000e+00,-0.000000000000000000e+00
-2.549348767577793051e+00,8.500972291385620050e-01,9.193556545709065109e-01,1.500000000000000000e+00,0.000000000000000000e+00,0.000000000000000000e+00,0.000000000000000000e+00,3.824023151366689355e+00,3.824023151366689355e+00,-1.500000000000000000e+00,0.000000000000000000e+00
-2.250753705771481261e+00,1.232224630597635651e+00,5.474449796215141717e-01,1.500000000000000000e+00,0.000000000000000000e+00,0.000000000000000000e+00,0.000000000000000000e+00,3.376130558657221670e+00,3.376130558657221670e+00,-1.500000000000000000e+00,0.000000000000000000e+00
2.308676747402911289e+00,1.154283138474869297e+00,8.574958478957697139e-01,1.500000000000000000e+00,0.000000000000000000e+00,0.000000000000000000e+00,0.000000000000000000e+00,-3.463015121104366933e+00,-3.463015121104366933e+00,-1.500000000000000000e+00,-0.000000000000000000e+00
-1.550877730032298452e-01,8.758642628313754175e-01,4.404419157141395980e-01,1.500000000000000000e+00,0.000000000000000000e+00,0.000000000000000000e+00,0.000000000000000000e+00,2.326316595048447677e-01,2.326316595048447677e-01,-1.500000000000000000e+00,0.000000000000000000e+00
1.827659461836231181e+00,1.802079024147208663e+00,6.692941725981208512e-01,1.500000000000000000e+00,0.000000000000000000e+00,0.000000000000000000e+00,0.000000000000000000e+00,-2.741489192754346771e+00,-2.741489192754346771e+00,-1.500000000000000000e+00,-0.000000000000000000e+00
-2.600515531355078735e+00,1.536779421117349109e+00,2.670520574659013269e-01,1.500000000000000000e+00,0.000000000000000000e+00,0.000000000000000000e+00,0.000000000000000000e+00,3.900773297032618103e+00,3.900773297032618103e+00,-1.500000000000000000e+00,0.000000000000000000e+00
5.688788194815446175e-01,1.234585228601152496e+00,5.863205471214582021e-01,1.500000000000000000e+00,0.000000000000000000e+00,0.000000000000000000e+00,0.000000000000000000e+00,-8.533182292223169263e-01,-8.533182292223169263e-01,-1.500000000000000000e+00,-0.000000000000000000e+00
2.191871725649437330e+00,2.128283790902734118e+00,6.630180974172195096e-01,1.500000000000000000e+00,0.000000000000000000e+00,0.000000000000000000e+00,0.000000000000000000e+00,-3.287807588474155995e+00,-3.287807588474155995e+00,-1.500000000000000000e+00,-0.000000000000000000e+00
2.202396580415123317e+00,2.437666571516558189e+00,1.909470603290589485e-01,1.500000000000000000e+00,0.000000000000000000e+00,0.000000000000000000e+00,0.000000000000000000e+00,-3.303594870622684976e+00,-3.303594870622684976e+00,-1.500000000000000000e+00,-0.000000000000000000e+00
-2.965665423759531016e+00,1.946538714288092109e+00,5.438011575384970042e-01,1.500000000000000000e+00,0.000000000000000000e+00,0.000000000000000000e+00,0.000000000000000000e+00,4.448498135639296081e+00,4.448498135639296081e+00,-1.500000000000000000e+00,0.000000000000000000e+00
1.303206269938526063e-01,1.023556946910134879e+00,9.216915295255180274e-01,1.500000000000000000e+00,0.000000000000000000e+00,0.000000000000000000e+00,0.000000000000000000e+00,-1.954809404907789094e-01,-1.954809404907789094e-01,-1.500000000000000000e+00,-0.000000000000000000e+00
-7.859715043094621656e-01,2.809953569952706509e+00,2.017630954041739200e-01,1.500000000000000000e+00,0.000000000000000000e+00,0.000000000000000000e+00,0.000000000000000000e+00,1.178957256464193248e+00,1.178957256464193248e+00,-1.500000000000000000e+00,0.000000000000000000e+00
1.560252174594294772e+00,3.126421111948347598e-01,4.882530851921577097e-01,1.500000000000000000e+00,0.000000000000000000e+00,0.000000000000000000e+00,0.000000000000000000e+00,-2.340378261891442158e+00,-2.340378261891442158e+00,-1.500000000000000000e+00,-0.000000000000000000e+00
-2.560686019123087576e+00,2.416620259184524055e+00,8.373373258456823232e-01,1.500000000000000000e+00,0.000000000000000000e+00,0.000000000000000000e+00,0.000000000000000000e+00,3.841029028684631363e+00,3.841029028684631363e+00,-1.500000000000000000e+00,0.000000000000000000e+00
-1.410440626950391074e+00,1.263829918867538815e+00,4.260710700587354571e-01,1.500000000000000000e+00,0.000000000000000000e+00,0.000000000000000000e+00,0.000000000000000000e+00,2.115660940425586389e+00,2.115660940425586389e+00,-1.500000000000000000e+00,0.000000000000000000e+00
1.875856711933007404e+00,1.190195452687096811e+00,2.990910619619913113e-02,1.500000000000000000e+00,0.000000000000000000e+00,0.000000000000000000e+00,0.000000000000000000e+00,-2.813785067899511105e+00,-2.813785067899511105e+00,-1.500000000000000000e+00,-0.000000000000000000e+00
-1.826626647789595381e-01,2.529568517677005524e+00,5.254662186331129359e-01,1.500000000000000000e+00,0.000000000000000000e+00,0.000000000000000000e+00,0.000000000000000000e+00,2.739939971684393072e-01,2.739939971684393072e-01,-1.500000000000000000e+00,0.000000000000000000e+00
-2.810980710497541502e-01,1.965891898243794733e+00,4.622408596684800530e-01,1.500000000000000000e+00,0.000000000000000000e+00,0.000000000000000000e+00,0.000000000000000000e+00,4.216471065746312252e-01,4.216471065746312252e-01,-1.500000000000000000e+00,0.000000000000000000e+00
2.811351888466116833e+00,2.921620817421054728e+00,9.276908591962907957e-01,1.500000000000000000e+00,0.000000000000000000e+00,0.000000000000000000e+00,0.000000000000000000e+00,-4.217027832699175249e+00,-4.217027832699175249e+00,-1.500000000000000000e+00,-0.000000000000000000e+00
-1.080656026057624786e+00,2.634065787093777811e+00,6.639315490124291230e-01,1.500000000000000000e+00,0.000000000000000000e+00,0.000000000000000000e+00,0.000000000000000000e+00,1.620984039086437178e+00,1.620984039086437178e+00,-1.500000000000000000e+00,0.000000000000000000e+00
-2.749667648127781749e+00,3.488081886642822038e-01,7.764538715111958256e-01,1.500000000000000000e+00,0.000000000000000000e+00,0.000000000000000000e+00,0.000000000000000000e+00,4.124501472191672846e+00,4.124501472191672846e+00,-1.500000000000000000e+00,0.000000000000000000e+00
-6.467949956447576199e-01,1.509463792008560512e+00,3.680236931665515909e-01,1.500000000000000000e+00,0.000000000000000000e+00,0.000000000000000000e+00,0.000000000000000000e+00,9.701924934671364298e-01,9.701924934671364298e-01,-1.500000000000000000e+00,0.000000000000000000e+00
-2.079758630582215773e+00,2.302826673723598727e+00,8.962873312675175841e-01,1.500000000000000000e+00,0.000000000000000000e+00,0.000000000000000000e+00,0.000000000000000000e+00,3.119637945873323659e+00,3.119637945873323659e+00,-1.500000000000000000e+00,0.000000000000000000e+00
-2.508648862813900315e+00,2.476731774527723973e-01,8.284331798388819834e-01,1.500000000000000000e+00,0.000000000000000000e+00,0.000000000000000000e+00,0.000000000000000000e+00,3.762973294220850473e+00,3.762973294220850473e+00,-1.500000000000000000e+00,0.000000000000000000e+00
4.071621406872960591e-01,1.627435771079707605e+00,9.102491823760938683e-02,1.500000000000000000e+00,0.000000000000000000e+00,0.000000000000000000e+00,0.000000000000000000e+00,-6.107432110309440887e-01,-6.107432110309440887e-01,-1.500000000000000000e+00,-0.000000000000000000e+00
2.721453696350401685e+00,2.978392135678561203e+00,6.607600972779634763e-01,1.500000000000000000e+00,0.000000000000000000e+00,0.000000000000000000e+00,0.000000000000000000e+00,-4.082180544525602528e+00,-4.082180544525602528e+00,-1.500000000000000000e+00,-0.000000000000000000e+00
4.764454456582720709e-01,7.170117979112682338e-01,9.045187754963518456e-01,1.500000000000000000e+00,0.000000000000000000e+00,0.000000000000000000e+00,0.000000000000000000e+00,-7.146681684874081064e-01,-7.146681684874081064e-01,-1.500000000000000000e+00,-0.000000000000000000e+00
8.826872853431173560e-01,3.503777559067989822e-01,6.501919276771278566e-01,1.500000000000000000e+00,0.000000000000000000e+00,0.000000000000000000e+00,0.000000000000000000e+00,-1.324030928014676034e+00,-1.324030928014676034e+00,-1.500000000000000000e+00,-0.000000000000000000e+00
-1.058226830164668009e+00,8.682648491519883160e-01,9.711604274973196782e-01,1.500000000000000000e+00,0.000000000000000000e+00,0.000000000000000000e+00,0.000000000000000000e+00,1.587340245247002013e+00,1.587340245247002013e+00,-1.500000000000000000e+00,0.000000000000000000e+00
4.267371417213530194e-01,1.033012745122838361e+00,2.609626938386596651e-01,1.500000000000000000e+00,0.000000000000000000e+00,0.000000000000000000e+00,0.000000000000000000e+00,-6.401057125820295290e-01,-6.401057125820295290e-01,-1.500000000000000000e+00,-0.000000000000000000e+00
1.513467081849095841e+00,8.573239262348651968e-01,5.877842246292075412e-01,1.500000000000000000e+00,0.000000000000000000e+00,0.000000000000000000e+00,0.000000000000000000e+00,-2.270200622773643762e+00,-2.270200622773643762e+00,-1.500000000000000000e+00,-0.000000000000000000e+00
5.357091321107727566e-01,1.296265143996576219e+00,5.334141639601380769e-01,1.500000000000000000e+00,0.000000000000000000e+00,0.000000000000000000e+00,0.000000000000000000e+00,-8.035636981661591349e-01,-8.035636981661591349e-01,-1.500000000000000000e+00,-0.000000000000000000e+00
1.816670245124933025e+00,2.500227032099712865e+00,2.953015689931399734e-01,1.500000000000000000e+00,0.000000000000000000e+00,0.000000000000000000e+00,0.000000000000000000e+00,-2.725005367687399538e+00,-2.725005367687399538e+00,-1.500000000000000000e+00,-0.000000000000000000e+00
3.028240827402237656e-01,1.552148282459933526e+00,7.813124238107799213e-01,1.500000000000000000e+00,0.000000000000000000e+00,0.000000000000000000e+00,0.000000000000000000e+00,-4.542361241103356484e-01,-4.542361241103356484e-01,-1.500000000000000000e+00,-0.000000000000000000e+00
-1.811135661173813638e+00,1.767770109467528439e+00,4.312471124252230670e-01,1.500000000000000000e+00,0.000000000000000000e+00,0.000000000000000000e+00,0.000000000000000000e+00,2.716703491760720457e+00,2.716703491760720457e+00,-1.500000000000000000e+00,0.000000000000000000e+00
4.963575254087659872e-01,3.271079431628897138e-01,6.495533999358211741e-01,1.500000000000000000e+00,0.000000000000000000e+00,0.000000000000000000e+00,0.000000000000000000e+00,-7.445362881131489807e-01,-7.445362881131489807e-01,-1.500000000000000000e+00,-0.000000000000000000e+00
-5.438491733499972725e-02,1.944144166372692162e-01,7.821826970228127340e-01,1.500000000000000000e+00,0.000000000000000000e+00,0.000000000000000000e+00,0.000000000000000000e+00,8.157737600249959087e-02,8.157737600249959087e-02,-1.500000000000000000e+00,0.000000000000000000e+00
-2.004386805210044642e+00,2.852990179306818863e+00,7.272546954870819924e-01,1.500000000000000000e+00,0.000000000000000000e+00,0.000000000000000000e+00,0.000000000000000000e+00,3.006580207815066963e+00,3.006580207815066963e+00,-1.500000000000000000e+00,0.000000000000000000e+00
7.149951069628750489e-01,1.041286654780910315e+00,1.003833237909612652e-01,1.500000000000000000e+00,0.000000000000000000e+00,0.000000000000000000e+00,0.000000000000000000e+00,-1.072492660444312573e+00,-1.072492660444312573e+00,-1.500000000000000000e+00,-0.000000000000000000e+00
1.901763254612591325e+00,2.841994737990648723e+00,5.526046161493303188e-02,1.500000000000000000e+00,0.000000000000000000e+00,0.000000000000000000e+00,0.000000000000000000e+00,-2.852644881918886988e+00,-2.852644881918886988e+00,-1.500000000000000000e+00,-0.000000000000000000e+00
-2.189473839133261990e+00,1.006883097492458079e+00,8.202980542829794164e-01,1.500000000000000000e+00,0.000000000000000000e+00,0.000000000000000000e+00,0.000000000000000000e+00,3.284210758699892985e+00,3.284210758699892985e+00,-1.500000000000000000e+00,0.000000000000000000e+00
2.696751698280346332e-01,1.918728547510771598e+00,6.502927178904525096e-01,1.500000000000000000e+00,0.000000000000000000e+00,0.000000000000000000e+00,0.000000000000000000e+00,-4.045127547420519498e-01,-4.045127547420519498e-01,-1.500000000000000000e+00,-0.000000000000000000e+00
1.402122796759629253e+00,1.984583427633145991e+00,1.481309433680187970e-01,1.500000000000000000e+00,0.000000000000000000e+00,0.000000000000000000e+00,0.000000000000000000e+00,-2.103184195139443879e+00,-2.103184195139443879e+00,-1.500000000000000000e+00,-0.000000000000000000e+00
-5.818944229048019778e-01,2.699729769367458232e-01,1.300138292735039114e-01,1.500000000000000000e+00,0.000000000000000000e+00,0.000000000000000000e+00,0.000000000000000000e+00,8.728416343572029668e-01,8.728416343572029668e-01,-1.500000000000000000e+00,0.000000000000000000e+00
-1.379722552729553131e+00,2.128133686158525384e-01,4.975371174321865375e-01,1.500000000000000000e+00,0.000000000000000000e+00,0.000000000000000000e+00,0.000000000000000000e+00,2.069583829094329808e+00,2.069583829094329808e+00,-1.500000000000000000e+00,0.000000000000000000e+00
-7.663175359793381602e-01,1.325170693154346768e+00,1.779301939469598581e-01,1.500000000000000000e+00,0.000000000000000000e+00,0.000000000000000000e+00,0.000000000000000000e+00,1.149476303969007240e+00,1.149476303969007240e+00,-1.500000000000000000e+00,0.000000000000000000e+00
2.501911130226570634e-01,3.818491804201292750e-01,9.305995003876699201e-01,1.500000000000000000e+00,0.000000000000000000e+00,0.000000000000000000e+00,0.000000000000000000e+00,-3.752866695339855951e-01,-3.752866695339855951e-01,-1.500000000000000000e+00,-0.000000000000000000e+00
1.119962239277559668e+00,8.874883856849671293e-01,2.239393863966504528e-01,1.500000000000000000e+00,0.000000000000000000e+00,0.000000000000000000e+00,0.000000000000000000e+00,-1.679943358916339502e+00,-1.679943358916339502e+00,-1.500000000000000000e+00,-0.000000000000000000e+00
3.550513305346010284e-01,5.875659842128695409e-01,9.437152579135771324e-01,1.500000000000000000e+00,0.000000000000000000e+00,0.000000000000000000e+00,0.000000000000000000e+00,-5.325769958019015426e-01,-5.325769958019015426e-01,-1.500000000000000000e+00,-0.000000000000000000e+00
-2.357849790043991867e+00,9.388231950546748195e-01,7.157893409164572951e-01,1.500000000000000000e+00,0.000000000000000000e+00,0.000000000000000000e+00,0.000000000000000000e+00,3.536774685065987800e+00,3.536774685065987800e+00,-1.500000000000000000e+00,0.000000000000000000e+00
1.907318359468598956e+00,1.367810021199727277e+00,5.558558508079634031e-01,1.500000000000000000e+00,0.000000000000000000e+00,0.000000000000000000e+00,0.000000000000000000e+00,-2.860977539202898434e+00,-2.860977539202898434e+00,-1.500000000000000000e+00,-0.000000000000000000e+00
2.543158285330871848e+00,9.339955153318022507e-01,6.711413072239268418e-01,1.500000000000000000e+00,0.000000000000000000e+00,0.000000000000000000e+00,0.000000000000000000e+00,-3.814737427996307773e+00,-3.814737427996307773e+00,-1.500000000000000000e+00,-0.000000000000000000e+00
-2.392242945349066119e+00,1.006322349394657367e+00,6.920347976917384791e-01,1.500000000000000000e+00,0.000000000000000000e+00,0.000000000000000000e+00,0.000000000000000000e+00,3.588364418023599178e+00,3.588364418023599178e+00,-1.500000000000000000e+00,0.000000000000000000e+00
-1.502883227471227157e+00,1.457908012558930988e+00,2.852855797482889422e-01,1.500000000000000000e+00,0.000000000000000000e+00,0.000000000000000000e+00,0.000000000000000000e+00,2.254324841206840624e+00,2.254324841206840624e+00,-1.500000000000000000e+00,0.000000000000000000e+00
-1.957912870140522843e+00,2.048186411615033897e+00,4.881087822328751269e-01,1.500000000000000000e+00,0.000000000000000000e+00,0.000000000000000000e+00,0.000000000000000000e+00,2.936869305210784376e+00,2.936869305210784376e+00,-1.500000000000000000e+00,0.000000000000000000e+00
2.094930989579859570e+00,1.260010735487446798e-01,6.632574846753658271e-02,1.500000000000000000e+00,0.000000000000000000e+00,0.000000000000000000e+00,0.000000000000000000e+00,-3.142396484369789356e+00,-3.142396484369789356e+00,-1.500000000000000000e+00,-0.000000000000000000e+00
2.461672341707027201e+00,2.992527472928423027e+00,4.795848451345718910e-02,1.500000000000000000e+00,0.000000000000000000e+00,0.000000000000000000e+00,0.000000000000000000e+00,-3.692508512560540801e+00,-3.692508512560540801e+00,-1.500000000000000000e+00,-0.000000000000000000e+00
-2.734357474319766723e+00,1.292416774840492000e+00,9.435514996530450782e-01,1.500000000000000000e+00,0.000000000000000000e+00,0.000000000000000000e+00,0.000000000000000000e+00,4.101536211479650085e+00,4.101536211479650085e+00,-1.500000000000000000e+00,0.000000000000000000e+00
-1.005483516212236417e+00,2.769087461470610023e+00,8.505144391220448297e-01,1.500000000000000000e+00,0.000000000000000000e+00,0.000000000000000000e+00,0.000000000000000000e+00,1.508225274318354625e+00,1.508225274318354625e+00,-1.500000000000000000e+00,0.000000000000000000e+00
-1.845032321709406231e+00,2.172844975717602711e-02,7.536328917384785830e-01,1.500000000000000000e+00,0.000000000000000000e+00,0.000000000000000000e+00,0.000000000000000000e+00,2.767548482564109236e+00,2.767548482564109236e+00,-1.500000000000000000e+00,0.000000000000000000e+00
-1.828037586639954526e-01,1.724595922706377848e-01,1.039840569731934616e-01,1.500000000000000000e+00,0.000000000000000000e+00,0.000000000000000000e+00,0.000000000000000000e+00,2.742056379959931789e-01,2.742056379959931789e-01,-1.500000000000000000e+00,0.000000000000000000e+00
2.529542563713603087e+00,2.974251541954637812e-01,6.237875848566153403e-01,1.500000000000000000e+00,0.000000000000000000e+00,0.000000000000000000e+00,0.000000000000000000e+00,-3.794313845570404631e+00,-3.794313845570404631e+00,-1.500000000000000000e+00,-0.000000000000000000e+00
-2.578960550098241988e+00,2.738219563735056816e+00,7.151902965395265932e-01,1.500000000000000000e+00,0.000000000000000000e+00,0.000000000000000000e+00,0.000000000000000000e+00,3.868440825147362983e+00,3.868440825147362983e+00,-1.500000000000000000e+00,0.000000000000000000e+00
-1.972325322050660912e+00,1.236066719682207271e+00,4.305094694454647541e-01,1.500000000000000000e+00,0.000000000000000000e+00,0.000000000000000000e+00,0.000000000000000000e+00,2.958487983075991146e+00,2.958487983075991146e+00,-1.500000000000000000e+00,0.000000000000000000e+00
-7.782431111177112726e-02,2.539156721298066799e+00,3.779225974731632576e-01,1.500000000000000000e+00,0.000000000000000000e+00,0.000000000000000000e+00,0.000000000000000000e+00,1.167364666676566909e-01,1.167364666676566909e-01,-1.500000000000000000e+00,0.000000000000000000e+00
1.442081685768510368e-01,2.083885305910180730e+00,7.262842608423542012e-01,1.500000000000000000e+00,0.000000000000000000e+00,0.000000000000000000e+00,0.000000000000000000e+00,-2.163122528652765553e-01,-2.163122528652765553e-01,-1.500000000000000000e+00,-0.000000000000000000e+00
1.473007697965182494e+00,2.634361661366237950e-01,1.030729028124210966e-02,1.500000000000000000e+00,0.000000000000000000e+00,0.000000000000000000e+00,0.000000000000000000e+00,-2.209511546947773741e+00,-2.209511546947773741e+00,-1.500000000000000000e+00,-0.000000000000000000e+00
-3.738837687148275357e-01,1.085100307846147638e+00,4.705704431208266314e-01,1.500000000000000000e+00,0.000000000000000000e+00,0.000000000000000000e+00,0.000000000000000000e+00,5.608256530722413036e-01,5.608256530722413036e-01,-1.500000000000000000e+00,0.000000000000000000e+00
-2.153179491362818165e+00,9.943896104385682166e-01,2.564936971068531024e-01,1.500000000000000000e+00,0.000000000000000000e+00,0.000000000000000000e+00,0.000000000000000000e+00,3.229769237044227026e+00,3.229769237044227026e+00,-1.500000000000000000e+00,0.000000000000000000e+00
-8.783287691697023725e-01,1.359203665010827233e+00,4.437636751992488637e-01,1.500000000000000000e+00,0.000000000000000000e+00,0.000000000000000000e+00,0.000000000000000000e+00,1.317493153754553559e+00,1.317493153754553559e+00,-1.500000000000000000e+00,0.000000000000000000e+00
2.892558709609188483e+00,2.261443498155889742e+00,5.525912364181126968e-01,1.500000000000000000e+00,0.000000000000000000e+00,0.000000000000000000e+00,0.000000000000000000e+00,-4.338838064413782725e+00,-4.338838064413782725e+00,-1.500000000000000000e+00,-0.000000000000000000e+00
1.504332879226338626e+00,2.508485673151965578e-01,4.204735418408189762e-01,1.500000000000000000e+00,0.000000000000000000e+00,0.000000000000000000e+00,0.000000000000000000e+00,-2.256499318839507939e+00,-2.256499318839507939e+00,-1.500000000000000000e+00,-0.000000000000000000e+00
-2.301933770791362299e+00,2.779076035785169818e+00,8.768012560110111098e-01,1.500000000000000000e+00,0.000000000000000000e+00,0.000000000000000000e+00,0.000000000000000000e+00,3.452900656187043449e+00,3.452900656187043449e+00,-1.500000000000000000e+00,0.000000000000000000e+00
1.849255073033939212e+00,1.429793087320699652e+00,8.819541530956089836e-01,1.500000000000000000e+00,0.000000000000000000e+00,0.000000000000000000e+00,0.000000000000000000e+00,-2.773882609550908818e+00,-2.773882609550908818e+00,-1.500000000000000000e+00,-0.000000000000000000e+00
-1.134441216111099049e+00,1.097357243620653344e+00,7.595383858588042880e-01,1.500000000000000000e+00,0.000000000000000000e+00,0.000000000000000000e+00,0.000000000000000000e+00,1.701661824166648573e+00,1.701661824166648573e+00,-1.500000000000000000e+00,0.000000000000000000e+00
1.688378892668137787e+00,2.093096470647454410e+00,7.944924053945551234e-01,1.500000000000000000e+00,0.000000000000000000e+00,0.000000000000000000e+00,0.000000000000000000e+00,-2.532568339002206681e+00,-2.532568339002206681e+00,-1.500000000000000000e+00,-0.000000000000000000e+00
-2.923671304829996487e+00,8.295008623018464977e-01,5.006375920438244087e-01,1.500000000000000000e+00,0.000000000000000000e+00,0.000000000000000000e+00,0.000000000000000000e+00,4.385506957244994730e+00,4.385506957244994730e+00,-1.500000000000000000e+00,0.000000000000000000e+00
2.227620924100516042e+00,2.137414062021790073e+00,2.710638527294891853e-01,1.500000000000000000e+00,0.000000000000000000e+00,0.000000000000000000e+00,0.000000000000000000e+00,-3.341431386150774063e+00,-3.341431386150774063e+00,-1.500000000000000000e+00,-0.000000000000000000e+00
-2.026138057168394013e+00,1.247810237565858182e+00,8.156707319791183242e-01,1.500000000000000000e+00,0.000000000000000000e+00,0.000000000000000000e+00,0.000000000000000000e+00,3.039207085752591020e+00,3.039207085752591020e+00,-1.500000000000000000e+00,0.000000000000000000e+00
-2.654964260537839849e-01,1.434469653025999492e+00,1.165369129538207371e-01,1.500000000000000000e+00,0.000000000000000000e+00,0.000000000000000000e+00,0.000000000000000000e+00,3.982446390806759773e-01,3.982446390806759773e-01,-1.500000000000000000e+00,0.000000000000000000e+00
9.705335897450666494e-01,5.673235508607636923e-01,5.942025915191351260e-01,1.500000000000000000e+00,0.000000000000000000e+00,0.000000000000000000e+00,0.000000000000000000e+00,-1.455800384617599974e+00,-1.455800384617599974e+00,-1.500000000000000000e+00,-0.000000000000000000e+00
4.721740946775954129e-02,6.095539252871591263e-01,6.333371558632814313e-01,1.500000000000000000e+00,0.000000000000000000e+00,0.000000000000000000e+00,0.000000000000000000e+00,-7.082611420163931193e-02,-7.082611420163931193e-02,-1.500000000000000000e+00,-0.000000000000000000e+00
-2.007613394655626049e+00,2.584182408142170928e+00,1.091524667415720851e-01,1.500000000000000000e+00,0.000000000000000000e+00,0.000000000000000000e+00,0.000000000000000000e+00,3.011420091983438851e+00,3.011420091983438851e+00,-1.500000000000000000e+00,0.000000000000000000e+00
-2.165288920748639434e+00,1.728968197303770937e+00,2.042504001926082058e-01,1.500000000000000000e+00,0.000000000000000000e+00,0.000000000000000000e+00,0.000000000000000000e+00,3.247933381122959151e+00,3.247933381122959151e+00,-1.500000000000000000e+00,0.000000000000000000e+00
-1.292793642456221415e+00,1.266835916056068267e+00,6.722118959524514548e-01,1.500000000000000000e+00,0.000000000000000000e+00,0.000000000000000000e+00,0.000000000000000000e+00,1.939190463684332233e+00,1.939190463684332233e+00,-1.500000000000000000e+00,0.000000000000000000e+00
-2.685649457893749759e+00,2.324899862097468350e+00,8.576346031727474228e-01,1.500000000000000000e+00,0.000000000000000000e+00,0.000000000000000000e+00,0.000000000000000000e+00,4.028474186840624860e+00,4.028474186840624860e+00,-1.500000000000000000e+00,0.000000000000000000e+00
-1.700731397339767970e+00,2.736315341351892361e+00,3.907917788972957718e-01,1.500000000000000000e+00,0.000000000000000000e+00,0.000000000000000000e+00,0.000000000000000000e+00,2.551097096009652176e+00,2.551097096009652176e+00,-1.500000000000000000e+00,0.000000000000000000e+00
-2.219369902348472756e+00,4.765746519230876777e-01,5.312572177080331359e-01,1.500000000000000000e+00,0.000000000000000000e+00,0.000000000000000000e+00,0.000000000000000000e+00,3.329054853522709134e+00,3.329054853522709134e+00,-1.500000000000000000e+00,0.000000000000000000e+00
-2.112179129242619524e-01,2.993999285553798018e+00,7.082298860998192946e-01,1.500000000000000000e+00,0.000000000000000000e+00,0.000000000000000000e+00,0.000000000000000000e+00,3.168268693863929286e-01,3.168268693863929286e-01,-1.500000000000000000e+00,0.000000000000000000e+00
-8.609404239439548689e-01,4.242726439473820665e-02,5.817782763562150405e-01,1.500000000000000000e+00,0.000000000000000000e+00,0.000000000000000000e+00,0.000000000000000000e+00,1.291410635915932303e+00,1.291410635915932303e+00,-1.500000000000000000e+00,0.000000000000000000e+00
5.209934922028276461e-01,1.841893491239418257e+00,4.628325901514449559e-01,1.500000000000000000e+00,0.000000000000000000e+00,0.000000000000000000e+00,0.000000000000000000e+00,-7.814902383042414691e-01,-7.814902383042414691e-01,-1.500000000000000000e+00,-0.000000000000000000e+00
-1.314726812205971207e+00,7.909344996173197639e-01,6.381286052145793697e-01,1.500000000000000000e+00,0.000000000000000000e+00,0.000000000000000000e+00,0.000000000000000000e+00,1.972090218308956810e+00,1.972090218308956810e+00,-1.500000000000000000e+00,0.000000000000000000e+00
-2.796533708858809142e+00,7.563999408398325297e-01,7.099925615089206499e-01,1.500000000000000000e+00,0.000000000000000000e+00,0.000000000000000000e+00,0.000000000000000000e+00,4.194800563288213269e+00,4.194800563288213269e+00,-1.500000000000000000e+00,0.000000000000000000e+00
-1.013339030659907047e+00,1.483961999417732880e+00,8.010207894054258704e-01,1.500000000000000000e+00,0.000000000000000000e+00,0.000000000000000000e+00,0.000000000000000000e+00,1.520008545989860682e+00,1.520008545989860682e+00,-1.500000000000000000e+00,0.000000000000000000e+00
1.531084224777943703e+00,1.812672129856180758e+00,5.610732725796682141e-01,1.500000000000000000e+00,0.000000000000000000e+00,0.000000000000000000e+00,0.000000000000000000e+00,-2.296626337166915555e+00,-2.296626337166915555e+00,-1.500000000000000000e+00,-0.000000000000000000e+00
-1.464971039296725674e+00,1.310566579745160665e+00,6.609195132366180170e-01,1.500000000000000000e+00,0.000000000000000000e+00,0.000000000000000000e+00,0.000000000000000000e+00,2.197456558945088290e+00,2.197456558945088290e+00,-1.500000000000000000e+00,0.000000000000000000e+00
-5.727093994412610911e-01,2.141931756719216651e+00,1.952977141913750936e-01,1.500000000000000000e+00,0.000000000000000000e+00,0.000000000000000000e+00,0.000000000000000000e+00,8.590640991618916367e-01,8.590640991618916367e-01,-1.500000000000000000e+00,0.000000000000000000e+00
1.529846282807389102e+00,2.850868914543635668e+00,1.615774948543117207e-01,1.500000000000000000e+00,0.000000000000000000e+00,0.000000000000000000e+00,0.000000000000000000e+00,-2.294769424211083653e+00,-2.294769424211083653e+00,-1.500000000000000000e+00,-0.000000000000000000e+00
-5.599122957339996987e-01,5.066181047719464647e-01,8.097605826385244621e-01,1.500000000000000000e+00,0.000000000000000000e+00,0.000000000000000000e+00,0.000000000000000000e+00,8.398684436009995480e-01,8.398684436009995480e-01,-1.500000000000000000e+00,0.000000000000000000e+00
2.322744791696719879e+00,7.127563519369728429e-01,2.236262744812331782e-01,1.500000000000000000e+00,0.000000000000000000e+00,0.000000000000000000e+00,0.000000000000000000e+00,-3.484117187545079819e+00,-3.484117187545079819e+00,-1.500000000000000000e+00,-0.000000000000000000e+00
2.508411035691156421e+00,1.828692349715052234e+00,4.369665549221197764e-01,1.500000000000000000e+00,0.000000000000000000e+00,0.000000000000000000e+00,0.000000000000000000e+00,-3.762616553536734632e+00,-3.762616553536734632e+00,-1.500000000000000000e+00,-0.000000000000000000e+00
-1.136822170964666201e+00,1.230778575316269663e+00,8.849294031421161000e-01,1.500000000000000000e+00,0.000000000000000000e+00,0.000000000000000000e+00,0.000000000000000000e+00,1.705233256446999413e+00,1.705233256446999413e+00,-1.500000000000000000e+00,0.000000000000000000e+00
1.415781918531658690e+00,9.461595628065416763e-01,1.467299133845824111e-01,1.500000000000000000e+00,0.000000000000000000e+00,0.000000000000000000e+00,0.000000000000000000e+00,-2.123672877797488034e+00,-2.123672877797488034e+00,-1.500000000000000000e+00,-0.000000000000000000e+00
-1.481298102770629121e+00,1.513493012371718294e+00,6.787082546242535486e-01,1.500000000000000000e+00,0.000000000000000000e+00,0.000000000000000000e+00,0.000000000000000000e+00,2.221947154155943682e+00,2.221947154155943682e+00,-1.500000000000000000e+00,0.000000000000000000e+00
-2.162859776830235337e+00,2.090507137261626180e+00,2.484592566289374194e-01,1.500000000000000000e+00,0.000000000000000000e+00,0.000000000000000000e+00,0.000000000000000000e+00,3.244289665245353227e+00,3.244289665245353227e+00,-1.500000000000000000e+00,0.000000000000000000e+00
-3.727137521309988877e-01,2.726006805120074539e+00,6.259524849350511788e-01,1.500000000000000000e+00,0.000000000000000000e+00,0.000000000000000000e+00,0.000000000000000000e+00,5.590706281964983315e-01,5.590706281964983315e-01,-1.500000000000000000e+00,0.000000000000000000e+00
6.148345740048970498e-01,2.822607900488540267e+00,8.165307675686719335e-01,1.500000000000000000e+00,0.000000000000000000e+00,0.000000000000000000e+00,0.000000000000000000e+00,-9.222518610073455747e-01,-9.222518610073455747e-01,-1.500000000000000000e+00,-0.000000000000000000e+00
2.613545352306191560e+00,2.458601871692243090e+00,8.204483500025077092e-01,1.500000000000000000e+00,0.000000000000000000e+00,0.000000000000000000e+00,0.000000000000000000e+00,-3.920318028459287341e+00,-3.920318028459287341e+00,-1.500000000000000000e+00,-0.000000000000000000e+00
-2.124590885804341411e+00,1.039828229763169132e+00,7.776117864117324530e-01,1.500000000000000000e+00,0.000000000000000000e+00,0.000000000000000000e+00,0.000000000000000000e+00,3.186886328706512117e+00,3.186886328706512117e+00,-1.500000000000000000e+00,0.000000000000000000e+00
1.274176051958809452e+00,2.651612163512981457e+00,5.179010545648261576e-01,1.500000000000000000e+00,0.000000000000000000e+00,0.000000000000000000e+00,0.000000000000000000e+00,-1.911264077938214179e+00,-1.911264077938214179e+00,-1.500000000000000000e+00,-0.000000000000000000e+00
-1.472129707826104195e-01,2.129825187866587033e+00,5.435927382472696134e-01,1.500000000000000000e+00,0.000000000000000000e+00,0.000000000000000000e+00,0.000000000000000000e+00,2.208194561739156292e-01,2.208194561739156292e-01,-1.500000000000000000e+00,0.000000000000000000e+00
-2.209744214287389763e+00,5.234800358721540814e-01,1.719279780263103241e-01,1.500000000000000000e+00,0.000000000000000000e+00,0.000000000000000000e+00,0.000000000000000000e+00,3.314616321431084422e+00,3.314616321431084422e+00,-1.500000000000000000e+00,0.000000000000000000e+00
2.835948283798412461e+00,2.859714999152483283e+00,1.166738765878858608e-01,1.500000000000000000e+00,0.000000000000000000e+00,0.000000000000000000e+00,0.000000000000000000e+00,-4.253922425697618692e+00,-4.253922425697618692e+00,-1.500000000000000000e+00,-0.000000000000000000e+00
1.174613690743889549e+00,7.420276379063017735e-01,7.479076010218279613e-01,1.500000000000000000e+00,0.000000000000000000e+00,0.000000000000000000e+00,0.000000000000000000e+00,-1.761920536115834324e+00,-1.761920536115834324e+00,-1.500000000000000000e+00,-0.000000000000000000e+00
-2.226847945417432140e+00,2.046426370620009649e+00,5.223398734863848869e-02,1.500000000000000000e+00,0.000000000000000000e+00,0.000000000000000000e+00,0.000000000000000000e+00,3.340271918126147987e+00,3.340271918126147987e+00,-1.500000000000000000e+00,0.000000000000000000e+00
2.434532511736466454e+00,2.083587184661441327e+00,9.327346274937284853e-01,1.500000000000000000e+00,0.000000000000000000e+00,0.000000000000000000e+00,0.000000000000000000e+00,-3.651798767604699680e+00,-3.651798767604699680e+00,-1.500000000000000000e+00,-0.000000000000000000e+00
-2.381435036686592177e+00,2.724190067909949775e+00,1.857947111817407349e-01,1.500000000000000000e+00,0.000000000000000000e+00,0.000000000000000000e+00,0.000000000000000000e+00,3.572152555029888266e+00,3.572152555029888266e+00,-1.500000000000000000e+00,0.000000000000000000e+00
-2.444044591800820676e+00,1.999381604560355186e+00,7.200750172803538351e-01,1.500000000000000000e+00,0.000000000000000000e+00,0.000000000000000000e+00,0.000000000000000000e+00,3.666066887701231014e+00,3.666066887701231014e+00,-1.500000000000000000e+00,0.000000000000000000e+00
-1.010694026733547801e+00,2.949405687739220294e+00,4.476509055536580517e-01,1.500000000000000000e+00,0.000000000000000000e+00,0.000000000000000000e+00,0.000000000000000000e+00,1.516041040100321702e+00,1.516041040100321702e+00,-1.500000000000000000e+00,0.000000000000000000e+00
2.627754961206189677e+00,1.791901108705435952e-01,6.127465755360702593e-01,1.500000000000000000e+00,0.000000000000000000e+00,0.000000000000000000e+00,0.000000000000000000e+00,-3.941632441809284515e+00,-3.941632441809284515e+00,-1.500000000000000000e+00,-0.000000000000000000e+00
-2.801853111125372831e+00,1.123782278378944177e-01,7.566026978082165400e-01,1.500000000000000000e+00,0.000000000000000000e+00,0.000000000000000000e+00,0.000000000000000000e+00,4.202779666688059024e+00,4.202779666688059024e+00,-1.500000000000000000e+00,0.000000000000000000e+00
2.509243446481214335e+00,5.868575718467415880e-01,2.961105022665979636e-01,1.500000000000000000e+00,0.000000000000000000e+00,0.000000000000000000e+00,0.000000000000000000e+00,-3.763865169721821502e+00,-3.763865169721821502e+00,-1.500000000000000000e+00,-0.000000000000000000e+00
6.696694721707592279e-01,1.725791459219989221e+00,8.252660301136862664e-01,1.500000000000000000e+00,0.000000000000000000e+00,0.000000000000000000e+00,0.000000000000000000e+00,-1.004504208256138842e+00,-1.004504208256138842e+00,-1.500000000000000000e+00,-0.000000000000000000e+00
-2.597690171278451921e+00,1.271740164546860896e+00,7.553231189285499747e-01,1.500000000000000000e+00,0.000000000000000000e+00,0.000000000000000000e+00,0.000000000000000000e+00,3.896535256917677881e+00,3.896535256917677881e+00,-1.500000000000000000e+00,0.000000000000000000e+00
4.115503525710653143e-01,2.475350963983609098e-01,5.803145068245942895e-01,1.500000000000000000e+00,0.000000000000000000e+00,0.000000000000000000e+00,0.000000000000000000e+00,-6.173255288565979715e-01,-6.173255288565979715e-01,-1.500000000000000000e+00,-0.000000000000000000e+00
-2.472556648903565524e-01,6.060274859269586534e-01,5.742088202589213930e-01,1.500000000000000000e+00,0.000000000000000000e+00,0.000000000000000000e+00,0.000000000000000000e+00,3.708834973355348286e-01,3.708834973355348286e-01,-1.500000000000000000e+00,0.000000000000000000e+00
3.839072932080838108e-01,1.737743074420033729e+00,3.840679157880317884e-01,1.500000000000000000e+00,0.000000000000000000e+00,0.000000000000000000e+00,0.000000000000000000e+00,-5.758609398121257161e-01,-5.758609398121257161e-01,-1.500000000000000000e+00,-0.000000000000000000e+00
1.423221246478032498e+00,1.207422927075934016e+00,9.691364536108099115e-01,1.500000000000000000e+00,0.000000000000000000e+00,0.000000000000000000e+00,0.000000000000000000e+00,-2.134831869717048747e+00,-2.134831869717048747e+00,-1.500000000000000000e+00,-0.000000000000000000e+00
1.071714583104375507e+00,2.290312899859195284e+00,3.875703023018784998e-01,1.500000000000000000e+00,0.000000000000000000e+00,0.000000000000000000e+00,0.000000000000000000e+00,-1.607571874656563260e+00,-1.607571874656563260e+00,-1.500000000000000000e+00,-0.000000000000000000e+00
2.983365288403187598e+00,1.400893749286949319e+00,2.410304265695550896e-01,1.500000000000000000e+00,0.000000000000000000e+00,0.000000000000000000e+00,0.000000000000000000e+00,-4.475047932604780954e+00,-4.475047932604780954e+00,-1.500000000000000000e+00,-0.000000000000000000e+00
-2.059985618196751744e+00,2.633211016933454829e+00,5.582811663657091250e-01,1.500000000000000000e+00,0.000000000000000000e+00,0.000000000000000000e+00,0.000000000000000000e+00,3.089978427295127617e+00,3.089978427295127617e+00,-1.500000000000000000e+00,0.000000000000000000e+00
1.877132512516398677e+00,2.276266191477405165e+00,9.210082929167410226e-01,1.500000000000000000e+00,0.000000000000000000e+00,0.000000000000000000e+00,0.000000000000000000e+00,-2.815698768774598015e+00,-2.815698768774598015e+00,-1.500000000000000000e+00,-0.000000000000000000e+00
-5.334420785725617620e-01,1.483324480717420402e+00,9.259456435423867315e-01,1.500000000000000000e+00,0.000000000000000000e+00,0.000000000000000000e+00,0.000000000000000000e+00,8.001631178588426430e-01,8.001631178588426430e-01,-1.500000000000000000e+00,0.000000000000000000e+00
1.699845126362455439e+00,1.073959628233506436e+00,5.781174291764035189e-01,1.500000000000000000e+00,0.000000000000000000e+00,0.000000000000000000e+00,0.000000000000000000e+00,-2.549767689543683158e+00,-2.549767689543683158e+00,-1.500000000000000000e+00,-0.000000000000000000e+00
2.350675042770047796e+00,6.415243909208649953e-01,3.921360948797030233e-01,1.500000000000000000e+00,0.000000000000000000e+00,0.000000000000000000e+00,0.000000000000000000e+00,-3.526012564155071694e+00,-3.526012564155071694e+00,-1.500000000000000000e+00,-0.000000000000000000e+00
2.951989127887215680e+00,8.762302228393226144e-01,7.471296147775355889e-01,1.500000000000000000e+00,0.000000000000000000e+00,0.000000000000000000e+00,0.000000000000000000e+00,-4.427983691830823076e+00,-4.427983691830823076e+00,-1.500000000000000000e+00,-0.000000000000000000e+00
-1.403748930216396573e+00,1.065233218847657204e+00,5.590354203701669578e-01,1.500000000000000000e+00,0.000000000000000000e+00,0.000000000000000000e+00,0.000000000000000000e+00,2.105623395324594860e+00,2.105623395324594860e+00,-1.500000000000000000e+00,0.000000000000000000e+00
-2.823703737703793237e-01,1.083708908434641849e+00,8.227824543188977380e-01,1.500000000000000000e+00,0.000000000000000000e+00,0.000000000000000000e+00,0.000000000000000000e+00,4.235555606555689856e-01,4.235555606555689856e-01,-1.500000000000000000e+00,0.000000000000000000e+00
2.656675641380914499e+00,5.370460516875544821e-01,8.332390921452628163e-01,1.500000000000000000e+00,0.000000000000000000e+00,0.000000000000000000e+00,0.000000000000000000e+00,-3.985013462071371748e+00,-3.985013462071371748e+00,-1.500000000000000000e+00,-0.000000000000000000e+00
2.674430279756322193e+00,1.419634268703837687e+00,7.023048944121559334e-01,1.500000000000000000e+00,0.000000000000000000e+00,0.000000000000000000e+00,0.000000000000000000e+00,-4.011645419634483289e+00,-4.011645419634483289e+00,-1.500000000000000000e+00,-0.000000000000000000e+00
-7.627569427626301746e-01,3.354982901688057240e-01,9.728249804480910701e-01,1.500000000000000000e+00,0.000000000000000000e+00,0.000000000000000000e+00,0.000000000000000000e+00,1.144135414143945262e+00,1.144135414143945262e+00,-1.500000000000000000e+00,0.000000000000000000e+00
2.641256726905838015e+00,2.605735118607753975e+00,6.486742272780164908e-01,1.500000000000000000e+00,0.000000000000000000e+00,0.000000000000000000e+00,0.000000000000000000e+00,-3.961885090358757022e+00,-3.961885090358757022e+00,-1.500000000000000000e+00,-0.000000000000000000e+00
-5.646530683272814599e-01,1.651039601614472385e+00,9.747582434401291795e-01,1.500000000000000000e+00,0.000000000000000000e+00,0.000000000000000000e+00,0.000000000000000000e+00,8.469796024909221899e-01,8.469796024909221899e-01,-1.500000000000000000e+00,0.000000000000000000e+00
-7.514034061481527083e-01,2.852814060427663057e-01,6.519483824415172046e-01,1.500000000000000000e+00,0.000000000000000000e+00,0.000000000000000000e+00,0.000000000000000000e+00,1.127105109222229062e+00,1.127105109222229062e+00,-1.500000000000000000e+00,0.000000000000000000e+00
1.539716371638879089e+00,9.834629822780731612e-01,2.183573982689259729e-01,1.500000000000000000e+00,0.000000000000000000e+00,0.000000000000000000e+00,0.000000000000000000e+00,-2.309574557458318633e+00,-2.309574557458318633e+00,-1.500000000000000000e+00,-0.000000000000000000e+00
-1.727290203538824898e-01,7.657107357611669940e-01,6.276390696651029666e-01,1.500000000000000000e+00,0.000000000000000000e+00,0.000000000000000000e+00,0.000000000000000000e+00,2.590935305308237346e-01,2.590935305308237346e-01,-1.500000000000000000e+00,0.000000000000000000e+00
-3.108092629187853007e-01,4.684651026893471570e-01,7.677619208919468363e-01,1.500000000000000000e+00,0.000000000000000000e+00,0.000000000000000000e+00,0.000000000000000000e+00,4.662138943781779510e-01,4.662138943781779510e-01,-1.500000000000000000e+00,0.000000000000000000e+00
-6.832860379300509379e-01,1.441917700895798848e+00,4.231570919450583501e-01,1.500000000000000000e+00,0.000000000000000000e+00,0.000000000000000000e+00,0.000000000000000000e+00,1.024929056895076407e+00,1.024929056895076407e+00,-1.500000000000000000e+00,0.000000000000000000e+00
-4.031764085544611298e-01,5.498156904408892931e-01,1.677801803076216514e-01,1.500000000000000000e+00,0.000000000000000000e+00,0.000000000000000000e+00,0.000000000000000000e+00,6.047646128316916947e-01,6.047646128316916947e-01,-1.500000000000000000e+00,0.000000000000000000e+00
-2.161094121537231239e+00,4.550196580103883504e-01,3.517191513317170504e-01,1.500000000000000000e+00,0.000000000000000000e+00,0.000000000000000000e+00,0.000000000000000000e+00,3.241641182305846858e+00,3.241641182305846858e+00,-1.500000000000000000e+00,0.000000000000000000e+00
-2.633777115283456816e+00,2.106862629894680872e+00,7.815362736403903554e-01,1.500000000000000000e+00,0.000000000000000000e+00,0.000000000000000000e+00,0.000000000000000000e+00,3.950665672925185223e+00,3.950665672925185223e+00,-1.500000000000000000e+00,0.000000000000000000e+00
1.523958868112686105e+00,1.288737629074230728e+00,2.076754829420868198e-01,1.500000000000000000e+00,0.000000000000000000e+00,0.000000000000000000e+00,0.000000000000000000e+00,-2.285938302169029157e+00,-2.285938302169029157e+00,-1.500000000000000000e+00,-0.000000000000000000e+00
3.869996974855354210e-01,2.016168319972315270e+00,1.139658565795731437e-02,1.500000000000000000e+00,0.000000000000000000e+00,0.000000000000000000e+00,0.000000000000000000e+00,-5.804995462283031316e-01,-5.804995462283031316e-01,-1.500000000000000000e+00,-0.000000000000000000e+00
1.031343887749191168e+00,1.409919734430022498e+00,8.790279930971748312e-01,1.500000000000000000e+00,0.000000000000000000e+00,0.000000000000000000e+00,0.000000000000000000e+00,-1.547015831623786752e+00,-1.547015831623786752e+00,-1.500000000000000000e+00,-0.000000000000000000e+00
1.814012712855958220e+00,1.511940432270843182e+00,9.717619587766995748e-01,1.500000000000000000e+00,0.000000000000000000e+00,0.000000000000000000e+00,0.000000000000000000e+00,-2.721019069283937331e+00,-2.721019069283937331e+00,-1.500000000000000000e+00,-0.000000000000000000e+00
-1.619363025053611516e+00,9.320775198666950700e-01,8.689064946294056124e-01,1.500000000000000000e+00,0.000000000000000000e+00,0.000000000000000000e+00,0.000000000000000000e+00,2.429044537580417273e+00,2.429044537580417273e+00,-1.500000000000000000e+00,0.000000000000000000e+00
-1.597362430529762456e+00,1.278958136421258995e+00,8.012089997930881280e-01,1.500000000000000000e+00,0.000000000000000000e+00,0.000000000000000000e+00,0.000000000000000000e+00,2.396043645794643684e+00,2.396043645794643684e+00,-1.500000000000000000e+00,0.000000000000000000e+00
-1.332548202710738039e+00,1.442695372869694737e+00,7.296447992343770839e-01,1.500000000000000000e+00,0.000000000000000000e+00,0.000000000000000000e+00,0.000000000000000000e+00,1.998822304066107058e+00,1.998822304066107058e+00,-1.500000000000000000e+00,0.000000000000000000e+00
-1.176450053090306147e+00,1.027205991805176799e+00,5.514335977793185517e-01,1.500000000000000000e+00,0.000000000000000000e+00,0.000000000000000000e+00,0.000000000000000000e+00,1.764675079635459110e+00,1.764675079635459110e+00,-1.500000000000000000e+00,0.000000000000000000e+00
1.564145507090403342e+00,2.478637371612161910e+00,6.518348693001022598e-01,1.500000000000000000e+00,0.000000000000000000e+00,0.000000000000000000e+00,0.000000000000000000e+00,-2.346218260635605013e+00,-2.346218260635605013e+00,-1.500000000000000000e+00,-0.000000000000000000e+00
-7.549104825292349830e-01,7.388304222229190588e-01,7.463659378495514085e-01,1.500000000000000000e+00,0.000000000000000000e+00,0.000000000000000000e+00,0.000000000000000000e+00,1.132365723793852474e+00,1.132365723793852474e+00,-1.500000000000000000e+00,0.000000000000000000e+00
-1.060866822722798863e+00,6.616209278010442008e-01,3.285996015839234285e-01,1.500000000000000000e+00,0.000000000000000000e+00,0.000000000000000000e+00,0.000000000000000000e+00,1.591300234084198184e+00,1.591300234084198184e+00,-1.500000000000000000e+00,0.000000000000000000e+00
8.178094196758394219e-01,1.032750118476633450e+00,2.052589328885588982e-01,1.500000000000000000e+00,0.000000000000000000e+00,0.000000000000000000e+00,0.000000000000000000e+00,-1.226714129513759133e+00,-1.226714129513759133e+00,-1.500000000000000000e+00,-0.000000000000000000e+00
-1.880576991779405294e+00,2.355546848351947276e+00,6.939492785996993485e-01,1.500000000000000000e+00,0.000000000000000000e+00,0.000000000000000000e+00,0.000000000000000000e+00,2.820865487669108163e+00,2.820865487669108163e+00,-1.500000000000000000e+00,0.000000000000000000e+00
-2.361479099482935773e+00,2.542701886713831794e+00,6.034697977922063306e-01,1.500000000000000000e+00,0.000000000000000000e+00,0.000000000000000000e+00,0.000000000000000000e+00,3.542218649224403659e+00,3.542218649224403659e+00,-1.500000000000000000e+00,0.000000000000000000e+00
1.182799429155802606e+00,1.695061790424241099e+00,9.903645629481582224e-01,1.500000000000000000e+00,0.000000000000000000e+00,0.000000000000000000e+00,0.000000000000000000e+00,-1.774199143733703909e+00,-1.774199143733703909e+00,-1.500000000000000000e+00,-0.000000000000000000e+00
1.538671992008989520e+00,1.082058668282316116e+00,4.145789370845859301e-01,1.500000000000000000e+00,0.000000000000000000e+00,0.000000000000000000e+00,0.000000000000000000e+00,-2.308007988013484280e+00,-2.308007988013484280e+00,-1.500000000000000000e+00,-0.000000000000000000e+00
-1.221812382378698381e+00,1.946428876173828648e+00,4.140734726646519981e-01,1.500000000000000000e+00,0.000000000000000000e+00,0.000000000000000000e+00,0.000000000000000000e+00,1.832718573568047571e+00,1.832718573568047571e+00,-1.500000000000000000e+00,0.000000000000000000e+00
8.162470611117891295e-01,2.479414459062921239e+00,1.220779523528050525e-01,1.500000000000000000e+00,0.000000000000000000e+00,0.000000000000000000e+00,0.000000000000000000e+00,-1.224370591667683694e+00,-1.224370591667683694e+00,-1.500000000000000000e+00,-0.000000000000000000e+00
-2.795540592644426781e+00,7.286619124684220461e-01,1.491886449981738583e-02,1.500000000000000000e+00,0.000000000000000000e+00,0.000000000000000000e+00,0.000000000000000000e+00,4.193310888966640171e+00,4.193310888966640171e+00,-1.500000000000000000e+00,0.000000000000000000e+00
-5.740861165226487373e-01,2.002639824365845200e+00,1.392774179847163785e-01,1.500000000000000000e+00,0.000000000000000000e+00,0.000000000000000000e+00,0.000000000000000000e+00,8.611291747839731059e-01,8.611291747839731059e-01,-1.500000000000000000e+00,0.000000000000000000e+00
4.677501771352599036e-01,2.129620133386961101e+00,5.920156602928040579e-01,1.500000000000000000e+00,0.000000000000000000e+00,0.000000000000000000e+00,0.000000000000000000e+00,-7.016252657028898554e-01,-7.016252657028898554e-01,-1.500000000000000000e+00,-0.000000000000000000e+00
-1.479488837621945718e+00,1.170744594126004845e+00,9.638212022581571503e-01,1.500000000000000000e+00,0.000000000000000000e+00,0.000000000000000000e+00,0.000000000000000000e+00,2.219233256432918466e+00,2.219233256432918466e+00,-1.500000000000000000e+00,0.000000000000000000e+00
-9.107105885676722856e-01,4.344400111289704602e-01,1.132621805364847356e-01,1.500000000000000000e+00,0.000000000000000000e+00,0.000000000000000000e+00,0.000000000000000000e+00,1.366065882851508428e+00,1.366065882851508428e+00,-1.500000000000000000e+00,0.000000000000000000e+00
6.572973828651864636e-01,1.822326738330599438e+00,1.600492133134199246e-01,1.500000000000000000e+00,0.000000000000000000e+00,0.000000000000000000e+00,0.000000000000000000e+00,-9.859460742977796954e-01,-9.859460742977796954e-01,-1.500000000000000000e+00,-0.000000000000000000e+00
5.393870665024929067e-01,6.305076025250323513e-01,6.818885579889999438e-01,1.500000000000000000e+00,0.000000000000000000e+00,0.000000000000000000e+00,0.000000000000000000e+00,-8.090805997537393601e-01,-8.090805997537393601e-01,-1.500000000000000000e+00,-0.000000000000000000e+00
-2.074855575202541935e+00,1.104040378546753187e+00,3.021122281815276089e-01,1.500000000000000000e+00,0.000000000000000000e+00,0.000000000000000000e+00,0.000000000000000000e+00,3.112283362803812903e+00,3.112283362803812903e+00,-1.500000000000000000e+00,0.000000000000000000e+00
1.239491317274566740e+00,1.633610014299602398e+00,4.564981128105738417e-02,1.500000000000000000e+00,0.000000000000000000e+00,0.000000000000000000e+00,0.000000000000000000e+00,-1.859236975911850109e+00,-1.859236975911850109e+00,-1.500000000000000000e+00,-0.000000000000000000e+00
-2.519824345338725458e+00,2.888100328794626748e+00,8.876641134985263637e-01,1.500000000000000000e+00,0.000000000000000000e+00,0.000000000000000000e+00,0.000000000000000000e+00,3.779736518008088186e+00,3.779736518008088186e+00,-1.500000000000000000e+00,0.000000000000000000e+00
2.818348044844597666e+00,4.395693363238589724e-01,1.490170484835670051e-01,1.500000000000000000e+00,0.000000000000000000e+00,0.000000000000000000e+00,0.000000000000000000e+00,-4.227522067266896499e+00,-4.227522067266896499e+00,-1.500000000000000000e+00,-0.000000000000000000e+00
-1.785828250958317875e+00,2.210803519117222615e-01,4.363634367311384210e-01,1.500000000000000000e+00,0.000000000000000000e+00,0.000000000000000000e+00,0.000000000000000000e+00,2.678742376437476924e+00,2.678742376437476924e+00,-1.500000000000000000e+00,0.000000000000000000e+00
-1.478711143985436127e+00,1.616584511853945472e+00,7.545560210271695656e-01,1.500000000000000000e+00,0.000000000000000000e+00,0.000000000000000000e+00,0.000000000000000000e+00,2.218066715978154413e+00,2.218066715978154413e+00,-1.500000000000000000e+00,0.000000000000000000e+00
-1.798196722135679160e+00,2.829257694436768222e+00,7.800117056635329504e-01,1.500000000000000000e+00,0.000000000000000000e+00,0.000000000000000000e+00,0.000000000000000000e+00,2.697295083203518740e+00,2.697295083203518740e+00,-1.500000000000000000e+00,0.000000000000000000e+00
2.948993757165485619e+00,1.386006334340289525e-01,9.557979400301014339e-01,1.500000000000000000e+00,0.000000000000000000e+00,0.000000000000000000e+00,0.000000000000000000e+00,-4.423490635748228428e+00,-4.423490635748228428e+00,-1.500000000000000000e+00,-0.000000000000000000e+00
-1.280430477207576523e+00,1.926353334944019613e+00,5.925300879814282551e-01,1.500000000000000000e+00,0.000000000000000000e+00,0.000000000000000000e+00,0.000000000000000000e+00,1.920645715811364784e+00,1.920645715811364784e+00,-1.500000000000000000e+00,0.000000000000000000e+00
6.317536469329017024e-01,8.185137851733426118e-02,1.480164395121528198e-01,1.500000000000000000e+00,0.000000000000000000e+00,0.000000000000000000e+00,0.000000000000000000e+00,-9.476304703993525536e-01,-9.476304703993525536e-01,-1.500000000000000000e+00,-0.000000000000000000e+00
2.943804914661988903e+00,1.653145120572486970e+00,8.044627310466745396e-02,1.500000000000000000e+00,0.000000000000000000e+00,0.000000000000000000e+00,0.000000000000000000e+00,-4.415707371992983354e+00,-4.415707371992983354e+00,-1.500000000000000000e+00,-0.000000000000000000e+00
2.700407134572156309e+00,3.574919858224030467e-01,6.430729838364122042e-01,1.500000000000000000e+00,0.000000000000000000e+00,0.000000000000000000e+00,0.000000000000000000e+00,-4.050610701858234464e+00,-4.050610701858234464e+00,-1.500000000000000000e+00,-0.000000000000000000e+00
-2.745901025658620931e+00,1.977364548121994137e+00,5.353429025001227304e-01,1.500000000000000000e+00,0.000000000000000000e+00,0.000000000000000000e+00,0.000000000000000000e+00,4.118851538487930952e+00,4.118851538487930952e+00,-1.500000000000000000e+00,0.000000000000000000e+00
1.271044129513319021e-01,1.082957300384753685e+00,2.491947312050034613e-01,1.500000000000000000e+00,0.000000000000000000e+00,0.000000000000000000e+00,0.000000000000000000e+00,-1.906566194269978531e-01,-1.906566194269978531e-01,-1.500000000000000000e+00,-0.000000000000000000e+00
6.078280581375468117e-01,1.963709743477022318e+00,1.649903145511976144e-01,1.500000000000000000e+00,0.000000000000000000e+00,0.000000000000000000e+00,0.000000000000000000e+00,-9.117420872063202175e-01,-9.117420872063202175e-01,-1.500000000000000000e+00,-0.000000000000000000e+00
1.214370369369635050e+00,7.747462795044512962e-01,3.502632332546460336e-01,1.500000000000000000e+00,0.000000000000000000e+00,0.000000000000000000e+00,0.000000000000000000e+00,-1.821555554054452575e+00,-1.821555554054452575e+00,-1.500000000000000000e+00,-0.000000000000000000e+00
-9.845441100850704785e-01,2.247436476869016930e-01,2.879256866702578632e-01,1.500000000000000000e+00,0.000000000000000000e+00,0.000000000000000000e+00,0.000000000000000000e+00,1.476816165127605718e+00,1.476816165127605718e+00,-1.500000000000000000e+00,0.000000000000000000e+00
-1.032548339215162869e+00,5.456503469246881677e-01,3.545656284789608925e-01,1.500000000000000000e+00,0.000000000000000000e+00,0.000000000000000000e+00,0.000000000000000000e+00,1.548822508822744304e+00,1.548822508822744304e+00,-1.500000000000000000e+00,0.000000000000000000e+00
-2.974295906348308982e+00,8.217466213279955856e-01,3.513875593001895004e-01,1.500000000000000000e+00,0.000000000000000000e+00,0.000000000000000000e+00,0.000000000000000000e+00,4.461443859522463029e+00,4.461443859522463029e+00,-1.500000000000000000e+00,0.000000000000000000e+00
-2.788579792643992139e+00,4.943031269502292657e-01,7.525246905220215332e-01,1.500000000000000000e+00,0.000000000000000000e+00,0.000000000000000000e+00,0.000000000000000000e+00,4.182869688965988431e+00,4.182869688965988431e+00,-1.500000000000000000e+00,0.000000000000000000e+00
3.003430111140170666e-01,5.953022877014892966e-01,4.615976695000877372e-01,1.500000000000000000e+00,0.000000000000000000e+00,0.000000000000000000e+00,0.000000000000000000e+00,-4.505145166710255999e-01,-4.505145166710255999e-01,-1.500000000000000000e+00,-0.000000000000000000e+00
-2.544677392371937685e+00,1.632541637775474230e+00,8.478573568935604543e-01,1.500000000000000000e+00,0.000000000000000000e+00,0.000000000000000000e+00,0.000000000000000000e+00,3.817016088557906528e+00,3.817016088557906528e+00,-1.500000000000000000e+00,0.000000000000000000e+00
-1.785112730583012342e+00,1.312925655124122404e+00,5.020419963261891771e-01,1.500000000000000000e+00,0.000000000000000000e+00,0.000000000000000000e+00,0.000000000000000000e+00,2.677669095874518401e+00,2.677669095874518401e+00,-1.500000000000000000e+00,0.000000000000000000e+00
-1.000368502677321025e+00,2.475901461362115974e+00,2.904577708192215280e-01,1.500000000000000000e+00,0.000000000000000000e+00,0.000000000000000000e+00,0.000000000000000000e+00,1.500552754015981538e+00,1.500552754015981538e+00,-1.500000000000000000e+00,0.000000000000000000e+00
-2.577172449022976153e+00,1.492889967504852144e+00,9.242679288205610799e-01,1.500000000000000000e+00,0.000000000000000000e+00,0.000000000000000000e+00,0.000000000000000000e+00,3.865758673534464229e+00,3.865758673534464229e+00,-1.500000000000000000e+00,0.000000000000000000e+00
-2.814840960072627851e+00,1.618525734731186994e+00,6.514367067945147083e-01,1.500000000000000000e+00,0.000000000000000000e+00,0.000000000000000000e+00,0.000000000000000000e+00,4.222261440108941777e+00,4.222261440108941777e+00,-1.500000000000000000e+00,0.000000000000000000e+00
2.561522696479128669e+00,2.130381626207445311e+00,8.430036720412905638e-01,1.500000000000000000e+00,0.000000000000000000e+00,0.000000000000000000e+00,0.000000000000000000e+00,-3.842284044718693004e+00,-3.842284044718693004e+00,-1.500000000000000000e+00,-0.000000000000000000e+00
-3.887482225278526826e-01,2.560241997394773872e+00,2.329606172543773335e-01,1.500000000000000000e+00,0.000000000000000000e+00,0.000000000000000000e+00,0.000000000000000000e+00,5.831223337917790239e-01,5.831223337917790239e-01,-1.500000000000000000e+00,0.000000000000000000e+00
-1.770693236158777717e+00,1.754104631064554498e+00,9.732720661066466272e-01,1.500000000000000000e+00,0.000000000000000000e+00,0.000000000000000000e+00,0.000000000000000000e+00,2.656039854238166686e+00,2.656039854238166686e+00,-1.500000000000000000e+00,0.000000000000000000e+00
1.250710808095005788e+00,1.104664597465319087e-01,6.350527535932883882e-01,1.500000000000000000e+00,0.000000000000000000e+00,0.000000000000000000e+00,0.000000000000000000e+00,-1.876066212142508682e+00,-1.876066212142508682e+00,-1.500000000000000000e+00,-0.000000000000000000e+00
-2.943327952329670261e+00,1.377639304535468234e+00,3.747610853046263735e-01,1.500000000000000000e+00,0.000000000000000000e+00,0.000000000000000000e+00,0.000000000000000000e+00,4.414991928494504947e+00,4.414991928494504947e+00,-1.500000000000000000e+00,0.000000000000000000e+00
-1.529896514125023366e+00,9.680947347862589591e-02,2.510866213001160530e-01,1.500000000000000000e+00,0.000000000000000000e+00,0.000000000000000000e+00,0.000000000000000000e+00,2.294844771187535049e+00,2.294844771187535049e+00,-1.500000000000000000e+00,0.000000000000000000e+00
2.764497834332638959e+00,1.814638158683366864e+00,9.883573415954749475e-02,1.500000000000000000e+00,0.000000000000000000e+00,0.000000000000000000e+00,0.000000000000000000e+00,-4.146746751498958439e+00,-4.146746751498958439e+00,-1.500000000000000000e+00,-0.000000000000000000e+00
2.386141037549818655e+00,1.951429550668619672e-01,3.287972566679187025e-02,1.500000000000000000e+00,0.000000000000000000e+00,0.000000000000000000e+00,0.000000000000000000e+00,-3.579211556324727983e+00,-3.579211556324727983e+00,-1.500000000000000000e+00,-0.000000000000000000e+00
8.155515024306447813e-01,1.618827201703408214e+00,1.960015041691036686e-01,1.500000000000000000e+00,0.000000000000000000e+00,0.000000000000000000e+00,0.000000000000000000e+00,-1.223327253645967172e+00,-1.223327253645967172e+00,-1.500000000000000000e+00,-0.000000000000000000e+00
-2.440783371786065636e+00,4.497634283391830357e-01,3.098507167260825534e-01,1.500000000000000000e+00,0.000000000000000000e+00,0.000000000000000000e+00,0.000000000000000000e+00,3.661175057679098455e+00,3.661175057679098455e+00,-1.500000000000000000e+00,0.000000000000000000e+00
-1.091694928417130006e+00,2.566572349748335924e+00,5.306552402397693990e-01,1.500000000000000000e+00,0.000000000000000000e+00,0.000000000000000000e+00,0.000000000000000000e+00,1.637542392625694898e+00,1.637542392625694898e+00,-1.500000000000000000e+00,0.000000000000000000e+00
-2.832404699053835628e+00,2.828944345397704785e-01,3.979779573488991806e-01,1.500000000000000000e+00,0.000000000000000000e+00,0.000000000000000000e+00,0.000000000000000000e+00,4.248607048580753442e+00,4.248607048580753442e+00,-1.500000000000000000e+00,0.000000000000000000e+00
-1.684853973093031865e+00,1.978262153404372725e+00,4.541531958972866434e-02,1.500000000000000000e+00,0.000000000000000000e+00,0.000000000000000000e+00,0.000000000000000000e+00,2.527280959639547575e+00,2.527280959639547575e+00,-1.500000000000000000e+00,0.000000000000000000e+00
-2.847395258501998150e+00,2.111421589387336262e+00,1.444033857840251178e-01,1.500000000000000000e+00,0.000000000000000000e+00,0.000000000000000000e+00,0.000000000000000000e+00,4.271092887752997669e+00,4.271092887752997669e+00,-1.500000000000000000e+00,0.000000000000000000e+00
-2.243017926193627609e+00,8.255627809126665495e-01,1.840998419850925494e-02,1.500000000000000000e+00,0.000000000000000000e+00,0.000000000000000000e+00,0.000000000000000000e+00,3.364526889290441414e+00,3.364526889290441414e+00,-1.500000000000000000e+00,0.000000000000000000e+00
7.992872470224536841e-01,1.778321167919922896e+00,4.042531726236386902e-02,1.500000000000000000e+00,0.000000000000000000e+00,0.000000000000000000e+00,0.000000000000000000e+00,-1.198930870533680526e+00,-1.198930870533680526e+00,-1.500000000000000000e+00,-0.000000000000000000e+00
-2.397342934452319163e+00,9.897553568165126103e-01,2.974560645713877349e-01,1.500000000000000000e+00,0.000000000000000000e+00,0.000000000000000000e+00,0.000000000000000000e+00,3.596014401678478745e+00,3.596014401678478745e+00,-1.500000000000000000e+00,0.000000000000000000e+00
-2.065421545511952672e+00,7.768533456457211717e-01,6.385236115675246849e-01,1.500000000000000000e+00,0.000000000000000000e+00,0.000000000000000000e+00,0.000000000000000000e+00,3.098132318267929008e+00,3.098132318267929008e+00,-1.500000000000000000e+00,0.000000000000000000e+00
2.416847898228197344e+00,7.789623246137913348e-01,1.533241480291219760e-01,1.500000000000000000e+00,0.000000000000000000e+00,0.000000000000000000e+00,0.000000000000000000e+00,-3.625271847342296017e+00,-3.625271847342296017e+00,-1.500000000000000000e+00,-0.000000000000000000e+00
-9.872854588156787514e-01,4.753785616537486991e-02,8.835807007227898247e-01,1.500000000000000000e+00,0.000000000000000000e+00,0.000000000000000000e+00,0.000000000000000000e+00,1.480928188223518127e+00,1.480928188223518127e+00,-1.500000000000000000e+00,0.000000000000000000e+00
-1.002018452822251104e+00,2.018807965688367290e+00,9.873205769000913401e-01,1.500000000000000000e+00,0.000000000000000000e+00,0.000000000000000000e+00,0.000000000000000000e+00,1.503027679233376546e+00,1.503027679233376546e+00,-1.500000000000000000e+00,0.000000000000000000e+00
-2.480763177599625280e+00,2.155036236440467379e-01,6.150466141459709490e-01,1.500000000000000000e+00,0.000000000000000000e+00,0.000000000000000000e+00,0.000000000000000000e+00,3.721144766399437920e+00,3.721144766399437920e+00,-1.500000000000000000e+00,0.000000000000000000e+00
1.775583131682898497e+00,5.910316201801174563e-01,4.832544642944858193e-02,1.500000000000000000e+00,0.000000000000000000e+00,0.000000000000000000e+00,0.000000000000000000e+00,-2.663374697524347745e+00,-2.663374697524347745e+00,-1.500000000000000000e+00,-0.000000000000000000e+00
1.058263442739684201e+00,2.608451694317435177e-01,1.815750387399124310e-01,1.500000000000000000e+00,0.000000000000000000e+00,0.000000000000000000e+00,0.000000000000000000e+00,-1.587395164109526302e+00,-1.587395164109526302e+00,-1.500000000000000000e+00,-0.000000000000000000e+00
2.827968021615836491e-01,2.412839256255349341e+00,5.109910422128912666e-01,1.500000000000000000e+00,0.000000000000000000e+00,0.000000000000000000e+00,0.000000000000000000e+00,-4.241952032423754737e-01,-4.241952032423754737e-01,-1.500000000000000000e+00,-0.000000000000000000e+00
7.074770513067116795e-01,1.588448971241918528e+00,9.348980473451090623e-01,1.500000000000000000e+00,0.000000000000000000e+00,0.000000000000000000e+00,0.000000000000000000e+00,-1.061215576960067519e+00,-1.061215576960067519e+00,-1.500000000000000000e+00,-0.000000000000000000e+00
-2.397715845576447791e+00,1.402068796281435770e+00,9.819052826144787360e-01,1.500000000000000000e+00,0.000000000000000000e+00,0.000000000000000000e+00,0.000000000000000000e+00,3.596573768364671686e+00,3.596573768364671686e+00,-1.500000000000000000e+00,0.000000000000000000e+00
-1.438163599019791405e+00,1.749964284173714191e+00,7.368097549764566212e-01,1.500000000000000000e+00,0.000000000000000000e+00,0.000000000000000000e+00,0.000000000000000000e+00,2.157245398529687108e+00,2.157245398529687108e+00,-1.500000000000000000e+00,0.000000000000000000e+00
5.018490951948866297e-01,2.424815985917997185e+00,8.903231644146466506e-01,1.500000000000000000e+00,0.000000000000000000e+00,0.000000000000000000e+00,0.000000000000000000e+00,-7.527736427923299445e-01,-7.527736427923299445e-01,-1.500000000000000000e+00,-0.000000000000000000e+00
2.713391630537601351e+00,1.872256634986662949e+00,9.712874708905283594e-02,1.500000000000000000e+00,0.000000000000000000e+00,0.000000000000000000e+00,0.000000000000000000e+00,-4.070087445806402471e+00,-4.070087445806402471e+00,-1.500000000000000000e+00,-0.000000000000000000e+00
1.902791652470225081e+00,1.539830369401743226e+00,5.072278518198176656e-01,1.500000000000000000e+00,0.000000000000000000e+00,0.000000000000000000e+00,0.000000000000000000e+00,-2.854187478705337622e+00,-2.854187478705337622e+00,-1.500000000000000000e+00,-0.000000000000000000e+00
8.443581516628464456e-01,9.394987422737306471e-01,4.782624891051378002e-01,1.500000000000000000e+00,0.000000000000000000e+00,0.000000000000000000e+00,0.000000000000000000e+00,-1.266537227494269668e+00,-1.266537227494269668e+00,-1.500000000000000000e+00,-0.000000000000000000e+00
1.129114729428120079e-01,1.550242195659830902e+00,2.166251771961060779e-01,1.500000000000000000e+00,0.000000000000000000e+00,0.000000000000000000e+00,0.000000000000000000e+00,-1.693672094142180118e-01,-1.693672094142180118e-01,-1.500000000000000000e+00,-0.000000000000000000e+00
-2.909206939574267459e+00,2.961712993809744177e+00,5.640778797920347198e-01,1.500000000000000000e+00,0.000000000000000000e+00,0.000000000000000000e+00,0.000000000000000000e+00,4.363810409361400744e+00,4.363810409361400744e+00,-1.500000000000000000e+00,0.000000000000000000e+00
2.344297605272334550e+00,1.709626088144300837e+00,5.629495493505329851e-01,1.500000000000000000e+00,0.000000000000000000e+00,0.000000000000000000e+00,0.000000000000000000e+00,-3.516446407908501826e+00,-3.516446407908501826e+00,-1.500000000000000000e+00,-0.000000000000000000e+00
-2.598875427656560433e+00,1.431581686396987685e+00,9.715066195053148057e-01,1.500000000000000000e+00,0.000000000000000000e+00,0.000000000000000000e+00,0.000000000000000000e+00,3.898313141484840649e+00,3.898313141484840649e+00,-1.500000000000000000e+00,0.000000000000000000e+00
-2.225513694612687665e+00,2.664874188496649587e+00,6.701161860939197634e-02,1.500000000000000000e+00,0.000000000000000000e+00,0.000000000000000000e+00,0.000000000000000000e+00,3.338270541919031498e+00,3.338270541919031498e+00,-1.500000000000000000e+00,0.000000000000000000e+00
1.158430430630695618e+00,1.636058726496412152e-01,2.991712021808055066e-01,1.500000000000000000e+00,0.000000000000000000e+00,0.000000000000000000e+00,0.000000000000000000e+00,-1.737645645946043427e+00,-1.737645645946043427e+00,-1.500000000000000000e+00,-0.000000000000000000e+00
1.872863885675323914e+00,1.898217747810116984e-01,1.710872993958726385e-01,1.500000000000000000e+00,0.000000000000000000e+00,0.000000000000000000e+00,0.000000000000000000e+00,-2.809295828512985871e+00,-2.809295828512985871e+00,-1.500000000000000000e+00,-0.000000000000000000e+00
1.719303983205722197e+00,2.368136433043320999e+00,2.231003631958016209e-01,1.500000000000000000e+00,0.000000000000000000e+00,0.000000000000000000e+00,0.000000000000000000e+00,-2.578955974808583296e+00,-2.578955974808583296e+00,-1.500000000000000000e+00,-0.000000000000000000e+00
-2.855752782000458012e-01,2.826441769664888692e+00,3.183562312008703099e-01,1.500000000000000000e+00,0.000000000000000000e+00,0.000000000000000000e+00,0.000000000000000000e+00,4.283629173000687018e-01,4.283629173000687018e-01,-1.500000000000000000e+00,0.000000000000000000e+00
-1.937665333998117356e+00,1.526700267998293281e-01,3.689044874099890459e-01,1.500000000000000000e+00,0.000000000000000000e+00,0.000000000000000000e+00,0.000000000000000000e+00,2.906498000997176145e+00,2.906498000997176145e+00,-1.500000000000000000e+00,0.000000000000000000e+00
-2.788186700520567385e+00,7.216133377752254052e-02,9.574503627048931431e-01,1.500000000000000000e+00,0.000000000000000000e+00,0.000000000000000000e+00,0.000000000000000000e+00,4.182280050780851077e+00,4.182280050780851077e+00,-1.500000000000000000e+00,0.000000000000000000e+00
2.108277661108765244e+00,2.926704157418491548e-02,3.284000510054243538e-01,1.500000000000000000e+00,0.000000000000000000e+00,0.000000000000000000e+00,0.000000000000000000e+00,-3.162416491663147866e+00,-3.162416491663147866e+00,-1.500000000000000000e+00,-0.000000000000000000e+00
2.866184778491205343e+00,1.730903343891888824e+00,4.838821511542530374e-01,1.500000000000000000e+00,0.000000000000000000e+00,0.000000000000000000e+00,0.000000000000000000e+00,-4.299277167736807570e+00,-4.299277167736807570e+00,-1.500000000000000000e+00,-0.000000000000000000e+00
-1.535186971296471414e+00,4.133218241099443357e-01,1.658807953844673166e-01,1.500000000000000000e+00,0.000000000000000000e+00,0.000000000000000000e+00,0.000000000000000000e+00,2.302780456944707232e+00,2.302780456944707232e+00,-1.500000000000000000e+00,0.000000000000000000e+00
2.196457965654401434e+00,1.684022609474208565e+00,2.205926864444256452e-01,1.500000000000000000e+00,0.000000000000000000e+00,0.000000000000000000e+00,0.000000000000000000e+00,-3.294686948481602151e+00,-3.294686948481602151e+00,-1.500000000000000000e+00,-0.000000000000000000e+00
-5.848144982247713841e-01,1.991382461330965636e+00,2.167635950476421991e-01,1.500000000000000000e+00,0.000000000000000000e+00,0.000000000000000000e+00,0.000000000000000000e+00,8.772217473371570762e-01,8.772217473371570762e-01,-1.500000000000000000e+00,0.000000000000000000e+00
-1.131937440148456098e+00,4.664072268119601183e-02,5.689004322640516254e-01,1.500000000000000000e+00,0.000000000000000000e+00,0.000000000000000000e+00,0.000000000000000000e+00,1.697906160222684147e+00,1.697906160222684147e+00,-1.500000000000000000e+00,0.000000000000000000e+00
3.092602271011646309e-02,2.610348212845071902e+00,3.007831486166462343e-01,1.500000000000000000e+00,0.000000000000000000e+00,0.000000000000000000e+00,0.000000000000000000e+00,-4.638903406517469463e-02,-4.638903406517469463e-02,-1.500000000000000000e+00,-0.000000000000000000e+00
-2.950990909671217022e+00,7.577177834811711366e-01,2.778397214785116587e-01,1.500000000000000000e+00,0.000000000000000000e+00,0.000000000000000000e+00,0.000000000000000000e+00,4.426486364506825311e+00,4.426486364506825311e+00,-1.500000000000000000e+00,0.000000000000000000e+00
-3.437131847466878831e-01,1.661938900754268644e+00,5.236090030561866282e-01,1.500000000000000000e+00,0.000000000000000000e+00,0.000000000000000000e+00,0.000000000000000000e+00,5.155697771200318247e-01,5.155697771200318247e-01,-1.500000000000000000e+00,0.000000000000000000e+00
-1.802670188503223470e+00,1.061092317300954324e+00,1.642537873465832465e-02,1.500000000000000000e+00,0.000000000000000000e+00,0.000000000000000000e+00,0.000000000000000000e+00,2.704005282754835093e+00,2.704005282754835093e+00,-1.500000000000000000e+00,0.000000000000000000e+00
1.274743161481060483e+00,1.029800984265216712e+00,8.634325141000396275e-01,1.500000000000000000e+00,0.000000000000000000e+00,0.000000000000000000e+00,0.000000000000000000e+00,-1.912114742221590724e+00,-1.912114742221590724e+00,-1.500000000000000000e+00,-0.000000000000000000e+00
1.542827817395142631e-02,1.210067628626995129e+00,5.145103799586581150e-02,1.500000000000000000e+00,0.000000000000000000e+00,0.000000000000000000e+00,0.000000000000000000e+00,-2.314241726092713947e-02,-2.314241726092713947e-02,-1.500000000000000000e+00,-0.000000000000000000e+00
2.213115779592478738e+00,1.113298807497542509e-02,4.113730971198232833e-01,1.500000000000000000e+00,0.000000000000000000e+00,0.000000000000000000e+00,0.000000000000000000e+00,-3.319673669388718107e+00,-3.319673669388718107e+00,-1.500000000000000000e+00,-0.000000000000000000e+00
2.379889145324690425e+00,1.286350247350672493e+00,9.885574693005761970e-01,1.500000000000000000e+00,0.000000000000000000e+00,0.000000000000000000e+00,0.000000000000000000e+00,-3.569833717987035637e+00,-3.569833717987035637e+00,-1.500000000000000000e+00,-0.000000000000000000e+00
-1.099446421499490567e+00,7.950505242357175373e-01,1.679866025592544609e-01,1.500000000000000000e+00,0.000000000000000000e+00,0.000000000000000000e+00,0.000000000000000000e+00,1.649169632249235740e+00,1.649169632249235740e+00,-1.500000000000000000e+00,0.000000000000000000e+00
-1.317697165817522720e+00,1.072223152245852962e+00,4.502298281975913863e-02,1.500000000000000000e+00,0.000000000000000000e+00,0.000000000000000000e+00,0.000000000000000000e+00,1.976545748726284080e+00,1.976545748726284080e+00,-1.500000000000000000e+00,0.000000000000000000e+00
2.634782302474833138e+00,4.886976096200548181e-01,4.858685991810679505e-01,1.500000000000000000e+00,0.000000000000000000e+00,0.000000000000000000e+00,0.000000000000000000e+00,-3.952173453712249707e+00,-3.952173453712249707e+00,-1.500000000000000000e+00,-0.000000000000000000e+00
2.398535577496918592e-02,1.004610174127576361e+00,6.305917888099998869e-01,1.500000000000000000e+00,0.000000000000000000e+00,0.000000000000000000e+00,0.000000000000000000e+00,-3.597803366245377887e-02,-3.597803366245377887e-02,-1.500000000000000000e+00,-0.000000000000000000e+00
-2.420906842056129271e+00,2.098300830311425003e+00,3.823406113703334830e-01,1.500000000000000000e+00,0.000000000000000000e+00,0.000000000000000000e+00,0.000000000000000000e+00,3.631360263084193907e+00,3.631360263084193907e+00,-1.500000000000000000e+00,0.000000000000000000e+00
-2.724689213748308525e+00,2.951339355455785629e+00,2.201037838030570626e-01,1.500000000000000000e+00,0.000000000000000000e+00,0.000000000000000000e+00,0.000000000000000000e+00,4.087033820622462343e+00,4.087033820622462343e+00,-1.500000000000000000e+00,0.000000000000000000e+00
2.942553144972424484e+00,5.913868154516327413e-01,6.909914775963080791e-01,1.500000000000000000e+00,0.000000000000000000e+00,0.000000000000000000e+00,0.000000000000000000e+00,-4.413829717458636281e+00,-4.413829717458636281e+00,-1.500000000000000000e+00,-0.000000000000000000e+00
4.749817741667983206e-01,2.600059391500885830e+00,5.897462851176247245e-01,1.500000000000000000e+00,0.000000000000000000e+00,0.000000000000000000e+00,0.000000000000000000e+00,-7.124726612501974810e-01,-7.124726612501974810e-01,-1.500000000000000000e+00,-0.000000000000000000e+00
-2.673042160836956782e+00,1.844269716158952743e+00,3.470491686742510629e-01,1.500000000000000000e+00,0.000000000000000000e+00,0.000000000000000000e+00,0.000000000000000000e+00,4.009563241255435173e+00,4.009563241255435173e+00,-1.500000000000000000e+00,0.000000000000000000e+00
6.753269022680452593e-02,3.030130720783860143e-01,6.156623002213553741e-01,1.500000000000000000e+00,0.000000000000000000e+00,0.000000000000000000e+00,0.000000000000000000e+00,-1.012990353402067889e-01,-1.012990353402067889e-01,-1.500000000000000000e+00,-0.000000000000000000e+00
2.462701794837851565e-02,4.408251555819941991e-02,8.400310569613849143e-01,1.500000000000000000e+00,0.000000000000000000e+00,0.000000000000000000e+00,0.000000000000000000e+00,-3.694052692256777348e-02,-3.694052692256777348e-02,-1.500000000000000000e+00,-0.000000000000000000e+00
-3.876729491197541400e-01,2.652071331467039883e+00,5.147244332385688681e-01,1.500000000000000000e+00,0.000000000000000000e+00,0.000000000000000000e+00,0.000000000000000000e+00,5.815094236796312099e-01,5.815094236796312099e-01,-1.500000000000000000e+00,0.000000000000000000e+00
2.707682391054238913e+00,7.021831143801349207e-01,3.878074772959195782e-01,1.500000000000000000e+00,0.000000000000000000e+00,0.000000000000000000e+00,0.000000000000000000e+00,-4.061523586581358813e+00,-4.061523586581358813e+00,-1.500000000000000000e+00,-0.000000000000000000e+00
2.692632184403029427e+00,3.187289256505563273e-01,6.157231984453716001e-01,1.500000000000000000e+00,0.000000000000000000e+00,0.000000000000000000e+00,0.000000000000000000e+00,-4.038948276604544141e+00,-4.038948276604544141e+00,-1.500000000000000000e+00,-0.000000000000000000e+00
-2.250193930357221817e+00,1.966688317102268879e+00,5.049922866464910953e-01,1.500000000000000000e+00,0.000000000000000000e+00,0.000000000000000000e+00,0.000000000000000000e+00,3.375290895535832725e+00,3.375290895535832725e+00,-1.500000000000000000e+00,0.000000000000000000e+00
-2.089675787395658180e+00,2.119811346508272631e+00,9.875732221396515964e-02,1.500000000000000000e+00,0.000000000000000000e+00,0.000000000000000000e+00,0.000000000000000000e+00,3.134513681093487492e+00,3.134513681093487492e+00,-1.500000000000000000e+00,0.000000000000000000e+00
-5.550683653170978005e-01,2.685200176863955068e+00,9.031913322306981406e-01,1.500000000000000000e+00,0.000000000000000000e+00,0.000000000000000000e+00,0.000000000000000000e+00,8.326025479756467007e-01,8.326025479756467007e-01,-1.500000000000000000e+00,0.000000000000000000e+00
2.004158827039405288e+00,1.500954356149830637e+00,1.242514161550739571e-01,1.500000000000000000e+00,0.000000000000000000e+00,0.000000000000000000e+00,0.000000000000000000e+00,-3.006238240559107933e+00,-3.006238240559107933e+00,-1.500000000000000000e+00,-0.000000000000000000e+00
7.425155708001240917e-01,9.358901749927254210e-01,7.425951883491719308e-01,1.500000000000000000e+00,0.000000000000000000e+00,0.000000000000000000e+00,0.000000000000000000e+00,-1.113773356200186138e+00,-1.113773356200186138e+00,-1.500000000000000000e+00,-0.000000000000000000e+00
1.378980767396832618e+00,9.547599787273222116e-01,4.332804810039698751e-01,1.500000000000000000e+00,0.000000000000000000e+00,0.000000000000000000e+00,0.000000000000000000e+00,-2.068471151095248928e+00,-2.068471151095248928e+00,-1.500000000000000000e+00,-0.000000000000000000e+00
4.563502942312394062e-01,6.142777502330001305e-01,7.834447400393167449e-01,1.500000000000000000e+00,0.000000000000000000e+00,0.000000000000000000e+00,0.000000000000000000e+00,-6.845254413468591093e-01,-6.845254413468591093e-01,-1.500000000000000000e+00,-0.000000000000000000e+00
-1.739658381625193151e+00,1.905707607120844305e+00,5.230158797725626973e-01,1.500000000000000000e+00,0.000000000000000000e+00,0.000000000000000000e+00,0.000000000000000000e+00,2.609487572437789726e+00,2.609487572437789726e+00,-1.500000000000000000e+00,0.000000000000000000e+00
1.906592572685665843e+00,2.826817014025558628e+00,8.206348169643279400e-01,1.500000000000000000e+00,0.000000000000000000e+00,0.000000000000000000e+00,0.000000000000000000e+00,-2.859888859028498764e+00,-2.859888859028498764e+00,-1.500000000000000000e+00,-0.000000000000000000e+00
-2.915874107627403511e+00,2.540493692998622155e-01,4.698914640181284241e-01,1.500000000000000000e+00,0.000000000000000000e+00,0.000000000000000000e+00,0.000000000000000000e+00,4.373811161441105710e+00,4.373811161441105710e+00,-1.500000000000000000e+00,0.000000000000000000e+00
1.190905547373896312e+00,1.159909943125889686e+00,2.471576381975274517e-01,1.500000000000000000e+00,0.000000000000000000e+00,0.000000000000000000e+00,0.000000000000000000e+00,-1.786358321060844467e+00,-1.786358321060844467e+00,-1.500000000000000000e+00,-0.000000000000000000e+00
-1.833962305462296660e+00,1.055461876102715246e+00,7.703317136279821398e-01,1.500000000000000000e+00,0.000000000000000000e+00,0.000000000000000000e+00,0.000000000000000000e+00,2.750943458193444879e+00,2.750943458193444879e+00,-1.500000000000000000e+00,0.000000000000000000e+00
-1.734511209976878909e-01,2.406041042368498584e-01,8.275534466012673951e-01,1.500000000000000000e+00,0.000000000000000000e+00,0.000000000000000000e+00,0.000000000000000000e+00,2.601766814965318364e-01,2.601766814965318364e-01,-1.500000000000000000e+00,0.000000000000000000e+00
2.850799232472462919e+00,1.784462622085226657e+00,5.025844304558101383e-01,1.500000000000000000e+00,0.000000000000000000e+00,0.000000000000000000e+00,0.000000000000000000e+00,-4.276198848708694378e+00,-4.276198848708694378e+00,-1.500000000000000000e+00,-0.000000000000000000e+00
2.342151450910030519e-01,2.949022654166655766e+00,9.290751426884291675e-01,1.500000000000000000e+00,0.000000000000000000e+00,0.000000000000000000e+00,0.000000000000000000e+00,-3.513227176365045779e-01,-3.513227176365045779e-01,-1.500000000000000000e+00,-0.000000000000000000e+00
-2.658307073286565458e+00,8.300370838845909649e-01,7.075421170382958369e-01,1.500000000000000000e+00,0.000000000000000000e+00,0.000000000000000000e+00,0.000000000000000000e+00,3.987460609929848410e+00,3.987460609929848410e+00,-1.500000000000000000e+00,0.000000000000000000e+00
-4.273210208967768153e-01,2.181335963161625813e+00,9.326297245776362654e-01,1.500000000000000000e+00,0.000000000000000000e+00,0.000000000000000000e+00,0.000000000000000000e+00,6.409815313451652230e-01,6.409815313451652230e-01,-1.500000000000000000e+00,0.000000000000000000e+00
9.616026349915305360e-01,2.701737164913884826e+00,1.954414743004164734e-01,1.500000000000000000e+00,0.000000000000000000e+00,0.000000000000000000e+00,0.000000000000000000e+00,-1.442403952487295804e+00,-1.442403952487295804e+00,-1.500000000000000000e+00,-0.000000000000000000e+00
-2.659759845588474114e+00,8.119498919030098127e-01,9.435023016658137252e-01,1.500000000000000000e+00,0.000000000000000000e+00,0.000000000000000000e+00,0.000000000000000000e+00,3.989639768382711171e+00,3.989639768382711171e+00,-1.500000000000000000e+00,0.000000000000000000e+00
-1.484077640992741420e+00,2.756955022789161269e+00,7.676533154352984667e-01,1.500000000000000000e+00,0.000000000000000000e+00,0.000000000000000000e+00,0.000000000000000000e+00,2.226116461489112019e+00,2.226116461489112019e+00,-1.500000000000000000e+00,0.000000000000000000e+00
-2.889983172443234771e+00,2.245116546768705756e+00,9.427805994883212692e-01,1.500000000000000000e+00,0.000000000000000000e+00,0.000000000000000000e+00,0.000000000000000000e+00,4.334974758664852601e+00,4.334974758664852601e+00,-1.500000000000000000e+00,0.000000000000000000e+00
2.404095075587200370e-01,1.936933869773543648e+00,3.499717673847555499e-01,1.500000000000000000e+00,0.000000000000000000e+00,0.000000000000000000e+00,0.000000000000000000e+00,-3.606142613380800555e-01,-3.606142613380800555e-01,-1.500000000000000000e+00,-0.000000000000000000e+00
-7.111345249268374857e-01,5.824121298381453871e-01,5.559924371185481773e-01,1.500000000000000000e+00,0.000000000000000000e+00,0.000000000000000000e+00,0.000000000000000000e+00,1.066701787390256229e+00,1.066701787390256229e+00,-1.500000000000000000e+00,0.000000000000000000e+00
2.214009996797283719e-02,8.322031660128744734e-01,8.943208336605712461e-01,1.500000000000000000e+00,0.000000000000000000e+00,0.000000000000000000e+00,0.000000000000000000e+00,-3.321014995195925579e-02,-3.321014995195925579e-02,-1.500000000000000000e+00,-0.000000000000000000e+00
-1.224979104943250130e+00,3.046609006315291746e-01,6.724399729917412971e-01,1.500000000000000000e+00,0.000000000000000000e+00,0.000000000000000000e+00,0.000000000000000000e+00,1.837468657414875306e+00,1.837468657414875306e+00,-1.500000000000000000e+00,0.000000000000000000e+00
9.408420825234120599e-01,2.687168025670074734e+00,2.890129123792022359e-01,1.500000000000000000e+00,0.000000000000000000e+00,0.000000000000000000e+00,0.000000000000000000e+00,-1.411263123785118090e+00,-1.411263123785118090e+00,-1.500000000000000000e+00,-0.000000000000000000e+00
-1.961483067471306629e+00,2.426859702426153120e+00,2.891366152940538781e-01,1.500000000000000000e+00,0.000000000000000000e+00,0.000000000000000000e+00,0.000000000000000000e+00,2.942224601206960166e+00,2.942224601206960166e+00,-1.500000000000000000e+00,0.000000000000000000e+00
2.439912143414948886e+00,2.597691694793755612e-01,9.463009793462466845e-01,1.500000000000000000e+00,0.000000000000000000e+00,0.000000000000000000e+00,0.000000000000000000e+00,-3.659868215122423329e+00,-3.659868215122423329e+00,-1.500000000000000000e+00,-0.000000000000000000e+00
2.760488730731275986e+00,1.593044445964363565e+00,6.713631242781017416e-01,1.500000000000000000e+00,0.000000000000000000e+00,0.000000000000000000e+00,0.000000000000000000e+00,-4.140733096096914423e+00,-4.140733096096914423e+00,-1.500000000000000000e+00,-0.000000000000000000e+00
-4.203805657944759133e-02,6.392978619472283741e-01,5.290119251270919420e-02,1.500000000000000000e+00,0.000000000000000000e+00,0.000000000000000000e+00,0.000000000000000000e+00,6.305708486917138700e-02,6.305708486917138700e-02,-1.500000000000000000e+00,0.000000000000000000e+00
-2.076592444510754198e-01,2.296870716543816471e+00,2.587235288085522056e-01,1.500000000000000000e+00,0.000000000000000000e+00,0.000000000000000000e+00,0.000000000000000000e+00,3.114888666766131298e-01,3.114888666766131298e-01,-1.500000000000000000e+00,0.000000000000000000e+00
2.157700235010977963e+00,1.719419398201073701e+00,5.569346350299285708e-01,1.500000000000000000e+00,0.000000000000000000e+00,0.000000000000000000e+00,0.000000000000000000e+00,-3.236550352516466944e+00,-3.236550352516466944e+00,-1.500000000000000000e+00,-0.000000000000000000e+00
-1.260973214533963827e+00,2.836152699736142146e+00,1.895413038981133003e-01,1.500000000000000000e+00,0.000000000000000000e+00,0.000000000000000000e+00,0.000000000000000000e+00,1.891459821800945740e+00,1.891459821800945740e+00,-1.500000000000000000e+00,0.000000000000000000e+00
1.818634082441562327e+00,2.181415314048865017e+00,4.658418457633419774e-01,1.500000000000000000e+00,0.000000000000000000e+00,0.000000000000000000e+00,0.000000000000000000e+00,-2.727951123662343491e+00,-2.727951123662343491e+00,-1.500000000000000000e+00,-0.000000000000000000e+00
-1.276154344554566444e+00,3.020611232600810547e-01,6.676809083189378935e-01,1.500000000000000000e+00,0.000000000000000000e+00,0.000000000000000000e+00,0.000000000000000000e+00,1.914231516831849778e+00,1.914231516831849778e+00,-1.500000000000000000e+00,0.000000000000000000e+00
1.319788767143851516e+00,1.118342573763992487e+00,8.418609911189600670e-02,1.500000000000000000e+00,0.000000000000000000e+00,0.000000000000000000e+00,0.000000000000000000e+00,-1.979683150715777273e+00,-1.979683150715777273e+00,-1.500000000000000000e+00,-0.000000000000000000e+00
-9.959319490450075918e-01,1.728821782239458038e+00,2.537765225850733275e-01,1.500000000000000000e+00,0.000000000000000000e+00,0.000000000000000000e+00,0.000000000000000000e+00,1.493897923567511388e+00,1.493897923567511388e+00,-1.500000000000000000e+00,0.000000000000000000e+00
6.156100275405496092e-01,2.735515133642192342e+00,8.807221925093121628e-01,1.500000000000000000e+00,0.000000000000000000e+00,0.000000000000000000e+00,0.000000000000000000e+00,-9.234150413108244138e-01,-9.234150413108244138e-01,-1.500000000000000000e+00,-0.000000000000000000e+00
2.555209477730738143e+00,1.112842563594051315e+00,4.088704568468271017e-02,1.500000000000000000e+00,0.000000000000000000e+00,0.000000000000000000e+00,0.000000000000000000e+00,-3.832814216596107215e+00,-3.832814216596107215e+00,-1.500000000000000000e+00,-0.000000000000000000e+00
-2.674051287685477174e+00,5.636781942486959185e-01,1.115186904822543790e-01,1.500000000000000000e+00,0.000000000000000000e+00,0.000000000000000000e+00,0.000000000000000000e+00,4.011076931528215539e+00,4.011076931528215539e+00,-1.500000000000000000e+00,0.000000000000000000e+00
1.843527765856542544e+00,8.499354262264869897e-01,8.199955684858970528e-01,1.500000000000000000e+00,0.000000000000000000e+00,0.000000000000000000e+00,0.000000000000000000e+00,-2.765291648784813816e+00,-2.765291648784813816e+00,-1.500000000000000000e+00,-0.000000000000000000e+00
2.510734144969752890e-01,7.444941486878174919e-01,6.764198396882517006e-01,1.500000000000000000e+00,0.000000000000000000e+00,0.000000000000000000e+00,0.000000000000000000e+00,-3.766101217454629335e-01,-3.766101217454629335e-01,-1.500000000000000000e+00,-0.000000000000000000e+00
-7.255942176640446384e-01,4.634739337364472966e-01,4.714223490858842069e-01,1.500000000000000000e+00,0.000000000000000000e+00,0.000000000000000000e+00,0.000000000000000000e+00,1.088391326496066958e+00,1.088391326496066958e+00,-1.500000000000000000e+00,0.000000000000000000e+00
-8.983472572514568100e-01,1.031705388447462290e+00,8.590712706989739322e-01,1.500000000000000000e+00,0.000000000000000000e+00,0.000000000000000000e+00,0.000000000000000000e+00,1.347520885877185215e+00,1.347520885877185215e+00,-1.500000000000000000e+00,0.000000000000000000e+00
-2.583527860467540904e+00,7.470072040507619304e-01,2.085284279602036550e-01,1.500000000000000000e+00,0.000000000000000000e+00,0.000000000000000000e+00,0.000000000000000000e+00,3.875291790701311356e+00,3.875291790701311356e+00,-1.500000000000000000e+00,0.000000000000000000e+00
-1.449727815295982714e+00,1.531396133626882872e+00,5.528399942496098340e-03,1.500000000000000000e+00,0.000000000000000000e+00,0.000000000000000000e+00,0.000000000000000000e+00,2.174591722943973959e+00,2.174591722943973959e+00,-1.500000000000000000e+00,0.000000000000000000e+00
7.388221487714252689e-01,2.682768336887513705e+00,8.123104472437708834e-01,1.500000000000000000e+00,0.000000000000000000e+00,0.000000000000000000e+00,0.000000000000000000e+00,-1.108233223157137903e+00,-1.108233223157137903e+00,-1.500000000000000000e+00,-0.000000000000000000e+00
-2.414460243563071984e+00,2.862974027689188183e+00,6.376337771408312483e-01,1.500000000000000000e+00,0.000000000000000000e+00,0.000000000000000000e+00,0.000000000000000000e+00,3.621690365344607976e+00,3.621690365344607976e+00,-1.500000000000000000e+00,0.000000000000000000e+00
1.016444042203521470e+00,4.782571101449937245e-01,3.368256948187817734e-01,1.500000000000000000e+00,0.000000000000000000e+00,0.000000000000000000e+00,0.000000000000000000e+00,-1.524666063305282204e+00,-1.524666063305282204e+00,-1.500000000000000000e+00,-0.000000000000000000e+00
2.773520034824054292e+00,1.708294600586143686e+00,5.793381812560328692e-01,1.500000000000000000e+00,0.000000000000000000e+00,0.000000000000000000e+00,0.000000000000000000e+00,-4.160280052236081438e+00,-4.160280052236081438e+00,-1.500000000000000000e+00,-0.000000000000000000e+00
2.884656621289146017e+00,2.021553160381767356e+00,8.142392297934075707e-02,1.500000000000000000e+00,0.000000000000000000e+00,0.000000000000000000e+00,0.000000000000000000e+00,-4.326984931933719025e+00,-4.326984931933719025e+00,-1.500000000000000000e+00,-0.000000000000000000e+00
2.335447304606943497e+00,4.575456312166071848e-01,3.128020515036279425e-01,1.500000000000000000e+00,0.000000000000000000e+00,0.000000000000000000e+00,0.000000000000000000e+00,-3.503170956910415246e+00,-3.503170956910415246e+00,-1.500000000000000000e+00,-0.000000000000000000e+00
1.839665125559012182e+00,1.595398290834682875e+00,5.684857356631248804e-01,1.500000000000000000e+00,0.000000000000000000e+00,0.000000000000000000e+00,0.000000000000000000e+00,-2.759497688338518273e+00,-2.759497688338518273e+00,-1.500000000000000000e+00,-0.000000000000000000e+00
-1.932280132815164420e+00,6.001606100727961968e-01,8.445453580476207645e-01,1.500000000000000000e+00,0.000000000000000000e+00,0.000000000000000000e+00,0.000000000000000000e+00,2.898420199222746518e+00,2.898420199222746518e+00,-1.500000000000000000e+00,0.000000000000000000e+00
2.820935722209564567e+00,1.092215868326346540e+00,3.165940401951636840e-01,1.500000000000000000e+00,0.000000000000000000e+00,0.000000000000000000e+00,0.000000000000000000e+00,-4.231403583314346406e+00,-4.231403583314346406e+00,-1.500000000000000000e+00,-0.000000000000000000e+00
-1.783660784225002072e+00,9.718225561750702957e-01,6.086652125257474566e-02,1.500000000000000000e+00,0.000000000000000000e+00,0.000000000000000000e+00,0.000000000000000000e+00,2.675491176337502885e+00,2.675491176337502885e+00,-1.500000000000000000e+00,0.000000000000000000e+00
2.214298543004643349e+00,2.444850679373778313e+00,8.814085281225725321e-02,1.500000000000000000e+00,0.000000000000000000e+00,0.000000000000000000e+00,0.000000000000000000e+00,-3.321447814506965024e+00,-3.321447814506965024e+00,-1.500000000000000000e+00,-0.000000000000000000e+00
2.267242009668236413e+00,7.023341069824635685e-01,3.063568946170545093e-01,1.500000000000000000e+00,0.000000000000000000e+00,0.000000000000000000e+00,0.000000000000000000e+00,-3.400863014502354620e+00,-3.400863014502354620e+00,-1.500000000000000000e+00,-0.000000000000000000e+00
7.314498956284096742e-01,1.620297755813832508e+00,6.262332769663919718e-01,1.500000000000000000e+00,0.000000000000000000e+00,0.000000000000000000e+00,0.000000000000000000e+00,-1.097174843442614511e+00,-1.097174843442614511e+00,-1.500000000000000000e+00,-0.000000000000000000e+00
1.278403937475545149e-01,1.756774762545817659e+00,7.052517374647137016e-01,1.500000000000000000e+00,0.000000000000000000e+00,0.000000000000000000e+00,0.000000000000000000e+00,-1.917605906213317724e-01,-1.917605906213317724e-01,-1.500000000000000000e+00,-0.000000000000000000e+00
-1.797448881986517089e+00,9.896155734765945677e-01,6.947764893264687380e-01,1.500000000000000000e+00,0.000000000000000000e+00,0.000000000000000000e+00,0.000000000000000000e+00,2.696173322979775744e+00,2.696173322979775744e+00,-1.500000000000000000e+00,0.000000000000000000e+00
1.168102236225276869e-01,2.788297551548302167e+00,8.749207648108366930e-01,1.500000000000000000e+00,0.000000000000000000e+00,0.000000000000000000e+00,0.000000000000000000e+00,-1.752153354337915303e-01,-1.752153354337915303e-01,-1.500000000000000000e+00,-0.000000000000000000e+00
-1.256280628098066954e+00,9.964093277561056894e-01,6.817914642732442188e-01,1.500000000000000000e+00,0.000000000000000000e+00,0.000000000000000000e+00,0.000000000000000000e+00,1.884420942147100320e+00,1.884420942147100320e+00,-1.500000000000000000e+00,0.000000000000000000e+00
-2.244715747107432158e+00,9.785725273551048042e-01,6.706473813299539399e-01,1.500000000000000000e+00,0.000000000000000000e+00,0.000000000000000000e+00,0.000000000000000000e+00,3.367073620661148237e+00,3.367073620661148237e+00,-1.500000000000000000e+00,0.000000000000000000e+00
-2.230852919149891811e+00,2.077823434223756038e+00,5.940490456723890311e-01,1.500000000000000000e+00,0.000000000000000000e+00,0.000000000000000000e+00,0.000000000000000000e+00,3.346279378724837716e+00,3.346279378724837716e+00,-1.500000000000000000e+00,0.000000000000000000e+00
1.807025778730138477e+00,1.463242450992175314e+00,6.665572665510096639e-01,1.500000000000000000e+00,0.000000000000000000e+00,0.000000000000000000e+00,0.000000000000000000e+00,-2.710538668095207715e+00,-2.710538668095207715e+00,-1.500000000000000000e+00,-0.000000000000000000e+00
2.534420280117079649e+00,2.174392301403715866e+00,7.304613798986272499e-01,1.500000000000000000e+00,0.000000000000000000e+00,0.000000000000000000e+00,0.000000000000000000e+00,-3.801630420175619474e+00,-3.801630420175619474e+00,-1.500000000000000000e+00,-0.000000000000000000e+00
-2.148787262296014688e+00,4.586326600795003205e-01,9.760640254393807558e-01,1.500000000000000000e+00,0.000000000000000000e+00,0.000000000000000000e+00,0.000000000000000000e+00,3.223180893444022033e+00,3.223180893444022033e+00,-1.500000000000000000e+00,0.000000000000000000e+00
-2.920433756068038900e+00,4.442550182523570257e-01,1.795960934794409436e-01,1.500000000000000000e+00,0.000000000000000000e+00,0.000000000000000000e+00,0.000000000000000000e+00,4.380650634102058127e+00,4.380650634102058127e+00,-1.500000000000000000e+00,0.000000000000000000e+00
-1.418203771203106145e+00,2.208154687384242365e+00,6.430766752890678672e-01,1.500000000000000000e+00,0.000000000000000000e+00,0.000000000000000000e+00,0.000000000000000000e+00,2.127305656804659328e+00,2.127305656804659328e+00,-1.500000000000000000e+00,0.000000000000000000e+00
-2.193366052474724270e+00,1.165627515270966530e+00,1.243080943836710750e-01,1.500000000000000000e+00,0.000000000000000000e+00,0.000000000000000000e+00,0.000000000000000000e+00,3.290049078712086406e+00,3.290049078712086406e+00,-1.500000000000000000e+00,0.000000000000000000e+00
-1.868240837517957997e+00,2.571399454901502679e+00,2.060683376061498429e-01,1.500000000000000000e+00,0.000000000000000000e+00,0.000000000000000000e+00,0.000000000000000000e+00,2.802361256276936885e+00,2.802361256276936885e+00,-1.500000000000000000e+00,0.000000000000000000e+00
4.999613964866269633e-01,7.004883285098184587e-01,9.266980637738786442e-01,1.500000000000000000e+00,0.000000000000000000e+00,0.000000000000000000e+00,0.000000000000000000e+00,-7.499420947299404450e-01,-7.499420947299404450e-01,-1.500000000000000000e+00,-0.000000000000000000e+00
-4.662352624581895810e-01,7.207174766693412726e-01,4.047677088174063131e-01,1.500000000000000000e+00,0.000000000000000000e+00,0.000000000000000000e+00,0.000000000000000000e+00,6.993528936872843715e-01,6.993528936872843715e-01,-1.500000000000000000e+00,0.000000000000000000e+00
-4.246254291644979695e-01,2.589754785854828434e+00,5.671436911816253312e-01,1.500000000000000000e+00,0.000000000000000000e+00,0.000000000000000000e+00,0.000000000000000000e+00,6.369381437467469542e-01,6.369381437467469542e-01,-1.500000000000000000e+00,0.000000000000000000e+00
-1.766324066055435793e+00,1.085107829991738049e+00,2.116627151286170072e-01,1.500000000000000000e+00,0.000000000000000000e+00,0.000000000000000000e+00,0.000000000000000000e+00,2.649486099083153690e+00,2.649486099083153690e+00,-1.500000000000000000e+00,0.000000000000000000e+00
9.875326752136039943e-01,3.294157852015066057e-01,5.100278282896383297e-01,1.500000000000000000e+00,0.000000000000000000e+00,0.000000000000000000e+00,0.000000000000000000e+00,-1.481299012820405991e+00,-1.481299012820405991e+00,-1.500000000000000000e+00,-0.000000000000000000e+00
-1.262938686132853983e+00,6.609002509283602445e-01,2.438553130269005553e-02,1.500000000000000000e+00,0.000000000000000000e+00,0.000000000000000000e+00,0.000000000000000000e+00,1.894408029199281085e+00,1.894408029199281085e+00,-1.500000000000000000e+00,0.000000000000000000e+00
-6.051187285555901241e-01,2.308682717446981059e+00,5.808346647699285104e-01,1.500000000000000000e+00,0.000000000000000000e+00,0.000000000000000000e+00,0.000000000000000000e+00,9.076780928333851861e-01,9.076780928333851861e-01,-1.500000000000000000e+00,0.000000000000000000e+00
-2.195157577158939333e-01,7.963509517018029227e-01,9.542238804544493913e-01,1.500000000000000000e+00,0.000000000000000000e+00,0.000000000000000000e+00,0.000000000000000000e+00,3.292736365738408999e-01,3.292736365738408999e-01,-1.500000000000000000e+00,0.000000000000000000e+00
2.426546845632207905e+00,1.667350051411228051e+00,6.872595653907928037e-01,1.500000000000000000e+00,0.000000000000000000e+00,0.000000000000000000e+00,0.000000000000000000e+00,-3.639820268448311857e+00,-3.639820268448311857e+00,-1.500000000000000000e+00,-0.000000000000000000e+00
-1.521865796832868378e+00,2.503840043026597684e+00,6.654709888058608636e-01,1.500000000000000000e+00,0.000000000000000000e+00,0.000000000000000000e+00,0.000000000000000000e+00,2.282798695249302678e+00,2.282798695249302678e+00,-1.500000000000000000e+00,0.000000000000000000e+00
1.311996158817455793e+00,1.831268367930592333e+00,5.548787626017117613e-01,1.500000000000000000e+00,0.000000000000000000e+00,0.000000000000000000e+00,0.000000000000000000e+00,-1.967994238226183690e+00,-1.967994238226183690e+00,-1.500000000000000000e+00,-0.000000000000000000e+00
-1.143787658199824087e+00,2.258071316097203685e+00,3.203430314024647840e-01,1.500000000000000000e+00,0.000000000000000000e+00,0.000000000000000000e+00,0.000000000000000000e+00,1.715681487299736130e+00,1.715681487299736130e+00,-1.500000000000000000e+00,0.000000000000000000e+00
2.366557878842196594e+00,2.930817468141794890e+00,7.738045376404922848e-01,1.500000000000000000e+00,0.000000000000000000e+00,0.000000000000000000e+00,0.000000000000000000e+00,-3.549836818263294891e+00,-3.549836818263294891e+00,-1.500000000000000000e+00,-0.000000000000000000e+00
-6.355230419917488049e-01,8.976332132179103418e-01,3.885254375507021241e-01,1.500000000000000000e+00,0.000000000000000000e+00,0.000000000000000000e+00,0.000000000000000000e+00,9.532845629876232074e-01,9.532845629876232074e-01,-1.500000000000000000e+00,0.000000000000000000e+00
3.097042221837043030e-02,2.628635146809757739e+00,3.365803794860208198e-01,1.500000000000000000e+00,0.000000000000000000e+00,0.000000000000000000e+00,0.000000000000000000e+00,-4.645563332755564545e-02,-4.645563332755564545e-02,-1.500000000000000000e+00,-0.000000000000000000e+00
2.263291617357293006e+00,1.653185981264033710e+00,5.474586959104295047e-01,1.500000000000000000e+00,0.000000000000000000e+00,0.000000000000000000e+00,0.000000000000000000e+00,-3.394937426035939509e+00,-3.394937426035939509e+00,-1.500000000000000000e+00,-0.000000000000000000e+00
1.036565391732418462e+00,6.042460496930445180e-01,9.748163780530685329e-01,1.500000000000000000e+00,0.000000000000000000e+00,0.000000000000000000e+00,0.000000000000000000e+00,-1.554848087598627693e+00,-1.554848087598627693e+00,-1.500000000000000000e+00,-0.000000000000000000e+00
-2.433846953120246237e+00,3.959773847737589891e-01,7.341097090023465110e-01,1.500000000000000000e+00,0.000000000000000000e+00,0.000000000000000000e+00,0.000000000000000000e+00,3.650770429680369134e+00,3.650770429680369134e+00,-1.500000000000000000e+00,0.000000000000000000e+00
-2.178984852250081872e+00,9.836856350691001172e-01,6.746255114709036604e-01,1.500000000000000000e+00,0.000000000000000000e+00,0.000000000000000000e+00,0.000000000000000000e+00,3.268477278375122808e+00,3.268477278375122808e+00,-1.500000000000000000e+00,0.000000000000000000e+00
2.944394605250289843e+00,4.129758516464739904e-01,1.280607868039169706e-01,1.500000000000000000e+00,0.000000000000000000e+00,0.000000000000000000e+00,0.000000000000000000e+00,-4.416591907875434764e+00,-4.416591907875434764e+00,-1.500000000000000000e+00,-0.000000000000000000e+00
-2.825368368143644560e+00,2.315177316785332451e+00,8.081586178946339460e-01,1.500000000000000000e+00,0.000000000000000000e+00,0.000000000000000000e+00,0.000000000000000000e+00,4.238052552215466839e+00,4.238052552215466839e+00,-1.500000000000000000e+00,0.000000000000000000e+00
-1.194768460417779732e+00,1.672310961444754218e+00,4.228276331626806828e-01,1.500000000000000000e+00,0.000000000000000000e+00,0.000000000000000000e+00,0.000000000000000000e+00,1.792152690626669598e+00,1.792152690626669598e+00,-1.500000000000000000e+00,0.000000000000000000e+00
2.753366210149701843e+00,1.327013782752143323e-01,6.284660942810705864e-01,1.500000000000000000e+00,0.000000000000000000e+00,0.000000000000000000e+00,0.000000000000000000e+00,-4.130049315224552764e+00,-4.130049315224552764e+00,-1.500000000000000000e+00,-0.000000000000000000e+00
-2.909363774252004653e+00,2.634893669525806281e+00,5.608692778432832204e-01,1.500000000000000000e+00,0.000000000000000000e+00,0.000000000000000000e+00,0.000000000000000000e+00,4.364045661378007424e+00,4.364045661378007424e+00,-1.500000000000000000e+00,0.000000000000000000e+00
-2.031612716599297208e+00,1.788008698592051804e+00,7.854583283194055410e-01,1.500000000000000000e+00,0.000000000000000000e+00,0.000000000000000000e+00,0.000000000000000000e+00,3.047419074898945812e+00,3.047419074898945812e+00,-1.500000000000000000e+00,0.000000000000000000e+00
-1.719814267490965110e+00,1.328619156739129892e+00,3.207760793366321028e-02,1.500000000000000000e+00,0.000000000000000000e+00,0.000000000000000000e+00,0.000000000000000000e+00,2.579721401236447775e+00,2.579721401236447775e+00,-1.500000000000000000e+00,0.000000000000000000e+00
-2.481655377083192171e+00,4.228141360422741357e-01,9.760735811263132611e-02,1.500000000000000000e+00,0.000000000000000000e+00,0.000000000000000000e+00,0.000000000000000000e+00,3.722483065624788257e+00,3.722483065624788257e+00,-1.500000000000000000e+00,0.000000000000000000e+00
-1.682318269171370062e-01,1.409550572114145695e+00,2.812133475994678111e-01,1.500000000000000000e+00,0.000000000000000000e+00,0.000000000000000000e+00,0.000000000000000000e+00,2.523477403757055093e-01,2.523477403757055093e-01,-1.500000000000000000e+00,0.000000000000000000e+00
5.546275622470488997e-01,2.751979911925430233e+00,2.024748878271592778e-01,1.500000000000000000e+00,0.000000000000000000e+00,0.000000000000000000e+00,0.000000000000000000e+00,-8.319413433705733496e-01,-8.319413433705733496e-01,-1.500000000000000000e+00,-0.000000000000000000e+00
-1.090070710839821988e+00,1.753264191934541305e+00,6.815011364085323819e-01,1.500000000000000000e+00,0.000000000000000000e+00,0.000000000000000000e+00,0.000000000000000000e+00,1.635106066259732982e+00,1.635106066259732982e+00,-1.500000000000000000e+00,0.000000000000000000e+00
-2.348102035605903026e+00,1.377647531329754926e+00,1.167527958128913301e-01,1.500000000000000000e+00,0.000000000000000000e+00,0.000000000000000000e+00,0.000000000000000000e+00,3.522153053408854539e+00,3.522153053408854539e+00,-1.500000000000000000e+00,0.000000000000000000e+00
1.865736465635745134e+00,1.824285762415791323e+00,9.237878864881921004e-02,1.500000000000000000e+00,0.000000000000000000e+00,0.000000000000000000e+00,0.000000000000000000e+00,-2.798604698453617701e+00,-2.798604698453617701e+00,-1.500000000000000000e+00,-0.000000000000000000e+00
1.826828289583840359e+00,1.651681276163913914e+00,5.298000069413604241e-01,1.500000000000000000e+00,0.000000000000000000e+00,0.000000000000000000e+00,0.000000000000000000e+00,-2.740242434375760539e+00,-2.740242434375760539e+00,-1.500000000000000000e+00,-0.000000000000000000e+00
3.725994095611975254e-01,1.870899084746101337e+00,6.636542055443439558e-02,1.500000000000000000e+00,0.000000000000000000e+00,0.000000000000000000e+00,0.000000000000000000e+00,-5.588991143417962881e-01,-5.588991143417962881e-01,-1.500000000000000000e+00,-0.000000000000000000e+00
-2.173547352944740219e+00,5.969173093740093305e-01,7.941597225420686801e-01,1.500000000000000000e+00,0.000000000000000000e+00,0.000000000000000000e+00,0.000000000000000000e+00,3.260321029417110328e+00,3.260321029417110328e+00,-1.500000000000000000e+00,0.000000000000000000e+00
2.514678619461694353e-01,4.460116581423303472e-01,3.296576755681916993e-01,1.500000000000000000e+00,0.000000000000000000e+00,0.000000000000000000e+00,0.000000000000000000e+00,-3.772017929192541530e-01,-3.772017929192541530e-01,-1.500000000000000000e+00,-0.000000000000000000e+00
7.771436382240750618e-01,3.756297671922670389e-02,3.023794437408412472e-01,1.500000000000000000e+00,0.000000000000000000e+00,0.000000000000000000e+00,0.000000000000000000e+00,-1.165715457336112593e+00,-1.165715457336112593e+00,-1.500000000000000000e+00,-0.000000000000000000e+00
-4.302460188208399039e-01,2.495518764523867894e+00,5.972237337540701185e-01,1.500000000000000000e+00,0.000000000000000000e+00,0.000000000000000000e+00,0.000000000000000000e+00,6.453690282312598558e-01,6.453690282312598558e-01,-1.500000000000000000e+00,0.000000000000000000e+00
2.183180325521274945e+00,9.717876829279825657e-03,9.761597314424176330e-01,1.500000000000000000e+00,0.000000000000000000e+00,0.000000000000000000e+00,0.000000000000000000e+00,-3.274770488281912417e+00,-3.274770488281912417e+00,-1.500000000000000000e+00,-0.000000000000000000e+00
-6.597276034728554173e-01,7.684125039657178080e-01,2.830802574449517994e-01,1.500000000000000000e+00,0.000000000000000000e+00,0.000000000000000000e+00,0.000000000000000000e+00,9.895914052092831259e-01,9.895914052092831259e-01,-1.500000000000000000e+00,0.000000000000000000e+00
6.532243426839556832e-02,1.756015767272340211e+00,2.259326650820131510e-01,1.500000000000000000e+00,0.000000000000000000e+00,0.000000000000000000e+00,0.000000000000000000e+00,-9.798365140259335249e-02,-9.798365140259335249e-02,-1.500000000000000000e+00,-0.000000000000000000e+00
-2.315139832342632431e+00,1.499401099547247540e+00,3.683163014304859928e-01,1.500000000000000000e+00,0.000000000000000000e+00,0.000000000000000000e+00,0.000000000000000000e+00,3.472709748513948647e+00,3.472709748513948647e+00,-1.500000000000000000e+00,0.000000000000000000e+00
3.813047973134242596e-01,2.704423070186764644e+00,7.791902493530992180e-01,1.500000000000000000e+00,0.000000000000000000e+00,0.000000000000000000e+00,0.000000000000000000e+00,-5.719571959701363895e-01,-5.719571959701363895e-01,-1.500000000000000000e+00,-0.000000000000000000e+00
1.598688262810217253e+00,6.396146110779580285e-01,9.334267965255274024e-01,1.500000000000000000e+00,0.000000000000000000e+00,0.000000000000000000e+00,0.000000000000000000e+00,-2.398032394215325880e+00,-2.398032394215325880e+00,-1.500000000000000000e+00,-0.000000000000000000e+00
1.387549931467527919e+00,3.419781596013213854e-01,1.541829625216660782e-01,1.500000000000000000e+00,0.000000000000000000e+00,0.000000000000000000e+00,0.000000000000000000e+00,-2.081324897201291879e+00,-2.081324897201291879e+00,-1.500000000000000000e+00,-0.000000000000000000e+00
-1.458114990272987521e+00,4.812475139288630022e-01,2.988862690494653584e-02,1.500000000000000000e+00,0.000000000000000000e+00,0.000000000000000000e+00,0.000000000000000000e+00,2.187172485409481393e+00,2.187172485409481393e+00,-1.500000000000000000e+00,0.000000000000000000e+00
2.951197332437217824e+00,1.493517905870091145e+00,3.057766230598483181e-01,1.500000000000000000e+00,0.000000000000000000e+00,0.000000000000000000e+00,0.000000000000000000e+00,-4.426795998655826736e+00,-4.426795998655826736e+00,-1.500000000000000000e+00,-0.000000000000000000e+00
1.319604881830217735e+00,8.737021470180214022e-01,3.207614313239904869e-01,1.500000000000000000e+00,0.000000000000000000e+00,0.000000000000000000e+00,0.000000000000000000e+00,-1.979407322745326603e+00,-1.979407322745326603e+00,-1.500000000000000000e+00,-0.000000000000000000e+00
-4.574854712401439372e-01,1.366189334382499565e+00,7.474590723271868908e-01,1.500000000000000000e+00,0.000000000000000000e+00,0.000000000000000000e+00,0.000000000000000000e+00,6.862282068602159057e-01,6.862282068602159057e-01,-1.500000000000000000e+00,0.000000000000000000e+00
-5.105488456713920264e-01,2.063603431671241495e+00,6.806073397694445415e-01,1.500000000000000000e+00,0.000000000000000000e+00,0.000000000000000000e+00,0.000000000000000000e+00,7.658232685070880397e-01,7.658232685070880397e-01,-1.500000000000000000e+00,0.000000000000000000e+00
1.675952134493325474e+00,9.641379069506931243e-01,7.472585795398950514e-01,1.500000000000000000e+00,0.000000000000000000e+00,0.000000000000000000e+00,0.000000000000000000e+00,-2.513928201739988211e+00,-2.513928201739988211e+00,-1.500000000000000000e+00,-0.000000000000000000e+00
-1.945905925419370019e+00,1.995419764350804925e+00,3.927669420813293399e-01,1.500000000000000000e+00,0.000000000000000000e+00,0.000000000000000000e+00,0.000000000000000000e+00,2.918858888129054918e+00,2.918858888129054918e+00,-1.500000000000000000e+00,0.000000000000000000e+00
8.377644757193811742e-01,5.893836435110544336e-02,4.285381569520031464e-01,1.500000000000000000e+00,0.000000000000000000e+00,0.000000000000000000e+00,0.000000000000000000e+00,-1.256646713579071761e+00,-1.256646713579071761e+00,-1.500000000000000000e+00,-0.000000000000000000e+00
1.313036874269103649e+00,1.638525242122310210e+00,9.419025661761815105e-01,1.500000000000000000e+00,0.000000000000000000e+00,0.000000000000000000e+00,0.000000000000000000e+00,-1.969555311403655473e+00,-1.969555311403655473e+00,-1.500000000000000000e+00,-0.000000000000000000e+00
9.804012066809031367e-02,2.721975750423469620e+00,4.834960281723588160e-02,1.500000000000000000e+00,0.000000000000000000e+00,0.000000000000000000e+00,0.000000000000000000e+00,-1.470601810021354705e-01,-1.470601810021354705e-01,-1.500000000000000000e+00,-0.000000000000000000e+00
2.239190446751969432e+00,2.802474314831399749e+00,2.133173269944887984e-02,1.500000000000000000e+00,0.000000000000000000e+00,0.000000000000000000e+00,0.000000000000000000e+00,-3.358785670127954148e+00,-3.358785670127954148e+00,-1.500000000000000000e+00,-0.000000000000000000e+00
-1.881841202509568767e-01,1.715367569126607705e+00,1.687097396309655828e-02,1.500000000000000000e+00,0.000000000000000000e+00,0.000000000000000000e+00,0.000000000000000000e+00,2.822761803764353150e-01,2.822761803764353150e-01,-1.500000000000000000e+00,0.000000000000000000e+00
-2.106435086831996983e-01,2.949261842279330637e+00,8.169316045945651528e-01,1.500000000000000000e+00,0.000000000000000000e+00,0.000000000000000000e+00,0.000000000000000000e+00,3.159652630247995475e-01,3.159652630247995475e-01,-1.500000000000000000e+00,0.000000000000000000e+00
-1.291922221049104369e+00,7.061861101232547178e-01,5.177912497792558355e-01,1.500000000000000000e+00,0.000000000000000000e+00,0.000000000000000000e+00,0.000000000000000000e+00,1.937883331573656553e+00,1.937883331573656553e+00,-1.500000000000000000e+00,0.000000000000000000e+00
2.516229798494670433e+00,8.928448756095632710e-01,6.948877280208928253e-01,1.500000000000000000e+00,0.000000000000000000e+00,0.000000000000000000e+00,0.000000000000000000e+00,-3.774344697742005650e+00,-3.774344697742005650e+00,-1.500000000000000000e+00,-0.000000000000000000e+00
-1.102381195622464727e+00,1.344282465040249175e+00,6.535163263781093024e-01,1.500000000000000000e+00,0.000000000000000000e+00,0.000000000000000000e+00,0.000000000000000000e+00,1.653571793433697090e+00,1.653571793433697090e+00,-1.500000000000000000e+00,0.000000000000000000e+00
1.171627635780506438e+00,1.526717819572883439e+00,8.129746766375401945e-01,1.500000000000000000e+00,0.000000000000000000e+00,0.000000000000000000e+00,0.000000000000000000e+00,-1.757441453670759657e+00,-1.757441453670759657e+00,-1.500000000000000000e+00,-0.000000000000000000e+00
-5.438823794512033238e-01,2.458410540670064037e+00,5.298818464866025257e-01,1.500000000000000000e+00,0.000000000000000000e+00,0.000000000000000000e+00,0.000000000000000000e+00,8.158235691768049858e-01,8.158235691768049858e-01,-1.500000000000000000e+00,0.000000000000000000e+00
2.612544790309064169e+00,1.342169990773968591e+00,3.285864034851901927e-01,1.500000000000000000e+00,0.000000000000000000e+00,0.000000000000000000e+00,0.000000000000000000e+00,-3.918817185463596253e+00,-3.918817185463596253e+00,-1.500000000000000000e+00,-0.000000000000000000e+00
2.687756201597195194e+00,1.441544809663437565e-01,1.120468522092913366e-01,1.500000000000000000e+00,0.000000000000000000e+00,0.000000000000000000e+00,0.000000000000000000e+00,-4.031634302395792346e+00,-4.031634302395792346e+00,-1.500000000000000000e+00,-0.000000000000000000e+00
-2.819788602504587072e+00,2.099626541796348445e+00,4.110744597671384115e-01,1.500000000000000000e+00,0.000000000000000000e+00,0.000000000000000000e+00,0.000000000000000000e+00,4.229682903756880386e+00,4.229682903756880386e+00,-1.500000000000000000e+00,0.000000000000000000e+00
2.967201636770619544e+00,6.680051783409800548e-01,1.951135244098541888e-01,1.500000000000000000e+00,0.000000000000000000e+00,0.000000000000000000e+00,0.000000000000000000e+00,-4.450802455155929316e+00,-4.450802455155929316e+00,-1.500000000000000000e+00,-0.000000000000000000e+00
6.296165731033145363e-01,2.646950953511651328e+00,9.263163696637775057e-01,1.500000000000000000e+00,0.000000000000000000e+00,0.000000000000000000e+00,0.000000000000000000e+00,-9.444248596549718044e-01,-9.444248596549718044e-01,-1.500000000000000000e+00,-0.000000000000000000e+00
-2.556879157549639459e+00,6.359749009226700611e-01,7.631398148329739950e-01,1.500000000000000000e+00,0.000000000000000000e+00,0.000000000000000000e+00,0.000000000000000000e+00,3.835318736324459188e+00,3.835318736324459188e+00,-1.500000000000000000e+00,0.000000000000000000e+00
-1.781508711445933812e-02,8.872191678984120422e-01,2.845774285855818819e-01,1.500000000000000000e+00,0.000000000000000000e+00,0.000000000000000000e+00,0.000000000000000000e+00,2.672263067168900719e-02,2.672263067168900719e-02,-1.500000000000000000e+00,0.000000000000000000e+00
-2.703168361487619187e+00,4.116931329061757072e-01,5.114135141218181246e-01,1.500000000000000000e+00,0.000000000000000000e+00,0.000000000000000000e+00,0.000000000000000000e+00,4.054752542231428336e+00,4.054752542231428336e+00,-1.500000000000000000e+00,0.000000000000000000e+00
2.933628951892695014e-01,9.077067645330426648e-01,4.694639039239846268e-01,1.500000000000000000e+00,0.000000000000000000e+00,0.000000000000000000e+00,0.000000000000000000e+00,-4.400443427839042521e-01,-4.400443427839042521e-01,-1.500000000000000000e+00,-0.000000000000000000e+00
-1.887273065138248329e+00,1.802866515265925784e+00,6.044821310752153121e-01,1.500000000000000000e+00,0.000000000000000000e+00,0.000000000000000000e+00,0.000000000000000000e+00,2.830909597707372605e+00,2.830909597707372605e+00,-1.500000000000000000e+00,0.000000000000000000e+00
-7.923579678911867319e-01,8.019324613005874847e-01,9.469226513012038993e-01,1.500000000000000000e+00,0.000000000000000000e+00,0.000000000000000000e+00,0.000000000000000000e+00,1.188536951836780098e+00,1.188536951836780098e+00,-1.500000000000000000e+00,0.000000000000000000e+00
-1.171799300722616843e+00,1.453720946298017180e-01,2.756475519804519880e-01,1.500000000000000000e+00,0.000000000000000000e+00,0.000000000000000000e+00,0.000000000000000000e+00,1.757698951083925376e+00,1.757698951083925376e+00,-1.500000000000000000e+00,0.000000000000000000e+00
6.132720916778593434e-01,1.758984322433245318e+00,6.142341081640686484e-01,1.500000000000000000e+00,0.000000000000000000e+00,0.000000000000000000e+00,0.000000000000000000e+00,-9.199081375167890151e-01,-9.199081375167890151e-01,-1.500000000000000000e+00,-0.000000000000000000e+00
1.934171887825982594e+00,2.204786854773447935e+00,5.043802741078521334e-01,1.500000000000000000e+00,0.000000000000000000e+00,0.000000000000000000e+00,0.000000000000000000e+00,-2.901257831738973891e+00,-2.901257831738973891e+00,-1.500000000000000000e+00,-0.000000000000000000e+00
2.619219758051220204e+00,3.267658151272794242e-01,9.545495121528442262e-01,1.500000000000000000e+00,0.000000000000000000e+00,0.000000000000000000e+00,0.000000000000000000e+00,-3.928829637076830306e+00,-3.928829637076830306e+00,-1.500000000000000000e+00,-0.000000000000000000e+00
-1.026851501423864388e+00,1.272732716960235155e+00,2.181203044031937432e-01,1.500000000000000000e+00,0.000000000000000000e+00,0.000000000000000000e+00,0.000000000000000000e+00,1.540277252135796582e+00,1.540277252135796582e+00,-1.500000000000000000e+00,0.000000000000000000e+00
4.181396672862547348e-01,2.047991650465996738e-01,6.478520567249153039e-01,1.500000000000000000e+00,0.000000000000000000e+00,0.000000000000000000e+00,0.000000000000000000e+00,-6.272095009293821022e-01,-6.272095009293821022e-01,-1.500000000000000000e+00,-0.000000000000000000e+00
-2.964604982499754016e+00,5.079454211384837325e-02,9.081345289700815115e-02,1.500000000000000000e+00,0.000000000000000000e+00,0.000000000000000000e+00,0.000000000000000000e+00,4.446907473749631023e+00,4.446907473749631023e+00,-1.500000000000000000e+00,0.000000000000000000e+00
-7.670188148314105447e-01,1.123613979248949235e+00,5.437007220326544044e-01,1.500000000000000000e+00,0.000000000000000000e+00,0.000000000000000000e+00,0.000000000000000000e+00,1.150528222247115817e+00,1.150528222247115817e+00,-1.500000000000000000e+00,0.000000000000000000e+00
2.764222939594503714e+00,8.595806130855661031e-01,9.597018578084161033e-01,1.500000000000000000e+00,0.000000000000000000e+00,0.000000000000000000e+00,0.000000000000000000e+00,-4.146334409391755571e+00,-4.146334409391755571e+00,-1.500000000000000000e+00,-0.000000000000000000e+00
-2.286968694906030830e+00,2.625831888151979321e+00,7.194037185847947935e-01,1.500000000000000000e+00,0.000000000000000000e+00,0.000000000000000000e+00,0.000000000000000000e+00,3.430453042359046023e+00,3.430453042359046023e+00,-1.500000000000000000e+00,0.000000000000000000e+00
2.218966653714876003e+00,4.052917692644275593e-02,3.140059000525896593e-02,1.500000000000000000e+00,0.000000000000000000e+00,0.000000000000000000e+00,0.000000000000000000e+00,-3.328449980572314004e+00,-3.328449980572314004e+00,-1.500000000000000000e+00,-0.000000000000000000e+00
9.150311808325248819e-01,1.939282723037432099e+00,9.838983516716433009e-01,1.500000000000000000e+00,0.000000000000000000e+00,0.000000000000000000e+00,0.000000000000000000e+00,-1.372546771248787323e+00,-1.372546771248787323e+00,-1.500000000000000000e+00,-0.000000000000000000e+00
-1.236637626359303965e+00,2.200924363738359535e+00,5.397723828408543811e-01,1.500000000000000000e+00,0.000000000000000000e+00,0.000000000000000000e+00,0.000000000000000000e+00,1.854956439538955948e+00,1.854956439538955948e+00,-1.500000000000000000e+00,0.000000000000000000e+00
1.668965677631731204e+00,1.251016337462431238e+00,5.797391318956018891e-01,1.500000000000000000e+00,0.000000000000000000e+00,0.000000000000000000e+00,0.000000000000000000e+00,-2.503448516447596806e+00,-2.503448516447596806e+00,-1.500000000000000000e+00,-0.000000000000000000e+00
-1.264311789341632908e+00,1.502252240342901057e+00,9.454313476034482688e-01,1.500000000000000000e+00,0.000000000000000000e+00,0.000000000000000000e+00,0.000000000000000000e+00,1.896467684012449251e+00,1.896467684012449251e+00,-1.500000000000000000e+00,0.000000000000000000e+00
2.368890349708260956e+00,7.413491472509325941e-01,5.847524283450135085e-01,1.500000000000000000e+00,0.000000000000000000e+00,0.000000000000000000e+00,0.000000000000000000e+00,-3.553335524562391434e+00,-3.553335524562391434e+00,-1.500000000000000000e+00,-0.000000000000000000e+00
-2.503445057699437371e+00,7.571587558490090464e-01,2.207194060593031804e-01,1.500000000000000000e+00,0.000000000000000000e+00,0.000000000000000000e+00,0.000000000000000000e+00,3.755167586549156056e+00,3.755167586549156056e+00,-1.500000000000000000e+00,0.000000000000000000e+00
-2.286041669189684988e+00,1.589937031041787074e-01,4.292981469533169170e-01,1.500000000000000000e+00,0.000000000000000000e+00,0.000000000000000000e+00,0.000000000000000000e+00,3.429062503784527483e+00,3.429062503784527483e+00,-1.500000000000000000e+00,0.000000000000000000e+00
1.500073085108253323e+00,2.717153147012259407e+00,7.492188368768855078e-01,1.500000000000000000e+00,0.000000000000000000e+00,0.000000000000000000e+00,0.000000000000000000e+00,-2.250109627662379985e+00,-2.250109627662379985e+00,-1.500000000000000000e+00,-0.000000000000000000e+00
-3.049301846137977279e-01,8.602003602761387757e-02,3.964508421864699761e-01,1.500000000000000000e+00,0.000000000000000000e+00,0.000000000000000000e+00,0.000000000000000000e+00,4.573952769206965918e-01,4.573952769206965918e-01,-1.500000000000000000e+00,0.000000000000000000e+00
-2.115219962027412581e+00,4.113298446758293370e-01,1.685118625982275908e-01,1.500000000000000000e+00,0.000000000000000000e+00,0.000000000000000000e+00,0.000000000000000000e+00,3.172829943041119094e+00,3.172829943041119094e+00,-1.500000000000000000e+00,0.000000000000000000e+00
8.060427395685021423e-02,2.172801108481313470e+00,3.891594257335440066e-01,1.500000000000000000e+00,0.000000000000000000e+00,0.000000000000000000e+00,0.000000000000000000e+00,-1.209064109352753213e-01,-1.209064109352753213e-01,-1.500000000000000000e+00,-0.000000000000000000e+00
-1.218185258069171661e+00,1.372770960350729652e+00,1.031084099817404232e-01,1.500000000000000000e+00,0.000000000000000000e+00,0.000000000000000000e+00,0.000000000000000000e+00,1.827277887103757603e+00,1.827277887103757603e+00,-1.500000000000000000e+00,0.000000000000000000e+00
2.958917007953618672e-01,1.535973515641146481e+00,9.994438596526722396e-02,1.500000000000000000e+00,0.000000000000000000e+00,0.000000000000000000e+00,0.000000000000000000e+00,-4.438375511930428008e-01,-4.438375511930428008e-01,-1.500000000000000000e+00,-0.000000000000000000e+00
1.462283540604252252e+00,8.833445568092088696e-01,1.214608330558827332e-01,1.500000000000000000e+00,0.000000000000000000e+00,0.000000000000000000e+00,0.000000000000000000e+00,-2.193425310906378378e+00,-2.193425310906378378e+00,-1.500000000000000000e+00,-0.000000000000000000e+00
2.141036157186128719e+00,4.834378612514543816e-01,5.093820278843096405e-01,1.500000000000000000e+00,0.000000000000000000e+00,0.000000000000000000e+00,0.000000000000000000e+00,-3.211554235779193078e+00,-3.211554235779193078e+00,-1.500000000000000000e+00,-0.000000000000000000e+00
-2.645998995382192742e+00,2.397348857230048758e+00,3.214237562452871844e-01,1.500000000000000000e+00,0.000000000000000000e+00,0.000000000000000000e+00,0.000000000000000000e+00,3.968998493073288891e+00,3.968998493073288891e+00,-1.500000000000000000e+00,0.000000000000000000e+00
5.541286663476925334e-01,3.713443685561748087e-01,1.798171247847880627e-01,1.500000000000000000e+00,0.000000000000000000e+00,0.000000000000000000e+00,0.000000000000000000e+00,-8.311929995215388001e-01,-8.311929995215388001e-01,-1.500000000000000000e+00,-0.000000000000000000e+00
2.901994991449127426e+00,8.874658606069902866e-01,7.387577304798473854e-01,1.500000000000000000e+00,0.000000000000000000e+00,0.000000000000000000e+00,0.000000000000000000e+00,-4.352992487173691138e+00,-4.352992487173691138e+00,-1.500000000000000000e+00,-0.000000000000000000e+00
-2.412154222368476653e-01,2.255583060884986057e+00,6.116476568931011881e-01,1.500000000000000000e+00,0.000000000000000000e+00,0.000000000000000000e+00,0.000000000000000000e+00,3.618231333552714979e-01,3.618231333552714979e-01,-1.500000000000000000e+00,0.000000000000000000e+00
1.617398740779567134e+00,8.942994078196150332e-01,8.198292089163400354e-01,1.500000000000000000e+00,0.000000000000000000e+00,0.000000000000000000e+00,0.000000000000000000e+00,-2.426098111169350702e+00,-2.426098111169350702e+00,-1.500000000000000000e+00,-0.000000000000000000e+00
-2.416436027584698554e+00,2.854046208024286990e+00,1.607746850342136602e-01,1.500000000000000000e+00,0.000000000000000000e+00,0.000000000000000000e+00,0.000000000000000000e+00,3.624654041377048053e+00,3.624654041377048053e+00,-1.500000000000000000e+00,0.000000000000000000e+00
2.241047265881307204e+00,5.257981080494514847e-01,6.203112950143773174e-01,1.500000000000000000e+00,0.000000000000000000e+00,0.000000000000000000e+00,0.000000000000000000e+00,-3.361570898821960807e+00,-3.361570898821960807e+00,-1.500000000000000000e+00,-0.000000000000000000e+00
4.923170021671285923e-01,1.582819773672222485e+00,2.631901996750952710e-01,1.500000000000000000e+00,0.000000000000000000e+00,0.000000000000000000e+00,0.000000000000000000e+00,-7.384755032506928885e-01,-7.384755032506928885e-01,-1.500000000000000000e+00,-0.000000000000000000e+00
2.329579116605430045e+00,1.614103336248492226e+00,4.951787129375438967e-01,1.500000000000000000e+00,0.000000000000000000e+00,0.000000000000000000e+00,0.000000000000000000e+00,-3.494368674908145067e+00,-3.494368674908145067e+00,-1.500000000000000000e+00,-0.000000000000000000e+00
1.722707468660029662e+00,1.501472007460554758e+00,4.461986359445733186e-01,1.500000000000000000e+00,0.000000000000000000e+00,0.000000000000000000e+00,0.000000000000000000e+00,-2.584061202990044492e+00,-2.584061202990044492e+00,-1.500000000000000000e+00,-0.000000000000000000e+00
2.215438645924130867e+00,2.323179015259579039e+00,5.833086577845786325e-01,1.500000000000000000e+00,0.000000000000000000e+00,0.000000000000000000e+00,0.000000000000000000e+00,-3.323157968886196301e+00,-3.323157968886196301e+00,-1.500000000000000000e+00,-0.000000000000000000e+00
-2.656224713492927325e+00,1.382756450898661171e-01,5.703727072461288738e-01,1.500000000000000000e+00,0.000000000000000000e+00,0.000000000000000000e+00,0.000000000000000000e+00,3.984337070239391210e+00,3.984337070239391210e+00,-1.500000000000000000e+00,0.000000000000000000e+00
1.293144646234338779e+00,1.637703848971612253e+00,9.184128827766424585e-01,1.500000000000000000e+00,0.000000000000000000e+00,0.000000000000000000e+00,0.000000000000000000e+00,-1.939716969351508169e+00,-1.939716969351508169e+00,-1.500000000000000000e+00,-0.000000000000000000e+00
-1.818114551870820605e+00,2.369274937137922699e+00,6.245299307752036899e-01,1.500000000000000000e+00,0.000000000000000000e+00,0.000000000000000000e+00,0.000000000000000000e+00,2.727171827806230908e+00,2.727171827806230908e+00,-1.500000000000000000e+00,0.000000000000000000e+00
-1.405137947350014738e+00,1.520946277294518145e-01,3.515854614207704065e-01,1.500000000000000000e+00,0.000000000000000000e+00,0.000000000000000000e+00,0.000000000000000000e+00,2.107706921025021884e+00,2.107706921025021884e+00,-1.500000000000000000e+00,0.000000000000000000e+00
-1.051302722806951362e+00,1.638917842956427950e+00,7.944097661660254328e-01,1.500000000000000000e+00,0.000000000000000000e+00,0.000000000000000000e+00,0.000000000000000000e+00,1.576954084210427043e+00,1.576954084210427043e+00,-1.500000000000000000e+00,0.000000000000000000e+00
5.478879087376578028e-01,1.321976018539216424e+00,1.613389270955515320e-01,1.500000000000000000e+00,0.000000000000000000e+00,0.000000000000000000e+00,0.000000000000000000e+00,-8.218318631064867041e-01,-8.218318631064867041e-01,-1.500000000000000000e+00,-0.000000000000000000e+00
7.671654998462429376e-01,1.213820947368441372e+00,7.753199608602928672e-01,1.500000000000000000e+00,0.000000000000000000e+00,0.000000000000000000e+00,0.000000000000000000e+00,-1.150748249769364406e+00,-1.150748249769364406e+00,-1.500000000000000000e+00,-0.000000000000000000e+00
2.588655274649383387e+00,1.613156248411544258e+00,5.768994343640371225e-01,1.500000000000000000e+00,0.000000000000000000e+00,0.000000000000000000e+00,0.000000000000000000e+00,-3.882982911974075080e+00,-3.882982911974075080e+00,-1.500000000000000000e+00,-0.000000000000000000e+00
-2.923689650489303293e+00,1.874131556741116089e+00,2.601092995187939128e-01,1.500000000000000000e+00,0.000000000000000000e+00,0.000000000000000000e+00,0.000000000000000000e+00,4.385534475733955162e+00,4.385534475733955162e+00,-1.500000000000000000e+00,0.000000000000000000e+00
-1.839369119867701352e+00,2.110785001464967614e+00,7.524110052837983398e-01,1.500000000000000000e+00,0.000000000000000000e+00,0.000000000000000000e+00,0.000000000000000000e+00,2.759053679801552139e+00,2.759053679801552139e+00,-1.500000000000000000e+00,0.000000000000000000e+00
-8.279849009839765905e-01,2.694742139214389987e+00,1.141495342858538375e-01,1.500000000000000000e+00,0.000000000000000000e+00,0.000000000000000000e+00,0.000000000000000000e+00,1.241977351475964886e+00,1.241977351475964886e+00,-1.500000000000000000e+00,0.000000000000000000e+00
1.908041040237969277e+00,1.969737514198617090e+00,3.564916465559653247e-02,1.500000000000000000e+00,0.000000000000000000e+00,0.000000000000000000e+00,0.000000000000000000e+00,-2.862061560356953915e+00,-2.862061560356953915e+00,-1.500000000000000000e+00,-0.000000000000000000e+00
2.994524374895028984e-01,2.996850257456432853e+00,2.717661944384857087e-01,1.500000000000000000e+00,0.000000000000000000e+00,0.000000000000000000e+00,0.000000000000000000e+00,-4.491786562342543476e-01,-4.491786562342543476e-01,-1.500000000000000000e+00,-0.000000000000000000e+00
7.194361191981535342e-02,1.994581932775841393e+00,5.047735559110303472e-01,1.500000000000000000e+00,0.000000000000000000e+00,0.000000000000000000e+00,0.000000000000000000e+00,-1.079154178797230301e-01,-1.079154178797230301e-01,-1.500000000000000000e+00,-0.000000000000000000e+00
1.561115381174028371e+00,8.074037640151305872e-01,6.307786455771190459e-01,1.500000000000000000e+00,0.000000000000000000e+00,0.000000000000000000e+00,0.000000000000000000e+00,-2.341673071761042557e+00,-2.341673071761042557e+00,-1.500000000000000000e+00,-0.000000000000000000e+00
9.303554278600483229e-01,4.416067597075640228e-01,3.142866013821580262e-01,1.500000000000000000e+00,0.000000000000000000e+00,0.000000000000000000e+00,0.000000000000000000e+00,-1.395533141790072484e+00,-1.395533141790072484e+00,-1.500000000000000000e+00,-0.000000000000000000e+00
-1.260865127056358226e+00,2.126872359562639314e-01,5.787831211206980742e-01,1.500000000000000000e+00,0.000000000000000000e+00,0.000000000000000000e+00,0.000000000000000000e+00,1.891297690584537339e+00,1.891297690584537339e+00,-1.500000000000000000e+00,0.000000000000000000e+00
-2.477301475954871712e+00,8.046857758641910996e-01,9.805598735392626608e-01,1.500000000000000000e+00,0.000000000000000000e+00,0.000000000000000000e+00,0.000000000000000000e+00,3.715952213932307568e+00,3.715952213932307568e+00,-1.500000000000000000e+00,0.000000000000000000e+00
-2.261594662997756799e-01,3.573879930577711361e-01,9.985108450185943285e-01,1.500000000000000000e+00,0.000000000000000000e+00,0.000000000000000000e+00,0.000000000000000000e+00,3.392391994496635199e-01,3.392391994496635199e-01,-1.500000000000000000e+00,0.000000000000000000e+00
2.280998385157072761e+00,2.050263942426195918e+00,7.209307041325022647e-01,1.500000000000000000e+00,0.000000000000000000e+00,0.000000000000000000e+00,0.000000000000000000e+00,-3.421497577735609141e+00,-3.421497577735609141e+00,-1.500000000000000000e+00,-0.000000000000000000e+00
5.888463442568818706e-01,2.068520494930363274e+00,3.021535660416837521e-01,1.500000000000000000e+00,0.000000000000000000e+00,0.000000000000000000e+00,0.000000000000000000e+00,-8.832695163853228060e-01,-8.832695163853228060e-01,-1.500000000000000000e+00,-0.000000000000000000e+00
-2.680265614003645602e+00,1.836187778706767748e+00,4.767208440246751833e-01,1.500000000000000000e+00,0.000000000000000000e+00,0.000000000000000000e+00,0.000000000000000000e+00,4.020398421005468848e+00,4.020398421005468848e+00,-1.500000000000000000e+00,0.000000000000000000e+00
-3.595377129650891845e-01,1.148434706796813032e+00,8.079307895205904977e-01,1.500000000000000000e+00,0.000000000000000000e+00,0.000000000000000000e+00,0.000000000000000000e+00,5.393065694476337768e-01,5.393065694476337768e-01,-1.500000000000000000e+00,0.000000000000000000e+00
-6.923274973990047876e-01,1.391707081809472335e+00,8.871712306239933898e-01,1.500000000000000000e+00,0.000000000000000000e+00,0.000000000000000000e+00,0.000000000000000000e+00,1.038491246098507181e+00,1.038491246098507181e+00,-1.500000000000000000e+00,0.000000000000000000e+00
4.945496593137974628e-01,7.783210977486016979e-01,9.513632347487307461e-01,1.500000000000000000e+00,0.000000000000000000e+00,0.000000000000000000e+00,0.000000000000000000e+00,-7.418244889706961942e-01,-7.418244889706961942e-01,-1.500000000000000000e+00,-0.000000000000000000e+00
5.227603806048204405e-01,2.755910264796258335e+00,3.876586767888882124e-01,1.500000000000000000e+00,0.000000000000000000e+00,0.000000000000000000e+00,0.000000000000000000e+00,-7.841405709072306607e-01,-7.841405709072306607e-01,-1.500000000000000000e+00,-0.000000000000000000e+00
2.707992164102608790e+00,4.759872734266756833e-02,3.380365991802299908e-01,1.500000000000000000e+00,0.000000000000000000e+00,0.000000000000000000e+00,0.000000000000000000e+00,-4.061988246153912741e+00,-4.061988246153912741e+00,-1.500000000000000000e+00,-0.000000000000000000e+00
-9.714368807361957181e-01,9.617717806663305113e-01,3.359660337624760240e-01,1.500000000000000000e+00,0.000000000000000000e+00,0.000000000000000000e+00,0.000000000000000000e+00,1.457155321104293577e+00,1.457155321104293577e+00,-1.500000000000000000e+00,0.000000000000000000e+00
-5.514270233311657776e-01,1.718405148941288596e+00,7.850776509750049259e-01,1.500000000000000000e+00,0.000000000000000000e+00,0.000000000000000000e+00,0.000000000000000000e+00,8.271405349967486664e-01,8.271405349967486664e-01,-1.500000000000000000e+00,0.000000000000000000e+00
6.810834658601452318e-01,5.419598134171431658e-01,9.572521050792074382e-01,1.500000000000000000e+00,0.000000000000000000e+00,0.000000000000000000e+00,0.000000000000000000e+00,-1.021625198790217848e+00,-1.021625198790217848e+00,-1.500000000000000000e+00,-0.000000000000000000e+00
2.318343726294935792e+00,2.562792591447774271e+00,5.632143469142811831e-01,1.500000000000000000e+00,0.000000000000000000e+00,0.000000000000000000e+00,0.000000000000000000e+00,-3.477515589442403687e+00,-3.477515589442403687e+00,-1.500000000000000000e+00,-0.000000000000000000e+00
1.236863692524151404e+00,1.441301709049698232e+00,4.431614770200810183e-01,1.500000000000000000e+00,0.000000000000000000e+00,0.000000000000000000e+00,0.000000000000000000e+00,-1.855295538786227105e+00,-1.855295538786227105e+00,-1.500000000000000000e+00,-0.000000000000000000e+00
-1.746873672760349550e-01,1.111699485451188796e+00,6.662720540100419697e-01,1.500000000000000000e+00,0.000000000000000000e+00,0.000000000000000000e+00,0.000000000000000000e+00,2.620310509140524324e-01,2.620310509140524324e-01,-1.500000000000000000e+00,0.000000000000000000e+00
1.887396289531410254e+00,1.884546984937203185e-01,4.216098117813228408e-01,1.500000000000000000e+00,0.000000000000000000e+00,0.000000000000000000e+00,0.000000000000000000e+00,-2.831094434297115381e+00,-2.831094434297115381e+00,-1.500000000000000000e+00,-0.000000000000000000e+00
-8.816345300808503538e-02,8.435507851409452806e-01,5.700573512434625734e-01,1.500000000000000000e+00,0.000000000000000000e+00,0.000000000000000000e+00,0.000000000000000000e+00,1.322451795121275531e-01,1.322451795121275531e-01,-1.500000000000000000e+00,0.000000000000000000e+00
2.781137386846722848e+00,1.768932913051359801e+00,1.880033265098478568e-01,1.500000000000000000e+00,0.000000000000000000e+00,0.000000000000000000e+00,0.000000000000000000e+00,-4.171706080270084271e+00,-4.171706080270084271e+00,-1.500000000000000000e+00,-0.000000000000000000e+00
-1.305003313075459470e+00,8.436587666394700369e-01,9.918103336189909580e-02,1.500000000000000000e+00,0.000000000000000000e+00,0.000000000000000000e+00,0.000000000000000000e+00,1.957504969613189205e+00,1.957504969613189205e+00,-1.500000000000000000e+00,0.000000000000000000e+00
-2.235648614265314471e+00,1.354403818237999158e-01,4.055530544008875138e-01,1.500000000000000000e+00,0.000000000000000000e+00,0.000000000000000000e+00,0.000000000000000000e+00,3.353472921397971707e+00,3.353472921397971707e+00,-1.500000000000000000e+00,0.000000000000000000e+00
1.982399376502806732e+00,1.738673231791896256e+00,2.683448888285336897e-01,1.500000000000000000e+00,0.000000000000000000e+00,0.000000000000000000e+00,0.000000000000000000e+00,-2.973599064754210097e+00,-2.973599064754210097e+00,-1.500000000000000000e+00,-0.000000000000000000e+00
-1.216205914995641235e+00,9.117484508141618926e-01,1.520047198883026640e-01,1.500000000000000000e+00,0.000000000000000000e+00,0.000000000000000000e+00,0.000000000000000000e+00,1.824308872493461742e+00,1.824308872493461742e+00,-1.500000000000000000e+00,0.000000000000000000e+00
2.084377554254548848e+00,2.539173619795372705e+00,9.649140411292485009e-01,1.500000000000000000e+00,0.000000000000000000e+00,0.000000000000000000e+00,0.000000000000000000e+00,-3.126566331381823272e+00,-3.126566331381823272e+00,-1.500000000000000000e+00,-0.000000000000000000e+00
6.564289663463700464e-01,2.075375303992372356e+00,6.963670650601320178e-01,1.500000000000000000e+00,0.000000000000000000e+00,0.000000000000000000e+00,0.000000000000000000e+00,-9.846434495195550696e-01,-9.846434495195550696e-01,-1.500000000000000000e+00,-0.000000000000000000e+00
5.375587418651495142e-02,2.164426806097806910e+00,3.882225131193356438e-01,1.500000000000000000e+00,0.000000000000000000e+00,0.000000000000000000e+00,0.000000000000000000e+00,-8.063381127977242713e-02,-8.063381127977242713e-02,-1.500000000000000000e+00,-0.000000000000000000e+00
-2.477809286440804115e+00,2.670537501262832070e+00,9.916685549854745707e-01,1.500000000000000000e+00,0.000000000000000000e+00,0.000000000000000000e+00,0.000000000000000000e+00,3.716713929661206173e+00,3.716713929661206173e+00,-1.500000000000000000e+00,0.000000000000000000e+00
1.717893014594061185e+00,2.430021090790235760e+00,1.069994935169513717e-01,1.500000000000000000e+00,0.000000000000000000e+00,0.000000000000000000e+00,0.000000000000000000e+00,-2.576839521891091778e+00,-2.576839521891091778e+00,-1.500000000000000000e+00,-0.000000000000000000e+00
-2.604453707157456943e+00,9.877697097332153175e-01,3.486939980500965985e-01,1.500000000000000000e+00,0.000000000000000000e+00,0.000000000000000000e+00,0.000000000000000000e+00,3.906680560736185193e+00,3.906680560736185193e+00,-1.500000000000000000e+00,0.000000000000000000e+00
2.790906850421749574e+00,1.707014377465939647e+00,8.839459624498645640e-01,1.500000000000000000e+00,0.000000000000000000e+00,0.000000000000000000e+00,0.000000000000000000e+00,-4.186360275632624806e+00,-4.186360275632624806e+00,-1.500000000000000000e+00,-0.000000000000000000e+00
2.261847564191914906e+00,7.766254286075633395e-01,9.680915114227955920e-01,1.500000000000000000e+00,0.000000000000000000e+00,0.000000000000000000e+00,0.000000000000000000e+00,-3.392771346287872358e+00,-3.392771346287872358e+00,-1.500000000000000000e+00,-0.000000000000000000e+00
-1.182188445304007685e+00,6.046071521483146194e-01,7.928000541810698021e-01,1.500000000000000000e+00,0.000000000000000000e+00,0.000000000000000000e+00,0.000000000000000000e+00,1.773282667956011416e+00,1.773282667956011416e+00,-1.500000000000000000e+00,0.000000000000000000e+00
-2.232802998524269888e+00,6.175746916146801491e-01,1.861919388960303623e-01,1.500000000000000000e+00,0.000000000000000000e+00,0.000000000000000000e+00,0.000000000000000000e+00,3.349204497786404833e+00,3.349204497786404833e+00,-1.500000000000000000e+00,0.000000000000000000e+00
2.314046703668046767e+00,3.330783518624437223e-01,5.664430835850160495e-01,1.500000000000000000e+00,0.000000000000000000e+00,0.000000000000000000e+00,0.000000000000000000e+00,-3.471070055502070151e+00,-3.471070055502070151e+00,-1.500000000000000000e+00,-0.000000000000000000e+00
-1.208966029683402610e-01,7.171595203029079713e-01,7.127447199991865379e-02,1.500000000000000000e+00,0.000000000000000000e+00,0.000000000000000000e+00,0.000000000000000000e+00,1.813449044525103915e-01,1.813449044525103915e-01,-1.500000000000000000e+00,0.000000000000000000e+00
-2.250757330836114178e+00,6.740967320353844494e-01,6.345134641544869503e-02,1.500000000000000000e+00,0.000000000000000000e+00,0.000000000000000000e+00,0.000000000000000000e+00,3.376135996254171268e+00,3.376135996254171268e+00,-1.500000000000000000e+00,0.000000000000000000e+00
-8.866898961967795145e-03,2.017715980444539703e+00,8.631876818545949348e-01,1.500000000000000000e+00,0.000000000000000000e+00,0.000000000000000000e+00,0.000000000000000000e+00,1.330034844295169272e-02,1.330034844295169272e-02,-1.500000000000000000e+00,0.000000000000000000e+00
-1.519084343548324778e+00,7.544429696385391848e-01,2.404116964625280239e-03,1.500000000000000000e+00,0.000000000000000000e+00,0.000000000000000000e+00,0.000000000000000000e+00,2.278626515322486945e+00,2.278626515322486945e+00,-1.500000000000000000e+00,0.000000000000000000e+00
-5.529876311352674989e-01,1.399795380063887373e-01,9.700969014388516332e-02,1.500000000000000000e+00,0.000000000000000000e+00,0.000000000000000000e+00,0.000000000000000000e+00,8.294814467029012484e-01,8.294814467029012484e-01,-1.500000000000000000e+00,0.000000000000000000e+00
8.414462982573063243e-01,1.264810659880214239e+00,1.057952086529302393e-01,1.500000000000000000e+00,0.000000000000000000e+00,0.000000000000000000e+00,0.000000000000000000e+00,-1.262169447385959486e+00,-1.262169447385959486e+00,-1.500000000000000000e+00,-0.000000000000000000e+00
2.492188690610023016e+00,6.028383676459895257e-01,7.115891888169566526e-01,1.500000000000000000e+00,0.000000000000000000e+00,0.000000000000000000e+00,0.000000000000000000e+00,-3.738283035915034525e+00,-3.738283035915034525e+00,-1.500000000000000000e+00,-0.000000000000000000e+00
1.805578986023022914e+00,2.068046773709042885e+00,6.284355353108758147e-01,1.500000000000000000e+00,0.000000000000000000e+00,0.000000000000000000e+00,0.000000000000000000e+00,-2.708368479034534371e+00,-2.708368479034534371e+00,-1.500000000000000000e+00,-0.000000000000000000e+00
-2.033946609255494309e+00,6.651337726710577769e-01,2.158849905520285883e-01,1.500000000000000000e+00,0.000000000000000000e+00,0.000000000000000000e+00,0.000000000000000000e+00,3.050919913883241463e+00,3.050919913883241463e+00,-1.500000000000000000e+00,0.000000000000000000e+00
-1.359856254748774695e-01,1.670907590483172722e+00,4.101777099020892381e-01,1.500000000000000000e+00,0.000000000000000000e+00,0.000000000000000000e+00,0.000000000000000000e+00,2.039784382123162043e-01,2.039784382123162043e-01,-1.500000000000000000e+00,0.000000000000000000e+00
-4.843199747766568919e-02,5.280831379369546053e-01,9.515524910501693689e-01,1.500000000000000000e+00,0.000000000000000000e+00,0.000000000000000000e+00,0.000000000000000000e+00,7.264799621649853378e-02,7.264799621649853378e-02,-1.500000000000000000e+00,0.000000000000000000e+00
2.936896648904570029e+00,1.446389535287273986e+00,2.105283636985030293e-01,1.500000000000000000e+00,0.000000000000000000e+00,0.000000000000000000e+00,0.000000000000000000e+00,-4.405344973356855043e+00,-4.405344973356855043e+00,-1.500000000000000000e+00,-0.000000000000000000e+00
-2.478612947321923166e+00,2.601656572765087549e+00,6.778992065338484974e-02,1.500000000000000000e+00,0.000000000000000000e+00,0.000000000000000000e+00,0.000000000000000000e+00,3.717919420982884748e+00,3.717919420982884748e+00,-1.500000000000000000e+00,0.000000000000000000e+00
6.460587536431994238e-02,9.098623902496919547e-01,6.467509552898574876e-01,1.500000000000000000e+00,0.000000000000000000e+00,0.000000000000000000e+00,0.000000000000000000e+00,-9.690881304647991357e-02,-9.690881304647991357e-02,-1.500000000000000000e+00,-0.000000000000000000e+00
2.486178561170710566e+00,1.581592099773823978e+00,1.079564706576899846e-01,1.500000000000000000e+00,0.000000000000000000e+00,0.000000000000000000e+00,0.000000000000000000e+00,-3.729267841756065849e+00,-3.729267841756065849e+00,-1.500000000000000000e+00,-0.000000000000000000e+00
-6.069045260049885648e-01,1.315860064139580343e+00,5.564105020689110725e-01,1.500000000000000000e+00,0.000000000000000000e+00,0.000000000000000000e+00,0.000000000000000000e+00,9.103567890074828473e-01,9.103567890074828473e-01,-1.500000000000000000e+00,0.000000000000000000e+00
-1.429692961043107724e+00,2.100455674334050782e-01,2.549737916615902877e-01,1.500000000000000000e+00,0.000000000000000000e+00,0.000000000000000000e+00,0.000000000000000000e+00,2.144539441564661697e+00,2.144539441564661697e+00,-1.500000000000000000e+00,0.000000000000000000e+00
3.356008640514271946e-01,6.201453536805900946e-02,3.258517873743527193e-02,1.500000000000000000e+00,0.000000000000000000e+00,0.000000000000000000e+00,0.000000000000000000e+00,-5.034012960771407919e-01,-5.034012960771407919e-01,-1.500000000000000000e+00,-0.000000000000000000e+00
-1.079469674482669728e+00,2.527416786584931074e+00,6.584829769182958259e-01,1.500000000000000000e+00,0.000000000000000000e+00,0.000000000000000000e+00,0.000000000000000000e+00,1.619204511724004591e+00,1.619204511724004591e+00,-1.500000000000000000e+00,0.000000000000000000e+00
2.562474796724406367e+00,1.021060049899557232e+00,7.517576059018259427e-01,1.500000000000000000e+00,0.000000000000000000e+00,0.000000000000000000e+00,0.000000000000000000e+00,-3.843712195086609551e+00,-3.843712195086609551e+00,-1.500000000000000000e+00,-0.000000000000000000e+00
-2.491207386827257508e+00,2.058206161673566292e+00,3.141696692785329592e-01,1.500000000000000000e+00,0.000000000000000000e+00,0.000000000000000000e+00,0.000000000000000000e+00,3.736811080240886263e+00,3.736811080240886263e+00,-1.500000000000000000e+00,0.000000000000000000e+00
-1.759752740047403341e+00,1.238083670187750673e+00,1.582658848086014869e-01,1.500000000000000000e+00,0.000000000000000000e+00,0.000000000000000000e+00,0.000000000000000000e+00,2.639629110071104900e+00,2.639629110071104900e+00,-1.500000000000000000e+00,0.000000000000000000e+00
-2.496774169521588593e+00,2.514930865990188114e+00,9.765504100873215743e-01,1.500000000000000000e+00,0.000000000000000000e+00,0.000000000000000000e+00,0.000000000000000000e+00,3.745161254282383112e+00,3.745161254282383112e+00,-1.500000000000000000e+00,0.000000000000000000e+00
1.271335203873201536e+00,5.850624573406065787e-01,2.447494047595216715e-01,1.500000000000000000e+00,0.000000000000000000e+00,0.000000000000000000e+00,0.000000000000000000e+00,-1.907002805809802304e+00,-1.907002805809802304e+00,-1.500000000000000000e+00,-0.000000000000000000e+00
-1.241148832672702707e+00,1.451484282092024181e+00,2.463036775220410757e-01,1.500000000000000000e+00,0.000000000000000000e+00,0.000000000000000000e+00,0.000000000000000000e+00,1.861723249009054060e+00,1.861723249009054060e+00,-1.500000000000000000e+00,0.000000000000000000e+00
2.401014083756514594e+00,1.645167587220068395e+00,3.658679938359198358e-01,1.500000000000000000e+00,0.000000000000000000e+00,0.000000000000000000e+00,0.000000000000000000e+00,-3.601521125634771892e+00,-3.601521125634771892e+00,-1.500000000000000000e+00,-0.000000000000000000e+00
2.361788559000545185e+00,2.380715726213234351e+00,2.399662108653265458e-01,1.500000000000000000e+00,0.000000000000000000e+00,0.000000000000000000e+00,0.000000000000000000e+00,-3.542682838500817777e+00,-3.542682838500817777e+00,-1.500000000000000000e+00,-0.000000000000000000e+00
2.618319926161605693e+00,8.833828522858200305e-02,2.459030674184436993e-01,1.500000000000000000e+00,0.000000000000000000e+00,0.000000000000000000e+00,0.000000000000000000e+00,-3.927479889242408539e+00,-3.927479889242408539e+00,-1.500000000000000000e+00,-0.000000000000000000e+00
-1.463228962038725989e+00,1.087331814411870656e+00,9.244553411727131076e-01,1.500000000000000000e+00,0.000000000000000000e+00,0.000000000000000000e+00,0.000000000000000000e+00,2.194843443058088983e+00,2.194843443058088983e+00,-1.500000000000000000e+00,0.000000000000000000e+00
-2.996059449864952207e+00,1.425525905893964662e+00,8.200082800776686831e-02,1.500000000000000000e+00,0.000000000000000000e+00,0.000000000000000000e+00,0.000000000000000000e+00,4.494089174797428754e+00,4.494089174797428754e+00,-1.500000000000000000e+00,0.000000000000000000e+00
-6.743674945107622776e-01,1.766490002890584332e+00,8.345195743876780980e-01,1.500000000000000000e+00,0.000000000000000000e+00,0.000000000000000000e+00,0.000000000000000000e+00,1.011551241766143416e+00,1.011551241766143416e+00,-1.500000000000000000e+00,0.000000000000000000e+00
2.775378249431171618e+00,4.243946860708132096e-01,5.347353253685716012e-01,1.500000000000000000e+00,0.000000000000000000e+00,0.000000000000000000e+00,0.000000000000000000e+00,-4.163067374146757871e+00,-4.163067374146757871e+00,-1.500000000000000000e+00,-0.000000000000000000e+00
1.582451552630345759e+00,1.630782908491774208e+00,3.527668036116038408e-02,1.500000000000000000e+00,0.000000000000000000e+00,0.000000000000000000e+00,0.000000000000000000e+00,-2.373677328945518639e+00,-2.373677328945518639e+00,-1.500000000000000000e+00,-0.000000000000000000e+00
-2.642040719914064972e+00,2.080361620001307088e+00,1.510268504178664539e-01,1.500000000000000000e+00,0.000000000000000000e+00,0.000000000000000000e+00,0.000000000000000000e+00,3.963061079871097458e+00,3.963061079871097458e+00,-1.500000000000000000e+00,0.000000000000000000e+00
1.215433446315115518e+00,2.199125005334398697e+00,6.557888704633465515e-01,1.500000000000000000e+00,0.000000000000000000e+00,0.000000000000000000e+00,0.000000000000000000e+00,-1.823150169472673277e+00,-1.823150169472673277e+00,-1.500000000000000000e+00,-0.000000000000000000e+00
2.502381196765939286e+00,6.730359448115210697e-01,5.600835691712331421e-01,1.500000000000000000e+00,0.000000000000000000e+00,0.000000000000000000e+00,0.000000000000000000e+00,-3.753571795148908929e+00,-3.753571795148908929e+00,-1.500000000000000000e+00,-0.000000000000000000e+00
2.806319797357380352e+00,1.322392110755526318e+00,2.420086980288451706e-01,1.500000000000000000e+00,0.000000000000000000e+00,0.000000000000000000e+00,0.000000000000000000e+00,-4.209479696036070528e+00,-4.209479696036070528e+00,-1.500000000000000000e+00,-0.000000000000000000e+00
1.295931936873785162e+00,8.938941281573603570e-01,2.913199211500708818e-01,1.500000000000000000e+00,0.000000000000000000e+00,0.000000000000000000e+00,0.000000000000000000e+00,-1.943897905310677743e+00,-1.943897905310677743e+00,-1.500000000000000000e+00,-0.000000000000000000e+00
2.177972573255098965e+00,1.162926962572606193e+00,9.272719801990152444e-01,1.500000000000000000e+00,0.000000000000000000e+00,0.000000000000000000e+00,0.000000000000000000e+00,-3.266958859882648447e+00,-3.266958859882648447e+00,-1.500000000000000000e+00,-0.000000000000000000e+00
2.050212617399582271e+00,1.089048865718854842e+00,7.371553488798031628e-01,1.500000000000000000e+00,0.000000000000000000e+00,0.000000000000000000e+00,0.000000000000000000e+00,-3.075318926099373407e+00,-3.075318926099373407e+00,-1.500000000000000000e+00,-0.000000000000000000e+00
-8.499732739911793900e-01,2.835359428896093270e+00,6.619381074451754499e-01,1.500000000000000000e+00,0.000000000000000000e+00,0.000000000000000000e+00,0.000000000000000000e+00,1.274959910986769085e+00,1.274959910986769085e+00,-1.500000000000000000e+00,0.000000000000000000e+00
-2.405736804483890712e+00,4.017677019273113714e-02,9.240820588061335883e-01,1.500000000000000000e+00,0.000000000000000000e+00,0.000000000000000000e+00,0.000000000000000000e+00,3.608605206725836290e+00,3.608605206725836290e+00,-1.500000000000000000e+00,0.000000000000000000e+00
1.364785003523577345e+00,2.843177114467792865e+00,2.316607989145342827e-01,1.500000000000000000e+00,0.000000000000000000e+00,0.000000000000000000e+00,0.000000000000000000e+00,-2.047177505285366017e+00,-2.047177505285366017e+00,-1.500000000000000000e+00,-0.000000000000000000e+00
-2.178520092806501829e+00,9.929603139469134199e-02,3.296794362317031490e-01,1.500000000000000000e+00,0.000000000000000000e+00,0.000000000000000000e+00,0.000000000000000000e+00,3.267780139209752743e+00,3.267780139209752743e+00,-1.500000000000000000e+00,0.000000000000000000e+00
-6.948073319897507538e-01,2.337561279269357861e-01,8.382236348942899706e-01,1.500000000000000000e+00,0.000000000000000000e+00,0.000000000000000000e+00,0.000000000000000000e+00,1.042210997984626131e+00,1.042210997984626131e+00,-1.500000000000000000e+00,0.000000000000000000e+00
2.974415744834873365e+00,6.180696843721857903e-01,4.403137673826960086e-01,1.500000000000000000e+00,0.000000000000000000e+00,0.000000000000000000e+00,0.000000000000000000e+00,-4.461623617252310048e+00,-4.461623617252310048e+00,-1.500000000000000000e+00,-0.000000000000000000e+00
3.587131507726213364e-01,8.605060523401575345e-01,4.466310241914889234e-01,1.500000000000000000e+00,0.000000000000000000e+00,0.000000000000000000e+00,0.000000000000000000e+00,-5.380697261589320046e-01,-5.380697261589320046e-01,-1.500000000000000000e+00,-0.000000000000000000e+00
1.304402193443765512e-01,2.573205766200159506e+00,8.091819065593455207e-01,1.500000000000000000e+00,0.000000000000000000e+00,0.000000000000000000e+00,0.000000000000000000e+00,-1.956603290165648268e-01,-1.956603290165648268e-01,-1.500000000000000000e+00,-0.000000000000000000e+00
2.687279683317115975e+00,2.523513027666933084e+00,9.993966768898959740e-01,1.500000000000000000e+00,0.000000000000000000e+00,0.000000000000000000e+00,0.000000000000000000e+00,-4.030919524975674406e+00,-4.030919524975674406e+00,-1.500000000000000000e+00,-0.000000000000000000e+00
-1.295759464904588265e+00,2.803475853790730721e+00,8.875778280845646462e-01,1.500000000000000000e+00,0.000000000000000000e+00,0.000000000000000000e+00,0.000000000000000000e+00,1.943639197356882509e+00,1.943639197356882509e+00,-1.500000000000000000e+00,0.000000000000000000e+00
2.996585552639604799e+00,1.169159147103532526e+00,7.711242998458328612e-01,1.500000000000000000e+00,0.000000000000000000e+00,0.000000000000000000e+00,0.000000000000000000e+00,-4.494878328959407199e+00,-4.494878328959407199e+00,-1.500000000000000000e+00,-0.000000000000000000e+00
2.471878853334457560e+00,4.750583717535916684e-02,4.464833917080970327e-01,1.500000000000000000e+00,0.000000000000000000e+00,0.000000000000000000e+00,0.000000000000000000e+00,-3.707818280001686340e+00,-3.707818280001686340e+00,-1.500000000000000000e+00,-0.000000000000000000e+00
-8.165759450109471018e-01,1.877462493204621552e+00,7.061128675433891999e-01,1.500000000000000000e+00,0.000000000000000000e+00,0.000000000000000000e+00,0.000000000000000000e+00,1.224863917516420653e+00,1.224863917516420653e+00,-1.500000000000000000e+00,0.000000000000000000e+00
-1.036561112164333442e+00,2.697529970989804404e+00,2.255476250521066817e-01,1.500000000000000000e+00,0.000000000000000000e+00,0.000000000000000000e+00,0.000000000000000000e+00,1.554841668246500053e+00,1.554841668246500053e+00,-1.500000000000000000e+00,0.000000000000000000e+00
-2.240619804121892322e+00,3.223190890435143618e-01,2.538228965118455305e-01,1.500000000000000000e+00,0.000000000000000000e+00,0.000000000000000000e+00,0.000000000000000000e+00,3.360929706182838483e+00,3.360929706182838483e+00,-1.500000000000000000e+00,0.000000000000000000e+00
2.493840688927068783e+00,2.483378651849764474e+00,2.042873911877196580e-01,1.500000000000000000e+00,0.000000000000000000e+00,0.000000000000000000e+00,0.000000000000000000e+00,-3.740761033390603174e+00,-3.740761033390603174e+00,-1.500000000000000000e+00,-0.000000000000000000e+00
-1.885140459561172266e+00,5.355902999500283812e-03,6.817486884336546593e-01,1.500000000000000000e+00,0.000000000000000000e+00,0.000000000000000000e+00,0.000000000000000000e+00,2.827710689341758510e+00,2.827710689341758510e+00,-1.500000000000000000e+00,0.000000000000000000e+00
-2.946128043921441453e+00,2.196947074660319910e+00,9.479176137782339140e-01,1.500000000000000000e+00,0.000000000000000000e+00,0.000000000000000000e+00,0.000000000000000000e+00,4.419192065882162623e+00,4.419192065882162623e+00,-1.500000000000000000e+00,0.000000000000000000e+00
2.340459511746139754e+00,1.479856815239858125e+00,7.556127946666856277e-01,1.500000000000000000e+00,0.000000000000000000e+00,0.000000000000000000e+00,0.000000000000000000e+00,-3.510689267619209630e+00,-3.510689267619209630e+00,-1.500000000000000000e+00,-0.000000000000000000e+00
5.886907875773310650e-01,2.724787054531312425e+00,2.666583552810076752e-01,1.500000000000000000e+00,0.000000000000000000e+00,0.000000000000000000e+00,0.000000000000000000e+00,-8.830361813659965975e-01,-8.830361813659965975e-01,-1.500000000000000000e+00,-0.000000000000000000e+00
1.031091919212617114e+00,2.624953975330425404e+00,6.603747904380288247e-01,1.500000000000000000e+00,0.000000000000000000e+00,0.000000000000000000e+00,0.000000000000000000e+00,-1.546637878818925671e+00,-1.546637878818925671e+00,-1.500000000000000000e+00,-0.000000000000000000e+00
1.398846912711130486e+00,1.394959389124340587e-01,3.505701876289610830e-01,1.500000000000000000e+00,0.000000000000000000e+00,0.000000000000000000e+00,0.000000000000000000e+00,-2.098270369066695729e+00,-2.098270369066695729e+00,-1.500000000000000000e+00,-0.000000000000000000e+00
-2.744030370312920297e+00,1.494447977972639841e+00,8.241090051373215486e-01,1.500000000000000000e+00,0.000000000000000000e+00,0.000000000000000000e+00,0.000000000000000000e+00,4.116045555469380446e+00,4.116045555469380446e+00,-1.500000000000000000e+00,0.000000000000000000e+00
-2.448870011216204290e+00,7.262022278046543766e-01,4.853383642737084669e-01,1.500000000000000000e+00,0.000000000000000000e+00,0.000000000000000000e+00,0.000000000000000000e+00,3.673305016824306435e+00,3.673305016824306435e+00,-1.500000000000000000e+00,0.000000000000000000e+00
-9.785697232453927086e-04,1.318174445315658527e+00,2.496511550623345954e-01,1.500000000000000000e+00,0.000000000000000000e+00,0.000000000000000000e+00,0.000000000000000000e+00,1.467854584868089063e-03,1.467854584868089063e-03,-1.500000000000000000e+00,0.000000000000000000e+00
-2.698434291809421737e+00,1.989032437866503633e-01,2.906455598654007488e-01,1.500000000000000000e+00,0.000000000000000000e+00,0.000000000000000000e+00,0.000000000000000000e+00,4.047651437714132605e+00,4.047651437714132605e+00,-1.500000000000000000e+00,0.000000000000000000e+00
2.592957834803533146e-02,1.081667300019553357e+00,8.536361012440440987e-02,1.500000000000000000e+00,0.000000000000000000e+00,0.000000000000000000e+00,0.000000000000000000e+00,-3.889436752205299719e-02,-3.889436752205299719e-02,-1.500000000000000000e+00,-0.000000000000000000e+00
1.418032089401767948e+00,1.225597808012778955e+00,3.612571554447309152e-01,1.500000000000000000e+00,0.000000000000000000e+00,0.000000000000000000e+00,0.000000000000000000e+00,-2.127048134102651922e+00,-2.127048134102651922e+00,-1.500000000000000000e+00,-0.000000000000000000e+00
9.444548923431201892e-01,1.167546470489810861e-02,3.393333696582513381e-01,1.500000000000000000e+00,0.000000000000000000e+00,0.000000000000000000e+00,0.000000000000000000e+00,-1.416682338514680284e+00,-1.416682338514680284e+00,-1.500000000000000000e+00,-0.000000000000000000e+00
6.998859264371901645e-01,1.423556626733204489e+00,4.581186261011324090e-01,1.500000000000000000e+00,0.000000000000000000e+00,0.000000000000000000e+00,0.000000000000000000e+00,-1.049828889655785247e+00,-1.049828889655785247e+00,-1.500000000000000000e+00,-0.000000000000000000e+00
-2.721565709413072742e+00,2.683878178544805593e+00,6.575218938919599188e-01,1.500000000000000000e+00,0.000000000000000000e+00,0.000000000000000000e+00,0.000000000000000000e+00,4.082348564119609335e+00,4.082348564119609335e+00,-1.500000000000000000e+00,0.000000000000000000e+00
-1.580070709513379690e+00,1.822946782626644335e-01,9.284740559632428392e-01,1.500000000000000000e+00,0.000000000000000000e+00,0.000000000000000000e+00,0.000000000000000000e+00,2.370106064270069535e+00,2.370106064270069535e+00,-1.500000000000000000e+00,0.000000000000000000e+00
2.384968162773215994e+00,2.834290479099482063e+00,8.174512585752549132e-01,1.500000000000000000e+00,0.000000000000000000e+00,0.000000000000000000e+00,0.000000000000000000e+00,-3.577452244159823991e+00,-3.577452244159823991e+00,-1.500000000000000000e+00,-0.000000000000000000e+00
-2.260676992833219767e+00,1.467950066114664498e+00,5.736080515078413322e-01,1.500000000000000000e+00,0.000000000000000000e+00,0.000000000000000000e+00,0.000000000000000000e+00,3.391015489249829429e+00,3.391015489249829429e+00,-1.500000000000000000e+00,0.000000000000000000e+00
1.993422475454980081e-01,6.317810544754178803e-01,3.614581069677883507e-01,1.500000000000000000e+00,0.000000000000000000e+00,0.000000000000000000e+00,0.000000000000000000e+00,-2.990133713182470121e-01,-2.990133713182470121e-01,-1.500000000000000000e+00,-0.000000000000000000e+00
-2.699709529586442613e+00,2.907306615188036680e+00,1.705996624679849694e-01,1.500000000000000000e+00,0.000000000000000000e+00,0.000000000000000000e+00,0.000000000000000000e+00,4.049564294379663920e+00,4.049564294379663920e+00,-1.500000000000000000e+00,0.000000000000000000e+00
2.635215666448360139e+00,1.420549079595190722e+00,5.911240818061597180e-01,1.500000000000000000e+00,0.000000000000000000e+00,0.000000000000000000e+00,0.000000000000000000e+00,-3.952823499672540208e+00,-3.952823499672540208e+00,-1.500000000000000000e+00,-0.000000000000000000e+00
-1.970619252742144001e+00,1.310744148851240354e+00,6.390721399358234578e-02,1.500000000000000000e+00,0.000000000000000000e+00,0.000000000000000000e+00,0.000000000000000000e+00,2.955928879113216112e+00,2.955928879113216112e+00,-1.500000000000000000e+00,0.000000000000000000e+00
-5.398685813049901583e-01,1.129410301135640893e+00,5.353193499878183825e-02,1.500000000000000000e+00,0.000000000000000000e+00,0.000000000000000000e+00,0.000000000000000000e+00,8.098028719574852374e-01,8.098028719574852374e-01,-1.500000000000000000e+00,0.000000000000000000e+00
2.806868470163212947e-01,2.644009809069544303e+00,6.422438723671832772e-01,1.500000000000000000e+00,0.000000000000000000e+00,0.000000000000000000e+00,0.000000000000000000e+00,-4.210302705244819421e-01,-4.210302705244819421e-01,-1.500000000000000000e+00,-0.000000000000000000e+00
1.311910205588043610e+00,3.897766874717871755e-01,1.642751790633493192e-01,1.500000000000000000e+00,0.000000000000000000e+00,0.000000000000000000e+00,0.000000000000000000e+00,-1.967865308382065415e+00,-1.967865308382065415e+00,-1.500000000000000000e+00,-0.000000000000000000e+00
2.624714201188384166e+00,6.313941316856296337e-01,8.485189302699827074e-01,1.500000000000000000e+00,0.000000000000000000e+00,0.000000000000000000e+00,0.000000000000000000e+00,-3.937071301782576249e+00,-3.937071301782576249e+00,-1.500000000000000000e+00,-0.000000000000000000e+00
1.418179649073562310e+00,8.496614014795251801e-01,6.697541175607354402e-01,1.500000000000000000e+00,0.000000000000000000e+00,0.000000000000000000e+00,0.000000000000000000e+00,-2.127269473610343464e+00,-2.127269473610343464e+00,-1.500000000000000000e+00,-0.000000000000000000e+00
-9.157897743390925882e-01,1.872832973291659320e-01,5.244596932232330477e-01,1.500000000000000000e+00,0.000000000000000000e+00,0.000000000000000000e+00,0.000000000000000000e+00,1.373684661508638882e+00,1.373684661508638882e+00,-1.500000000000000000e+00,0.000000000000000000e+00
-2.547962336068617439e+00,2.532221488852817615e+00,9.362216607424687087e-01,1.500000000000000000e+00,0.000000000000000000e+00,0.000000000000000000e+00,0.000000000000000000e+00,3.821943504102926159e+00,3.821943504102926159e+00,-1.500000000000000000e+00,0.000000000000000000e+00
1.244430640198071814e+00,1.465853869821529543e+00,1.318202652932769503e-01,1.500000000000000000e+00,0.000000000000000000e+00,0.000000000000000000e+00,0.000000000000000000e+00,-1.866645960297107720e+00,-1.866645960297107720e+00,-1.500000000000000000e+00,-0.000000000000000000e+00
2.835061916273084570e+00,1.804770803730367579e+00,3.099880413798044021e-01,1.500000000000000000e+00,0.000000000000000000e+00,0.000000000000000000e+00,0.000000000000000000e+00,-4.252592874409627299e+00,-4.252592874409627299e+00,-1.500000000000000000e+00,-0.000000000000000000e+00
-2.897903717930747192e+00,2.656435244660765971e+00,5.077854990787190603e-01,1.500000000000000000e+00,0.000000000000000000e+00,0.000000000000000000e+00,0.000000000000000000e+00,4.346855576896120787e+00,4.346855576896120787e+00,-1.500000000000000000e+00,0.000000000000000000e+00
1.648077588217488731e+00,1.484254838269661203e+00,9.653354206274562532e-01,1.500000000000000000e+00,0.000000000000000000e+00,0.000000000000000000e+00,0.000000000000000000e+00,-2.472116382326233097e+00,-2.472116382326233097e+00,-1.500000000000000000e+00,-0.000000000000000000e+00
-1.943148552278553431e+00,8.288876993422172879e-01,7.873839237117286061e-02,1.500000000000000000e+00,0.000000000000000000e+00,0.000000000000000000e+00,0.000000000000000000e+00,2.914722828417830147e+00,2.914722828417830147e+00,-1.500000000000000000e+00,0.000000000000000000e+00
-2.402779980377460767e-01,1.593692966037268066e+00,6.019299314944722701e-01,1.500000000000000000e+00,0.000000000000000000e+00,0.000000000000000000e+00,0.000000000000000000e+00,3.604169970566191150e-01,3.604169970566191150e-01,-1.500000000000000000e+00,0.000000000000000000e+00
1.358200508693494513e-01,1.500714441298952817e+00,9.195121225794875564e-01,1.500000000000000000e+00,0.000000000000000000e+00,0.000000000000000000e+00,0.000000000000000000e+00,-2.037300763040241769e-01,-2.037300763040241769e-01,-1.500000000000000000e+00,-0.000000000000000000e+00
6.865573799419681933e-01,8.964761274767343302e-01,1.448234419037468523e-01,1.500000000000000000e+00,0.000000000000000000e+00,0.000000000000000000e+00,0.000000000000000000e+00,-1.029836069912952290e+00,-1.029836069912952290e+00,-1.500000000000000000e+00,-0.000000000000000000e+00
2.937220944200344519e+00,6.953027167859445745e-01,7.040823221967287271e-01,1.500000000000000000e+00,0.000000000000000000e+00,0.000000000000000000e+00,0.000000000000000000e+00,-4.405831416300516779e+00,-4.405831416300516779e+00,-1.500000000000000000e+00,-0.000000000000000000e+00
1.124412655582637477e+00,1.073397224953587692e+00,6.906741377590063236e-01,1.500000000000000000e+00,0.000000000000000000e+00,0.000000000000000000e+00,0.000000000000000000e+00,-1.686618983373956215e+00,-1.686618983373956215e+00,-1.500000000000000000e+00,-0.000000000000000000e+00
-6.456754850233892284e-01,2.205138092559015828e+00,3.603291008164024589e-01,1.500000000000000000e+00,0.000000000000000000e+00,0.000000000000000000e+00,0.000000000000000000e+00,9.685132275350838427e-01,9.685132275350838427e-01,-1.500000000000000000e+00,0.000000000000000000e+00
1.290124759041921365e+00,4.959888819854586517e-01,5.355990518334488026e-01,1.500000000000000000e+00,0.000000000000000000e+00,0.000000000000000000e+00,0.000000000000000000e+00,-1.935187138562882048e+00,-1.935187138562882048e+00,-1.500000000000000000e+00,-0.000000000000000000e+00
-1.996122754904146035e-01,2.988238532787512280e+00,9.352948545077133247e-01,1.500000000000000000e+00,0.000000000000000000e+00,0.000000000000000000e+00,0.000000000000000000e+00,2.994184132356219052e-01,2.994184132356219052e-01,-1.500000000000000000e+00,0.000000000000000000e+00
-5.212800638784180762e-01,7.057911240180507750e-01,4.679755106874861070e-01,1.500000000000000000e+00,0.000000000000000000e+00,0.000000000000000000e+00,0.000000000000000000e+00,7.819200958176271143e-01,7.819200958176271143e-01,-1.500000000000000000e+00,0.000000000000000000e+00
-8.060807007026387083e-01,8.179522677081514370e-01,4.563620082146316870e-01,1.500000000000000000e+00,0.000000000000000000e+00,0.000000000000000000e+00,0.000000000000000000e+00,1.209121051053958062e+00,1.209121051053958062e+00,-1.500000000000000000e+00,0.000000000000000000e+00
-3.956343220431879359e-02,3.686196010873176165e-01,5.642321137760665239e-01,1.500000000000000000e+00,0.000000000000000000e+00,0.000000000000000000e+00,0.000000000000000000e+00,5.934514830647819039e-02,5.934514830647819039e-02,-1.500000000000000000e+00,0.000000000000000000e+00
-1.312907046309315984e+00,1.175586276767195626e+00,3.198411871401707351e-02,1.500000000000000000e+00,0.000000000000000000e+00,0.000000000000000000e+00,0.000000000000000000e+00,1.969360569463973976e+00,1.969360569463973976e+00,-1.500000000000000000e+00,0.000000000000000000e+00
-1.547397946504695643e+00,1.115565073385217154e+00,8.095341562235086608e-01,1.500000000000000000e+00,0.000000000000000000e+00,0.000000000000000000e+00,0.000000000000000000e+00,2.321096919757043686e+00,2.321096919757043686e+00,-1.500000000000000000e+00,0.000000000000000000e+00
-2.109200065589108330e+00,2.045452177101203528e+00,5.127462748201971898e-02,1.500000000000000000e+00,0.000000000000000000e+00,0.000000000000000000e+00,0.000000000000000000e+00,3.163800098383662274e+00,3.163800098383662274e+00,-1.500000000000000000e+00,0.000000000000000000e+00
-3.586522735057329214e-01,2.688109092824447988e+00,9.787715570354786898e-01,1.500000000000000000e+00,0.000000000000000000e+00,0.000000000000000000e+00,0.000000000000000000e+00,5.379784102585993821e-01,5.379784102585993821e-01,-1.500000000000000000e+00,0.000000000000000000e+00
-1.240432126125226686e+00,7.436014422892164299e-01,9.706170403771660071e-01,1.500000000000000000e+00,0.000000000000000000e+00,0.000000000000000000e+00,0.000000000000000000e+00,1.860648189187839918e+00,1.860648189187839918e+00,-1.500000000000000000e+00,0.000000000000000000e+00
2.021649116784831612e+00,2.428175892853661200e+00,8.185032834295424831e-01,1.500000000000000000e+00,0.000000000000000000e+00,0.000000000000000000e+00,0.000000000000000000e+00,-3.032473675177247419e+00,-3.032473675177247419e+00,-1.500000000000000000e+00,-0.000000000000000000e+00
2.087364926146195288e+00,9.248597082066386532e-01,8.954098473558705917e-01,1.500000000000000000e+00,0.000000000000000000e+00,0.000000000000000000e+00,0.000000000000000000e+00,-3.131047389219292931e+00,-3.131047389219292931e+00,-1.500000000000000000e+00,-0.000000000000000000e+00
-9.367399707606480774e-01,1.220183990070916380e+00,6.155498297894288484e-01,1.500000000000000000e+00,0.000000000000000000e+00,0.000000000000000000e+00,0.000000000000000000e+00,1.405109956140972116e+00,1.405109956140972116e+00,-1.500000000000000000e+00,0.000000000000000000e+00
7.148525089289314849e-01,3.848243863283602462e-01,3.057031380062629200e-01,1.500000000000000000e+00,0.000000000000000000e+00,0.000000000000000000e+00,0.000000000000000000e+00,-1.072278763393397227e+00,-1.072278763393397227e+00,-1.500000000000000000e+00,-0.000000000000000000e+00
2.413744990953051506e+00,2.678184352702229098e+00,6.037864452520658176e-01,1.500000000000000000e+00,0.000000000000000000e+00,0.000000000000000000e+00,0.000000000000000000e+00,-3.620617486429577259e+00,-3.620617486429577259e+00,-1.500000000000000000e+00,-0.000000000000000000e+00
-8.450284373794967330e-01,1.119942675428763135e+00,6.788273094545703712e-01,1.500000000000000000e+00,0.000000000000000000e+00,0.000000000000000000e+00,0.000000000000000000e+00,1.267542656069245099e+00,1.267542656069245099e+00,-1.500000000000000000e+00,0.000000000000000000e+00
3.282943761730003907e-01,2.102610900106175684e+00,1.416422601881303089e-01,1.500000000000000000e+00,0.000000000000000000e+00,0.000000000000000000e+00,0.000000000000000000e+00,-4.924415642595005860e-01,-4.924415642595005860e-01,-1.500000000000000000e+00,-0.000000000000000000e+00
-3.386482872264142685e-01,7.930906099949996957e-02,7.747557321703389954e-01,1.500000000000000000e+00,0.000000000000000000e+00,0.000000000000000000e+00,0.000000000000000000e+00,5.079724308396214028e-01,5.079724308396214028e-01,-1.500000000000000000e+00,0.000000000000000000e+00
9.015913676178151093e-01,2.091359697003275731e+00,3.037971559772378871e-01,1.500000000000000000e+00,0.000000000000000000e+00,0.000000000000000000e+00,0.000000000000000000e+00,-1.352387051426722664e+00,-1.352387051426722664e+00,-1.500000000000000000e+00,-0.000000000000000000e+00
2.758625240231195264e+00,6.789399149448075432e-01,5.125474597589748660e-01,1.500000000000000000e+00,0.000000000000000000e+00,0.000000000000000000e+00,0.000000000000000000e+00,-4.137937860346792895e+00,-4.137937860346792895e+00,-1.500000000000000000e+00,-0.000000000000000000e+00
-2.168257875713385463e+00,1.354404446170173859e+00,2.665675609320243833e-01,1.500000000000000000e+00,0.000000000000000000e+00,0.000000000000000000e+00,0.000000000000000000e+00,3.252386813570078417e+00,3.252386813570078417e+00,-1.500000000000000000e+00,0.000000000000000000e+00
2.792311976674408669e+00,2.021365305631242393e+00,2.822027302645960800e-01,1.500000000000000000e+00,0.000000000000000000e+00,0.000000000000000000e+00,0.000000000000000000e+00,-4.188467965011613003e+00,-4.188467965011613003e+00,-1.500000000000000000e+00,-0.000000000000000000e+00
9.944010956309492499e-01,5.121589469579747034e-01,8.765309085055099647e-01,1.500000000000000000e+00,0.000000000000000000e+00,0.000000000000000000e+00,0.000000000000000000e+00,-1.491601643446423875e+00,-1.491601643446423875e+00,-1.500000000000000000e+00,-0.000000000000000000e+00
1.775223069711985957e+00,1.581545934382183605e+00,7.701936291269760870e-01,1.500000000000000000e+00,0.000000000000000000e+00,0.000000000000000000e+00,0.000000000000000000e+00,-2.662834604567978936e+00,-2.662834604567978936e+00,-1.500000000000000000e+00,-0.000000000000000000e+00
8.107308644462918323e-01,2.507152536453628677e+00,6.261344861210538237e-02,1.500000000000000000e+00,0.000000000000000000e+00,0.000000000000000000e+00,0.000000000000000000e+00,-1.216096296669437749e+00,-1.216096296669437749e+00,-1.500000000000000000e+00,-0.000000000000000000e+00
2.221901975166798771e+00,4.902217472974008672e-01,7.711070755423782286e-01,1.500000000000000000e+00,0.000000000000000000e+00,0.000000000000000000e+00,0.000000000000000000e+00,-3.332852962750198156e+00,-3.332852962750198156e+00,-1.500000000000000000e+00,-0.000000000000000000e+00
-1.042567581382788378e+00,1.402832996786824937e+00,9.249810080107826460e-01,1.500000000000000000e+00,0.000000000000000000e+00,0.000000000000000000e+00,0.000000000000000000e+00,1.563851372074182677e+00,1.563851372074182677e+00,-1.500000000000000000e+00,0.000000000000000000e+00
1.248285904233927823e+00,5.521644100532980826e-01,7.039190919809243940e-01,1.500000000000000000e+00,0.000000000000000000e+00,0.000000000000000000e+00,0.000000000000000000e+00,-1.872428856350891735e+00,-1.872428856350891735e+00,-1.500000000000000000e+00,-0.000000000000000000e+00
-1.415321810285004700e+00,4.299310432861442877e-01,6.922960309356286368e-01,1.500000000000000000e+00,0.000000000000000000e+00,0.000000000000000000e+00,0.000000000000000000e+00,2.122982715427506939e+00,2.122982715427506939e+00,-1.500000000000000000e+00,0.000000000000000000e+00
5.194341165944660332e-02,1.469988678419689387e+00,2.640765386815819848e-01,1.500000000000000000e+00,0.000000000000000000e+00,0.000000000000000000e+00,0.000000000000000000e+00,-7.791511748916990499e-02,-7.791511748916990499e-02,-1.500000000000000000e+00,-0.000000000000000000e+00
1.088942774026778970e+00,1.369994116104736204e+00,6.989934677601765678e-01,1.500000000000000000e+00,0.000000000000000000e+00,0.000000000000000000e+00,0.000000000000000000e+00,-1.633414161040168455e+00,-1.633414161040168455e+00,-1.500000000000000000e+00,-0.000000000000000000e+00
-1.793254248065354828e+00,1.931505200830833102e+00,3.790565795949111250e-01,1.500000000000000000e+00,0.000000000000000000e+00,0.000000000000000000e+00,0.000000000000000000e+00,2.689881372098032131e+00,2.689881372098032131e+00,-1.500000000000000000e+00,0.000000000000000000e+00
-2.633043503804281649e+00,2.573400634126009390e+00,9.228492391279339291e-01,1.500000000000000000e+00,0.000000000000000000e+00,0.000000000000000000e+00,0.000000000000000000e+00,3.949565255706422473e+00,3.949565255706422473e+00,-1.500000000000000000e+00,0.000000000000000000e+00
1.745688672078651749e+00,2.119771125957035984e+00,7.044755290952163795e-01,1.500000000000000000e+00,0.000000000000000000e+00,0.000000000000000000e+00,0.000000000000000000e+00,-2.618533008117977623e+00,-2.618533008117977623e+00,-1.500000000000000000e+00,-0.000000000000000000e+00
1.853677760004890374e+00,1.008992079599599023e+00,3.227133218575573004e-01,1.500000000000000000e+00,0.000000000000000000e+00,0.000000000000000000e+00,0.000000000000000000e+00,-2.780516640007335560e+00,-2.780516640007335560e+00,-1.500000000000000000e+00,-0.000000000000000000e+00
9.939891607488080538e-01,1.458271119554269912e+00,8.836387201264797042e-01,1.500000000000000000e+00,0.000000000000000000e+00,0.000000000000000000e+00,0.000000000000000000e+00,-1.490983741123212081e+00,-1.490983741123212081e+00,-1.500000000000000000e+00,-0.000000000000000000e+00
-1.071410304537057545e+00,2.021310303386381069e+00,7.740961216211318385e-01,1.500000000000000000e+00,0.000000000000000000e+00,0.000000000000000000e+00,0.000000000000000000e+00,1.607115456805586318e+00,1.607115456805586318e+00,-1.500000000000000000e+00,0.000000000000000000e+00
9.490380333942827207e-01,2.516169582365113122e+00,2.010650613333435643e-01,1.500000000000000000e+00,0.000000000000000000e+00,0.000000000000000000e+00,0.000000000000000000e+00,-1.423557050091424081e+00,-1.423557050091424081e+00,-1.500000000000000000e+00,-0.000000000000000000e+00
-2.496717692460588722e+00,2.048253703113841251e+00,2.147712862553862179e-01,1.500000000000000000e+00,0.000000000000000000e+00,0.000000000000000000e+00,0.000000000000000000e+00,3.745076538690883083e+00,3.745076538690883083e+00,-1.500000000000000000e+00,0.000000000000000000e+00
9.750577718149404660e-01,1.507749703283027376e+00,1.297063940515752467e-02,1.500000000000000000e+00,0.000000000000000000e+00,0.000000000000000000e+00,0.000000000000000000e+00,-1.462586657722410699e+00,-1.462586657722410699e+00,-1.500000000000000000e+00,-0.000000000000000000e+00
4.571913007621275504e-01,4.004140521585852763e-01,7.699874735971226070e-01,1.500000000000000000e+00,0.000000000000000000e+00,0.000000000000000000e+00,0.000000000000000000e+00,-6.857869511431913256e-01,-6.857869511431913256e-01,-1.500000000000000000e+00,-0.000000000000000000e+00
7.032259420925495164e-01,2.604876535390302283e+00,8.596462459234466280e-02,1.500000000000000000e+00,0.000000000000000000e+00,0.000000000000000000e+00,0.000000000000000000e+00,-1.054838913138824275e+00,-1.054838913138824275e+00,-1.500000000000000000e+00,-0.000000000000000000e+00
-3.180944013082234179e-01,8.440952601035116576e-01,2.754006307644177864e-01,1.500000000000000000e+00,0.000000000000000000e+00,0.000000000000000000e+00,0.000000000000000000e+00,4.771416019623351268e-01,4.771416019623351268e-01,-1.500000000000000000e+00,0.000000000000000000e+00
-1.649050086067289866e+00,1.215254735191476421e+00,7.363715165282116448e-01,1.500000000000000000e+00,0.000000000000000000e+00,0.000000000000000000e+00,0.000000000000000000e+00,2.473575129100934689e+00,2.473575129100934689e+00,-1.500000000000000000e+00,0.000000000000000000e+00
1.355263143983522767e+00,2.653797639463602920e+00,3.057023475553607428e-01,1.500000000000000000e+00,0.000000000000000000e+00,0.000000000000000000e+00,0.000000000000000000e+00,-2.032894715975284150e+00,-2.032894715975284150e+00,-1.500000000000000000e+00,-0.000000000000000000e+00
-2.152181559573818070e-01,6.220122103401334313e-01,2.858459530031095541e-01,1.500000000000000000e+00,0.000000000000000000e+00,0.000000000000000000e+00,0.000000000000000000e+00,3.228272339360727106e-01,3.228272339360727106e-01,-1.500000000000000000e+00,0.000000000000000000e+00
1.472279578141537648e+00,2.741483213888959991e+00,6.628872696672993836e-02,1.500000000000000000e+00,0.000000000000000000e+00,0.000000000000000000e+00,0.000000000000000000e+00,-2.208419367212306472e+00,-2.208419367212306472e+00,-1.500000000000000000e+00,-0.000000000000000000e+00
-8.149194460570994281e-01,6.872900998202792211e-01,5.036510903223700986e-02,1.500000000000000000e+00,0.000000000000000000e+00,0.000000000000000000e+00,0.000000000000000000e+00,1.222379169085649142e+00,1.222379169085649142e+00,-1.500000000000000000e+00,0.000000000000000000e+00
-2.473264439153062266e+00,2.616564748732933543e-01,5.718037296345278575e-01,1.500000000000000000e+00,0.000000000000000000e+00,0.000000000000000000e+00,0.000000000000000000e+00,3.709896658729593177e+00,3.709896658729593177e+00,-1.500000000000000000e+00,0.000000000000000000e+00
2.547455729930208079e-01,1.540839590777764112e+00,1.385458264119144856e-01,1.500000000000000000e+00,0.000000000000000000e+00,0.000000000000000000e+00,0.000000000000000000e+00,-3.821183594895312119e-01,-3.821183594895312119e-01,-1.500000000000000000e+00,-0.000000000000000000e+00
7.365681562463954890e-01,2.385951321241302381e+00,9.637883606407625647e-01,1.500000000000000000e+00,0.000000000000000000e+00,0.000000000000000000e+00,0.000000000000000000e+00,-1.104852234369593234e+00,-1.104852234369593234e+00,-1.500000000000000000e+00,-0.000000000000000000e+00
2.530662658008721699e+00,1.207168650374760066e+00,2.590319438311605715e-02,1.500000000000000000e+00,0.000000000000000000e+00,0.000000000000000000e+00,0.000000000000000000e+00,-3.795993987013082549e+00,-3.795993987013082549e+00,-1.500000000000000000e+00,-0.000000000000000000e+00
2.326528467216281371e+00,2.528212053288487748e+00,3.158583056620968277e-01,1.500000000000000000e+00,0.000000000000000000e+00,0.000000000000000000e+00,0.000000000000000000e+00,-3.489792700824422056e+00,-3.489792700824422056e+00,-1.500000000000000000e+00,-0.000000000000000000e+00
-2.657105079379784573e+00,1.189058157860590104e+00,1.838947982700802619e-01,1.500000000000000000e+00,0.000000000000000000e+00,0.000000000000000000e+00,0.000000000000000000e+00,3.985657619069677082e+00,3.985657619069677082e+00,-1.500000000000000000e+00,0.000000000000000000e+00
1.631042323624463997e+00,2.445277585180786417e+00,8.991638187984979380e-01,1.500000000000000000e+00,0.000000000000000000e+00,0.000000000000000000e+00,0.000000000000000000e+00,-2.446563485436695995e+00,-2.446563485436695995e+00,-1.500000000000000000e+00,-0.000000000000000000e+00
-1.431823198636989591e+00,3.382624277647433564e-01,7.507470902488285747e-01,1.500000000000000000e+00,0.000000000000000000e+00,0.000000000000000000e+00,0.000000000000000000e+00,2.147734797955484609e+00,2.147734797955484609e+00,-1.500000000000000000e+00,0.000000000000000000e+00
1.183190271158873763e+00,8.501190773150936186e-01,1.114360305604491508e-01,1.500000000000000000e+00,0.000000000000000000e+00,0.000000000000000000e+00,0.000000000000000000e+00,-1.774785406738310645e+00,-1.774785406738310645e+00,-1.500000000000000000e+00,-0.000000000000000000e+00
-7.231081899519020695e-01,3.674478376798402390e-01,5.561489057656066048e-02,1.500000000000000000e+00,0.000000000000000000e+00,0.000000000000000000e+00,0.000000000000000000e+00,1.084662284927853104e+00,1.084662284927853104e+00,-1.500000000000000000e+00,0.000000000000000000e+00
-1.067529868723923192e+00,2.218825848122862876e+00,8.308640462915739544e-02,1.500000000000000000e+00,0.000000000000000000e+00,0.000000000000000000e+00,0.000000000000000000e+00,1.601294803085884677e+00,1.601294803085884677e+00,-1.500000000000000000e+00,0.000000000000000000e+00
-7.029762717911181014e-02,1.408831152921294683e+00,7.395746112363739133e-01,1.500000000000000000e+00,0.000000000000000000e+00,0.000000000000000000e+00,0.000000000000000000e+00,1.054464407686677152e-01,1.054464407686677152e-01,-1.500000000000000000e+00,0.000000000000000000e+00
1.831869496863571811e-01,1.966825231989157263e+00,7.472749659784586607e-01,1.500000000000000000e+00,0.000000000000000000e+00,0.000000000000000000e+00,0.000000000000000000e+00,-2.747804245295357717e-01,-2.747804245295357717e-01,-1.500000000000000000e+00,-0.000000000000000000e+00
1.166899462669327647e+00,7.151424608838284902e-01,6.327325403080374944e-01,1.500000000000000000e+00,0.000000000000000000e+00,0.000000000000000000e+00,0.000000000000000000e+00,-1.750349194003991471e+00,-1.750349194003991471e+00,-1.500000000000000000e+00,-0.000000000000000000e+00
8.273006924556494113e-01,2.204028478014910863e+00,4.891148818323485248e-01,1.500000000000000000e+00,0.000000000000000000e+00,0.000000000000000000e+00,0.000000000000000000e+00,-1.240951038683474117e+00,-1.240951038683474117e+00,-1.500000000000000000e+00,-0.000000000000000000e+00
1.069533020235145848e+00,2.978393292740660669e+00,4.630166032863691772e-01,1.500000000000000000e+00,0.000000000000000000e+00,0.000000000000000000e+00,0.000000000000000000e+00,-1.604299530352718772e+00,-1.604299530352718772e+00,-1.500000000000000000e+00,-0.000000000000000000e+00
-6.955390465990589632e-01,2.371771544062041270e-01,5.955462688706111285e-01,1.500000000000000000e+00,0.000000000000000000e+00,0.000000000000000000e+00,0.000000000000000000e+00,1.043308569898588445e+00,1.043308569898588445e+00,-1.500000000000000000e+00,0.000000000000000000e+00
1.064042265683461608e+00,9.564262239128474841e-01,1.085036898036904063e-01,1.500000000000000000e+00,0.000000000000000000e+00,0.000000000000000000e+00,0.000000000000000000e+00,-1.596063398525192412e+00,-1.596063398525192412e+00,-1.500000000000000000e+00,-0.000000000000000000e+00
-9.276760458048189939e-01,2.608260432865704637e+00,7.945166775920251556e-01,1.500000000000000000e+00,0.000000000000000000e+00,0.000000000000000000e+00,0.000000000000000000e+00,1.391514068707228491e+00,1.391514068707228491e+00,-1.500000000000000000e+00,0.000000000000000000e+00
6.451994841213664067e-01,2.554889276747873694e+00,7.775567191439035630e-01,1.500000000000000000e+00,0.000000000000000000e+00,0.000000000000000000e+00,0.000000000000000000e+00,-9.677992261820496100e-01,-9.677992261820496100e-01,-1.500000000000000000e+00,-0.000000000000000000e+00
-2.428021975427681056e-01,2.616101078014898107e+00,6.808041906259368892e-01,1.500000000000000000e+00,0.000000000000000000e+00,0.000000000000000000e+00,0.000000000000000000e+00,3.642032963141521584e-01,3.642032963141521584e-01,-1.500000000000000000e+00,0.000000000000000000e+00
3.767913850653670238e-01,6.797668101866967127e-01,2.355744340955026050e-01,1.500000000000000000e+00,0.000000000000000000e+00,0.000000000000000000e+00,0.000000000000000000e+00,-5.651870775980505357e-01,-5.651870775980505357e-01,-1.500000000000000000e+00,-0.000000000000000000e+00
-2.894770884941480382e+00,1.689464677976270535e+00,2.146990868506457595e-01,1.500000000000000000e+00,0.000000000000000000e+00,0.000000000000000000e+00,0.000000000000000000e+00,4.342156327412221017e+00,4.342156327412221017e+00,-1.500000000000000000e+00,0.000000000000000000e+00
-7.281465369706641155e-03,2.582508689753901798e-01,9.802197452891892038e-01,1.500000000000000000e+00,0.000000000000000000e+00,0.000000000000000000e+00,0.000000000000000000e+00,1.092219805455996173e-02,1.092219805455996173e-02,-1.500000000000000000e+00,0.000000000000000000e+00
-1.680192330144294921e+00,1.293054045489657744e+00,9.485936909624219648e-01,1.500000000000000000e+00,0.000000000000000000e+00,0.000000000000000000e+00,0.000000000000000000e+00,2.520288495216442382e+00,2.520288495216442382e+00,-1.500000000000000000e+00,0.000000000000000000e+00
-6.851247929272838988e-01,1.728399470869453669e+00,7.480551553121622677e-01,1.500000000000000000e+00,0.000000000000000000e+00,0.000000000000000000e+00,0.000000000000000000e+00,1.027687189390925848e+00,1.027687189390925848e+00,-1.500000000000000000e+00,0.000000000000000000e+00
-2.557375411130452747e+00,7.756546514067439446e-01,7.852528457498403336e-01,1.500000000000000000e+00,0.000000000000000000e+00,0.000000000000000000e+00,0.000000000000000000e+00,3.836063116695679120e+00,3.836063116695679120e+00,-1.500000000000000000e+00,0.000000000000000000e+00
9.414066261534594915e-01,1.266386075702737202e+00,4.581046789301121969e-01,1.500000000000000000e+00,0.000000000000000000e+00,0.000000000000000000e+00,0.000000000000000000e+00,-1.412109939230189237e+00,-1.412109939230189237e+00,-1.500000000000000000e+00,-0.000000000000000000e+00
2.361129825645915226e+00,1.098575647199187655e+00,8.770543126495502495e-01,1.500000000000000000e+00,0.000000000000000000e+00,0.000000000000000000e+00,0.000000000000000000e+00,-3.541694738468872838e+00,-3.541694738468872838e+00,-1.500000000000000000e+00,-0.000000000000000000e+00
-8.724168050554483855e-01,2.539132711450622359e-01,6.904709692310210256e-01,1.500000000000000000e+00,0.000000000000000000e+00,0.000000000000000000e+00,0.000000000000000000e+00,1.308625207583172578e+00,1.308625207583172578e+00,-1.500000000000000000e+00,0.000000000000000000e+00
-2.369593278038418127e+00,2.055876381077628157e-01,4.377712917371889834e-01,1.500000000000000000e+00,0.000000000000000000e+00,0.000000000000000000e+00,0.000000000000000000e+00,3.554389917057627191e+00,3.554389917057627191e+00,-1.500000000000000000e+00,0.000000000000000000e+00
7.216067658471336799e-01,2.343326943748571534e+00,6.814275706172693292e-01,1.500000000000000000e+00,0.000000000000000000e+00,0.000000000000000000e+00,0.000000000000000000e+00,-1.082410148770700520e+00,-1.082410148770700520e+00,-1.500000000000000000e+00,-0.000000000000000000e+00
-2.237781309067051083e+00,8.783471089296557288e-03,7.964428705275539144e-02,1.500000000000000000e+00,0.000000000000000000e+00,0.000000000000000000e+00,0.000000000000000000e+00,3.356671963600576625e+00,3.356671963600576625e+00,-1.500000000000000000e+00,0.000000000000000000e+00
2.349727938780906911e+00,2.958420867248145569e+00,3.945756729976578336e-01,1.500000000000000000e+00,0.000000000000000000e+00,0.000000000000000000e+00,0.000000000000000000e+00,-3.524591908171360366e+00,-3.524591908171360366e+00,-1.500000000000000000e+00,-0.000000000000000000e+00
-2.265259102043531314e+00,2.691334209992337634e+00,8.437919386535587263e-01,1.500000000000000000e+00,0.000000000000000000e+00,0.000000000000000000e+00,0.000000000000000000e+00,3.397888653065296971e+00,3.397888653065296971e+00,-1.500000000000000000e+00,0.000000000000000000e+00
-8.287770972883539145e-01,2.961860003292503318e+00,4.798267857761219224e-01,1.500000000000000000e+00,0.000000000000000000e+00,0.000000000000000000e+00,0.000000000000000000e+00,1.243165645932530872e+00,1.243165645932530872e+00,-1.500000000000000000e+00,0.000000000000000000e+00
-3.204126167583520868e-02,2.356884418806784787e+00,5.562805124702416837e-01,1.500000000000000000e+00,0.000000000000000000e+00,0.000000000000000000e+00,0.000000000000000000e+00,4.806189251375281302e-02,4.806189251375281302e-02,-1.500000000000000000e+00,0.000000000000000000e+00
-2.292763163652720149e+00,7.403568186801545714e-03,5.606797573043827976e-01,1.500000000000000000e+00,0.000000000000000000e+00,0.000000000000000000e+00,0.000000000000000000e+00,3.439144745479080001e+00,3.439144745479080001e+00,-1.500000000000000000e+00,0.000000000000000000e+00
-1.087514467715423150e+00,3.479125011029934322e-01,9.430195249437540728e-01,1.500000000000000000e+00,0.000000000000000000e+00,0.000000000000000000e+00,0.000000000000000000e+00,1.631271701573134614e+00,1.631271701573134614e+00,-1.500000000000000000e+00,0.000000000000000000e+00
-1.348325592512801707e+00,9.560517793743091852e-01,2.008490529731989938e-01,1.500000000000000000e+00,0.000000000000000000e+00,0.000000000000000000e+00,0.000000000000000000e+00,2.022488388769202672e+00,2.022488388769202672e+00,-1.500000000000000000e+00,0.000000000000000000e+00
1.279802450473295217e+00,5.441015872797430042e-01,6.814543677434561353e-01,1.500000000000000000e+00,0.000000000000000000e+00,0.000000000000000000e+00,0.000000000000000000e+00,-1.919703675709942825e+00,-1.919703675709942825e+00,-1.500000000000000000e+00,-0.000000000000000000e+00
2.917640329346276928e+00,1.814553887859967629e-01,4.491617925517032983e-01,1.500000000000000000e+00,0.000000000000000000e+00,0.000000000000000000e+00,0.000000000000000000e+00,-4.376460494019415393e+00,-4.376460494019415393e+00,-1.500000000000000000e+00,-0.000000000000000000e+00
-8.229758099359774093e-01,2.750922093559329706e+00,2.354439820243489079e-01,1.500000000000000000e+00,0.000000000000000000e+00,0.000000000000000000e+00,0.000000000000000000e+00,1.234463714903966114e+00,1.234463714903966114e+00,-1.500000000000000000e+00,0.000000000000000000e+00
1.744316879806349974e+00,2.730717727376817727e+00,4.844450785158571637e-02,1.500000000000000000e+00,0.000000000000000000e+00,0.000000000000000000e+00,0.000000000000000000e+00,-2.616475319709524960e+00,-2.616475319709524960e+00,-1.500000000000000000e+00,-0.000000000000000000e+00
-2.157953883527888195e+00,2.301115663495034269e+00,6.103526537519355921e-01,1.500000000000000000e+00,0.000000000000000000e+00,0.000000000000000000e+00,0.000000000000000000e+00,3.236930825291832292e+00,3.236930825291832292e+00,-1.500000000000000000e+00,0.000000000000000000e+00
4.794825217140115114e-01,7.591575282307870820e-01,1.836135240870331309e-01,1.500000000000000000e+00,0.000000000000000000e+00,0.000000000000000000e+00,0.000000000000000000e+00,-7.192237825710172672e-01,-7.192237825710172672e-01,-1.500000000000000000e+00,-0.000000000000000000e+00
-4.037205012937059578e-01,2.557040126499249943e+00,5.824809060359704693e-01,1.500000000000000000e+00,0.000000000000000000e+00,0.000000000000000000e+00,0.000000000000000000e+00,6.055807519405589368e-01,6.055807519405589368e-01,-1.500000000000000000e+00,0.000000000000000000e+00
-1.270897479331706492e+00,2.457522603564261665e+00,4.299283389838600700e-01,1.500000000000000000e+00,0.000000000000000000e+00,0.000000000000000000e+00,0.000000000000000000e+00,1.906346218997559738e+00,1.906346218997559738e+00,-1.500000000000000000e+00,0.000000000000000000e+00
1.930261843580917791e+00,9.708970717802659633e-01,4.055615460437234088e-01,1.500000000000000000e+00,0.000000000000000000e+00,0.000000000000000000e+00,0.000000000000000000e+00,-2.895392765371376687e+00,-2.895392765371376687e+00,-1.500000000000000000e+00,-0.000000000000000000e+00
1.478530550420645184e+00,3.829707714097549953e-01,8.879866984558305587e-01,1.500000000000000000e+00,0.000000000000000000e+00,0.000000000000000000e+00,0.000000000000000000e+00,-2.217795825630967776e+00,-2.217795825630967776e+00,-1.500000000000000000e+00,-0.000000000000000000e+00
-2.196018396436721254e+00,4.067174006309772771e-01,8.995897536966201979e-02,1.500000000000000000e+00,0.000000000000000000e+00,0.000000000000000000e+00,0.000000000000000000e+00,3.294027594655081881e+00,3.294027594655081881e+00,-1.500000000000000000e+00,0.000000000000000000e+00
-1.245556861732520559e+00,1.226879649509489134e+00,5.612167927594313710e-01,1.500000000000000000e+00,0.000000000000000000e+00,0.000000000000000000e+00,0.000000000000000000e+00,1.868335292598780839e+00,1.868335292598780839e+00,-1.500000000000000000e+00,0.000000000000000000e+00
1.917029289198434405e+00,2.496379807359216940e+00,4.144834628575740920e-01,1.500000000000000000e+00,0.000000000000000000e+00,0.000000000000000000e+00,0.000000000000000000e+00,-2.875543933797651608e+00,-2.875543933797651608e+00,-1.500000000000000000e+00,-0.000000000000000000e+00
2.954589669137806851e+00,2.290153353554286175e-01,1.513904409329555056e-01,1.500000000000000000e+00,0.000000000000000000e+00,0.000000000000000000e+00,0.000000000000000000e+00,-4.431884503706710277e+00,-4.431884503706710277e+00,-1.500000000000000000e+00,-0.000000000000000000e+00
6.693894493489782604e-01,1.289137140212996968e+00,3.952600987943931665e-01,1.500000000000000000e+00,0.000000000000000000e+00,0.000000000000000000e+00,0.000000000000000000e+00,-1.004084174023467391e+00,-1.004084174023467391e+00,-1.500000000000000000e+00,-0.000000000000000000e+00
2.230192677466275697e+00,1.063775604202311875e+00,8.667944338958014638e-01,1.500000000000000000e+00,0.000000000000000000e+00,0.000000000000000000e+00,0.000000000000000000e+00,-3.345289016199413545e+00,-3.345289016199413545e+00,-1.500000000000000000e+00,-0.000000000000000000e+00
2.905329146943604890e+00,2.677137151672148274e+00,1.980663036408204514e-01,1.500000000000000000e+00,0.000000000000000000e+00,0.000000000000000000e+00,0.000000000000000000e+00,-4.357993720415407779e+00,-4.357993720415407779e+00,-1.500000000000000000e+00,-0.000000000000000000e+00
1.443272782195839099e+00,4.588468777740030147e-01,6.796579665065674014e-01,1.500000000000000000e+00,0.000000000000000000e+00,0.000000000000000000e+00,0.000000000000000000e+00,-2.164909173293758649e+00,-2.164909173293758649e+00,-1.500000000000000000e+00,-0.000000000000000000e+00
8.683932045622544393e-01,1.966745613571803108e+00,2.684213132497160759e-01,1.500000000000000000e+00,0.000000000000000000e+00,0.000000000000000000e+00,0.000000000000000000e+00,-1.302589806843381659e+00,-1.302589806843381659e+00,-1.500000000000000000e+00,-0.000000000000000000e+00
-1.672565466893478625e+00,9.689954869972023932e-01,5.192864974001248912e-01,1.500000000000000000e+00,0.000000000000000000e+00,0.000000000000000000e+00,0.000000000000000000e+00,2.508848200340217716e+00,2.508848200340217716e+00,-1.500000000000000000e+00,0.000000000000000000e+00
-7.774522686531866178e-01,1.939554343046014484e+00,5.509998078170998959e-01,1.500000000000000000e+00,0.000000000000000000e+00,0.000000000000000000e+00,0.000000000000000000e+00,1.166178402979779927e+00,1.166178402979779927e+00,-1.500000000000000000e+00,0.000000000000000000e+00
7.413279750729389050e-01,2.466692932061374854e+00,7.151234874468970215e-02,1.500000000000000000e+00,0.000000000000000000e+00,0.000000000000000000e+00,0.000000000000000000e+00,-1.111991962609408358e+00,-1.111991962609408358e+00,-1.500000000000000000e+00,-0.000000000000000000e+00
2.558407873434612512e+00,2.473904617263213535e+00,8.080590660068240894e-01,1.500000000000000000e+00,0.000000000000000000e+00,0.000000000000000000e+00,0.000000000000000000e+00,-3.837611810151918768e+00,-3.837611810151918768e+00,-1.500000000000000000e+00,-0.000000000000000000e+00
-1.188917201515860000e+00,2.536557677166956459e+00,3.785387643132951396e-01,1.500000000000000000e+00,0.000000000000000000e+00,0.000000000000000000e+00,0.000000000000000000e+00,1.783375802273790001e+00,1.783375802273790001e+00,-1.500000000000000000e+00,0.000000000000000000e+00
-6.287456113608298480e-01,8.778532818076222322e-01,2.097720425055862314e-01,1.500000000000000000e+00,0.000000000000000000e+00,0.000000000000000000e+00,0.000000000000000000e+00,9.431184170412447720e-01,9.431184170412447720e-01,-1.500000000000000000e+00,0.000000000000000000e+00
-2.866578692833444464e+00,8.276746740617781928e-01,2.077510971848880450e-01,1.500000000000000000e+00,0.000000000000000000e+00,0.000000000000000000e+00,0.000000000000000000e+00,4.299868039250166696e+00,4.299868039250166696e+00,-1.500000000000000000e+00,0.000000000000000000e+00
1.180361869995494750e+00,3.679961819061183803e-01,9.851802642110076835e-01,1.500000000000000000e+00,0.000000000000000000e+00,0.000000000000000000e+00,0.000000000000000000e+00,-1.770542804993242125e+00,-1.770542804993242125e+00,-1.500000000000000000e+00,-0.000000000000000000e+00
-3.385786059073545573e-01,7.660055220303045864e-01,9.430776679030178355e-01,1.500000000000000000e+00,0.000000000000000000e+00,0.000000000000000000e+00,0.000000000000000000e+00,5.078679088610318360e-01,5.078679088610318360e-01,-1.500000000000000000e+00,0.000000000000000000e+00
1.786391217639735629e+00,3.580566811841371377e-01,4.691838206118121857e-01,1.500000000000000000e+00,0.000000000000000000e+00,0.000000000000000000e+00,0.000000000000000000e+00,-2.679586826459603444e+00,-2.679586826459603444e+00,-1.500000000000000000e+00,-0.000000000000000000e+00
-1.598070112366893447e+00,2.352003256909787510e+00,2.707337815896211364e-01,1.500000000000000000e+00,0.000000000000000000e+00,0.000000000000000000e+00,0.000000000000000000e+00,2.397105168550340171e+00,2.397105168550340171e+00,-1.500000000000000000e+00,0.000000000000000000e+00
9.578767841604198807e-01,1.419544348180071802e-01,7.081185085378597366e-01,1.500000000000000000e+00,0.000000000000000000e+00,0.000000000000000000e+00,0.000000000000000000e+00,-1.436815176240629821e+00,-1.436815176240629821e+00,-1.500000000000000000e+00,-0.000000000000000000e+00
1.038555748429388359e+00,5.751245289181808884e-01,5.284473561308700162e-02,1.500000000000000000e+00,0.000000000000000000e+00,0.000000000000000000e+00,0.000000000000000000e+00,-1.557833622644082538e+00,-1.557833622644082538e+00,-1.500000000000000000e+00,-0.000000000000000000e+00
-2.140551974652162848e-01,2.370484185612574457e+00,8.589797534560037473e-01,1.500000000000000000e+00,0.000000000000000000e+00,0.000000000000000000e+00,0.000000000000000000e+00,3.210827961978244272e-01,3.210827961978244272e-01,-1.500000000000000000e+00,0.000000000000000000e+00
-1.868365505199785170e+00,2.305433865819348505e+00,5.683546452031951191e-03,1.500000000000000000e+00,0.000000000000000000e+00,0.000000000000000000e+00,0.000000000000000000e+00,2.802548257799677867e+00,2.802548257799677867e+00,-1.500000000000000000e+00,0.000000000000000000e+00
-5.826053928527139547e-01,2.920467438647798453e+00,4.940934846981692719e-02,1.500000000000000000e+00,0.000000000000000000e+00,0.000000000000000000e+00,0.000000000000000000e+00,8.739080892790709321e-01,8.739080892790709321e-01,-1.500000000000000000e+00,0.000000000000000000e+00
1.470257450375475727e+00,1.150826932556384019e+00,3.341898628395117976e-01,1.500000000000000000e+00,0.000000000000000000e+00,0.000000000000000000e+00,0.000000000000000000e+00,-2.205386175563213591e+00,-2.205386175563213591e+00,-1.500000000000000000e+00,-0.000000000000000000e+00
-1.864886340069742854e+00,1.353147687184792503e-01,4.561400047125984125e-01,1.500000000000000000e+00,0.000000000000000000e+00,0.000000000000000000e+00,0.000000000000000000e+00,2.797329510104614059e+00,2.797329510104614059e+00,-1.500000000000000000e+00,0.000000000000000000e+00
-2.459753926966519177e+00,2.424523308850661252e+00,5.244041233534946223e-03,1.500000000000000000e+00,0.000000000000000000e+00,0.000000000000000000e+00,0.000000000000000000e+00,3.689630890449778988e+00,3.689630890449778988e+00,-1.500000000000000000e+00,0.000000000000000000e+00
-2.233053821151882445e-01,8.588595784782705467e-01,2.856207062586907375e-01,1.500000000000000000e+00,0.000000000000000000e+00,0.000000000000000000e+00,0.000000000000000000e+00,3.349580731727823668e-01,3.349580731727823668e-01,-1.500000000000000000e+00,0.000000000000000000e+00
-1.592871803279888976e+00,2.319494914957571652e+00,9.837688917273086364e-01,1.500000000000000000e+00,0.000000000000000000e+00,0.000000000000000000e+00,0.000000000000000000e+00,2.389307704919833242e+00,2.389307704919833242e+00,-1.500000000000000000e+00,0.000000000000000000e+00
1.803306513238391418e+00,5.810416639493165558e-02,7.738174796934459421e-01,1.500000000000000000e+00,0.000000000000000000e+00,0.000000000000000000e+00,0.000000000000000000e+00,-2.704959769857587126e+00,-2.704959769857587126e+00,-1.500000000000000000e+00,-0.000000000000000000e+00
1.903476198109936846e+00,1.044249120807011488e-01,5.856000963054375230e-02,1.500000000000000000e+00,0.000000000000000000e+00,0.000000000000000000e+00,0.000000000000000000e+00,-2.855214297164905268e+00,-2.855214297164905268e+00,-1.500000000000000000e+00,-0.000000000000000000e+00
2.671682342077990491e+00,1.794315795477233966e+00,8.767210062892497602e-01,1.500000000000000000e+00,0.000000000000000000e+00,0.000000000000000000e+00,0.000000000000000000e+00,-4.007523513116986180e+00,-4.007523513116986180e+00,-1.500000000000000000e+00,-0.000000000000000000e+00
2.038574207770770030e+00,2.052331468501622513e+00,4.657540770464180246e-01,1.500000000000000000e+00,0.000000000000000000e+00,0.000000000000000000e+00,0.000000000000000000e+00,-3.057861311656155046e+00,-3.057861311656155046e+00,-1.500000000000000000e+00,-0.000000000000000000e+00
8.846630055023805284e-01,1.685963847395974824e+00,9.893285375769941270e-01,1.500000000000000000e+00,0.000000000000000000e+00,0.000000000000000000e+00,0.000000000000000000e+00,-1.326994508253570793e+00,-1.326994508253570793e+00,-1.500000000000000000e+00,-0.000000000000000000e+00
-1.877688410867438096e+00,1.596613811756499857e+00,3.210332442816188347e-01,1.500000000000000000e+00,0.000000000000000000e+00,0.000000000000000000e+00,0.000000000000000000e+00,2.816532616301157255e+00,2.816532616301157255e+00,-1.500000000000000000e+00,0.000000000000000000e+00
1.938038895254400984e+00,1.791345424028844224e+00,3.095283599262919072e-01,1.500000000000000000e+00,0.000000000000000000e+00,0.000000000000000000e+00,0.000000000000000000e+00,-2.907058342881601476e+00,-2.907058342881601476e+00,-1.500000000000000000e+00,-0.000000000000000000e+00
1.368566234357103006e+00,3.928221992776345095e-01,6.791311081690039053e-01,1.500000000000000000e+00,0.000000000000000000e+00,0.000000000000000000e+00,0.000000000000000000e+00,-2.052849351535654510e+00,-2.052849351535654510e+00,-1.500000000000000000e+00,-0.000000000000000000e+00
1.481199515765624142e+00,1.908745721320673772e-01,4.880761778658584404e-01,1.500000000000000000e+00,0.000000000000000000e+00,0.000000000000000000e+00,0.000000000000000000e+00,-2.221799273648436213e+00,-2.221799273648436213e+00,-1.500000000000000000e+00,-0.000000000000000000e+00
1.184602360420076828e+00,1.048204293606418869e+00,2.764157524910947350e-01,1.500000000000000000e+00,0.000000000000000000e+00,0.000000000000000000e+00,0.000000000000000000e+00,-1.776903540630115241e+00,-1.776903540630115241e+00,-1.500000000000000000e+00,-0.000000000000000000e+00
1.980139189765290908e+00,1.643339001691284551e+00,5.246054850487530397e-01,1.500000000000000000e+00,0.000000000000000000e+00,0.000000000000000000e+00,0.000000000000000000e+00,-2.970208784647936362e+00,-2.970208784647936362e+00,-1.500000000000000000e+00,-0.000000000000000000e+00
-1.212939367836097349e+00,7.465839223465954300e-01,6.371278591844331540e-01,1.500000000000000000e+00,0.000000000000000000e+00,0.000000000000000000e+00,0.000000000000000000e+00,1.819409051754146134e+00,1.819409051754146134e+00,-1.500000000000000000e+00,0.000000000000000000e+00
1.034704128739436513e+00,5.370423893615490218e-01,3.124719094461697599e-01,1.500000000000000000e+00,0.000000000000000000e+00,0.000000000000000000e+00,0.000000000000000000e+00,-1.552056193109154769e+00,-1.552056193109154769e+00,-1.500000000000000000e+00,-0.000000000000000000e+00
1.037946203131885348e-01,1.339151799124785214e+00,8.242763485044580785e-01,1.500000000000000000e+00,0.000000000000000000e+00,0.000000000000000000e+00,0.000000000000000000e+00,-1.556919304697828021e-01,-1.556919304697828021e-01,-1.500000000000000000e+00,-0.000000000000000000e+00
-9.729370889274480128e-01,1.229086582384187221e+00,7.487718323193500725e-01,1.500000000000000000e+00,0.000000000000000000e+00,0.000000000000000000e+00,0.000000000000000000e+00,1.459405633391172019e+00,1.459405633391172019e+00,-1.500000000000000000e+00,0.000000000000000000e+00
-1.038963567693000245e+00,8.061041989435010491e-01,7.531228978215100955e-01,1.500000000000000000e+00,0.000000000000000000e+00,0.000000000000000000e+00,0.000000000000000000e+00,1.558445351539500479e+00,1.558445351539500479e+00,-1.500000000000000000e+00,0.000000000000000000e+00
-2.067192291606035681e+00,2.781110226665951757e+00,6.602217608335581023e-01,1.500000000000000000e+00,0.000000000000000000e+00,0.000000000000000000e+00,0.000000000000000000e+00,3.100788437409053522e+00,3.100788437409053522e+00,-1.500000000000000000e+00,0.000000000000000000e+00
-5.078802808167637295e-02,2.828863463336483974e+00,2.301354037776792705e-01,1.500000000000000000e+00,0.000000000000000000e+00,0.000000000000000000e+00,0.000000000000000000e+00,7.618204212251455942e-02,7.618204212251455942e-02,-1.500000000000000000e+00,0.000000000000000000e+00
-7.876950114110639056e-01,1.403610016686342998e-01,7.059383710841968806e-01,1.500000000000000000e+00,0.000000000000000000e+00,0.000000000000000000e+00,0.000000000000000000e+00,1.181542517116595858e+00,1.181542517116595858e+00,-1.500000000000000000e+00,0.000000000000000000e+00
-4.709020773959498030e-01,1.440204468397533688e+00,1.746705785339067729e-01,1.500000000000000000e+00,0.000000000000000000e+00,0.000000000000000000e+00,0.000000000000000000e+00,7.063531160939247044e-01,7.063531160939247044e-01,-1.500000000000000000e+00,0.000000000000000000e+00
2.110007462737781836e+00,7.132701653895952010e-01,1.419239382629248203e-01,1.500000000000000000e+00,0.000000000000000000e+00,0.000000000000000000e+00,0.000000000000000000e+00,-3.165011194106672754e+00,-3.165011194106672754e+00,-1.500000000000000000e+00,-0.000000000000000000e+00
1.089072439517897450e+00,1.008308834304662005e+00,5.037712027853505914e-01,1.500000000000000000e+00,0.000000000000000000e+00,0.000000000000000000e+00,0.000000000000000000e+00,-1.633608659276846176e+00,-1.633608659276846176e+00,-1.500000000000000000e+00,-0.000000000000000000e+00
1.081489756264461199e+00,8.543366877667757375e-02,1.723869297148463708e-01,1.500000000000000000e+00,0.000000000000000000e+00,0.000000000000000000e+00,0.000000000000000000e+00,-1.622234634396691799e+00,-1.622234634396691799e+00,-1.500000000000000000e+00,-0.000000000000000000e+00
2.904276283360490041e+00,2.402461616645983344e-01,1.274443835665677316e-01,1.500000000000000000e+00,0.000000000000000000e+00,0.000000000000000000e+00,0.000000000000000000e+00,-4.356414425040735061e+00,-4.356414425040735061e+00,-1.500000000000000000e+00,-0.000000000000000000e+00
-1.693047918288176135e+00,1.005650499370728257e-01,5.921816499100022169e-01,1.500000000000000000e+00,0.000000000000000000e+00,0.000000000000000000e+00,0.000000000000000000e+00,2.539571877432264202e+00,2.539571877432264202e+00,-1.500000000000000000e+00,0.000000000000000000e+00
4.737257231878322372e-02,3.769902859096956327e-01,9.754920344875293026e-01,1.500000000000000000e+00,0.000000000000000000e+00,0.000000000000000000e+00,0.000000000000000000e+00,-7.105885847817483558e-02,-7.105885847817483558e-02,-1.500000000000000000e+00,-0.000000000000000000e+00
-2.444887906544740641e+00,1.947795101735691148e+00,5.554381785126327742e-02,1.500000000000000000e+00,0.000000000000000000e+00,0.000000000000000000e+00,0.000000000000000000e+00,3.667331859817110740e+00,3.667331859817110740e+00,-1.500000000000000000e+00,0.000000000000000000e+00
-6.432525766851093785e-01,2.350198526335888216e-01,4.442474301917348489e-01,1.500000000000000000e+00,0.000000000000000000e+00,0.000000000000000000e+00,0.000000000000000000e+00,9.648788650276640677e-01,9.648788650276640677e-01,-1.500000000000000000e+00,0.000000000000000000e+00
2.702109390918858267e+00,2.657901103478685911e+00,9.032992928660954490e-02,1.500000000000000000e+00,0.000000000000000000e+00,0.000000000000000000e+00,0.000000000000000000e+00,-4.053164086378287401e+00,-4.053164086378287401e+00,-1.500000000000000000e+00,-0.000000000000000000e+00
-2.484478192696802701e+00,2.407817915718307944e+00,5.387494200327785920e-01,1.500000000000000000e+00,0.000000000000000000e+00,0.000000000000000000e+00,0.000000000000000000e+00,3.726717289045204051e+00,3.726717289045204051e+00,-1.500000000000000000e+00,0.000000000000000000e+00
1.546336670562467930e+00,8.077148082737405366e-01,5.746354764515628766e-01,1.500000000000000000e+00,0.000000000000000000e+00,0.000000000000000000e+00,0.000000000000000000e+00,-2.319505005843701895e+00,-2.319505005843701895e+00,-1.500000000000000000e+00,-0.000000000000000000e+00
2.192604940001126934e+00,2.074539138482380363e+00,4.905530710197528732e-01,1.500000000000000000e+00,0.000000000000000000e+00,0.000000000000000000e+00,0.000000000000000000e+00,-3.288907410001690401e+00,-3.288907410001690401e+00,-1.500000000000000000e+00,-0.000000000000000000e+00
5.367710679788872952e-02,2.855844226242354011e+00,3.908819741424829353e-02,1.500000000000000000e+00,0.000000000000000000e+00,0.000000000000000000e+00,0.000000000000000000e+00,-8.051566019683309428e-02,-8.051566019683309428e-02,-1.500000000000000000e+00,-0.000000000000000000e+00
1.785664122167830214e+00,3.487416935811401553e-01,7.008090242557624139e-01,1.500000000000000000e+00,0.000000000000000000e+00,0.000000000000000000e+00,0.000000000000000000e+00,-2.678496183251745322e+00,-2.678496183251745322e+00,-1.500000000000000000e+00,-0.000000000000000000e+00
-3.537261352173164397e-01,1.680208593185485544e+00,5.078834872021608104e-01,1.500000000000000000e+00,0.000000000000000000e+00,0.000000000000000000e+00,0.000000000000000000e+00,5.305892028259746596e-01,5.305892028259746596e-01,-1.500000000000000000e+00,0.000000000000000000e+00
-8.798738197801618810e-01,1.396676786315684371e+00,5.732873450073142640e-01,1.500000000000000000e+00,0.000000000000000000e+00,0.000000000000000000e+00,0.000000000000000000e+00,1.319810729670242821e+00,1.319810729670242821e+00,-1.500000000000000000e+00,0.000000000000000000e+00
3.438494085070997741e-02,9.309669857591219566e-01,6.681537845075039561e-01,1.500000000000000000e+00,0.000000000000000000e+00,0.000000000000000000e+00,0.000000000000000000e+00,-5.157741127606496612e-02,-5.157741127606496612e-02,-1.500000000000000000e+00,-0.000000000000000000e+00
-1.831540283631985622e+00,8.638378226294105566e-01,9.060298584222402640e-01,1.500000000000000000e+00,0.000000000000000000e+00,0.000000000000000000e+00,0.000000000000000000e+00,2.747310425447978322e+00,2.747310425447978322e+00,-1.500000000000000000e+00,0.000000000000000000e+00
-1.155082021236013112e+00,2.594905950727467436e-01,4.345623179696407323e-01,1.500000000000000000e+00,0.000000000000000000e+00,0.000000000000000000e+00,0.000000000000000000e+00,1.732623031854019668e+00,1.732623031854019668e+00,-1.500000000000000000e+00,0.000000000000000000e+00
-1.167742795560366753e+00,1.941244935891472512e+00,9.129723196782855155e-01,1.500000000000000000e+00,0.000000000000000000e+00,0.000000000000000000e+00,0.000000000000000000e+00,1.751614193340550241e+00,1.751614193340550241e+00,-1.500000000000000000e+00,0.000000000000000000e+00
2.930452217769310863e+00,5.931677269438228040e-01,1.757846476646053313e-01,1.500000000000000000e+00,0.000000000000000000e+00,0.000000000000000000e+00,0.000000000000000000e+00,-4.395678326653966295e+00,-4.395678326653966295e+00,-1.500000000000000000e+00,-0.000000000000000000e+00
-9.890214306476554640e-01,1.268189582241697533e+00,4.537596847504685726e-01,1.500000000000000000e+00,0.000000000000000000e+00,0.000000000000000000e+00,0.000000000000000000e+00,1.483532145971483196e+00,1.483532145971483196e+00,-1.500000000000000000e+00,0.000000000000000000e+00
-1.626788311551391031e+00,2.784326758385425649e+00,1.768928509505223179e-01,1.500000000000000000e+00,0.000000000000000000e+00,0.000000000000000000e+00,0.000000000000000000e+00,2.440182467327086435e+00,2.440182467327086435e+00,-1.500000000000000000e+00,0.000000000000000000e+00
2.638602706947860810e+00,1.044793600805688394e+00,3.723566927880765931e-01,1.500000000000000000e+00,0.000000000000000000e+00,0.000000000000000000e+00,0.000000000000000000e+00,-3.957904060421791215e+00,-3.957904060421791215e+00,-1.500000000000000000e+00,-0.000000000000000000e+00
-2.168506029444979610e+00,9.485314792551237106e-01,9.034748129984568887e-01,1.500000000000000000e+00,0.000000000000000000e+00,0.000000000000000000e+00,0.000000000000000000e+00,3.252759044167469415e+00,3.252759044167469415e+00,-1.500000000000000000e+00,0.000000000000000000e+00
2.794807519324584710e+00,2.797431813648826981e+00,9.751105369353708641e-01,1.500000000000000000e+00,0.000000000000000000e+00,0.000000000000000000e+00,0.000000000000000000e+00,-4.192211278986876621e+00,-4.192211278986876621e+00,-1.500000000000000000e+00,-0.000000000000000000e+00
2.119868279198888317e+00,1.750717798704359840e+00,4.724380432978796396e-01,1.500000000000000000e+00,0.000000000000000000e+00,0.000000000000000000e+00,0.000000000000000000e+00,-3.179802418798332475e+00,-3.179802418798332475e+00,-1.500000000000000000e+00,-0.000000000000000000e+00
8.823514309514957077e-01,1.711546892453062352e+00,2.765742144757344922e-01,1.500000000000000000e+00,0.000000000000000000e+00,0.000000000000000000e+00,0.000000000000000000e+00,-1.323527146427243562e+00,-1.323527146427243562e+00,-1.500000000000000000e+00,-0.000000000000000000e+00
-4.331525241478342281e-01,6.671412949667688830e-01,3.227119447655053541e-01,1.500000000000000000e+00,0.000000000000000000e+00,0.000000000000000000e+00,0.000000000000000000e+00,6.497287862217513421e-01,6.497287862217513421e-01,-1.500000000000000000e+00,0.000000000000000000e+00
-1.816558190398814610e+00,1.923651130693832867e+00,9.016558371815466266e-01,1.500000000000000000e+00,0.000000000000000000e+00,0.000000000000000000e+00,0.000000000000000000e+00,2.724837285598221914e+00,2.724837285598221914e+00,-1.500000000000000000e+00,0.000000000000000000e+00
-2.362781137072046178e+00,1.137517632243162602e+00,4.385266309913988803e-01,1.500000000000000000e+00,0.000000000000000000e+00,0.000000000000000000e+00,0.000000000000000000e+00,3.544171705608069267e+00,3.544171705608069267e+00,-1.500000000000000000e+00,0.000000000000000000e+00
-2.377947883063945334e+00,1.631408981896288690e+00,1.984735026886370601e-01,1.500000000000000000e+00,0.000000000000000000e+00,0.000000000000000000e+00,0.000000000000000000e+00,3.566921824595918000e+00,3.566921824595918000e+00,-1.500000000000000000e+00,0.000000000000000000e+00
-9.051485087220205727e-01,1.193031691969089980e+00,8.349936967515749764e-01,1.500000000000000000e+00,0.000000000000000000e+00,0.000000000000000000e+00,0.000000000000000000e+00,1.357722763083030859e+00,1.357722763083030859e+00,-1.500000000000000000e+00,0.000000000000000000e+00
-5.571097098371913248e-01,2.431755439873954927e-01,5.099994000100493974e-01,1.500000000000000000e+00,0.000000000000000000e+00,0.000000000000000000e+00,0.000000000000000000e+00,8.356645647557869871e-01,8.356645647557869871e-01,-1.500000000000000000e+00,0.000000000000000000e+00
2.542260999057599058e+00,2.633055582197553868e+00,4.272013723357686033e-01,1.500000000000000000e+00,0.000000000000000000e+00,0.000000000000000000e+00,0.000000000000000000e+00,-3.813391498586398587e+00,-3.813391498586398587e+00,-1.500000000000000000e+00,-0.000000000000000000e+00
2.173644549472077969e-01,2.075303873098517382e+00,9.033307383338693430e-01,1.500000000000000000e+00,0.000000000000000000e+00,0.000000000000000000e+00,0.000000000000000000e+00,-3.260466824208116954e-01,-3.260466824208116954e-01,-1.500000000000000000e+00,-0.000000000000000000e+00
2.943784717890114422e+00,2.874699462336498978e+00,7.461440337595843797e-01,1.500000000000000000e+00,0.000000000000000000e+00,0.000000000000000000e+00,0.000000000000000000e+00,-4.415677076835171633e+00,-4.415677076835171633e+00,-1.500000000000000000e+00,-0.000000000000000000e+00
1.325328948477920932e+00,9.194184608516433599e-01,1.422849403039272431e-02,1.500000000000000000e+00,0.000000000000000000e+00,0.000000000000000000e+00,0.000000000000000000e+00,-1.987993422716881398e+00,-1.987993422716881398e+00,-1.500000000000000000e+00,-0.000000000000000000e+00
-2.122232595754735662e+00,8.443252216515612085e-01,9.665224970497972024e-01,1.500000000000000000e+00,0.000000000000000000e+00,0.000000000000000000e+00,0.000000000000000000e+00,3.183348893632103493e+00,3.183348893632103493e+00,-1.500000000000000000e+00,0.000000000000000000e+00
3.214039163289523771e-01,4.068949023196882786e-01,4.546223172589005657e-01,1.500000000000000000e+00,0.000000000000000000e+00,0.000000000000000000e+00,0.000000000000000000e+00,-4.821058744934285656e-01,-4.821058744934285656e-01,-1.500000000000000000e+00,-0.000000000000000000e+00
-2.043776855458578900e+00,9.171245762680788616e-01,1.799164245239804893e-01,1.500000000000000000e+00,0.000000000000000000e+00,0.000000000000000000e+00,0.000000000000000000e+00,3.065665283187868351e+00,3.065665283187868351e+00,-1.500000000000000000e+00,0.000000000000000000e+00
-2.764784526067763704e+00,9.752689728816579251e-01,9.102096251828479812e-01,1.500000000000000000e+00,0.000000000000000000e+00,0.000000000000000000e+00,0.000000000000000000e+00,4.147176789101645333e+00,4.147176789101645333e+00,-1.500000000000000000e+00,0.000000000000000000e+00
2.662723010850779559e+00,5.518790806981487274e-01,4.195580983640390116e-01,1.500000000000000000e+00,0.000000000000000000e+00,0.000000000000000000e+00,0.000000000000000000e+00,-3.994084516276169339e+00,-3.994084516276169339e+00,-1.500000000000000000e+00,-0.000000000000000000e+00
-9.728759342562494083e-01,7.937778905653104511e-01,6.846207791834371115e-01,1.500000000000000000e+00,0.000000000000000000e+00,0.000000000000000000e+00,0.000000000000000000e+00,1.459313901384374113e+00,1.459313901384374113e+00,-1.500000000000000000e+00,0.000000000000000000e+00
-1.862483969381216298e+00,8.820786441202085326e-01,7.507998325285875074e-01,1.500000000000000000e+00,0.000000000000000000e+00,0.000000000000000000e+00,0.000000000000000000e+00,2.793725954071824447e+00,2.793725954071824447e+00,-1.500000000000000000e+00,0.000000000000000000e+00
-2.389250111057782622e+00,2.573897492307587243e+00,1.946127214465426247e-01,1.500000000000000000e+00,0.000000000000000000e+00,0.000000000000000000e+00,0.000000000000000000e+00,3.583875166586674155e+00,3.583875166586674155e+00,-1.500000000000000000e+00,0.000000000000000000e+00
9.128443953601954597e-01,1.338845230128495656e+00,9.835205602219819765e-01,1.500000000000000000e+00,0.000000000000000000e+00,0.000000000000000000e+00,0.000000000000000000e+00,-1.369266593040293190e+00,-1.369266593040293190e+00,-1.500000000000000000e+00,-0.000000000000000000e+00
-2.331057796796303094e-01,2.459414438141384718e+00,5.628565170893734537e-01,1.500000000000000000e+00,0.000000000000000000e+00,0.000000000000000000e+00,0.000000000000000000e+00,3.496586695194454641e-01,3.496586695194454641e-01,-1.500000000000000000e+00,0.000000000000000000e+00
-2.929944385110957672e+00,1.492865899221277326e-01,5.698083733537784301e-02,1.500000000000000000e+00,0.000000000000000000e+00,0.000000000000000000e+00,0.000000000000000000e+00,4.394916577666436730e+00,4.394916577666436730e+00,-1.500000000000000000e+00,0.000000000000000000e+00
1.291088002341590268e+00,5.653846627448827489e-01,5.367295950788552039e-01,1.500000000000000000e+00,0.000000000000000000e+00,0.000000000000000000e+00,0.000000000000000000e+00,-1.936632003512385403e+00,-1.936632003512385403e+00,-1.500000000000000000e+00,-0.000000000000000000e+00
-1.459924270371060651e+00,2.858183194182088549e+00,1.839667107025544368e-02,1.500000000000000000e+00,0.000000000000000000e+00,0.000000000000000000e+00,0.000000000000000000e+00,2.189886405556590976e+00,2.189886405556590976e+00,-1.500000000000000000e+00,0.000000000000000000e+00
1.683347942465826641e+00,1.509220311755002930e-01,9.792501688139909621e-01,1.500000000000000000e+00,0.000000000000000000e+00,0.000000000000000000e+00,0.000000000000000000e+00,-2.525021913698739962e+00,-2.525021913698739962e+00,-1.500000000000000000e+00,-0.000000000000000000e+00
-6.836536338669407797e-02,2.083788215778327180e-01,6.660452244836473357e-01,1.500000000000000000e+00,0.000000000000000000e+00,0.000000000000000000e+00,0.000000000000000000e+00,1.025480450800411170e-01,1.025480450800411170e-01,-1.500000000000000000e+00,0.000000000000000000e+00
2.134860705549472826e-01,1.553941907386225285e+00,3.793641252257691221e-01,1.500000000000000000e+00,0.000000000000000000e+00,0.000000000000000000e+00,0.000000000000000000e+00,-3.202291058324209239e-01,-3.202291058324209239e-01,-1.500000000000000000e+00,-0.000000000000000000e+00
-2.568125626927759697e-01,8.695025339199357051e-01,7.991689234799381758e-01,1.500000000000000000e+00,0.000000000000000000e+00,0.000000000000000000e+00,0.000000000000000000e+00,3.852188440391639546e-01,3.852188440391639546e-01,-1.500000000000000000e+00,0.000000000000000000e+00
1.055891467132088479e+00,5.825735684377618684e-01,7.940634986449865984e-01,1.500000000000000000e+00,0.000000000000000000e+00,0.000000000000000000e+00,0.000000000000000000e+00,-1.583837200698132719e+00,-1.583837200698132719e+00,-1.500000000000000000e+00,-0.000000000000000000e+00
2.940271038708671902e+00,1.826220101306942567e+00,7.004730045726124121e-01,1.500000000000000000e+00,0.000000000000000000e+00,0.000000000000000000e+00,0.000000000000000000e+00,-4.410406558063007409e+00,-4.410406558063007409e+00,-1.500000000000000000e+00,-0.000000000000000000e+00
1.787235770757588327e+00,1.827311177192079805e+00,2.351927963013827894e-01,1.500000000000000000e+00,0.000000000000000000e+00,0.000000000000000000e+00,0.000000000000000000e+00,-2.680853656136382490e+00,-2.680853656136382490e+00,-1.500000000000000000e+00,-0.000000000000000000e+00
-2.585388851640242791e+00,5.641973399945838796e-01,9.316965806769073044e-02,1.500000000000000000e+00,0.000000000000000000e+00,0.000000000000000000e+00,0.000000000000000000e+00,3.878083277460364187e+00,3.878083277460364187e+00,-1.500000000000000000e+00,0.000000000000000000e+00
-3.118671415935470037e-02,1.617206306343887956e+00,8.561384731166642448e-01,1.500000000000000000e+00,0.000000000000000000e+00,0.000000000000000000e+00,0.000000000000000000e+00,4.678007123903205056e-02,4.678007123903205056e-02,-1.500000000000000000e+00,0.000000000000000000e+00
-1.594274256724629524e+00,1.364407547974407109e+00,8.883712285557034960e-01,1.500000000000000000e+00,0.000000000000000000e+00,0.000000000000000000e+00,0.000000000000000000e+00,2.391411385086944286e+00,2.391411385086944286e+00,-1.500000000000000000e+00,0.000000000000000000e+00
-2.385606330995375668e+00,2.539569880150062797e+00,3.455175550887605862e-01,1.500000000000000000e+00,0.000000000000000000e+00,0.000000000000000000e+00,0.000000000000000000e+00,3.578409496493063280e+00,3.578409496493063280e+00,-1.500000000000000000e+00,0.000000000000000000e+00
-1.828946763885732851e+00,2.053214886415152263e-01,3.865331781926095722e-01,1.500000000000000000e+00,0.000000000000000000e+00,0.000000000000000000e+00,0.000000000000000000e+00,2.743420145828599388e+00,2.743420145828599388e+00,-1.500000000000000000e+00,0.000000000000000000e+00
-1.511314035915870990e+00,6.993416280222558568e-01,4.031812039882168852e-01,1.500000000000000000e+00,0.000000000000000000e+00,0.000000000000000000e+00,0.000000000000000000e+00,2.266971053873806596e+00,2.266971053873806596e+00,-1.500000000000000000e+00,0.000000000000000000e+00
2.758367834289362719e+00,1.695154351357608835e+00,2.767295790641972619e-01,1.500000000000000000e+00,0.000000000000000000e+00,0.000000000000000000e+00,0.000000000000000000e+00,-4.137551751434044078e+00,-4.137551751434044078e+00,-1.500000000000000000e+00,-0.000000000000000000e+00
1.469188184743748238e+00,1.001533782129236938e-01,9.383328998397238996e-01,1.500000000000000000e+00,0.000000000000000000e+00,0.000000000000000000e+00,0.000000000000000000e+00,-2.203782277115622357e+00,-2.203782277115622357e+00,-1.500000000000000000e+00,-0.000000000000000000e+00
2.117815415396030687e+00,2.537083487016175809e+00,5.315769113050936578e-01,1.500000000000000000e+00,0.000000000000000000e+00,0.000000000000000000e+00,0.000000000000000000e+00,-3.176723123094046031e+00,-3.176723123094046031e+00,-1.500000000000000000e+00,-0.000000000000000000e+00
1.192934101525576551e+00,2.904650524575157711e+00,7.094246216319164411e-01,1.500000000000000000e+00,0.000000000000000000e+00,0.000000000000000000e+00,0.000000000000000000e+00,-1.789401152288364827e+00,-1.789401152288364827e+00,-1.500000000000000000e+00,-0.000000000000000000e+00
-1.106075246485813679e+00,9.848721904965913598e-01,6.052415905700904153e-01,1.500000000000000000e+00,0.000000000000000000e+00,0.000000000000000000e+00,0.000000000000000000e+00,1.659112869728720518e+00,1.659112869728720518e+00,-1.500000000000000000e+00,0.000000000000000000e+00
-6.533670375509315065e-01,2.324309314619010358e+00,8.959450345574537788e-02,1.500000000000000000e+00,0.000000000000000000e+00,0.000000000000000000e+00,0.000000000000000000e+00,9.800505563263972597e-01,9.800505563263972597e-01,-1.500000000000000000e+00,0.000000000000000000e+00
-3.559110362332460475e-01,7.472475788199675062e-01,7.219127736438490928e-02,1.500000000000000000e+00,0.000000000000000000e+00,0.000000000000000000e+00,0.000000000000000000e+00,5.338665543498690713e-01,5.338665543498690713e-01,-1.500000000000000000e+00,0.000000000000000000e+00
-1.239555519390034055e+00,2.844103812419797261e+00,1.476037610728689886e-01,1.500000000000000000e+00,0.000000000000000000e+00,0.000000000000000000e+00,0.000000000000000000e+00,1.859333279085050972e+00,1.859333279085050972e+00,-1.500000000000000000e+00,0.000000000000000000e+00
-4.713447743780703192e-01,6.351310426481853177e-01,4.968954058334830171e-01,1.500000000000000000e+00,0.000000000000000000e+00,0.000000000000000000e+00,0.000000000000000000e+00,7.070171615671054788e-01,7.070171615671054788e-01,-1.500000000000000000e+00,0.000000000000000000e+00
1.627120843160627217e+00,1.771841239321214623e-02,6.278345070304779396e-01,1.500000000000000000e+00,0.000000000000000000e+00,0.000000000000000000e+00,0.000000000000000000e+00,-2.440681264740940826e+00,-2.440681264740940826e+00,-1.500000000000000000e+00,-0.000000000000000000e+00
-2.545779440269749117e+00,2.048403141709902453e-01,9.957857814045825151e-01,1.500000000000000000e+00,0.000000000000000000e+00,0.000000000000000000e+00,0.000000000000000000e+00,3.818669160404623675e+00,3.818669160404623675e+00,-1.500000000000000000e+00,0.000000000000000000e+00
-1.340551075537704806e+00,1.375991113099758634e+00,9.006881230110699299e-01,1.500000000000000000e+00,0.000000000000000000e+00,0.000000000000000000e+00,0.000000000000000000e+00,2.010826613306557320e+00,2.010826613306557320e+00,-1.500000000000000000e+00,0.000000000000000000e+00
-1.258438583254468668e-01,1.150801702648400759e-01,7.390268122560691433e-01,1.500000000000000000e+00,0.000000000000000000e+00,0.000000000000000000e+00,0.000000000000000000e+00,1.887657874881703002e-01,1.887657874881703002e-01,-1.500000000000000000e+00,0.000000000000000000e+00
1.057348313557409547e+00,2.941151132842430460e+00,3.834322177314271052e-01,1.500000000000000000e+00,0.000000000000000000e+00,0.000000000000000000e+00,0.000000000000000000e+00,-1.586022470336114321e+00,-1.586022470336114321e+00,-1.500000000000000000e+00,-0.000000000000000000e+00
8.755704977530367472e-01,1.893480936315632190e+00,3.446367238685713597e-01,1.500000000000000000e+00,0.000000000000000000e+00,0.000000000000000000e+00,0.000000000000000000e+00,-1.313355746629555121e+00,-1.313355746629555121e+00,-1.500000000000000000e+00,-0.000000000000000000e+00
1.349913408947167603e+00,1.706514061971597496e+00,6.971832553982706404e-01,1.500000000000000000e+00,0.000000000000000000e+00,0.000000000000000000e+00,0.000000000000000000e+00,-2.024870113420751405e+00,-2.024870113420751405e+00,-1.500000000000000000e+00,-0.000000000000000000e+00
-2.368427379262599608e+00,1.878749929363987548e+00,3.457208334995653942e-01,1.500000000000000000e+00,0.000000000000000000e+00,0.000000000000000000e+00,0.000000000000000000e+00,3.552641068893899412e+00,3.552641068893899412e+00,-1.500000000000000000e+00,0.000000000000000000e+00
-1.915482651742043352e+00,1.254594517013013277e+00,7.655739253618406570e-01,1.500000000000000000e+00,0.000000000000000000e+00,0.000000000000000000e+00,0.000000000000000000e+00,2.873223977613065028e+00,2.873223977613065028e+00,-1.500000000000000000e+00,0.000000000000000000e+00
-1.146118520295967835e+00,2.657259177188196375e+00,7.285286273081754693e-01,1.500000000000000000e+00,0.000000000000000000e+00,0.000000000000000000e+00,0.000000000000000000e+00,1.719177780443951864e+00,1.719177780443951864e+00,-1.500000000000000000e+00,0.000000000000000000e+00
-1.309873768436086605e+00,2.138486509720941342e+00,1.199449208305769510e-01,1.500000000000000000e+00,0.000000000000000000e+00,0.000000000000000000e+00,0.000000000000000000e+00,1.964810652654129797e+00,1.964810652654129797e+00,-1.500000000000000000e+00,0.000000000000000000e+00
1.533545953529641181e+00,1.291012807755496539e+00,8.038976460597085927e-01,1.500000000000000000e+00,0.000000000000000000e+00,0.000000000000000000e+00,0.000000000000000000e+00,-2.300318930294461772e+00,-2.300318930294461772e+00,-1.500000000000000000e+00,-0.000000000000000000e+00
2.959906778214421941e+00,8.522118474722986115e-01,9.338304043519152220e-02,1.500000000000000000e+00,0.000000000000000000e+00,0.000000000000000000e+00,0.000000000000000000e+00,-4.439860167321633355e+00,-4.439860167321633355e+00,-1.500000000000000000e+00,-0.000000000000000000e+00
1.098687848175305959e+00,4.331237626166769550e-01,3.177118250620556417e-01,1.500000000000000000e+00,0.000000000000000000e+00,0.000000000000000000e+00,0.000000000000000000e+00,-1.648031772262958938e+00,-1.648031772262958938e+00,-1.500000000000000000e+00,-0.000000000000000000e+00
-2.801721277832666779e+00,9.455205196764747688e-01,9.750725563090613113e-01,1.500000000000000000e+00,0.000000000000000000e+00,0.000000000000000000e+00,0.000000000000000000e+00,4.202581916749000612e+00,4.202581916749000612e+00,-1.500000000000000000e+00,0.000000000000000000e+00
-1.214433707998294087e+00,1.059443738680825309e+00,6.512584497038421683e-01,1.500000000000000000e+00,0.000000000000000000e+00,0.000000000000000000e+00,0.000000000000000000e+00,1.821650561997441020e+00,1.821650561997441020e+00,-1.500000000000000000e+00,0.000000000000000000e+00
1.818163498127609579e+00,2.413476987801637108e-01,8.564548765600337177e-01,1.500000000000000000e+00,0.000000000000000000e+00,0.000000000000000000e+00,0.000000000000000000e+00,-2.727245247191414368e+00,-2.727245247191414368e+00,-1.500000000000000000e+00,-0.000000000000000000e+00
2.546040460653401283e+00,2.774857137623487180e+00,9.267588946838912767e-01,1.500000000000000000e+00,0.000000000000000000e+00,0.000000000000000000e+00,0.000000000000000000e+00,-3.819060690980101924e+00,-3.819060690980101924e+00,-1.500000000000000000e+00,-0.000000000000000000e+00
5.694732633758361473e-01,7.739456259805140848e-01,2.646653584207381282e-01,1.500000000000000000e+00,0.000000000000000000e+00,0.000000000000000000e+00,0.000000000000000000e+00,-8.542098950637542210e-01,-8.542098950637542210e-01,-1.500000000000000000e+00,-0.000000000000000000e+00
-9.070647390441828328e-01,1.620096621925575242e+00,7.956852945606236460e-01,1.500000000000000000e+00,0.000000000000000000e+00,0.000000000000000000e+00,0.000000000000000000e+00,1.360597108566274249e+00,1.360597108566274249e+00,-1.500000000000000000e+00,0.000000000000000000e+00
-8.692900293532686007e-01,1.983982388754249593e-01,3.723104331645531451e-01,1.500000000000000000e+00,0.000000000000000000e+00,0.000000000000000000e+00,0.000000000000000000e+00,1.303935044029902901e+00,1.303935044029902901e+00,-1.500000000000000000e+00,0.000000000000000000e+00
8.006357908877332896e-01,1.656090432432958615e+00,6.482449680438040485e-02,1.500000000000000000e+00,0.000000000000000000e+00,0.000000000000000000e+00,0.000000000000000000e+00,-1.200953686331599934e+00,-1.200953686331599934e+00,-1.500000000000000000e+00,-0.000000000000000000e+00
2.185143771618017539e+00,1.938046067252669147e+00,1.068075068875131706e-01,1.500000000000000000e+00,0.000000000000000000e+00,0.000000000000000000e+00,0.000000000000000000e+00,-3.277715657427026308e+00,-3.277715657427026308e+00,-1.500000000000000000e+00,-0.000000000000000000e+00
-9.550118069941406773e-01,2.392368902888226678e-01,1.262427801771643932e-01,1.500000000000000000e+00,0.000000000000000000e+00,0.000000000000000000e+00,0.000000000000000000e+00,1.432517710491211016e+00,1.432517710491211016e+00,-1.500000000000000000e+00,0.000000000000000000e+00
-1.855811465686842077e+00,2.926852302403763151e+00,6.314115008882760227e-01,1.500000000000000000e+00,0.000000000000000000e+00,0.000000000000000000e+00,0.000000000000000000e+00,2.783717198530263115e+00,2.783717198530263115e+00,-1.500000000000000000e+00,0.000000000000000000e+00
-2.983256968366744921e+00,4.894236862376802888e-01,6.416506654901883433e-01,1.500000000000000000e+00,0.000000000000000000e+00,0.000000000000000000e+00,0.000000000000000000e+00,4.474885452550116938e+00,4.474885452550116938e+00,-1.500000000000000000e+00,0.000000000000000000e+00
-2.175174915219211691e+00,7.887106959473961787e-01,8.474957525099076072e-01,1.500000000000000000e+00,0.000000000000000000e+00,0.000000000000000000e+00,0.000000000000000000e+00,3.262762372828817536e+00,3.262762372828817536e+00,-1.500000000000000000e+00,0.000000000000000000e+00
2.107127209121947509e+00,2.209512858539508073e+00,2.950819988599154842e-01,1.500000000000000000e+00,0.000000000000000000e+00,0.000000000000000000e+00,0.000000000000000000e+00,-3.160690813682921263e+00,-3.160690813682921263e+00,-1.500000000000000000e+00,-0.000000000000000000e+00
7.475080222532359819e-01,1.010241594802413712e+00,7.625646186523008518e-01,1.500000000000000000e+00,0.000000000000000000e+00,0.000000000000000000e+00,0.000000000000000000e+00,-1.121262033379853973e+00,-1.121262033379853973e+00,-1.500000000000000000e+00,-0.000000000000000000e+00
2.943823773377904018e+00,2.630122284838031010e+00,2.667655277561438165e-01,1.500000000000000000e+00,0.000000000000000000e+00,0.000000000000000000e+00,0.000000000000000000e+00,-4.415735660066856028e+00,-4.415735660066856028e+00,-1.500000000000000000e+00,-0.000000000000000000e+00
-2.583229255002686742e+00,7.146351335463364540e-01,3.136478237053565987e-01,1.500000000000000000e+00,0.000000000000000000e+00,0.000000000000000000e+00,0.000000000000000000e+00,3.874843882504030113e+00,3.874843882504030113e+00,-1.500000000000000000e+00,0.000000000000000000e+00
-8.039019495797243842e-01,9.419082925426750519e-01,6.558200081511106339e-01,1.500000000000000000e+00,0.000000000000000000e+00,0.000000000000000000e+00,0.000000000000000000e+00,1.205852924369586576e+00,1.205852924369586576e+00,-1.500000000000000000e+00,0.000000000000000000e+00
1.774255320151895354e+00,2.076920841433776310e+00,3.925191912393669602e-01,1.500000000000000000e+00,0.000000000000000000e+00,0.000000000000000000e+00,0.000000000000000000e+00,-2.661382980227843031e+00,-2.661382980227843031e+00,-1.500000000000000000e+00,-0.000000000000000000e+00
9.672381885475278551e-01,2.580051817860153918e+00,9.980248851144775113e-01,1.500000000000000000e+00,0.000000000000000000e+00,0.000000000000000000e+00,0.000000000000000000e+00,-1.450857282821291783e+00,-1.450857282821291783e+00,-1.500000000000000000e+00,-0.000000000000000000e+00
-2.599975638767337394e+00,2.651451318853065509e+00,3.165506584887972652e-01,1.500000000000000000e+00,0.000000000000000000e+00,0.000000000000000000e+00,0.000000000000000000e+00,3.899963458151006090e+00,3.899963458151006090e+00,-1.500000000000000000e+00,0.000000000000000000e+00
-5.913600034080430667e-01,8.642928808251697514e-01,2.374311478717912038e-01,1.500000000000000000e+00,0.000000000000000000e+00,0.000000000000000000e+00,0.000000000000000000e+00,8.870400051120646001e-01,8.870400051120646001e-01,-1.500000000000000000e+00,0.000000000000000000e+00
8.257956703466557968e-01,1.592917911960949562e+00,8.791894690241260912e-01,1.500000000000000000e+00,0.000000000000000000e+00,0.000000000000000000e+00,0.000000000000000000e+00,-1.238693505519983695e+00,-1.238693505519983695e+00,-1.500000000000000000e+00,-0.000000000000000000e+00
1.126526329625407996e+00,1.232665406789013929e+00,8.731026779369883695e-01,1.500000000000000000e+00,0.000000000000000000e+00,0.000000000000000000e+00,0.000000000000000000e+00,-1.689789494438111994e+00,-1.689789494438111994e+00,-1.500000000000000000e+00,-0.000000000000000000e+00
-2.898526454659373641e-01,2.028162774945604596e+00,1.629206415899835392e-01,1.500000000000000000e+00,0.000000000000000000e+00,0.000000000000000000e+00,0.000000000000000000e+00,4.347789681989060462e-01,4.347789681989060462e-01,-1.500000000000000000e+00,0.000000000000000000e+00
-1.870994492294346223e+00,6.822533805890078629e-01,3.375670470347389429e-01,1.500000000000000000e+00,0.000000000000000000e+00,0.000000000000000000e+00,0.000000000000000000e+00,2.806491738441519335e+00,2.806491738441519335e+00,-1.500000000000000000e+00,0.000000000000000000e+00
2.795563723237115106e+00,2.517238710088993692e+00,5.101247222843849904e-01,1.500000000000000000e+00,0.000000000000000000e+00,0.000000000000000000e+00,0.000000000000000000e+00,-4.193345584855672215e+00,-4.193345584855672215e+00,-1.500000000000000000e+00,-0.000000000000000000e+00
-2.009947543695407290e-01,2.139875567710332493e+00,6.627271999814843273e-02,1.500000000000000000e+00,0.000000000000000000e+00,0.000000000000000000e+00,0.000000000000000000e+00,3.014921315543110936e-01,3.014921315543110936e-01,-1.500000000000000000e+00,0.000000000000000000e+00
1.304060837504753323e+00,5.246880740787376318e-01,3.708057749704949391e-01,1.500000000000000000e+00,0.000000000000000000e+00,0.000000000000000000e+00,0.000000000000000000e+00,-1.956091256257129984e+00,-1.956091256257129984e+00,-1.500000000000000000e+00,-0.000000000000000000e+00
2.089640460647563813e-01,9.421019633526362957e-01,7.702237572396787302e-01,1.500000000000000000e+00,0.000000000000000000e+00,0.000000000000000000e+00,0.000000000000000000e+00,-3.134460690971345720e-01,-3.134460690971345720e-01,-1.500000000000000000e+00,-0.000000000000000000e+00
-2.515841042713641507e+00,1.008447786120268752e+00,7.683881035270347937e-01,1.500000000000000000e+00,0.000000000000000000e+00,0.000000000000000000e+00,0.000000000000000000e+00,3.773761564070462260e+00,3.773761564070462260e+00,-1.500000000000000000e+00,0.000000000000000000e+00
-1.579841980753472708e+00,2.790046637843702548e+00,1.487705222399667848e-01,1.500000000000000000e+00,0.000000000000000000e+00,0.000000000000000000e+00,0.000000000000000000e+00,2.369762971130208840e+00,2.369762971130208840e+00,-1.500000000000000000e+00,0.000000000000000000e+00
-2.621847851686359032e+00,1.368294427609498154e+00,3.034894353665390510e-01,1.500000000000000000e+00,0.000000000000000000e+00,0.000000000000000000e+00,0.000000000000000000e+00,3.932771777529538326e+00,3.932771777529538326e+00,-1.500000000000000000e+00,0.000000000000000000e+00
-1.855334212980690012e+00,1.848817541908198248e+00,2.683985615285241488e-01,1.500000000000000000e+00,0.000000000000000000e+00,0.000000000000000000e+00,0.000000000000000000e+00,2.783001319471035018e+00,2.783001319471035018e+00,-1.500000000000000000e+00,0.000000000000000000e+00
-1.798879393330858667e+00,2.792113786400061137e+00,6.846291374465810486e-01,1.500000000000000000e+00,0.000000000000000000e+00,0.000000000000000000e+00,0.000000000000000000e+00,2.698319089996287889e+00,2.698319089996287889e+00,-1.500000000000000000e+00,0.000000000000000000e+00
-5.108372897438697713e-01,1.189888355930937225e+00,1.318858308758111830e-01,1.500000000000000000e+00,0.000000000000000000e+00,0.000000000000000000e+00,0.000000000000000000e+00,7.662559346158046569e-01,7.662559346158046569e-01,-1.500000000000000000e+00,0.000000000000000000e+00
-1.069814765575726856e+00,2.838442960747284971e+00,9.859591234581839281e-01,1.500000000000000000e+00,0.000000000000000000e+00,0.000000000000000000e+00,0.000000000000000000e+00,1.604722148363590284e+00,1.604722148363590284e+00,-1.500000000000000000e+00,0.000000000000000000e+00
-8.246809742350049710e-01,8.763430241405929522e-01,1.160088746639095225e-01,1.500000000000000000e+00,0.000000000000000000e+00,0.000000000000000000e+00,0.000000000000000000e+00,1.237021461352507457e+00,1.237021461352507457e+00,-1.500000000000000000e+00,0.000000000000000000e+00
1.901323012966464887e+00,3.821946081070237700e-02,5.287349506328353765e-01,1.500000000000000000e+00,0.000000000000000000e+00,0.000000000000000000e+00,0.000000000000000000e+00,-2.851984519449697331e+00,-2.851984519449697331e+00,-1.500000000000000000e+00,-0.000000000000000000e+00
-2.871840360528723046e+00,3.078956145897950858e-01,7.033369097697801386e-01,1.500000000000000000e+00,0.000000000000000000e+00,0.000000000000000000e+00,0.000000000000000000e+00,4.307760540793085013e+00,4.307760540793085013e+00,-1.500000000000000000e+00,0.000000000000000000e+00
-2.379627237290132591e+00,2.076946790411853261e+00,9.482581141205352893e-01,1.500000000000000000e+00,0.000000000000000000e+00,0.000000000000000000e+00,0.000000000000000000e+00,3.569440855935198886e+00,3.569440855935198886e+00,-1.500000000000000000e+00,0.000000000000000000e+00
1.846818074065176951e+00,1.143990276919990556e+00,6.141446112467072727e-01,1.500000000000000000e+00,0.000000000000000000e+00,0.000000000000000000e+00,0.000000000000000000e+00,-2.770227111097765427e+00,-2.770227111097765427e+00,-1.500000000000000000e+00,-0.000000000000000000e+00
2.037905713713188405e-01,2.500591081760947354e+00,8.554733508559593247e-01,1.500000000000000000e+00,0.000000000000000000e+00,0.000000000000000000e+00,0.000000000000000000e+00,-3.056858570569782607e-01,-3.056858570569782607e-01,-1.500000000000000000e+00,-0.000000000000000000e+00
-3.666633668203109764e-01,1.598907229841840749e+00,5.309513850023598325e-01,1.500000000000000000e+00,0.000000000000000000e+00,0.000000000000000000e+00,0.000000000000000000e+00,5.499950502304664646e-01,5.499950502304664646e-01,-1.500000000000000000e+00,0.000000000000000000e+00
-1.396096354045068821e+00,2.056964060136049710e+00,2.209195724774485337e-01,1.500000000000000000e+00,0.000000000000000000e+00,0.000000000000000000e+00,0.000000000000000000e+00,2.094144531067603232e+00,2.094144531067603232e+00,-1.500000000000000000e+00,0.000000000000000000e+00
2.539211310777469421e-01,1.057691371469908770e+00,4.209700360646230211e-01,1.500000000000000000e+00,0.000000000000000000e+00,0.000000000000000000e+00,0.000000000000000000e+00,-3.808816966166204132e-01,-3.808816966166204132e-01,-1.500000000000000000e+00,-0.000000000000000000e+00
-1.670619304000286798e+00,1.761821127381705487e+00,6.069752816668174678e-01,1.500000000000000000e+00,0.000000000000000000e+00,0.000000000000000000e+00,0.000000000000000000e+00,2.505928956000430308e+00,2.505928956000430308e+00,-1.500000000000000000e+00,0.000000000000000000e+00
2.150164273009115945e+00,2.094207766080349309e+00,5.309775560209282208e-01,1.500000000000000000e+00,0.000000000000000000e+00,0.000000000000000000e+00,0.000000000000000000e+00,-3.225246409513673918e+00,-3.225246409513673918e+00,-1.500000000000000000e+00,-0.000000000000000000e+00
1.944238172539048293e+00,1.130335168718476169e+00,7.825598683962453617e-01,1.500000000000000000e+00,0.000000000000000000e+00,0.000000000000000000e+00,0.000000000000000000e+00,-2.916357258808572439e+00,-2.916357258808572439e+00,-1.500000000000000000e+00,-0.000000000000000000e+00
-1.068894702036900624e+00,1.472331148671303991e+00,5.395307204810220192e-01,1.500000000000000000e+00,0.000000000000000000e+00,0.000000000000000000e+00,0.000000000000000000e+00,1.603342053055350824e+00,1.603342053055350824e+00,-1.500000000000000000e+00,0.000000000000000000e+00
-2.853001564480408092e+00,2.530839427608154057e+00,3.833766167321239760e-01,1.500000000000000000e+00,0.000000000000000000e+00,0.000000000000000000e+00,0.000000000000000000e+00,4.279502346720612138e+00,4.279502346720612138e+00,-1.500000000000000000e+00,0.000000000000000000e+00
2.326006529582013371e+00,2.787690279841509522e+00,5.151874502598714489e-01,1.500000000000000000e+00,0.000000000000000000e+00,0.000000000000000000e+00,0.000000000000000000e+00,-3.489009794373020057e+00,-3.489009794373020057e+00,-1.500000000000000000e+00,-0.000000000000000000e+00
-1.207969227163339321e+00,1.050996812120487123e+00,5.195943996239742457e-01,1.500000000000000000e+00,0.000000000000000000e+00,0.000000000000000000e+00,0.000000000000000000e+00,1.811953840745009092e+00,1.811953840745009092e+00,-1.500000000000000000e+00,0.000000000000000000e+00
9.412536662803971943e-01,2.011276003889828079e-01,9.978216999018241218e-03,1.500000000000000000e+00,0.000000000000000000e+00,0.000000000000000000e+00,0.000000000000000000e+00,-1.411880499420595791e+00,-1.411880499420595791e+00,-1.500000000000000000e+00,-0.000000000000000000e+00
2.148933150678953297e+00,2.526475145420389534e+00,3.282288069046098711e-01,1.500000000000000000e+00,0.000000000000000000e+00,0.000000000000000000e+00,0.000000000000000000e+00,-3.223399726018429945e+00,-3.223399726018429945e+00,-1.500000000000000000e+00,-0.000000000000000000e+00
1.790171444870146011e+00,1.341781842838993821e+00,5.729395900005003206e-01,1.500000000000000000e+00,0.000000000000000000e+00,0.000000000000000000e+00,0.000000000000000000e+00,-2.685257167305219017e+00,-2.685257167305219017e+00,-1.500000000000000000e+00,-0.000000000000000000e+00
2.175006173027062673e+00,2.907879439912717690e+00,7.124664347896243477e-01,1.500000000000000000e+00,0.000000000000000000e+00,0.000000000000000000e+00,0.000000000000000000e+00,-3.262509259540594009e+00,-3.262509259540594009e+00,-1.500000000000000000e+00,-0.000000000000000000e+00
-6.519327805497621142e-02,2.288443212607443211e+00,4.275351670530992410e-01,1.500000000000000000e+00,0.000000000000000000e+00,0.000000000000000000e+00,0.000000000000000000e+00,9.778991708246431713e-02,9.778991708246431713e-02,-1.500000000000000000e+00,0.000000000000000000e+00
2.053757217840814775e+00,1.104202848771957957e+00,7.462150375051830320e-01,1.500000000000000000e+00,0.000000000000000000e+00,0.000000000000000000e+00,0.000000000000000000e+00,-3.080635826761222162e+00,-3.080635826761222162e+00,-1.500000000000000000e+00,-0.000000000000000000e+00
-2.330636414237239329e-01,2.550896735541537730e+00,5.033494576451529312e-01,1.500000000000000000e+00,0.000000000000000000e+00,0.000000000000000000e+00,0.000000000000000000e+00,3.495954621355858993e-01,3.495954621355858993e-01,-1.500000000000000000e+00,0.000000000000000000e+00
-1.417093659840514386e+00,1.643399056680022952e+00,3.695297577059799554e-01,1.500000000000000000e+00,0.000000000000000000e+00,0.000000000000000000e+00,0.000000000000000000e+00,2.125640489760771690e+00,2.125640489760771690e+00,-1.500000000000000000e+00,0.000000000000000000e+00
-1.142008496245194848e-01,2.140205244889818559e+00,2.424105577782030840e-01,1.500000000000000000e+00,0.000000000000000000e+00,0.000000000000000000e+00,0.000000000000000000e+00,1.713012744367792273e-01,1.713012744367792273e-01,-1.500000000000000000e+00,0.000000000000000000e+00
-9.876355609114426670e-01,2.654832902853875964e+00,7.976180739825279309e-01,1.500000000000000000e+00,0.000000000000000000e+00,0.000000000000000000e+00,0.000000000000000000e+00,1.481453341367164001e+00,1.481453341367164001e+00,-1.500000000000000000e+00,0.000000000000000000e+00
1.602880922104976236e+00,1.740529763813137620e+00,9.220191824233205935e-01,1.500000000000000000e+00,0.000000000000000000e+00,0.000000000000000000e+00,0.000000000000000000e+00,-2.404321383157464354e+00,-2.404321383157464354e+00,-1.500000000000000000e+00,-0.000000000000000000e+00
1.990253097477584276e+00,2.842115941743312835e+00,7.293404733515748140e-01,1.500000000000000000e+00,0.000000000000000000e+00,0.000000000000000000e+00,0.000000000000000000e+00,-2.985379646216376415e+00,-2.985379646216376415e+00,-1.500000000000000000e+00,-0.000000000000000000e+00
-2.152996142041660566e+00,1.195074092122880405e+00,2.205018476586152465e-01,1.500000000000000000e+00,0.000000000000000000e+00,0.000000000000000000e+00,0.000000000000000000e+00,3.229494213062491070e+00,3.229494213062491070e+00,-1.500000000000000000e+00,0.000000000000000000e+00
-2.013439193076524525e+00,1.136282661393410720e+00,7.059299903210499716e-01,1.500000000000000000e+00,0.000000000000000000e+00,0.000000000000000000e+00,0.000000000000000000e+00,3.020158789614786787e+00,3.020158789614786787e+00,-1.500000000000000000e+00,0.000000000000000000e+00
-6.980321379920804148e-01,1.920638749832049186e+00,5.050707191124714779e-01,1.500000000000000000e+00,0.000000000000000000e+00,0.000000000000000000e+00,0.000000000000000000e+00,1.047048206988120622e+00,1.047048206988120622e+00,-1.500000000000000000e+00,0.000000000000000000e+00
-2.202817675864068292e-01,1.214874785428155413e+00,9.247608555190114377e-01,1.500000000000000000e+00,0.000000000000000000e+00,0.000000000000000000e+00,0.000000000000000000e+00,3.304226513796102438e-01,3.304226513796102438e-01,-1.500000000000000000e+00,0.000000000000000000e+00
2.737929010617654590e+00,2.122356090516642979e+00,6.021828780858884400e-03,1.500000000000000000e+00,0.000000000000000000e+00,0.000000000000000000e+00,0.000000000000000000e+00,-4.106893515926481442e+00,-4.106893515926481442e+00,-1.500000000000000000e+00,-0.000000000000000000e+00
2.650152597522778208e+00,1.593721211997610077e+00,7.729862204723485508e-01,1.500000000000000000e+00,0.000000000000000000e+00,0.000000000000000000e+00,0.000000000000000000e+00,-3.975228896284167313e+00,-3.975228896284167313e+00,-1.500000000000000000e+00,-0.000000000000000000e+00
2.802243455186669507e+00,2.227177670124719011e+00,4.663642932859463075e-01,1.500000000000000000e+00,0.000000000000000000e+00,0.000000000000000000e+00,0.000000000000000000e+00,-4.203365182780004261e+00,-4.203365182780004261e+00,-1.500000000000000000e+00,-0.000000000000000000e+00
1.378532594369988651e+00,2.477363757033412384e+00,8.556886260446059378e-01,1.500000000000000000e+00,0.000000000000000000e+00,0.000000000000000000e+00,0.000000000000000000e+00,-2.067798891554982976e+00,-2.067798891554982976e+00,-1.500000000000000000e+00,-0.000000000000000000e+00
1.063362938881863506e+00,1.702351270429393715e+00,6.058285258803879358e-01,1.500000000000000000e+00,0.000000000000000000e+00,0.000000000000000000e+00,0.000000000000000000e+00,-1.595044408322795260e+00,-1.595044408322795260e+00,-1.500000000000000000e+00,-0.000000000000000000e+00
-1.377653086724572429e+00,2.743224790757619047e+00,7.602492387354553571e-03,1.500000000000000000e+00,0.000000000000000000e+00,0.000000000000000000e+00,0.000000000000000000e+00,2.066479630086858421e+00,2.066479630086858421e+00,-1.500000000000000000e+00,0.000000000000000000e+00
-7.640723197387790933e-01,2.343361685520565896e+00,6.917359677085733738e-01,1.500000000000000000e+00,0.000000000000000000e+00,0.000000000000000000e+00,0.000000000000000000e+00,1.146108479608168640e+00,1.146108479608168640e+00,-1.500000000000000000e+00,0.000000000000000000e+00
-2.983900160435462467e+00,2.571173305038082280e+00,5.332319917933359132e-01,1.500000000000000000e+00,0.000000000000000000e+00,0.000000000000000000e+00,0.000000000000000000e+00,4.475850240653193701e+00,4.475850240653193701e+00,-1.500000000000000000e+00,0.000000000000000000e+00
1.997731393334580829e+00,5.845510968687250841e-02,2.392571644585255175e-01,1.500000000000000000e+00,0.000000000000000000e+00,0.000000000000000000e+00,0.000000000000000000e+00,-2.996597090001871244e+00,-2.996597090001871244e+00,-1.500000000000000000e+00,-0.000000000000000000e+00
-1.343489560666621507e+00,4.631487009211554540e-02,1.219041409111806251e-01,1.500000000000000000e+00,0.000000000000000000e+00,0.000000000000000000e+00,0.000000000000000000e+00,2.015234340999932261e+00,2.015234340999932261e+00,-1.500000000000000000e+00,0.000000000000000000e+00
-2.524313476088484887e+00,1.903851974554721549e+00,3.982744159000796147e-01,1.500000000000000000e+00,0.000000000000000000e+00,0.000000000000000000e+00,0.000000000000000000e+00,3.786470214132727108e+00,3.786470214132727108e+00,-1.500000000000000000e+00,0.000000000000000000e+00
-1.106453138784025736e+00,9.988366739186561594e-01,5.609022712068768568e-01,1.500000000000000000e+00,0.000000000000000000e+00,0.000000000000000000e+00,0.000000000000000000e+00,1.659679708176038604e+00,1.659679708176038604e+00,-1.500000000000000000e+00,0.000000000000000000e+00
-1.060980080465202091e+00,2.618860059070473145e+00,4.783239432738556340e-01,1.500000000000000000e+00,0.000000000000000000e+00,0.000000000000000000e+00,0.000000000000000000e+00,1.591470120697803026e+00,1.591470120697803026e+00,-1.500000000000000000e+00,0.000000000000000000e+00
1.343913814878197499e+00,1.175290480988517405e+00,1.704114622394137246e-02,1.500000000000000000e+00,0.000000000000000000e+00,0.000000000000000000e+00,0.000000000000000000e+00,-2.015870722317296249e+00,-2.015870722317296249e+00,-1.500000000000000000e+00,-0.000000000000000000e+00
-2.965759956261201591e+00,2.231653509270675961e+00,1.479004114925615010e-01,1.500000000000000000e+00,0.000000000000000000e+00,0.000000000000000000e+00,0.000000000000000000e+00,4.448639934391802164e+00,4.448639934391802164e+00,-1.500000000000000000e+00,0.000000000000000000e+00
-1.619918977455099496e+00,7.381418240685964083e-01,6.807997108228666105e-01,1.500000000000000000e+00,0.000000000000000000e+00,0.000000000000000000e+00,0.000000000000000000e+00,2.429878466182649355e+00,2.429878466182649355e+00,-1.500000000000000000e+00,0.000000000000000000e+00
2.378815637559280383e+00,1.888467542359663742e+00,5.457393453631417257e-01,1.500000000000000000e+00,0.000000000000000000e+00,0.000000000000000000e+00,0.000000000000000000e+00,-3.568223456338920574e+00,-3.568223456338920574e+00,-1.500000000000000000e+00,-0.000000000000000000e+00
2.129256716586954923e+00,2.701851752060920653e+00,7.428266480000289551e-01,1.500000000000000000e+00,0.000000000000000000e+00,0.000000000000000000e+00,0.000000000000000000e+00,-3.193885074880432384e+00,-3.193885074880432384e+00,-1.500000000000000000e+00,-0.000000000000000000e+00
7.741878410789757581e-01,2.586291018251312135e+00,4.145430526902287305e-01,1.500000000000000000e+00,0.000000000000000000e+00,0.000000000000000000e+00,0.000000000000000000e+00,-1.161281761618463637e+00,-1.161281761618463637e+00,-1.500000000000000000e+00,-0.000000000000000000e+00
3.536993633704810236e-01,1.099331499732635553e+00,2.569033111254059865e-01,1.500000000000000000e+00,0.000000000000000000e+00,0.000000000000000000e+00,0.000000000000000000e+00,-5.305490450557215354e-01,-5.305490450557215354e-01,-1.500000000000000000e+00,-0.000000000000000000e+00
-1.664294814893305219e+00,1.445412675574964556e+00,7.981616681326884066e-01,1.500000000000000000e+00,0.000000000000000000e+00,0.000000000000000000e+00,0.000000000000000000e+00,2.496442222339958050e+00,2.496442222339958050e+00,-1.500000000000000000e+00,0.000000000000000000e+00
2.250584875375531979e+00,1.606229324911399026e+00,2.181555751496234707e-01,1.500000000000000000e+00,0.000000000000000000e+00,0.000000000000000000e+00,0.000000000000000000e+00,-3.375877313063297969e+00,-3.375877313063297969e+00,-1.500000000000000000e+00,-0.000000000000000000e+00
1.564328899228799585e+00,1.033592640269837659e+00,6.057295893208936022e-02,1.500000000000000000e+00,0.000000000000000000e+00,0.000000000000000000e+00,0.000000000000000000e+00,-2.346493348843199378e+00,-2.346493348843199378e+00,-1.500000000000000000e+00,-0.000000000000000000e+00
7.759594863925034502e-02,1.451845697793131773e+00,3.685832641050100777e-01,1.500000000000000000e+00,0.000000000000000000e+00,0.000000000000000000e+00,0.000000000000000000e+00,-1.163939229588755175e-01,-1.163939229588755175e-01,-1.500000000000000000e+00,-0.000000000000000000e+00
-2.033890206575027726e+00,2.893661337204334938e+00,4.512751743956804340e-01,1.500000000000000000e+00,0.000000000000000000e+00,0.000000000000000000e+00,0.000000000000000000e+00,3.050835309862541589e+00,3.050835309862541589e+00,-1.500000000000000000e+00,0.000000000000000000e+00
-1.704964763103058445e+00,2.639445503352004341e+00,2.091175122737470859e-01,1.500000000000000000e+00,0.000000000000000000e+00,0.000000000000000000e+00,0.000000000000000000e+00,2.557447144654587667e+00,2.557447144654587667e+00,-1.500000000000000000e+00,0.000000000000000000e+00
-7.242388553200203027e-01,9.436188895524165732e-01,9.555961495099102310e-01,1.500000000000000000e+00,0.000000000000000000e+00,0.000000000000000000e+00,0.000000000000000000e+00,1.086358282980030454e+00,1.086358282980030454e+00,-1.500000000000000000e+00,0.000000000000000000e+00
-1.013252252581805735e+00,2.051774766658784444e+00,2.314393202374078751e-01,1.500000000000000000e+00,0.000000000000000000e+00,0.000000000000000000e+00,0.000000000000000000e+00,1.519878378872708602e+00,1.519878378872708602e+00,-1.500000000000000000e+00,0.000000000000000000e+00
-2.633663689350203896e+00,2.845330454950222077e+00,1.219655816986157104e-01,1.500000000000000000e+00,0.000000000000000000e+00,0.000000000000000000e+00,0.000000000000000000e+00,3.950495534025305844e+00,3.950495534025305844e+00,-1.500000000000000000e+00,0.000000000000000000e+00
-5.617418068855766222e-01,1.086367001817083011e+00,6.615417609152771661e-01,1.500000000000000000e+00,0.000000000000000000e+00,0.000000000000000000e+00,0.000000000000000000e+00,8.426127103283649333e-01,8.426127103283649333e-01,-1.500000000000000000e+00,0.000000000000000000e+00
-3.076963476173650847e-01,2.545469731362118182e+00,1.431340957095427191e-01,1.500000000000000000e+00,0.000000000000000000e+00,0.000000000000000000e+00,0.000000000000000000e+00,4.615445214260476270e-01,4.615445214260476270e-01,-1.500000000000000000e+00,0.000000000000000000e+00
-1.277520944658683932e+00,2.392070284070356934e+00,2.799106112886106112e-01,1.500000000000000000e+00,0.000000000000000000e+00,0.000000000000000000e+00,0.000000000000000000e+00,1.916281416988026010e+00,1.916281416988026010e+00,-1.500000000000000000e+00,0.000000000000000000e+00
-6.941826290547208345e-01,2.660240304981145609e+00,4.137635570031438226e-01,1.500000000000000000e+00,0.000000000000000000e+00,0.000000000000000000e+00,0.000000000000000000e+00,1.041273943582081252e+00,1.041273943582081252e+00,-1.500000000000000000e+00,0.000000000000000000e+00
-1.005733779261787531e+00,2.530904953477901564e-01,2.739405363390524650e-01,1.500000000000000000e+00,0.000000000000000000e+00,0.000000000000000000e+00,0.000000000000000000e+00,1.508600668892681185e+00,1.508600668892681185e+00,-1.500000000000000000e+00,0.000000000000000000e+00
-7.389861321084083556e-01,2.768865140690949911e+00,6.537830289941771733e-01,1.500000000000000000e+00,0.000000000000000000e+00,0.000000000000000000e+00,0.000000000000000000e+00,1.108479198162612533e+00,1.108479198162612533e+00,-1.500000000000000000e+00,0.000000000000000000e+00
7.141858378733605406e-01,2.943106733817573595e+00,1.400430049021756940e-01,1.500000000000000000e+00,0.000000000000000000e+00,0.000000000000000000e+00,0.000000000000000000e+00,-1.071278756810040811e+00,-1.071278756810040811e+00,-1.500000000000000000e+00,-0.000000000000000000e+00
-1.601582941681112260e-02,7.240508628343385045e-01,6.441713926598612305e-01,1.500000000000000000e+00,0.000000000000000000e+00,0.000000000000000000e+00,0.000000000000000000e+00,2.402374412521668390e-02,2.402374412521668390e-02,-1.500000000000000000e+00,0.000000000000000000e+00
-1.814463375521262911e+00,1.899202749906641507e+00,1.158269447066277991e-01,1.500000000000000000e+00,0.000000000000000000e+00,0.000000000000000000e+00,0.000000000000000000e+00,2.721695063281894367e+00,2.721695063281894367e+00,-1.500000000000000000e+00,0.000000000000000000e+00
1.771557937112893555e+00,2.703126188289802778e-01,5.800922382383096876e-01,1.500000000000000000e+00,0.000000000000000000e+00,0.000000000000000000e+00,0.000000000000000000e+00,-2.657336905669340332e+00,-2.657336905669340332e+00,-1.500000000000000000e+00,-0.000000000000000000e+00
7.911900773986735302e-02,1.807003413956906668e+00,9.787702296381718403e-01,1.500000000000000000e+00,0.000000000000000000e+00,0.000000000000000000e+00,0.000000000000000000e+00,-1.186785116098010295e-01,-1.186785116098010295e-01,-1.500000000000000000e+00,-0.000000000000000000e+00
-2.498114363027150731e-01,2.125634803473675838e+00,7.869283656409560290e-01,1.500000000000000000e+00,0.000000000000000000e+00,0.000000000000000000e+00,0.000000000000000000e+00,3.747171544540726096e-01,3.747171544540726096e-01,-1.500000000000000000e+00,0.000000000000000000e+00
1.280056363279475917e+00,2.236806466109774405e+00,9.463322486520789889e-01,1.500000000000000000e+00,0.000000000000000000e+00,0.000000000000000000e+00,0.000000000000000000e+00,-1.920084544919213876e+00,-1.920084544919213876e+00,-1.500000000000000000e+00,-0.000000000000000000e+00
1.512827723820242554e+00,2.570582758898649622e+00,5.460356918382879288e-01,1.500000000000000000e+00,0.000000000000000000e+00,0.000000000000000000e+00,0.000000000000000000e+00,-2.269241585730363830e+00,-2.269241585730363830e+00,-1.500000000000000000e+00,-0.000000000000000000e+00
2.094357000815604053e+00,8.802926048890543642e-01,1.585287935035399887e-01,1.500000000000000000e+00,0.000000000000000000e+00,0.000000000000000000e+00,0.000000000000000000e+00,-3.141535501223406079e+00,-3.141535501223406079e+00,-1.500000000000000000e+00,-0.000000000000000000e+00
1.867479852652825123e+00,3.478344043820932319e-01,3.702208325969985614e-01,1.500000000000000000e+00,0.000000000000000000e+00,0.000000000000000000e+00,0.000000000000000000e+00,-2.801219778979237685e+00,-2.801219778979237685e+00,-1.500000000000000000e+00,-0.000000000000000000e+00
1.014091379850311725e+00,2.450908012091227217e+00,7.763422994068982508e-01,1.500000000000000000e+00,0.000000000000000000e+00,0.000000000000000000e+00,0.000000000000000000e+00,-1.521137069775467587e+00,-1.521137069775467587e+00,-1.500000000000000000e+00,-0.000000000000000000e+00
1.326776062725270044e+00,7.711837927710574192e-02,1.319592701893123055e-01,1.500000000000000000e+00,0.000000000000000000e+00,0.000000000000000000e+00,0.000000000000000000e+00,-1.990164094087905067e+00,-1.990164094087905067e+00,-1.500000000000000000e+00,-0.000000000000000000e+00
-2.057238781527581217e+00,6.993476488575508521e-01,6.641195296692843364e-01,1.500000000000000000e+00,0.000000000000000000e+00,0.000000000000000000e+00,0.000000000000000000e+00,3.085858172291371826e+00,3.085858172291371826e+00,-1.500000000000000000e+00,0.000000000000000000e+00
1.195519194458646517e+00,7.106740750240806426e-01,3.224561629056194034e-01,1.500000000000000000e+00,0.000000000000000000e+00,0.000000000000000000e+00,0.000000000000000000e+00,-1.793278791687969775e+00,-1.793278791687969775e+00,-1.500000000000000000e+00,-0.000000000000000000e+00
-1.473253103405171460e+00,2.325428464437768739e+00,9.175769856460012086e-01,1.500000000000000000e+00,0.000000000000000000e+00,0.000000000000000000e+00,0.000000000000000000e+00,2.209879655107757301e+00,2.209879655107757301e+00,-1.500000000000000000e+00,0.000000000000000000e+00
-1.452985488019762350e+00,1.326270590745947775e+00,3.504767061040762188e-01,1.500000000000000000e+00,0.000000000000000000e+00,0.000000000000000000e+00,0.000000000000000000e+00,2.179478232029643525e+00,2.179478232029643525e+00,-1.500000000000000000e+00,0.000000000000000000e+00
-2.279209432767496324e+00,2.513347526083576255e+00,3.225142481364273728e-01,1.500000000000000000e+00,0.000000000000000000e+00,0.000000000000000000e+00,0.000000000000000000e+00,3.418814149151244486e+00,3.418814149151244486e+00,-1.500000000000000000e+00,0.000000000000000000e+00
-6.185458422703700165e-01,2.003708886589003590e+00,2.722257211687303391e-01,1.500000000000000000e+00,0.000000000000000000e+00,0.000000000000000000e+00,0.000000000000000000e+00,9.278187634055550248e-01,9.278187634055550248e-01,-1.500000000000000000e+00,0.000000000000000000e+00
-2.880733916908492898e+00,2.528685488343113352e+00,5.398770608992677911e-01,1.500000000000000000e+00,0.000000000000000000e+00,0.000000000000000000e+00,0.000000000000000000e+00,4.321100875362739124e+00,4.321100875362739124e+00,-1.500000000000000000e+00,0.000000000000000000e+00
9.418772133486870146e-01,2.358298433783384773e+00,9.526359608192889183e-01,1.500000000000000000e+00,0.000000000000000000e+00,0.000000000000000000e+00,0.000000000000000000e+00,-1.412815820023030522e+00,-1.412815820023030522e+00,-1.500000000000000000e+00,-0.000000000000000000e+00
1.488616042067648415e+00,2.640201743198591355e+00,5.403845096127806169e-01,1.500000000000000000e+00,0.000000000000000000e+00,0.000000000000000000e+00,0.000000000000000000e+00,-2.232924063101472623e+00,-2.232924063101472623e+00,-1.500000000000000000e+00,-0.000000000000000000e+00
1.653297283503817994e+00,8.283700551882104968e-01,7.414015591090593604e-01,1.500000000000000000e+00,0.000000000000000000e+00,0.000000000000000000e+00,0.000000000000000000e+00,-2.479945925255726991e+00,-2.479945925255726991e+00,-1.500000000000000000e+00,-0.000000000000000000e+00
-2.226828070356086098e+00,1.066377156163641704e+00,5.205175150560067410e-01,1.500000000000000000e+00,0.000000000000000000e+00,0.000000000000000000e+00,0.000000000000000000e+00,3.340242105534128925e+00,3.340242105534128925e+00,-1.500000000000000000e+00,0.000000000000000000e+00
8.465197245877904564e-01,1.885269469608468640e+00,8.278595519208076237e-02,1.500000000000000000e+00,0.000000000000000000e+00,0.000000000000000000e+00,0.000000000000000000e+00,-1.269779586881685685e+00,-1.269779586881685685e+00,-1.500000000000000000e+00,-0.000000000000000000e+00
2.029759421655054297e+00,1.748719920612386902e+00,5.866381596442795665e-01,1.500000000000000000e+00,0.000000000000000000e+00,0.000000000000000000e+00,0.000000000000000000e+00,-3.044639132482581445e+00,-3.044639132482581445e+00,-1.500000000000000000e+00,-0.000000000000000000e+00
-2.784182161215277951e+00,2.333281798955625597e+00,5.943319984843301595e-01,1.500000000000000000e+00,0.000000000000000000e+00,0.000000000000000000e+00,0.000000000000000000e+00,4.176273241822917370e+00,4.176273241822917370e+00,-1.500000000000000000e+00,0.000000000000000000e+00
-1.839787644625382468e+00,2.425791708992703022e+00,5.962331705868303411e-01,1.500000000000000000e+00,0.000000000000000000e+00,0.000000000000000000e+00,0.000000000000000000e+00,2.759681466938073591e+00,2.759681466938073591e+00,-1.500000000000000000e+00,0.000000000000000000e+00
-1.393345174390163699e+00,9.149078647609709680e-01,2.984975373028110335e-01,1.500000000000000000e+00,0.000000000000000000e+00,0.000000000000000000e+00,0.000000000000000000e+00,2.090017761585245548e+00,2.090017761585245548e+00,-1.500000000000000000e+00,0.000000000000000000e+00
-2.280925295081344117e-01,3.629235347899395503e-01,2.668424386490628741e-01,1.500000000000000000e+00,0.000000000000000000e+00,0.000000000000000000e+00,0.000000000000000000e+00,3.421387942622016176e-01,3.421387942622016176e-01,-1.500000000000000000e+00,0.000000000000000000e+00
-1.967008885435792997e+00,2.223946373004253019e+00,3.292379441922018701e-01,1.500000000000000000e+00,0.000000000000000000e+00,0.000000000000000000e+00,0.000000000000000000e+00,2.950513328153689496e+00,2.950513328153689496e+00,-1.500000000000000000e+00,0.000000000000000000e+00
2.332313592470214303e-01,2.061552334336281600e+00,3.088147634325666413e-02,1.500000000000000000e+00,0.000000000000000000e+00,0.000000000000000000e+00,0.000000000000000000e+00,-3.498470388705321454e-01,-3.498470388705321454e-01,-1.500000000000000000e+00,-0.000000000000000000e+00
-9.362895428437112422e-01,8.306954991747932393e-01,1.611422975132110746e-01,1.500000000000000000e+00,0.000000000000000000e+00,0.000000000000000000e+00,0.000000000000000000e+00,1.404434314265566863e+00,1.404434314265566863e+00,-1.500000000000000000e+00,0.000000000000000000e+00
9.306627618616660769e-01,1.708490026540280260e-01,2.869966093208043967e-01,1.500000000000000000e+00,0.000000000000000000e+00,0.000000000000000000e+00,0.000000000000000000e+00,-1.395994142792499115e+00,-1.395994142792499115e+00,-1.500000000000000000e+00,-0.000000000000000000e+00
1.879473337889319140e-01,6.938577267277368232e-02,5.122670841182130896e-01,1.500000000000000000e+00,0.000000000000000000e+00,0.000000000000000000e+00,0.000000000000000000e+00,-2.819210006833978710e-01,-2.819210006833978710e-01,-1.500000000000000000e+00,-0.000000000000000000e+00
1.117787715934847270e+00,7.447427190272998265e-01,9.115517581135135217e-01,1.500000000000000000e+00,0.000000000000000000e+00,0.000000000000000000e+00,0.000000000000000000e+00,-1.676681573902270905e+00,-1.676681573902270905e+00,-1.500000000000000000e+00,-0.000000000000000000e+00
-1.521953703653140089e+00,8.205608934864877524e-01,7.008860813310403559e-01,1.500000000000000000e+00,0.000000000000000000e+00,0.000000000000000000e+00,0.000000000000000000e+00,2.282930555479710133e+00,2.282930555479710133e+00,-1.500000000000000000e+00,0.000000000000000000e+00
1.242412987935974655e+00,6.220826866266987443e-01,5.160082885244473561e-01,1.500000000000000000e+00,0.000000000000000000e+00,0.000000000000000000e+00,0.000000000000000000e+00,-1.863619481903961983e+00,-1.863619481903961983e+00,-1.500000000000000000e+00,-0.000000000000000000e+00
1.407818675081403903e+00,1.516780224096176966e-01,7.166910874480086902e-01,1.500000000000000000e+00,0.000000000000000000e+00,0.000000000000000000e+00,0.000000000000000000e+00,-2.111728012622105854e+00,-2.111728012622105854e+00,-1.500000000000000000e+00,-0.000000000000000000e+00
1.331805078387549912e+00,5.111272796221238979e-01,4.444505300281841320e-01,1.500000000000000000e+00,0.000000000000000000e+00,0.000000000000000000e+00,0.000000000000000000e+00,-1.997707617581324868e+00,-1.997707617581324868e+00,-1.500000000000000000e+00,-0.000000000000000000e+00
-2.589299524965226418e+00,1.049781634815339260e+00,4.729491767324456308e-02,1.500000000000000000e+00,0.000000000000000000e+00,0.000000000000000000e+00,0.000000000000000000e+00,3.883949287447839627e+00,3.883949287447839627e+00,-1.500000000000000000e+00,0.000000000000000000e+00
2.676902008844119329e+00,2.767881341742112200e-01,6.864623050513263269e-01,1.500000000000000000e+00,0.000000000000000000e+00,0.000000000000000000e+00,0.000000000000000000e+00,-4.015353013266178550e+00,-4.015353013266178550e+00,-1.500000000000000000e+00,-0.000000000000000000e+00
4.611831036910842840e-01,6.197248647773264674e-01,7.053585761360166018e-01,1.500000000000000000e+00,0.000000000000000000e+00,0.000000000000000000e+00,0.000000000000000000e+00,-6.917746555366264261e-01,-6.917746555366264261e-01,-1.500000000000000000e+00,-0.000000000000000000e+00
-1.366085536632609010e+00,1.314218031763817685e+00,6.553010647790248333e-01,1.500000000000000000e+00,0.000000000000000000e+00,0.000000000000000000e+00,0.000000000000000000e+00,2.049128304948913737e+00,2.049128304948913737e+00,-1.500000000000000000e+00,0.000000000000000000e+00
-3.951808115948129974e-01,2.544236231666241910e+00,8.524612677247314085e-01,1.500000000000000000e+00,0.000000000000000000e+00,0.000000000000000000e+00,0.000000000000000000e+00,5.927712173922194960e-01,5.927712173922194960e-01,-1.500000000000000000e+00,0.000000000000000000e+00
1.056093210230644175e-01,2.614619613565437817e+00,7.816961347839030960e-01,1.500000000000000000e+00,0.000000000000000000e+00,0.000000000000000000e+00,0.000000000000000000e+00,-1.584139815345966262e-01,-1.584139815345966262e-01,-1.500000000000000000e+00,-0.000000000000000000e+00
1.066180112848655881e-01,1.215155349917219629e+00,8.289607241533005766e-01,1.500000000000000000e+00,0.000000000000000000e+00,0.000000000000000000e+00,0.000000000000000000e+00,-1.599270169272983821e-01,-1.599270169272983821e-01,-1.500000000000000000e+00,-0.000000000000000000e+00
-1.512249171677024773e+00,3.777534797078492268e-01,4.600691508665111229e-02,1.500000000000000000e+00,0.000000000000000000e+00,0.000000000000000000e+00,0.000000000000000000e+00,2.268373757515536937e+00,2.268373757515536937e+00,-1.500000000000000000e+00,0.000000000000000000e+00
-1.410214266937483307e+00,8.075923231244893641e-01,9.998558968540216529e-01,1.500000000000000000e+00,0.000000000000000000e+00,0.000000000000000000e+00,0.000000000000000000e+00,2.115321400406224850e+00,2.115321400406224850e+00,-1.500000000000000000e+00,0.000000000000000000e+00
-8.184724214410730170e-01,2.024421607422046687e+00,5.882986815059747521e-01,1.500000000000000000e+00,0.000000000000000000e+00,0.000000000000000000e+00,0.000000000000000000e+00,1.227708632161609525e+00,1.227708632161609525e+00,-1.500000000000000000e+00,0.000000000000000000e+00
1.685548921240713760e+00,1.221991934182595774e+00,5.928531464451540778e-01,1.500000000000000000e+00,0.000000000000000000e+00,0.000000000000000000e+00,0.000000000000000000e+00,-2.528323381861070640e+00,-2.528323381861070640e+00,-1.500000000000000000e+00,-0.000000000000000000e+00
-3.753356998393226895e-01,1.710970417222547280e+00,6.132065060795945932e-01,1.500000000000000000e+00,0.000000000000000000e+00,0.000000000000000000e+00,0.000000000000000000e+00,5.630035497589840343e-01,5.630035497589840343e-01,-1.500000000000000000e+00,0.000000000000000000e+00
-2.768212140665845311e+00,2.210462883270992496e+00,2.700736020754902489e-01,1.500000000000000000e+00,0.000000000000000000e+00,0.000000000000000000e+00,0.000000000000000000e+00,4.152318210998767967e+00,4.152318210998767967e+00,-1.500000000000000000e+00,0.000000000000000000e+00
-2.867408682467500469e-01,1.976399358124623307e+00,3.029788052018804745e-01,1.500000000000000000e+00,0.000000000000000000e+00,0.000000000000000000e+00,0.000000000000000000e+00,4.301113023701250704e-01,4.301113023701250704e-01,-1.500000000000000000e+00,0.000000000000000000e+00
-1.791824386505707301e+00,2.578366833868704688e+00,8.768786297940824870e-01,1.500000000000000000e+00,0.000000000000000000e+00,0.000000000000000000e+00,0.000000000000000000e+00,2.687736579758560840e+00,2.687736579758560840e+00,-1.500000000000000000e+00,0.000000000000000000e+00
-2.925525606041029292e+00,2.569638344041695888e-01,6.003226013639111347e-01,1.500000000000000000e+00,0.000000000000000000e+00,0.000000000000000000e+00,0.000000000000000000e+00,4.388288409061543938e+00,4.388288409061543938e+00,-1.500000000000000000e+00,0.000000000000000000e+00
2.862180217602572796e+00,8.906911866441813430e-01,9.604592218153402694e-01,1.500000000000000000e+00,0.000000000000000000e+00,0.000000000000000000e+00,0.000000000000000000e+00,-4.293270326403859194e+00,-4.293270326403859194e+00,-1.500000000000000000e+00,-0.000000000000000000e+00
-1.237677125784084842e+00,1.022741566109569566e-01,2.083894932312302384e-01,1.500000000000000000e+00,0.000000000000000000e+00,0.000000000000000000e+00,0.000000000000000000e+00,1.856515688676127152e+00,1.856515688676127152e+00,-1.500000000000000000e+00,0.000000000000000000e+00
2.249791258394742144e-01,1.563385227705542224e+00,5.854581441389136165e-01,1.500000000000000000e+00,0.000000000000000000e+00,0.000000000000000000e+00,0.000000000000000000e+00,-3.374686887592113216e-01,-3.374686887592113216e-01,-1.500000000000000000e+00,-0.000000000000000000e+00
-8.508013882640348413e-01,1.844116212203508631e+00,6.000010739337592325e-01,1.500000000000000000e+00,0.000000000000000000e+00,0.000000000000000000e+00,0.000000000000000000e+00,1.276202082396052262e+00,1.276202082396052262e+00,-1.500000000000000000e+00,0.000000000000000000e+00
-2.679559612031524374e+00,7.618788831127145666e-01,3.700919339351038673e-02,1.500000000000000000e+00,0.000000000000000000e+00,0.000000000000000000e+00,0.000000000000000000e+00,4.019339418047286117e+00,4.019339418047286117e+00,-1.500000000000000000e+00,0.000000000000000000e+00
2.405303698804992507e+00,1.664763044974109096e-01,6.260519169764078296e-01,1.500000000000000000e+00,0.000000000000000000e+00,0.000000000000000000e+00,0.000000000000000000e+00,-3.607955548207488761e+00,-3.607955548207488761e+00,-1.500000000000000000e+00,-0.000000000000000000e+00
2.613944528525116162e+00,1.391543918710237637e+00,3.843392453719562951e-01,1.500000000000000000e+00,0.000000000000000000e+00,0.000000000000000000e+00,0.000000000000000000e+00,-3.920916792787674243e+00,-3.920916792787674243e+00,-1.500000000000000000e+00,-0.000000000000000000e+00
-1.881403698798143731e+00,5.031023693811131903e-01,4.299802641297250094e-01,1.500000000000000000e+00,0.000000000000000000e+00,0.000000000000000000e+00,0.000000000000000000e+00,2.822105548197215708e+00,2.822105548197215708e+00,-1.500000000000000000e+00,0.000000000000000000e+00
-4.920182593823598793e-01,5.836144932013863640e-01,1.855747358851864703e-01,1.500000000000000000e+00,0.000000000000000000e+00,0.000000000000000000e+00,0.000000000000000000e+00,7.380273890735398190e-01,7.380273890735398190e-01,-1.500000000000000000e+00,0.000000000000000000e+00
-7.581555181763111051e-01,1.143977634490977557e+00,5.945450456315728438e-01,1.500000000000000000e+00,0.000000000000000000e+00,0.000000000000000000e+00,0.000000000000000000e+00,1.137233277264466658e+00,1.137233277264466658e+00,-1.500000000000000000e+00,0.000000000000000000e+00
-1.996698045545489686e+00,2.835204552279776635e+00,6.733772082194030562e-01,1.500000000000000000e+00,0.000000000000000000e+00,0.000000000000000000e+00,0.000000000000000000e+00,2.995047068318234640e+00,2.995047068318234640e+00,-1.500000000000000000e+00,0.000000000000000000e+00
9.699638093721532073e-01,1.080105278528684432e+00,8.920149829682793019e-01,1.500000000000000000e+00,0.000000000000000000e+00,0.000000000000000000e+00,0.000000000000000000e+00,-1.454945714058229811e+00,-1.454945714058229811e+00,-1.500000000000000000e+00,-0.000000000000000000e+00
1.691976366914323293e+00,2.127727061200599845e+00,8.418060995027388804e-01,1.500000000000000000e+00,0.000000000000000000e+00,0.000000000000000000e+00,0.000000000000000000e+00,-2.537964550371484940e+00,-2.537964550371484940e+00,-1.500000000000000000e+00,-0.000000000000000000e+00
1.558188105574894955e+00,1.117404723040085202e+00,9.801932477213591843e-01,1.500000000000000000e+00,0.000000000000000000e+00,0.000000000000000000e+00,0.000000000000000000e+00,-2.337282158362342432e+00,-2.337282158362342432e+00,-1.500000000000000000e+00,-0.000000000000000000e+00
1.051511734774615903e+00,1.215775222910705722e+00,9.758156813688624309e-01,1.500000000000000000e+00,0.000000000000000000e+00,0.000000000000000000e+00,0.000000000000000000e+00,-1.577267602161923854e+00,-1.577267602161923854e+00,-1.500000000000000000e+00,-0.000000000000000000e+00
-2.895057545340171679e+00,4.203217114736362836e-01,7.005709428926739646e-01,1.500000000000000000e+00,0.000000000000000000e+00,0.000000000000000000e+00,0.000000000000000000e+00,4.342586318010257074e+00,4.342586318010257074e+00,-1.500000000000000000e+00,0.000000000000000000e+00
-1.622415521135810446e+00,5.537789652498399384e-01,2.807365331959650323e-01,1.500000000000000000e+00,0.000000000000000000e+00,0.000000000000000000e+00,0.000000000000000000e+00,2.433623281703715779e+00,2.433623281703715779e+00,-1.500000000000000000e+00,0.000000000000000000e+00
8.760679569140350509e-02,2.311910638612629132e+00,5.401543776132045060e-01,1.500000000000000000e+00,0.000000000000000000e+00,0.000000000000000000e+00,0.000000000000000000e+00,-1.314101935371052576e-01,-1.314101935371052576e-01,-1.500000000000000000e+00,-0.000000000000000000e+00
1.217043568754134775e+00,1.287760872975298732e+00,8.350364510809327179e-02,1.500000000000000000e+00,0.000000000000000000e+00,0.000000000000000000e+00,0.000000000000000000e+00,-1.825565353131202162e+00,-1.825565353131202162e+00,-1.500000000000000000e+00,-0.000000000000000000e+00
-6.814582380922882265e-01,8.558475517657430087e-01,5.662421496868136339e-01,1.500000000000000000e+00,0.000000000000000000e+00,0.000000000000000000e+00,0.000000000000000000e+00,1.022187357138432340e+00,1.022187357138432340e+00,-1.500000000000000000e+00,0.000000000000000000e+00
-3.043991419979175106e-01,2.961181087509628274e+00,3.055977726849637977e-01,1.500000000000000000e+00,0.000000000000000000e+00,0.000000000000000000e+00,0.000000000000000000e+00,4.565987129968762659e-01,4.565987129968762659e-01,-1.500000000000000000e+00,0.000000000000000000e+00
2.044314858352797692e+00,2.634473440893833729e+00,5.364646240456449888e-01,1.500000000000000000e+00,0.000000000000000000e+00,0.000000000000000000e+00,0.000000000000000000e+00,-3.066472287529196539e+00,-3.066472287529196539e+00,-1.500000000000000000e+00,-0.000000000000000000e+00
-2.858718145093758878e+00,7.929792662857407803e-01,7.500782946218922387e-01,1.500000000000000000e+00,0.000000000000000000e+00,0.000000000000000000e+00,0.000000000000000000e+00,4.288077217640638317e+00,4.288077217640638317e+00,-1.500000000000000000e+00,0.000000000000000000e+00
-1.388466402575953440e+00,1.302792471786379247e+00,6.063250052687485514e-02,1.500000000000000000e+00,0.000000000000000000e+00,0.000000000000000000e+00,0.000000000000000000e+00,2.082699603863930271e+00,2.082699603863930271e+00,-1.500000000000000000e+00,0.000000000000000000e+00
-1.260389050251620402e+00,1.700794492366380251e+00,8.760561520951978265e-01,1.500000000000000000e+00,0.000000000000000000e+00,0.000000000000000000e+00,0.000000000000000000e+00,1.890583575377430492e+00,1.890583575377430492e+00,-1.500000000000000000e+00,0.000000000000000000e+00
2.956695729653001870e+00,4.984578129727967877e-01,3.790032439627211147e-02,1.500000000000000000e+00,0.000000000000000000e+00,0.000000000000000000e+00,0.000000000000000000e+00,-4.435043594479502360e+00,-4.435043594479502360e+00,-1.500000000000000000e+00,-0.000000000000000000e+00
-1.634783340262446316e+00,1.281805881093201371e+00,4.899185742256435550e-01,1.500000000000000000e+00,0.000000000000000000e+00,0.000000000000000000e+00,0.000000000000000000e+00,2.452175010393669474e+00,2.452175010393669474e+00,-1.500000000000000000e+00,0.000000000000000000e+00
-2.717321023087783338e+00,8.520860666552104723e-01,2.184363256250724250e-01,1.500000000000000000e+00,0.000000000000000000e+00,0.000000000000000000e+00,0.000000000000000000e+00,4.075981534631674563e+00,4.075981534631674563e+00,-1.500000000000000000e+00,0.000000000000000000e+00
-5.012147618453814957e-01,2.430937396960020980e+00,3.902534755866460259e-02,1.500000000000000000e+00,0.000000000000000000e+00,0.000000000000000000e+00,0.000000000000000000e+00,7.518221427680722435e-01,7.518221427680722435e-01,-1.500000000000000000e+00,0.000000000000000000e+00
8.971731830893343584e-01,2.836512770555030816e-01,4.797141131585008766e-01,1.500000000000000000e+00,0.000000000000000000e+00,0.000000000000000000e+00,0.000000000000000000e+00,-1.345759774634001538e+00,-1.345759774634001538e+00,-1.500000000000000000e+00,-0.000000000000000000e+00
-2.079495885605802563e+00,2.974274745351642046e+00,2.619829060044075453e-01,1.500000000000000000e+00,0.000000000000000000e+00,0.000000000000000000e+00,0.000000000000000000e+00,3.119243828408703845e+00,3.119243828408703845e+00,-1.500000000000000000e+00,0.000000000000000000e+00
2.038168917388202495e+00,7.066711313227200808e-01,8.000616861620457598e-02,1.500000000000000000e+00,0.000000000000000000e+00,0.000000000000000000e+00,0.000000000000000000e+00,-3.057253376082303742e+00,-3.057253376082303742e+00,-1.500000000000000000e+00,-0.000000000000000000e+00
-1.821262207817589074e+00,9.934565160357694547e-01,8.244261003061877924e-01,1.500000000000000000e+00,0.000000000000000000e+00,0.000000000000000000e+00,0.000000000000000000e+00,2.731893311726383722e+00,2.731893311726383722e+00,-1.500000000000000000e+00,0.000000000000000000e+00
1.225675605856705985e+00,2.268360651249977655e-01,2.455389525550751850e-01,1.500000000000000000e+00,0.000000000000000000e+00,0.000000000000000000e+00,0.000000000000000000e+00,-1.838513408785058978e+00,-1.838513408785058978e+00,-1.500000000000000000e+00,-0.000000000000000000e+00
-2.029151960071342131e+00,2.738555945477377573e+00,9.382150591166252829e-01,1.500000000000000000e+00,0.000000000000000000e+00,0.000000000000000000e+00,0.000000000000000000e+00,3.043727940107013197e+00,3.043727940107013197e+00,-1.500000000000000000e+00,0.000000000000000000e+00
2.290350992435901567e+00,2.484325254154813312e+00,6.086598341149594971e-01,1.500000000000000000e+00,0.000000000000000000e+00,0.000000000000000000e+00,0.000000000000000000e+00,-3.435526488653852351e+00,-3.435526488653852351e+00,-1.500000000000000000e+00,-0.000000000000000000e+00
-1.792077346368637691e+00,2.028672449310138237e-01,3.551825534205547141e-01,1.500000000000000000e+00,0.000000000000000000e+00,0.000000000000000000e+00,0.000000000000000000e+00,2.688116019552956537e+00,2.688116019552956537e+00,-1.500000000000000000e+00,0.000000000000000000e+00
1.388153324370210662e+00,1.584526830346756343e+00,6.057711656241471232e-02,1.500000000000000000e+00,0.000000000000000000e+00,0.000000000000000000e+00,0.000000000000000000e+00,-2.082229986555315993e+00,-2.082229986555315993e+00,-1.500000000000000000e+00,-0.000000000000000000e+00
2.032164217533630080e+00,1.171720121600475117e+00,8.554618473694737268e-01,1.500000000000000000e+00,0.000000000000000000e+00,0.000000000000000000e+00,0.000000000000000000e+00,-3.048246326300445119e+00,-3.048246326300445119e+00,-1.500000000000000000e+00,-0.000000000000000000e+00
-1.470321515587091232e+00,1.818203247740511452e+00,1.087945932616358746e-01,1.500000000000000000e+00,0.000000000000000000e+00,0.000000000000000000e+00,0.000000000000000000e+00,2.205482273380636737e+00,2.205482273380636737e+00,-1.500000000000000000e+00,0.000000000000000000e+00
-2.443043668923865042e+00,1.007725338634013479e+00,7.762596662547062154e-01,1.500000000000000000e+00,0.000000000000000000e+00,0.000000000000000000e+00,0.000000000000000000e+00,3.664565503385797562e+00,3.664565503385797562e+00,-1.500000000000000000e+00,0.000000000000000000e+00
5.168475611206728715e-01,2.868788997831565712e+00,5.285651304200932321e-01,1.500000000000000000e+00,0.000000000000000000e+00,0.000000000000000000e+00,0.000000000000000000e+00,-7.752713416810093072e-01,-7.752713416810093072e-01,-1.500000000000000000e+00,-0.000000000000000000e+00
-5.873864088225211333e-03,6.539962244312186312e-01,4.555779049009633930e-01,1.500000000000000000e+00,0.000000000000000000e+00,0.000000000000000000e+00,0.000000000000000000e+00,8.810796132337816999e-03,8.810796132337816999e-03,-1.500000000000000000e+00,0.000000000000000000e+00
-1.240820279878356303e-01,2.460602580144124030e+00,8.058545001488681692e-02,1.500000000000000000e+00,0.000000000000000000e+00,0.000000000000000000e+00,0.000000000000000000e+00,1.861230419817534454e-01,1.861230419817534454e-01,-1.500000000000000000e+00,0.000000000000000000e+00
1.688006408395865243e+00,8.029739651493315034e-01,4.202706741399928614e-01,1.500000000000000000e+00,0.000000000000000000e+00,0.000000000000000000e+00,0.000000000000000000e+00,-2.532009612593797865e+00,-2.532009612593797865e+00,-1.500000000000000000e+00,-0.000000000000000000e+00
-2.213421160569941648e-01,1.948389264829408107e+00,1.647465056296815167e-02,1.500000000000000000e+00,0.000000000000000000e+00,0.000000000000000000e+00,0.000000000000000000e+00,3.320131740854912472e-01,3.320131740854912472e-01,-1.500000000000000000e+00,0.000000000000000000e+00
-1.781156633924307897e-02,1.283384163061987548e+00,7.631584506796182943e-01,1.500000000000000000e+00,0.000000000000000000e+00,0.000000000000000000e+00,0.000000000000000000e+00,2.671734950886461846e-02,2.671734950886461846e-02,-1.500000000000000000e+00,0.000000000000000000e+00
-7.641447052306293841e-02,1.577623782046684742e+00,7.071719849522331014e-01,1.500000000000000000e+00,0.000000000000000000e+00,0.000000000000000000e+00,0.000000000000000000e+00,1.146217057845944076e-01,1.146217057845944076e-01,-1.500000000000000000e+00,0.000000000000000000e+00
-2.724712289050215119e-01,1.566070776130731534e+00,1.359758787636761168e-01,1.500000000000000000e+00,0.000000000000000000e+00,0.000000000000000000e+00,0.000000000000000000e+00,4.087068433575322679e-01,4.087068433575322679e-01,-1.500000000000000000e+00,0.000000000000000000e+00
-5.656321914154616159e-01,1.877933004437598585e+00,5.095709817066064184e-01,1.500000000000000000e+00,0.000000000000000000e+00,0.000000000000000000e+00,0.000000000000000000e+00,8.484482871231924239e-01,8.484482871231924239e-01,-1.500000000000000000e+00,0.000000000000000000e+00
-2.034574557050761623e+00,2.039967133517049946e-01,1.780450236428599009e-01,1.500000000000000000e+00,0.000000000000000000e+00,0.000000000000000000e+00,0.000000000000000000e+00,3.051861835576142212e+00,3.051861835576142212e+00,-1.500000000000000000e+00,0.000000000000000000e+00
-1.228136835906937341e+00,1.783373321760411967e-01,7.120460280699995037e-01,1.500000000000000000e+00,0.000000000000000000e+00,0.000000000000000000e+00,0.000000000000000000e+00,1.842205253860405900e+00,1.842205253860405900e+00,-1.500000000000000000e+00,0.000000000000000000e+00
-1.410650602673086951e+00,2.912644961734106364e+00,1.890135956135230444e-01,1.500000000000000000e+00,0.000000000000000000e+00,0.000000000000000000e+00,0.000000000000000000e+00,2.115975904009630426e+00,2.115975904009630426e+00,-1.500000000000000000e+00,0.000000000000000000e+00
-1.510917989152886776e+00,7.591744838783693883e-01,1.727759645316522263e-01,1.500000000000000000e+00,0.000000000000000000e+00,0.000000000000000000e+00,0.000000000000000000e+00,2.266376983729330163e+00,2.266376983729330163e+00,-1.500000000000000000e+00,0.000000000000000000e+00
1.696948426389842446e+00,1.070324836624337639e+00,2.843555365004414304e-01,1.500000000000000000e+00,0.000000000000000000e+00,0.000000000000000000e+00,0.000000000000000000e+00,-2.545422639584763669e+00,-2.545422639584763669e+00,-1.500000000000000000e+00,-0.000000000000000000e+00
-2.315772847106197574e+00,7.191779806516144236e-01,9.715768310125846297e-01,1.500000000000000000e+00,0.000000000000000000e+00,0.000000000000000000e+00,0.000000000000000000e+00,3.473659270659296361e+00,3.473659270659296361e+00,-1.500000000000000000e+00,0.000000000000000000e+00
-1.767477944212865859e+00,1.936970689111731980e+00,8.184664274669150030e-01,1.500000000000000000e+00,0.000000000000000000e+00,0.000000000000000000e+00,0.000000000000000000e+00,2.651216916319298900e+00,2.651216916319298900e+00,-1.500000000000000000e+00,0.000000000000000000e+00
1.584822627777136006e-01,2.951729119342198615e+00,4.032404035380598994e-01,1.500000000000000000e+00,0.000000000000000000e+00,0.000000000000000000e+00,0.000000000000000000e+00,-2.377233941665704009e-01,-2.377233941665704009e-01,-1.500000000000000000e+00,-0.000000000000000000e+00
-1.124751228307471429e+00,1.208142007855671496e+00,7.944541606868089634e-01,1.500000000000000000e+00,0.000000000000000000e+00,0.000000000000000000e+00,0.000000000000000000e+00,1.687126842461207143e+00,1.687126842461207143e+00,-1.500000000000000000e+00,0.000000000000000000e+00
-1.559023252297845996e+00,9.639960662318725060e-01,3.614488906663262391e-01,1.500000000000000000e+00,0.000000000000000000e+00,0.000000000000000000e+00,0.000000000000000000e+00,2.338534878446768772e+00,2.338534878446768772e+00,-1.500000000000000000e+00,0.000000000000000000e+00
-7.597018660758116937e-01,1.048482377474462712e+00,1.876032707315993253e-01,1.500000000000000000e+00,0.000000000000000000e+00,0.000000000000000000e+00,0.000000000000000000e+00,1.139552799113717541e+00,1.139552799113717541e+00,-1.500000000000000000e+00,0.000000000000000000e+00
1.212759248765538089e-02,8.131009176277115280e-02,8.970823774864501443e-01,1.500000000000000000e+00,0.000000000000000000e+00,0.000000000000000000e+00,0.000000000000000000e+00,-1.819138873148307134e-02,-1.819138873148307134e-02,-1.500000000000000000e+00,-0.000000000000000000e+00
1.046010645749766432e+00,2.695585020075659255e-01,3.664529998628696106e-02,1.500000000000000000e+00,0.000000000000000000e+00,0.000000000000000000e+00,0.000000000000000000e+00,-1.569015968624649648e+00,-1.569015968624649648e+00,-1.500000000000000000e+00,-0.000000000000000000e+00
2.833332599642928606e+00,1.441439396932613359e-01,7.931354553751437386e-01,1.500000000000000000e+00,0.000000000000000000e+00,0.000000000000000000e+00,0.000000000000000000e+00,-4.249998899464392466e+00,-4.249998899464392466e+00,-1.500000000000000000e+00,-0.000000000000000000e+00
2.115832872855968994e+00,9.717346000934512507e-01,9.597893118419474900e-01,1.500000000000000000e+00,0.000000000000000000e+00,0.000000000000000000e+00,0.000000000000000000e+00,-3.173749309283953490e+00,-3.173749309283953490e+00,-1.500000000000000000e+00,-0.000000000000000000e+00
-4.200455967923897305e-01,2.953118219308070724e+00,8.418342073080398169e-02,1.500000000000000000e+00,0.000000000000000000e+00,0.000000000000000000e+00,0.000000000000000000e+00,6.300683951885845957e-01,6.300683951885845957e-01,-1.500000000000000000e+00,0.000000000000000000e+00
-2.901777624674286571e-01,4.237476664450363639e-01,8.592629999633480953e-01,1.500000000000000000e+00,0.000000000000000000e+00,0.000000000000000000e+00,0.000000000000000000e+00,4.352666437011429856e-01,4.352666437011429856e-01,-1.500000000000000000e+00,0.000000000000000000e+00
-5.057200342418868289e-01,1.646705495423633980e+00,7.800924619819290529e-01,1.500000000000000000e+00,0.000000000000000000e+00,0.000000000000000000e+00,0.000000000000000000e+00,7.585800513628302433e-01,7.585800513628302433e-01,-1.500000000000000000e+00,0.000000000000000000e+00
-1.566397805475128191e+00,6.215028163095184244e-01,4.237097717808058217e-02,1.500000000000000000e+00,0.000000000000000000e+00,0.000000000000000000e+00,0.000000000000000000e+00,2.349596708212692064e+00,2.349596708212692064e+00,-1.500000000000000000e+00,0.000000000000000000e+00
2.710592594420105250e+00,1.103451349793298508e-01,4.441654199395101976e-01,1.500000000000000000e+00,0.000000000000000000e+00,0.000000000000000000e+00,0.000000000000000000e+00,-4.065888891630157431e+00,-4.065888891630157431e+00,-1.500000000000000000e+00,-0.000000000000000000e+00
-2.588041583047209215e+00,2.511018067199334958e+00,2.601336476393983910e-01,1.500000000000000000e+00,0.000000000000000000e+00,0.000000000000000000e+00,0.000000000000000000e+00,3.882062374570813823e+00,3.882062374570813823e+00,-1.500000000000000000e+00,0.000000000000000000e+00
-1.770316232403743362e+00,3.817526968700392098e-01,3.842455851246501242e-01,1.500000000000000000e+00,0.000000000000000000e+00,0.000000000000000000e+00,0.000000000000000000e+00,2.655474348605614932e+00,2.655474348605614932e+00,-1.500000000000000000e+00,0.000000000000000000e+00
9.718867852761796655e-01,4.053961794069130820e-01,3.818044259347881386e-01,1.500000000000000000e+00,0.000000000000000000e+00,0.000000000000000000e+00,0.000000000000000000e+00,-1.457830177914269498e+00,-1.457830177914269498e+00,-1.500000000000000000e+00,-0.000000000000000000e+00
5.373745285191415810e-01,2.451635597162290736e+00,3.945270280968343757e-01,1.500000000000000000e+00,0.000000000000000000e+00,0.000000000000000000e+00,0.000000000000000000e+00,-8.060617927787123715e-01,-8.060617927787123715e-01,-1.500000000000000000e+00,-0.000000000000000000e+00
-1.328116348776445577e+00,7.312254064769430073e-01,9.761117203578084656e-03,1.500000000000000000e+00,0.000000000000000000e+00,0.000000000000000000e+00,0.000000000000000000e+00,1.992174523164668365e+00,1.992174523164668365e+00,-1.500000000000000000e+00,0.000000000000000000e+00
2.621727719350690933e+00,5.967329889437555934e-01,2.712594815314498531e-01,1.500000000000000000e+00,0.000000000000000000e+00,0.000000000000000000e+00,0.000000000000000000e+00,-3.932591579026036399e+00,-3.932591579026036399e+00,-1.500000000000000000e+00,-0.000000000000000000e+00
-5.432703664618947492e-01,2.829567382776700502e+00,2.900340780587540301e-01,1.500000000000000000e+00,0.000000000000000000e+00,0.000000000000000000e+00,0.000000000000000000e+00,8.149055496928421238e-01,8.149055496928421238e-01,-1.500000000000000000e+00,0.000000000000000000e+00
5.775215032657929903e-01,5.829977360630138605e-01,6.493731588069532323e-01,1.500000000000000000e+00,0.000000000000000000e+00,0.000000000000000000e+00,0.000000000000000000e+00,-8.662822548986894855e-01,-8.662822548986894855e-01,-1.500000000000000000e+00,-0.000000000000000000e+00
-2.453841933541165865e+00,2.494952335658561005e+00,6.959390142304530125e-01,1.500000000000000000e+00,0.000000000000000000e+00,0.000000000000000000e+00,0.000000000000000000e+00,3.680762900311748798e+00,3.680762900311748798e+00,-1.500000000000000000e+00,0.000000000000000000e+00
2.345333068976570345e+00,9.202904087651762044e-01,7.504428077958835708e-01,1.500000000000000000e+00,0.000000000000000000e+00,0.000000000000000000e+00,0.000000000000000000e+00,-3.517999603464855518e+00,-3.517999603464855518e+00,-1.500000000000000000e+00,-0.000000000000000000e+00
-2.381978483293260673e+00,1.696985006112833982e+00,6.369972826078200701e-01,1.500000000000000000e+00,0.000000000000000000e+00,0.000000000000000000e+00,0.000000000000000000e+00,3.572967724939891010e+00,3.572967724939891010e+00,-1.500000000000000000e+00,0.000000000000000000e+00
-6.357195178639614142e-01,9.330168878025492107e-01,8.941186005433122697e-01,1.500000000000000000e+00,0.000000000000000000e+00,0.000000000000000000e+00,0.000000000000000000e+00,9.535792767959421212e-01,9.535792767959421212e-01,-1.500000000000000000e+00,0.000000000000000000e+00
2.313445345986787416e+00,1.017641440949809351e+00,5.561828862775570759e-01,1.500000000000000000e+00,0.000000000000000000e+00,0.000000000000000000e+00,0.000000000000000000e+00,-3.470168018980181124e+00,-3.470168018980181124e+00,-1.500000000000000000e+00,-0.000000000000000000e+00
2.669964059538419754e+00,2.796852423224305273e+00,3.133763061036582975e-01,1.500000000000000000e+00,0.000000000000000000e+00,0.000000000000000000e+00,0.000000000000000000e+00,-4.004946089307630075e+00,-4.004946089307630075e+00,-1.500000000000000000e+00,-0.000000000000000000e+00
2.423853891706478692e+00,2.723241607955649624e+00,4.017924888689017315e-02,1.500000000000000000e+00,0.000000000000000000e+00,0.000000000000000000e+00,0.000000000000000000e+00,-3.635780837559718037e+00,-3.635780837559718037e+00,-1.500000000000000000e+00,-0.000000000000000000e+00
1.965558855617288714e+00,5.245029074895969368e-01,7.268460556020917007e-01,1.500000000000000000e+00,0.000000000000000000e+00,0.000000000000000000e+00,0.000000000000000000e+00,-2.948338283425933071e+00,-2.948338283425933071e+00,-1.500000000000000000e+00,-0.000000000000000000e+00
-1.600195317596055711e+00,2.173291285036168752e+00,5.623362607779097688e-01,1.500000000000000000e+00,0.000000000000000000e+00,0.000000000000000000e+00,0.000000000000000000e+00,2.400292976394083677e+00,2.400292976394083677e+00,-1.500000000000000000e+00,0.000000000000000000e+00
-2.808875769572918735e+00,4.186784078129178743e-01,1.633675779860048749e-01,1.500000000000000000e+00,0.000000000000000000e+00,0.000000000000000000e+00,0.000000000000000000e+00,4.213313654359378546e+00,4.213313654359378546e+00,-1.500000000000000000e+00,0.000000000000000000e+00
-2.891427244658810736e-01,8.980232723345881185e-01,5.114523502099329599e-01,1.500000000000000000e+00,0.000000000000000000e+00,0.000000000000000000e+00,0.000000000000000000e+00,4.337140866988216104e-01,4.337140866988216104e-01,-1.500000000000000000e+00,0.000000000000000000e+00
-2.620922485889756182e+00,2.124669685042969158e-01,9.443238674098225482e-01,1.500000000000000000e+00,0.000000000000000000e+00,0.000000000000000000e+00,0.000000000000000000e+00,3.931383728834634272e+00,3.931383728834634272e+00,-1.500000000000000000e+00,0.000000000000000000e+00
2.763205343295400240e+00,1.943656400360480152e+00,6.055045023302021434e-01,1.500000000000000000e+00,0.000000000000000000e+00,0.000000000000000000e+00,0.000000000000000000e+00,-4.144808014943100360e+00,-4.144808014943100360e+00,-1.500000000000000000e+00,-0.000000000000000000e+00
-2.950875340396382995e+00,2.179446235353613925e+00,3.090837469961240647e-01,1.500000000000000000e+00,0.000000000000000000e+00,0.000000000000000000e+00,0.000000000000000000e+00,4.426313010594574493e+00,4.426313010594574493e+00,-1.500000000000000000e+00,0.000000000000000000e+00
-1.047116422674682745e+00,2.238959846013864663e+00,8.067061203521915802e-01,1.500000000000000000e+00,0.000000000000000000e+00,0.000000000000000000e+00,0.000000000000000000e+00,1.570674634012024118e+00,1.570674634012024118e+00,-1.500000000000000000e+00,0.000000000000000000e+00
-1.780246189983983429e+00,2.323135938064001760e+00,3.947719279053872876e-01,1.500000000000000000e+00,0.000000000000000000e+00,0.000000000000000000e+00,0.000000000000000000e+00,2.670369284975975255e+00,2.670369284975975255e+00,-1.500000000000000000e+00,0.000000000000000000e+00
-2.917854431257202563e+00,1.184340977620887081e+00,1.498643980408653764e-02,1.500000000000000000e+00,0.000000000000000000e+00,0.000000000000000000e+00,0.000000000000000000e+00,4.376781646885803845e+00,4.376781646885803845e+00,-1.500000000000000000e+00,0.000000000000000000e+00
-5.531639818082467741e-03,5.315857750399561876e-01,7.973811512436379534e-02,1.500000000000000000e+00,0.000000000000000000e+00,0.000000000000000000e+00,0.000000000000000000e+00,8.297459727123701612e-03,8.297459727123701612e-03,-1.500000000000000000e+00,0.000000000000000000e+00
-2.543701169964974085e+00,1.291936389143655273e-02,9.615285408980442927e-01,1.500000000000000000e+00,0.000000000000000000e+00,0.000000000000000000e+00,0.000000000000000000e+00,3.815551754947461127e+00,3.815551754947461127e+00,-1.500000000000000000e+00,0.000000000000000000e+00
2.399634935700126981e+00,1.320706174987096304e+00,9.366762175777654242e-02,1.500000000000000000e+00,0.000000000000000000e+00,0.000000000000000000e+00,0.000000000000000000e+00,-3.599452403550190471e+00,-3.599452403550190471e+00,-1.500000000000000000e+00,-0.000000000000000000e+00
1.125767535532955499e+00,2.799870434690062027e+00,7.833839580629282651e-01,1.500000000000000000e+00,0.000000000000000000e+00,0.000000000000000000e+00,0.000000000000000000e+00,-1.688651303299433248e+00,-1.688651303299433248e+00,-1.500000000000000000e+00,-0.000000000000000000e+00
-7.799956111745594001e-01,1.346258000420456291e+00,3.069454232778889846e-02,1.500000000000000000e+00,0.000000000000000000e+00,0.000000000000000000e+00,0.000000000000000000e+00,1.169993416761839100e+00,1.169993416761839100e+00,-1.500000000000000000e+00,0.000000000000000000e+00
2.049384445407657296e+00,1.847475923451793900e+00,4.237820786434810527e-01,1.500000000000000000e+00,0.000000000000000000e+00,0.000000000000000000e+00,0.000000000000000000e+00,-3.074076668111485944e+00,-3.074076668111485944e+00,-1.500000000000000000e+00,-0.000000000000000000e+00
1.781145817692106448e+00,2.750220975523849809e+00,2.820328262409248499e-01,1.500000000000000000e+00,0.000000000000000000e+00,0.000000000000000000e+00,0.000000000000000000e+00,-2.671718726538159672e+00,-2.671718726538159672e+00,-1.500000000000000000e+00,-0.000000000000000000e+00
-1.041353444212276269e+00,2.587577305351235868e+00,3.440483048165178248e-01,1.500000000000000000e+00,0.000000000000000000e+00,0.000000000000000000e+00,0.000000000000000000e+00,1.562030166318414404e+00,1.562030166318414404e+00,-1.500000000000000000e+00,0.000000000000000000e+00
2.083369007163211606e+00,2.219365424994004243e+00,9.088714410412701561e-02,1.500000000000000000e+00,0.000000000000000000e+00,0.000000000000000000e+00,0.000000000000000000e+00,-3.125053510744817409e+00,-3.125053510744817409e+00,-1.500000000000000000e+00,-0.000000000000000000e+00
2.576386797140232332e+00,1.777014660808553304e+00,4.019991553896246073e-01,1.500000000000000000e+00,0.000000000000000000e+00,0.000000000000000000e+00,0.000000000000000000e+00,-3.864580195710348498e+00,-3.864580195710348498e+00,-1.500000000000000000e+00,-0.000000000000000000e+00
7.193504187261487992e-01,6.954544228011846352e-01,7.592818902017645089e-01,1.500000000000000000e+00,0.000000000000000000e+00,0.000000000000000000e+00,0.000000000000000000e+00,-1.079025628089223199e+00,-1.079025628089223199e+00,-1.500000000000000000e+00,-0.000000000000000000e+00
-8.893020323711278152e-01,2.246080567583568666e+00,5.247826186664873438e-01,1.500000000000000000e+00,0.000000000000000000e+00,0.000000000000000000e+00,0.000000000000000000e+00,1.333953048556691723e+00,1.333953048556691723e+00,-1.500000000000000000e+00,0.000000000000000000e+00
2.403516289415311036e+00,1.252882045103019371e+00,1.321585510861978952e-01,1.500000000000000000e+00,0.000000000000000000e+00,0.000000000000000000e+00,0.000000000000000000e+00,-3.605274434122966554e+00,-3.605274434122966554e+00,-1.500000000000000000e+00,-0.000000000000000000e+00
2.657198720238902467e+00,2.118832783390292462e+00,8.055072393574569389e-01,1.500000000000000000e+00,0.000000000000000000e+00,0.000000000000000000e+00,0.000000000000000000e+00,-3.985798080358353701e+00,-3.985798080358353701e+00,-1.500000000000000000e+00,-0.000000000000000000e+00
-9.162965288829498789e-01,6.701833902893509221e-01,8.713113618448752318e-01,1.500000000000000000e+00,0.000000000000000000e+00,0.000000000000000000e+00,0.000000000000000000e+00,1.374444793324424818e+00,1.374444793324424818e+00,-1.500000000000000000e+00,0.000000000000000000e+00
-2.482248465253434233e+00,2.822081499261295701e+00,4.562131433790252988e-01,1.500000000000000000e+00,0.000000000000000000e+00,0.000000000000000000e+00,0.000000000000000000e+00,3.723372697880151350e+00,3.723372697880151350e+00,-1.500000000000000000e+00,0.000000000000000000e+00
2.206860684605330469e+00,4.921459844568520925e-01,3.591839845527090569e-01,1.500000000000000000e+00,0.000000000000000000e+00,0.000000000000000000e+00,0.000000000000000000e+00,-3.310291026907995704e+00,-3.310291026907995704e+00,-1.500000000000000000e+00,-0.000000000000000000e+00
9.887602413839156057e-01,2.372283839611962986e+00,1.778725842956541126e-02,1.500000000000000000e+00,0.000000000000000000e+00,0.000000000000000000e+00,0.000000000000000000e+00,-1.483140362075873409e+00,-1.483140362075873409e+00,-1.500000000000000000e+00,-0.000000000000000000e+00
-1.608013054507746897e+00,2.671060956894197425e+00,7.055479102776007760e-02,1.500000000000000000e+00,0.000000000000000000e+00,0.000000000000000000e+00,0.000000000000000000e+00,2.412019581761620124e+00,2.412019581761620124e+00,-1.500000000000000000e+00,0.000000000000000000e+00
4.015632803050355193e-01,4.560979501137439884e-01,3.753200324939197641e-01,1.500000000000000000e+00,0.000000000000000000e+00,0.000000000000000000e+00,0.000000000000000000e+00,-6.023449204575532789e-01,-6.023449204575532789e-01,-1.500000000000000000e+00,-0.000000000000000000e+00
-1.150837985284113296e+00,2.595127573106194241e+00,1.133235411979323093e-01,1.500000000000000000e+00,0.000000000000000000e+00,0.000000000000000000e+00,0.000000000000000000e+00,1.726256977926170055e+00,1.726256977926170055e+00,-1.500000000000000000e+00,0.000000000000000000e+00
2.515130262052460708e+00,1.933095959058827251e+00,9.694479351389687638e-01,1.500000000000000000e+00,0.000000000000000000e+00,0.000000000000000000e+00,0.000000000000000000e+00,-3.772695393078691062e+00,-3.772695393078691062e+00,-1.500000000000000000e+00,-0.000000000000000000e+00
-9.473117034363296440e-01,1.810662306488247442e+00,6.441363287234038726e-01,1.500000000000000000e+00,0.000000000000000000e+00,0.000000000000000000e+00,0.000000000000000000e+00,1.420967555154494466e+00,1.420967555154494466e+00,-1.500000000000000000e+00,0.000000000000000000e+00
-1.822451926766127439e+00,7.620781706603477756e-01,3.128421259606919413e-01,1.500000000000000000e+00,0.000000000000000000e+00,0.000000000000000000e+00,0.000000000000000000e+00,2.733677890149190937e+00,2.733677890149190937e+00,-1.500000000000000000e+00,0.000000000000000000e+00
-2.740744956789849418e+00,9.851304382319616693e-01,5.849716154392142764e-01,1.500000000000000000e+00,0.000000000000000000e+00,0.000000000000000000e+00,0.000000000000000000e+00,4.111117435184773683e+00,4.111117435184773683e+00,-1.500000000000000000e+00,0.000000000000000000e+00
-9.448974734842172651e-01,7.052959545337975644e-01,1.682080897254166763e-01,1.500000000000000000e+00,0.000000000000000000e+00,0.000000000000000000e+00,0.000000000000000000e+00,1.417346210226325898e+00,1.417346210226325898e+00,-1.500000000000000000e+00,0.000000000000000000e+00
2.936684031502887038e+00,1.324169430226372235e+00,9.173185883114953754e-01,1.500000000000000000e+00,0.000000000000000000e+00,0.000000000000000000e+00,0.000000000000000000e+00,-4.405026047254330557e+00,-4.405026047254330557e+00,-1.500000000000000000e+00,-0.000000000000000000e+00
-1.689961516037854050e+00,1.943640999515718226e+00,5.007836101155690445e-01,1.500000000000000000e+00,0.000000000000000000e+00,0.000000000000000000e+00,0.000000000000000000e+00,2.534942274056780853e+00,2.534942274056780853e+00,-1.500000000000000000e+00,0.000000000000000000e+00
-2.516921533852674031e-01,2.186158133343651500e+00,6.996102342061496504e-01,1.500000000000000000e+00,0.000000000000000000e+00,0.000000000000000000e+00,0.000000000000000000e+00,3.775382300779011047e-01,3.775382300779011047e-01,-1.500000000000000000e+00,0.000000000000000000e+00
2.832639721917680653e+00,2.117202200109897348e+00,1.820385227158584085e-01,1.500000000000000000e+00,0.000000000000000000e+00,0.000000000000000000e+00,0.000000000000000000e+00,-4.248959582876521424e+00,-4.248959582876521424e+00,-1.500000000000000000e+00,-0.000000000000000000e+00
-2.959714942790207637e+00,1.040451404836445493e+00,4.737584993854290216e-01,1.500000000000000000e+00,0.000000000000000000e+00,0.000000000000000000e+00,0.000000000000000000e+00,4.439572414185311899e+00,4.439572414185311899e+00,-1.500000000000000000e+00,0.000000000000000000e+00
-1.229621046389972605e+00,1.008423774748042234e+00,7.138349949809563721e-01,1.500000000000000000e+00,0.000000000000000000e+00,0.000000000000000000e+00,0.000000000000000000e+00,1.844431569584958908e+00,1.844431569584958908e+00,-1.500000000000000000e+00,0.000000000000000000e+00
1.927104517333533273e+00,2.290426001738489870e+00,3.874500304480247292e-01,1.500000000000000000e+00,0.000000000000000000e+00,0.000000000000000000e+00,0.000000000000000000e+00,-2.890656776000299910e+00,-2.890656776000299910e+00,-1.500000000000000000e+00,-0.000000000000000000e+00
-2.425609867147289211e+00,2.921595047115011390e+00,6.505994860060693163e-02,1.500000000000000000e+00,0.000000000000000000e+00,0.000000000000000000e+00,0.000000000000000000e+00,3.638414800720934039e+00,3.638414800720934039e+00,-1.500000000000000000e+00,0.000000000000000000e+00
2.569776759799071719e+00,6.648585772020689788e-01,4.691654403032462506e-01,1.500000000000000000e+00,0.000000000000000000e+00,0.000000000000000000e+00,0.000000000000000000e+00,-3.854665139698607579e+00,-3.854665139698607579e+00,-1.500000000000000000e+00,-0.000000000000000000e+00
2.007344621245571226e+00,1.238411140389070297e+00,8.240060697080183738e-01,1.500000000000000000e+00,0.000000000000000000e+00,0.000000000000000000e+00,0.000000000000000000e+00,-3.011016931868356838e+00,-3.011016931868356838e+00,-1.500000000000000000e+00,-0.000000000000000000e+00
-2.141690050005605528e+00,8.284535382910764856e-01,4.620982866070221240e-01,1.500000000000000000e+00,0.000000000000000000e+00,0.000000000000000000e+00,0.000000000000000000e+00,3.212535075008408292e+00,3.212535075008408292e+00,-1.500000000000000000e+00,0.000000000000000000e+00
5.540756128235404532e-01,2.923883163758527193e+00,9.797318062517375026e-01,1.500000000000000000e+00,0.000000000000000000e+00,0.000000000000000000e+00,0.000000000000000000e+00,-8.311134192353106798e-01,-8.311134192353106798e-01,-1.500000000000000000e+00,-0.000000000000000000e+00
3.329895065680377186e-01,4.932809104039270753e-02,5.596011659359391155e-01,1.500000000000000000e+00,0.000000000000000000e+00,0.000000000000000000e+00,0.000000000000000000e+00,-4.994842598520565780e-01,-4.994842598520565780e-01,-1.500000000000000000e+00,-0.000000000000000000e+00
1.162161117699762158e+00,2.677136683495759506e+00,8.827111538718580563e-01,1.500000000000000000e+00,0.000000000000000000e+00,0.000000000000000000e+00,0.000000000000000000e+00,-1.743241676549643238e+00,-1.743241676549643238e+00,-1.500000000000000000e+00,-0.000000000000000000e+00
-1.158957916745944061e+00,2.302398690273254278e+00,3.255533598368487436e-02,1.500000000000000000e+00,0.000000000000000000e+00,0.000000000000000000e+00,0.000000000000000000e+00,1.738436875118916092e+00,1.738436875118916092e+00,-1.500000000000000000e+00,0.000000000000000000e+00
-6.950723358069499369e-01,9.955700629524633083e-01,6.313565563589331742e-01,1.500000000000000000e+00,0.000000000000000000e+00,0.000000000000000000e+00,0.000000000000000000e+00,1.042608503710424905e+00,1.042608503710424905e+00,-1.500000000000000000e+00,0.000000000000000000e+00
-1.555193808305514791e+00,2.041363622435426350e+00,5.103523868943138364e-01,1.500000000000000000e+00,0.000000000000000000e+00,0.000000000000000000e+00,0.000000000000000000e+00,2.332790712458272075e+00,2.332790712458272075e+00,-1.500000000000000000e+00,0.000000000000000000e+00
-1.248603031068106217e+00,1.108949794711459713e+00,3.578492104058292878e-01,1.500000000000000000e+00,0.000000000000000000e+00,0.000000000000000000e+00,0.000000000000000000e+00,1.872904546602159215e+00,1.872904546602159215e+00,-1.500000000000000000e+00,0.000000000000000000e+00
-1.945627545850825868e+00,1.910514645658381916e+00,9.021039542520343790e-01,1.500000000000000000e+00,0.000000000000000000e+00,0.000000000000000000e+00,0.000000000000000000e+00,2.918441318776238802e+00,2.918441318776238802e+00,-1.500000000000000000e+00,0.000000000000000000e+00
2.426418038623719298e+00,1.276056132011565536e+00,9.199319072806622088e-02,1.500000000000000000e+00,0.000000000000000000e+00,0.000000000000000000e+00,0.000000000000000000e+00,-3.639627057935578947e+00,-3.639627057935578947e+00,-1.500000000000000000e+00,-0.000000000000000000e+00
2.324544882766044651e+00,2.745067697542864948e+00,4.860513694809358576e-01,1.500000000000000000e+00,0.000000000000000000e+00,0.000000000000000000e+00,0.000000000000000000e+00,-3.486817324149066977e+00,-3.486817324149066977e+00,-1.500000000000000000e+00,-0.000000000000000000e+00
-8.399004309934370305e-01,1.372835132591863738e+00,3.064840475218378879e-01,1.500000000000000000e+00,0.000000000000000000e+00,0.000000000000000000e+00,0.000000000000000000e+00,1.259850646490155546e+00,1.259850646490155546e+00,-1.500000000000000000e+00,0.000000000000000000e+00
1.159307775759331527e+00,2.436932145529763893e+00,9.600251850705961987e-01,1.500000000000000000e+00,0.000000000000000000e+00,0.000000000000000000e+00,0.000000000000000000e+00,-1.738961663638997290e+00,-1.738961663638997290e+00,-1.500000000000000000e+00,-0.000000000000000000e+00
-5.834693679100322328e-02,1.728789323232483355e+00,7.816649022622056409e-01,1.500000000000000000e+00,0.000000000000000000e+00,0.000000000000000000e+00,0.000000000000000000e+00,8.752040518650483492e-02,8.752040518650483492e-02,-1.500000000000000000e+00,0.000000000000000000e+00
-1.315303640387788908e+00,1.117334694341834300e+00,2.007186753525777023e-01,1.500000000000000000e+00,0.000000000000000000e+00,0.000000000000000000e+00,0.000000000000000000e+00,1.972955460581683251e+00,1.972955460581683251e+00,-1.500000000000000000e+00,0.000000000000000000e+00
-9.023747220942741620e-01,2.900208487463960871e+00,1.277349638088693951e-01,1.500000000000000000e+00,0.000000000000000000e+00,0.000000000000000000e+00,0.000000000000000000e+00,1.353562083141411243e+00,1.353562083141411243e+00,-1.500000000000000000e+00,0.000000000000000000e+00
2.790934137891526667e+00,5.861559300752685608e-01,2.376556269576524105e-02,1.500000000000000000e+00,0.000000000000000000e+00,0.000000000000000000e+00,0.000000000000000000e+00,-4.186401206837290445e+00,-4.186401206837290445e+00,-1.500000000000000000e+00,-0.000000000000000000e+00
-9.512312363632937640e-01,2.724511424723280673e+00,1.795720154241271516e-01,1.500000000000000000e+00,0.000000000000000000e+00,0.000000000000000000e+00,0.000000000000000000e+00,1.426846854544940646e+00,1.426846854544940646e+00,-1.500000000000000000e+00,0.000000000000000000e+00
4.719986262737672078e-01,2.943889856562956986e+00,9.289921309736483002e-01,1.500000000000000000e+00,0.000000000000000000e+00,0.000000000000000000e+00,0.000000000000000000e+00,-7.079979394106508117e-01,-7.079979394106508117e-01,-1.500000000000000000e+00,-0.000000000000000000e+00
2.670614932870153169e+00,2.547246979028989777e+00,8.728418063325457110e-01,1.500000000000000000e+00,0.000000000000000000e+00,0.000000000000000000e+00,0.000000000000000000e+00,-4.005922399305229753e+00,-4.005922399305229753e+00,-1.500000000000000000e+00,-0.000000000000000000e+00
-1.214436775295806736e+00,1.831209335880875200e+00,7.999320181255907825e-01,1.500000000000000000e+00,0.000000000000000000e+00,0.000000000000000000e+00,0.000000000000000000e+00,1.821655162943710105e+00,1.821655162943710105e+00,-1.500000000000000000e+00,0.000000000000000000e+00
1.853640195286678782e+00,1.867312758432948083e+00,4.003151023029160038e-01,1.500000000000000000e+00,0.000000000000000000e+00,0.000000000000000000e+00,0.000000000000000000e+00,-2.780460292930018174e+00,-2.780460292930018174e+00,-1.500000000000000000e+00,-0.000000000000000000e+00
-2.315515262942319019e+00,2.785294346833367740e+00,4.818321579275041122e-01,1.500000000000000000e+00,0.000000000000000000e+00,0.000000000000000000e+00,0.000000000000000000e+00,3.473272894413478529e+00,3.473272894413478529e+00,-1.500000000000000000e+00,0.000000000000000000e+00
1.399983108129302600e+00,1.299342691233249303e+00,5.752191385669952473e-01,1.500000000000000000e+00,0.000000000000000000e+00,0.000000000000000000e+00,0.000000000000000000e+00,-2.099974662193953900e+00,-2.099974662193953900e+00,-1.500000000000000000e+00,-0.000000000000000000e+00
1.840126249268092984e+00,2.473101624444681512e+00,8.102140650359311858e-01,1.500000000000000000e+00,0.000000000000000000e+00,0.000000000000000000e+00,0.000000000000000000e+00,-2.760189373902139476e+00,-2.760189373902139476e+00,-1.500000000000000000e+00,-0.000000000000000000e+00
2.024662847548496458e+00,2.323875309255657218e+00,4.256859907809662502e-03,1.500000000000000000e+00,0.000000000000000000e+00,0.000000000000000000e+00,0.000000000000000000e+00,-3.036994271322744687e+00,-3.036994271322744687e+00,-1.500000000000000000e+00,-0.000000000000000000e+00
2.850318081218070176e+00,2.576055066157025841e+00,1.812871105226765422e-01,1.500000000000000000e+00,0.000000000000000000e+00,0.000000000000000000e+00,0.000000000000000000e+00,-4.275477121827105265e+00,-4.275477121827105265e+00,-1.500000000000000000e+00,-0.000000000000000000e+00
1.265632432788515338e+00,1.322113624232350126e+00,5.813978614901077480e-01,1.500000000000000000e+00,0.000000000000000000e+00,0.000000000000000000e+00,0.000000000000000000e+00,-1.898448649182773007e+00,-1.898448649182773007e+00,-1.500000000000000000e+00,-0.000000000000000000e+00
2.863266434190929743e+00,1.957614985684462017e+00,1.413407677423862419e-01,1.500000000000000000e+00,0.000000000000000000e+00,0.000000000000000000e+00,0.000000000000000000e+00,-4.294899651286394615e+00,-4.294899651286394615e+00,-1.500000000000000000e+00,-0.000000000000000000e+00
-1.329879991628609037e+00,2.767998857485278741e-01,9.381352263557133364e-01,1.500000000000000000e+00,0.000000000000000000e+00,0.000000000000000000e+00,0.000000000000000000e+00,1.994819987442913556e+00,1.994819987442913556e+00,-1.500000000000000000e+00,0.000000000000000000e+00
1.293652623666199375e-01,2.162612736158540105e-01,4.462482800041178699e-02,1.500000000000000000e+00,0.000000000000000000e+00,0.000000000000000000e+00,0.000000000000000000e+00,-1.940478935499299062e-01,-1.940478935499299062e-01,-1.500000000000000000e+00,-0.000000000000000000e+00
-1.715554876533694761e+00,3.224087583967516490e-01,9.736388361429466620e-01,1.500000000000000000e+00,0.000000000000000000e+00,0.000000000000000000e+00,0.000000000000000000e+00,2.573332314800542253e+00,2.573332314800542253e+00,-1.500000000000000000e+00,0.000000000000000000e+00
-2.498827623161123057e+00,2.206102498022102232e+00,2.145518751692765402e-01,1.500000000000000000e+00,0.000000000000000000e+00,0.000000000000000000e+00,0.000000000000000000e+00,3.748241434741684586e+00,3.748241434741684586e+00,-1.500000000000000000e+00,0.000000000000000000e+00
-3.663818731343875257e-01,1.065353162042530055e+00,1.938480331601813988e-01,1.500000000000000000e+00,0.000000000000000000e+00,0.000000000000000000e+00,0.000000000000000000e+00,5.495728097015812885e-01,5.495728097015812885e-01,-1.500000000000000000e+00,0.000000000000000000e+00
1.318082226880962438e+00,2.725095022006545964e+00,4.244472389411185764e-01,1.500000000000000000e+00,0.000000000000000000e+00,0.000000000000000000e+00,0.000000000000000000e+00,-1.977123340321443656e+00,-1.977123340321443656e+00,-1.500000000000000000e+00,-0.000000000000000000e+00
1.670681186208998525e+00,2.376550820668111852e-01,6.378514042345401203e-01,1.500000000000000000e+00,0.000000000000000000e+00,0.000000000000000000e+00,0.000000000000000000e+00,-2.506021779313497788e+00,-2.506021779313497788e+00,-1.500000000000000000e+00,-0.000000000000000000e+00
-2.898069241798603812e+00,5.172116333539534816e-01,9.795733976585990765e-01,1.500000000000000000e+00,0.000000000000000000e+00,0.000000000000000000e+00,0.000000000000000000e+00,4.347103862697905718e+00,4.347103862697905718e+00,-1.500000000000000000e+00,0.000000000000000000e+00
2.653314451352640546e+00,2.508871332690767453e+00,4.762944962417189343e-01,1.500000000000000000e+00,0.000000000000000000e+00,0.000000000000000000e+00,0.000000000000000000e+00,-3.979971677028960819e+00,-3.979971677028960819e+00,-1.500000000000000000e+00,-0.000000000000000000e+00
-1.516599248080660045e+00,1.255357971559480479e+00,8.981018939417145797e-01,1.500000000000000000e+00,0.000000000000000000e+00,0.000000000000000000e+00,0.000000000000000000e+00,2.274898872120989957e+00,2.274898872120989957e+00,-1.500000000000000000e+00,0.000000000000000000e+00
-1.246798702677156090e+00,6.610734505785877957e-01,8.904872959362872820e-01,1.500000000000000000e+00,0.000000000000000000e+00,0.000000000000000000e+00,0.000000000000000000e+00,1.870198054015734135e+00,1.870198054015734135e+00,-1.500000000000000000e+00,0.000000000000000000e+00
1.994471915359589786e+00,2.342936875174054467e+00,9.844695263159314313e-01,1.500000000000000000e+00,0.000000000000000000e+00,0.000000000000000000e+00,0.000000000000000000e+00,-2.991707873039384680e+00,-2.991707873039384680e+00,-1.500000000000000000e+00,-0.000000000000000000e+00
2.365289142263542033e+00,7.033043128684521861e-01,3.598899010996832182e-01,1.500000000000000000e+00,0.000000000000000000e+00,0.000000000000000000e+00,0.000000000000000000e+00,-3.547933713395313049e+00,-3.547933713395313049e+00,-1.500000000000000000e+00,-0.000000000000000000e+00
1.418621198343931411e+00,2.920362609496278239e+00,4.745309211720680764e-01,1.500000000000000000e+00,0.000000000000000000e+00,0.000000000000000000e+00,0.000000000000000000e+00,-2.127931797515897117e+00,-2.127931797515897117e+00,-1.500000000000000000e+00,-0.000000000000000000e+00
-1.003100348003757913e+00,8.247860480279840534e-01,2.161797462088377308e-02,1.500000000000000000e+00,0.000000000000000000e+00,0.000000000000000000e+00,0.000000000000000000e+00,1.504650522005636759e+00,1.504650522005636759e+00,-1.500000000000000000e+00,0.000000000000000000e+00
-2.229450915978556935e-01,2.575623794569393166e+00,3.838086481050679843e-01,1.500000000000000000e+00,0.000000000000000000e+00,0.000000000000000000e+00,0.000000000000000000e+00,3.344176373967835403e-01,3.344176373967835403e-01,-1.500000000000000000e+00,0.000000000000000000e+00
2.007630487399728381e+00,1.438792526533732463e+00,3.536181657025136982e-01,1.500000000000000000e+00,0.000000000000000000e+00,0.000000000000000000e+00,0.000000000000000000e+00,-3.011445731099592571e+00,-3.011445731099592571e+00,-1.500000000000000000e+00,-0.000000000000000000e+00
-8.561487420604687593e-01,2.805926575344863672e+00,1.244040533362107404e-01,1.500000000000000000e+00,0.000000000000000000e+00,0.000000000000000000e+00,0.000000000000000000e+00,1.284223113090703139e+00,1.284223113090703139e+00,-1.500000000000000000e+00,0.000000000000000000e+00
1.831836037631521918e+00,8.887835245345624413e-01,8.324510122424878533e-01,1.500000000000000000e+00,0.000000000000000000e+00,0.000000000000000000e+00,0.000000000000000000e+00,-2.747754056447282878e+00,-2.747754056447282878e+00,-1.500000000000000000e+00,-0.000000000000000000e+00
1.692056739851816261e+00,2.775345112948008897e+00,2.791829781133642330e-01,1.500000000000000000e+00,0.000000000000000000e+00,0.000000000000000000e+00,0.000000000000000000e+00,-2.538085109777724391e+00,-2.538085109777724391e+00,-1.500000000000000000e+00,-0.000000000000000000e+00
-1.879712931657082642e-01,9.082003305677990301e-01,1.307596093696572481e-01,1.500000000000000000e+00,0.000000000000000000e+00,0.000000000000000000e+00,0.000000000000000000e+00,2.819569397485623963e-01,2.819569397485623963e-01,-1.500000000000000000e+00,0.000000000000000000e+00
2.379330286008123352e+00,1.344513652298924722e+00,1.154660644723242147e-01,1.500000000000000000e+00,0.000000000000000000e+00,0.000000000000000000e+00,0.000000000000000000e+00,-3.568995429012185028e+00,-3.568995429012185028e+00,-1.500000000000000000e+00,-0.000000000000000000e+00
-6.928814760727233235e-01,1.897751497827171896e+00,2.445336270590137140e-02,1.500000000000000000e+00,0.000000000000000000e+00,0.000000000000000000e+00,0.000000000000000000e+00,1.039322214109084985e+00,1.039322214109084985e+00,-1.500000000000000000e+00,0.000000000000000000e+00
1.499491920135982426e+00,1.663500378846336503e+00,7.552087087172082436e-01,1.500000000000000000e+00,0.000000000000000000e+00,0.000000000000000000e+00,0.000000000000000000e+00,-2.249237880203973639e+00,-2.249237880203973639e+00,-1.500000000000000000e+00,-0.000000000000000000e+00
8.384929412690804718e-01,2.012508565398167804e+00,5.319783460013091103e-01,1.500000000000000000e+00,0.000000000000000000e+00,0.000000000000000000e+00,0.000000000000000000e+00,-1.257739411903620708e+00,-1.257739411903620708e+00,-1.500000000000000000e+00,-0.000000000000000000e+00
-1.012496003305866088e+00,2.087962692336299497e+00,5.236175376375051815e-01,1.500000000000000000e+00,0.000000000000000000e+00,0.000000000000000000e+00,0.000000000000000000e+00,1.518744004958799021e+00,1.518744004958799021e+00,-1.500000000000000000e+00,0.000000000000000000e+00
1.907037073626964840e-01,8.034252541456721186e-01,4.137488364103482086e-01,1.500000000000000000e+00,0.000000000000000000e+00,0.000000000000000000e+00,0.000000000000000000e+00,-2.860555610440447261e-01,-2.860555610440447261e-01,-1.500000000000000000e+00,-0.000000000000000000e+00
6.362392623280079818e-01,2.626248351982962692e-02,9.638093520728334695e-01,1.500000000000000000e+00,0.000000000000000000e+00,0.000000000000000000e+00,0.000000000000000000e+00,-9.543588934920119726e-01,-9.543588934920119726e-01,-1.500000000000000000e+00,-0.000000000000000000e+00
2.209555445324324907e-01,2.170463451641487129e+00,3.780148385131466560e-01,1.500000000000000000e+00,0.000000000000000000e+00,0.000000000000000000e+00,0.000000000000000000e+00,-3.314333167986487361e-01,-3.314333167986487361e-01,-1.500000000000000000e+00,-0.000000000000000000e+00
-2.335685544862343033e+00,1.800803358541383847e+00,4.748675027197305498e-01,1.500000000000000000e+00,0.000000000000000000e+00,0.000000000000000000e+00,0.000000000000000000e+00,3.503528317293514327e+00,3.503528317293514327e+00,-1.500000000000000000e+00,0.000000000000000000e+00
2.948703546644305007e+00,1.690167494148238969e+00,6.900078978664647700e-01,1.500000000000000000e+00,0.000000000000000000e+00,0.000000000000000000e+00,0.000000000000000000e+00,-4.423055319966457510e+00,-4.423055319966457510e+00,-1.500000000000000000e+00,-0.000000000000000000e+00
2.799627549836803730e+00,1.487133565047873418e+00,9.290794381466385143e-01,1.500000000000000000e+00,0.000000000000000000e+00,0.000000000000000000e+00,0.000000000000000000e+00,-4.199441324755206040e+00,-4.199441324755206040e+00,-1.500000000000000000e+00,-0.000000000000000000e+00
-2.775153122838377673e+00,2.785263566120858680e+00,8.585343382107706312e-01,1.500000000000000000e+00,0.000000000000000000e+00,0.000000000000000000e+00,0.000000000000000000e+00,4.162729684257566731e+00,4.162729684257566731e+00,-1.500000000000000000e+00,0.000000000000000000e+00
2.665678826457635431e+00,8.910305597407204292e-01,8.815615061290271726e-01,1.500000000000000000e+00,0.000000000000000000e+00,0.000000000000000000e+00,0.000000000000000000e+00,-3.998518239686453146e+00,-3.998518239686453146e+00,-1.500000000000000000e+00,-0.000000000000000000e+00
1.889330758387934850e-01,2.736050687235156875e+00,1.832631993902616996e-01,1.500000000000000000e+00,0.000000000000000000e+00,0.000000000000000000e+00,0.000000000000000000e+00,-2.833996137581902275e-01,-2.833996137581902275e-01,-1.500000000000000000e+00,-0.000000000000000000e+00
-2.245772973928604976e+00,5.037932461295528963e-01,9.445695094654517066e-01,1.500000000000000000e+00,0.000000000000000000e+00,0.000000000000000000e+00,0.000000000000000000e+00,3.368659460892907465e+00,3.368659460892907465e+00,-1.500000000000000000e+00,0.000000000000000000e+00
1.923414347493941357e+00,2.083516633120211736e+00,8.238567065737499862e-01,1.500000000000000000e+00,0.000000000000000000e+00,0.000000000000000000e+00,0.000000000000000000e+00,-2.885121521240912035e+00,-2.885121521240912035e+00,-1.500000000000000000e+00,-0.000000000000000000e+00
-4.022094694994229336e-01,2.824537565675188322e+00,3.297825660772510936e-01,1.500000000000000000e+00,0.000000000000000000e+00,0.000000000000000000e+00,0.000000000000000000e+00,6.033142042491344004e-01,6.033142042491344004e-01,-1.500000000000000000e+00,0.000000000000000000e+00
1.279143993574781923e+00,4.626371107620337320e-01,8.054025967193703117e-01,1.500000000000000000e+00,0.000000000000000000e+00,0.000000000000000000e+00,0.000000000000000000e+00,-1.918715990362172885e+00,-1.918715990362172885e+00,-1.500000000000000000e+00,-0.000000000000000000e+00
1.963339908992294269e+00,2.310416487317423773e+00,9.528481620863188395e-01,1.500000000000000000e+00,0.000000000000000000e+00,0.000000000000000000e+00,0.000000000000000000e+00,-2.945009863488441404e+00,-2.945009863488441404e+00,-1.500000000000000000e+00,-0.000000000000000000e+00
2.282378299056202486e-01,8.191573111642224125e-01,7.433214040150013524e-01,1.500000000000000000e+00,0.000000000000000000e+00,0.000000000000000000e+00,0.000000000000000000e+00,-3.423567448584303730e-01,-3.423567448584303730e-01,-1.500000000000000000e+00,-0.000000000000000000e+00
-2.702008241750372353e+00,1.770968543271506102e-01,7.386806181991379949e-01,1.500000000000000000e+00,0.000000000000000000e+00,0.000000000000000000e+00,0.000000000000000000e+00,4.053012362625558751e+00,4.053012362625558751e+00,-1.500000000000000000e+00,0.000000000000000000e+00
1.934824876856625409e+00,1.293632558403632782e+00,8.385274528819519624e-01,1.500000000000000000e+00,0.000000000000000000e+00,0.000000000000000000e+00,0.000000000000000000e+00,-2.902237315284938113e+00,-2.902237315284938113e+00,-1.500000000000000000e+00,-0.000000000000000000e+00
1.164229948299932538e+00,2.096921642629954619e+00,8.787671616315786416e-01,1.500000000000000000e+00,0.000000000000000000e+00,0.000000000000000000e+00,0.000000000000000000e+00,-1.746344922449898807e+00,-1.746344922449898807e+00,-1.500000000000000000e+00,-0.000000000000000000e+00
2.460848670666938354e+00,8.503398296167919979e-01,7.811801991260478584e-01,1.500000000000000000e+00,0.000000000000000000e+00,0.000000000000000000e+00,0.000000000000000000e+00,-3.691273006000407531e+00,-3.691273006000407531e+00,-1.500000000000000000e+00,-0.000000000000000000e+00
-1.379177454241833578e+00,2.850783861808559028e+00,7.772426024617851148e-02,1.500000000000000000e+00,0.000000000000000000e+00,0.000000000000000000e+00,0.000000000000000000e+00,2.068766181362750256e+00,2.068766181362750256e+00,-1.500000000000000000e+00,0.000000000000000000e+00
1.711027981873772141e+00,6.806028760579674319e-03,2.086464417003732752e-01,1.500000000000000000e+00,0.000000000000000000e+00,0.000000000000000000e+00,0.000000000000000000e+00,-2.566541972810658212e+00,-2.566541972810658212e+00,-1.500000000000000000e+00,-0.000000000000000000e+00
2.238705767320064766e+00,8.033424423727171249e-01,1.208015637021879751e-01,1.500000000000000000e+00,0.000000000000000000e+00,0.000000000000000000e+00,0.000000000000000000e+00,-3.358058650980097148e+00,-3.358058650980097148e+00,-1.500000000000000000e+00,-0.000000000000000000e+00
-8.696933896528085128e-01,1.024826629863119898e+00,4.659708173934465902e-01,1.500000000000000000e+00,0.000000000000000000e+00,0.000000000000000000e+00,0.000000000000000000e+00,1.304540084479212769e+00,1.304540084479212769e+00,-1.500000000000000000e+00,0.000000000000000000e+00
-5.388719425709345145e-01,1.112652186374549768e+00,6.564085465793612073e-02,1.500000000000000000e+00,0.000000000000000000e+00,0.000000000000000000e+00,0.000000000000000000e+00,8.083079138564017718e-01,8.083079138564017718e-01,-1.500000000000000000e+00,0.000000000000000000e+00
-9.960751885341077028e-01,8.990447032228853219e-01,5.506113421721919865e-01,1.500000000000000000e+00,0.000000000000000000e+00,0.000000000000000000e+00,0.000000000000000000e+00,1.494112782801161554e+00,1.494112782801161554e+00,-1.500000000000000000e+00,0.000000000000000000e+00
-2.965634713199182038e+00,6.410546962694096962e-02,9.242930404447491366e-01,1.500000000000000000e+00,0.000000000000000000e+00,0.000000000000000000e+00,0.000000000000000000e+00,4.448452069798772612e+00,4.448452069798772612e+00,-1.500000000000000000e+00,0.000000000000000000e+00
-1.610655634356137123e+00,6.298640270865955015e-01,9.815333770627965304e-01,1.500000000000000000e+00,0.000000000000000000e+00,0.000000000000000000e+00,0.000000000000000000e+00,2.415983451534205795e+00,2.415983451534205795e+00,-1.500000000000000000e+00,0.000000000000000000e+00
-1.010781935194736247e+00,7.849215939232343509e-01,3.748471312136958389e-02,1.500000000000000000e+00,0.000000000000000000e+00,0.000000000000000000e+00,0.000000000000000000e+00,1.516172902792104260e+00,1.516172902792104260e+00,-1.500000000000000000e+00,0.000000000000000000e+00
-2.349577171197459791e+00,2.017468864308427978e+00,6.825572574059562969e-01,1.500000000000000000e+00,0.000000000000000000e+00,0.000000000000000000e+00,0.000000000000000000e+00,3.524365756796189686e+00,3.524365756796189686e+00,-1.500000000000000000e+00,0.000000000000000000e+00
1.593337476896214966e+00,1.131939211818125068e+00,1.430126224047464367e-01,1.500000000000000000e+00,0.000000000000000000e+00,0.000000000000000000e+00,0.000000000000000000e+00,-2.390006215344322449e+00,-2.390006215344322449e+00,-1.500000000000000000e+00,-0.000000000000000000e+00
-4.382842984848238643e-01,2.167144378535760474e+00,8.621244306776491007e-01,1.500000000000000000e+00,0.000000000000000000e+00,0.000000000000000000e+00,0.000000000000000000e+00,6.574264477272357965e-01,6.574264477272357965e-01,-1.500000000000000000e+00,0.000000000000000000e+00
4.092857151005748761e-01,1.327462183274062735e+00,3.116734341269400410e-02,1.500000000000000000e+00,0.000000000000000000e+00,0.000000000000000000e+00,0.000000000000000000e+00,-6.139285726508623142e-01,-6.139285726508623142e-01,-1.500000000000000000e+00,-0.000000000000000000e+00
-1.292360301669110312e+00,1.022145815819222037e+00,1.032107183113588622e-01,1.500000000000000000e+00,0.000000000000000000e+00,0.000000000000000000e+00,0.000000000000000000e+00,1.938540452503665357e+00,1.938540452503665357e+00,-1.500000000000000000e+00,0.000000000000000000e+00
-8.379101622584759212e-01,4.769294730842942309e-01,3.236155888617676668e-01,1.500000000000000000e+00,0.000000000000000000e+00,0.000000000000000000e+00,0.000000000000000000e+00,1.256865243387713882e+00,1.256865243387713882e+00,-1.500000000000000000e+00,0.000000000000000000e+00
1.520304294575293369e+00,6.850259701742442697e-01,5.280659530831122161e-03,1.500000000000000000e+00,0.000000000000000000e+00,0.000000000000000000e+00,0.000000000000000000e+00,-2.280456441862940054e+00,-2.280456441862940054e+00,-1.500000000000000000e+00,-0.000000000000000000e+00
-1.810921836962267051e-01,2.704488230767270629e+00,6.621478959083073601e-01,1.500000000000000000e+00,0.000000000000000000e+00,0.000000000000000000e+00,0.000000000000000000e+00,2.716382755443400576e-01,2.716382755443400576e-01,-1.500000000000000000e+00,0.000000000000000000e+00
5.791321290380873066e-01,1.365443957986299583e+00,2.056661455547514894e-01,1.500000000000000000e+00,0.000000000000000000e+00,0.000000000000000000e+00,0.000000000000000000e+00,-8.686981935571309599e-01,-8.686981935571309599e-01,-1.500000000000000000e+00,-0.000000000000000000e+00
-4.639169097514548312e-01,9.405674116997423395e-01,7.199146456479392775e-01,1.500000000000000000e+00,0.000000000000000000e+00,0.000000000000000000e+00,0.000000000000000000e+00,6.958753646271822468e-01,6.958753646271822468e-01,-1.500000000000000000e+00,0.000000000000000000e+00
3.422092390242159610e-01,6.550279692573706125e-01,9.495139143528952275e-01,1.500000000000000000e+00,0.000000000000000000e+00,0.000000000000000000e+00,0.000000000000000000e+00,-5.133138585363239415e-01,-5.133138585363239415e-01,-1.500000000000000000e+00,-0.000000000000000000e+00
2.384149701059809168e+00,2.629836079006655503e+00,4.703885076563387724e-01,1.500000000000000000e+00,0.000000000000000000e+00,0.000000000000000000e+00,0.000000000000000000e+00,-3.576224551589713752e+00,-3.576224551589713752e+00,-1.500000000000000000e+00,-0.000000000000000000e+00
-1.395589741879551759e+00,2.112580544388287240e+00,4.701405535729145102e-01,1.500000000000000000e+00,0.000000000000000000e+00,0.000000000000000000e+00,0.000000000000000000e+00,2.093384612819327639e+00,2.093384612819327639e+00,-1.500000000000000000e+00,0.000000000000000000e+00
1.143717843561140590e-01,2.083433533774067037e+00,9.964468528634475852e-01,1.500000000000000000e+00,0.000000000000000000e+00,0.000000000000000000e+00,0.000000000000000000e+00,-1.715576765341710885e-01,-1.715576765341710885e-01,-1.500000000000000000e+00,-0.000000000000000000e+00
1.123356645561250033e+00,2.413825326848508812e+00,3.137180943937709632e-01,1.500000000000000000e+00,0.000000000000000000e+00,0.000000000000000000e+00,0.000000000000000000e+00,-1.685034968341875050e+00,-1.685034968341875050e+00,-1.500000000000000000e+00,-0.000000000000000000e+00
-2.479263066298209139e+00,7.239153403585473212e-01,8.858590858583447192e-01,1.500000000000000000e+00,0.000000000000000000e+00,0.000000000000000000e+00,0.000000000000000000e+00,3.718894599447313709e+00,3.718894599447313709e+00,-1.500000000000000000e+00,0.000000000000000000e+00
2.772045518647260565e+00,2.193082983120817619e+00,7.131448977582526272e-01,1.500000000000000000e+00,0.000000000000000000e+00,0.000000000000000000e+00,0.000000000000000000e+00,-4.158068277970890847e+00,-4.158068277970890847e+00,-1.500000000000000000e+00,-0.000000000000000000e+00
-7.453559645821616897e-03,2.142841965833467421e-01,9.061951268998114095e-03,1.500000000000000000e+00,0.000000000000000000e+00,0.000000000000000000e+00,0.000000000000000000e+00,1.118033946873242535e-02,1.118033946873242535e-02,-1.500000000000000000e+00,0.000000000000000000e+00
-1.527976678200026361e+00,1.994705343286196086e+00,2.976293553021265303e-01,1.500000000000000000e+00,0.000000000000000000e+00,0.000000000000000000e+00,0.000000000000000000e+00,2.291965017300039431e+00,2.291965017300039431e+00,-1.500000000000000000e+00,0.000000000000000000e+00
1.562584695879022156e+00,9.666645025864775143e-01,7.209923558967022972e-01,1.500000000000000000e+00,0.000000000000000000e+00,0.000000000000000000e+00,0.000000000000000000e+00,-2.343877043818533235e+00,-2.343877043818533235e+00,-1.500000000000000000e+00,-0.000000000000000000e+00
1.893485424702327613e+00,1.985517854721792208e+00,4.511952441294886373e-02,1.500000000000000000e+00,0.000000000000000000e+00,0.000000000000000000e+00,0.000000000000000000e+00,-2.840228137053491420e+00,-2.840228137053491420e+00,-1.500000000000000000e+00,-0.000000000000000000e+00
7.837183709155279843e-01,6.798592282610080861e-01,8.574787116928458408e-01,1.500000000000000000e+00,0.000000000000000000e+00,0.000000000000000000e+00,0.000000000000000000e+00,-1.175577556373291976e+00,-1.175577556373291976e+00,-1.500000000000000000e+00,-0.000000000000000000e+00
2.496976638688940042e+00,1.060510840619639961e+00,9.122766679074296725e-01,1.500000000000000000e+00,0.000000000000000000e+00,0.000000000000000000e+00,0.000000000000000000e+00,-3.745464958033410063e+00,-3.745464958033410063e+00,-1.500000000000000000e+00,-0.000000000000000000e+00
-2.466535839569732769e+00,2.010708039921361046e+00,7.594671559972414610e-01,1.500000000000000000e+00,0.000000000000000000e+00,0.000000000000000000e+00,0.000000000000000000e+00,3.699803759354598931e+00,3.699803759354598931e+00,-1.500000000000000000e+00,0.000000000000000000e+00
1.655909328301121697e-01,2.818499949460681719e+00,8.110907781004794703e-01,1.500000000000000000e+00,0.000000000000000000e+00,0.000000000000000000e+00,0.000000000000000000e+00,-2.483863992451682545e-01,-2.483863992451682545e-01,-1.500000000000000000e+00,-0.000000000000000000e+00
1.457340509248835403e+00,1.022114916561326137e+00,5.974259755444505382e-01,1.500000000000000000e+00,0.000000000000000000e+00,0.000000000000000000e+00,0.000000000000000000e+00,-2.186010763873253104e+00,-2.186010763873253104e+00,-1.500000000000000000e+00,-0.000000000000000000e+00
2.500908800750661243e+00,5.073975995140770356e-01,8.084686776354222948e-01,1.500000000000000000e+00,0.000000000000000000e+00,0.000000000000000000e+00,0.000000000000000000e+00,-3.751363201125991864e+00,-3.751363201125991864e+00,-1.500000000000000000e+00,-0.000000000000000000e+00
8.486806918434872671e-01,3.738047723800163036e-01,4.675419019487774275e-01,1.500000000000000000e+00,0.000000000000000000e+00,0.000000000000000000e+00,0.000000000000000000e+00,-1.273021037765230901e+00,-1.273021037765230901e+00,-1.500000000000000000e+00,-0.000000000000000000e+00
6.138710364067909708e-01,2.014054861224556348e+00,4.083353680780096306e-01,1.500000000000000000e+00,0.000000000000000000e+00,0.000000000000000000e+00,0.000000000000000000e+00,-9.208065546101864562e-01,-9.208065546101864562e-01,-1.500000000000000000e+00,-0.000000000000000000e+00
-6.706319220782535062e-01,2.682985373323341527e+00,7.029609994856053090e-01,1.500000000000000000e+00,0.000000000000000000e+00,0.000000000000000000e+00,0.000000000000000000e+00,1.005947883117380259e+00,1.005947883117380259e+00,-1.500000000000000000e+00,0.000000000000000000e+00
4.296601891040578991e-01,5.089816954713810571e-02,4.653088786131300836e-01,1.500000000000000000e+00,0.000000000000000000e+00,0.000000000000000000e+00,0.000000000000000000e+00,-6.444902836560868487e-01,-6.444902836560868487e-01,-1.500000000000000000e+00,-0.000000000000000000e+00
3.287813829390726639e-01,1.034729426899067661e+00,3.106325009258754655e-01,1.500000000000000000e+00,0.000000000000000000e+00,0.000000000000000000e+00,0.000000000000000000e+00,-4.931720744086089958e-01,-4.931720744086089958e-01,-1.500000000000000000e+00,-0.000000000000000000e+00
2.430149930517244705e+00,5.068253060620933059e-01,2.647288642846744589e-01,1.500000000000000000e+00,0.000000000000000000e+00,0.000000000000000000e+00,0.000000000000000000e+00,-3.645224895775867058e+00,-3.645224895775867058e+00,-1.500000000000000000e+00,-0.000000000000000000e+00
1.962607238428805800e+00,2.863884908305266208e+00,4.371867125571449186e-01,1.500000000000000000e+00,0.000000000000000000e+00,0.000000000000000000e+00,0.000000000000000000e+00,-2.943910857643208701e+00,-2.943910857643208701e+00,-1.500000000000000000e+00,-0.000000000000000000e+00
1.423172942691152798e+00,3.968672581996183224e-01,3.820225851680246754e-01,1.500000000000000000e+00,0.000000000000000000e+00,0.000000000000000000e+00,0.000000000000000000e+00,-2.134759414036729197e+00,-2.134759414036729197e+00,-1.500000000000000000e+00,-0.000000000000000000e+00
2.542709071629772666e+00,2.058167304792366537e-01,7.541325652979122829e-01,1.500000000000000000e+00,0.000000000000000000e+00,0.000000000000000000e+00,0.000000000000000000e+00,-3.814063607444658999e+00,-3.814063607444658999e+00,-1.500000000000000000e+00,-0.000000000000000000e+00
-2.603024861487277963e+00,2.304088024409087776e+00,7.840950684895741096e-01,1.500000000000000000e+00,0.000000000000000000e+00,0.000000000000000000e+00,0.000000000000000000e+00,3.904537292230917167e+00,3.904537292230917167e+00,-1.500000000000000000e+00,0.000000000000000000e+00
1.617705642921366760e+00,2.996902369199690774e+00,7.982929615576253024e-01,1.500000000000000000e+00,0.000000000000000000e+00,0.000000000000000000e+00,0.000000000000000000e+00,-2.426558464382050140e+00,-2.426558464382050140e+00,-1.500000000000000000e+00,-0.000000000000000000e+00
-2.183000878802827671e-01,2.321410629562194572e+00,8.448104636475192164e-01,1.500000000000000000e+00,0.000000000000000000e+00,0.000000000000000000e+00,0.000000000000000000e+00,3.274501318204241507e-01,3.274501318204241507e-01,-1.500000000000000000e+00,0.000000000000000000e+00
1.510828785341981728e+00,3.438182093192169164e-01,3.622533613627337834e-01,1.500000000000000000e+00,0.000000000000000000e+00,0.000000000000000000e+00,0.000000000000000000e+00,-2.266243178012972592e+00,-2.266243178012972592e+00,-1.500000000000000000e+00,-0.000000000000000000e+00
-1.222934971458911280e+00,1.223605873729101123e+00,3.694307615516110310e-01,1.500000000000000000e+00,0.000000000000000000e+00,0.000000000000000000e+00,0.000000000000000000e+00,1.834402457188367030e+00,1.834402457188367030e+00,-1.500000000000000000e+00,0.000000000000000000e+00
-1.959703283506741833e-01,1.560078478941100411e+00,8.380753425305380588e-01,1.500000000000000000e+00,0.000000000000000000e+00,0.000000000000000000e+00,0.000000000000000000e+00,2.939554925260112750e-01,2.939554925260112750e-01,-1.500000000000000000e+00,0.000000000000000000e+00
1.947544334806174504e+00,2.696208882766557569e+00,1.801196629344891109e-01,1.500000000000000000e+00,0.000000000000000000e+00,0.000000000000000000e+00,0.000000000000000000e+00,-2.921316502209261756e+00,-2.921316502209261756e+00,-1.500000000000000000e+00,-0.000000000000000000e+00
-2.788918748565874406e+00,2.260013478591323732e+00,7.019432562042013934e-01,1.500000000000000000e+00,0.000000000000000000e+00,0.000000000000000000e+00,0.000000000000000000e+00,4.183378122848811387e+00,4.183378122848811387e+00,-1.500000000000000000e+00,0.000000000000000000e+00
-1.253240723178719707e+00,1.800692152477650909e-01,5.247498116965731985e-01,1.500000000000000000e+00,0.000000000000000000e+00,0.000000000000000000e+00,0.000000000000000000e+00,1.879861084768079671e+00,1.879861084768079671e+00,-1.500000000000000000e+00,0.000000000000000000e+00
-6.922923085289056644e-02,1.359118602929742847e+00,6.664790311283339541e-01,1.500000000000000000e+00,0.000000000000000000e+00,0.000000000000000000e+00,0.000000000000000000e+00,1.038438462793358497e-01,1.038438462793358497e-01,-1.500000000000000000e+00,0.000000000000000000e+00
2.109012979842390223e+00,2.335930759708517268e+00,6.969171556609550233e-01,1.500000000000000000e+00,0.000000000000000000e+00,0.000000000000000000e+00,0.000000000000000000e+00,-3.163519469763585334e+00,-3.163519469763585334e+00,-1.500000000000000000e+00,-0.000000000000000000e+00
-1.379800832275851485e+00,1.629481559848750427e+00,6.688941165350911211e-01,1.500000000000000000e+00,0.000000000000000000e+00,0.000000000000000000e+00,0.000000000000000000e+00,2.069701248413777339e+00,2.069701248413777339e+00,-1.500000000000000000e+00,0.000000000000000000e+00
1.938446426221508645e+00,2.000298369369619689e+00,2.350351232927240241e-01,1.500000000000000000e+00,0.000000000000000000e+00,0.000000000000000000e+00,0.000000000000000000e+00,-2.907669639332262967e+00,-2.907669639332262967e+00,-1.500000000000000000e+00,-0.000000000000000000e+00
-1.532733340695616064e+00,2.902222042191323403e+00,2.349328410301176895e-02,1.500000000000000000e+00,0.000000000000000000e+00,0.000000000000000000e+00,0.000000000000000000e+00,2.299100011043424097e+00,2.299100011043424097e+00,-1.500000000000000000e+00,0.000000000000000000e+00
-1.181094320787021257e+00,2.935936921214749695e+00,9.525993596763551174e-01,1.500000000000000000e+00,0.000000000000000000e+00,0.000000000000000000e+00,0.000000000000000000e+00,1.771641481180531885e+00,1.771641481180531885e+00,-1.500000000000000000e+00,0.000000000000000000e+00
3.229085472557535752e-01,2.510673611768900138e+00,8.975761084181731464e-01,1.500000000000000000e+00,0.000000000000000000e+00,0.000000000000000000e+00,0.000000000000000000e+00,-4.843628208836303628e-01,-4.843628208836303628e-01,-1.500000000000000000e+00,-0.000000000000000000e+00
9.234312188051250203e-01,1.715776078598642673e+00,5.047404972221828379e-01,1.500000000000000000e+00,0.000000000000000000e+00,0.000000000000000000e+00,0.000000000000000000e+00,-1.385146828207687530e+00,-1.385146828207687530e+00,-1.500000000000000000e+00,-0.000000000000000000e+00
2.280419962845944504e+00,9.227413294368495000e-01,6.612474997672929122e-01,1.500000000000000000e+00,0.000000000000000000e+00,0.000000000000000000e+00,0.000000000000000000e+00,-3.420629944268916756e+00,-3.420629944268916756e+00,-1.500000000000000000e+00,-0.000000000000000000e+00
2.276802419653764176e+00,4.790668772587440838e-01,9.108635326969927171e-02,1.500000000000000000e+00,0.000000000000000000e+00,0.000000000000000000e+00,0.000000000000000000e+00,-3.415203629480646264e+00,-3.415203629480646264e+00,-1.500000000000000000e+00,-0.000000000000000000e+00
-1.499029499026774070e+00,5.024517672761177334e-01,4.583898159700056096e-01,1.500000000000000000e+00,0.000000000000000000e+00,0.000000000000000000e+00,0.000000000000000000e+00,2.248544248540161217e+00,2.248544248540161217e+00,-1.500000000000000000e+00,0.000000000000000000e+00
1.473613002323531873e+00,1.921492860649666845e+00,5.879537893122085412e-01,1.500000000000000000e+00,0.000000000000000000e+00,0.000000000000000000e+00,0.000000000000000000e+00,-2.210419503485297810e+00,-2.210419503485297810e+00,-1.500000000000000000e+00,-0.000000000000000000e+00
8.099581278283887187e-01,2.318733391367037378e+00,6.998521582595274015e-01,1.500000000000000000e+00,0.000000000000000000e+00,0.000000000000000000e+00,0.000000000000000000e+00,-1.214937191742583078e+00,-1.214937191742583078e+00,-1.500000000000000000e+00,-0.000000000000000000e+00
-6.831388025499780525e-01,2.576083668640903657e+00,2.190617539166942462e-01,1.500000000000000000e+00,0.000000000000000000e+00,0.000000000000000000e+00,0.000000000000000000e+00,1.024708203824967079e+00,1.024708203824967079e+00,-1.500000000000000000e+00,0.000000000000000000e+00
1.656251192873721578e+00,2.742129748388082433e+00,9.260775286047562282e-02,1.500000000000000000e+00,0.000000000000000000e+00,0.000000000000000000e+00,0.000000000000000000e+00,-2.484376789310582367e+00,-2.484376789310582367e+00,-1.500000000000000000e+00,-0.000000000000000000e+00
2.385116233378578698e+00,8.635839334238626375e-01,9.611791649600711640e-01,1.500000000000000000e+00,0.000000000000000000e+00,0.000000000000000000e+00,0.000000000000000000e+00,-3.577674350067868048e+00,-3.577674350067868048e+00,-1.500000000000000000e+00,-0.000000000000000000e+00
-1.248325595641723851e-01,1.003421052020522897e+00,8.485431096158557729e-01,1.500000000000000000e+00,0.000000000000000000e+00,0.000000000000000000e+00,0.000000000000000000e+00,1.872488393462585776e-01,1.872488393462585776e-01,-1.500000000000000000e+00,0.000000000000000000e+00
2.496632069781528074e+00,5.886858533150156614e-01,1.785821854832189137e-01,1.500000000000000000e+00,0.000000000000000000e+00,0.000000000000000000e+00,0.000000000000000000e+00,-3.744948104672292111e+00,-3.744948104672292111e+00,-1.500000000000000000e+00,-0.000000000000000000e+00
-2.234275464188891114e+00,1.631769258668230194e+00,8.226085377735469217e-01,1.500000000000000000e+00,0.000000000000000000e+00,0.000000000000000000e+00,0.000000000000000000e+00,3.351413196283336671e+00,3.351413196283336671e+00,-1.500000000000000000e+00,0.000000000000000000e+00
-2.002855873643111462e+00,2.839904030324878814e+00,8.123290536741493151e-01,1.500000000000000000e+00,0.000000000000000000e+00,0.000000000000000000e+00,0.000000000000000000e+00,3.004283810464666971e+00,3.004283810464666971e+00,-1.500000000000000000e+00,0.000000000000000000e+00
1.585206500704552823e+00,2.272780155067442909e+00,1.815344056351552160e-01,1.500000000000000000e+00,0.000000000000000000e+00,0.000000000000000000e+00,0.000000000000000000e+00,-2.377809751056829235e+00,-2.377809751056829235e+00,-1.500000000000000000e+00,-0.000000000000000000e+00
-1.166689883616882861e+00,1.310420223791417094e+00,8.045955568326422780e-01,1.500000000000000000e+00,0.000000000000000000e+00,0.000000000000000000e+00,0.000000000000000000e+00,1.750034825425324403e+00,1.750034825425324403e+00,-1.500000000000000000e+00,0.000000000000000000e+00
5.121951011194871839e-01,4.771231210954676172e-01,3.821372814212611324e-01,1.500000000000000000e+00,0.000000000000000000e+00,0.000000000000000000e+00,0.000000000000000000e+00,-7.682926516792307758e-01,-7.682926516792307758e-01,-1.500000000000000000e+00,-0.000000000000000000e+00
-1.757335929622083626e-02,2.528389996578709109e+00,3.341968356730694589e-01,1.500000000000000000e+00,0.000000000000000000e+00,0.000000000000000000e+00,0.000000000000000000e+00,2.636003894433125438e-02,2.636003894433125438e-02,-1.500000000000000000e+00,0.000000000000000000e+00
-2.125287362816635550e+00,2.688668153086966939e+00,1.605134278330653252e-01,1.500000000000000000e+00,0.000000000000000000e+00,0.000000000000000000e+00,0.000000000000000000e+00,3.187931044224953325e+00,3.187931044224953325e+00,-1.500000000000000000e+00,0.000000000000000000e+00
1.525401961232081050e+00,2.304205568671211068e+00,5.914356386410134503e-01,1.500000000000000000e+00,0.000000000000000000e+00,0.000000000000000000e+00,0.000000000000000000e+00,-2.288102941848121574e+00,-2.288102941848121574e+00,-1.500000000000000000e+00,-0.000000000000000000e+00
1.448595245279129529e+00,8.764306156334431552e-01,6.130253136338034148e-01,1.500000000000000000e+00,0.000000000000000000e+00,0.000000000000000000e+00,0.000000000000000000e+00,-2.172892867918694293e+00,-2.172892867918694293e+00,-1.500000000000000000e+00,-0.000000000000000000e+00
-2.128779468064724067e+00,1.170740739355711657e+00,5.114118380147762988e-01,1.500000000000000000e+00,0.000000000000000000e+00,0.000000000000000000e+00,0.000000000000000000e+00,3.193169202097085879e+00,3.193169202097085879e+00,-1.500000000000000000e+00,0.000000000000000000e+00
-1.441370150085895974e+00,1.750697899319748618e+00,9.984932728027140492e-02,1.500000000000000000e+00,0.000000000000000000e+00,0.000000000000000000e+00,0.000000000000000000e+00,2.162055225128844071e+00,2.162055225128844071e+00,-1.500000000000000000e+00,0.000000000000000000e+00
1.803508124474081598e+00,2.753636076597052895e+00,7.957559519422813255e-01,1.500000000000000000e+00,0.000000000000000000e+00,0.000000000000000000e+00,0.000000000000000000e+00,-2.705262186711122396e+00,-2.705262186711122396e+00,-1.500000000000000000e+00,-0.000000000000000000e+00
2.473385351764417095e+00,7.284027055054433930e-01,3.167876374004396922e-01,1.500000000000000000e+00,0.000000000000000000e+00,0.000000000000000000e+00,0.000000000000000000e+00,-3.710078027646625642e+00,-3.710078027646625642e+00,-1.500000000000000000e+00,-0.000000000000000000e+00
2.220540736584462493e+00,1.259142360535030258e+00,2.645037885510941322e-01,1.500000000000000000e+00,0.000000000000000000e+00,0.000000000000000000e+00,0.000000000000000000e+00,-3.330811104876693740e+00,-3.330811104876693740e+00,-1.500000000000000000e+00,-0.000000000000000000e+00
1.117160274664819042e-02,1.805132106578007933e-01,6.411237289704182496e-01,1.500000000000000000e+00,0.000000000000000000e+00,0.000000000000000000e+00,0.000000000000000000e+00,-1.675740411997228563e-02,-1.675740411997228563e-02,-1.500000000000000000e+00,-0.000000000000000000e+00
-7.956273475308250909e-01,9.329182729164497978e-03,1.847740029042563847e-01,1.500000000000000000e+00,0.000000000000000000e+00,0.000000000000000000e+00,0.000000000000000000e+00,1.193441021296237636e+00,1.193441021296237636e+00,-1.500000000000000000e+00,0.000000000000000000e+00
-3.284885362338618719e-01,7.300969487923676393e-01,9.103533056132705470e-01,1.500000000000000000e+00,0.000000000000000000e+00,0.000000000000000000e+00,0.000000000000000000e+00,4.927328043507928079e-01,4.927328043507928079e-01,-1.500000000000000000e+00,0.000000000000000000e+00
-1.941669032175368681e+00,2.427032176921324336e+00,6.481412960122552303e-01,1.500000000000000000e+00,0.000000000000000000e+00,0.000000000000000000e+00,0.000000000000000000e+00,2.912503548263052799e+00,2.912503548263052799e+00,-1.500000000000000000e+00,0.000000000000000000e+00
-2.406693152321093265e-02,2.026070872968979586e+00,7.892352374843218943e-01,1.500000000000000000e+00,0.000000000000000000e+00,0.000000000000000000e+00,0.000000000000000000e+00,3.610039728481639898e-02,3.610039728481639898e-02,-1.500000000000000000e+00,0.000000000000000000e+00
-1.614674786643983673e+00,1.430261025072147918e+00,3.406486560080992376e-01,1.500000000000000000e+00,0.000000000000000000e+00,0.000000000000000000e+00,0.000000000000000000e+00,2.422012179965975509e+00,2.422012179965975509e+00,-1.500000000000000000e+00,0.000000000000000000e+00
-2.028302149994145154e+00,1.228786445632335633e+00,4.284006737634106221e-01,1.500000000000000000e+00,0.000000000000000000e+00,0.000000000000000000e+00,0.000000000000000000e+00,3.042453224991217731e+00,3.042453224991217731e+00,-1.500000000000000000e+00,0.000000000000000000e+00
-7.162628302605393849e-01,7.947402341852402019e-01,2.514017688549328167e-01,1.500000000000000000e+00,0.000000000000000000e+00,0.000000000000000000e+00,0.000000000000000000e+00,1.074394245390809077e+00,1.074394245390809077e+00,-1.500000000000000000e+00,0.000000000000000000e+00
-2.616387699614138640e+00,2.298217111285994374e+00,2.510662266004194398e-01,1.500000000000000000e+00,0.000000000000000000e+00,0.000000000000000000e+00,0.000000000000000000e+00,3.924581549421207960e+00,3.924581549421207960e+00,-1.500000000000000000e+00,0.000000000000000000e+00
-1.778751670546778740e-01,1.463175941752479670e+00,4.150305112841895516e-01,1.500000000000000000e+00,0.000000000000000000e+00,0.000000000000000000e+00,0.000000000000000000e+00,2.668127505820168111e-01,2.668127505820168111e-01,-1.500000000000000000e+00,0.000000000000000000e+00
1.176819808573454473e+00,2.100780687794648882e-01,7.871154007101101024e-01,1.500000000000000000e+00,0.000000000000000000e+00,0.000000000000000000e+00,0.000000000000000000e+00,-1.765229712860181710e+00,-1.765229712860181710e+00,-1.500000000000000000e+00,-0.000000000000000000e+00
9.084390711093517368e-01,1.881541623705382360e+00,5.030774094044992983e-01,1.500000000000000000e+00,0.000000000000000000e+00,0.000000000000000000e+00,0.000000000000000000e+00,-1.362658606664027605e+00,-1.362658606664027605e+00,-1.500000000000000000e+00,-0.000000000000000000e+00
2.851552419982735564e+00,2.979446026874562836e+00,8.332842137037291819e-01,1.500000000000000000e+00,0.000000000000000000e+00,0.000000000000000000e+00,0.000000000000000000e+00,-4.277328629974103791e+00,-4.277328629974103791e+00,-1.500000000000000000e+00,-0.000000000000000000e+00
2.314767400816259091e+00,2.184330489168314626e-01,1.117355331591245449e-01,1.500000000000000000e+00,0.000000000000000000e+00,0.000000000000000000e+00,0.000000000000000000e+00,-3.472151101224388636e+00,-3.472151101224388636e+00,-1.500000000000000000e+00,-0.000000000000000000e+00
8.025104950774140100e-01,2.991262697621447142e+00,2.891956856250843533e-01,1.500000000000000000e+00,0.000000000000000000e+00,0.000000000000000000e+00,0.000000000000000000e+00,-1.203765742616121015e+00,-1.203765742616121015e+00,-1.500000000000000000e+00,-0.000000000000000000e+00
2.385735914365018751e+00,2.985055133039741238e-01,3.666059360859330596e-02,1.500000000000000000e+00,0.000000000000000000e+00,0.000000000000000000e+00,0.000000000000000000e+00,-3.578603871547528126e+00,-3.578603871547528126e+00,-1.500000000000000000e+00,-0.000000000000000000e+00
-3.333198608023142384e-01,9.231283747966368969e-01,9.132970971585059328e-01,1.500000000000000000e+00,0.000000000000000000e+00,0.000000000000000000e+00,0.000000000000000000e+00,4.999797912034713576e-01,4.999797912034713576e-01,-1.500000000000000000e+00,0.000000000000000000e+00
1.793244742908262523e+00,2.929422427879659008e+00,6.302043418477976111e-02,1.500000000000000000e+00,0.000000000000000000e+00,0.000000000000000000e+00,0.000000000000000000e+00,-2.689867114362393785e+00,-2.689867114362393785e+00,-1.500000000000000000e+00,-0.000000000000000000e+00
-1.293122605655496304e+00,2.916336271321532614e+00,5.420164354557321928e-01,1.500000000000000000e+00,0.000000000000000000e+00,0.000000000000000000e+00,0.000000000000000000e+00,1.939683908483244457e+00,1.939683908483244457e+00,-1.500000000000000000e+00,0.000000000000000000e+00
1.602170269108902367e-01,5.539094325070250679e-01,6.733450354177669128e-01,1.500000000000000000e+00,0.000000000000000000e+00,0.000000000000000000e+00,0.000000000000000000e+00,-2.403255403663353551e-01,-2.403255403663353551e-01,-1.500000000000000000e+00,-0.000000000000000000e+00
2.879207815564010176e+00,2.160954263246662066e+00,2.041294946939321564e-01,1.500000000000000000e+00,0.000000000000000000e+00,0.000000000000000000e+00,0.000000000000000000e+00,-4.318811723346015263e+00,-4.318811723346015263e+00,-1.500000000000000000e+00,-0.000000000000000000e+00
5.927981630343861497e-01,1.837947501276514295e+00,9.800079439662073844e-01,1.500000000000000000e+00,0.000000000000000000e+00,0.000000000000000000e+00,0.000000000000000000e+00,-8.891972445515792245e-01,-8.891972445515792245e-01,-1.500000000000000000e+00,-0.000000000000000000e+00
4.074779073520140571e-02,1.194099269351055037e+00,9.806922878837587287e-01,1.500000000000000000e+00,0.000000000000000000e+00,0.000000000000000000e+00,0.000000000000000000e+00,-6.112168610280210856e-02,-6.112168610280210856e-02,-1.500000000000000000e+00,-0.000000000000000000e+00
1.723845551850463842e+00,2.351019564596783962e+00,2.382606578442458822e-01,1.500000000000000000e+00,0.000000000000000000e+00,0.000000000000000000e+00,0.000000000000000000e+00,-2.585768327775695763e+00,-2.585768327775695763e+00,-1.500000000000000000e+00,-0.000000000000000000e+00
-1.125856227668455833e+00,1.903852940718634201e+00,1.395535366205614691e-01,1.500000000000000000e+00,0.000000000000000000e+00,0.000000000000000000e+00,0.000000000000000000e+00,1.688784341502683750e+00,1.688784341502683750e+00,-1.500000000000000000e+00,0.000000000000000000e+00
1.986264126572922173e+00,6.753347639619983189e-01,6.497478071365674346e-01,1.500000000000000000e+00,0.000000000000000000e+00,0.000000000000000000e+00,0.000000000000000000e+00,-2.979396189859383259e+00,-2.979396189859383259e+00,-1.500000000000000000e+00,-0.000000000000000000e+00
-2.888725529249002388e+00,1.470524614143699615e+00,5.146369573473595915e-01,1.500000000000000000e+00,0.000000000000000000e+00,0.000000000000000000e+00,0.000000000000000000e+00,4.333088293873503360e+00,4.333088293873503360e+00,-1.500000000000000000e+00,0.000000000000000000e+00
-1.570461959331818091e+00,2.128529216779657673e+00,6.042737004228593278e-01,1.500000000000000000e+00,0.000000000000000000e+00,0.000000000000000000e+00,0.000000000000000000e+00,2.355692938997727026e+00,2.355692938997727026e+00,-1.500000000000000000e+00,0.000000000000000000e+00
-1.936516747501021873e+00,1.864598813384215070e+00,6.180658440804124298e-01,1.500000000000000000e+00,0.000000000000000000e+00,0.000000000000000000e+00,0.000000000000000000e+00,2.904775121251532699e+00,2.904775121251532699e+00,-1.500000000000000000e+00,0.000000000000000000e+00
-1.455897365940811428e+00,1.628911809410079403e+00,9.561280498414737039e-01,1.500000000000000000e+00,0.000000000000000000e+00,0.000000000000000000e+00,0.000000000000000000e+00,2.183846048911217252e+00,2.183846048911217252e+00,-1.500000000000000000e+00,0.000000000000000000e+00
2.673188947048945607e+00,2.212629896054941980e+00,7.684521361704363951e-01,1.500000000000000000e+00,0.000000000000000000e+00,0.000000000000000000e+00,0.000000000000000000e+00,-4.009783420573418411e+00,-4.009783420573418411e+00,-1.500000000000000000e+00,-0.000000000000000000e+00
-2.856629774914123399e+00,4.042789863347139301e-01,3.126030010125399050e-01,1.500000000000000000e+00,0.000000000000000000e+00,0.000000000000000000e+00,0.000000000000000000e+00,4.284944662371184876e+00,4.284944662371184876e+00,-1.500000000000000000e+00,0.000000000000000000e+00
-1.207529507180734374e+00,1.287716145704059789e-01,7.474059437854424504e-01,1.500000000000000000e+00,0.000000000000000000e+00,0.000000000000000000e+00,0.000000000000000000e+00,1.811294260771101561e+00,1.811294260771101561e+00,-1.500000000000000000e+00,0.000000000000000000e+00
4.463445717423999426e-01,9.852193549516674587e-02,4.492075597714429991e-01,1.500000000000000000e+00,0.000000000000000000e+00,0.000000000000000000e+00,0.000000000000000000e+00,-6.695168576135999139e-01,-6.695168576135999139e-01,-1.500000000000000000e+00,-0.000000000000000000e+00
1.218536785163605529e+00,1.861640861586578044e+00,9.754562301269035229e-01,1.500000000000000000e+00,0.000000000000000000e+00,0.000000000000000000e+00,0.000000000000000000e+00,-1.827805177745408294e+00,-1.827805177745408294e+00,-1.500000000000000000e+00,-0.000000000000000000e+00
1.642703498687444252e+00,1.303365084989535294e+00,4.773922170377700169e-01,1.500000000000000000e+00,0.000000000000000000e+00,0.000000000000000000e+00,0.000000000000000000e+00,-2.464055248031166379e+00,-2.464055248031166379e+00,-1.500000000000000000e+00,-0.000000000000000000e+00
-7.002821053748373714e-01,2.507432448663457158e+00,1.094390064430472709e-02,1.500000000000000000e+00,0.000000000000000000e+00,0.000000000000000000e+00,0.000000000000000000e+00,1.050423158062256057e+00,1.050423158062256057e+00,-1.500000000000000000e+00,0.000000000000000000e+00
-1.678956944631821546e+00,2.914520522144033787e+00,9.169634869016564105e-01,1.500000000000000000e+00,0.000000000000000000e+00,0.000000000000000000e+00,0.000000000000000000e+00,2.518435416947732541e+00,2.518435416947732541e+00,-1.500000000000000000e+00,0.000000000000000000e+00
2.114115459941301900e+00,3.359892807204186704e-01,2.768062888134111832e-01,1.500000000000000000e+00,0.000000000000000000e+00,0.000000000000000000e+00,0.000000000000000000e+00,-3.171173189911952850e+00,-3.171173189911952850e+00,-1.500000000000000000e+00,-0.000000000000000000e+00
-2.267446976930557412e+00,1.136623121472688513e+00,8.215535518742533849e-01,1.500000000000000000e+00,0.000000000000000000e+00,0.000000000000000000e+00,0.000000000000000000e+00,3.401170465395836118e+00,3.401170465395836118e+00,-1.500000000000000000e+00,0.000000000000000000e+00
-2.609868659054674467e+00,1.258511902078706779e+00,6.115443742354556012e-01,1.500000000000000000e+00,0.000000000000000000e+00,0.000000000000000000e+00,0.000000000000000000e+00,3.914802988582011700e+00,3.914802988582011700e+00,-1.500000000000000000e+00,0.000000000000000000e+00
-1.610521413532012058e+00,1.639393644312686860e+00,7.442816358848268754e-01,1.500000000000000000e+00,0.000000000000000000e+00,0.000000000000000000e+00,0.000000000000000000e+00,2.415782120298017865e+00,2.415782120298017865e+00,-1.500000000000000000e+00,0.000000000000000000e+00
-4.447870202677073337e-02,2.728481375629994599e+00,7.387957528090761672e-01,1.500000000000000000e+00,0.000000000000000000e+00,0.000000000000000000e+00,0.000000000000000000e+00,6.671805304015610005e-02,6.671805304015610005e-02,-1.500000000000000000e+00,0.000000000000000000e+00
2.652952231113186343e+00,1.799933957457212408e+00,9.055097290377811525e-01,1.500000000000000000e+00,0.000000000000000000e+00,0.000000000000000000e+00,0.000000000000000000e+00,-3.979428346669779515e+00,-3.979428346669779515e+00,-1.500000000000000000e+00,-0.000000000000000000e+00
1.373112288943277193e+00,9.144790220935585801e-01,8.332677755858091118e-01,1.500000000000000000e+00,0.000000000000000000e+00,0.000000000000000000e+00,0.000000000000000000e+00,-2.059668433414915789e+00,-2.059668433414915789e+00,-1.500000000000000000e+00,-0.000000000000000000e+00
3.838340543716909359e-01,1.988969739506513124e+00,6.453285523349123753e-01,1.500000000000000000e+00,0.000000000000000000e+00,0.000000000000000000e+00,0.000000000000000000e+00,-5.757510815575364038e-01,-5.757510815575364038e-01,-1.500000000000000000e+00,-0.000000000000000000e+00
1.273144504485754780e-01,9.872253747715148409e-01,3.266541629732166996e-01,1.500000000000000000e+00,0.000000000000000000e+00,0.000000000000000000e+00,0.000000000000000000e+00,-1.909716756728632170e-01,-1.909716756728632170e-01,-1.500000000000000000e+00,-0.000000000000000000e+00
1.160504381781722216e+00,1.665645628486247753e+00,4.938157773566445030e-01,1.500000000000000000e+00,0.000000000000000000e+00,0.000000000000000000e+00,0.000000000000000000e+00,-1.740756572672583324e+00,-1.740756572672583324e+00,-1.500000000000000000e+00,-0.000000000000000000e+00
7.588000560298984176e-01,2.959467627123973932e-01,2.787959799709229802e-01,1.500000000000000000e+00,0.000000000000000000e+00,0.000000000000000000e+00,0.000000000000000000e+00,-1.138200084044847626e+00,-1.138200084044847626e+00,-1.500000000000000000e+00,-0.000000000000000000e+00
-9.821319206724883344e-01,1.691960436941303048e+00,3.367221949180928542e-01,1.500000000000000000e+00,0.000000000000000000e+00,0.000000000000000000e+00,0.000000000000000000e+00,1.473197881008732502e+00,1.473197881008732502e+00,-1.500000000000000000e+00,0.000000000000000000e+00
-2.443619567197706566e+00,1.435701015422457427e+00,4.605621795458796353e-01,1.500000000000000000e+00,0.000000000000000000e+00,0.000000000000000000e+00,0.000000000000000000e+00,3.665429350796559849e+00,3.665429350796559849e+00,-1.500000000000000000e+00,0.000000000000000000e+00
-1.794467884676672176e+00,1.936353411659479162e+00,4.231562851692363125e-01,1.500000000000000000e+00,0.000000000000000000e+00,0.000000000000000000e+00,0.000000000000000000e+00,2.691701827015008153e+00,2.691701827015008153e+00,-1.500000000000000000e+00,0.000000000000000000e+00
1.696250293904036255e+00,1.700029530038910330e+00,2.894674199977844697e-01,1.500000000000000000e+00,0.000000000000000000e+00,0.000000000000000000e+00,0.000000000000000000e+00,-2.544375440856054382e+00,-2.544375440856054382e+00,-1.500000000000000000e+00,-0.000000000000000000e+00
8.067196381206755973e-01,1.718266390445374103e+00,3.045397682958611574e-01,1.500000000000000000e+00,0.000000000000000000e+00,0.000000000000000000e+00,0.000000000000000000e+00,-1.210079457181013396e+00,-1.210079457181013396e+00,-1.500000000000000000e+00,-0.000000000000000000e+00
1.783065569328368127e+00,2.211788005598937623e+00,3.115081946157691739e-01,1.500000000000000000e+00,0.000000000000000000e+00,0.000000000000000000e+00,0.000000000000000000e+00,-2.674598353992552191e+00,-2.674598353992552191e+00,-1.500000000000000000e+00,-0.000000000000000000e+00
-2.733054166761004211e+00,4.003475347776619397e-01,1.914910108576360903e-01,1.500000000000000000e+00,0.000000000000000000e+00,0.000000000000000000e+00,0.000000000000000000e+00,4.099581250141506317e+00,4.099581250141506317e+00,-1.500000000000000000e+00,0.000000000000000000e+00
2.404918215893838251e+00,2.254782249789804904e+00,5.828501305125584064e-01,1.500000000000000000e+00,0.000000000000000000e+00,0.000000000000000000e+00,0.000000000000000000e+00,-3.607377323840757377e+00,-3.607377323840757377e+00,-1.500000000000000000e+00,-0.000000000000000000e+00
-7.064901169308783757e-01,1.871338680336938509e+00,9.253056148373106637e-02,1.500000000000000000e+00,0.000000000000000000e+00,0.000000000000000000e+00,0.000000000000000000e+00,1.059735175396317564e+00,1.059735175396317564e+00,-1.500000000000000000e+00,0.000000000000000000e+00
2.557004629673516050e+00,2.065826090910841462e+00,2.483065505447401566e-01,1.500000000000000000e+00,0.000000000000000000e+00,0.000000000000000000e+00,0.000000000000000000e+00,-3.835506944510274074e+00,-3.835506944510274074e+00,-1.500000000000000000e+00,-0.000000000000000000e+00
5.671130016794272422e-01,1.198717863738845590e+00,1.706330657287470354e-01,1.500000000000000000e+00,0.000000000000000000e+00,0.000000000000000000e+00,0.000000000000000000e+00,-8.506695025191408632e-01,-8.506695025191408632e-01,-1.500000000000000000e+00,-0.000000000000000000e+00
2.838769267685679054e-01,2.554973280381507283e-01,7.066889779505466374e-01,1.500000000000000000e+00,0.000000000000000000e+00,0.000000000000000000e+00,0.000000000000000000e+00,-4.258153901528518581e-01,-4.258153901528518581e-01,-1.500000000000000000e+00,-0.000000000000000000e+00
1.908463315275614747e+00,2.766170782145239926e+00,2.799991703705619894e-01,1.500000000000000000e+00,0.000000000000000000e+00,0.000000000000000000e+00,0.000000000000000000e+00,-2.862694972913422120e+00,-2.862694972913422120e+00,-1.500000000000000000e+00,-0.000000000000000000e+00
7.525880176042334391e-01,2.480801788724629642e+00,9.967262958247258275e-02,1.500000000000000000e+00,0.000000000000000000e+00,0.000000000000000000e+00,0.000000000000000000e+00,-1.128882026406350159e+00,-1.128882026406350159e+00,-1.500000000000000000e+00,-0.000000000000000000e+00
1.047430922168853584e+00,2.928251619644822945e+00,8.212825173182006777e-01,1.500000000000000000e+00,0.000000000000000000e+00,0.000000000000000000e+00,0.000000000000000000e+00,-1.571146383253280376e+00,-1.571146383253280376e+00,-1.500000000000000000e+00,-0.000000000000000000e+00
-2.054391311815760623e+00,1.381034580772389830e+00,4.377848674166350262e-01,1.500000000000000000e+00,0.000000000000000000e+00,0.000000000000000000e+00,0.000000000000000000e+00,3.081586967723640935e+00,3.081586967723640935e+00,-1.500000000000000000e+00,0.000000000000000000e+00
6.267421314063161830e-01,2.654292942461648153e+00,8.043077582463823427e-01,1.500000000000000000e+00,0.000000000000000000e+00,0.000000000000000000e+00,0.000000000000000000e+00,-9.401131971094742745e-01,-9.401131971094742745e-01,-1.500000000000000000e+00,-0.000000000000000000e+00
-8.610033474687126542e-01,2.614559101106006977e+00,3.207741266838693983e-01,1.500000000000000000e+00,0.000000000000000000e+00,0.000000000000000000e+00,0.000000000000000000e+00,1.291505021203068981e+00,1.291505021203068981e+00,-1.500000000000000000e+00,0.000000000000000000e+00
-2.546473573293154491e+00,1.649725502128627008e+00,3.465142321417773452e-01,1.500000000000000000e+00,0.000000000000000000e+00,0.000000000000000000e+00,0.000000000000000000e+00,3.819710359939731958e+00,3.819710359939731958e+00,-1.500000000000000000e+00,0.000000000000000000e+00
-2.200853883218296669e+00,2.701543431469042744e+00,5.590237401359132718e-01,1.500000000000000000e+00,0.000000000000000000e+00,0.000000000000000000e+00,0.000000000000000000e+00,3.301280824827444782e+00,3.301280824827444782e+00,-1.500000000000000000e+00,0.000000000000000000e+00
-1.212048041955569033e-01,2.443975666649546241e+00,6.966496065000638005e-02,1.500000000000000000e+00,0.000000000000000000e+00,0.000000000000000000e+00,0.000000000000000000e+00,1.818072062933353550e-01,1.818072062933353550e-01,-1.500000000000000000e+00,0.000000000000000000e+00
-1.424971523277718033e+00,3.080323492199378288e-01,9.769110381867068815e-01,1.500000000000000000e+00,0.000000000000000000e+00,0.000000000000000000e+00,0.000000000000000000e+00,2.137457284916576938e+00,2.137457284916576938e+00,-1.500000000000000000e+00,0.000000000000000000e+00
1.591937224993049682e+00,4.013760951053270132e-01,1.333729332175842552e-01,1.500000000000000000e+00,0.000000000000000000e+00,0.000000000000000000e+00,0.000000000000000000e+00,-2.387905837489574523e+00,-2.387905837489574523e+00,-1.500000000000000000e+00,-0.000000000000000000e+00
-2.265609102145242471e+00,1.222162459215989871e+00,9.131613672011026361e-01,1.500000000000000000e+00,0.000000000000000000e+00,0.000000000000000000e+00,0.000000000000000000e+00,3.398413653217863484e+00,3.398413653217863484e+00,-1.500000000000000000e+00,0.000000000000000000e+00
-2.917086466095913710e+00,1.598660816781804384e+00,6.593966749074291478e-01,1.500000000000000000e+00,0.000000000000000000e+00,0.000000000000000000e+00,0.000000000000000000e+00,4.375629699143870788e+00,4.375629699143870788e+00,-1.500000000000000000e+00,0.000000000000000000e+00
2.981877890712240742e+00,1.957927137211876500e+00,7.641848199394937202e-01,1.500000000000000000e+00,0.000000000000000000e+00,0.000000000000000000e+00,0.000000000000000000e+00,-4.472816836068361113e+00,-4.472816836068361113e+00,-1.500000000000000000e+00,-0.000000000000000000e+00
-1.122168081252461258e+00,1.693038666501159195e+00,2.099750330105893958e-01,1.500000000000000000e+00,0.000000000000000000e+00,0.000000000000000000e+00,0.000000000000000000e+00,1.683252121878691998e+00,1.683252121878691998e+00,-1.500000000000000000e+00,0.000000000000000000e+00
5.873902323052382357e-02,2.628167765906471054e+00,8.920437940071445082e-01,1.500000000000000000e+00,0.000000000000000000e+00,0.000000000000000000e+00,0.000000000000000000e+00,-8.810853484578573536e-02,-8.810853484578573536e-02,-1.500000000000000000e+00,-0.000000000000000000e+00
-1.739717253823287679e+00,2.402145653533199976e+00,5.358665243772707809e-01,1.500000000000000000e+00,0.000000000000000000e+00,0.000000000000000000e+00,0.000000000000000000e+00,2.609575880734931630e+00,2.609575880734931630e+00,-1.500000000000000000e+00,0.000000000000000000e+00
-1.747207441768153791e+00,3.074762379214792674e-01,4.133418148887681998e-01,1.500000000000000000e+00,0.000000000000000000e+00,0.000000000000000000e+00,0.000000000000000000e+00,2.620811162652230575e+00,2.620811162652230575e+00,-1.500000000000000000e+00,0.000000000000000000e+00
-5.861791279879473571e-01,1.017680894577079886e+00,1.927310062041737160e-01,1.500000000000000000e+00,0.000000000000000000e+00,0.000000000000000000e+00,0.000000000000000000e+00,8.792686919819210356e-01,8.792686919819210356e-01,-1.500000000000000000e+00,0.000000000000000000e+00
1.738794425001762178e+00,2.663671608287716541e+00,1.713479563282178653e-01,1.500000000000000000e+00,0.000000000000000000e+00,0.000000000000000000e+00,0.000000000000000000e+00,-2.608191637502643268e+00,-2.608191637502643268e+00,-1.500000000000000000e+00,-0.000000000000000000e+00
-2.765985594198198783e+00,2.265396119444030631e+00,8.626934276969850934e-01,1.500000000000000000e+00,0.000000000000000000e+00,0.000000000000000000e+00,0.000000000000000000e+00,4.148978391297298174e+00,4.148978391297298174e+00,-1.500000000000000000e+00,0.000000000000000000e+00
2.023823526671459483e+00,4.717182803766151178e-02,9.696180205140336739e-01,1.500000000000000000e+00,0.000000000000000000e+00,0.000000000000000000e+00,0.000000000000000000e+00,-3.035735290007189224e+00,-3.035735290007189224e+00,-1.500000000000000000e+00,-0.000000000000000000e+00
2.941604325976284962e+00,1.880265767481895001e+00,4.182715660523846912e-01,1.500000000000000000e+00,0.000000000000000000e+00,0.000000000000000000e+00,0.000000000000000000e+00,-4.412406488964426998e+00,-4.412406488964426998e+00,-1.500000000000000000e+00,-0.000000000000000000e+00
3.549733085900359519e-01,3.789702910832072336e-01,7.235196076505066021e-01,1.500000000000000000e+00,0.000000000000000000e+00,0.000000000000000000e+00,0.000000000000000000e+00,-5.324599628850539279e-01,-5.324599628850539279e-01,-1.500000000000000000e+00,-0.000000000000000000e+00
-8.399323456459524273e-01,1.510129264204896238e+00,6.985698842413400333e-01,1.500000000000000000e+00,0.000000000000000000e+00,0.000000000000000000e+00,0.000000000000000000e+00,1.259898518468928641e+00,1.259898518468928641e+00,-1.500000000000000000e+00,0.000000000000000000e+00
-1.596385214120184193e+00,2.982459254042897356e+00,4.938348776944083696e-01,1.500000000000000000e+00,0.000000000000000000e+00,0.000000000000000000e+00,0.000000000000000000e+00,2.394577821180276178e+00,2.394577821180276178e+00,-1.500000000000000000e+00,0.000000000000000000e+00
-1.902293971568398412e+00,2.256459609010438294e-01,4.803194180304664052e-01,1.500000000000000000e+00,0.000000000000000000e+00,0.000000000000000000e+00,0.000000000000000000e+00,2.853440957352597618e+00,2.853440957352597618e+00,-1.500000000000000000e+00,0.000000000000000000e+00
-1.059985636761699102e+00,2.470695804276783036e+00,5.531539345691374177e-01,1.500000000000000000e+00,0.000000000000000000e+00,0.000000000000000000e+00,0.000000000000000000e+00,1.589978455142548652e+00,1.589978455142548652e+00,-1.500000000000000000e+00,0.000000000000000000e+00
2.109943041876154446e+00,1.451091188137246135e+00,3.466310592043979621e-01,1.500000000000000000e+00,0.000000000000000000e+00,0.000000000000000000e+00,0.000000000000000000e+00,-3.164914562814231669e+00,-3.164914562814231669e+00,-1.500000000000000000e+00,-0.000000000000000000e+00
-2.980466001766863826e+00,2.936376117666644525e+00,7.456015246027389853e-01,1.500000000000000000e+00,0.000000000000000000e+00,0.000000000000000000e+00,0.000000000000000000e+00,4.470699002650295739e+00,4.470699002650295739e+00,-1.500000000000000000e+00,0.000000000000000000e+00
1.715871602648443073e+00,2.578671648513291004e+00,4.179567576061571366e-01,1.500000000000000000e+00,0.000000000000000000e+00,0.000000000000000000e+00,0.000000000000000000e+00,-2.573807403972664609e+00,-2.573807403972664609e+00,-1.500000000000000000e+00,-0.000000000000000000e+00
1.004587964073321515e+00,1.946700095461768587e-01,5.045925423234058904e-01,1.500000000000000000e+00,0.000000000000000000e+00,0.000000000000000000e+00,0.000000000000000000e+00,-1.506881946109982273e+00,-1.506881946109982273e+00,-1.500000000000000000e+00,-0.000000000000000000e+00
-2.885903773018918095e+00,1.929935895286195358e+00,1.817834740642605418e-01,1.500000000000000000e+00,0.000000000000000000e+00,0.000000000000000000e+00,0.000000000000000000e+00,4.328855659528377586e+00,4.328855659528377586e+00,-1.500000000000000000e+00,0.000000000000000000e+00
-2.582712997969808910e+00,2.580889767443438565e+00,9.757108926011006655e-01,1.500000000000000000e+00,0.000000000000000000e+00,0.000000000000000000e+00,0.000000000000000000e+00,3.874069496954713365e+00,3.874069496954713365e+00,-1.500000000000000000e+00,0.000000000000000000e+00
1.410373291218454561e+00,8.377238435531119132e-01,7.775089584168248802e-02,1.500000000000000000e+00,0.000000000000000000e+00,0.000000000000000000e+00,0.000000000000000000e+00,-2.115559936827681842e+00,-2.115559936827681842e+00,-1.500000000000000000e+00,-0.000000000000000000e+00
1.039026130636885981e+00,2.114271711565676171e+00,7.169240042053252049e-01,1.500000000000000000e+00,0.000000000000000000e+00,0.000000000000000000e+00,0.000000000000000000e+00,-1.558539195955328971e+00,-1.558539195955328971e+00,-1.500000000000000000e+00,-0.000000000000000000e+00
-1.119043935334854245e+00,7.628961784587701134e-01,6.606778640891747267e-01,1.500000000000000000e+00,0.000000000000000000e+00,0.000000000000000000e+00,0.000000000000000000e+00,1.678565903002281257e+00,1.678565903002281257e+00,-1.500000000000000000e+00,0.000000000000000000e+00
2.167740420932112499e+00,6.158278786613132771e-01,3.445126049583252525e-01,1.500000000000000000e+00,0.000000000000000000e+00,0.000000000000000000e+00,0.000000000000000000e+00,-3.251610631398168749e+00,-3.251610631398168749e+00,-1.500000000000000000e+00,-0.000000000000000000e+00
-1.739057512072848422e+00,9.966462315517327086e-01,9.766021461178134855e-01,1.500000000000000000e+00,0.000000000000000000e+00,0.000000000000000000e+00,0.000000000000000000e+00,2.608586268109272410e+00,2.608586268109272410e+00,-1.500000000000000000e+00,0.000000000000000000e+00
-4.385469797703009931e-01,8.791875657626689877e-01,3.650826527021899803e-02,1.500000000000000000e+00,0.000000000000000000e+00,0.000000000000000000e+00,0.000000000000000000e+00,6.578204696554514896e-01,6.578204696554514896e-01,-1.500000000000000000e+00,0.000000000000000000e+00
-2.309973861695447717e+00,2.887236607577684300e+00,2.727889210220096894e-01,1.500000000000000000e+00,0.000000000000000000e+00,0.000000000000000000e+00,0.000000000000000000e+00,3.464960792543171575e+00,3.464960792543171575e+00,-1.500000000000000000e+00,0.000000000000000000e+00
8.741663824720014020e-01,7.050124858377276871e-01,3.376695657656257898e-01,1.500000000000000000e+00,0.000000000000000000e+00,0.000000000000000000e+00,0.000000000000000000e+00,-1.311249573708002103e+00,-1.311249573708002103e+00,-1.500000000000000000e+00,-0.000000000000000000e+00
-2.477859008836904131e+00,1.273646777440574418e+00,6.420011468498258989e-01,1.500000000000000000e+00,0.000000000000000000e+00,0.000000000000000000e+00,0.000000000000000000e+00,3.716788513255356197e+00,3.716788513255356197e+00,-1.500000000000000000e+00,0.000000000000000000e+00
-1.923108176053686114e+00,1.457474049504532188e+00,5.901441782995116014e-01,1.500000000000000000e+00,0.000000000000000000e+00,0.000000000000000000e+00,0.000000000000000000e+00,2.884662264080529059e+00,2.884662264080529059e+00,-1.500000000000000000e+00,0.000000000000000000e+00
1.598101653875753314e+00,2.073527269060521760e+00,7.115424585237460908e-01,1.500000000000000000e+00,0.000000000000000000e+00,0.000000000000000000e+00,0.000000000000000000e+00,-2.397152480813629971e+00,-2.397152480813629971e+00,-1.500000000000000000e+00,-0.000000000000000000e+00
1.432242653026882806e-03,2.909918812391376619e+00,8.604608972941936162e-01,1.500000000000000000e+00,0.000000000000000000e+00,0.000000000000000000e+00,0.000000000000000000e+00,-2.148363979540324209e-03,-2.148363979540324209e-03,-1.500000000000000000e+00,-0.000000000000000000e+00
9.712057361956025758e-01,1.841792909843025239e+00,1.934102701228312959e-02,1.500000000000000000e+00,0.000000000000000000e+00,0.000000000000000000e+00,0.000000000000000000e+00,-1.456808604293403864e+00,-1.456808604293403864e+00,-1.500000000000000000e+00,-0.000000000000000000e+00
1.403719114260981726e+00,2.581833890605211845e+00,5.606311786377206063e-01,1.500000000000000000e+00,0.000000000000000000e+00,0.000000000000000000e+00,0.000000000000000000e+00,-2.105578671391472589e+00,-2.105578671391472589e+00,-1.500000000000000000e+00,-0.000000000000000000e+00
6.393053792690017723e-01,3.942795227424372717e-01,4.010685417238073480e-01,1.500000000000000000e+00,0.000000000000000000e+00,0.000000000000000000e+00,0.000000000000000000e+00,-9.589580689035026584e-01,-9.589580689035026584e-01,-1.500000000000000000e+00,-0.000000000000000000e+00
-1.813440843929148949e+00,1.984176680520609803e+00,6.893034418560474164e-01,1.500000000000000000e+00,0.000000000000000000e+00,0.000000000000000000e+00,0.000000000000000000e+00,2.720161265893723535e+00,2.720161265893723535e+00,-1.500000000000000000e+00,0.000000000000000000e+00
1.190968729804576576e+00,5.172733424137895275e-01,5.268994163127257435e-01,1.500000000000000000e+00,0.000000000000000000e+00,0.000000000000000000e+00,0.000000000000000000e+00,-1.786453094706864864e+00,-1.786453094706864864e+00,-1.500000000000000000e+00,-0.000000000000000000e+00
-2.304372856911326650e+00,2.613871477664625687e+00,3.482504042227896335e-01,1.500000000000000000e+00,0.000000000000000000e+00,0.000000000000000000e+00,0.000000000000000000e+00,3.456559285366989975e+00,3.456559285366989975e+00,-1.500000000000000000e+00,0.000000000000000000e+00
-1.381126123523082505e+00,1.786663108206662631e+00,6.882022513010399578e-03,1.500000000000000000e+00,0.000000000000000000e+00,0.000000000000000000e+00,0.000000000000000000e+00,2.071689185284623758e+00,2.071689185284623758e+00,-1.500000000000000000e+00,0.000000000000000000e+00
-3.111775287094054043e-01,4.085915824308888888e-01,3.107098450501956100e-01,1.500000000000000000e+00,0.000000000000000000e+00,0.000000000000000000e+00,0.000000000000000000e+00,4.667662930641081065e-01,4.667662930641081065e-01,-1.500000000000000000e+00,0.000000000000000000e+00
-2.313353896130055709e+00,2.550328383865900328e+00,4.460161164244893506e-01,1.500000000000000000e+00,0.000000000000000000e+00,0.000000000000000000e+00,0.000000000000000000e+00,3.470030844195083564e+00,3.470030844195083564e+00,-1.500000000000000000e+00,0.000000000000000000e+00
-2.364056098500585179e+00,1.574989179097595393e+00,3.370573946757864370e-01,1.500000000000000000e+00,0.000000000000000000e+00,0.000000000000000000e+00,0.000000000000000000e+00,3.546084147750877769e+00,3.546084147750877769e+00,-1.500000000000000000e+00,0.000000000000000000e+00
9.136200260410887175e-01,1.456801873180177731e+00,3.792342284114879059e-01,1.500000000000000000e+00,0.000000000000000000e+00,0.000000000000000000e+00,0.000000000000000000e+00,-1.370430039061633076e+00,-1.370430039061633076e+00,-1.500000000000000000e+00,-0.000000000000000000e+00
1.451744948813225022e+00,2.435186728403271328e-01,6.510777468947812618e-01,1.500000000000000000e+00,0.000000000000000000e+00,0.000000000000000000e+00,0.000000000000000000e+00,-2.177617423219837534e+00,-2.177617423219837534e+00,-1.500000000000000000e+00,-0.000000000000000000e+00
-7.758548985913473750e-01,2.720804390975297249e+00,3.354809184590286097e-01,1.500000000000000000e+00,0.000000000000000000e+00,0.000000000000000000e+00,0.000000000000000000e+00,1.163782347887021063e+00,1.163782347887021063e+00,-1.500000000000000000e+00,0.000000000000000000e+00
-6.608734859469787004e-01,1.541651283059115141e+00,8.509275615309910279e-01,1.500000000000000000e+00,0.000000000000000000e+00,0.000000000000000000e+00,0.000000000000000000e+00,9.913102289204680506e-01,9.913102289204680506e-01,-1.500000000000000000e+00,0.000000000000000000e+00
-1.754393993535163787e+00,2.593722479812224258e+00,3.613426769194392207e-01,1.500000000000000000e+00,0.000000000000000000e+00,0.000000000000000000e+00,0.000000000000000000e+00,2.631590990302745681e+00,2.631590990302745681e+00,-1.500000000000000000e+00,0.000000000000000000e+00
1.297668207166253751e-01,2.257516060742520425e-01,4.345363503075875267e-01,1.500000000000000000e+00,0.000000000000000000e+00,0.000000000000000000e+00,0.000000000000000000e+00,-1.946502310749380626e-01,-1.946502310749380626e-01,-1.500000000000000000e+00,-0.000000000000000000e+00
4.822110085552728798e-01,2.039044063975448129e+00,4.333735879608356933e-01,1.500000000000000000e+00,0.000000000000000000e+00,0.000000000000000000e+00,0.000000000000000000e+00,-7.233165128329093196e-01,-7.233165128329093196e-01,-1.500000000000000000e+00,-0.000000000000000000e+00
2.601639075958494196e+00,1.126417413315547567e+00,9.032249889391632536e-01,1.500000000000000000e+00,0.000000000000000000e+00,0.000000000000000000e+00,0.000000000000000000e+00,-3.902458613937741294e+00,-3.902458613937741294e+00,-1.500000000000000000e+00,-0.000000000000000000e+00
-2.756519713393425164e+00,1.609766087926201017e+00,6.048042684760689403e-01,1.500000000000000000e+00,0.000000000000000000e+00,0.000000000000000000e+00,0.000000000000000000e+00,4.134779570090137746e+00,4.134779570090137746e+00,-1.500000000000000000e+00,0.000000000000000000e+00
2.452349958468433400e+00,1.872925938828573278e+00,9.646470686174840603e-01,1.500000000000000000e+00,0.000000000000000000e+00,0.000000000000000000e+00,0.000000000000000000e+00,-3.678524937702650099e+00,-3.678524937702650099e+00,-1.500000000000000000e+00,-0.000000000000000000e+00
2.943886023775420746e+00,2.477349685823874381e+00,4.459782707800452606e-03,1.500000000000000000e+00,0.000000000000000000e+00,0.000000000000000000e+00,0.000000000000000000e+00,-4.415829035663131563e+00,-4.415829035663131563e+00,-1.500000000000000000e+00,-0.000000000000000000e+00
-9.222959200814297986e-01,2.769794322234555128e+00,9.555449514396374688e-01,1.500000000000000000e+00,0.000000000000000000e+00,0.000000000000000000e+00,0.000000000000000000e+00,1.383443880122144698e+00,1.383443880122144698e+00,-1.500000000000000000e+00,0.000000000000000000e+00
1.354847684184857570e+00,5.001917241301607753e-01,1.949939118244159442e-01,1.500000000000000000e+00,0.000000000000000000e+00,0.000000000000000000e+00,0.000000000000000000e+00,-2.032271526277286355e+00,-2.032271526277286355e+00,-1.500000000000000000e+00,-0.000000000000000000e+00
1.949067884404909634e+00,2.578750502355312335e+00,8.973405706997068521e-01,1.500000000000000000e+00,0.000000000000000000e+00,0.000000000000000000e+00,0.000000000000000000e+00,-2.923601826607364451e+00,-2.923601826607364451e+00,-1.500000000000000000e+00,-0.000000000000000000e+00
9.067591831291461624e-01,3.504320115379581102e-01,4.396558835910224783e-02,1.500000000000000000e+00,0.000000000000000000e+00,0.000000000000000000e+00,0.000000000000000000e+00,-1.360138774693719244e+00,-1.360138774693719244e+00,-1.500000000000000000e+00,-0.000000000000000000e+00
-1.266572450591234800e+00,3.242861656204909515e-02,8.562736988578583119e-01,1.500000000000000000e+00,0.000000000000000000e+00,0.000000000000000000e+00,0.000000000000000000e+00,1.899858675886852311e+00,1.899858675886852311e+00,-1.500000000000000000e+00,0.000000000000000000e+00
7.374396311561675077e-01,9.036924787694506911e-01,6.325627619387378386e-01,1.500000000000000000e+00,0.000000000000000000e+00,0.000000000000000000e+00,0.000000000000000000e+00,-1.106159446734251262e+00,-1.106159446734251262e+00,-1.500000000000000000e+00,-0.000000000000000000e+00
2.261452740332646982e+00,8.540378652253597380e-01,6.853797383786403019e-01,1.500000000000000000e+00,0.000000000000000000e+00,0.000000000000000000e+00,0.000000000000000000e+00,-3.392179110498970473e+00,-3.392179110498970473e+00,-1.500000000000000000e+00,-0.000000000000000000e+00
-2.357715101647446687e+00,2.313346553727412047e+00,3.911766641736299510e-01,1.500000000000000000e+00,0.000000000000000000e+00,0.000000000000000000e+00,0.000000000000000000e+00,3.536572652471170031e+00,3.536572652471170031e+00,-1.500000000000000000e+00,0.000000000000000000e+00
-1.201602738079681210e-01,1.681055851981849703e+00,3.881186433274546044e-01,1.500000000000000000e+00,0.000000000000000000e+00,0.000000000000000000e+00,0.000000000000000000e+00,1.802404107119521814e-01,1.802404107119521814e-01,-1.500000000000000000e+00,0.000000000000000000e+00
-2.864127562602101662e+00,1.164536895996353127e+00,1.566819936639801680e-01,1.500000000000000000e+00,0.000000000000000000e+00,0.000000000000000000e+00,0.000000000000000000e+00,4.296191343903152493e+00,4.296191343903152493e+00,-1.500000000000000000e+00,0.000000000000000000e+00
2.069761096318886828e+00,2.371968851299039560e+00,1.405080725263472274e-01,1.500000000000000000e+00,0.000000000000000000e+00,0.000000000000000000e+00,0.000000000000000000e+00,-3.104641644478330242e+00,-3.104641644478330242e+00,-1.500000000000000000e+00,-0.000000000000000000e+00
1.670940457402804391e+00,2.807406120617508716e+00,6.242116927599689058e-01,1.500000000000000000e+00,0.000000000000000000e+00,0.000000000000000000e+00,0.000000000000000000e+00,-2.506410686104206587e+00,-2.506410686104206587e+00,-1.500000000000000000e+00,-0.000000000000000000e+00
-2.723797538922936745e+00,1.923888179993362479e+00,3.420109662355242941e-01,1.500000000000000000e+00,0.000000000000000000e+00,0.000000000000000000e+00,0.000000000000000000e+00,4.085696308384404674e+00,4.085696308384404674e+00,-1.500000000000000000e+00,0.000000000000000000e+00
1.474867801284892366e+00,1.959160495379812961e+00,2.879148891932470367e-02,1.500000000000000000e+00,0.000000000000000000e+00,0.000000000000000000e+00,0.000000000000000000e+00,-2.212301701927338549e+00,-2.212301701927338549e+00,-1.500000000000000000e+00,-0.000000000000000000e+00
1.149342307917923023e+00,2.584990529858792296e+00,1.694819544160017788e-01,1.500000000000000000e+00,0.000000000000000000e+00,0.000000000000000000e+00,0.000000000000000000e+00,-1.724013461876884534e+00,-1.724013461876884534e+00,-1.500000000000000000e+00,-0.000000000000000000e+00
-2.242492390601261043e+00,8.782847785471483704e-01,1.700085259095852619e-01,1.500000000000000000e+00,0.000000000000000000e+00,0.000000000000000000e+00,0.000000000000000000e+00,3.363738585901891565e+00,3.363738585901891565e+00,-1.500000000000000000e+00,0.000000000000000000e+00
1.510104915533054815e-01,2.987635103015229276e+00,1.932410563080263488e-01,1.500000000000000000e+00,0.000000000000000000e+00,0.000000000000000000e+00,0.000000000000000000e+00,-2.265157373299582222e-01,-2.265157373299582222e-01,-1.500000000000000000e+00,-0.000000000000000000e+00
1.136158821151541432e+00,5.286176170967311627e-01,4.541681049501526957e-01,1.500000000000000000e+00,0.000000000000000000e+00,0.000000000000000000e+00,0.000000000000000000e+00,-1.704238231727312147e+00,-1.704238231727312147e+00,-1.500000000000000000e+00,-0.000000000000000000e+00
-9.870871376867187408e-01,1.358803587598946816e-01,9.104864552012355006e-01,1.500000000000000000e+00,0.000000000000000000e+00,0.000000000000000000e+00,0.000000000000000000e+00,1.480630706530078111e+00,1.480630706530078111e+00,-1.500000000000000000e+00,0.000000000000000000e+00
2.338979314234457263e-02,2.469427141432533723e+00,5.818592932054617028e-01,1.500000000000000000e+00,0.000000000000000000e+00,0.000000000000000000e+00,0.000000000000000000e+00,-3.508468971351685894e-02,-3.508468971351685894e-02,-1.500000000000000000e+00,-0.000000000000000000e+00
2.855593520787343742e+00,5.231273130809076521e-01,7.402937040883543762e-01,1.500000000000000000e+00,0.000000000000000000e+00,0.000000000000000000e+00,0.000000000000000000e+00,-4.283390281181015169e+00,-4.283390281181015169e+00,-1.500000000000000000e+00,-0.000000000000000000e+00
8.140910760135211532e-01,1.006469917312420748e+00,1.055039692799916162e-01,1.500000000000000000e+00,0.000000000000000000e+00,0.000000000000000000e+00,0.000000000000000000e+00,-1.221136614020281730e+00,-1.221136614020281730e+00,-1.500000000000000000e+00,-0.000000000000000000e+00
1.195991698277332205e-02,1.539262052885828735e+00,6.924971680031624111e-01,1.500000000000000000e+00,0.000000000000000000e+00,0.000000000000000000e+00,0.000000000000000000e+00,-1.793987547415998307e-02,-1.793987547415998307e-02,-1.500000000000000000e+00,-0.000000000000000000e+00
-2.604015350968293063e+00,3.334771480525022813e-01,8.650741782097564059e-01,1.500000000000000000e+00,0.000000000000000000e+00,0.000000000000000000e+00,0.000000000000000000e+00,3.906023026452439595e+00,3.906023026452439595e+00,-1.500000000000000000e+00,0.000000000000000000e+00
-2.272971365067345317e+00,1.271333889032620235e+00,9.947349821370323752e-01,1.500000000000000000e+00,0.000000000000000000e+00,0.000000000000000000e+00,0.000000000000000000e+00,3.409457047601017976e+00,3.409457047601017976e+00,-1.500000000000000000e+00,0.000000000000000000e+00
2.104620366167612389e+00,1.061607513661379620e+00,7.122690992353728490e-01,1.500000000000000000e+00,0.000000000000000000e+00,0.000000000000000000e+00,0.000000000000000000e+00,-3.156930549251418583e+00,-3.156930549251418583e+00,-1.500000000000000000e+00,-0.000000000000000000e+00
1.455591508375373877e+00,2.571653673537415141e-01,6.071647295368519659e-01,1.500000000000000000e+00,0.000000000000000000e+00,0.000000000000000000e+00,0.000000000000000000e+00,-2.183387262563060816e+00,-2.183387262563060816e+00,-1.500000000000000000e+00,-0.000000000000000000e+00
2.010569075547701701e+00,1.808953997004343117e+00,9.620851688670043478e-01,1.500000000000000000e+00,0.000000000000000000e+00,0.000000000000000000e+00,0.000000000000000000e+00,-3.015853613321552551e+00,-3.015853613321552551e+00,-1.500000000000000000e+00,-0.000000000000000000e+00
4.685132800177740364e-01,1.353130152355892513e+00,1.290841030533560474e-01,1.500000000000000000e+00,0.000000000000000000e+00,0.000000000000000000e+00,0.000000000000000000e+00,-7.027699200266610546e-01,-7.027699200266610546e-01,-1.500000000000000000e+00,-0.000000000000000000e+00
4.560565245658376732e-01,4.791292808069412823e-01,7.929448437385597792e-01,1.500000000000000000e+00,0.000000000000000000e+00,0.000000000000000000e+00,0.000000000000000000e+00,-6.840847868487565098e-01,-6.840847868487565098e-01,-1.500000000000000000e+00,-0.000000000000000000e+00
1.834646867645339796e-01,2.364082114848792493e+00,7.194143150880292215e-01,1.500000000000000000e+00,0.000000000000000000e+00,0.000000000000000000e+00,0.000000000000000000e+00,-2.751970301468009694e-01,-2.751970301468009694e-01,-1.500000000000000000e+00,-0.000000000000000000e+00
1.410489958156343704e+00,1.230168260142183723e+00,7.261902375746867033e-01,1.500000000000000000e+00,0.000000000000000000e+00,0.000000000000000000e+00,0.000000000000000000e+00,-2.115734937234515556e+00,-2.115734937234515556e+00,-1.500000000000000000e+00,-0.000000000000000000e+00
-1.018736786356877699e+00,7.723865823802023023e-02,3.547099203828198988e-01,1.500000000000000000e+00,0.000000000000000000e+00,0.000000000000000000e+00,0.000000000000000000e+00,1.528105179535316438e+00,1.528105179535316438e+00,-1.500000000000000000e+00,0.000000000000000000e+00
-1.976396048178052922e-02,2.638167112033393380e+00,7.963484201399695372e-02,1.500000000000000000e+00,0.000000000000000000e+00,0.000000000000000000e+00,0.000000000000000000e+00,2.964594072267079383e-02,2.964594072267079383e-02,-1.500000000000000000e+00,0.000000000000000000e+00
-1.813931283510741288e-01,1.227547108550191002e+00,1.414758339838921852e-01,1.500000000000000000e+00,0.000000000000000000e+00,0.000000000000000000e+00,0.000000000000000000e+00,2.720896925266111932e-01,2.720896925266111932e-01,-1.500000000000000000e+00,0.000000000000000000e+00
9.698236247402145516e-01,2.756544895239065873e-01,6.769711289565255585e-01,1.500000000000000000e+00,0.000000000000000000e+00,0.000000000000000000e+00,0.000000000000000000e+00,-1.454735437110321827e+00,-1.454735437110321827e+00,-1.500000000000000000e+00,-0.000000000000000000e+00
-1.702735428432179621e+00,8.666671170875688279e-01,3.120579323032813823e-01,1.500000000000000000e+00,0.000000000000000000e+00,0.000000000000000000e+00,0.000000000000000000e+00,2.554103142648269653e+00,2.554103142648269653e+00,-1.500000000000000000e+00,0.000000000000000000e+00
-2.849554333550347707e+00,7.651119112584582327e-01,9.490292993053025539e-01,1.500000000000000000e+00,0.000000000000000000e+00,0.000000000000000000e+00,0.000000000000000000e+00,4.274331500325521560e+00,4.274331500325521560e+00,-1.500000000000000000e+00,0.000000000000000000e+00
-2.468637667791232282e+00,1.317807120478653449e-01,1.218603611017219368e-01,1.500000000000000000e+00,0.000000000000000000e+00,0.000000000000000000e+00,0.000000000000000000e+00,3.702956501686848423e+00,3.702956501686848423e+00,-1.500000000000000000e+00,0.000000000000000000e+00
-1.924546521592143788e+00,9.927306939238058625e-01,8.143018147360591152e-01,1.500000000000000000e+00,0.000000000000000000e+00,0.000000000000000000e+00,0.000000000000000000e+00,2.886819782388215572e+00,2.886819782388215572e+00,-1.500000000000000000e+00,0.000000000000000000e+00
2.143468234900788971e+00,5.060231026463138937e-01,4.772784918732202453e-01,1.500000000000000000e+00,0.000000000000000000e+00,0.000000000000000000e+00,0.000000000000000000e+00,-3.215202352351183457e+00,-3.215202352351183457e+00,-1.500000000000000000e+00,-0.000000000000000000e+00
1.301022060042213546e+00,6.407997734544367274e-01,2.942294553251860734e-01,1.500000000000000000e+00,0.000000000000000000e+00,0.000000000000000000e+00,0.000000000000000000e+00,-1.951533090063320319e+00,-1.951533090063320319e+00,-1.500000000000000000e+00,-0.000000000000000000e+00
1.499826042717980812e+00,2.022737314902142813e+00,2.547613727383958304e-01,1.500000000000000000e+00,0.000000000000000000e+00,0.000000000000000000e+00,0.000000000000000000e+00,-2.249739064076971218e+00,-2.249739064076971218e+00,-1.500000000000000000e+00,-0.000000000000000000e+00
-3.346266861671667314e-01,4.750473518615008217e-01,3.534264788584311479e-01,1.500000000000000000e+00,0.000000000000000000e+00,0.000000000000000000e+00,0.000000000000000000e+00,5.019400292507500971e-01,5.019400292507500971e-01,-1.500000000000000000e+00,0.000000000000000000e+00
-2.383373015313630106e+00,6.442556292811285612e-02,3.679425976018633193e-01,1.500000000000000000e+00,0.000000000000000000e+00,0.000000000000000000e+00,0.000000000000000000e+00,3.575059522970445158e+00,3.575059522970445158e+00,-1.500000000000000000e+00,0.000000000000000000e+00
-2.083608066569020423e-01,5.356330508961039127e-01,2.261213159739092760e-01,1.500000000000000000e+00,0.000000000000000000e+00,0.000000000000000000e+00,0.000000000000000000e+00,3.125412099853530634e-01,3.125412099853530634e-01,-1.500000000000000000e+00,0.000000000000000000e+00
2.177921197128873665e+00,8.863766421114509519e-01,2.189844748463003477e-01,1.500000000000000000e+00,0.000000000000000000e+00,0.000000000000000000e+00,0.000000000000000000e+00,-3.266881795693310497e+00,-3.266881795693310497e+00,-1.500000000000000000e+00,-0.000000000000000000e+00
5.492963130001227157e-02,4.950944714048780559e-01,9.711396660566766759e-01,1.500000000000000000e+00,0.000000000000000000e+00,0.000000000000000000e+00,0.000000000000000000e+00,-8.239444695001840735e-02,-8.239444695001840735e-02,-1.500000000000000000e+00,-0.000000000000000000e+00
7.910215290317417214e-01,1.791786239792187319e+00,4.213569106062762248e-01,1.500000000000000000e+00,0.000000000000000000e+00,0.000000000000000000e+00,0.000000000000000000e+00,-1.186532293547612582e+00,-1.186532293547612582e+00,-1.500000000000000000e+00,-0.000000000000000000e+00
-7.548395002217356264e-01,2.638773579628375110e+00,6.230442730077762059e-01,1.500000000000000000e+00,0.000000000000000000e+00,0.000000000000000000e+00,0.000000000000000000e+00,1.132259250332603440e+00,1.132259250332603440e+00,-1.500000000000000000e+00,0.000000000000000000e+00
-2.099479783115775433e+00,2.491783454898487626e+00,7.026278880064213972e-01,1.500000000000000000e+00,0.000000000000000000e+00,0.000000000000000000e+00,0.000000000000000000e+00,3.149219674673663150e+00,3.149219674673663150e+00,-1.500000000000000000e+00,0.000000000000000000e+00
7.597715847099131281e-01,1.411504020461711750e+00,3.319131654428710831e-01,1.500000000000000000e+00,0.000000000000000000e+00,0.000000000000000000e+00,0.000000000000000000e+00,-1.139657377064869692e+00,-1.139657377064869692e+00,-1.500000000000000000e+00,-0.000000000000000000e+00
-9.013451321254084547e-02,2.356686368725200431e+00,9.349769745520937203e-01,1.500000000000000000e+00,0.000000000000000000e+00,0.000000000000000000e+00,0.000000000000000000e+00,1.352017698188112682e-01,1.352017698188112682e-01,-1.500000000000000000e+00,0.000000000000000000e+00
-9.262427545604245971e-01,2.371463693833339548e+00,2.938310297237398672e-01,1.500000000000000000e+00,0.000000000000000000e+00,0.000000000000000000e+00,0.000000000000000000e+00,1.389364131840636896e+00,1.389364131840636896e+00,-1.500000000000000000e+00,0.000000000000000000e+00
-1.448882534904830877e+00,1.904092321387742981e+00,1.919365848293431709e-01,1.500000000000000000e+00,0.000000000000000000e+00,0.000000000000000000e+00,0.000000000000000000e+00,2.173323802357246315e+00,2.173323802357246315e+00,-1.500000000000000000e+00,0.000000000000000000e+00
1.175948048889457809e+00,2.408031387588365657e+00,4.449682243472896648e-02,1.500000000000000000e+00,0.000000000000000000e+00,0.000000000000000000e+00,0.000000000000000000e+00,-1.763922073334186713e+00,-1.763922073334186713e+00,-1.500000000000000000e+00,-0.000000000000000000e+00
-1.092530978299236732e+00,1.135909522680736750e+00,2.629711885565791940e-01,1.500000000000000000e+00,0.000000000000000000e+00,0.000000000000000000e+00,0.000000000000000000e+00,1.638796467448855099e+00,1.638796467448855099e+00,-1.500000000000000000e+00,0.000000000000000000e+00
4.557990589794442826e-01,2.243731570124441799e+00,6.143877423243304658e-02,1.500000000000000000e+00,0.000000000000000000e+00,0.000000000000000000e+00,0.000000000000000000e+00,-6.836985884691664239e-01,-6.836985884691664239e-01,-1.500000000000000000e+00,-0.000000000000000000e+00
-1.441551100464913970e+00,1.568108016586979403e+00,6.275346528961435189e-01,1.500000000000000000e+00,0.000000000000000000e+00,0.000000000000000000e+00,0.000000000000000000e+00,2.162326650697370845e+00,2.162326650697370845e+00,-1.500000000000000000e+00,0.000000000000000000e+00
1.520469729570920414e+00,2.215956708478055148e+00,5.754417023849630608e-01,1.500000000000000000e+00,0.000000000000000000e+00,0.000000000000000000e+00,0.000000000000000000e+00,-2.280704594356380621e+00,-2.280704594356380621e+00,-1.500000000000000000e+00,-0.000000000000000000e+00
-7.503002836038827894e-01,2.217427968507179603e+00,2.253580661145715425e-02,1.500000000000000000e+00,0.000000000000000000e+00,0.000000000000000000e+00,0.000000000000000000e+00,1.125450425405824184e+00,1.125450425405824184e+00,-1.500000000000000000e+00,0.000000000000000000e+00
-1.290365848248784530e-01,1.979372561762688942e-01,9.499857527112859357e-01,1.500000000000000000e+00,0.000000000000000000e+00,0.000000000000000000e+00,0.000000000000000000e+00,1.935548772373176796e-01,1.935548772373176796e-01,-1.500000000000000000e+00,0.000000000000000000e+00
2.565475825060875792e+00,2.500981491070850105e+00,7.286064452994420737e-01,1.500000000000000000e+00,0.000000000000000000e+00,0.000000000000000000e+00,0.000000000000000000e+00,-3.848213737591313688e+00,-3.848213737591313688e+00,-1.500000000000000000e+00,-0.000000000000000000e+00
1.310291169183176230e+00,1.082802306262486969e-01,5.502170655279425837e-01,1.500000000000000000e+00,0.000000000000000000e+00,0.000000000000000000e+00,0.000000000000000000e+00,-1.965436753774764345e+00,-1.965436753774764345e+00,-1.500000000000000000e+00,-0.000000000000000000e+00
1.417990286606552353e+00,1.282209363179079631e+00,9.448876204119497357e-01,1.500000000000000000e+00,0.000000000000000000e+00,0.000000000000000000e+00,0.000000000000000000e+00,-2.126985429909828529e+00,-2.126985429909828529e+00,-1.500000000000000000e+00,-0.000000000000000000e+00
-9.639488770141437790e-01,1.773068884240558418e+00,5.298132596378745118e-01,1.500000000000000000e+00,0.000000000000000000e+00,0.000000000000000000e+00,0.000000000000000000e+00,1.445923315521215669e+00,1.445923315521215669e+00,-1.500000000000000000e+00,0.000000000000000000e+00
2.042024615713421198e+00,2.470306480068081179e+00,1.761516803503605511e-01,1.500000000000000000e+00,0.000000000000000000e+00,0.000000000000000000e+00,0.000000000000000000e+00,-3.063036923570131798e+00,-3.063036923570131798e+00,-1.500000000000000000e+00,-0.000000000000000000e+00
-6.854490672462292267e-01,1.726419038691255903e-01,7.797254138175816474e-01,1.500000000000000000e+00,0.000000000000000000e+00,0.000000000000000000e+00,0.000000000000000000e+00,1.028173600869343840e+00,1.028173600869343840e+00,-1.500000000000000000e+00,0.000000000000000000e+00
2.929835029231792731e+00,2.014657760607535764e+00,9.551855580688740632e-01,1.500000000000000000e+00,0.000000000000000000e+00,0.000000000000000000e+00,0.000000000000000000e+00,-4.394752543847689097e+00,-4.394752543847689097e+00,-1.500000000000000000e+00,-0.000000000000000000e+00
2.375397379739428771e+00,1.034957116824252399e+00,5.993459891633334813e-02,1.500000000000000000e+00,0.000000000000000000e+00,0.000000000000000000e+00,0.000000000000000000e+00,-3.563096069609143157e+00,-3.563096069609143157e+00,-1.500000000000000000e+00,-0.000000000000000000e+00
9.547479889009089504e-01,1.229400488550134174e-01,5.038751876643116079e-01,1.500000000000000000e+00,0.000000000000000000e+00,0.000000000000000000e+00,0.000000000000000000e+00,-1.432121983351363426e+00,-1.432121983351363426e+00,-1.500000000000000000e+00,-0.000000000000000000e+00
1.988783558163281562e+00,9.970397349620038208e-01,2.264057537569222900e-01,1.500000000000000000e+00,0.000000000000000000e+00,0.000000000000000000e+00,0.000000000000000000e+00,-2.983175337244922343e+00,-2.983175337244922343e+00,-1.500000000000000000e+00,-0.000000000000000000e+00
2.642606656029720114e-01,1.921766715688986826e+00,9.039658977931569472e-01,1.500000000000000000e+00,0.000000000000000000e+00,0.000000000000000000e+00,0.000000000000000000e+00,-3.963909984044580170e-01,-3.963909984044580170e-01,-1.500000000000000000e+00,-0.000000000000000000e+00
1.398518133648799733e+00,2.485694487977878619e-01,9.579006451159344238e-02,1.500000000000000000e+00,0.000000000000000000e+00,0.000000000000000000e+00,0.000000000000000000e+00,-2.097777200473199599e+00,-2.097777200473199599e+00,-1.500000000000000000e+00,-0.000000000000000000e+00
-2.251354186561738135e+00,2.544827928494757696e+00,8.066905232066011733e-01,1.500000000000000000e+00,0.000000000000000000e+00,0.000000000000000000e+00,0.000000000000000000e+00,3.377031279842607425e+00,3.377031279842607425e+00,-1.500000000000000000e+00,0.000000000000000000e+00
2.931513757519280006e+00,1.289133894370172451e-01,2.061487326632674977e-01,1.500000000000000000e+00,0.000000000000000000e+00,0.000000000000000000e+00,0.000000000000000000e+00,-4.397270636278920009e+00,-4.397270636278920009e+00,-1.500000000000000000e+00,-0.000000000000000000e+00
1.801267383515636311e+00,7.172912032248709435e-01,6.412787748948998168e-01,1.500000000000000000e+00,0.000000000000000000e+00,0.000000000000000000e+00,0.000000000000000000e+00,-2.701901075273454467e+00,-2.701901075273454467e+00,-1.500000000000000000e+00,-0.000000000000000000e+00
-2.145345715181603552e+00,9.888527947854157674e-01,6.919944936418825909e-01,1.500000000000000000e+00,0.000000000000000000e+00,0.000000000000000000e+00,0.000000000000000000e+00,3.218018572772405328e+00,3.218018572772405328e+00,-1.500000000000000000e+00,0.000000000000000000e+00
-1.544313667767649445e+00,1.926505490935314091e-01,7.605585634881097956e-01,1.500000000000000000e+00,0.000000000000000000e+00,0.000000000000000000e+00,0.000000000000000000e+00,2.316470501651473946e+00,2.316470501651473946e+00,-1.500000000000000000e+00,0.000000000000000000e+00
4.498324286835289065e-01,2.776486550322704971e+00,5.304093723838609886e-02,1.500000000000000000e+00,0.000000000000000000e+00,0.000000000000000000e+00,0.000000000000000000e+00,-6.747486430252933598e-01,-6.747486430252933598e-01,-1.500000000000000000e+00,-0.000000000000000000e+00
1.576508369310260171e+00,2.898962846511975666e+00,4.831706023615349732e-01,1.500000000000000000e+00,0.000000000000000000e+00,0.000000000000000000e+00,0.000000000000000000e+00,-2.364762553965390257e+00,-2.364762553965390257e+00,-1.500000000000000000e+00,-0.000000000000000000e+00
-2.106877641379703014e+00,2.714814116047681303e+00,1.256228021779083326e-01,1.500000000000000000e+00,0.000000000000000000e+00,0.000000000000000000e+00,0.000000000000000000e+00,3.160316462069554522e+00,3.160316462069554522e+00,-1.500000000000000000e+00,0.000000000000000000e+00
2.763825970539954824e+00,5.965394219145553345e-01,1.265525539625950158e-01,1.500000000000000000e+00,0.000000000000000000e+00,0.000000000000000000e+00,0.000000000000000000e+00,-4.145738955809932236e+00,-4.145738955809932236e+00,-1.500000000000000000e+00,-0.000000000000000000e+00
-9.243519716010761833e-01,2.499501172870875365e+00,1.618805325988229571e-01,1.500000000000000000e+00,0.000000000000000000e+00,0.000000000000000000e+00,0.000000000000000000e+00,1.386527957401614275e+00,1.386527957401614275e+00,-1.500000000000000000e+00,0.000000000000000000e+00
2.969847168707034690e+00,1.013270519051912233e+00,1.479490318805964932e-01,1.500000000000000000e+00,0.000000000000000000e+00,0.000000000000000000e+00,0.000000000000000000e+00,-4.454770753060552479e+00,-4.454770753060552479e+00,-1.500000000000000000e+00,-0.000000000000000000e+00
1.515514649814321935e+00,8.663170826318116191e-01,9.349648818308442522e-01,1.500000000000000000e+00,0.000000000000000000e+00,0.000000000000000000e+00,0.000000000000000000e+00,-2.273271974721482902e+00,-2.273271974721482902e+00,-1.500000000000000000e+00,-0.000000000000000000e+00
-8.686896979385494433e-02,2.069986756289404095e+00,5.604128829649542842e-01,1.500000000000000000e+00,0.000000000000000000e+00,0.000000000000000000e+00,0.000000000000000000e+00,1.303034546907824165e-01,1.303034546907824165e-01,-1.500000000000000000e+00,0.000000000000000000e+00
-8.237969980036616846e-01,2.560701258811530767e-01,2.537166890480033743e-01,1.500000000000000000e+00,0.000000000000000000e+00,0.000000000000000000e+00,0.000000000000000000e+00,1.235695497005492527e+00,1.235695497005492527e+00,-1.500000000000000000e+00,0.000000000000000000e+00
-2.421069106146847005e+00,1.626096344700145302e-02,4.855103176785106056e-01,1.500000000000000000e+00,0.000000000000000000e+00,0.000000000000000000e+00,0.000000000000000000e+00,3.631603659220270508e+00,3.631603659220270508e+00,-1.500000000000000000e+00,0.000000000000000000e+00
-2.472597128067821615e+00,2.792715238707593528e+00,5.497012549415591920e-02,1.500000000000000000e+00,0.000000000000000000e+00,0.000000000000000000e+00,0.000000000000000000e+00,3.708895692101732422e+00,3.708895692101732422e+00,-1.500000000000000000e+00,0.000000000000000000e+00
7.767196468067369963e-01,1.061793932254386341e+00,2.160185615778901225e-01,1.500000000000000000e+00,0.000000000000000000e+00,0.000000000000000000e+00,0.000000000000000000e+00,-1.165079470210105494e+00,-1.165079470210105494e+00,-1.500000000000000000e+00,-0.000000000000000000e+00
1.641125433670014289e+00,2.384856797523617900e+00,6.270485363405073898e-01,1.500000000000000000e+00,0.000000000000000000e+00,0.000000000000000000e+00,0.000000000000000000e+00,-2.461688150505021433e+00,-2.461688150505021433e+00,-1.500000000000000000e+00,-0.000000000000000000e+00
2.445252564174529297e+00,1.277343273669741208e+00,6.945453116644636493e-01,1.500000000000000000e+00,0.000000000000000000e+00,0.000000000000000000e+00,0.000000000000000000e+00,-3.667878846261793946e+00,-3.667878846261793946e+00,-1.500000000000000000e+00,-0.000000000000000000e+00
-8.100640946237742668e-01,2.781771669105131961e-01,6.157406035996610960e-01,1.500000000000000000e+00,0.000000000000000000e+00,0.000000000000000000e+00,0.000000000000000000e+00,1.215096141935661400e+00,1.215096141935661400e+00,-1.500000000000000000e+00,0.000000000000000000e+00
2.625781288419915427e+00,1.423544430080702305e+00,9.846186575381355999e-01,1.500000000000000000e+00,0.000000000000000000e+00,0.000000000000000000e+00,0.000000000000000000e+00,-3.938671932629873140e+00,-3.938671932629873140e+00,-1.500000000000000000e+00,-0.000000000000000000e+00
-1.218749234684626925e+00,5.128308775468135572e-01,9.795880562663733526e-01,1.500000000000000000e+00,0.000000000000000000e+00,0.000000000000000000e+00,0.000000000000000000e+00,1.828123852026940277e+00,1.828123852026940277e+00,-1.500000000000000000e+00,0.000000000000000000e+00
2.639296319661433188e+00,2.425421641245217863e-01,8.339937957501079024e-01,1.500000000000000000e+00,0.000000000000000000e+00,0.000000000000000000e+00,0.000000000000000000e+00,-3.958944479492149782e+00,-3.958944479492149782e+00,-1.500000000000000000e+00,-0.000000000000000000e+00
2.513012405737475419e+00,5.687216488821389415e-02,4.657357898813260233e-01,1.500000000000000000e+00,0.000000000000000000e+00,0.000000000000000000e+00,0.000000000000000000e+00,-3.769518608606213128e+00,-3.769518608606213128e+00,-1.500000000000000000e+00,-0.000000000000000000e+00
-2.070007047174787562e+00,1.202437418363689003e+00,7.571331078324567976e-01,1.500000000000000000e+00,0.000000000000000000e+00,0.000000000000000000e+00,0.000000000000000000e+00,3.105010570762181565e+00,3.105010570762181565e+00,-1.500000000000000000e+00,0.000000000000000000e+00
2.164764141086680027e+00,7.757123714581893870e-01,2.491659252491582599e-01,1.500000000000000000e+00,0.000000000000000000e+00,0.000000000000000000e+00,0.000000000000000000e+00,-3.247146211630020041e+00,-3.247146211630020041e+00,-1.500000000000000000e+00,-0.000000000000000000e+00
1.222146426939932695e+00,1.008018920442911082e+00,8.648445802950920358e-01,1.500000000000000000e+00,0.000000000000000000e+00,0.000000000000000000e+00,0.000000000000000000e+00,-1.833219640409899043e+00,-1.833219640409899043e+00,-1.500000000000000000e+00,-0.000000000000000000e+00
1.214626387277069952e+00,2.885079986317014011e+00,2.437286330521590827e-01,1.500000000000000000e+00,0.000000000000000000e+00,0.000000000000000000e+00,0.000000000000000000e+00,-1.821939580915604928e+00,-1.821939580915604928e+00,-1.500000000000000000e+00,-0.000000000000000000e+00
2.042474286461857247e+00,2.487537989475188560e+00,9.907851057687203644e-01,1.500000000000000000e+00,0.000000000000000000e+00,0.000000000000000000e+00,0.000000000000000000e+00,-3.063711429692785870e+00,-3.063711429692785870e+00,-1.500000000000000000e+00,-0.000000000000000000e+00
2.199845597285108312e-01,2.117719929787969413e+00,1.364742510207461734e-02,1.500000000000000000e+00,0.000000000000000000e+00,0.000000000000000000e+00,0.000000000000000000e+00,-3.299768395927662468e-01,-3.299768395927662468e-01,-1.500000000000000000e+00,-0.000000000000000000e+00
4.060801881951547898e-02,7.321505478373024900e-01,7.962156200458516686e-01,1.500000000000000000e+00,0.000000000000000000e+00,0.000000000000000000e+00,0.000000000000000000e+00,-6.091202822927321847e-02,-6.091202822927321847e-02,-1.500000000000000000e+00,-0.000000000000000000e+00
-7.978208084658007238e-01,2.249659437758062985e+00,5.006619277849618799e-01,1.500000000000000000e+00,0.000000000000000000e+00,0.000000000000000000e+00,0.000000000000000000e+00,1.196731212698701086e+00,1.196731212698701086e+00,-1.500000000000000000e+00,0.000000000000000000e+00
2.191501105594128695e+00,2.093619873795997677e+00,8.163144940138096217e-01,1.500000000000000000e+00,0.000000000000000000e+00,0.000000000000000000e+00,0.000000000000000000e+00,-3.287251658391193043e+00,-3.287251658391193043e+00,-1.500000000000000000e+00,-0.000000000000000000e+00
2.406589286683186835e+00,1.583898554414484128e+00,5.211234448067623148e-01,1.500000000000000000e+00,0.000000000000000000e+00,0.000000000000000000e+00,0.000000000000000000e+00,-3.609883930024780252e+00,-3.609883930024780252e+00,-1.500000000000000000e+00,-0.000000000000000000e+00
-2.036731241212089927e+00,7.166596108035676593e-01,8.334676851721334323e-01,1.500000000000000000e+00,0.000000000000000000e+00,0.000000000000000000e+00,0.000000000000000000e+00,3.055096861818134890e+00,3.055096861818134890e+00,-1.500000000000000000e+00,0.000000000000000000e+00
1.633015015176216167e+00,6.234860747022437089e-01,7.083917585517480742e-01,1.500000000000000000e+00,0.000000000000000000e+00,0.000000000000000000e+00,0.000000000000000000e+00,-2.449522522764324250e+00,-2.449522522764324250e+00,-1.500000000000000000e+00,-0.000000000000000000e+00
-1.346932060586437885e+00,1.258435800899284196e+00,6.391713955582922768e-01,1.500000000000000000e+00,0.000000000000000000e+00,0.000000000000000000e+00,0.000000000000000000e+00,2.020398090879656827e+00,2.020398090879656827e+00,-1.500000000000000000e+00,0.000000000000000000e+00
-1.896856229856778375e+00,8.295564965586912365e-01,9.513614210086092093e-01,1.500000000000000000e+00,0.000000000000000000e+00,0.000000000000000000e+00,0.000000000000000000e+00,2.845284344785167452e+00,2.845284344785167452e+00,-1.500000000000000000e+00,0.000000000000000000e+00
-1.816749430619743810e+00,2.654349371949614511e+00,1.179079411488347384e-01,1.500000000000000000e+00,0.000000000000000000e+00,0.000000000000000000e+00,0.000000000000000000e+00,2.725124145929615604e+00,2.725124145929615604e+00,-1.500000000000000000e+00,0.000000000000000000e+00
4.398337359095751964e-01,1.397358007743541020e+00,9.262158362103756204e-01,1.500000000000000000e+00,0.000000000000000000e+00,0.000000000000000000e+00,0.000000000000000000e+00,-6.597506038643627946e-01,-6.597506038643627946e-01,-1.500000000000000000e+00,-0.000000000000000000e+00
-1.321378894605815368e+00,2.033090468266700590e+00,5.217800118640403273e-01,1.500000000000000000e+00,0.000000000000000000e+00,0.000000000000000000e+00,0.000000000000000000e+00,1.982068341908723053e+00,1.982068341908723053e+00,-1.500000000000000000e+00,0.000000000000000000e+00
-1.546327145218467924e+00,2.691307683987393951e+00,7.074625847187012706e-01,1.500000000000000000e+00,0.000000000000000000e+00,0.000000000000000000e+00,0.000000000000000000e+00,2.319490717827701776e+00,2.319490717827701776e+00,-1.500000000000000000e+00,0.000000000000000000e+00
-2.409024192243025553e+00,1.863230404760149117e+00,6.682300048300323647e-01,1.500000000000000000e+00,0.000000000000000000e+00,0.000000000000000000e+00,0.000000000000000000e+00,3.613536288364538329e+00,3.613536288364538329e+00,-1.500000000000000000e+00,0.000000000000000000e+00
-1.051727765958986094e+00,4.823429774800509495e-01,3.917930209126502250e-01,1.500000000000000000e+00,0.000000000000000000e+00,0.000000000000000000e+00,0.000000000000000000e+00,1.577591648938479141e+00,1.577591648938479141e+00,-1.500000000000000000e+00,0.000000000000000000e+00
1.644562494155844767e+00,9.581117022803478100e-01,5.267402063953731117e-01,1.500000000000000000e+00,0.000000000000000000e+00,0.000000000000000000e+00,0.000000000000000000e+00,-2.466843741233767151e+00,-2.466843741233767151e+00,-1.500000000000000000e+00,-0.000000000000000000e+00
-2.870408114022443336e+00,2.767842070470228233e+00,9.727486852112553484e-01,1.500000000000000000e+00,0.000000000000000000e+00,0.000000000000000000e+00,0.000000000000000000e+00,4.305612171033665447e+00,4.305612171033665447e+00,-1.500000000000000000e+00,0.000000000000000000e+00
-1.040384314562445844e-01,1.380112016880998826e-01,4.882521407512552258e-01,1.500000000000000000e+00,0.000000000000000000e+00,0.000000000000000000e+00,0.000000000000000000e+00,1.560576471843668767e-01,1.560576471843668767e-01,-1.500000000000000000e+00,0.000000000000000000e+00
6.168373115165772802e-01,6.650293690205941743e-01,9.166166130101610632e-01,1.500000000000000000e+00,0.000000000000000000e+00,0.000000000000000000e+00,0.000000000000000000e+00,-9.252559672748659203e-01,-9.252559672748659203e-01,-1.500000000000000000e+00,-0.000000000000000000e+00
-2.702284782479654091e+00,1.854113212569404645e+00,8.435547106126928263e-03,1.500000000000000000e+00,0.000000000000000000e+00,0.000000000000000000e+00,0.000000000000000000e+00,4.053427173719480692e+00,4.053427173719480692e+00,-1.500000000000000000e+00,0.000000000000000000e+00
-1.236166462733127469e+00,2.562670317536705600e+00,5.742332580184221769e-01,1.500000000000000000e+00,0.000000000000000000e+00,0.000000000000000000e+00,0.000000000000000000e+00,1.854249694099691315e+00,1.854249694099691315e+00,-1.500000000000000000e+00,0.000000000000000000e+00
2.438856965263226151e+00,2.461279096768111518e+00,6.890542045780480018e-01,1.500000000000000000e+00,0.000000000000000000e+00,0.000000000000000000e+00,0.000000000000000000e+00,-3.658285447894839226e+00,-3.658285447894839226e+00,-1.500000000000000000e+00,-0.000000000000000000e+00
2.966021461894091438e+00,2.192576323611982403e+00,3.952546121180647853e-01,1.500000000000000000e+00,0.000000000000000000e+00,0.000000000000000000e+00,0.000000000000000000e+00,-4.449032192841137601e+00,-4.449032192841137601e+00,-1.500000000000000000e+00,-0.000000000000000000e+00
2.101843961245247527e+00,2.106663431107923756e+00,8.123908003301549829e-02,1.500000000000000000e+00,0.000000000000000000e+00,0.000000000000000000e+00,0.000000000000000000e+00,-3.152765941867871291e+00,-3.152765941867871291e+00,-1.500000000000000000e+00,-0.000000000000000000e+00
-1.981811289275480670e+00,1.120782774168919804e+00,7.920762450107226016e-01,1.500000000000000000e+00,0.000000000000000000e+00,0.000000000000000000e+00,0.000000000000000000e+00,2.972716933913221116e+00,2.972716933913221116e+00,-1.500000000000000000e+00,0.000000000000000000e+00
1.584940738829594409e+00,1.841676184585830933e-01,7.529828529982984797e-01,1.500000000000000000e+00,0.000000000000000000e+00,0.000000000000000000e+00,0.000000000000000000e+00,-2.377411108244391613e+00,-2.377411108244391613e+00,-1.500000000000000000e+00,-0.000000000000000000e+00
-2.948056532742038272e-01,1.907259968193013133e+00,3.812541290710400599e-01,1.500000000000000000e+00,0.000000000000000000e+00,0.000000000000000000e+00,0.000000000000000000e+00,4.422084799113057407e-01,4.422084799113057407e-01,-1.500000000000000000e+00,0.000000000000000000e+00
-1.976133958933921742e+00,2.177613971657681446e-01,9.757934489474451301e-02,1.500000000000000000e+00,0.000000000000000000e+00,0.000000000000000000e+00,0.000000000000000000e+00,2.964200938400882723e+00,2.964200938400882723e+00,-1.500000000000000000e+00,0.000000000000000000e+00
-1.146903929668363631e-01,2.395133241956764802e+00,8.394661896563930803e-01,1.500000000000000000e+00,0.000000000000000000e+00,0.000000000000000000e+00,0.000000000000000000e+00,1.720355894502545446e-01,1.720355894502545446e-01,-1.500000000000000000e+00,0.000000000000000000e+00
2.537282941874826392e+00,3.934084526658225833e-01,7.760349660177517928e-01,1.500000000000000000e+00,0.000000000000000000e+00,0.000000000000000000e+00,0.000000000000000000e+00,-3.805924412812239588e+00,-3.805924412812239588e+00,-1.500000000000000000e+00,-0.000000000000000000e+00
2.263515948951730472e+00,7.364634093156063877e-02,8.342467441801990624e-01,1.500000000000000000e+00,0.000000000000000000e+00,0.000000000000000000e+00,0.000000000000000000e+00,-3.395273923427595708e+00,-3.395273923427595708e+00,-1.500000000000000000e+00,-0.000000000000000000e+00
-6.507901502198834010e-01,2.997656002502426364e+00,8.188362044064358969e-01,1.500000000000000000e+00,0.000000000000000000e+00,0.000000000000000000e+00,0.000000000000000000e+00,9.761852253298251014e-01,9.761852253298251014e-01,-1.500000000000000000e+00,0.000000000000000000e+00
-2.619886826172018068e+00,5.020799265096976827e-01,2.631176256668695812e-01,1.500000000000000000e+00,0.000000000000000000e+00,0.000000000000000000e+00,0.000000000000000000e+00,3.929830239258027103e+00,3.929830239258027103e+00,-1.500000000000000000e+00,0.000000000000000000e+00
2.403319608039092614e+00,1.745767608610865107e+00,6.246307423668306935e-01,1.500000000000000000e+00,0.000000000000000000e+00,0.000000000000000000e+00,0.000000000000000000e+00,-3.604979412058638921e+00,-3.604979412058638921e+00,-1.500000000000000000e+00,-0.000000000000000000e+00
2.917712660340161968e+00,1.846459344126468727e-01,4.657800068280035788e-01,1.500000000000000000e+00,0.000000000000000000e+00,0.000000000000000000e+00,0.000000000000000000e+00,-4.376568990510243395e+00,-4.376568990510243395e+00,-1.500000000000000000e+00,-0.000000000000000000e+00
6.836563628206615562e-02,2.942397927339471586e+00,3.903623714227596464e-01,1.500000000000000000e+00,0.000000000000000000e+00,0.000000000000000000e+00,0.000000000000000000e+00,-1.025484544230992334e-01,-1.025484544230992334e-01,-1.500000000000000000e+00,-0.000000000000000000e+00
-1.648320319403147050e+00,4.981942831944008443e-02,4.103792881582309926e-01,1.500000000000000000e+00,0.000000000000000000e+00,0.000000000000000000e+00,0.000000000000000000e+00,2.472480479104720352e+00,2.472480479104720352e+00,-1.500000000000000000e+00,0.000000000000000000e+00
2.627568252850895902e-01,2.063700576352571758e+00,6.732420058046691969e-01,1.500000000000000000e+00,0.000000000000000000e+00,0.000000000000000000e+00,0.000000000000000000e+00,-3.941352379276343854e-01,-3.941352379276343854e-01,-1.500000000000000000e+00,-0.000000000000000000e+00
1.177641311356090625e+00,2.531073985563955020e+00,9.981208278353626007e-01,1.500000000000000000e+00,0.000000000000000000e+00,0.000000000000000000e+00,0.000000000000000000e+00,-1.766461967034135938e+00,-1.766461967034135938e+00,-1.500000000000000000e+00,-0.000000000000000000e+00
-1.067565405906663045e-01,8.888372218300795158e-01,4.726615556564672804e-01,1.500000000000000000e+00,0.000000000000000000e+00,0.000000000000000000e+00,0.000000000000000000e+00,1.601348108859994568e-01,1.601348108859994568e-01,-1.500000000000000000e+00,0.000000000000000000e+00
-8.847103981763657643e-01,2.373013711669391679e-02,3.665769946533266044e-01,1.500000000000000000e+00,0.000000000000000000e+00,0.000000000000000000e+00,0.000000000000000000e+00,1.327065597264548646e+00,1.327065597264548646e+00,-1.500000000000000000e+00,0.000000000000000000e+00
-1.513294148473186773e+00,1.111504114967813983e-01,6.279003245267733568e-01,1.500000000000000000e+00,0.000000000000000000e+00,0.000000000000000000e+00,0.000000000000000000e+00,2.269941222709780160e+00,2.269941222709780160e+00,-1.500000000000000000e+00,0.000000000000000000e+00
-1.218839395219402988e+00,1.828147147245343662e-01,6.292194202882891441e-01,1.500000000000000000e+00,0.000000000000000000e+00,0.000000000000000000e+00,0.000000000000000000e+00,1.828259092829104482e+00,1.828259092829104482e+00,-1.500000000000000000e+00,0.000000000000000000e+00
-2.701075867027040278e+00,2.263310013522523256e+00,4.071747171146758992e-01,1.500000000000000000e+00,0.000000000000000000e+00,0.000000000000000000e+00,0.000000000000000000e+00,4.051613800540560639e+00,4.051613800540560639e+00,-1.500000000000000000e+00,0.000000000000000000e+00
-1.469554933391963303e+00,1.585427146078596028e+00,6.459737450277122095e-01,1.500000000000000000e+00,0.000000000000000000e+00,0.000000000000000000e+00,0.000000000000000000e+00,2.204332400087944954e+00,2.204332400087944954e+00,-1.500000000000000000e+00,0.000000000000000000e+00
2.718780943185708843e+00,2.689518286332799324e+00,6.566679012708686036e-01,1.500000000000000000e+00,0.000000000000000000e+00,0.000000000000000000e+00,0.000000000000000000e+00,-4.078171414778562820e+00,-4.078171414778562820e+00,-1.500000000000000000e+00,-0.000000000000000000e+00
-2.951414645665403125e+00,1.897484877243857060e+00,7.466103911863639642e-01,1.500000000000000000e+00,0.000000000000000000e+00,0.000000000000000000e+00,0.000000000000000000e+00,4.427121968498104465e+00,4.427121968498104465e+00,-1.500000000000000000e+00,0.000000000000000000e+00
1.364810343942125748e+00,1.782207113307351598e+00,1.670270832268083705e-01,1.500000000000000000e+00,0.000000000000000000e+00,0.000000000000000000e+00,0.000000000000000000e+00,-2.047215515913188622e+00,-2.047215515913188622e+00,-1.500000000000000000e+00,-0.000000000000000000e+00
1.733478236044710741e+00,6.054700902922783845e-01,6.525594759878027284e-01,1.500000000000000000e+00,0.000000000000000000e+00,0.000000000000000000e+00,0.000000000000000000e+00,-2.600217354067066111e+00,-2.600217354067066111e+00,-1.500000000000000000e+00,-0.000000000000000000e+00
-5.717398829984379205e-01,6.709069100968304555e-01,4.178523574852808231e-01,1.500000000000000000e+00,0.000000000000000000e+00,0.000000000000000000e+00,0.000000000000000000e+00,8.576098244976568807e-01,8.576098244976568807e-01,-1.500000000000000000e+00,0.000000000000000000e+00
5.714447161294478050e-01,2.935687717414000808e+00,8.794080041107089629e-01,1.500000000000000000e+00,0.000000000000000000e+00,0.000000000000000000e+00,0.000000000000000000e+00,-8.571670741941717075e-01,-8.571670741941717075e-01,-1.500000000000000000e+00,-0.000000000000000000e+00
-1.674704961848741291e+00,2.856965994676138099e+00,6.183821252168139049e-01,1.500000000000000000e+00,0.000000000000000000e+00,0.000000000000000000e+00,0.000000000000000000e+00,2.512057442773111937e+00,2.512057442773111937e+00,-1.500000000000000000e+00,0.000000000000000000e+00
1.008271350747385497e+00,1.313331722511515309e+00,8.109725962817010414e-01,1.500000000000000000e+00,0.000000000000000000e+00,0.000000000000000000e+00,0.000000000000000000e+00,-1.512407026121078246e+00,-1.512407026121078246e+00,-1.500000000000000000e+00,-0.000000000000000000e+00
1.246954543158739881e+00,2.385017674187558168e+00,8.103194150492695202e-01,1.500000000000000000e+00,0.000000000000000000e+00,0.000000000000000000e+00,0.000000000000000000e+00,-1.870431814738109821e+00,-1.870431814738109821e+00,-1.500000000000000000e+00,-0.000000000000000000e+00
1.407410202261756282e+00,2.160393763353812169e+00,2.129550941035501799e-01,1.500000000000000000e+00,0.000000000000000000e+00,0.000000000000000000e+00,0.000000000000000000e+00,-2.111115303392634424e+00,-2.111115303392634424e+00,-1.500000000000000000e+00,-0.000000000000000000e+00
-4.963931733075988006e-02,8.330779696205531382e-01,7.758881777638293453e-02,1.500000000000000000e+00,0.000000000000000000e+00,0.000000000000000000e+00,0.000000000000000000e+00,7.445897599613982010e-02,7.445897599613982010e-02,-1.500000000000000000e+00,0.000000000000000000e+00
2.822495505285400164e+00,5.998180287673272604e-01,7.595174181943515901e-01,1.500000000000000000e+00,0.000000000000000000e+00,0.000000000000000000e+00,0.000000000000000000e+00,-4.233743257928100689e+00,-4.233743257928100689e+00,-1.500000000000000000e+00,-0.000000000000000000e+00
2.197893097951816976e+00,2.246364711722352858e+00,5.544912067636020847e-02,1.500000000000000000e+00,0.000000000000000000e+00,0.000000000000000000e+00,0.000000000000000000e+00,-3.296839646927725465e+00,-3.296839646927725465e+00,-1.500000000000000000e+00,-0.000000000000000000e+00
4.347479789321155863e-01,2.887980400950342030e+00,9.481659333076077889e-01,1.500000000000000000e+00,0.000000000000000000e+00,0.000000000000000000e+00,0.000000000000000000e+00,-6.521219683981733795e-01,-6.521219683981733795e-01,-1.500000000000000000e+00,-0.000000000000000000e+00
1.094176007476573176e+00,2.950895588982652029e+00,6.903035100372277855e-01,1.500000000000000000e+00,0.000000000000000000e+00,0.000000000000000000e+00,0.000000000000000000e+00,-1.641264011214859764e+00,-1.641264011214859764e+00,-1.500000000000000000e+00,-0.000000000000000000e+00
-1.351281992478036820e+00,1.071590899634749183e+00,4.233531779460995015e-01,1.500000000000000000e+00,0.000000000000000000e+00,0.000000000000000000e+00,0.000000000000000000e+00,2.026922988717055230e+00,2.026922988717055230e+00,-1.500000000000000000e+00,0.000000000000000000e+00
2.661767692299371824e+00,1.966307518906792451e-01,6.702303255528782033e-01,1.500000000000000000e+00,0.000000000000000000e+00,0.000000000000000000e+00,0.000000000000000000e+00,-3.992651538449057735e+00,-3.992651538449057735e+00,-1.500000000000000000e+00,-0.000000000000000000e+00
8.708533578334369807e-01,9.575145553468925597e-01,1.319772228117267465e-01,1.500000000000000000e+00,0.000000000000000000e+00,0.000000000000000000e+00,0.000000000000000000e+00,-1.306280036750155471e+00,-1.306280036750155471e+00,-1.500000000000000000e+00,-0.000000000000000000e+00
2.369544321700531420e+00,2.097851783336652787e-01,6.381307762147512275e-01,1.500000000000000000e+00,0.000000000000000000e+00,0.000000000000000000e+00,0.000000000000000000e+00,-3.554316482550797129e+00,-3.554316482550797129e+00,-1.500000000000000000e+00,-0.000000000000000000e+00
-1.268253336552189081e+00,2.963085449583496622e+00,9.201071218403295005e-01,1.500000000000000000e+00,0.000000000000000000e+00,0.000000000000000000e+00,0.000000000000000000e+00,1.902380004828283511e+00,1.902380004828283511e+00,-1.500000000000000000e+00,0.000000000000000000e+00
2.894287283633941499e+00,9.214496775182431376e-01,1.199753097533839963e-04,1.500000000000000000e+00,0.000000000000000000e+00,0.000000000000000000e+00,0.000000000000000000e+00,-4.341430925450912248e+00,-4.341430925450912248e+00,-1.500000000000000000e+00,-0.000000000000000000e+00
-2.367336272582781120e+00,2.542603411770609778e+00,9.381107338772428639e-01,1.500000000000000000e+00,0.000000000000000000e+00,0.000000000000000000e+00,0.000000000000000000e+00,3.551004408874171681e+00,3.551004408874171681e+00,-1.500000000000000000e+00,0.000000000000000000e+00
1.820945121246531073e-01,7.393118483351728276e-01,3.107230899635669008e-01,1.500000000000000000e+00,0.000000000000000000e+00,0.000000000000000000e+00,0.000000000000000000e+00,-2.731417681869796610e-01,-2.731417681869796610e-01,-1.500000000000000000e+00,-0.000000000000000000e+00
-2.337165501712743509e+00,2.879739939899570444e+00,3.969282447071523778e-01,1.500000000000000000e+00,0.000000000000000000e+00,0.000000000000000000e+00,0.000000000000000000e+00,3.505748252569115486e+00,3.505748252569115486e+00,-1.500000000000000000e+00,0.000000000000000000e+00
-1.861273140340678145e+00,1.467399662339179622e+00,9.395454339945475963e-01,1.500000000000000000e+00,0.000000000000000000e+00,0.000000000000000000e+00,0.000000000000000000e+00,2.791909710511017106e+00,2.791909710511017106e+00,-1.500000000000000000e+00,0.000000000000000000e+00
1.584904224673942430e+00,2.501478105013943853e+00,7.965819158922771148e-01,1.500000000000000000e+00,0.000000000000000000e+00,0.000000000000000000e+00,0.000000000000000000e+00,-2.377356337010913645e+00,-2.377356337010913645e+00,-1.500000000000000000e+00,-0.000000000000000000e+00
-2.603429814187219193e+00,1.797894961400922531e+00,3.848975256839718417e-01,1.500000000000000000e+00,0.000000000000000000e+00,0.000000000000000000e+00,0.000000000000000000e+00,3.905144721280828790e+00,3.905144721280828790e+00,-1.500000000000000000e+00,0.000000000000000000e+00
-7.037381199157115574e-01,2.298149582428309579e+00,9.795886225058422214e-01,1.500000000000000000e+00,0.000000000000000000e+00,0.000000000000000000e+00,0.000000000000000000e+00,1.055607179873567336e+00,1.055607179873567336e+00,-1.500000000000000000e+00,0.000000000000000000e+00
-1.850066466162588519e+00,2.186026370063222091e-01,3.259437991813463054e-02,1.500000000000000000e+00,0.000000000000000000e+00,0.000000000000000000e+00,0.000000000000000000e+00,2.775099699243882778e+00,2.775099699243882778e+00,-1.500000000000000000e+00,0.000000000000000000e+00
2.101628420787019280e+00,2.628947600357238734e-01,6.604894858893285425e-01,1.500000000000000000e+00,0.000000000000000000e+00,0.000000000000000000e+00,0.000000000000000000e+00,-3.152442631180528920e+00,-3.152442631180528920e+00,-1.500000000000000000e+00,-0.000000000000000000e+00
-2.505747015731355276e+00,1.071790542017144077e+00,5.094212667432942432e-01,1.500000000000000000e+00,0.000000000000000000e+00,0.000000000000000000e+00,0.000000000000000000e+00,3.758620523597032914e+00,3.758620523597032914e+00,-1.500000000000000000e+00,0.000000000000000000e+00
-9.805386497447434735e-01,2.632769292348835943e+00,8.874380975306962460e-01,1.500000000000000000e+00,0.000000000000000000e+00,0.000000000000000000e+00,0.000000000000000000e+00,1.470807974617115210e+00,1.470807974617115210e+00,-1.500000000000000000e+00,0.000000000000000000e+00
2.137462653621713393e+00,2.727949354308456087e+00,1.869923653959992826e-02,1.500000000000000000e+00,0.000000000000000000e+00,0.000000000000000000e+00,0.000000000000000000e+00,-3.206193980432570090e+00,-3.206193980432570090e+00,-1.500000000000000000e+00,-0.000000000000000000e+00
1.121483466018133868e+00,2.131776838555909936e+00,3.216008095613821505e-01,1.500000000000000000e+00,0.000000000000000000e+00,0.000000000000000000e+00,0.000000000000000000e+00,-1.682225199027200802e+00,-1.682225199027200802e+00,-1.500000000000000000e+00,-0.000000000000000000e+00
1.219968933985168924e+00,1.796196186310239362e+00,4.783225807109222627e-01,1.500000000000000000e+00,0.000000000000000000e+00,0.000000000000000000e+00,0.000000000000000000e+00,-1.829953400977753386e+00,-1.829953400977753386e+00,-1.500000000000000000e+00,-0.000000000000000000e+00
2.947129954029554355e+00,1.473513636402304927e-01,7.328539398223254953e-02,1.500000000000000000e+00,0.000000000000000000e+00,0.000000000000000000e+00,0.000000000000000000e+00,-4.420694931044331533e+00,-4.420694931044331533e+00,-1.500000000000000000e+00,-0.000000000000000000e+00
-2.859476067335350091e+00,2.784179739301277934e+00,6.455574710485009193e-01,1.500000000000000000e+00,0.000000000000000000e+00,0.000000000000000000e+00,0.000000000000000000e+00,4.289214101003024915e+00,4.289214101003024915e+00,-1.500000000000000000e+00,0.000000000000000000e+00
9.889093483863451439e-01,1.979753794837889380e+00,8.476258310757728287e-01,1.500000000000000000e+00,0.000000000000000000e+00,0.000000000000000000e+00,0.000000000000000000e+00,-1.483364022579517716e+00,-1.483364022579517716e+00,-1.500000000000000000e+00,-0.000000000000000000e+00
1.469745326826958021e+00,1.847687212068787499e+00,9.062863331381739718e-01,1.500000000000000000e+00,0.000000000000000000e+00,0.000000000000000000e+00,0.000000000000000000e+00,-2.204617990240437031e+00,-2.204617990240437031e+00,-1.500000000000000000e+00,-0.000000000000000000e+00
1.489043695663640143e+00,2.526065660444108296e+00,1.441456917954423433e-01,1.500000000000000000e+00,0.000000000000000000e+00,0.000000000000000000e+00,0.000000000000000000e+00,-2.233565543495460215e+00,-2.233565543495460215e+00,-1.500000000000000000e+00,-0.000000000000000000e+00
1.284128774056000566e+00,7.092481761075167812e-01,5.063893229835952914e-01,1.500000000000000000e+00,0.000000000000000000e+00,0.000000000000000000e+00,0.000000000000000000e+00,-1.926193161084000849e+00,-1.926193161084000849e+00,-1.500000000000000000e+00,-0.000000000000000000e+00
-2.566725068689367006e+00,1.859780196726458668e+00,9.850127823466986454e-01,1.500000000000000000e+00,0.000000000000000000e+00,0.000000000000000000e+00,0.000000000000000000e+00,3.850087603034050510e+00,3.850087603034050510e+00,-1.500000000000000000e+00,0.000000000000000000e+00
-2.496369261696501418e+00,2.048655347965976148e+00,7.154250603072653814e-02,1.500000000000000000e+00,0.000000000000000000e+00,0.000000000000000000e+00,0.000000000000000000e+00,3.744553892544752127e+00,3.744553892544752127e+00,-1.500000000000000000e+00,0.000000000000000000e+00
1.636811958441366954e+00,2.268575266429984971e+00,7.049096277515857212e-01,1.500000000000000000e+00,0.000000000000000000e+00,0.000000000000000000e+00,0.000000000000000000e+00,-2.455217937662050431e+00,-2.455217937662050431e+00,-1.500000000000000000e+00,-0.000000000000000000e+00
6.706226922045375183e-01,2.842367130227372307e-01,2.860216064450321616e-01,1.500000000000000000e+00,0.000000000000000000e+00,0.000000000000000000e+00,0.000000000000000000e+00,-1.005934038306806277e+00,-1.005934038306806277e+00,-1.500000000000000000e+00,-0.000000000000000000e+00
-1.423955338611480936e+00,2.184915645069210210e+00,9.085599801748511783e-01,1.500000000000000000e+00,0.000000000000000000e+00,0.000000000000000000e+00,0.000000000000000000e+00,2.135933007917221182e+00,2.135933007917221182e+00,-1.500000000000000000e+00,0.000000000000000000e+00
-2.944257637613341139e+00,2.708228860089157308e+00,6.082119932008283048e-01,1.500000000000000000e+00,0.000000000000000000e+00,0.000000000000000000e+00,0.000000000000000000e+00,4.416386456420012152e+00,4.416386456420012152e+00,-1.500000000000000000e+00,0.000000000000000000e+00
2.007479264427862731e-01,1.885137681171612289e+00,8.962828778415247166e-01,1.500000000000000000e+00,0.000000000000000000e+00,0.000000000000000000e+00,0.000000000000000000e+00,-3.011218896641794096e-01,-3.011218896641794096e-01,-1.500000000000000000e+00,-0.000000000000000000e+00
-2.457457366248443353e+00,5.096877192861656303e-01,5.045681922655176344e-02,1.500000000000000000e+00,0.000000000000000000e+00,0.000000000000000000e+00,0.000000000000000000e+00,3.686186049372665252e+00,3.686186049372665252e+00,-1.500000000000000000e+00,0.000000000000000000e+00
1.490290601504170809e+00,2.756101439973252631e+00,6.055702269842628827e-01,1.500000000000000000e+00,0.000000000000000000e+00,0.000000000000000000e+00,0.000000000000000000e+00,-2.235435902256256213e+00,-2.235435902256256213e+00,-1.500000000000000000e+00,-0.000000000000000000e+00
-9.556685125546202642e-01,3.063386096093968503e-01,4.200981856958631022e-01,1.500000000000000000e+00,0.000000000000000000e+00,0.000000000000000000e+00,0.000000000000000000e+00,1.433502768831930396e+00,1.433502768831930396e+00,-1.500000000000000000e+00,0.000000000000000000e+00
1.844871544703455157e+00,6.911148217569319518e-01,1.078719467540021348e-01,1.500000000000000000e+00,0.000000000000000000e+00,0.000000000000000000e+00,0.000000000000000000e+00,-2.767307317055182736e+00,-2.767307317055182736e+00,-1.500000000000000000e+00,-0.000000000000000000e+00
-2.426665527067986883e+00,2.564632754751767330e+00,4.091051727819903228e-01,1.500000000000000000e+00,0.000000000000000000e+00,0.000000000000000000e+00,0.000000000000000000e+00,3.639998290601980102e+00,3.639998290601980102e+00,-1.500000000000000000e+00,0.000000000000000000e+00
-3.614353891584887180e-02,1.766305196077369688e+00,7.415454937429287741e-01,1.500000000000000000e+00,0.000000000000000000e+00,0.000000000000000000e+00,0.000000000000000000e+00,5.421530837377330769e-02,5.421530837377330769e-02,-1.500000000000000000e+00,0.000000000000000000e+00
-2.401410117426495461e+00,1.006925668013263886e+00,5.820986862488053415e-01,1.500000000000000000e+00,0.000000000000000000e+00,0.000000000000000000e+00,0.000000000000000000e+00,3.602115176139743191e+00,3.602115176139743191e+00,-1.500000000000000000e+00,0.000000000000000000e+00
1.682160747868578277e+00,2.410415906453015289e+00,5.938699394912887453e-01,1.500000000000000000e+00,0.000000000000000000e+00,0.000000000000000000e+00,0.000000000000000000e+00,-2.523241121802867415e+00,-2.523241121802867415e+00,-1.500000000000000000e+00,-0.000000000000000000e+00
3.598986149801981504e-01,1.942088123910719055e+00,2.795139983096655012e-01,1.500000000000000000e+00,0.000000000000000000e+00,0.000000000000000000e+00,0.000000000000000000e+00,-5.398479224702972257e-01,-5.398479224702972257e-01,-1.500000000000000000e+00,-0.000000000000000000e+00
-1.591874567868844181e+00,3.544066017494320597e-01,5.089785736057822474e-01,1.500000000000000000e+00,0.000000000000000000e+00,0.000000000000000000e+00,0.000000000000000000e+00,2.387811851803266272e+00,2.387811851803266272e+00,-1.500000000000000000e+00,0.000000000000000000e+00
2.777118164565136382e+00,6.962961233113864612e-01,4.463672784530148263e-01,1.500000000000000000e+00,0.000000000000000000e+00,0.000000000000000000e+00,0.000000000000000000e+00,-4.165677246847704573e+00,-4.165677246847704573e+00,-1.500000000000000000e+00,-0.000000000000000000e+00
1.091969773765844920e+00,2.431709476334437348e+00,9.100171529608409582e-01,1.500000000000000000e+00,0.000000000000000000e+00,0.000000000000000000e+00,0.000000000000000000e+00,-1.637954660648767380e+00,-1.637954660648767380e+00,-1.500000000000000000e+00,-0.000000000000000000e+00
-9.819475108541988462e-01,2.433347897859868603e+00,8.779166435765829446e-01,1.500000000000000000e+00,0.000000000000000000e+00,0.000000000000000000e+00,0.000000000000000000e+00,1.472921266281298269e+00,1.472921266281298269e+00,-1.500000000000000000e+00,0.000000000000000000e+00
2.131994427855699037e+00,2.228972812182626884e-01,4.373926656549713687e-01,1.500000000000000000e+00,0.000000000000000000e+00,0.000000000000000000e+00,0.000000000000000000e+00,-3.197991641783548555e+00,-3.197991641783548555e+00,-1.500000000000000000e+00,-0.000000000000000000e+00
-7.201062085511651389e-01,1.564612612482470633e+00,5.032874656381017830e-01,1.500000000000000000e+00,0.000000000000000000e+00,0.000000000000000000e+00,0.000000000000000000e+00,1.080159312826747708e+00,1.080159312826747708e+00,-1.500000000000000000e+00,0.000000000000000000e+00
2.654789993499487188e+00,2.139119363071646962e+00,2.926612031370086076e-01,1.500000000000000000e+00,0.000000000000000000e+00,0.000000000000000000e+00,0.000000000000000000e+00,-3.982184990249230783e+00,-3.982184990249230783e+00,-1.500000000000000000e+00,-0.000000000000000000e+00
-1.217305433335284182e+00,9.763157939429565335e-01,5.669320289673178692e-01,1.500000000000000000e+00,0.000000000000000000e+00,0.000000000000000000e+00,0.000000000000000000e+00,1.825958150002926272e+00,1.825958150002926272e+00,-1.500000000000000000e+00,0.000000000000000000e+00
2.906167117359416352e+00,1.883675434300845497e-01,1.303702188080100299e-01,1.500000000000000000e+00,0.000000000000000000e+00,0.000000000000000000e+00,0.000000000000000000e+00,-4.359250676039124528e+00,-4.359250676039124528e+00,-1.500000000000000000e+00,-0.000000000000000000e+00
-2.625101717152185099e+00,1.251421845226356133e+00,9.656763525706999474e-01,1.500000000000000000e+00,0.000000000000000000e+00,0.000000000000000000e+00,0.000000000000000000e+00,3.937652575728277426e+00,3.937652575728277426e+00,-1.500000000000000000e+00,0.000000000000000000e+00
1.407424790562997075e+00,2.804513043316042342e+00,4.144411945484921533e-01,1.500000000000000000e+00,0.000000000000000000e+00,0.000000000000000000e+00,0.000000000000000000e+00,-2.111137185844495612e+00,-2.111137185844495612e+00,-1.500000000000000000e+00,-0.000000000000000000e+00
-1.251594400377869398e+00,2.190816095056614898e+00,9.111535686274541135e-03,1.500000000000000000e+00,0.000000000000000000e+00,0.000000000000000000e+00,0.000000000000000000e+00,1.877391600566804097e+00,1.877391600566804097e+00,-1.500000000000000000e+00,0.000000000000000000e+00
-4.565871222846968891e-01,6.401312231225951832e-01,2.969673348082397801e-01,1.500000000000000000e+00,0.000000000000000000e+00,0.000000000000000000e+00,0.000000000000000000e+00,6.848806834270453336e-01,6.848806834270453336e-01,-1.500000000000000000e+00,0.000000000000000000e+00
8.171126854874004586e-01,2.534196883466966366e+00,9.488761409667391122e-01,1.500000000000000000e+00,0.000000000000000000e+00,0.000000000000000000e+00,0.000000000000000000e+00,-1.225669028231100688e+00,-1.225669028231100688e+00,-1.500000000000000000e+00,-0.000000000000000000e+00
-2.725019492665754939e+00,2.002755672281373300e+00,3.102609993725096160e-01,1.500000000000000000e+00,0.000000000000000000e+00,0.000000000000000000e+00,0.000000000000000000e+00,4.087529238998632408e+00,4.087529238998632408e+00,-1.500000000000000000e+00,0.000000000000000000e+00
-1.658762471387665416e+00,8.704849524883736533e-01,3.865067601750121762e-01,1.500000000000000000e+00,0.000000000000000000e+00,0.000000000000000000e+00,0.000000000000000000e+00,2.488143707081498235e+00,2.488143707081498235e+00,-1.500000000000000000e+00,0.000000000000000000e+00
-2.375898912596444923e+00,8.058124173120794209e-01,9.747847916670201451e-01,1.500000000000000000e+00,0.000000000000000000e+00,0.000000000000000000e+00,0.000000000000000000e+00,3.563848368894667384e+00,3.563848368894667384e+00,-1.500000000000000000e+00,0.000000000000000000e+00
1.437873421447792843e+00,5.311110616877702251e-01,7.848407681800776414e-01,1.500000000000000000e+00,0.000000000000000000e+00,0.000000000000000000e+00,0.000000000000000000e+00,-2.156810132171689265e+00,-2.156810132171689265e+00,-1.500000000000000000e+00,-0.000000000000000000e+00
-1.672550089931472916e+00,1.214136618269110901e+00,3.605175113708651846e-01,1.500000000000000000e+00,0.000000000000000000e+00,0.000000000000000000e+00,0.000000000000000000e+00,2.508825134897209264e+00,2.508825134897209264e+00,-1.500000000000000000e+00,0.000000000000000000e+00
-1.000569001928841573e-02,1.080248805338946516e+00,1.649497516861831992e-01,1.500000000000000000e+00,0.000000000000000000e+00,0.000000000000000000e+00,0.000000000000000000e+00,1.500853502893262359e-02,1.500853502893262359e-02,-1.500000000000000000e+00,0.000000000000000000e+00
-1.028919532268178116e+00,8.560210811410025045e-01,3.906932386874838459e-01,1.500000000000000000e+00,0.000000000000000000e+00,0.000000000000000000e+00,0.000000000000000000e+00,1.543379298402267175e+00,1.543379298402267175e+00,-1.500000000000000000e+00,0.000000000000000000e+00
-1.583299355420474397e+00,2.621284354925438986e+00,3.731448390940722559e-01,1.500000000000000000e+00,0.000000000000000000e+00,0.000000000000000000e+00,0.000000000000000000e+00,2.374949033130711484e+00,2.374949033130711484e+00,-1.500000000000000000e+00,0.000000000000000000e+00
2.611066793507677453e+00,2.282703184886514691e+00,8.946444540761772091e-01,1.500000000000000000e+00,0.000000000000000000e+00,0.000000000000000000e+00,0.000000000000000000e+00,-3.916600190261516179e+00,-3.916600190261516179e+00,-1.500000000000000000e+00,-0.000000000000000000e+00
4.496721818880367039e-02,1.478330994039397606e+00,5.393538952848261347e-01,1.500000000000000000e+00,0.000000000000000000e+00,0.000000000000000000e+00,0.000000000000000000e+00,-6.745082728320550558e-02,-6.745082728320550558e-02,-1.500000000000000000e+00,-0.000000000000000000e+00
9.028211476633982713e-01,2.888160678201012299e+00,9.248167142760471693e-01,1.500000000000000000e+00,0.000000000000000000e+00,0.000000000000000000e+00,0.000000000000000000e+00,-1.354231721495097407e+00,-1.354231721495097407e+00,-1.500000000000000000e+00,-0.000000000000000000e+00
1.226297939524683578e+00,2.021005738662910556e+00,9.861418637846428581e-01,1.500000000000000000e+00,0.000000000000000000e+00,0.000000000000000000e+00,0.000000000000000000e+00,-1.839446909287025367e+00,-1.839446909287025367e+00,-1.500000000000000000e+00,-0.000000000000000000e+00
1.926907573222569781e+00,2.855744686591539683e+00,8.695964292168191223e-01,1.500000000000000000e+00,0.000000000000000000e+00,0.000000000000000000e+00,0.000000000000000000e+00,-2.890361359833854671e+00,-2.890361359833854671e+00,-1.500000000000000000e+00,-0.000000000000000000e+00
-1.420684379046846413e+00,2.474311616765676458e+00,4.065443297142246060e-01,1.500000000000000000e+00,0.000000000000000000e+00,0.000000000000000000e+00,0.000000000000000000e+00,2.131026568570269397e+00,2.131026568570269397e+00,-1.500000000000000000e+00,0.000000000000000000e+00
-2.528431598591188489e+00,1.903089766827228857e+00,3.905751134284095594e-01,1.500000000000000000e+00,0.000000000000000000e+00,0.000000000000000000e+00,0.000000000000000000e+00,3.792647397886782734e+00,3.792647397886782734e+00,-1.500000000000000000e+00,0.000000000000000000e+00
-1.965254925018191656e-01,2.081141185356156331e+00,5.474875994194130513e-01,1.500000000000000000e+00,0.000000000000000000e+00,0.000000000000000000e+00,0.000000000000000000e+00,2.947882387527287484e-01,2.947882387527287484e-01,-1.500000000000000000e+00,0.000000000000000000e+00
-1.979963207078234477e+00,2.324739923434990363e+00,6.792778838214785786e-01,1.500000000000000000e+00,0.000000000000000000e+00,0.000000000000000000e+00,0.000000000000000000e+00,2.969944810617351827e+00,2.969944810617351827e+00,-1.500000000000000000e+00,0.000000000000000000e+00
-2.877408548734053717e+00,2.271694636508542864e+00,8.487771318731590631e-01,1.500000000000000000e+00,0.000000000000000000e+00,0.000000000000000000e+00,0.000000000000000000e+00,4.316112823101081020e+00,4.316112823101081020e+00,-1.500000000000000000e+00,0.000000000000000000e+00
2.518105799297519098e+00,2.620781088094993549e+00,8.175029368411408370e-01,1.500000000000000000e+00,0.000000000000000000e+00,0.000000000000000000e+00,0.000000000000000000e+00,-3.777158698946278648e+00,-3.777158698946278648e+00,-1.500000000000000000e+00,-0.000000000000000000e+00
7.595150091763680500e-01,1.019867925176203727e+00,3.129472286392923630e-01,1.500000000000000000e+00,0.000000000000000000e+00,0.000000000000000000e+00,0.000000000000000000e+00,-1.139272513764552075e+00,-1.139272513764552075e+00,-1.500000000000000000e+00,-0.000000000000000000e+00
-5.138115822633224639e-01,1.090202297386287267e+00,7.359449932752613055e-01,1.500000000000000000e+00,0.000000000000000000e+00,0.000000000000000000e+00,0.000000000000000000e+00,7.707173733949836958e-01,7.707173733949836958e-01,-1.500000000000000000e+00,0.000000000000000000e+00
-2.181329466838038300e+00,7.408146849593405525e-01,3.761237415627795011e-01,1.500000000000000000e+00,0.000000000000000000e+00,0.000000000000000000e+00,0.000000000000000000e+00,3.271994200257057450e+00,3.271994200257057450e+00,-1.500000000000000000e+00,0.000000000000000000e+00
1.567491618955431321e+00,2.765675779695553338e+00,7.765580404229629474e-01,1.500000000000000000e+00,0.000000000000000000e+00,0.000000000000000000e+00,0.000000000000000000e+00,-2.351237428433146981e+00,-2.351237428433146981e+00,-1.500000000000000000e+00,-0.000000000000000000e+00
1.980314772461673201e-01,2.711348309863823580e+00,1.333056021992551354e-02,1.500000000000000000e+00,0.000000000000000000e+00,0.000000000000000000e+00,0.000000000000000000e+00,-2.970472158692509801e-01,-2.970472158692509801e-01,-1.500000000000000000e+00,-0.000000000000000000e+00
-1.954231425253282195e+00,1.326113643308374890e+00,8.487239760080163009e-01,1.500000000000000000e+00,0.000000000000000000e+00,0.000000000000000000e+00,0.000000000000000000e+00,2.931347137879923181e+00,2.931347137879923181e+00,-1.500000000000000000e+00,0.000000000000000000e+00
2.893630943506084741e+00,1.203569232992632854e+00,6.980296807620328670e-01,1.500000000000000000e+00,0.000000000000000000e+00,0.000000000000000000e+00,0.000000000000000000e+00,-4.340446415259126667e+00,-4.340446415259126667e+00,-1.500000000000000000e+00,-0.000000000000000000e+00
2.704888259706722309e+00,3.975812938722117496e-01,1.466661835872180575e-01,1.500000000000000000e+00,0.000000000000000000e+00,0.000000000000000000e+00,0.000000000000000000e+00,-4.057332389560083463e+00,-4.057332389560083463e+00,-1.500000000000000000e+00,-0.000000000000000000e+00
2.562846661817230753e+00,2.925837837301061839e+00,2.503342680683496857e-01,1.500000000000000000e+00,0.000000000000000000e+00,0.000000000000000000e+00,0.000000000000000000e+00,-3.844269992725846130e+00,-3.844269992725846130e+00,-1.500000000000000000e+00,-0.000000000000000000e+00
1.959895403540067527e+00,2.015687389226851867e+00,3.112121673142558276e-01,1.500000000000000000e+00,0.000000000000000000e+00,0.000000000000000000e+00,0.000000000000000000e+00,-2.939843105310101290e+00,-2.939843105310101290e+00,-1.500000000000000000e+00,-0.000000000000000000e+00
1.895041262356822465e-01,2.890713032430102913e+00,5.135315783909085718e-01,1.500000000000000000e+00,0.000000000000000000e+00,0.000000000000000000e+00,0.000000000000000000e+00,-2.842561893535233697e-01,-2.842561893535233697e-01,-1.500000000000000000e+00,-0.000000000000000000e+00
-1.197296565683547476e+00,1.896573977325027194e+00,9.056685881149719730e-01,1.500000000000000000e+00,0.000000000000000000e+00,0.000000000000000000e+00,0.000000000000000000e+00,1.795944848525321103e+00,1.795944848525321103e+00,-1.500000000000000000e+00,0.000000000000000000e+00
9.102496806101516569e-01,1.541806029251989729e+00,9.705746852307058914e-01,1.500000000000000000e+00,0.000000000000000000e+00,0.000000000000000000e+00,0.000000000000000000e+00,-1.365374520915227485e+00,-1.365374520915227485e+00,-1.500000000000000000e+00,-0.000000000000000000e+00
-2.091909220674548209e+00,2.246447252535926253e+00,6.028597797745953724e-01,1.500000000000000000e+00,0.000000000000000000e+00,0.000000000000000000e+00,0.000000000000000000e+00,3.137863831011822313e+00,3.137863831011822313e+00,-1.500000000000000000e+00,0.000000000000000000e+00
7.008760131589832909e-01,2.660928112072662444e+00,1.092335354768527722e-01,1.500000000000000000e+00,0.000000000000000000e+00,0.000000000000000000e+00,0.000000000000000000e+00,-1.051314019738474936e+00,-1.051314019738474936e+00,-1.500000000000000000e+00,-0.000000000000000000e+00
-2.603595547920533271e+00,2.534770940724645705e+00,9.783543822179866511e-01,1.500000000000000000e+00,0.000000000000000000e+00,0.000000000000000000e+00,0.000000000000000000e+00,3.905393321880799906e+00,3.905393321880799906e+00,-1.500000000000000000e+00,0.000000000000000000e+00
-2.918488263522435844e+00,1.037982502683581387e+00,9.604941029308236011e-01,1.500000000000000000e+00,0.000000000000000000e+00,0.000000000000000000e+00,0.000000000000000000e+00,4.377732395283653766e+00,4.377732395283653766e+00,-1.500000000000000000e+00,0.000000000000000000e+00
1.293097227778533309e+00,1.520401936220777461e+00,8.811840565347317522e-02,1.500000000000000000e+00,0.000000000000000000e+00,0.000000000000000000e+00,0.000000000000000000e+00,-1.939645841667799964e+00,-1.939645841667799964e+00,-1.500000000000000000e+00,-0.000000000000000000e+00
-9.437355376312397404e-01,2.834369165324896578e+00,6.657793537027159037e-01,1.500000000000000000e+00,0.000000000000000000e+00,0.000000000000000000e+00,0.000000000000000000e+00,1.415603306446859611e+00,1.415603306446859611e+00,-1.500000000000000000e+00,0.000000000000000000e+00
1.183505785112317632e+00,1.518874822051983431e+00,6.665190508617461207e-01,1.500000000000000000e+00,0.000000000000000000e+00,0.000000000000000000e+00,0.000000000000000000e+00,-1.775258677668476448e+00,-1.775258677668476448e+00,-1.500000000000000000e+00,-0.000000000000000000e+00
1.679681090001721167e+00,2.406171249529783562e+00,6.608445266017832775e-01,1.500000000000000000e+00,0.000000000000000000e+00,0.000000000000000000e+00,0.000000000000000000e+00,-2.519521635002581750e+00,-2.519521635002581750e+00,-1.500000000000000000e+00,-0.000000000000000000e+00
2.011822013598647096e+00,1.574553274878276898e+00,7.251336835755628485e-01,1.500000000000000000e+00,0.000000000000000000e+00,0.000000000000000000e+00,0.000000000000000000e+00,-3.017733020397970645e+00,-3.017733020397970645e+00,-1.500000000000000000e+00,-0.000000000000000000e+00
6.949759683980203384e-01,2.497546144811068736e+00,5.137174481735118370e-03,1.500000000000000000e+00,0.000000000000000000e+00,0.000000000000000000e+00,0.000000000000000000e+00,-1.042463952597030508e+00,-1.042463952597030508e+00,-1.500000000000000000e+00,-0.000000000000000000e+00
2.080423627074893034e+00,2.048133939229834777e-01,3.087624471720904484e-01,1.500000000000000000e+00,0.000000000000000000e+00,0.000000000000000000e+00,0.000000000000000000e+00,-3.120635440612339551e+00,-3.120635440612339551e+00,-1.500000000000000000e+00,-0.000000000000000000e+00
9.532187000239638053e-01,3.711422239835560077e-03,3.375488788160891929e-01,1.500000000000000000e+00,0.000000000000000000e+00,0.000000000000000000e+00,0.000000000000000000e+00,-1.429828050035945708e+00,-1.429828050035945708e+00,-1.500000000000000000e+00,-0.000000000000000000e+00
2.563682631452758542e+00,2.720830733214801844e-01,6.492830952565494806e-01,1.500000000000000000e+00,0.000000000000000000e+00,0.000000000000000000e+00,0.000000000000000000e+00,-3.845523947179137814e+00,-3.845523947179137814e+00,-1.500000000000000000e+00,-0.000000000000000000e+00
2.381098607249277244e+00,1.307848375471484026e+00,9.508592408745397684e-02,1.500000000000000000e+00,0.000000000000000000e+00,0.000000000000000000e+00,0.000000000000000000e+00,-3.571647910873915865e+00,-3.571647910873915865e+00,-1.500000000000000000e+00,-0.000000000000000000e+00
-2.740309233517774778e+00,1.102411311602282007e+00,2.763983421150663089e-01,1.500000000000000000e+00,0.000000000000000000e+00,0.000000000000000000e+00,0.000000000000000000e+00,4.110463850276662612e+00,4.110463850276662612e+00,-1.500000000000000000e+00,0.000000000000000000e+00
-1.394114540168484240e+00,2.876948460344355141e+00,1.752971335268675990e-01,1.500000000000000000e+00,0.000000000000000000e+00,0.000000000000000000e+00,0.000000000000000000e+00,2.091171810252726360e+00,2.091171810252726360e+00,-1.500000000000000000e+00,0.000000000000000000e+00
-6.670432806922343971e-01,2.990984724372107273e+00,4.733354699792613474e-02,1.500000000000000000e+00,0.000000000000000000e+00,0.000000000000000000e+00,0.000000000000000000e+00,1.000564921038351596e+00,1.000564921038351596e+00,-1.500000000000000000e+00,0.000000000000000000e+00
-1.486805350889055299e+00,4.036936100851885589e-01,4.733343460705045080e-01,1.500000000000000000e+00,0.000000000000000000e+00,0.000000000000000000e+00,0.000000000000000000e+00,2.230208026333583060e+00,2.230208026333583060e+00,-1.500000000000000000e+00,0.000000000000000000e+00
-1.938652115626868344e+00,2.503022355387350739e+00,2.041841239656819740e-01,1.500000000000000000e+00,0.000000000000000000e+00,0.000000000000000000e+00,0.000000000000000000e+00,2.907978173440302516e+00,2.907978173440302516e+00,-1.500000000000000000e+00,0.000000000000000000e+00
2.240840366861904798e+00,1.527505409117467572e+00,4.821857117359097389e-01,1.500000000000000000e+00,0.000000000000000000e+00,0.000000000000000000e+00,0.000000000000000000e+00,-3.361260550292857197e+00,-3.361260550292857197e+00,-1.500000000000000000e+00,-0.000000000000000000e+00
-2.849990975016691852e+00,2.523810056925395173e+00,2.061835874689259551e-01,1.500000000000000000e+00,0.000000000000000000e+00,0.000000000000000000e+00,0.000000000000000000e+00,4.274986462525038000e+00,4.274986462525038000e+00,-1.500000000000000000e+00,0.000000000000000000e+00
-1.908843347177172634e+00,1.107451361521192723e+00,7.919900370284589375e-01,1.500000000000000000e+00,0.000000000000000000e+00,0.000000000000000000e+00,0.000000000000000000e+00,2.863265020765759061e+00,2.863265020765759061e+00,-1.500000000000000000e+00,0.000000000000000000e+00
1.561458330907672831e+00,2.318053153279557854e+00,1.116339771982157725e-01,1.500000000000000000e+00,0.000000000000000000e+00,0.000000000000000000e+00,0.000000000000000000e+00,-2.342187496361509247e+00,-2.342187496361509247e+00,-1.500000000000000000e+00,-0.000000000000000000e+00
-1.660134831300787317e+00,1.371025105834733360e-02,7.711697385034876895e-01,1.500000000000000000e+00,0.000000000000000000e+00,0.000000000000000000e+00,0.000000000000000000e+00,2.490202246951180864e+00,2.490202246951180864e+00,-1.500000000000000000e+00,0.000000000000000000e+00
-1.449881335176084418e+00,1.403352328059271237e+00,6.574948678395001744e-01,1.500000000000000000e+00,0.000000000000000000e+00,0.000000000000000000e+00,0.000000000000000000e+00,2.174822002764126516e+00,2.174822002764126516e+00,-1.500000000000000000e+00,0.000000000000000000e+00
2.804830046754720030e+00,9.982673431775777040e-01,1.582645990166863248e-01,1.500000000000000000e+00,0.000000000000000000e+00,0.000000000000000000e+00,0.000000000000000000e+00,-4.207245070132080045e+00,-4.207245070132080045e+00,-1.500000000000000000e+00,-0.000000000000000000e+00
1.575912514881407489e+00,7.559825678193803355e-01,3.784606281755319435e-01,1.500000000000000000e+00,0.000000000000000000e+00,0.000000000000000000e+00,0.000000000000000000e+00,-2.363868772322111234e+00,-2.363868772322111234e+00,-1.500000000000000000e+00,-0.000000000000000000e+00
-3.080092787430235290e-01,9.014683082003250858e-01,3.822172131748206025e-01,1.500000000000000000e+00,0.000000000000000000e+00,0.000000000000000000e+00,0.000000000000000000e+00,4.620139181145352936e-01,4.620139181145352936e-01,-1.500000000000000000e+00,0.000000000000000000e+00
-2.182789229454275670e+00,1.257385085265909197e+00,4.547836263676557911e-01,1.500000000000000000e+00,0.000000000000000000e+00,0.000000000000000000e+00,0.000000000000000000e+00,3.274183844181413505e+00,3.274183844181413505e+00,-1.500000000000000000e+00,0.000000000000000000e+00
-1.385720512413668892e+00,1.487836858250654926e+00,6.747290845407200033e-01,1.500000000000000000e+00,0.000000000000000000e+00,0.000000000000000000e+00,0.000000000000000000e+00,2.078580768620503338e+00,2.078580768620503338e+00,-1.500000000000000000e+00,0.000000000000000000e+00
2.886978427405655800e+00,1.574925927356341626e+00,1.489727982528143979e-02,1.500000000000000000e+00,0.000000000000000000e+00,0.000000000000000000e+00,0.000000000000000000e+00,-4.330467641108484145e+00,-4.330467641108484145e+00,-1.500000000000000000e+00,-0.000000000000000000e+00
1.746468263943531163e+00,2.203668771341307231e+00,1.656203190504144107e-01,1.500000000000000000e+00,0.000000000000000000e+00,0.000000000000000000e+00,0.000000000000000000e+00,-2.619702395915296744e+00,-2.619702395915296744e+00,-1.500000000000000000e+00,-0.000000000000000000e+00
-2.580726802876245340e+00,2.480413114255986873e+00,6.985496759907071640e-01,1.500000000000000000e+00,0.000000000000000000e+00,0.000000000000000000e+00,0.000000000000000000e+00,3.871090204314367789e+00,3.871090204314367789e+00,-1.500000000000000000e+00,0.000000000000000000e+00
1.241056442067069554e+00,2.884440600084912543e+00,9.293235508499919639e-02,1.500000000000000000e+00,0.000000000000000000e+00,0.000000000000000000e+00,0.000000000000000000e+00,-1.861584663100604331e+00,-1.861584663100604331e+00,-1.500000000000000000e+00,-0.000000000000000000e+00
-7.438160970007547945e-01,2.007413041820533373e+00,8.441852195072857556e-01,1.500000000000000000e+00,0.000000000000000000e+00,0.000000000000000000e+00,0.000000000000000000e+00,1.115724145501132192e+00,1.115724145501132192e+00,-1.500000000000000000e+00,0.000000000000000000e+00
1.319427496134448319e+00,7.701432824822210810e-01,3.704765866463909374e-01,1.500000000000000000e+00,0.000000000000000000e+00,0.000000000000000000e+00,0.000000000000000000e+00,-1.979141244201672478e+00,-1.979141244201672478e+00,-1.500000000000000000e+00,-0.000000000000000000e+00
-1.227323296313906686e+00,1.736554106012511589e+00,3.628632009579713102e-02,1.500000000000000000e+00,0.000000000000000000e+00,0.000000000000000000e+00,0.000000000000000000e+00,1.840984944470859919e+00,1.840984944470859919e+00,-1.500000000000000000e+00,0.000000000000000000e+00
-2.219009838879711261e+00,1.315513615971271477e+00,7.683423752846657573e-01,1.500000000000000000e+00,0.000000000000000000e+00,0.000000000000000000e+00,0.000000000000000000e+00,3.328514758319566891e+00,3.328514758319566891e+00,-1.500000000000000000e+00,0.000000000000000000e+00
-2.881800682965928839e+00,7.053563857193189124e-01,2.450692677755940130e-01,1.500000000000000000e+00,0.000000000000000000e+00,0.000000000000000000e+00,0.000000000000000000e+00,4.322701024448893037e+00,4.322701024448893037e+00,-1.500000000000000000e+00,0.000000000000000000e+00
-1.225885600600629344e+00,9.972526282624997185e-01,9.985188320139906093e-01,1.500000000000000000e+00,0.000000000000000000e+00,0.000000000000000000e+00,0.000000000000000000e+00,1.838828400900943905e+00,1.838828400900943905e+00,-1.500000000000000000e+00,0.000000000000000000e+00
2.162064624572293425e+00,6.874834926487186637e-01,9.226125357000845018e-01,1.500000000000000000e+00,0.000000000000000000e+00,0.000000000000000000e+00,0.000000000000000000e+00,-3.243096936858440138e+00,-3.243096936858440138e+00,-1.500000000000000000e+00,-0.000000000000000000e+00
2.347385066207301918e+00,1.616434122972994825e+00,8.853334718569750850e-01,1.500000000000000000e+00,0.000000000000000000e+00,0.000000000000000000e+00,0.000000000000000000e+00,-3.521077599310952877e+00,-3.521077599310952877e+00,-1.500000000000000000e+00,-0.000000000000000000e+00
1.099033595557674658e+00,1.984269107243693542e-01,8.838285689345531937e-01,1.500000000000000000e+00,0.000000000000000000e+00,0.000000000000000000e+00,0.000000000000000000e+00,-1.648550393336511988e+00,-1.648550393336511988e+00,-1.500000000000000000e+00,-0.000000000000000000e+00
1.487318103969286653e+00,1.629681888627220854e+00,7.359353814199165456e-02,1.500000000000000000e+00,0.000000000000000000e+00,0.000000000000000000e+00,0.000000000000000000e+00,-2.230977155953929980e+00,-2.230977155953929980e+00,-1.500000000000000000e+00,-0.000000000000000000e+00
-1.832227713294216187e+00,1.235473610389540289e+00,2.669553546708991476e-02,1.500000000000000000e+00,0.000000000000000000e+00,0.000000000000000000e+00,0.000000000000000000e+00,2.748341569941324281e+00,2.748341569941324281e+00,-1.500000000000000000e+00,0.000000000000000000e+00
-8.744272098273295768e-01,1.969058311668137051e-02,4.009998826600458255e-01,1.500000000000000000e+00,0.000000000000000000e+00,0.000000000000000000e+00,0.000000000000000000e+00,1.311640814740994365e+00,1.311640814740994365e+00,-1.500000000000000000e+00,0.000000000000000000e+00
2.395399502436575290e+00,8.273662605749946275e-01,4.205035956827554156e-01,1.500000000000000000e+00,0.000000000000000000e+00,0.000000000000000000e+00,0.000000000000000000e+00,-3.593099253654862935e+00,-3.593099253654862935e+00,-1.500000000000000000e+00,-0.000000000000000000e+00
2.917680996219581324e+00,2.912816466374522406e+00,4.087968892120467101e-01,1.500000000000000000e+00,0.000000000000000000e+00,0.000000000000000000e+00,0.000000000000000000e+00,-4.376521494329372430e+00,-4.376521494329372430e+00,-1.500000000000000000e+00,-0.000000000000000000e+00
-3.416707837687100735e-01,1.738662058038482616e+00,5.967886272136324610e-01,1.500000000000000000e+00,0.000000000000000000e+00,0.000000000000000000e+00,0.000000000000000000e+00,5.125061756530651103e-01,5.125061756530651103e-01,-1.500000000000000000e+00,0.000000000000000000e+00
1.655847772762177428e+00,1.944014245519183337e-01,7.839262829225484008e-01,1.500000000000000000e+00,0.000000000000000000e+00,0.000000000000000000e+00,0.000000000000000000e+00,-2.483771659143266142e+00,-2.483771659143266142e+00,-1.500000000000000000e+00,-0.000000000000000000e+00
2.600680401634355654e+00,1.733033331880990513e+00,7.883113246913888705e-01,1.500000000000000000e+00,0.000000000000000000e+00,0.000000000000000000e+00,0.000000000000000000e+00,-3.901020602451533481e+00,-3.901020602451533481e+00,-1.500000000000000000e+00,-0.000000000000000000e+00
2.982013568966270789e+00,2.111952208263983888e+00,9.301836883149842139e-01,1.500000000000000000e+00,0.000000000000000000e+00,0.000000000000000000e+00,0.000000000000000000e+00,-4.473020353449406628e+00,-4.473020353449406628e+00,-1.500000000000000000e+00,-0.000000000000000000e+00
-1.225462973781464404e+00,4.042410769311819418e-01,6.765014137328083654e-01,1.500000000000000000e+00,0.000000000000000000e+00,0.000000000000000000e+00,0.000000000000000000e+00,1.838194460672196495e+00,1.838194460672196495e+00,-1.500000000000000000e+00,0.000000000000000000e+00
9.244238202824579531e-01,1.208114234482983385e+00,8.773266059032880371e-01,1.500000000000000000e+00,0.000000000000000000e+00,0.000000000000000000e+00,0.000000000000000000e+00,-1.386635730423686930e+00,-1.386635730423686930e+00,-1.500000000000000000e+00,-0.000000000000000000e+00
-6.601225210315320169e-01,6.416012522222598324e-01,9.124670936036816116e-02,1.500000000000000000e+00,0.000000000000000000e+00,0.000000000000000000e+00,0.000000000000000000e+00,9.901837815472980253e-01,9.901837815472980253e-01,-1.500000000000000000e+00,0.000000000000000000e+00
-2.094984302080145078e-01,1.627693525486337833e+00,2.597419595145522564e-02,1.500000000000000000e+00,0.000000000000000000e+00,0.000000000000000000e+00,0.000000000000000000e+00,3.142476453120217617e-01,3.142476453120217617e-01,-1.500000000000000000e+00,0.000000000000000000e+00
-2.284883318231525351e-01,2.467108032108232152e+00,4.515078481632964769e-01,1.500000000000000000e+00,0.000000000000000000e+00,0.000000000000000000e+00,0.000000000000000000e+00,3.427324977347288026e-01,3.427324977347288026e-01,-1.500000000000000000e+00,0.000000000000000000e+00
-1.328908136251476080e+00,7.190249980531802088e-01,8.828099485888653009e-01,1.500000000000000000e+00,0.000000000000000000e+00,0.000000000000000000e+00,0.000000000000000000e+00,1.993362204377214120e+00,1.993362204377214120e+00,-1.500000000000000000e+00,0.000000000000000000e+00
-2.885609958288330557e+00,4.183383001864682260e-01,3.854874493370092914e-01,1.500000000000000000e+00,0.000000000000000000e+00,0.000000000000000000e+00,0.000000000000000000e+00,4.328414937432495613e+00,4.328414937432495613e+00,-1.500000000000000000e+00,0.000000000000000000e+00
1.599189082469562706e+00,4.173560407618277512e-01,1.108444113152167176e-01,1.500000000000000000e+00,0.000000000000000000e+00,0.000000000000000000e+00,0.000000000000000000e+00,-2.398783623704344059e+00,-2.398783623704344059e+00,-1.500000000000000000e+00,-0.000000000000000000e+00
1.175805147252688698e+00,1.843123991243205584e+00,1.262677486662839854e-01,1.500000000000000000e+00,0.000000000000000000e+00,0.000000000000000000e+00,0.000000000000000000e+00,-1.763707720879033047e+00,-1.763707720879033047e+00,-1.500000000000000000e+00,-0.000000000000000000e+00
2.043582590761598539e+00,2.080654957516595571e-01,2.288449430070320645e-01,1.500000000000000000e+00,0.000000000000000000e+00,0.000000000000000000e+00,0.000000000000000000e+00,-3.065373886142397808e+00,-3.065373886142397808e+00,-1.500000000000000000e+00,-0.000000000000000000e+00
-2.080174902194760644e+00,1.579194201755914850e+00,8.636987020168221951e-01,1.500000000000000000e+00,0.000000000000000000e+00,0.000000000000000000e+00,0.000000000000000000e+00,3.120262353292140745e+00,3.120262353292140745e+00,-1.500000000000000000e+00,0.000000000000000000e+00
-1.577784000444902635e+00,2.430009647997344757e+00,3.361983658878618941e-01,1.500000000000000000e+00,0.000000000000000000e+00,0.000000000000000000e+00,0.000000000000000000e+00,2.366676000667354174e+00,2.366676000667354174e+00,-1.500000000000000000e+00,0.000000000000000000e+00
5.767799714770402986e-01,2.299374737169528782e+00,8.592262205082623616e-01,1.500000000000000000e+00,0.000000000000000000e+00,0.000000000000000000e+00,0.000000000000000000e+00,-8.651699572155604478e-01,-8.651699572155604478e-01,-1.500000000000000000e+00,-0.000000000000000000e+00
2.619760483478571267e+00,2.010553303543182846e+00,9.422329646402610726e-01,1.500000000000000000e+00,0.000000000000000000e+00,0.000000000000000000e+00,0.000000000000000000e+00,-3.929640725217856900e+00,-3.929640725217856900e+00,-1.500000000000000000e+00,-0.000000000000000000e+00
-1.693522578597961292e-01,3.284990487940231407e-02,7.746186435072974774e-01,1.500000000000000000e+00,0.000000000000000000e+00,0.000000000000000000e+00,0.000000000000000000e+00,2.540283867896941938e-01,2.540283867896941938e-01,-1.500000000000000000e+00,0.000000000000000000e+00
-1.795035702605338290e+00,1.295280287660482088e+00,9.234326907501102522e-01,1.500000000000000000e+00,0.000000000000000000e+00,0.000000000000000000e+00,0.000000000000000000e+00,2.692553553908007657e+00,2.692553553908007657e+00,-1.500000000000000000e+00,0.000000000000000000e+00
5.681429443676222490e-01,7.301506905325300112e-01,2.551961233368401638e-01,1.500000000000000000e+00,0.000000000000000000e+00,0.000000000000000000e+00,0.000000000000000000e+00,-8.522144165514333736e-01,-8.522144165514333736e-01,-1.500000000000000000e+00,-0.000000000000000000e+00
2.745027567651435518e+00,1.545558109708007333e+00,1.945796272820292661e-01,1.500000000000000000e+00,0.000000000000000000e+00,0.000000000000000000e+00,0.000000000000000000e+00,-4.117541351477153277e+00,-4.117541351477153277e+00,-1.500000000000000000e+00,-0.000000000000000000e+00
2.208453134806083185e+00,4.556019679970551017e-01,2.417871504377645531e-01,1.500000000000000000e+00,0.000000000000000000e+00,0.000000000000000000e+00,0.000000000000000000e+00,-3.312679702209124777e+00,-3.312679702209124777e+00,-1.500000000000000000e+00,-0.000000000000000000e+00
2.393740052928044371e+00,4.057022497433029340e-01,1.789285807643736792e-02,1.500000000000000000e+00,0.000000000000000000e+00,0.000000000000000000e+00,0.000000000000000000e+00,-3.590610079392066556e+00,-3.590610079392066556e+00,-1.500000000000000000e+00,-0.000000000000000000e+00
-5.368676816953104058e-01,2.854048644984076510e+00,9.307967660226516005e-01,1.500000000000000000e+00,0.000000000000000000e+00,0.000000000000000000e+00,0.000000000000000000e+00,8.053015225429656088e-01,8.053015225429656088e-01,-1.500000000000000000e+00,0.000000000000000000e+00
-1.426231687977888463e+00,2.641827787401555216e+00,2.060678917373035546e-01,1.500000000000000000e+00,0.000000000000000000e+00,0.000000000000000000e+00,0.000000000000000000e+00,2.139347531966832694e+00,2.139347531966832694e+00,-1.500000000000000000e+00,0.000000000000000000e+00
2.223499237608554502e+00,2.930936774087631314e-01,6.300076706987230990e-01,1.500000000000000000e+00,0.000000000000000000e+00,0.000000000000000000e+00,0.000000000000000000e+00,-3.335248856412831753e+00,-3.335248856412831753e+00,-1.500000000000000000e+00,-0.000000000000000000e+00
1.728522710332753398e+00,2.483214381704132556e+00,2.844966334476148884e-01,1.500000000000000000e+00,0.000000000000000000e+00,0.000000000000000000e+00,0.000000000000000000e+00,-2.592784065499130097e+00,-2.592784065499130097e+00,-1.500000000000000000e+00,-0.000000000000000000e+00
2.108263357402808680e+00,1.979853560314650540e-01,5.399613221645771510e-01,1.500000000000000000e+00,0.000000000000000000e+00,0.000000000000000000e+00,0.000000000000000000e+00,-3.162395036104213020e+00,-3.162395036104213020e+00,-1.500000000000000000e+00,-0.000000000000000000e+00
-6.526386555002647860e-01,1.016803133896200473e+00,4.357877510913898966e-01,1.500000000000000000e+00,0.000000000000000000e+00,0.000000000000000000e+00,0.000000000000000000e+00,9.789579832503971790e-01,9.789579832503971790e-01,-1.500000000000000000e+00,0.000000000000000000e+00
-1.283052193331990942e+00,2.981830269167121905e+00,7.209325339080043804e-01,1.500000000000000000e+00,0.000000000000000000e+00,0.000000000000000000e+00,0.000000000000000000e+00,1.924578289997986413e+00,1.924578289997986413e+00,-1.500000000000000000e+00,0.000000000000000000e+00
-1.558202621370199159e+00,2.821690573778123046e+00,2.009201855916205037e-01,1.500000000000000000e+00,0.000000000000000000e+00,0.000000000000000000e+00,0.000000000000000000e+00,2.337303932055298628e+00,2.337303932055298628e+00,-1.500000000000000000e+00,0.000000000000000000e+00
2.223722249485760472e+00,1.402450870095695024e+00,2.887021220656830200e-01,1.500000000000000000e+00,0.000000000000000000e+00,0.000000000000000000e+00,0.000000000000000000e+00,-3.335583374228640707e+00,-3.335583374228640707e+00,-1.500000000000000000e+00,-0.000000000000000000e+00
2.516533761660332935e+00,2.105927621490298218e+00,1.384894356172947649e-01,1.500000000000000000e+00,0.000000000000000000e+00,0.000000000000000000e+00,0.000000000000000000e+00,-3.774800642490499403e+00,-3.774800642490499403e+00,-1.500000000000000000e+00,-0.000000000000000000e+00
-7.970144028174042106e-01,1.148034761704662010e+00,3.248345213530121622e-01,1.500000000000000000e+00,0.000000000000000000e+00,0.000000000000000000e+00,0.000000000000000000e+00,1.195521604226106316e+00,1.195521604226106316e+00,-1.500000000000000000e+00,0.000000000000000000e+00
2.247248462350988518e+00,2.546114291947058739e+00,8.337107205792617659e-01,1.500000000000000000e+00,0.000000000000000000e+00,0.000000000000000000e+00,0.000000000000000000e+00,-3.370872693526482777e+00,-3.370872693526482777e+00,-1.500000000000000000e+00,-0.000000000000000000e+00
-7.116434606820165598e-01,9.484317708078526810e-01,9.635578096167708440e-01,1.500000000000000000e+00,0.000000000000000000e+00,0.000000000000000000e+00,0.000000000000000000e+00,1.067465191023024840e+00,1.067465191023024840e+00,-1.500000000000000000e+00,0.000000000000000000e+00
-3.125470526356819434e-01,6.188862473055432023e-01,1.514141672898539071e-02,1.500000000000000000e+00,0.000000000000000000e+00,0.000000000000000000e+00,0.000000000000000000e+00,4.688205789535229151e-01,4.688205789535229151e-01,-1.500000000000000000e+00,0.000000000000000000e+00
3.988890517464414032e-01,4.333716928949415959e-01,8.451728265189916156e-01,1.500000000000000000e+00,0.000000000000000000e+00,0.000000000000000000e+00,0.000000000000000000e+00,-5.983335776196621048e-01,-5.983335776196621048e-01,-1.500000000000000000e+00,-0.000000000000000000e+00
-1.672193270704105172e+00,1.892177893043850201e+00,7.340058495990955389e-01,1.500000000000000000e+00,0.000000000000000000e+00,0.000000000000000000e+00,0.000000000000000000e+00,2.508289906056157648e+00,2.508289906056157648e+00,-1.500000000000000000e+00,0.000000000000000000e+00
-1.395303233984900082e+00,1.673399423862475199e+00,7.918715372225115789e-02,1.500000000000000000e+00,0.000000000000000000e+00,0.000000000000000000e+00,0.000000000000000000e+00,2.092954850977350123e+00,2.092954850977350123e+00,-1.500000000000000000e+00,0.000000000000000000e+00
-1.400093172093935134e+00,2.708264765373728622e+00,1.604420753595858784e-01,1.500000000000000000e+00,0.000000000000000000e+00,0.000000000000000000e+00,0.000000000000000000e+00,2.100139758140902480e+00,2.100139758140902480e+00,-1.500000000000000000e+00,0.000000000000000000e+00
-1.439576493556616876e+00,4.404757197237142430e-01,8.654030134038218636e-01,1.500000000000000000e+00,0.000000000000000000e+00,0.000000000000000000e+00,0.000000000000000000e+00,2.159364740334925425e+00,2.159364740334925425e+00,-1.500000000000000000e+00,0.000000000000000000e+00
9.312484611074989260e-02,2.413611432505126331e+00,1.941870976527857451e-01,1.500000000000000000e+00,0.000000000000000000e+00,0.000000000000000000e+00,0.000000000000000000e+00,-1.396872691661248389e-01,-1.396872691661248389e-01,-1.500000000000000000e+00,-0.000000000000000000e+00
-2.396989017245481968e+00,2.831485400100384187e+00,9.080720524327056120e-01,1.500000000000000000e+00,0.000000000000000000e+00,0.000000000000000000e+00,0.000000000000000000e+00,3.595483525868222952e+00,3.595483525868222952e+00,-1.500000000000000000e+00,0.000000000000000000e+00
1.682276344926656009e+00,2.240679974533056118e+00,5.399680948584077989e-01,1.500000000000000000e+00,0.000000000000000000e+00,0.000000000000000000e+00,0.000000000000000000e+00,-2.523414517389984013e+00,-2.523414517389984013e+00,-1.500000000000000000e+00,-0.000000000000000000e+00
-1.951210773605829063e+00,3.450296305876331404e-01,9.843936763800844592e-01,1.500000000000000000e+00,0.000000000000000000e+00,0.000000000000000000e+00,0.000000000000000000e+00,2.926816160408743706e+00,2.926816160408743706e+00,-1.500000000000000000e+00,0.000000000000000000e+00
-3.361976484274142862e-01,4.604008292379045963e-01,5.046972051945082249e-01,1.500000000000000000e+00,0.000000000000000000e+00,0.000000000000000000e+00,0.000000000000000000e+00,5.042964726411214293e-01,5.042964726411214293e-01,-1.500000000000000000e+00,0.000000000000000000e+00
8.509344548522568275e-01,2.636053904057826802e-01,1.311143480532045436e-01,1.500000000000000000e+00,0.000000000000000000e+00,0.000000000000000000e+00,0.000000000000000000e+00,-1.276401682278385241e+00,-1.276401682278385241e+00,-1.500000000000000000e+00,-0.000000000000000000e+00
-2.171857661513021398e+00,1.001503653508644121e+00,6.060629554271544928e-01,1.500000000000000000e+00,0.000000000000000000e+00,0.000000000000000000e+00,0.000000000000000000e+00,3.257786492269532097e+00,3.257786492269532097e+00,-1.500000000000000000e+00,0.000000000000000000e+00
-5.448480947142564368e-01,2.276989617946211464e+00,4.453569707230773389e-01,1.500000000000000000e+00,0.000000000000000000e+00,0.000000000000000000e+00,0.000000000000000000e+00,8.172721420713846552e-01,8.172721420713846552e-01,-1.500000000000000000e+00,0.000000000000000000e+00
3.789710255829472629e-01,4.346886939301644048e-01,7.084439347074722448e-02,1.500000000000000000e+00,0.000000000000000000e+00,0.000000000000000000e+00,0.000000000000000000e+00,-5.684565383744208944e-01,-5.684565383744208944e-01,-1.500000000000000000e+00,-0.000000000000000000e+00
3.018508779889454985e-01,1.346949450916589353e+00,8.185183490137103446e-01,1.500000000000000000e+00,0.000000000000000000e+00,0.000000000000000000e+00,0.000000000000000000e+00,-4.527763169834182477e-01,-4.527763169834182477e-01,-1.500000000000000000e+00,-0.000000000000000000e+00
2.355144057867624596e+00,1.331951357907669165e-01,8.991572840530948074e-01,1.500000000000000000e+00,0.000000000000000000e+00,0.000000000000000000e+00,0.000000000000000000e+00,-3.532716086801436894e+00,-3.532716086801436894e+00,-1.500000000000000000e+00,-0.000000000000000000e+00
1.710052488229395706e+00,2.034745695836829071e+00,9.639898332863343633e-01,1.500000000000000000e+00,0.000000000000000000e+00,0.000000000000000000e+00,0.000000000000000000e+00,-2.565078732344093559e+00,-2.565078732344093559e+00,-1.500000000000000000e+00,-0.000000000000000000e+00
-2.274542094201862152e+00,2.959264555738696512e-01,6.442331253264613755e-01,1.500000000000000000e+00,0.000000000000000000e+00,0.000000000000000000e+00,0.000000000000000000e+00,3.411813141302793007e+00,3.411813141302793007e+00,-1.500000000000000000e+00,0.000000000000000000e+00
1.999341366018208888e+00,2.379210473202080234e+00,5.832043290549003833e-01,1.500000000000000000e+00,0.000000000000000000e+00,0.000000000000000000e+00,0.000000000000000000e+00,-2.999012049027313331e+00,-2.999012049027313331e+00,-1.500000000000000000e+00,-0.000000000000000000e+00
2.987614171324493029e-01,1.838007014781157800e+00,1.949468078333070897e-01,1.500000000000000000e+00,0.000000000000000000e+00,0.000000000000000000e+00,0.000000000000000000e+00,-4.481421256986739543e-01,-4.481421256986739543e-01,-1.500000000000000000e+00,-0.000000000000000000e+00
1.068979952009380341e+00,5.716742419199670744e-01,9.641414023356674745e-01,1.500000000000000000e+00,0.000000000000000000e+00,0.000000000000000000e+00,0.000000000000000000e+00,-1.603469928014070511e+00,-1.603469928014070511e+00,-1.500000000000000000e+00,-0.000000000000000000e+00
-2.040142379546399098e+00,2.095173660335432952e+00,7.348500411162672830e-01,1.500000000000000000e+00,0.000000000000000000e+00,0.000000000000000000e+00,0.000000000000000000e+00,3.060213569319598648e+00,3.060213569319598648e+00,-1.500000000000000000e+00,0.000000000000000000e+00
-1.681154655121002151e-01,1.047545334764630187e+00,6.685091552446106311e-01,1.500000000000000000e+00,0.000000000000000000e+00,0.000000000000000000e+00,0.000000000000000000e+00,2.521731982681503226e-01,2.521731982681503226e-01,-1.500000000000000000e+00,0.000000000000000000e+00
1.199494846710102536e+00,1.571122280025069706e+00,6.944733067319643904e-01,1.500000000000000000e+00,0.000000000000000000e+00,0.000000000000000000e+00,0.000000000000000000e+00,-1.799242270065153804e+00,-1.799242270065153804e+00,-1.500000000000000000e+00,-0.000000000000000000e+00
1.784716125963626610e+00,1.669689569226365133e+00,8.416235188601950412e-01,1.500000000000000000e+00,0.000000000000000000e+00,0.000000000000000000e+00,0.000000000000000000e+00,-2.677074188945439914e+00,-2.677074188945439914e+00,-1.500000000000000000e+00,-0.000000000000000000e+00
1.834868392270832871e+00,8.148708899982833875e-01,3.431230424671309898e-01,1.500000000000000000e+00,0.000000000000000000e+00,0.000000000000000000e+00,0.000000000000000000e+00,-2.752302588406249306e+00,-2.752302588406249306e+00,-1.500000000000000000e+00,-0.000000000000000000e+00
-1.697211740692288640e+00,1.251214775691751324e+00,1.117656148038450592e-01,1.500000000000000000e+00,0.000000000000000000e+00,0.000000000000000000e+00,0.000000000000000000e+00,2.545817611038432737e+00,2.545817611038432737e+00,-1.500000000000000000e+00,0.000000000000000000e+00
1.996354433123880945e+00,2.358950802631358812e+00,9.912387341447879141e-01,1.500000000000000000e+00,0.000000000000000000e+00,0.000000000000000000e+00,0.000000000000000000e+00,-2.994531649685821417e+00,-2.994531649685821417e+00,-1.500000000000000000e+00,-0.000000000000000000e+00
4.105634192535365656e-01,2.593460151244493250e+00,3.149985248650111203e-02,1.500000000000000000e+00,0.000000000000000000e+00,0.000000000000000000e+00,0.000000000000000000e+00,-6.158451288803048485e-01,-6.158451288803048485e-01,-1.500000000000000000e+00,-0.000000000000000000e+00
1.012126877836642791e+00,2.545937895619692526e+00,2.715926114828368654e-01,1.500000000000000000e+00,0.000000000000000000e+00,0.000000000000000000e+00,0.000000000000000000e+00,-1.518190316754964186e+00,-1.518190316754964186e+00,-1.500000000000000000e+00,-0.000000000000000000e+00
2.109313865972270108e+00,1.704604051716771096e+00,4.919041282969816020e-01,1.500000000000000000e+00,0.000000000000000000e+00,0.000000000000000000e+00,0.000000000000000000e+00,-3.163970798958405162e+00,-3.163970798958405162e+00,-1.500000000000000000e+00,-0.000000000000000000e+00
-5.671919021809102013e-01,2.617332737457941594e+00,4.017280973506376363e-02,1.500000000000000000e+00,0.000000000000000000e+00,0.000000000000000000e+00,0.000000000000000000e+00,8.507878532713653019e-01,8.507878532713653019e-01,-1.500000000000000000e+00,0.000000000000000000e+00
2.517825112093336593e+00,4.212012245335821081e-01,3.102356729028501459e-01,1.500000000000000000e+00,0.000000000000000000e+00,0.000000000000000000e+00,0.000000000000000000e+00,-3.776737668140004889e+00,-3.776737668140004889e+00,-1.500000000000000000e+00,-0.000000000000000000e+00
2.287530130601897582e+00,2.951412655937170282e+00,8.703416681702150770e-01,1.500000000000000000e+00,0.000000000000000000e+00,0.000000000000000000e+00,0.000000000000000000e+00,-3.431295195902846373e+00,-3.431295195902846373e+00,-1.500000000000000000e+00,-0.000000000000000000e+00
1.846469626660113938e+00,1.351743627399505376e-01,6.254059242749785419e-01,1.500000000000000000e+00,0.000000000000000000e+00,0.000000000000000000e+00,0.000000000000000000e+00,-2.769704439990170908e+00,-2.769704439990170908e+00,-1.500000000000000000e+00,-0.000000000000000000e+00
-7.203511195435741143e-01,2.697624220783642279e+00,5.837815171094687949e-01,1.500000000000000000e+00,0.000000000000000000e+00,0.000000000000000000e+00,0.000000000000000000e+00,1.080526679315361172e+00,1.080526679315361172e+00,-1.500000000000000000e+00,0.000000000000000000e+00
1.692404186996299131e-01,2.375033994454587294e+00,1.825397579476006893e-02,1.500000000000000000e+00,0.000000000000000000e+00,0.000000000000000000e+00,0.000000000000000000e+00,-2.538606280494448697e-01,-2.538606280494448697e-01,-1.500000000000000000e+00,-0.000000000000000000e+00
-1.961287541480284613e+00,1.170360840135549862e+00,4.272159862221384108e-01,1.500000000000000000e+00,0.000000000000000000e+00,0.000000000000000000e+00,0.000000000000000000e+00,2.941931312220426697e+00,2.941931312220426697e+00,-1.500000000000000000e+00,0.000000000000000000e+00
1.556244785336466485e+00,2.371184763744284218e+00,1.219584241652734713e-01,1.500000000000000000e+00,0.000000000000000000e+00,0.000000000000000000e+00,0.000000000000000000e+00,-2.334367178004699728e+00,-2.334367178004699728e+00,-1.500000000000000000e+00,-0.000000000000000000e+00
2.345608082747608236e+00,2.872802429341024144e+00,3.871831896845631116e-01,1.500000000000000000e+00,0.000000000000000000e+00,0.000000000000000000e+00,0.000000000000000000e+00,-3.518412124121412354e+00,-3.518412124121412354e+00,-1.500000000000000000e+00,-0.000000000000000000e+00
-2.034933500804416262e+00,4.922718199903119984e-01,3.886535468870995214e-01,1.500000000000000000e+00,0.000000000000000000e+00,0.000000000000000000e+00,0.000000000000000000e+00,3.052400251206624393e+00,3.052400251206624393e+00,-1.500000000000000000e+00,0.000000000000000000e+00
1.468483055222196576e+00,1.948155607597542804e+00,4.246166187830557881e-01,1.500000000000000000e+00,0.000000000000000000e+00,0.000000000000000000e+00,0.000000000000000000e+00,-2.202724582833294864e+00,-2.202724582833294864e+00,-1.500000000000000000e+00,-0.000000000000000000e+00
1.165023318552982801e+00,1.335515070125503634e-02,3.159842943249352443e-01,1.500000000000000000e+00,0.000000000000000000e+00,0.000000000000000000e+00,0.000000000000000000e+00,-1.747534977829474201e+00,-1.747534977829474201e+00,-1.500000000000000000e+00,-0.000000000000000000e+00
-2.780871726906415820e+00,1.993054417517975407e+00,7.811884838142922893e-01,1.500000000000000000e+00,0.000000000000000000e+00,0.000000000000000000e+00,0.000000000000000000e+00,4.171307590359623951e+00,4.171307590359623951e+00,-1.500000000000000000e+00,0.000000000000000000e+00
2.501559699009991533e+00,1.844628988262084768e-01,4.632623623686294989e-01,1.500000000000000000e+00,0.000000000000000000e+00,0.000000000000000000e+00,0.000000000000000000e+00,-3.752339548514987300e+00,-3.752339548514987300e+00,-1.500000000000000000e+00,-0.000000000000000000e+00
-1.251105277433479657e-01,2.003313380434018853e+00,9.080008025065248178e-01,1.500000000000000000e+00,0.000000000000000000e+00,0.000000000000000000e+00,0.000000000000000000e+00,1.876657916150219485e-01,1.876657916150219485e-01,-1.500000000000000000e+00,0.000000000000000000e+00
-1.384924778050313554e+00,8.073199243413198278e-02,3.440727903203638638e-01,1.500000000000000000e+00,0.000000000000000000e+00,0.000000000000000000e+00,0.000000000000000000e+00,2.077387167075470220e+00,2.077387167075470220e+00,-1.500000000000000000e+00,0.000000000000000000e+00
-2.818880704932672288e+00,1.210103602176202608e+00,1.435889970700662266e-01,1.500000000000000000e+00,0.000000000000000000e+00,0.000000000000000000e+00,0.000000000000000000e+00,4.228321057399008431e+00,4.228321057399008431e+00,-1.500000000000000000e+00,0.000000000000000000e+00
1.691066474922820362e+00,2.600340624432988079e+00,3.551385095518820867e-01,1.500000000000000000e+00,0.000000000000000000e+00,0.000000000000000000e+00,0.000000000000000000e+00,-2.536599712384230543e+00,-2.536599712384230543e+00,-1.500000000000000000e+00,-0.000000000000000000e+00
-9.732435373891292762e-01,9.192701915931151824e-01,8.715946519215871380e-01,1.500000000000000000e+00,0.000000000000000000e+00,0.000000000000000000e+00,0.000000000000000000e+00,1.459865306083693914e+00,1.459865306083693914e+00,-1.500000000000000000e+00,0.000000000000000000e+00
8.096364796864019553e-02,2.907602028301342845e+00,3.589430530175626854e-01,1.500000000000000000e+00,0.000000000000000000e+00,0.000000000000000000e+00,0.000000000000000000e+00,-1.214454719529602933e-01,-1.214454719529602933e-01,-1.500000000000000000e+00,-0.000000000000000000e+00
-1.831564686569960632e+00,1.413997172430808691e+00,8.205700318725412945e-01,1.500000000000000000e+00,0.000000000000000000e+00,0.000000000000000000e+00,0.000000000000000000e+00,2.747347029854941169e+00,2.747347029854941169e+00,-1.500000000000000000e+00,0.000000000000000000e+00
6.419878080583192315e-01,5.459240637509077398e-01,6.930130917146518632e-01,1.500000000000000000e+00,0.000000000000000000e+00,0.000000000000000000e+00,0.000000000000000000e+00,-9.629817120874788472e-01,-9.629817120874788472e-01,-1.500000000000000000e+00,-0.000000000000000000e+00
-6.165880347403112083e-01,2.808695730381327582e+00,2.584388056825945856e-01,1.500000000000000000e+00,0.000000000000000000e+00,0.000000000000000000e+00,0.000000000000000000e+00,9.248820521104668124e-01,9.248820521104668124e-01,-1.500000000000000000e+00,0.000000000000000000e+00
1.839602333977902404e+00,4.662858904309747921e-01,1.913317241897073417e-01,1.500000000000000000e+00,0.000000000000000000e+00,0.000000000000000000e+00,0.000000000000000000e+00,-2.759403500966853606e+00,-2.759403500966853606e+00,-1.500000000000000000e+00,-0.000000000000000000e+00
9.979856294947859752e-01,1.782067046517933795e+00,1.127697637920006546e-01,1.500000000000000000e+00,0.000000000000000000e+00,0.000000000000000000e+00,0.000000000000000000e+00,-1.496978444242178963e+00,-1.496978444242178963e+00,-1.500000000000000000e+00,-0.000000000000000000e+00
1.330373969465238559e+00,2.828225870555351573e+00,4.493564327835412042e-01,1.500000000000000000e+00,0.000000000000000000e+00,0.000000000000000000e+00,0.000000000000000000e+00,-1.995560954197857839e+00,-1.995560954197857839e+00,-1.500000000000000000e+00,-0.000000000000000000e+00
-1.493091498102114389e+00,2.821955548293116678e+00,6.945978374156999147e-01,1.500000000000000000e+00,0.000000000000000000e+00,0.000000000000000000e+00,0.000000000000000000e+00,2.239637247153171806e+00,2.239637247153171806e+00,-1.500000000000000000e+00,0.000000000000000000e+00
-2.616890211909194353e+00,1.666906003648684909e+00,2.939941481075648566e-01,1.500000000000000000e+00,0.000000000000000000e+00,0.000000000000000000e+00,0.000000000000000000e+00,3.925335317863791751e+00,3.925335317863791751e+00,-1.500000000000000000e+00,0.000000000000000000e+00
2.279755928513569785e+00,6.364544455248567489e-01,9.544602867852176598e-01,1.500000000000000000e+00,0.000000000000000000e+00,0.000000000000000000e+00,0.000000000000000000e+00,-3.419633892770354677e+00,-3.419633892770354677e+00,-1.500000000000000000e+00,-0.000000000000000000e+00
2.613901310835200498e+00,1.501700433409277391e+00,1.424407486546330759e-02,1.500000000000000000e+00,0.000000000000000000e+00,0.000000000000000000e+00,0.000000000000000000e+00,-3.920851966252800747e+00,-3.920851966252800747e+00,-1.500000000000000000e+00,-0.000000000000000000e+00
8.610131093689954440e-01,8.760115008184496954e-01,7.854836231443624861e-01,1.500000000000000000e+00,0.000000000000000000e+00,0.000000000000000000e+00,0.000000000000000000e+00,-1.291519664053493166e+00,-1.291519664053493166e+00,-1.500000000000000000e+00,-0.000000000000000000e+00
2.530562414400256976e+00,9.429977588176760017e-01,1.700154113018333968e-01,1.500000000000000000e+00,0.000000000000000000e+00,0.000000000000000000e+00,0.000000000000000000e+00,-3.795843621600385465e+00,-3.795843621600385465e+00,-1.500000000000000000e+00,-0.000000000000000000e+00
1.237766950648942377e+00,9.525106285434976616e-01,9.979884026076335513e-01,1.500000000000000000e+00,0.000000000000000000e+00,0.000000000000000000e+00,0.000000000000000000e+00,-1.856650425973413565e+00,-1.856650425973413565e+00,-1.500000000000000000e+00,-0.000000000000000000e+00
6.349323004013687211e-01,6.053748609307176842e-01,9.833517635143007585e-02,1.500000000000000000e+00,0.000000000000000000e+00,0.000000000000000000e+00,0.000000000000000000e+00,-9.523984506020530816e-01,-9.523984506020530816e-01,-1.500000000000000000e+00,-0.000000000000000000e+00
-4.856972389241533961e-01,1.163211983107166336e-01,9.210521893920954328e-01,1.500000000000000000e+00,0.000000000000000000e+00,0.000000000000000000e+00,0.000000000000000000e+00,7.285458583862300941e-01,7.285458583862300941e-01,-1.500000000000000000e+00,0.000000000000000000e+00
-8.663352283756919903e-01,2.252171803173100173e+00,4.015101231461113418e-01,1.500000000000000000e+00,0.000000000000000000e+00,0.000000000000000000e+00,0.000000000000000000e+00,1.299502842563537985e+00,1.299502842563537985e+00,-1.500000000000000000e+00,0.000000000000000000e+00
-6.199449176059790290e-02,3.864759660637695493e-02,2.865426990417261344e-01,1.500000000000000000e+00,0.000000000000000000e+00,0.000000000000000000e+00,0.000000000000000000e+00,9.299173764089685434e-02,9.299173764089685434e-02,-1.500000000000000000e+00,0.000000000000000000e+00
-1.665371506451824191e+00,1.719563130003988416e+00,4.080590741756895401e-02,1.500000000000000000e+00,0.000000000000000000e+00,0.000000000000000000e+00,0.000000000000000000e+00,2.498057259677736397e+00,2.498057259677736397e+00,-1.500000000000000000e+00,0.000000000000000000e+00
-4.339312242503332584e-01,1.101530928021655642e+00,2.193227437336108254e-01,1.500000000000000000e+00,0.000000000000000000e+00,0.000000000000000000e+00,0.000000000000000000e+00,6.508968363754998876e-01,6.508968363754998876e-01,-1.500000000000000000e+00,0.000000000000000000e+00
4.584912889421932647e-02,1.950079998134567782e+00,3.832595198152252136e-01,1.500000000000000000e+00,0.000000000000000000e+00,0.000000000000000000e+00,0.000000000000000000e+00,-6.877369334132898970e-02,-6.877369334132898970e-02,-1.500000000000000000e+00,-0.000000000000000000e+00
-2.812726438488844849e+00,1.741742754341158106e+00,9.357552180563823985e-01,1.500000000000000000e+00,0.000000000000000000e+00,0.000000000000000000e+00,0.000000000000000000e+00,4.219089657733267273e+00,4.219089657733267273e+00,-1.500000000000000000e+00,0.000000000000000000e+00
-6.384116902372749536e-01,1.437115351508994276e+00,9.676804876699437452e-01,1.500000000000000000e+00,0.000000000000000000e+00,0.000000000000000000e+00,0.000000000000000000e+00,9.576175353559124304e-01,9.576175353559124304e-01,-1.500000000000000000e+00,0.000000000000000000e+00
-1.293264271129413334e+00,2.332162195706122709e+00,7.962605765838393079e-02,1.500000000000000000e+00,0.000000000000000000e+00,0.000000000000000000e+00,0.000000000000000000e+00,1.939896406694120001e+00,1.939896406694120001e+00,-1.500000000000000000e+00,0.000000000000000000e+00
8.049791860533330734e-01,1.716031773908673008e+00,5.619669258298151115e-01,1.500000000000000000e+00,0.000000000000000000e+00,0.000000000000000000e+00,0.000000000000000000e+00,-1.207468779079999610e+00,-1.207468779079999610e+00,-1.500000000000000000e+00,-0.000000000000000000e+00
1.870678390201441665e+00,2.695377154524078556e+00,3.254571533272054840e-02,1.500000000000000000e+00,0.000000000000000000e+00,0.000000000000000000e+00,0.000000000000000000e+00,-2.806017585302162498e+00,-2.806017585302162498e+00,-1.500000000000000000e+00,-0.000000000000000000e+00
6.866479018082944918e-01,1.755648806340357693e+00,1.037652291975396102e-01,1.500000000000000000e+00,0.000000000000000000e+00,0.000000000000000000e+00,0.000000000000000000e+00,-1.029971852712441738e+00,-1.029971852712441738e+00,-1.500000000000000000e+00,-0.000000000000000000e+00
9.836741788928335950e-01,2.629156611410094158e+00,6.158978622564439398e-01,1.500000000000000000e+00,0.000000000000000000e+00,0.000000000000000000e+00,0.000000000000000000e+00,-1.475511268339250393e+00,-1.475511268339250393e+00,-1.500000000000000000e+00,-0.000000000000000000e+00
6.834111033441101490e-01,2.592264233356972092e+00,5.268347286736452251e-01,1.500000000000000000e+00,0.000000000000000000e+00,0.000000000000000000e+00,0.000000000000000000e+00,-1.025116655016165224e+00,-1.025116655016165224e+00,-1.500000000000000000e+00,-0.000000000000000000e+00
-1.462548693823382262e+00,2.120228455767261710e+00,9.002395493271693194e-01,1.500000000000000000e+00,0.000000000000000000e+00,0.000000000000000000e+00,0.000000000000000000e+00,2.193823040735073171e+00,2.193823040735073171e+00,-1.500000000000000000e+00,0.000000000000000000e+00
-7.422236616842665669e-01,9.878377979899061190e-01,9.036965960951556243e-01,1.500000000000000000e+00,0.000000000000000000e+00,0.000000000000000000e+00,0.000000000000000000e+00,1.113335492526399850e+00,1.113335492526399850e+00,-1.500000000000000000e+00,0.000000000000000000e+00
2.065195818131385863e+00,1.459833929077018588e+00,1.596644648621410312e-01,1.500000000000000000e+00,0.000000000000000000e+00,0.000000000000000000e+00,0.000000000000000000e+00,-3.097793727197078795e+00,-3.097793727197078795e+00,-1.500000000000000000e+00,-0.000000000000000000e+00
2.676144191412166862e+00,2.370139254899683579e-01,6.338544869876934218e-01,1.500000000000000000e+00,0.000000000000000000e+00,0.000000000000000000e+00,0.000000000000000000e+00,-4.014216287118250293e+00,-4.014216287118250293e+00,-1.500000000000000000e+00,-0.000000000000000000e+00
-1.912790765363093337e+00,2.175641526182601204e+00,8.063246975046353127e-01,1.500000000000000000e+00,0.000000000000000000e+00,0.000000000000000000e+00,0.000000000000000000e+00,2.869186148044640117e+00,2.869186148044640117e+00,-1.500000000000000000e+00,0.000000000000000000e+00
-2.936544924577631832e+00,1.938501226991259596e+00,7.725288162783982004e-01,1.500000000000000000e+00,0.000000000000000000e+00,0.000000000000000000e+00,0.000000000000000000e+00,4.404817386866447748e+00,4.404817386866447748e+00,-1.500000000000000000e+00,0.000000000000000000e+00
2.768764070474741601e+00,2.455096458504809398e+00,5.672865939037172733e-01,1.500000000000000000e+00,0.000000000000000000e+00,0.000000000000000000e+00,0.000000000000000000e+00,-4.153146105712112401e+00,-4.153146105712112401e+00,-1.500000000000000000e+00,-0.000000000000000000e+00
2.157651715653616797e+00,2.532196040968526241e-01,5.122790334274308632e-01,1.500000000000000000e+00,0.000000000000000000e+00,0.000000000000000000e+00,0.000000000000000000e+00,-3.236477573480425196e+00,-3.236477573480425196e+00,-1.500000000000000000e+00,-0.000000000000000000e+00
6.455633984774138412e-01,3.855428038034551808e-01,5.710918039021813941e-01,1.500000000000000000e+00,0.000000000000000000e+00,0.000000000000000000e+00,0.000000000000000000e+00,-9.683450977161207618e-01,-9.683450977161207618e-01,-1.500000000000000000e+00,-0.000000000000000000e+00
1.901505932977867630e+00,1.938394846099073199e+00,4.131513975850014120e-01,1.500000000000000000e+00,0.000000000000000000e+00,0.000000000000000000e+00,0.000000000000000000e+00,-2.852258899466801445e+00,-2.852258899466801445e+00,-1.500000000000000000e+00,-0.000000000000000000e+00
5.655600868880590326e-01,2.196500568996778036e+00,5.651135705522353225e-01,1.500000000000000000e+00,0.000000000000000000e+00,0.000000000000000000e+00,0.000000000000000000e+00,-8.483401303320885489e-01,-8.483401303320885489e-01,-1.500000000000000000e+00,-0.000000000000000000e+00
2.428873572949258985e+00,2.211796516863272499e-01,8.916409712307509228e-01,1.500000000000000000e+00,0.000000000000000000e+00,0.000000000000000000e+00,0.000000000000000000e+00,-3.643310359423888478e+00,-3.643310359423888478e+00,-1.500000000000000000e+00,-0.000000000000000000e+00
-1.539926840454439949e+00,9.218691430911662987e-02,3.479797274238451976e-01,1.500000000000000000e+00,0.000000000000000000e+00,0.000000000000000000e+00,0.000000000000000000e+00,2.309890260681660035e+00,2.309890260681660035e+00,-1.500000000000000000e+00,0.000000000000000000e+00
-3.352113975634467558e-01,9.742601034871385401e-01,4.406952042696616889e-01,1.500000000000000000e+00,0.000000000000000000e+00,0.000000000000000000e+00,0.000000000000000000e+00,5.028170963451701336e-01,5.028170963451701336e-01,-1.500000000000000000e+00,0.000000000000000000e+00
1.023466512497352099e+00,1.018380316348276526e+00,4.380589639629312027e-01,1.500000000000000000e+00,0.000000000000000000e+00,0.000000000000000000e+00,0.000000000000000000e+00,-1.535199768746028148e+00,-1.535199768746028148e+00,-1.500000000000000000e+00,-0.000000000000000000e+00
-1.706215399787132769e+00,1.562153841576665592e-01,8.665229060612470446e-01,1.500000000000000000e+00,0.000000000000000000e+00,0.000000000000000000e+00,0.000000000000000000e+00,2.559323099680699265e+00,2.559323099680699265e+00,-1.500000000000000000e+00,0.000000000000000000e+00
1.288910257394022096e+00,2.926991305979880220e-01,2.447334968912098230e-01,1.500000000000000000e+00,0.000000000000000000e+00,0.000000000000000000e+00,0.000000000000000000e+00,-1.933365386091033145e+00,-1.933365386091033145e+00,-1.500000000000000000e+00,-0.000000000000000000e+00
-1.425756638739957616e+00,6.118309029055833959e-01,4.394199853991308524e-01,1.500000000000000000e+00,0.000000000000000000e+00,0.000000000000000000e+00,0.000000000000000000e+00,2.138634958109936424e+00,2.138634958109936424e+00,-1.500000000000000000e+00,0.000000000000000000e+00
1.260131021127498308e+00,4.238702207783340281e-02,7.512834217302482021e-01,1.500000000000000000e+00,0.000000000000000000e+00,0.000000000000000000e+00,0.000000000000000000e+00,-1.890196531691247461e+00,-1.890196531691247461e+00,-1.500000000000000000e+00,-0.000000000000000000e+00
1.825296367800553377e+00,4.434372549947089848e-01,3.922682626786641036e-01,1.500000000000000000e+00,0.000000000000000000e+00,0.000000000000000000e+00,0.000000000000000000e+00,-2.737944551700830065e+00,-2.737944551700830065e+00,-1.500000000000000000e+00,-0.000000000000000000e+00
-4.549369394674869227e-01,7.685435325297995668e-02,8.555038274599588988e-01,1.500000000000000000e+00,0.000000000000000000e+00,0.000000000000000000e+00,0.000000000000000000e+00,6.824054092012303840e-01,6.824054092012303840e-01,-1.500000000000000000e+00,0.000000000000000000e+00
2.940668068820589731e+00,1.109758586000276992e+00,5.377905911733672495e-01,1.500000000000000000e+00,0.000000000000000000e+00,0.000000000000000000e+00,0.000000000000000000e+00,-4.411002103230885041e+00,-4.411002103230885041e+00,-1.500000000000000000e+00,-0.000000000000000000e+00
7.882078847794433685e-01,2.245951540871259589e+00,9.892299097458434609e-02,1.500000000000000000e+00,0.000000000000000000e+00,0.000000000000000000e+00,0.000000000000000000e+00,-1.182311827169165053e+00,-1.182311827169165053e+00,-1.500000000000000000e+00,-0.000000000000000000e+00
1.539495821618257487e+00,1.984262252624238831e+00,3.667527064516747926e-01,1.500000000000000000e+00,0.000000000000000000e+00,0.000000000000000000e+00,0.000000000000000000e+00,-2.309243732427386231e+00,-2.309243732427386231e+00,-1.500000000000000000e+00,-0.000000000000000000e+00
-2.876429418630559454e+00,1.813350833889527225e+00,1.463851451927790093e-01,1.500000000000000000e+00,0.000000000000000000e+00,0.000000000000000000e+00,0.000000000000000000e+00,4.314644127945839180e+00,4.314644127945839180e+00,-1.500000000000000000e+00,0.000000000000000000e+00
-2.323130242917383015e+00,1.403434406212084040e+00,4.393591744972275004e-01,1.500000000000000000e+00,0.000000000000000000e+00,0.000000000000000000e+00,0.000000000000000000e+00,3.484695364376074522e+00,3.484695364376074522e+00,-1.500000000000000000e+00,0.000000000000000000e+00
1.268920602263000852e+00,5.624681031140824627e-01,3.642287327506019690e-01,1.500000000000000000e+00,0.000000000000000000e+00,0.000000000000000000e+00,0.000000000000000000e+00,-1.903380903394501278e+00,-1.903380903394501278e+00,-1.500000000000000000e+00,-0.000000000000000000e+00
2.658692820452959182e+00,1.447628631474655592e-01,3.393746532556327633e-01,1.500000000000000000e+00,0.000000000000000000e+00,0.000000000000000000e+00,0.000000000000000000e+00,-3.988039230679438774e+00,-3.988039230679438774e+00,-1.500000000000000000e+00,-0.000000000000000000e+00
7.693733893827188197e-01,5.565741050109422883e-01,8.293752947511529028e-01,1.500000000000000000e+00,0.000000000000000000e+00,0.000000000000000000e+00,0.000000000000000000e+00,-1.154060084074078230e+00,-1.154060084074078230e+00,-1.500000000000000000e+00,-0.000000000000000000e+00
2.477062221826230370e+00,2.841480239592129031e+00,8.973221449054724630e-01,1.500000000000000000e+00,0.000000000000000000e+00,0.000000000000000000e+00,0.000000000000000000e+00,-3.715593332739345556e+00,-3.715593332739345556e+00,-1.500000000000000000e+00,-0.000000000000000000e+00
-2.644947505348415717e+00,2.441845595748776354e+00,7.557199950822641732e-01,1.500000000000000000e+00,0.000000000000000000e+00,0.000000000000000000e+00,0.000000000000000000e+00,3.967421258022623576e+00,3.967421258022623576e+00,-1.500000000000000000e+00,0.000000000000000000e+00
2.349897711626590002e+00,1.709824991468342992e+00,7.661341750780180648e-01,1.500000000000000000e+00,0.000000000000000000e+00,0.000000000000000000e+00,0.000000000000000000e+00,-3.524846567439885003e+00,-3.524846567439885003e+00,-1.500000000000000000e+00,-0.000000000000000000e+00
2.263886870901740345e+00,1.839884146579207735e+00,8.927987965018768790e-01,1.500000000000000000e+00,0.000000000000000000e+00,0.000000000000000000e+00,0.000000000000000000e+00,-3.395830306352610517e+00,-3.395830306352610517e+00,-1.500000000000000000e+00,-0.000000000000000000e+00
7.732073204078684370e-01,2.235586279499568008e+00,9.175986607748475299e-01,1.500000000000000000e+00,0.000000000000000000e+00,0.000000000000000000e+00,0.000000000000000000e+00,-1.159810980611802655e+00,-1.159810980611802655e+00,-1.500000000000000000e+00,-0.000000000000000000e+00
-4.231611720998622594e-01,2.465767806404632445e+00,1.743854140656144747e-01,1.500000000000000000e+00,0.000000000000000000e+00,0.000000000000000000e+00,0.000000000000000000e+00,6.347417581497933892e-01,6.347417581497933892e-01,-1.500000000000000000e+00,0.000000000000000000e+00
1.229687643988924606e+00,7.245169772606501191e-01,8.974127346198742528e-01,1.500000000000000000e+00,0.000000000000000000e+00,0.000000000000000000e+00,0.000000000000000000e+00,-1.844531465983386909e+00,-1.844531465983386909e+00,-1.500000000000000000e+00,-0.000000000000000000e+00
-1.536497034979121823e+00,2.406866521603111320e+00,1.610680034273703765e-01,1.500000000000000000e+00,0.000000000000000000e+00,0.000000000000000000e+00,0.000000000000000000e+00,2.304745552468682845e+00,2.304745552468682845e+00,-1.500000000000000000e+00,0.000000000000000000e+00
1.005876754920804750e+00,1.944905536720032080e+00,2.718825568199956244e-01,1.500000000000000000e+00,0.000000000000000000e+00,0.000000000000000000e+00,0.000000000000000000e+00,-1.508815132381207125e+00,-1.508815132381207125e+00,-1.500000000000000000e+00,-0.000000000000000000e+00
1.165554889964917962e+00,8.340079377937380523e-01,7.908721332609032206e-01,1.500000000000000000e+00,0.000000000000000000e+00,0.000000000000000000e+00,0.000000000000000000e+00,-1.748332334947376943e+00,-1.748332334947376943e+00,-1.500000000000000000e+00,-0.000000000000000000e+00
2.394143062621298945e-01,8.629793889219945502e-01,1.430473658456787867e-01,1.500000000000000000e+00,0.000000000000000000e+00,0.000000000000000000e+00,0.000000000000000000e+00,-3.591214593931948418e-01,-3.591214593931948418e-01,-1.500000000000000000e+00,-0.000000000000000000e+00
-1.439551148759644406e+00,5.141074568857948446e-01,9.645118426415324464e-01,1.500000000000000000e+00,0.000000000000000000e+00,0.000000000000000000e+00,0.000000000000000000e+00,2.159326723139466608e+00,2.159326723139466608e+00,-1.500000000000000000e+00,0.000000000000000000e+00
-2.987358453072889830e+00,1.642114579983871225e+00,9.317016319976205718e-01,1.500000000000000000e+00,0.000000000000000000e+00,0.000000000000000000e+00,0.000000000000000000e+00,4.481037679609334745e+00,4.481037679609334745e+00,-1.500000000000000000e+00,0.000000000000000000e+00
-1.825330561257502149e+00,2.905893105687272548e+00,8.608004686894155100e-05,1.500000000000000000e+00,0.000000000000000000e+00,0.000000000000000000e+00,0.000000000000000000e+00,2.737995841886253334e+00,2.737995841886253334e+00,-1.500000000000000000e+00,0.000000000000000000e+00
2.002653204700826528e+00,2.369255064421889934e+00,6.363615377189471012e-01,1.500000000000000000e+00,0.000000000000000000e+00,0.000000000000000000e+00,0.000000000000000000e+00,-3.003979807051239792e+00,-3.003979807051239792e+00,-1.500000000000000000e+00,-0.000000000000000000e+00
-1.726353616282773284e+00,4.993988626156742328e-01,9.254811787293760750e-01,1.500000000000000000e+00,0.000000000000000000e+00,0.000000000000000000e+00,0.000000000000000000e+00,2.589530424424159705e+00,2.589530424424159705e+00,-1.500000000000000000e+00,0.000000000000000000e+00
-2.554014395617308253e+00,3.594286140771854043e-01,5.404193285646828881e-01,1.500000000000000000e+00,0.000000000000000000e+00,0.000000000000000000e+00,0.000000000000000000e+00,3.831021593425962379e+00,3.831021593425962379e+00,-1.500000000000000000e+00,0.000000000000000000e+00
-1.520191845068582959e+00,8.451672118971603753e-01,5.373253715882626569e-01,1.500000000000000000e+00,0.000000000000000000e+00,0.000000000000000000e+00,0.000000000000000000e+00,2.280287767602874549e+00,2.280287767602874549e+00,-1.500000000000000000e+00,0.000000000000000000e+00
1.150367787975277167e-01,4.931298053288629690e-01,5.867878209086690999e-01,1.500000000000000000e+00,0.000000000000000000e+00,0.000000000000000000e+00,0.000000000000000000e+00,-1.725551681962915751e-01,-1.725551681962915751e-01,-1.500000000000000000e+00,-0.000000000000000000e+00
5.176425885653532788e-01,4.272397753172610946e-01,5.531519182628705789e-01,1.500000000000000000e+00,0.000000000000000000e+00,0.000000000000000000e+00,0.000000000000000000e+00,-7.764638828480299182e-01,-7.764638828480299182e-01,-1.500000000000000000e+00,-0.000000000000000000e+00
2.262883050700424725e+00,2.195452411131256554e+00,5.816803896222506598e-01,1.500000000000000000e+00,0.000000000000000000e+00,0.000000000000000000e+00,0.000000000000000000e+00,-3.394324576050637088e+00,-3.394324576050637088e+00,-1.500000000000000000e+00,-0.000000000000000000e+00
2.128538050587609476e+00,9.438974907434400929e-01,6.804884687291720136e-01,1.500000000000000000e+00,0.000000000000000000e+00,0.000000000000000000e+00,0.000000000000000000e+00,-3.192807075881414214e+00,-3.192807075881414214e+00,-1.500000000000000000e+00,-0.000000000000000000e+00
2.812440018910669970e+00,1.696574268801938956e+00,9.562126455020676374e-01,1.500000000000000000e+00,0.000000000000000000e+00,0.000000000000000000e+00,0.000000000000000000e+00,-4.218660028366004511e+00,-4.218660028366004511e+00,-1.500000000000000000e+00,-0.000000000000000000e+00
2.305609316948253884e+00,9.457223453354737241e-01,8.234710735631645129e-02,1.500000000000000000e+00,0.000000000000000000e+00,0.000000000000000000e+00,0.000000000000000000e+00,-3.458413975422380826e+00,-3.458413975422380826e+00,-1.500000000000000000e+00,-0.000000000000000000e+00
-2.984543950439713100e-01,2.953761417695471625e+00,2.341309659910045804e-01,1.500000000000000000e+00,0.000000000000000000e+00,0.000000000000000000e+00,0.000000000000000000e+00,4.476815925659569650e-01,4.476815925659569650e-01,-1.500000000000000000e+00,0.000000000000000000e+00
-2.148726183921977118e+00,1.776404954516687784e+00,5.743144224844010104e-03,1.500000000000000000e+00,0.000000000000000000e+00,0.000000000000000000e+00,0.000000000000000000e+00,3.223089275882965676e+00,3.223089275882965676e+00,-1.500000000000000000e+00,0.000000000000000000e+00
2.734682388687216914e+00,4.188129557517799029e-01,6.683570376073610930e-02,1.500000000000000000e+00,0.000000000000000000e+00,0.000000000000000000e+00,0.000000000000000000e+00,-4.102023583030825371e+00,-4.102023583030825371e+00,-1.500000000000000000e+00,-0.000000000000000000e+00
-1.627426798439558064e+00,2.331988109576884405e+00,2.016715840992293618e-01,1.500000000000000000e+00,0.000000000000000000e+00,0.000000000000000000e+00,0.000000000000000000e+00,2.441140197659337208e+00,2.441140197659337208e+00,-1.500000000000000000e+00,0.000000000000000000e+00
7.327181324401843554e-01,8.691630438433486372e-01,9.020714715434673403e-01,1.500000000000000000e+00,0.000000000000000000e+00,0.000000000000000000e+00,0.000000000000000000e+00,-1.099077198660276533e+00,-1.099077198660276533e+00,-1.500000000000000000e+00,-0.000000000000000000e+00
-1.413199755639678257e+00,1.365210127100581428e+00,3.151916989668229752e-01,1.500000000000000000e+00,0.000000000000000000e+00,0.000000000000000000e+00,0.000000000000000000e+00,2.119799633459517274e+00,2.119799633459517274e+00,-1.500000000000000000e+00,0.000000000000000000e+00
1.900949654295326141e+00,8.618643432425869833e-01,6.011764529907052124e-01,1.500000000000000000e+00,0.000000000000000000e+00,0.000000000000000000e+00,0.000000000000000000e+00,-2.851424481442989212e+00,-2.851424481442989212e+00,-1.500000000000000000e+00,-0.000000000000000000e+00
-1.795355522931720405e+00,1.468958410071248277e+00,3.128791772507858449e-01,1.500000000000000000e+00,0.000000000000000000e+00,0.000000000000000000e+00,0.000000000000000000e+00,2.693033284397580829e+00,2.693033284397580829e+00,-1.500000000000000000e+00,0.000000000000000000e+00
-4.752927219595552977e-01,9.221545309737462226e-01,9.878184648177995575e-01,1.500000000000000000e+00,0.000000000000000000e+00,0.000000000000000000e+00,0.000000000000000000e+00,7.129390829393329465e-01,7.129390829393329465e-01,-1.500000000000000000e+00,0.000000000000000000e+00
-1.681800492075531617e+00,9.619519124053563797e-01,1.925810126901490449e-01,1.500000000000000000e+00,0.000000000000000000e+00,0.000000000000000000e+00,0.000000000000000000e+00,2.522700738113297536e+00,2.522700738113297536e+00,-1.500000000000000000e+00,0.000000000000000000e+00
2.163394272143065677e+00,4.728171217505382495e-01,3.948551073202998252e-01,1.500000000000000000e+00,0.000000000000000000e+00,0.000000000000000000e+00,0.000000000000000000e+00,-3.245091408214598516e+00,-3.245091408214598516e+00,-1.500000000000000000e+00,-0.000000000000000000e+00
7.165372492749129130e-01,2.880290798340312985e+00,3.698021781137230679e-01,1.500000000000000000e+00,0.000000000000000000e+00,0.000000000000000000e+00,0.000000000000000000e+00,-1.074805873912369369e+00,-1.074805873912369369e+00,-1.500000000000000000e+00,-0.000000000000000000e+00
7.849262897140034667e-01,6.221548291447888124e-01,2.136683911149744874e-01,1.500000000000000000e+00,0.000000000000000000e+00,0.000000000000000000e+00,0.000000000000000000e+00,-1.177389434571005200e+00,-1.177389434571005200e+00,-1.500000000000000000e+00,-0.000000000000000000e+00
-1.113016188700683973e+00,8.481745533195397257e-01,7.389048862962033226e-02,1.500000000000000000e+00,0.000000000000000000e+00,0.000000000000000000e+00,0.000000000000000000e+00,1.669524283051025959e+00,1.669524283051025959e+00,-1.500000000000000000e+00,0.000000000000000000e+00
-1.941049496875569602e+00,1.230849041734776828e+00,3.909424417970138732e-01,1.500000000000000000e+00,0.000000000000000000e+00,0.000000000000000000e+00,0.000000000000000000e+00,2.911574245313354403e+00,2.911574245313354403e+00,-1.500000000000000000e+00,0.000000000000000000e+00
2.144024820623127603e+00,3.535784118705332935e-01,2.016757555560944049e-01,1.500000000000000000e+00,0.000000000000000000e+00,0.000000000000000000e+00,0.000000000000000000e+00,-3.216037230934691404e+00,-3.216037230934691404e+00,-1.500000000000000000e+00,-0.000000000000000000e+00
1.587600881364453542e+00,6.872328079913185839e-01,2.347710765227950525e-02,1.500000000000000000e+00,0.000000000000000000e+00,0.000000000000000000e+00,0.000000000000000000e+00,-2.381401322046680313e+00,-2.381401322046680313e+00,-1.500000000000000000e+00,-0.000000000000000000e+00
1.406672316278969603e+00,1.222041769570056502e+00,8.857012443989629169e-01,1.500000000000000000e+00,0.000000000000000000e+00,0.000000000000000000e+00,0.000000000000000000e+00,-2.110008474418454405e+00,-2.110008474418454405e+00,-1.500000000000000000e+00,-0.000000000000000000e+00
2.982832932979868623e+00,1.751574862050770731e+00,3.431390330508005126e-01,1.500000000000000000e+00,0.000000000000000000e+00,0.000000000000000000e+00,0.000000000000000000e+00,-4.474249399469803379e+00,-4.474249399469803379e+00,-1.500000000000000000e+00,-0.000000000000000000e+00
3.571953376276209013e-01,1.609021265534260170e+00,1.156499092966867259e-02,1.500000000000000000e+00,0.000000000000000000e+00,0.000000000000000000e+00,0.000000000000000000e+00,-5.357930064414313520e-01,-5.357930064414313520e-01,-1.500000000000000000e+00,-0.000000000000000000e+00
-1.928659228676499415e+00,1.105942424898938903e+00,6.162100891609708642e-01,1.500000000000000000e+00,0.000000000000000000e+00,0.000000000000000000e+00,0.000000000000000000e+00,2.892988843014749012e+00,2.892988843014749012e+00,-1.500000000000000000e+00,0.000000000000000000e+00
6.572446669633356109e-01,2.029717559221106082e+00,4.781617332490648575e-01,1.500000000000000000e+00,0.000000000000000000e+00,0.000000000000000000e+00,0.000000000000000000e+00,-9.858670004450034163e-01,-9.858670004450034163e-01,-1.500000000000000000e+00,-0.000000000000000000e+00
-1.276219237941064844e+00,2.236839559726948590e+00,6.896757504564368091e-01,1.500000000000000000e+00,0.000000000000000000e+00,0.000000000000000000e+00,0.000000000000000000e+00,1.914328856911597265e+00,1.914328856911597265e+00,-1.500000000000000000e+00,0.000000000000000000e+00
7.763433732592250891e-02,7.956830112639343699e-01,3.601086251187952669e-01,1.500000000000000000e+00,0.000000000000000000e+00,0.000000000000000000e+00,0.000000000000000000e+00,-1.164515059888837634e-01,-1.164515059888837634e-01,-1.500000000000000000e+00,-0.000000000000000000e+00
-2.440600578421170397e-01,7.188615960315953846e-01,1.401960585333711373e-01,1.500000000000000000e+00,0.000000000000000000e+00,0.000000000000000000e+00,0.000000000000000000e+00,3.660900867631755595e-01,3.660900867631755595e-01,-1.500000000000000000e+00,0.000000000000000000e+00
3.811651437752314742e-01,1.876163693256072573e+00,6.395781914631361031e-01,1.500000000000000000e+00,0.000000000000000000e+00,0.000000000000000000e+00,0.000000000000000000e+00,-5.717477156628472112e-01,-5.717477156628472112e-01,-1.500000000000000000e+00,-0.000000000000000000e+00
2.528257419928094052e+00,1.234183464073121073e+00,3.983963560143466420e-01,1.500000000000000000e+00,0.000000000000000000e+00,0.000000000000000000e+00,0.000000000000000000e+00,-3.792386129892141078e+00,-3.792386129892141078e+00,-1.500000000000000000e+00,-0.000000000000000000e+00
1.861204751628672049e+00,2.490748364389252067e+00,8.766288384290346070e-01,1.500000000000000000e+00,0.000000000000000000e+00,0.000000000000000000e+00,0.000000000000000000e+00,-2.791807127443008074e+00,-2.791807127443008074e+00,-1.500000000000000000e+00,-0.000000000000000000e+00
-5.091026716879092362e-01,2.922407540890659128e-02,3.266504210591691937e-01,1.500000000000000000e+00,0.000000000000000000e+00,0.000000000000000000e+00,0.000000000000000000e+00,7.636540075318638543e-01,7.636540075318638543e-01,-1.500000000000000000e+00,0.000000000000000000e+00
1.903996115613571405e+00,1.624758896830921895e+00,2.224856346025603226e-01,1.500000000000000000e+00,0.000000000000000000e+00,0.000000000000000000e+00,0.000000000000000000e+00,-2.855994173420357107e+00,-2.855994173420357107e+00,-1.500000000000000000e+00,-0.000000000000000000e+00
2.163132115388521903e+00,1.045903327262614146e+00,1.859393566641225348e-01,1.500000000000000000e+00,0.000000000000000000e+00,0.000000000000000000e+00,0.000000000000000000e+00,-3.244698173082782855e+00,-3.244698173082782855e+00,-1.500000000000000000e+00,-0.000000000000000000e+00
1.643863368068143593e+00,6.371324478246619405e-01,2.562343826572626160e-01,1.500000000000000000e+00,0.000000000000000000e+00,0.000000000000000000e+00,0.000000000000000000e+00,-2.465795052102215390e+00,-2.465795052102215390e+00,-1.500000000000000000e+00,-0.000000000000000000e+00
3.083315365676546627e-01,2.603820085025728481e+00,2.384985049822457848e-01,1.500000000000000000e+00,0.000000000000000000e+00,0.000000000000000000e+00,0.000000000000000000e+00,-4.624973048514819940e-01,-4.624973048514819940e-01,-1.500000000000000000e+00,-0.000000000000000000e+00
2.396071888645115777e+00,6.509276307028929454e-01,5.218677861704851262e-01,1.500000000000000000e+00,0.000000000000000000e+00,0.000000000000000000e+00,0.000000000000000000e+00,-3.594107832967673666e+00,-3.594107832967673666e+00,-1.500000000000000000e+00,-0.000000000000000000e+00
-4.823456168039896852e-02,2.365759110792369668e+00,3.721831178249790373e-01,1.500000000000000000e+00,0.000000000000000000e+00,0.000000000000000000e+00,0.000000000000000000e+00,7.235184252059845278e-02,7.235184252059845278e-02,-1.500000000000000000e+00,0.000000000000000000e+00
-2.364267865316092898e+00,2.562223773752053013e+00,9.694612597536530485e-01,1.500000000000000000e+00,0.000000000000000000e+00,0.000000000000000000e+00,0.000000000000000000e+00,3.546401797974139569e+00,3.546401797974139569e+00,-1.500000000000000000e+00,0.000000000000000000e+00
-1.367250690563869053e+00,2.902317387401476267e+00,2.039073960968865729e-01,1.500000000000000000e+00,0.000000000000000000e+00,0.000000000000000000e+00,0.000000000000000000e+00,2.050876035845803358e+00,2.050876035845803358e+00,-1.500000000000000000e+00,0.000000000000000000e+00
9.450778341786580938e-01,3.490626173505818608e-01,9.403061263952202653e-01,1.500000000000000000e+00,0.000000000000000000e+00,0.000000000000000000e+00,0.000000000000000000e+00,-1.417616751267987141e+00,-1.417616751267987141e+00,-1.500000000000000000e+00,-0.000000000000000000e+00
-7.252415746626468263e-01,4.681677081948159014e-01,3.357858190162826828e-01,1.500000000000000000e+00,0.000000000000000000e+00,0.000000000000000000e+00,0.000000000000000000e+00,1.087862361993970239e+00,1.087862361993970239e+00,-1.500000000000000000e+00,0.000000000000000000e+00
-4.630834953690241562e-01,2.520546067346632890e-01,4.833104492015806164e-01,1.500000000000000000e+00,0.000000000000000000e+00,0.000000000000000000e+00,0.000000000000000000e+00,6.946252430535362343e-01,6.946252430535362343e-01,-1.500000000000000000e+00,0.000000000000000000e+00
-5.867466936806287059e-01,9.614091466735895652e-01,9.593384462798456580e-01,1.500000000000000000e+00,0.000000000000000000e+00,0.000000000000000000e+00,0.000000000000000000e+00,8.801200405209430588e-01,8.801200405209430588e-01,-1.500000000000000000e+00,0.000000000000000000e+00
-1.847780405774161139e+00,2.720212252481164050e+00,7.805762263986855132e-01,1.500000000000000000e+00,0.000000000000000000e+00,0.000000000000000000e+00,0.000000000000000000e+00,2.771670608661241708e+00,2.771670608661241708e+00,-1.500000000000000000e+00,0.000000000000000000e+00
-2.438807798917841829e+00,1.931054689588703077e+00,9.467344338714597241e-01,1.500000000000000000e+00,0.000000000000000000e+00,0.000000000000000000e+00,0.000000000000000000e+00,3.658211698376762744e+00,3.658211698376762744e+00,-1.500000000000000000e+00,0.000000000000000000e+00
-2.705515021440662693e+00,4.645468065024214166e-01,5.388031781765599826e-01,1.500000000000000000e+00,0.000000000000000000e+00,0.000000000000000000e+00,0.000000000000000000e+00,4.058272532160994039e+00,4.058272532160994039e+00,-1.500000000000000000e+00,0.000000000000000000e+00
1.035044877585940881e+00,3.167314084515826522e-01,3.178801385435460203e-01,1.500000000000000000e+00,0.000000000000000000e+00,0.000000000000000000e+00,0.000000000000000000e+00,-1.552567316378911322e+00,-1.552567316378911322e+00,-1.500000000000000000e+00,-0.000000000000000000e+00
-1.055339946233743831e+00,2.248731445120240480e+00,6.751136017424183011e-01,1.500000000000000000e+00,0.000000000000000000e+00,0.000000000000000000e+00,0.000000000000000000e+00,1.583009919350615746e+00,1.583009919350615746e+00,-1.500000000000000000e+00,0.000000000000000000e+00
-2.588551340280278446e-01,1.869813344735219651e+00,6.851419638976509185e-01,1.500000000000000000e+00,0.000000000000000000e+00,0.000000000000000000e+00,0.000000000000000000e+00,3.882827010420417668e-01,3.882827010420417668e-01,-1.500000000000000000e+00,0.000000000000000000e+00
2.611160014889916781e+00,7.252641314161922814e-03,4.154807887745859407e-02,1.500000000000000000e+00,0.000000000000000000e+00,0.000000000000000000e+00,0.000000000000000000e+00,-3.916740022334875171e+00,-3.916740022334875171e+00,-1.500000000000000000e+00,-0.000000000000000000e+00
7.599912073947328039e-01,1.762109103508473940e+00,1.071189057883683571e-01,1.500000000000000000e+00,0.000000000000000000e+00,0.000000000000000000e+00,0.000000000000000000e+00,-1.139986811092099206e+00,-1.139986811092099206e+00,-1.500000000000000000e+00,-0.000000000000000000e+00
1.863924345583184206e+00,5.699797222444894507e-01,9.463113490249234205e-01,1.500000000000000000e+00,0.000000000000000000e+00,0.000000000000000000e+00,0.000000000000000000e+00,-2.795886518374776308e+00,-2.795886518374776308e+00,-1.500000000000000000e+00,-0.000000000000000000e+00
1.573974000087378755e+00,8.808471157585295863e-01,7.209325743167372957e-01,1.500000000000000000e+00,0.000000000000000000e+00,0.000000000000000000e+00,0.000000000000000000e+00,-2.360961000131068133e+00,-2.360961000131068133e+00,-1.500000000000000000e+00,-0.000000000000000000e+00
2.722261296191303082e+00,3.026944402645835863e-01,8.229129237001000519e-01,1.500000000000000000e+00,0.000000000000000000e+00,0.000000000000000000e+00,0.000000000000000000e+00,-4.083391944286955066e+00,-4.083391944286955066e+00,-1.500000000000000000e+00,-0.000000000000000000e+00
-2.599076509430979343e+00,2.974154396372906461e+00,1.879666415894033493e-01,1.500000000000000000e+00,0.000000000000000000e+00,0.000000000000000000e+00,0.000000000000000000e+00,3.898614764146469014e+00,3.898614764146469014e+00,-1.500000000000000000e+00,0.000000000000000000e+00
-6.951491253014072669e-01,1.370554435399245152e+00,9.744756345842079392e-01,1.500000000000000000e+00,0.000000000000000000e+00,0.000000000000000000e+00,0.000000000000000000e+00,1.042723687952110900e+00,1.042723687952110900e+00,-1.500000000000000000e+00,0.000000000000000000e+00
2.697671638393003946e+00,1.850708301760215502e+00,3.009204198282983134e-01,1.500000000000000000e+00,0.000000000000000000e+00,0.000000000000000000e+00,0.000000000000000000e+00,-4.046507457589505918e+00,-4.046507457589505918e+00,-1.500000000000000000e+00,-0.000000000000000000e+00
-2.134001520778436856e-01,6.125105480095772714e-01,1.400773127390504413e-01,1.500000000000000000e+00,0.000000000000000000e+00,0.000000000000000000e+00,0.000000000000000000e+00,3.201002281167655283e-01,3.201002281167655283e-01,-1.500000000000000000e+00,0.000000000000000000e+00
2.686800566592380868e+00,1.125093918006236926e+00,3.593020292283406469e-01,1.500000000000000000e+00,0.000000000000000000e+00,0.000000000000000000e+00,0.000000000000000000e+00,-4.030200849888570858e+00,-4.030200849888570858e+00,-1.500000000000000000e+00,-0.000000000000000000e+00
-1.890831732457827652e+00,1.940932074157009968e+00,3.515100541853710681e-01,1.500000000000000000e+00,0.000000000000000000e+00,0.000000000000000000e+00,0.000000000000000000e+00,2.836247598686741256e+00,2.836247598686741256e+00,-1.500000000000000000e+00,0.000000000000000000e+00
-2.638525832285659067e+00,2.240180419724433936e+00,5.823767225907139355e-02,1.500000000000000000e+00,0.000000000000000000e+00,0.000000000000000000e+00,0.000000000000000000e+00,3.957788748428488823e+00,3.957788748428488823e+00,-1.500000000000000000e+00,0.000000000000000000e+00
2.372797878085433076e+00,2.720769978590207305e+00,8.465010806115608188e-01,1.500000000000000000e+00,0.000000000000000000e+00,0.000000000000000000e+00,0.000000000000000000e+00,-3.559196817128149615e+00,-3.559196817128149615e+00,-1.500000000000000000e+00,-0.000000000000000000e+00
-5.324813555409937393e-01,7.428988135463537867e-01,8.701691900738923735e-01,1.500000000000000000e+00,0.000000000000000000e+00,0.000000000000000000e+00,0.000000000000000000e+00,7.987220333114906090e-01,7.987220333114906090e-01,-1.500000000000000000e+00,0.000000000000000000e+00
4.965089069789030418e-02,7.194867246225643553e-01,1.974242255282763203e-01,1.500000000000000000e+00,0.000000000000000000e+00,0.000000000000000000e+00,0.000000000000000000e+00,-7.447633604683545627e-02,-7.447633604683545627e-02,-1.500000000000000000e+00,-0.000000000000000000e+00
2.617654310132062179e+00,1.209376300316119313e+00,5.508537270712559053e-01,1.500000000000000000e+00,0.000000000000000000e+00,0.000000000000000000e+00,0.000000000000000000e+00,-3.926481465198093268e+00,-3.926481465198093268e+00,-1.500000000000000000e+00,-0.000000000000000000e+00
-1.683423833376512802e+00,9.250308320845465060e-01,8.706308590947867687e-01,1.500000000000000000e+00,0.000000000000000000e+00,0.000000000000000000e+00,0.000000000000000000e+00,2.525135750064769091e+00,2.525135750064769091e+00,-1.500000000000000000e+00,0.000000000000000000e+00
2.809182302604185111e+00,2.458529306008947479e+00,3.780369947496250438e-01,1.500000000000000000e+00,0.000000000000000000e+00,0.000000000000000000e+00,0.000000000000000000e+00,-4.213773453906277666e+00,-4.213773453906277666e+00,-1.500000000000000000e+00,-0.000000000000000000e+00
-6.206998530888307997e-01,1.113949437948420496e+00,5.090289630882633976e-01,1.500000000000000000e+00,0.000000000000000000e+00,0.000000000000000000e+00,0.000000000000000000e+00,9.310497796332461995e-01,9.310497796332461995e-01,-1.500000000000000000e+00,0.000000000000000000e+00
-1.515490229888054152e+00,1.120541680202861601e+00,2.440247571266487281e-01,1.500000000000000000e+00,0.000000000000000000e+00,0.000000000000000000e+00,0.000000000000000000e+00,2.273235344832081228e+00,2.273235344832081228e+00,-1.500000000000000000e+00,0.000000000000000000e+00
-1.597774766471836250e+00,1.507661003488071749e+00,4.679732186028396912e-01,1.500000000000000000e+00,0.000000000000000000e+00,0.000000000000000000e+00,0.000000000000000000e+00,2.396662149707754264e+00,2.396662149707754264e+00,-1.500000000000000000e+00,0.000000000000000000e+00
1.106929203585953481e-01,1.691767709015915555e+00,3.123256593984296003e-01,1.500000000000000000e+00,0.000000000000000000e+00,0.000000000000000000e+00,0.000000000000000000e+00,-1.660393805378930221e-01,-1.660393805378930221e-01,-1.500000000000000000e+00,-0.000000000000000000e+00
-1.982037662645375065e-01,1.059826721590735987e+00,8.242602054585465021e-01,1.500000000000000000e+00,0.000000000000000000e+00,0.000000000000000000e+00,0.000000000000000000e+00,2.973056493968062597e-01,2.973056493968062597e-01,-1.500000000000000000e+00,0.000000000000000000e+00
2.316602655252821386e+00,2.623385243809150946e-02,1.591786925529534713e-01,1.500000000000000000e+00,0.000000000000000000e+00,0.000000000000000000e+00,0.000000000000000000e+00,-3.474903982879232078e+00,-3.474903982879232078e+00,-1.500000000000000000e+00,-0.000000000000000000e+00
-2.695187350418478900e+00,2.206132706284521294e+00,3.297044644857793916e-02,1.500000000000000000e+00,0.000000000000000000e+00,0.000000000000000000e+00,0.000000000000000000e+00,4.042781025627718350e+00,4.042781025627718350e+00,-1.500000000000000000e+00,0.000000000000000000e+00
-2.736145072988938942e+00,3.441515105075164671e-01,9.007630519425720017e-01,1.500000000000000000e+00,0.000000000000000000e+00,0.000000000000000000e+00,0.000000000000000000e+00,4.104217609483407969e+00,4.104217609483407969e+00,-1.500000000000000000e+00,0.000000000000000000e+00
-2.083291403632109517e+00,2.562839349370628295e+00,1.721909460446578999e-01,1.500000000000000000e+00,0.000000000000000000e+00,0.000000000000000000e+00,0.000000000000000000e+00,3.124937105448164054e+00,3.124937105448164054e+00,-1.500000000000000000e+00,0.000000000000000000e+00
6.339862441971151341e-01,7.407059774192685797e-01,5.492091629380443374e-01,1.500000000000000000e+00,0.000000000000000000e+00,0.000000000000000000e+00,0.000000000000000000e+00,-9.509793662956727012e-01,-9.509793662956727012e-01,-1.500000000000000000e+00,-0.000000000000000000e+00
1.688067640146003967e+00,7.668878218817466452e-01,7.090391551580997875e-01,1.500000000000000000e+00,0.000000000000000000e+00,0.000000000000000000e+00,0.000000000000000000e+00,-2.532101460219005951e+00,-2.532101460219005951e+00,-1.500000000000000000e+00,-0.000000000000000000e+00
-1.209383691950685069e-01,1.605953907978478590e+00,3.267959890110523347e-01,1.500000000000000000e+00,0.000000000000000000e+00,0.000000000000000000e+00,0.000000000000000000e+00,1.814075537926027604e-01,1.814075537926027604e-01,-1.500000000000000000e+00,0.000000000000000000e+00
6.825334050666636010e-01,2.722198176556569038e+00,9.290301622132897119e-01,1.500000000000000000e+00,0.000000000000000000e+00,0.000000000000000000e+00,0.000000000000000000e+00,-1.023800107599995401e+00,-1.023800107599995401e+00,-1.500000000000000000e+00,-0.000000000000000000e+00
8.553200346512879193e-01,1.141716647678992169e+00,3.378845519853800328e-01,1.500000000000000000e+00,0.000000000000000000e+00,0.000000000000000000e+00,0.000000000000000000e+00,-1.282980051976931879e+00,-1.282980051976931879e+00,-1.500000000000000000e+00,-0.000000000000000000e+00
-2.884229920888633281e+00,1.441430077483813355e+00,1.969878117542172014e-01,1.500000000000000000e+00,0.000000000000000000e+00,0.000000000000000000e+00,0.000000000000000000e+00,4.326344881332950365e+00,4.326344881332950365e+00,-1.500000000000000000e+00,0.000000000000000000e+00
-1.522341285081902029e+00,1.244237532773543986e+00,6.533490451262458087e-02,1.500000000000000000e+00,0.000000000000000000e+00,0.000000000000000000e+00,0.000000000000000000e+00,2.283511927622853044e+00,2.283511927622853044e+00,-1.500000000000000000e+00,0.000000000000000000e+00
2.986548551891107905e+00,3.363300710996386389e-01,8.997672898595898694e-01,1.500000000000000000e+00,0.000000000000000000e+00,0.000000000000000000e+00,0.000000000000000000e+00,-4.479822827836661858e+00,-4.479822827836661858e+00,-1.500000000000000000e+00,-0.000000000000000000e+00
-1.015273942418231767e+00,8.647955476595040603e-01,2.160367428731618800e-01,1.500000000000000000e+00,0.000000000000000000e+00,0.000000000000000000e+00,0.000000000000000000e+00,1.522910913627347540e+00,1.522910913627347540e+00,-1.500000000000000000e+00,0.000000000000000000e+00
2.679762078702314199e+00,2.750259442673281818e+00,8.974721104742527933e-01,1.500000000000000000e+00,0.000000000000000000e+00,0.000000000000000000e+00,0.000000000000000000e+00,-4.019643118053471298e+00,-4.019643118053471298e+00,-1.500000000000000000e+00,-0.000000000000000000e+00
-4.634326701925628456e-02,2.818236841068401333e+00,4.563475380469472764e-01,1.500000000000000000e+00,0.000000000000000000e+00,0.000000000000000000e+00,0.000000000000000000e+00,6.951490052888442683e-02,6.951490052888442683e-02,-1.500000000000000000e+00,0.000000000000000000e+00
-1.664661478994661659e+00,7.649982132675097191e-01,9.328950305598899817e-01,1.500000000000000000e+00,0.000000000000000000e+00,0.000000000000000000e+00,0.000000000000000000e+00,2.496992218491992599e+00,2.496992218491992599e+00,-1.500000000000000000e+00,0.000000000000000000e+00
-2.985508628843311474e+00,2.760316615541261065e+00,8.688121544385041251e-02,1.500000000000000000e+00,0.000000000000000000e+00,0.000000000000000000e+00,0.000000000000000000e+00,4.478262943264967433e+00,4.478262943264967433e+00,-1.500000000000000000e+00,0.000000000000000000e+00
-1.694697143900061320e+00,4.742068164743806769e-02,8.552541086438463225e-01,1.500000000000000000e+00,0.000000000000000000e+00,0.000000000000000000e+00,0.000000000000000000e+00,2.542045715850091980e+00,2.542045715850091980e+00,-1.500000000000000000e+00,0.000000000000000000e+00
-1.070981518117634756e+00,2.155923821020611975e+00,9.793348696949765175e-01,1.500000000000000000e+00,0.000000000000000000e+00,0.000000000000000000e+00,0.000000000000000000e+00,1.606472277176452135e+00,1.606472277176452135e+00,-1.500000000000000000e+00,0.000000000000000000e+00
-3.641854097470051954e-01,7.695166816844922764e-02,7.108657373531818147e-01,1.500000000000000000e+00,0.000000000000000000e+00,0.000000000000000000e+00,0.000000000000000000e+00,5.462781146205077931e-01,5.462781146205077931e-01,-1.500000000000000000e+00,0.000000000000000000e+00
-3.169701793011592272e-01,1.278147253604037470e+00,1.336444790216140266e-01,1.500000000000000000e+00,0.000000000000000000e+00,0.000000000000000000e+00,0.000000000000000000e+00,4.754552689517388409e-01,4.754552689517388409e-01,-1.500000000000000000e+00,0.000000000000000000e+00
2.900673104934341495e-01,1.238237911917185574e+00,9.975236986072851808e-01,1.500000000000000000e+00,0.000000000000000000e+00,0.000000000000000000e+00,0.000000000000000000e+00,-4.351009657401512243e-01,-4.351009657401512243e-01,-1.500000000000000000e+00,-0.000000000000000000e+00
-1.551080405464198009e-01,1.304841453440408472e+00,8.012068665976794790e-01,1.500000000000000000e+00,0.000000000000000000e+00,0.000000000000000000e+00,0.000000000000000000e+00,2.326620608196297013e-01,2.326620608196297013e-01,-1.500000000000000000e+00,0.000000000000000000e+00
-2.802817125432508494e+00,2.823519984242039982e+00,2.100309814815826126e-01,1.500000000000000000e+00,0.000000000000000000e+00,0.000000000000000000e+00,0.000000000000000000e+00,4.204225688148762963e+00,4.204225688148762963e+00,-1.500000000000000000e+00,0.000000000000000000e+00
-1.398196713290424720e+00,1.056763819717057240e+00,9.704721351849653344e-01,1.500000000000000000e+00,0.000000000000000000e+00,0.000000000000000000e+00,0.000000000000000000e+00,2.097295069935637191e+00,2.097295069935637191e+00,-1.500000000000000000e+00,0.000000000000000000e+00
2.772114103998294610e+00,5.422058627377668305e-02,8.624370725676133720e-02,1.500000000000000000e+00,0.000000000000000000e+00,0.000000000000000000e+00,0.000000000000000000e+00,-4.158171155997441915e+00,-4.158171155997441915e+00,-1.500000000000000000e+00,-0.000000000000000000e+00
-2.835510529864340601e+00,3.310153165257885277e-01,1.298292330763658464e-01,1.500000000000000000e+00,0.000000000000000000e+00,0.000000000000000000e+00,0.000000000000000000e+00,4.253265794796511123e+00,4.253265794796511123e+00,-1.500000000000000000e+00,0.000000000000000000e+00
1.404350312396014822e+00,2.247799931597981082e+00,1.495807397458837062e-02,1.500000000000000000e+00,0.000000000000000000e+00,0.000000000000000000e+00,0.000000000000000000e+00,-2.106525468594022232e+00,-2.106525468594022232e+00,-1.500000000000000000e+00,-0.000000000000000000e+00
-1.417644458614439884e-01,3.855129365197995650e-01,5.923444293424486862e-01,1.500000000000000000e+00,0.000000000000000000e+00,0.000000000000000000e+00,0.000000000000000000e+00,2.126466687921659826e-01,2.126466687921659826e-01,-1.500000000000000000e+00,0.000000000000000000e+00
1.241536452119873069e+00,1.761252831243637074e-01,4.038604744025499071e-01,1.500000000000000000e+00,0.000000000000000000e+00,0.000000000000000000e+00,0.000000000000000000e+00,-1.862304678179809603e+00,-1.862304678179809603e+00,-1.500000000000000000e+00,-0.000000000000000000e+00
-1.004991490820101863e+00,5.860822092235523639e-01,8.573881802692395748e-02,1.500000000000000000e+00,0.000000000000000000e+00,0.000000000000000000e+00,0.000000000000000000e+00,1.507487236230152794e+00,1.507487236230152794e+00,-1.500000000000000000e+00,0.000000000000000000e+00
-7.791721931940971402e-01,2.933287595245735346e+00,4.930657458819797112e-01,1.500000000000000000e+00,0.000000000000000000e+00,0.000000000000000000e+00,0.000000000000000000e+00,1.168758289791145710e+00,1.168758289791145710e+00,-1.500000000000000000e+00,0.000000000000000000e+00
1.006793578907130282e-01,1.333881448047538720e+00,8.809703856439289327e-01,1.500000000000000000e+00,0.000000000000000000e+00,0.000000000000000000e+00,0.000000000000000000e+00,-1.510190368360695423e-01,-1.510190368360695423e-01,-1.500000000000000000e+00,-0.000000000000000000e+00
2.457950397370838758e+00,4.442988563995140527e-01,9.210803976687342853e-02,1.500000000000000000e+00,0.000000000000000000e+00,0.000000000000000000e+00,0.000000000000000000e+00,-3.686925596056258136e+00,-3.686925596056258136e+00,-1.500000000000000000e+00,-0.000000000000000000e+00
-1.029669931814024775e+00,1.975443238650699485e+00,6.388743748665683952e-01,1.500000000000000000e+00,0.000000000000000000e+00,0.000000000000000000e+00,0.000000000000000000e+00,1.544504897721037162e+00,1.544504897721037162e+00,-1.500000000000000000e+00,0.000000000000000000e+00
-2.484817038591590421e+00,1.132972653518456330e+00,1.686455234158524830e-01,1.500000000000000000e+00,0.000000000000000000e+00,0.000000000000000000e+00,0.000000000000000000e+00,3.727225557887385854e+00,3.727225557887385854e+00,-1.500000000000000000e+00,0.000000000000000000e+00
-2.770460096929503457e+00,1.658412201173711908e+00,5.107618696877771480e-01,1.500000000000000000e+00,0.000000000000000000e+00,0.000000000000000000e+00,0.000000000000000000e+00,4.155690145394254742e+00,4.155690145394254742e+00,-1.500000000000000000e+00,0.000000000000000000e+00
2.289408493481299267e+00,2.987973109212050726e+00,3.427042015411052578e-01,1.500000000000000000e+00,0.000000000000000000e+00,0.000000000000000000e+00,0.000000000000000000e+00,-3.434112740221948901e+00,-3.434112740221948901e+00,-1.500000000000000000e+00,-0.000000000000000000e+00
-1.117585888232448976e+00,2.097354218818626936e+00,2.758276799398495793e-01,1.500000000000000000e+00,0.000000000000000000e+00,0.000000000000000000e+00,0.000000000000000000e+00,1.676378832348673464e+00,1.676378832348673464e+00,-1.500000000000000000e+00,0.000000000000000000e+00
-2.282845440380272262e+00,1.604676557712317653e+00,1.224153385553927720e-02,1.500000000000000000e+00,0.000000000000000000e+00,0.000000000000000000e+00,0.000000000000000000e+00,3.424268160570408170e+00,3.424268160570408170e+00,-1.500000000000000000e+00,0.000000000000000000e+00
5.785354073883812731e-01,2.994953348515431379e+00,5.784133892878938754e-01,1.500000000000000000e+00,0.000000000000000000e+00,0.000000000000000000e+00,0.000000000000000000e+00,-8.678031110825719097e-01,-8.678031110825719097e-01,-1.500000000000000000e+00,-0.000000000000000000e+00
2.069372179646566501e+00,1.516932546923385416e+00,4.434480296486928985e-01,1.500000000000000000e+00,0.000000000000000000e+00,0.000000000000000000e+00,0.000000000000000000e+00,-3.104058269469849751e+00,-3.104058269469849751e+00,-1.500000000000000000e+00,-0.000000000000000000e+00
5.972839935261018418e-01,1.358568899183304923e+00,6.913449885679868734e-01,1.500000000000000000e+00,0.000000000000000000e+00,0.000000000000000000e+00,0.000000000000000000e+00,-8.959259902891527627e-01,-8.959259902891527627e-01,-1.500000000000000000e+00,-0.000000000000000000e+00
-2.089729963700327708e+00,2.551831513819651676e+00,1.847346200968380536e-01,1.500000000000000000e+00,0.000000000000000000e+00,0.000000000000000000e+00,0.000000000000000000e+00,3.134594945550491563e+00,3.134594945550491563e+00,-1.500000000000000000e+00,0.000000000000000000e+00
-5.656047175463116972e-01,2.874210985083357706e+00,9.836195618541117014e-01,1.500000000000000000e+00,0.000000000000000000e+00,0.000000000000000000e+00,0.000000000000000000e+00,8.484070763194675457e-01,8.484070763194675457e-01,-1.500000000000000000e+00,0.000000000000000000e+00
-1.401064162096618659e+00,2.158435916618905104e+00,1.976266606185972385e-02,1.500000000000000000e+00,0.000000000000000000e+00,0.000000000000000000e+00,0.000000000000000000e+00,2.101596243144927989e+00,2.101596243144927989e+00,-1.500000000000000000e+00,0.000000000000000000e+00
-2.900567842926838225e+00,1.095667463069018410e+00,1.959218133061977341e-01,1.500000000000000000e+00,0.000000000000000000e+00,0.000000000000000000e+00,0.000000000000000000e+00,4.350851764390257337e+00,4.350851764390257337e+00,-1.500000000000000000e+00,0.000000000000000000e+00
2.794111900418721817e+00,1.207949003426116885e+00,6.415487101994371555e-01,1.500000000000000000e+00,0.000000000000000000e+00,0.000000000000000000e+00,0.000000000000000000e+00,-4.191167850628082725e+00,-4.191167850628082725e+00,-1.500000000000000000e+00,-0.000000000000000000e+00
-2.446989615303198917e-01,2.664550621061545499e-02,1.339964539989992875e-01,1.500000000000000000e+00,0.000000000000000000e+00,0.000000000000000000e+00,0.000000000000000000e+00,3.670484422954798376e-01,3.670484422954798376e-01,-1.500000000000000000e+00,0.000000000000000000e+00
-2.191668702110472378e+00,7.192974555423704563e-01,2.605543677014043880e-01,1.500000000000000000e+00,0.000000000000000000e+00,0.000000000000000000e+00,0.000000000000000000e+00,3.287503053165708344e+00,3.287503053165708344e+00,-1.500000000000000000e+00,0.000000000000000000e+00
2.309433768326778491e+00,2.330759092001393196e+00,5.017166131362493786e-01,1.500000000000000000e+00,0.000000000000000000e+00,0.000000000000000000e+00,0.000000000000000000e+00,-3.464150652490167737e+00,-3.464150652490167737e+00,-1.500000000000000000e+00,-0.000000000000000000e+00
2.910779379136853251e+00,1.466744501907646603e+00,7.563524972681272551e-01,1.500000000000000000e+00,0.000000000000000000e+00,0.000000000000000000e+00,0.000000000000000000e+00,-4.366169068705279876e+00,-4.366169068705279876e+00,-1.500000000000000000e+00,-0.000000000000000000e+00
1.896034500795244604e+00,2.569506392345725310e+00,8.644865045133335313e-01,1.500000000000000000e+00,0.000000000000000000e+00,0.000000000000000000e+00,0.000000000000000000e+00,-2.844051751192866906e+00,-2.844051751192866906e+00,-1.500000000000000000e+00,-0.000000000000000000e+00
-1.478124539597565068e+00,2.010311195234827153e+00,3.167724473935032981e-01,1.500000000000000000e+00,0.000000000000000000e+00,0.000000000000000000e+00,0.000000000000000000e+00,2.217186809396347602e+00,2.217186809396347602e+00,-1.500000000000000000e+00,0.000000000000000000e+00
-1.856742790302367441e+00,1.698337719127157808e+00,6.577274782098366801e-01,1.500000000000000000e+00,0.000000000000000000e+00,0.000000000000000000e+00,0.000000000000000000e+00,2.785114185453551272e+00,2.785114185453551272e+00,-1.500000000000000000e+00,0.000000000000000000e+00
1.506738017246274097e-01,2.417503413855121686e+00,2.313686177723972559e-02,1.500000000000000000e+00,0.000000000000000000e+00,0.000000000000000000e+00,0.000000000000000000e+00,-2.260107025869411146e-01,-2.260107025869411146e-01,-1.500000000000000000e+00,-0.000000000000000000e+00
5.009821456228507053e-01,1.493508598466883441e+00,8.906363800055672186e-01,1.500000000000000000e+00,0.000000000000000000e+00,0.000000000000000000e+00,0.000000000000000000e+00,-7.514732184342760579e-01,-7.514732184342760579e-01,-1.500000000000000000e+00,-0.000000000000000000e+00
2.270408651924406662e+00,2.001694909092336605e+00,6.717300436747556391e-01,1.500000000000000000e+00,0.000000000000000000e+00,0.000000000000000000e+00,0.000000000000000000e+00,-3.405612977886609993e+00,-3.405612977886609993e+00,-1.500000000000000000e+00,-0.000000000000000000e+00
2.803457654814107691e+00,1.469279653979755018e+00,9.022314195030535222e-01,1.500000000000000000e+00,0.000000000000000000e+00,0.000000000000000000e+00,0.000000000000000000e+00,-4.205186482221161981e+00,-4.205186482221161981e+00,-1.500000000000000000e+00,-0.000000000000000000e+00
2.462321929110833807e+00,1.057611425798115068e+00,2.103839691641592458e-01,1.500000000000000000e+00,0.000000000000000000e+00,0.000000000000000000e+00,0.000000000000000000e+00,-3.693482893666250710e+00,-3.693482893666250710e+00,-1.500000000000000000e+00,-0.000000000000000000e+00
-9.475241899998048112e-01,2.295036315567164920e+00,4.966606812811550364e-01,1.500000000000000000e+00,0.000000000000000000e+00,0.000000000000000000e+00,0.000000000000000000e+00,1.421286284999707217e+00,1.421286284999707217e+00,-1.500000000000000000e+00,0.000000000000000000e+00
5.135958415158059509e-01,2.134307570556921441e-01,7.437167534370336952e-01,1.500000000000000000e+00,0.000000000000000000e+00,0.000000000000000000e+00,0.000000000000000000e+00,-7.703937622737089264e-01,-7.703937622737089264e-01,-1.500000000000000000e+00,-0.000000000000000000e+00
-2.256861562865717818e+00,2.931536083495919875e+00,2.524915401370408929e-02,1.500000000000000000e+00,0.000000000000000000e+00,0.000000000000000000e+00,0.000000000000000000e+00,3.385292344298576950e+00,3.385292344298576950e+00,-1.500000000000000000e+00,0.000000000000000000e+00
1.132591822078632404e-01,2.882426022369709795e+00,8.411051487433907070e-01,1.500000000000000000e+00,0.000000000000000000e+00,0.000000000000000000e+00,0.000000000000000000e+00,-1.698887733117948606e-01,-1.698887733117948606e-01,-1.500000000000000000e+00,-0.000000000000000000e+00
-2.575379982684153468e+00,2.491188195543621475e+00,7.077894332561983637e-01,1.500000000000000000e+00,0.000000000000000000e+00,0.000000000000000000e+00,0.000000000000000000e+00,3.863069974026230202e+00,3.863069974026230202e+00,-1.500000000000000000e+00,0.000000000000000000e+00
-2.332219160490802246e+00,1.402492161899496104e+00,7.880731179224339522e-01,1.500000000000000000e+00,0.000000000000000000e+00,0.000000000000000000e+00,0.000000000000000000e+00,3.498328740736203368e+00,3.498328740736203368e+00,-1.500000000000000000e+00,0.000000000000000000e+00
-2.268344137690063711e+00,1.349949946137576351e+00,1.625066363734601893e-01,1.500000000000000000e+00,0.000000000000000000e+00,0.000000000000000000e+00,0.000000000000000000e+00,3.402516206535095566e+00,3.402516206535095566e+00,-1.500000000000000000e+00,0.000000000000000000e+00
-1.191405824886571763e+00,1.207315434163015899e+00,7.770482542501671031e-01,1.500000000000000000e+00,0.000000000000000000e+00,0.000000000000000000e+00,0.000000000000000000e+00,1.787108737329857533e+00,1.787108737329857533e+00,-1.500000000000000000e+00,0.000000000000000000e+00
-1.141922267006861169e+00,1.377805219537576509e+00,5.669821398715649829e-01,1.500000000000000000e+00,0.000000000000000000e+00,0.000000000000000000e+00,0.000000000000000000e+00,1.712883400510291754e+00,1.712883400510291754e+00,-1.500000000000000000e+00,0.000000000000000000e+00
1.230242113588074560e+00,6.651825265117117247e-01,1.499123994705990892e-01,1.500000000000000000e+00,0.000000000000000000e+00,0.000000000000000000e+00,0.000000000000000000e+00,-1.845363170382111839e+00,-1.845363170382111839e+00,-1.500000000000000000e+00,-0.000000000000000000e+00
-2.543797679199078843e+00,2.397318940971918444e+00,1.320284929649544470e-01,1.500000000000000000e+00,0.000000000000000000e+00,0.000000000000000000e+00,0.000000000000000000e+00,3.815696518798618264e+00,3.815696518798618264e+00,-1.500000000000000000e+00,0.000000000000000000e+00
-2.333135307090728361e+00,2.643191544344928978e+00,8.577208439023550346e-01,1.500000000000000000e+00,0.000000000000000000e+00,0.000000000000000000e+00,0.000000000000000000e+00,3.499702960636092541e+00,3.499702960636092541e+00,-1.500000000000000000e+00,0.000000000000000000e+00
9.379236730539464162e-01,1.502154442271314672e+00,3.984985385596513385e-01,1.500000000000000000e+00,0.000000000000000000e+00,0.000000000000000000e+00,0.000000000000000000e+00,-1.406885509580919624e+00,-1.406885509580919624e+00,-1.500000000000000000e+00,-0.000000000000000000e+00
1.036733724558844827e+00,2.558939053609874836e+00,2.720469941996461749e-01,1.500000000000000000e+00,0.000000000000000000e+00,0.000000000000000000e+00,0.000000000000000000e+00,-1.555100586838267240e+00,-1.555100586838267240e+00,-1.500000000000000000e+00,-0.000000000000000000e+00
1.262621505220465679e+00,8.749265717240063411e-01,3.682279919407304147e-01,1.500000000000000000e+00,0.000000000000000000e+00,0.000000000000000000e+00,0.000000000000000000e+00,-1.893932257830698518e+00,-1.893932257830698518e+00,-1.500000000000000000e+00,-0.000000000000000000e+00
1.320835252133455207e+00,2.578634573119649165e+00,6.846638594380717313e-01,1.500000000000000000e+00,0.000000000000000000e+00,0.000000000000000000e+00,0.000000000000000000e+00,-1.981252878200182810e+00,-1.981252878200182810e+00,-1.500000000000000000e+00,-0.000000000000000000e+00
9.775450780846934862e-01,2.919785231114185642e+00,1.363601359117422307e-01,1.500000000000000000e+00,0.000000000000000000e+00,0.000000000000000000e+00,0.000000000000000000e+00,-1.466317617127040229e+00,-1.466317617127040229e+00,-1.500000000000000000e+00,-0.000000000000000000e+00
3.155616187406673490e-01,2.011284688142915833e+00,1.619419795469915213e-01,1.500000000000000000e+00,0.000000000000000000e+00,0.000000000000000000e+00,0.000000000000000000e+00,-4.733424281110010234e-01,-4.733424281110010234e-01,-1.500000000000000000e+00,-0.000000000000000000e+00
1.448172893569571684e+00,2.888519343077177837e+00,6.496411915738707910e-01,1.500000000000000000e+00,0.000000000000000000e+00,0.000000000000000000e+00,0.000000000000000000e+00,-2.172259340354357526e+00,-2.172259340354357526e+00,-1.500000000000000000e+00,-0.000000000000000000e+00
-2.510832976041158737e+00,2.178207677239440088e+00,8.943052985651598341e-01,1.500000000000000000e+00,0.000000000000000000e+00,0.000000000000000000e+00,0.000000000000000000e+00,3.766249464061738106e+00,3.766249464061738106e+00,-1.500000000000000000e+00,0.000000000000000000e+00
-1.729132648679309492e+00,2.080330430391498897e+00,6.718804743079878072e-01,1.500000000000000000e+00,0.000000000000000000e+00,0.000000000000000000e+00,0.000000000000000000e+00,2.593698973018964349e+00,2.593698973018964349e+00,-1.500000000000000000e+00,0.000000000000000000e+00
1.448719970081183916e+00,1.419199631107495918e+00,9.450600941256614984e-01,1.500000000000000000e+00,0.000000000000000000e+00,0.000000000000000000e+00,0.000000000000000000e+00,-2.173079955121775875e+00,-2.173079955121775875e+00,-1.500000000000000000e+00,-0.000000000000000000e+00
-1.844687221248351827e+00,1.795275080891477471e-01,2.830809653843110452e-01,1.500000000000000000e+00,0.000000000000000000e+00,0.000000000000000000e+00,0.000000000000000000e+00,2.767030831872527852e+00,2.767030831872527852e+00,-1.500000000000000000e+00,0.000000000000000000e+00
1.845143246638820678e-01,3.758277347281893110e-01,3.540745572561815324e-01,1.500000000000000000e+00,0.000000000000000000e+00,0.000000000000000000e+00,0.000000000000000000e+00,-2.767714869958231017e-01,-2.767714869958231017e-01,-1.500000000000000000e+00,-0.000000000000000000e+00
-1.438191648040728632e+00,2.483370816447857621e+00,3.727275108369036971e-01,1.500000000000000000e+00,0.000000000000000000e+00,0.000000000000000000e+00,0.000000000000000000e+00,2.157287472061093059e+00,2.157287472061093059e+00,-1.500000000000000000e+00,0.000000000000000000e+00
-4.123498838905783614e-01,5.448217821991973020e-01,3.587025425589368544e-01,1.500000000000000000e+00,0.000000000000000000e+00,0.000000000000000000e+00,0.000000000000000000e+00,6.185248258358675422e-01,6.185248258358675422e-01,-1.500000000000000000e+00,0.000000000000000000e+00
2.005067410521629512e+00,2.059102099364703342e+00,2.686952067022428947e-01,1.500000000000000000e+00,0.000000000000000000e+00,0.000000000000000000e+00,0.000000000000000000e+00,-3.007601115782444268e+00,-3.007601115782444268e+00,-1.500000000000000000e+00,-0.000000000000000000e+00
9.638401158062350760e-01,4.803117586656945326e-01,7.927384150124007212e-01,1.500000000000000000e+00,0.000000000000000000e+00,0.000000000000000000e+00,0.000000000000000000e+00,-1.445760173709352614e+00,-1.445760173709352614e+00,-1.500000000000000000e+00,-0.000000000000000000e+00
-3.288684604467859707e-01,2.265556574494251407e+00,2.833060646806129235e-01,1.500000000000000000e+00,0.000000000000000000e+00,0.000000000000000000e+00,0.000000000000000000e+00,4.933026906701789560e-01,4.933026906701789560e-01,-1.500000000000000000e+00,0.000000000000000000e+00
-1.358821196968952316e+00,2.867119078933985321e+00,4.163642501144205754e-01,1.500000000000000000e+00,0.000000000000000000e+00,0.000000000000000000e+00,0.000000000000000000e+00,2.038231795453428585e+00,2.038231795453428585e+00,-1.500000000000000000e+00,0.000000000000000000e+00
1.830110505330928561e+00,1.854706795494166283e+00,4.723711757589412752e-01,1.500000000000000000e+00,0.000000000000000000e+00,0.000000000000000000e+00,0.000000000000000000e+00,-2.745165757996392841e+00,-2.745165757996392841e+00,-1.500000000000000000e+00,-0.000000000000000000e+00
9.421352135255061100e-01,1.166673110621678777e-01,9.962633250360021231e-01,1.500000000000000000e+00,0.000000000000000000e+00,0.000000000000000000e+00,0.000000000000000000e+00,-1.413202820288259165e+00,-1.413202820288259165e+00,-1.500000000000000000e+00,-0.000000000000000000e+00
-3.603069685420590140e-01,2.211072174450684713e+00,3.294256126222009362e-01,1.500000000000000000e+00,0.000000000000000000e+00,0.000000000000000000e+00,0.000000000000000000e+00,5.404604528130885210e-01,5.404604528130885210e-01,-1.500000000000000000e+00,0.000000000000000000e+00
2.215634170688263183e+00,1.427544886540766944e+00,6.909995433784064112e-01,1.500000000000000000e+00,0.000000000000000000e+00,0.000000000000000000e+00,0.000000000000000000e+00,-3.323451256032394774e+00,-3.323451256032394774e+00,-1.500000000000000000e+00,-0.000000000000000000e+00
1.154762958252817384e+00,2.597346791895823515e+00,3.276465951164407864e-01,1.500000000000000000e+00,0.000000000000000000e+00,0.000000000000000000e+00,0.000000000000000000e+00,-1.732144437379226076e+00,-1.732144437379226076e+00,-1.500000000000000000e+00,-0.000000000000000000e+00
2.883463216261533901e+00,4.468474051837598715e-01,8.004491574430884215e-01,1.500000000000000000e+00,0.000000000000000000e+00,0.000000000000000000e+00,0.000000000000000000e+00,-4.325194824392300852e+00,-4.325194824392300852e+00,-1.500000000000000000e+00,-0.000000000000000000e+00
9.863182294104224646e-01,8.419966437544803561e-01,3.876787212444988695e-01,1.500000000000000000e+00,0.000000000000000000e+00,0.000000000000000000e+00,0.000000000000000000e+00,-1.479477344115633697e+00,-1.479477344115633697e+00,-1.500000000000000000e+00,-0.000000000000000000e+00
2.399408213291015279e+00,2.757636821372130065e+00,2.147484517636166768e-02,1.500000000000000000e+00,0.000000000000000000e+00,0.000000000000000000e+00,0.000000000000000000e+00,-3.599112319936522919e+00,-3.599112319936522919e+00,-1.500000000000000000e+00,-0.000000000000000000e+00
3.024554187888357504e-01,2.511689250164046427e+00,5.231002345552107080e-01,1.500000000000000000e+00,0.000000000000000000e+00,0.000000000000000000e+00,0.000000000000000000e+00,-4.536831281832536256e-01,-4.536831281832536256e-01,-1.500000000000000000e+00,-0.000000000000000000e+00
1.260007425183905738e+00,2.727354588216862830e+00,3.375657238779852243e-01,1.500000000000000000e+00,0.000000000000000000e+00,0.000000000000000000e+00,0.000000000000000000e+00,-1.890011137775858607e+00,-1.890011137775858607e+00,-1.500000000000000000e+00,-0.000000000000000000e+00
2.054589516192583787e+00,1.561909271915662867e+00,2.647154534576967588e-01,1.500000000000000000e+00,0.000000000000000000e+00,0.000000000000000000e+00,0.000000000000000000e+00,-3.081884274288875680e+00,-3.081884274288875680e+00,-1.500000000000000000e+00,-0.000000000000000000e+00
-2.457257221496544020e+00,2.023106877539795789e+00,2.926189335382901602e-01,1.500000000000000000e+00,0.000000000000000000e+00,0.000000000000000000e+00,0.000000000000000000e+00,3.685885832244816029e+00,3.685885832244816029e+00,-1.500000000000000000e+00,0.000000000000000000e+00
-1.546602834670967042e-01,2.798586722190846032e+00,1.941786264658462713e-03,1.500000000000000000e+00,0.000000000000000000e+00,0.000000000000000000e+00,0.000000000000000000e+00,2.319904252006450562e-01,2.319904252006450562e-01,-1.500000000000000000e+00,0.000000000000000000e+00
6.336158760695722592e-01,1.979816134162742713e+00,7.306821283597706440e-01,1.500000000000000000e+00,0.000000000000000000e+00,0.000000000000000000e+00,0.000000000000000000e+00,-9.504238141043583887e-01,-9.504238141043583887e-01,-1.500000000000000000e+00,-0.000000000000000000e+00
-2.653298896342160429e+00,2.622272430771752649e-01,5.477034003437163401e-01,1.500000000000000000e+00,0.000000000000000000e+00,0.000000000000000000e+00,0.000000000000000000e+00,3.979948344513240421e+00,3.979948344513240421e+00,-1.500000000000000000e+00,0.000000000000000000e+00
1.735344390298344308e+00,4.645020423343577676e-01,6.363289610798984475e-01,1.500000000000000000e+00,0.000000000000000000e+00,0.000000000000000000e+00,0.000000000000000000e+00,-2.603016585447516462e+00,-2.603016585447516462e+00,-1.500000000000000000e+00,-0.000000000000000000e+00
1.293276188973156771e+00,7.901169674124686182e-03,5.695024712215808194e-01,1.500000000000000000e+00,0.000000000000000000e+00,0.000000000000000000e+00,0.000000000000000000e+00,-1.939914283459735156e+00,-1.939914283459735156e+00,-1.500000000000000000e+00,-0.000000000000000000e+00
2.617414947379406165e+00,3.340884117748503801e-01,3.810552159556762630e-01,1.500000000000000000e+00,0.000000000000000000e+00,0.000000000000000000e+00,0.000000000000000000e+00,-3.926122421069109247e+00,-3.926122421069109247e+00,-1.500000000000000000e+00,-0.000000000000000000e+00
-7.677782491638098783e-01,8.164758532133498115e-02,4.587209335775216390e-01,1.500000000000000000e+00,0.000000000000000000e+00,0.000000000000000000e+00,0.000000000000000000e+00,1.151667373745714817e+00,1.151667373745714817e+00,-1.500000000000000000e+00,0.000000000000000000e+00
-1.850620147150241479e-01,1.154397311738218690e+00,4.763114748276947585e-01,1.500000000000000000e+00,0.000000000000000000e+00,0.000000000000000000e+00,0.000000000000000000e+00,2.775930220725362219e-01,2.775930220725362219e-01,-1.500000000000000000e+00,0.000000000000000000e+00
2.471366985218622858e+00,1.849942038312874182e+00,9.175051806831618917e-01,1.500000000000000000e+00,0.000000000000000000e+00,0.000000000000000000e+00,0.000000000000000000e+00,-3.707050477827934287e+00,-3.707050477827934287e+00,-1.500000000000000000e+00,-0.000000000000000000e+00
-5.310554679766319452e-01,2.583437899091518108e+00,3.483880554447690292e-01,1.500000000000000000e+00,0.000000000000000000e+00,0.000000000000000000e+00,0.000000000000000000e+00,7.965832019649479179e-01,7.965832019649479179e-01,-1.500000000000000000e+00,0.000000000000000000e+00
2.006110827497925797e+00,1.226032604606731802e+00,1.524267722821606164e-01,1.500000000000000000e+00,0.000000000000000000e+00,0.000000000000000000e+00,0.000000000000000000e+00,-3.009166241246888696e+00,-3.009166241246888696e+00,-1.500000000000000000e+00,-0.000000000000000000e+00
-4.715467460152309442e-01,4.825567863181116079e-01,8.379346538914156373e-02,1.500000000000000000e+00,0.000000000000000000e+00,0.000000000000000000e+00,0.000000000000000000e+00,7.073201190228464164e-01,7.073201190228464164e-01,-1.500000000000000000e+00,0.000000000000000000e+00
-9.734513377140290302e-01,2.726783042847296556e+00,3.372577108721152017e-01,1.500000000000000000e+00,0.000000000000000000e+00,0.000000000000000000e+00,0.000000000000000000e+00,1.460177006571043545e+00,1.460177006571043545e+00,-1.500000000000000000e+00,0.000000000000000000e+00
-1.336474910044767261e+00,2.750794540605462579e+00,5.723412012824740103e-01,1.500000000000000000e+00,0.000000000000000000e+00,0.000000000000000000e+00,0.000000000000000000e+00,2.004712365067150781e+00,2.004712365067150781e+00,-1.500000000000000000e+00,0.000000000000000000e+00
-1.719036318263768237e+00,2.932312237529376198e+00,5.824943858424558307e-01,1.500000000000000000e+00,0.000000000000000000e+00,0.000000000000000000e+00,0.000000000000000000e+00,2.578554477395652356e+00,2.578554477395652356e+00,-1.500000000000000000e+00,0.000000000000000000e+00
-4.114145578213257437e-01,7.061037650021662060e-02,7.278968693055555272e-01,1.500000000000000000e+00,0.000000000000000000e+00,0.000000000000000000e+00,0.000000000000000000e+00,6.171218367319886156e-01,6.171218367319886156e-01,-1.500000000000000000e+00,0.000000000000000000e+00
-2.030512226529328501e+00,1.772473486445130142e+00,6.593946336117156859e-01,1.500000000000000000e+00,0.000000000000000000e+00,0.000000000000000000e+00,0.000000000000000000e+00,3.045768339793992752e+00,3.045768339793992752e+00,-1.500000000000000000e+00,0.000000000000000000e+00
1.967912342293203665e+00,1.891596074153583995e+00,8.336765049421279716e-02,1.500000000000000000e+00,0.000000000000000000e+00,0.000000000000000000e+00,0.000000000000000000e+00,-2.951868513439805497e+00,-2.951868513439805497e+00,-1.500000000000000000e+00,-0.000000000000000000e+00
2.846582256183784132e+00,1.602826135101002691e+00,3.897158721901383682e-01,1.500000000000000000e+00,0.000000000000000000e+00,0.000000000000000000e+00,0.000000000000000000e+00,-4.269873384275676642e+00,-4.269873384275676642e+00,-1.500000000000000000e+00,-0.000000000000000000e+00
-2.415362486035729894e+00,5.635922044772192496e-01,3.703861225162302651e-01,1.500000000000000000e+00,0.000000000000000000e+00,0.000000000000000000e+00,0.000000000000000000e+00,3.623043729053594841e+00,3.623043729053594841e+00,-1.500000000000000000e+00,0.000000000000000000e+00
-2.671084509171370414e+00,2.762153151862286382e+00,1.128687494843602090e-01,1.500000000000000000e+00,0.000000000000000000e+00,0.000000000000000000e+00,0.000000000000000000e+00,4.006626763757055620e+00,4.006626763757055620e+00,-1.500000000000000000e+00,0.000000000000000000e+00
-2.977574110243547789e+00,1.609933841360851048e+00,5.884750069218653845e-01,1.500000000000000000e+00,0.000000000000000000e+00,0.000000000000000000e+00,0.000000000000000000e+00,4.466361165365321462e+00,4.466361165365321462e+00,-1.500000000000000000e+00,0.000000000000000000e+00
2.592379547229825221e+00,1.114170395860585305e-01,7.746368588579205516e-01,1.500000000000000000e+00,0.000000000000000000e+00,0.000000000000000000e+00,0.000000000000000000e+00,-3.888569320844737831e+00,-3.888569320844737831e+00,-1.500000000000000000e+00,-0.000000000000000000e+00
-2.557173916172657435e+00,1.038681674173944636e+00,4.289380496357586559e-02,1.500000000000000000e+00,0.000000000000000000e+00,0.000000000000000000e+00,0.000000000000000000e+00,3.835760874258986153e+00,3.835760874258986153e+00,-1.500000000000000000e+00,0.000000000000000000e+00
1.081079798732325514e+00,2.181983158395683908e+00,5.299614699066301782e-01,1.500000000000000000e+00,0.000000000000000000e+00,0.000000000000000000e+00,0.000000000000000000e+00,-1.621619698098488271e+00,-1.621619698098488271e+00,-1.500000000000000000e+00,-0.000000000000000000e+00
-1.176980328164595635e+00,6.084798439985150686e-01,1.195221275800939509e-01,1.500000000000000000e+00,0.000000000000000000e+00,0.000000000000000000e+00,0.000000000000000000e+00,1.765470492246893564e+00,1.765470492246893564e+00,-1.500000000000000000e+00,0.000000000000000000e+00
-1.810675532340280780e+00,2.329403606027099727e+00,7.763849541905095686e-01,1.500000000000000000e+00,0.000000000000000000e+00,0.000000000000000000e+00,0.000000000000000000e+00,2.716013298510421059e+00,2.716013298510421059e+00,-1.500000000000000000e+00,0.000000000000000000e+00
-1.521984901470415652e+00,6.299919447232849024e-01,5.585034374308155414e-01,1.500000000000000000e+00,0.000000000000000000e+00,0.000000000000000000e+00,0.000000000000000000e+00,2.282977352205623589e+00,2.282977352205623589e+00,-1.500000000000000000e+00,0.000000000000000000e+00
1.137969095501548011e+00,1.298081780006417496e+00,6.592405713519222665e-02,1.500000000000000000e+00,0.000000000000000000e+00,0.000000000000000000e+00,0.000000000000000000e+00,-1.706953643252322017e+00,-1.706953643252322017e+00,-1.500000000000000000e+00,-0.000000000000000000e+00
-2.892111700280716846e+00,8.772218411141206040e-01,5.157933079846362956e-01,1.500000000000000000e+00,0.000000000000000000e+00,0.000000000000000000e+00,0.000000000000000000e+00,4.338167550421075269e+00,4.338167550421075269e+00,-1.500000000000000000e+00,0.000000000000000000e+00
2.188904226016253673e+00,3.830425572711025906e-01,2.409562805642483374e-01,1.500000000000000000e+00,0.000000000000000000e+00,0.000000000000000000e+00,0.000000000000000000e+00,-3.283356339024380510e+00,-3.283356339024380510e+00,-1.500000000000000000e+00,-0.000000000000000000e+00
4.068102702028220108e-01,2.651558000849561836e+00,2.072694515879998090e-01,1.500000000000000000e+00,0.000000000000000000e+00,0.000000000000000000e+00,0.000000000000000000e+00,-6.102154053042330162e-01,-6.102154053042330162e-01,-1.500000000000000000e+00,-0.000000000000000000e+00
-1.586441466322554783e+00,1.021612427342890594e+00,6.671941033337913662e-01,1.500000000000000000e+00,0.000000000000000000e+00,0.000000000000000000e+00,0.000000000000000000e+00,2.379662199483832286e+00,2.379662199483832286e+00,-1.500000000000000000e+00,0.000000000000000000e+00
-1.749968440970637973e+00,2.254388185100866249e+00,4.045277920992760290e-01,1.500000000000000000e+00,0.000000000000000000e+00,0.000000000000000000e+00,0.000000000000000000e+00,2.624952661455957070e+00,2.624952661455957070e+00,-1.500000000000000000e+00,0.000000000000000000e+00
9.283951459548900331e-01,2.673726640257191978e+00,9.282181827258759732e-01,1.500000000000000000e+00,0.000000000000000000e+00,0.000000000000000000e+00,0.000000000000000000e+00,-1.392592718932335050e+00,-1.392592718932335050e+00,-1.500000000000000000e+00,-0.000000000000000000e+00
7.759843836361883795e-01,8.484326827857745501e-01,9.164951457864053408e-01,1.500000000000000000e+00,0.000000000000000000e+00,0.000000000000000000e+00,0.000000000000000000e+00,-1.163976575454282569e+00,-1.163976575454282569e+00,-1.500000000000000000e+00,-0.000000000000000000e+00
-1.091305578515811670e+00,1.669331496940773540e-02,8.532586284709353652e-01,1.500000000000000000e+00,0.000000000000000000e+00,0.000000000000000000e+00,0.000000000000000000e+00,1.636958367773717615e+00,1.636958367773717615e+00,-1.500000000000000000e+00,0.000000000000000000e+00
-9.958825034611926696e-01,1.575612414024234909e+00,4.103086785400459346e-01,1.500000000000000000e+00,0.000000000000000000e+00,0.000000000000000000e+00,0.000000000000000000e+00,1.493823755191789004e+00,1.493823755191789004e+00,-1.500000000000000000e+00,0.000000000000000000e+00
-2.193549461860855310e-01,7.063863796262346284e-01,9.047245303702904362e-01,1.500000000000000000e+00,0.000000000000000000e+00,0.000000000000000000e+00,0.000000000000000000e+00,3.290324192791282965e-01,3.290324192791282965e-01,-1.500000000000000000e+00,0.000000000000000000e+00
2.462832335159221842e+00,2.621703623595232902e+00,7.206839288663402510e-02,1.500000000000000000e+00,0.000000000000000000e+00,0.000000000000000000e+00,0.000000000000000000e+00,-3.694248502738832762e+00,-3.694248502738832762e+00,-1.500000000000000000e+00,-0.000000000000000000e+00
2.298469747015108311e-01,4.943463188473204983e-01,7.757661400741584501e-01,1.500000000000000000e+00,0.000000000000000000e+00,0.000000000000000000e+00,0.000000000000000000e+00,-3.447704620522662466e-01,-3.447704620522662466e-01,-1.500000000000000000e+00,-0.000000000000000000e+00
2.040420524943374225e+00,2.164080358986790742e+00,3.589811170078547331e-01,1.500000000000000000e+00,0.000000000000000000e+00,0.000000000000000000e+00,0.000000000000000000e+00,-3.060630787415061338e+00,-3.060630787415061338e+00,-1.500000000000000000e+00,-0.000000000000000000e+00
8.451100927810486496e-01,7.702914773368851886e-02,8.656824047283432355e-01,1.500000000000000000e+00,0.000000000000000000e+00,0.000000000000000000e+00,0.000000000000000000e+00,-1.267665139171572974e+00,-1.267665139171572974e+00,-1.500000000000000000e+00,-0.000000000000000000e+00
3.726777810140271541e-01,8.131863991695554850e-01,2.969655031218909613e-02,1.500000000000000000e+00,0.000000000000000000e+00,0.000000000000000000e+00,0.000000000000000000e+00,-5.590166715210407311e-01,-5.590166715210407311e-01,-1.500000000000000000e+00,-0.000000000000000000e+00
-6.204050326329246801e-02,5.903902041773548826e-01,5.752012462059044040e-01,1.500000000000000000e+00,0.000000000000000000e+00,0.000000000000000000e+00,0.000000000000000000e+00,9.306075489493870201e-02,9.306075489493870201e-02,-1.500000000000000000e+00,0.000000000000000000e+00
1.083771786110833801e+00,2.556338508354545347e+00,6.959744678308554811e-02,1.500000000000000000e+00,0.000000000000000000e+00,0.000000000000000000e+00,0.000000000000000000e+00,-1.625657679166250702e+00,-1.625657679166250702e+00,-1.500000000000000000e+00,-0.000000000000000000e+00
-5.083206906805770586e-02,1.797383114258783277e+00,2.946307519179894863e-01,1.500000000000000000e+00,0.000000000000000000e+00,0.000000000000000000e+00,0.000000000000000000e+00,7.624810360208655879e-02,7.624810360208655879e-02,-1.500000000000000000e+00,0.000000000000000000e+00
1.355856325908338711e+00,1.978961664750653604e+00,5.647047672172241795e-01,1.500000000000000000e+00,0.000000000000000000e+00,0.000000000000000000e+00,0.000000000000000000e+00,-2.033784488862508066e+00,-2.033784488862508066e+00,-1.500000000000000000e+00,-0.000000000000000000e+00
-1.907620670395105966e+00,2.469381342113950994e-01,1.389484990314061585e-01,1.500000000000000000e+00,0.000000000000000000e+00,0.000000000000000000e+00,0.000000000000000000e+00,2.861431005592658838e+00,2.861431005592658838e+00,-1.500000000000000000e+00,0.000000000000000000e+00
-1.066111098275122737e+00,9.258707005105719645e-01,6.942521783281682124e-01,1.500000000000000000e+00,0.000000000000000000e+00,0.000000000000000000e+00,0.000000000000000000e+00,1.599166647412684217e+00,1.599166647412684217e+00,-1.500000000000000000e+00,0.000000000000000000e+00
2.239070844965311835e+00,2.677385963294839577e+00,5.127741728186081538e-01,1.500000000000000000e+00,0.000000000000000000e+00,0.000000000000000000e+00,0.000000000000000000e+00,-3.358606267447967753e+00,-3.358606267447967753e+00,-1.500000000000000000e+00,-0.000000000000000000e+00
-6.286422186253455280e-01,1.839639541725462291e+00,2.236734263718241911e-01,1.500000000000000000e+00,0.000000000000000000e+00,0.000000000000000000e+00,0.000000000000000000e+00,9.429633279380182920e-01,9.429633279380182920e-01,-1.500000000000000000e+00,0.000000000000000000e+00
2.058434999832557288e+00,2.272903555693861488e+00,5.379143718942286378e-01,1.500000000000000000e+00,0.000000000000000000e+00,0.000000000000000000e+00,0.000000000000000000e+00,-3.087652499748835933e+00,-3.087652499748835933e+00,-1.500000000000000000e+00,-0.000000000000000000e+00
2.627734702468616845e+00,1.505293078505717697e+00,4.458474275491844940e-01,1.500000000000000000e+00,0.000000000000000000e+00,0.000000000000000000e+00,0.000000000000000000e+00,-3.941602053702925268e+00,-3.941602053702925268e+00,-1.500000000000000000e+00,-0.000000000000000000e+00
4.708109033950576006e-01,6.158818515430661833e-01,3.365528912511439596e-02,1.500000000000000000e+00,0.000000000000000000e+00,0.000000000000000000e+00,0.000000000000000000e+00,-7.062163550925864008e-01,-7.062163550925864008e-01,-1.500000000000000000e+00,-0.000000000000000000e+00
-2.388816234584731912e+00,2.741884100973540406e+00,7.095018224377407368e-01,1.500000000000000000e+00,0.000000000000000000e+00,0.000000000000000000e+00,0.000000000000000000e+00,3.583224351877097646e+00,3.583224351877097646e+00,-1.500000000000000000e+00,0.000000000000000000e+00
1.541592205341102861e+00,7.916454864748457831e-01,7.146131491630181021e-01,1.500000000000000000e+00,0.000000000000000000e+00,0.000000000000000000e+00,0.000000000000000000e+00,-2.312388308011654292e+00,-2.312388308011654292e+00,-1.500000000000000000e+00,-0.000000000000000000e+00
9.951778826457235994e-01,5.100173219864346796e-01,9.101365822879802225e-01,1.500000000000000000e+00,0.000000000000000000e+00,0.000000000000000000e+00,0.000000000000000000e+00,-1.492766823968585399e+00,-1.492766823968585399e+00,-1.500000000000000000e+00,-0.000000000000000000e+00
-1.255271609405758104e+00,1.946707794918983936e+00,9.415832631272439412e-01,1.500000000000000000e+00,0.000000000000000000e+00,0.000000000000000000e+00,0.000000000000000000e+00,1.882907414108637045e+00,1.882907414108637045e+00,-1.500000000000000000e+00,0.000000000000000000e+00
2.177871940696876507e+00,2.588375645521596713e-01,3.703567348091854061e-01,1.500000000000000000e+00,0.000000000000000000e+00,0.000000000000000000e+00,0.000000000000000000e+00,-3.266807911045314761e+00,-3.266807911045314761e+00,-1.500000000000000000e+00,-0.000000000000000000e+00
-1.036712940014763440e-01,2.293810914938338552e+00,6.431049398730287470e-01,1.500000000000000000e+00,0.000000000000000000e+00,0.000000000000000000e+00,0.000000000000000000e+00,1.555069410022145160e-01,1.555069410022145160e-01,-1.500000000000000000e+00,0.000000000000000000e+00
-2.657996712894830083e+00,2.136206510117417690e+00,6.077607471189957478e-01,1.500000000000000000e+00,0.000000000000000000e+00,0.000000000000000000e+00,0.000000000000000000e+00,3.986995069342245124e+00,3.986995069342245124e+00,-1.500000000000000000e+00,0.000000000000000000e+00
-2.592142878498141734e+00,1.149630282341433496e+00,5.238732040379190380e-02,1.500000000000000000e+00,0.000000000000000000e+00,0.000000000000000000e+00,0.000000000000000000e+00,3.888214317747212601e+00,3.888214317747212601e+00,-1.500000000000000000e+00,0.000000000000000000e+00
-1.630001021386054072e+00,1.545309023499236822e+00,7.238545264214806263e-01,1.500000000000000000e+00,0.000000000000000000e+00,0.000000000000000000e+00,0.000000000000000000e+00,2.445001532079081219e+00,2.445001532079081219e+00,-1.500000000000000000e+00,0.000000000000000000e+00
6.589966384144538836e-01,1.460835400568328613e+00,2.725482688248834773e-01,1.500000000000000000e+00,0.000000000000000000e+00,0.000000000000000000e+00,0.000000000000000000e+00,-9.884949576216808254e-01,-9.884949576216808254e-01,-1.500000000000000000e+00,-0.000000000000000000e+00
1.891077137587606316e+00,2.240371192909679232e-01,4.248628624512982288e-01,1.500000000000000000e+00,0.000000000000000000e+00,0.000000000000000000e+00,0.000000000000000000e+00,-2.836615706381409474e+00,-2.836615706381409474e+00,-1.500000000000000000e+00,-0.000000000000000000e+00
-2.405753214734206669e+00,2.388620397776938242e-01,6.206587421903717594e-01,1.500000000000000000e+00,0.000000000000000000e+00,0.000000000000000000e+00,0.000000000000000000e+00,3.608629822101310225e+00,3.608629822101310225e+00,-1.500000000000000000e+00,0.000000000000000000e+00
-2.866152309017957478e+00,1.057191479258655864e+00,5.044432494081639851e-01,1.500000000000000000e+00,0.000000000000000000e+00,0.000000000000000000e+00,0.000000000000000000e+00,4.299228463526936217e+00,4.299228463526936217e+00,-1.500000000000000000e+00,0.000000000000000000e+00
7.350169726542779003e-01,1.959524108120014319e-02,2.799526961189553464e-01,1.500000000000000000e+00,0.000000000000000000e+00,0.000000000000000000e+00,0.000000000000000000e+00,-1.102525458981416850e+00,-1.102525458981416850e+00,-1.500000000000000000e+00,-0.000000000000000000e+00
-5.432144454579201920e-01,5.566352476188902720e-01,8.731408175730980270e-01,1.500000000000000000e+00,0.000000000000000000e+00,0.000000000000000000e+00,0.000000000000000000e+00,8.148216681868802880e-01,8.148216681868802880e-01,-1.500000000000000000e+00,0.000000000000000000e+00
-3.502257187149986351e-01,1.096727759482859499e+00,9.379629283097667969e-02,1.500000000000000000e+00,0.000000000000000000e+00,0.000000000000000000e+00,0.000000000000000000e+00,5.253385780724979526e-01,5.253385780724979526e-01,-1.500000000000000000e+00,0.000000000000000000e+00
1.924220086858377421e+00,1.881604201692056666e+00,6.027645246564645731e-01,1.500000000000000000e+00,0.000000000000000000e+00,0.000000000000000000e+00,0.000000000000000000e+00,-2.886330130287566131e+00,-2.886330130287566131e+00,-1.500000000000000000e+00,-0.000000000000000000e+00
2.514099176252361900e+00,1.546938953063266009e+00,1.848750041713993486e-01,1.500000000000000000e+00,0.000000000000000000e+00,0.000000000000000000e+00,0.000000000000000000e+00,-3.771148764378542850e+00,-3.771148764378542850e+00,-1.500000000000000000e+00,-0.000000000000000000e+00
2.803439397904442743e+00,5.209465682091923844e-01,9.248271232896805305e-01,1.500000000000000000e+00,0.000000000000000000e+00,0.000000000000000000e+00,0.000000000000000000e+00,-4.205159096856664114e+00,-4.205159096856664114e+00,-1.500000000000000000e+00,-0.000000000000000000e+00
1.674944934866147150e+00,2.278182312092948969e+00,9.364474254588822655e-01,1.500000000000000000e+00,0.000000000000000000e+00,0.000000000000000000e+00,0.000000000000000000e+00,-2.512417402299220726e+00,-2.512417402299220726e+00,-1.500000000000000000e+00,-0.000000000000000000e+00
-2.980411701187370532e+00,2.383231270430448578e+00,7.136562837612944188e-01,1.500000000000000000e+00,0.000000000000000000e+00,0.000000000000000000e+00,0.000000000000000000e+00,4.470617551781055354e+00,4.470617551781055354e+00,-1.500000000000000000e+00,0.000000000000000000e+00
-2.096963030237041892e+00,1.988359482628256014e+00,8.841544984175764288e-01,1.500000000000000000e+00,0.000000000000000000e+00,0.000000000000000000e+00,0.000000000000000000e+00,3.145444545355562838e+00,3.145444545355562838e+00,-1.500000000000000000e+00,0.000000000000000000e+00
5.236508910479860113e-01,2.063802680410707246e+00,7.663751412523895912e-01,1.500000000000000000e+00,0.000000000000000000e+00,0.000000000000000000e+00,0.000000000000000000e+00,-7.854763365719790169e-01,-7.854763365719790169e-01,-1.500000000000000000e+00,-0.000000000000000000e+00
2.731711470751982063e+00,7.603568676814640437e-01,6.540966938426273636e-01,1.500000000000000000e+00,0.000000000000000000e+00,0.000000000000000000e+00,0.000000000000000000e+00,-4.097567206127973094e+00,-4.097567206127973094e+00,-1.500000000000000000e+00,-0.000000000000000000e+00
-2.511320244991628314e+00,2.514937620147535302e+00,7.475280698466296725e-01,1.500000000000000000e+00,0.000000000000000000e+00,0.000000000000000000e+00,0.000000000000000000e+00,3.766980367487442471e+00,3.766980367487442471e+00,-1.500000000000000000e+00,0.000000000000000000e+00
8.961141513860848562e-02,1.755281163780610276e+00,9.107595594470888622e-01,1.500000000000000000e+00,0.000000000000000000e+00,0.000000000000000000e+00,0.000000000000000000e+00,-1.344171227079127284e-01,-1.344171227079127284e-01,-1.500000000000000000e+00,-0.000000000000000000e+00
-6.211464608347809779e-01,5.324027817579110033e-01,2.168701704746809344e-01,1.500000000000000000e+00,0.000000000000000000e+00,0.000000000000000000e+00,0.000000000000000000e+00,9.317196912521714669e-01,9.317196912521714669e-01,-1.500000000000000000e+00,0.000000000000000000e+00
-5.590070309562680251e-01,2.053049768428754973e+00,7.292859138325380464e-01,1.500000000000000000e+00,0.000000000000000000e+00,0.000000000000000000e+00,0.000000000000000000e+00,8.385105464344020376e-01,8.385105464344020376e-01,-1.500000000000000000e+00,0.000000000000000000e+00
-1.388655292292971799e+00,1.882195947123342261e+00,1.793608292190553843e-01,1.500000000000000000e+00,0.000000000000000000e+00,0.000000000000000000e+00,0.000000000000000000e+00,2.082982938439457588e+00,2.082982938439457588e+00,-1.500000000000000000e+00,0.000000000000000000e+00
-1.375463091681071948e+00,1.706024128424839414e+00,4.609208608532119333e-01,1.500000000000000000e+00,0.000000000000000000e+00,0.000000000000000000e+00,0.000000000000000000e+00,2.063194637521608144e+00,2.063194637521608144e+00,-1.500000000000000000e+00,0.000000000000000000e+00
-1.569814888492028215e+00,1.412945727805305918e+00,3.398407002224536066e-01,1.500000000000000000e+00,0.000000000000000000e+00,0.000000000000000000e+00,0.000000000000000000e+00,2.354722332738042212e+00,2.354722332738042212e+00,-1.500000000000000000e+00,0.000000000000000000e+00
-2.381033476276125604e+00,2.300569208850462566e+00,6.338197116335042569e-01,1.500000000000000000e+00,0.000000000000000000e+00,0.000000000000000000e+00,0.000000000000000000e+00,3.571550214414188407e+00,3.571550214414188407e+00,-1.500000000000000000e+00,0.000000000000000000e+00
3.244208851193914889e-01,2.190015409368410548e+00,6.389742272038744231e-01,1.500000000000000000e+00,0.000000000000000000e+00,0.000000000000000000e+00,0.000000000000000000e+00,-4.866313276790872333e-01,-4.866313276790872333e-01,-1.500000000000000000e+00,-0.000000000000000000e+00
-3.243143589989365694e-01,1.767169292072910070e+00,9.023467740231048140e-01,1.500000000000000000e+00,0.000000000000000000e+00,0.000000000000000000e+00,0.000000000000000000e+00,4.864715384984048541e-01,4.864715384984048541e-01,-1.500000000000000000e+00,0.000000000000000000e+00
1.277610926881551201e+00,2.012044159393440168e-01,8.397396303940038997e-01,1.500000000000000000e+00,0.000000000000000000e+00,0.000000000000000000e+00,0.000000000000000000e+00,-1.916416390322326802e+00,-1.916416390322326802e+00,-1.500000000000000000e+00,-0.000000000000000000e+00
8.396171775696315009e-01,6.958752527492706452e-01,6.514516133497272321e-02,1.500000000000000000e+00,0.000000000000000000e+00,0.000000000000000000e+00,0.000000000000000000e+00,-1.259425766354447251e+00,-1.259425766354447251e+00,-1.500000000000000000e+00,-0.000000000000000000e+00
2.716788523680394363e+00,2.936654264777041057e+00,1.731806719192167110e-01,1.500000000000000000e+00,0.000000000000000000e+00,0.000000000000000000e+00,0.000000000000000000e+00,-4.075182785520591544e+00,-4.075182785520591544e+00,-1.500000000000000000e+00,-0.000000000000000000e+00
-9.622833446848861882e-01,1.207444879597087350e+00,4.474749347431616897e-02,1.500000000000000000e+00,0.000000000000000000e+00,0.000000000000000000e+00,0.000000000000000000e+00,1.443425017027329282e+00,1.443425017027329282e+00,-1.500000000000000000e+00,0.000000000000000000e+00
2.294946442896852901e+00,1.898802593008751094e+00,7.104087803251996069e-01,1.500000000000000000e+00,0.000000000000000000e+00,0.000000000000000000e+00,0.000000000000000000e+00,-3.442419664345279351e+00,-3.442419664345279351e+00,-1.500000000000000000e+00,-0.000000000000000000e+00
-6.913877134208830100e-01,3.947932949035564132e-01,3.462491404416593310e-01,1.500000000000000000e+00,0.000000000000000000e+00,0.000000000000000000e+00,0.000000000000000000e+00,1.037081570131324515e+00,1.037081570131324515e+00,-1.500000000000000000e+00,0.000000000000000000e+00
9.641244326351072758e-01,1.714093795419081800e+00,9.750370201775279133e-01,1.500000000000000000e+00,0.000000000000000000e+00,0.000000000000000000e+00,0.000000000000000000e+00,-1.446186648952660914e+00,-1.446186648952660914e+00,-1.500000000000000000e+00,-0.000000000000000000e+00
1.829870907151734727e+00,1.826268155621227463e+00,2.143152486469173112e-01,1.500000000000000000e+00,0.000000000000000000e+00,0.000000000000000000e+00,0.000000000000000000e+00,-2.744806360727602090e+00,-2.744806360727602090e+00,-1.500000000000000000e+00,-0.000000000000000000e+00
-6.193220900126350514e-01,2.286276895983963442e+00,9.564829674021045891e-01,1.500000000000000000e+00,0.000000000000000000e+00,0.000000000000000000e+00,0.000000000000000000e+00,9.289831350189525772e-01,9.289831350189525772e-01,-1.500000000000000000e+00,0.000000000000000000e+00
-3.230535183098028895e-01,2.906762954002850563e+00,7.565301116388316593e-01,1.500000000000000000e+00,0.000000000000000000e+00,0.000000000000000000e+00,0.000000000000000000e+00,4.845802774647043343e-01,4.845802774647043343e-01,-1.500000000000000000e+00,0.000000000000000000e+00
7.875141234430076409e-01,1.368051155589659285e+00,7.622053152294079315e-01,1.500000000000000000e+00,0.000000000000000000e+00,0.000000000000000000e+00,0.000000000000000000e+00,-1.181271185164511461e+00,-1.181271185164511461e+00,-1.500000000000000000e+00,-0.000000000000000000e+00
-2.335313233941131550e+00,9.380440201690322111e-01,6.076090854403614072e-01,1.500000000000000000e+00,0.000000000000000000e+00,0.000000000000000000e+00,0.000000000000000000e+00,3.502969850911697325e+00,3.502969850911697325e+00,-1.500000000000000000e+00,0.000000000000000000e+00
1.905650275514423342e-01,4.792672414997534158e-01,8.847076533918728503e-01,1.500000000000000000e+00,0.000000000000000000e+00,0.000000000000000000e+00,0.000000000000000000e+00,-2.858475413271635013e-01,-2.858475413271635013e-01,-1.500000000000000000e+00,-0.000000000000000000e+00
-2.430352009038874606e+00,1.002839594072737484e+00,2.343282896405977089e-01,1.500000000000000000e+00,0.000000000000000000e+00,0.000000000000000000e+00,0.000000000000000000e+00,3.645528013558311908e+00,3.645528013558311908e+00,-1.500000000000000000e+00,0.000000000000000000e+00
-1.650779943382653769e+00,1.330295067251975549e+00,8.689321034062050808e-01,1.500000000000000000e+00,0.000000000000000000e+00,0.000000000000000000e+00,0.000000000000000000e+00,2.476169915073980654e+00,2.476169915073980654e+00,-1.500000000000000000e+00,0.000000000000000000e+00
7.383486466406736781e-01,2.892683716871521149e+00,8.808676102556096676e-01,1.500000000000000000e+00,0.000000000000000000e+00,0.000000000000000000e+00,0.000000000000000000e+00,-1.107522969961010517e+00,-1.107522969961010517e+00,-1.500000000000000000e+00,-0.000000000000000000e+00
2.832985033512768425e+00,1.533724494462179067e+00,6.064361197442149631e-01,1.500000000000000000e+00,0.000000000000000000e+00,0.000000000000000000e+00,0.000000000000000000e+00,-4.249477550269152637e+00,-4.249477550269152637e+00,-1.500000000000000000e+00,-0.000000000000000000e+00
2.996171713988728946e+00,2.025118404704481012e+00,6.613416166584822342e-01,1.500000000000000000e+00,0.000000000000000000e+00,0.000000000000000000e+00,0.000000000000000000e+00,-4.494257570983092975e+00,-4.494257570983092975e+00,-1.500000000000000000e+00,-0.000000000000000000e+00
-1.435881453522607876e+00,2.200675274545325522e+00,2.288046620712327339e-01,1.500000000000000000e+00,0.000000000000000000e+00,0.000000000000000000e+00,0.000000000000000000e+00,2.153822180283911703e+00,2.153822180283911703e+00,-1.500000000000000000e+00,0.000000000000000000e+00
-2.122091702593158935e+00,4.098956707459688875e-02,4.913192955298132381e-01,1.500000000000000000e+00,0.000000000000000000e+00,0.000000000000000000e+00,0.000000000000000000e+00,3.183137553889738403e+00,3.183137553889738403e+00,-1.500000000000000000e+00,0.000000000000000000e+00
1.115360180244953092e-01,6.988333859624652478e-01,5.868841710246130994e-01,1.500000000000000000e+00,0.000000000000000000e+00,0.000000000000000000e+00,0.000000000000000000e+00,-1.673040270367429638e-01,-1.673040270367429638e-01,-1.500000000000000000e+00,-0.000000000000000000e+00
-3.517508415971324354e-01,1.620907462757990025e+00,3.161360476816421627e-01,1.500000000000000000e+00,0.000000000000000000e+00,0.000000000000000000e+00,0.000000000000000000e+00,5.276262623956986531e-01,5.276262623956986531e-01,-1.500000000000000000e+00,0.000000000000000000e+00
-7.233932531898821239e-01,1.719572894588768941e-01,4.226038970774970149e-02,1.500000000000000000e+00,0.000000000000000000e+00,0.000000000000000000e+00,0.000000000000000000e+00,1.085089879784823186e+00,1.085089879784823186e+00,-1.500000000000000000e+00,0.000000000000000000e+00
1.610822914331047073e+00,4.519831437590567935e-01,9.496040121390345590e-01,1.500000000000000000e+00,0.000000000000000000e+00,0.000000000000000000e+00,0.000000000000000000e+00,-2.416234371496570610e+00,-2.416234371496570610e+00,-1.500000000000000000e+00,-0.000000000000000000e+00
1.258135100560558328e+00,2.257705317175051629e+00,8.059493309304373021e-01,1.500000000000000000e+00,0.000000000000000000e+00,0.000000000000000000e+00,0.000000000000000000e+00,-1.887202650840837492e+00,-1.887202650840837492e+00,-1.500000000000000000e+00,-0.000000000000000000e+00
3.709574379714455361e-01,2.022254379177174322e+00,3.651591218956025120e-01,1.500000000000000000e+00,0.000000000000000000e+00,0.000000000000000000e+00,0.000000000000000000e+00,-5.564361569571683042e-01,-5.564361569571683042e-01,-1.500000000000000000e+00,-0.000000000000000000e+00
7.287550499737873722e-01,4.156769637620076896e-01,5.320946855218414706e-01,1.500000000000000000e+00,0.000000000000000000e+00,0.000000000000000000e+00,0.000000000000000000e+00,-1.093132574960681058e+00,-1.093132574960681058e+00,-1.500000000000000000e+00,-0.000000000000000000e+00
4.911257849436623246e-01,3.538929632063165798e-01,5.910958707429042613e-01,1.500000000000000000e+00,0.000000000000000000e+00,0.000000000000000000e+00,0.000000000000000000e+00,-7.366886774154934869e-01,-7.366886774154934869e-01,-1.500000000000000000e+00,-0.000000000000000000e+00
1.061247011929783213e+00,2.529830664303973631e+00,9.579598697886609893e-01,1.500000000000000000e+00,0.000000000000000000e+00,0.000000000000000000e+00,0.000000000000000000e+00,-1.591870517894674819e+00,-1.591870517894674819e+00,-1.500000000000000000e+00,-0.000000000000000000e+00
2.566840732175520223e+00,1.417229077387474057e+00,5.584446696656776288e-01,1.500000000000000000e+00,0.000000000000000000e+00,0.000000000000000000e+00,0.000000000000000000e+00,-3.850261098263280335e+00,-3.850261098263280335e+00,-1.500000000000000000e+00,-0.000000000000000000e+00
2.680009873255473352e+00,9.483338522636510781e-01,7.235300977208510842e-01,1.500000000000000000e+00,0.000000000000000000e+00,0.000000000000000000e+00,0.000000000000000000e+00,-4.020014809883210027e+00,-4.020014809883210027e+00,-1.500000000000000000e+00,-0.000000000000000000e+00
2.876972740389940775e+00,2.157648436815220450e+00,8.031490681691169087e-01,1.500000000000000000e+00,0.000000000000000000e+00,0.000000000000000000e+00,0.000000000000000000e+00,-4.315459110584910718e+00,-4.315459110584910718e+00,-1.500000000000000000e+00,-0.000000000000000000e+00
2.158317168145611475e+00,2.006980104282019894e+00,1.004985907935623812e-01,1.500000000000000000e+00,0.000000000000000000e+00,0.000000000000000000e+00,0.000000000000000000e+00,-3.237475752218417213e+00,-3.237475752218417213e+00,-1.500000000000000000e+00,-0.000000000000000000e+00
-2.371548428152619792e+00,2.982835899013389191e+00,5.818434843657178668e-01,1.500000000000000000e+00,0.000000000000000000e+00,0.000000000000000000e+00,0.000000000000000000e+00,3.557322642228929688e+00,3.557322642228929688e+00,-1.500000000000000000e+00,0.000000000000000000e+00
-2.899621918875450177e-01,3.104814720915193282e-01,9.299525309090619363e-01,1.500000000000000000e+00,0.000000000000000000e+00,0.000000000000000000e+00,0.000000000000000000e+00,4.349432878313175266e-01,4.349432878313175266e-01,-1.500000000000000000e+00,0.000000000000000000e+00
1.689489587243832247e+00,2.305553291924823611e+00,8.239895988241765501e-01,1.500000000000000000e+00,0.000000000000000000e+00,0.000000000000000000e+00,0.000000000000000000e+00,-2.534234380865748371e+00,-2.534234380865748371e+00,-1.500000000000000000e+00,-0.000000000000000000e+00
-1.234000040368116835e+00,1.380427196017629088e+00,9.219431710406181812e-01,1.500000000000000000e+00,0.000000000000000000e+00,0.000000000000000000e+00,0.000000000000000000e+00,1.851000060552175253e+00,1.851000060552175253e+00,-1.500000000000000000e+00,0.000000000000000000e+00
6.403400473429918804e-01,7.442965406982092746e-01,1.622974785996486036e-01,1.500000000000000000e+00,0.000000000000000000e+00,0.000000000000000000e+00,0.000000000000000000e+00,-9.605100710144878207e-01,-9.605100710144878207e-01,-1.500000000000000000e+00,-0.000000000000000000e+00
-2.668553965816310214e+00,1.495141277658866841e+00,7.776559338860797865e-01,1.500000000000000000e+00,0.000000000000000000e+00,0.000000000000000000e+00,0.000000000000000000e+00,4.002830948724465543e+00,4.002830948724465543e+00,-1.500000000000000000e+00,0.000000000000000000e+00
-1.778198941824546742e+00,6.139259423307519281e-02,2.790132711814764521e-01,1.500000000000000000e+00,0.000000000000000000e+00,0.000000000000000000e+00,0.000000000000000000e+00,2.667298412736820001e+00,2.667298412736820001e+00,-1.500000000000000000e+00,0.000000000000000000e+00
-5.986773243683676249e-01,3.737059787131267186e-01,8.758294094540732821e-01,1.500000000000000000e+00,0.000000000000000000e+00,0.000000000000000000e+00,0.000000000000000000e+00,8.980159865525514373e-01,8.980159865525514373e-01,-1.500000000000000000e+00,0.000000000000000000e+00
-2.578839974391967438e+00,3.264143836277482169e-01,7.842873323004312391e-01,1.500000000000000000e+00,0.000000000000000000e+00,0.000000000000000000e+00,0.000000000000000000e+00,3.868259961587951157e+00,3.868259961587951157e+00,-1.500000000000000000e+00,0.000000000000000000e+00
-4.540351723840743148e-01,2.076804603161881424e+00,3.750201741777662301e-01,1.500000000000000000e+00,0.000000000000000000e+00,0.000000000000000000e+00,0.000000000000000000e+00,6.810527585761114722e-01,6.810527585761114722e-01,-1.500000000000000000e+00,0.000000000000000000e+00
-1.619332212625413936e+00,2.125080168335019781e+00,5.793258607664678594e-01,1.500000000000000000e+00,0.000000000000000000e+00,0.000000000000000000e+00,0.000000000000000000e+00,2.428998318938120793e+00,2.428998318938120793e+00,-1.500000000000000000e+00,0.000000000000000000e+00
2.170647949695664991e+00,7.312780630480644195e-01,4.694495248240971863e-01,1.500000000000000000e+00,0.000000000000000000e+00,0.000000000000000000e+00,0.000000000000000000e+00,-3.255971924543497487e+00,-3.255971924543497487e+00,-1.500000000000000000e+00,-0.000000000000000000e+00
-1.087128233012851108e+00,9.216171133403392446e-01,9.413664626293334337e-01,1.500000000000000000e+00,0.000000000000000000e+00,0.000000000000000000e+00,0.000000000000000000e+00,1.630692349519276663e+00,1.630692349519276663e+00,-1.500000000000000000e+00,0.000000000000000000e+00
-7.156443479391767504e-01,2.317863666035940184e+00,5.538610867315613140e-01,1.500000000000000000e+00,0.000000000000000000e+00,0.000000000000000000e+00,0.000000000000000000e+00,1.073466521908765126e+00,1.073466521908765126e+00,-1.500000000000000000e+00,0.000000000000000000e+00
1.812175907616101256e+00,1.162928484953355213e+00,7.754910012182447687e-02,1.500000000000000000e+00,0.000000000000000000e+00,0.000000000000000000e+00,0.000000000000000000e+00,-2.718263861424151884e+00,-2.718263861424151884e+00,-1.500000000000000000e+00,-0.000000000000000000e+00
3.580076867890369385e-01,1.045658340278132759e+00,5.354445655315777097e-01,1.500000000000000000e+00,0.000000000000000000e+00,0.000000000000000000e+00,0.000000000000000000e+00,-5.370115301835554078e-01,-5.370115301835554078e-01,-1.500000000000000000e+00,-0.000000000000000000e+00
-2.699477826821765625e+00,2.836632902359307096e+00,1.920147128363980382e-02,1.500000000000000000e+00,0.000000000000000000e+00,0.000000000000000000e+00,0.000000000000000000e+00,4.049216740232647993e+00,4.049216740232647993e+00,-1.500000000000000000e+00,0.000000000000000000e+00
-1.694535855843766647e+00,1.632955993137998441e+00,1.360401760298799445e-01,1.500000000000000000e+00,0.000000000000000000e+00,0.000000000000000000e+00,0.000000000000000000e+00,2.541803783765649971e+00,2.541803783765649971e+00,-1.500000000000000000e+00,0.000000000000000000e+00
6.652306854107910006e-01,1.614580210631299639e+00,4.908596302454933946e-01,1.500000000000000000e+00,0.000000000000000000e+00,0.000000000000000000e+00,0.000000000000000000e+00,-9.978460281161865009e-01,-9.978460281161865009e-01,-1.500000000000000000e+00,-0.000000000000000000e+00
-1.803812530333755104e+00,1.831681622913736263e+00,4.614685795413001612e-01,1.500000000000000000e+00,0.000000000000000000e+00,0.000000000000000000e+00,0.000000000000000000e+00,2.705718795500632545e+00,2.705718795500632545e+00,-1.500000000000000000e+00,0.000000000000000000e+00
-1.510125258362965406e+00,1.236653351817131874e-01,6.897821072795162767e-02,1.500000000000000000e+00,0.000000000000000000e+00,0.000000000000000000e+00,0.000000000000000000e+00,2.265187887544448220e+00,2.265187887544448220e+00,-1.500000000000000000e+00,0.000000000000000000e+00
7.376072861465594599e-01,1.197069158220531282e+00,3.405234776116998763e-01,1.500000000000000000e+00,0.000000000000000000e+00,0.000000000000000000e+00,0.000000000000000000e+00,-1.106410929219839190e+00,-1.106410929219839190e+00,-1.500000000000000000e+00,-0.000000000000000000e+00
-3.248902996050340164e-02,2.365947609500601345e+00,2.870294837644011832e-01,1.500000000000000000e+00,0.000000000000000000e+00,0.000000000000000000e+00,0.000000000000000000e+00,4.873354494075510246e-02,4.873354494075510246e-02,-1.500000000000000000e+00,0.000000000000000000e+00
-1.385393603450795652e+00,1.953694116807051628e+00,2.866878279592854906e-01,1.500000000000000000e+00,0.000000000000000000e+00,0.000000000000000000e+00,0.000000000000000000e+00,2.078090405176193478e+00,2.078090405176193478e+00,-1.500000000000000000e+00,0.000000000000000000e+00
3.551983744756759265e-01,2.670194094454173772e+00,4.430403928662961510e-01,1.500000000000000000e+00,0.000000000000000000e+00,0.000000000000000000e+00,0.000000000000000000e+00,-5.327975617135138897e-01,-5.327975617135138897e-01,-1.500000000000000000e+00,-0.000000000000000000e+00
8.024873218635808492e-01,9.314401639426936885e-01,3.455603594877698637e-02,1.500000000000000000e+00,0.000000000000000000e+00,0.000000000000000000e+00,0.000000000000000000e+00,-1.203730982795371274e+00,-1.203730982795371274e+00,-1.500000000000000000e+00,-0.000000000000000000e+00
-2.763765225014097826e+00,1.426721206986309554e+00,3.262260195650734662e-02,1.500000000000000000e+00,0.000000000000000000e+00,0.000000000000000000e+00,0.000000000000000000e+00,4.145647837521146961e+00,4.145647837521146961e+00,-1.500000000000000000e+00,0.000000000000000000e+00
-1.356918648591349585e+00,7.041875138859023942e-01,2.350167707721708688e-01,1.500000000000000000e+00,0.000000000000000000e+00,0.000000000000000000e+00,0.000000000000000000e+00,2.035377972887024267e+00,2.035377972887024267e+00,-1.500000000000000000e+00,0.000000000000000000e+00
-1.153737198402041475e+00,5.563333539591499566e-01,7.163239898946163198e-01,1.500000000000000000e+00,0.000000000000000000e+00,0.000000000000000000e+00,0.000000000000000000e+00,1.730605797603062213e+00,1.730605797603062213e+00,-1.500000000000000000e+00,0.000000000000000000e+00
2.272325461404885338e+00,2.731632364271162627e-01,9.366952581967835645e-01,1.500000000000000000e+00,0.000000000000000000e+00,0.000000000000000000e+00,0.000000000000000000e+00,-3.408488192107328008e+00,-3.408488192107328008e+00,-1.500000000000000000e+00,-0.000000000000000000e+00
-2.692058069970409306e+00,5.965983370448096901e-01,7.552649079114013286e-01,1.500000000000000000e+00,0.000000000000000000e+00,0.000000000000000000e+00,0.000000000000000000e+00,4.038087104955613960e+00,4.038087104955613960e+00,-1.500000000000000000e+00,0.000000000000000000e+00
-9.171947821473631635e-01,4.916379319050241392e-01,7.679804821753200006e-02,1.500000000000000000e+00,0.000000000000000000e+00,0.000000000000000000e+00,0.000000000000000000e+00,1.375792173221044745e+00,1.375792173221044745e+00,-1.500000000000000000e+00,0.000000000000000000e+00
-1.832698096506624408e+00,1.317063880826963462e+00,8.249175084986958284e-01,1.500000000000000000e+00,0.000000000000000000e+00,0.000000000000000000e+00,0.000000000000000000e+00,2.749047144759936501e+00,2.749047144759936501e+00,-1.500000000000000000e+00,0.000000000000000000e+00
1.170842954784156120e+00,1.233055660715195678e+00,8.197042817630967315e-01,1.500000000000000000e+00,0.000000000000000000e+00,0.000000000000000000e+00,0.000000000000000000e+00,-1.756264432176234180e+00,-1.756264432176234180e+00,-1.500000000000000000e+00,-0.000000000000000000e+00
1.867405240807417321e+00,2.292274330184912223e+00,8.441283673037948132e-01,1.500000000000000000e+00,0.000000000000000000e+00,0.000000000000000000e+00,0.000000000000000000e+00,-2.801107861211125982e+00,-2.801107861211125982e+00,-1.500000000000000000e+00,-0.000000000000000000e+00
-2.655376647094612963e+00,2.334608132350898480e+00,7.272719041279263053e-01,1.500000000000000000e+00,0.000000000000000000e+00,0.000000000000000000e+00,0.000000000000000000e+00,3.983064970641919444e+00,3.983064970641919444e+00,-1.500000000000000000e+00,0.000000000000000000e+00
2.179811638392274986e+00,1.622329486727688508e+00,2.609875027470566211e-01,1.500000000000000000e+00,0.000000000000000000e+00,0.000000000000000000e+00,0.000000000000000000e+00,-3.269717457588412479e+00,-3.269717457588412479e+00,-1.500000000000000000e+00,-0.000000000000000000e+00
1.175762678460276156e+00,1.969960480000307435e+00,4.949924120955480067e-01,1.500000000000000000e+00,0.000000000000000000e+00,0.000000000000000000e+00,0.000000000000000000e+00,-1.763644017690414234e+00,-1.763644017690414234e+00,-1.500000000000000000e+00,-0.000000000000000000e+00
-1.698126935906339563e+00,1.405175574749419676e+00,4.400066334824312975e-01,1.500000000000000000e+00,0.000000000000000000e+00,0.000000000000000000e+00,0.000000000000000000e+00,2.547190403859509455e+00,2.547190403859509455e+00,-1.500000000000000000e+00,0.000000000000000000e+00
2.494996497042325956e+00,9.309633957543091975e-01,3.480157091302871208e-02,1.500000000000000000e+00,0.000000000000000000e+00,0.000000000000000000e+00,0.000000000000000000e+00,-3.742494745563488934e+00,-3.742494745563488934e+00,-1.500000000000000000e+00,-0.000000000000000000e+00
-1.241746079771897993e+00,1.510635384732675668e+00,5.405264241822995697e-01,1.500000000000000000e+00,0.000000000000000000e+00,0.000000000000000000e+00,0.000000000000000000e+00,1.862619119657846989e+00,1.862619119657846989e+00,-1.500000000000000000e+00,0.000000000000000000e+00
1.730790639809864473e+00,1.892976277339821767e+00,2.648246177283806180e-01,1.500000000000000000e+00,0.000000000000000000e+00,0.000000000000000000e+00,0.000000000000000000e+00,-2.596185959714796709e+00,-2.596185959714796709e+00,-1.500000000000000000e+00,-0.000000000000000000e+00
-2.550242312531302957e+00,2.864680111407062135e+00,9.524483084384752773e-01,1.500000000000000000e+00,0.000000000000000000e+00,0.000000000000000000e+00,0.000000000000000000e+00,3.825363468796954436e+00,3.825363468796954436e+00,-1.500000000000000000e+00,0.000000000000000000e+00
-2.637061952763182227e-01,2.449747157414177146e+00,6.664682793464105082e-01,1.500000000000000000e+00,0.000000000000000000e+00,0.000000000000000000e+00,0.000000000000000000e+00,3.955592929144773340e-01,3.955592929144773340e-01,-1.500000000000000000e+00,0.000000000000000000e+00
3.453166093052351115e-02,1.997486165064032981e-01,8.097865383517480753e-01,1.500000000000000000e+00,0.000000000000000000e+00,0.000000000000000000e+00,0.000000000000000000e+00,-5.179749139578526673e-02,-5.179749139578526673e-02,-1.500000000000000000e+00,-0.000000000000000000e+00
2.379513924270888481e+00,1.920153261794031563e+00,3.238486223171987977e-02,1.500000000000000000e+00,0.000000000000000000e+00,0.000000000000000000e+00,0.000000000000000000e+00,-3.569270886406332721e+00,-3.569270886406332721e+00,-1.500000000000000000e+00,-0.000000000000000000e+00
2.019153853094922013e+00,2.727191836764896182e-01,7.120131476970148476e-01,1.500000000000000000e+00,0.000000000000000000e+00,0.000000000000000000e+00,0.000000000000000000e+00,-3.028730779642383020e+00,-3.028730779642383020e+00,-1.500000000000000000e+00,-0.000000000000000000e+00
2.783055025703626839e-01,1.866376289413226308e+00,8.030181119691579550e-01,1.500000000000000000e+00,0.000000000000000000e+00,0.000000000000000000e+00,0.000000000000000000e+00,-4.174582538555440259e-01,-4.174582538555440259e-01,-1.500000000000000000e+00,-0.000000000000000000e+00
-2.690783475145714476e+00,2.547898835604899492e+00,4.615706801539259940e-01,1.500000000000000000e+00,0.000000000000000000e+00,0.000000000000000000e+00,0.000000000000000000e+00,4.036175212718571714e+00,4.036175212718571714e+00,-1.500000000000000000e+00,0.000000000000000000e+00
-4.201347868930844776e-01,2.097549101493198176e+00,2.524076703323088200e-01,1.500000000000000000e+00,0.000000000000000000e+00,0.000000000000000000e+00,0.000000000000000000e+00,6.302021803396267163e-01,6.302021803396267163e-01,-1.500000000000000000e+00,0.000000000000000000e+00
-7.482441987764363311e-01,3.583635798958786367e-01,4.868464033641584088e-01,1.500000000000000000e+00,0.000000000000000000e+00,0.000000000000000000e+00,0.000000000000000000e+00,1.122366298164654497e+00,1.122366298164654497e+00,-1.500000000000000000e+00,0.000000000000000000e+00
2.972966505470247434e+00,1.271202332041405647e+00,5.500406529553910628e-01,1.500000000000000000e+00,0.000000000000000000e+00,0.000000000000000000e+00,0.000000000000000000e+00,-4.459449758205371594e+00,-4.459449758205371594e+00,-1.500000000000000000e+00,-0.000000000000000000e+00
1.084313465408119903e+00,5.853809419338422693e-01,4.338482147563961222e-01,1.500000000000000000e+00,0.000000000000000000e+00,0.000000000000000000e+00,0.000000000000000000e+00,-1.626470198112179855e+00,-1.626470198112179855e+00,-1.500000000000000000e+00,-0.000000000000000000e+00
-5.696637168529949946e-01,1.982036536220088907e+00,3.181972131815690163e-01,1.500000000000000000e+00,0.000000000000000000e+00,0.000000000000000000e+00,0.000000000000000000e+00,8.544955752794924919e-01,8.544955752794924919e-01,-1.500000000000000000e+00,0.000000000000000000e+00
-8.111034197878650431e-01,2.131707254835192966e+00,6.686968988498107613e-01,1.500000000000000000e+00,0.000000000000000000e+00,0.000000000000000000e+00,0.000000000000000000e+00,1.216655129681797565e+00,1.216655129681797565e+00,-1.500000000000000000e+00,0.000000000000000000e+00
1.605476073556195260e+00,2.210662048825984716e+00,8.916687954887920764e-01,1.500000000000000000e+00,0.000000000000000000e+00,0.000000000000000000e+00,0.000000000000000000e+00,-2.408214110334292890e+00,-2.408214110334292890e+00,-1.500000000000000000e+00,-0.000000000000000000e+00
-2.425321344897501508e+00,1.069101437262749643e+00,2.684180568658397492e-01,1.500000000000000000e+00,0.000000000000000000e+00,0.000000000000000000e+00,0.000000000000000000e+00,3.637982017346252483e+00,3.637982017346252483e+00,-1.500000000000000000e+00,0.000000000000000000e+00
1.902106903219556777e+00,1.793848935923901156e+00,8.824616853079921830e-01,1.500000000000000000e+00,0.000000000000000000e+00,0.000000000000000000e+00,0.000000000000000000e+00,-2.853160354829335166e+00,-2.853160354829335166e+00,-1.500000000000000000e+00,-0.000000000000000000e+00
1.025403227372956749e+00,6.243779028752635130e-01,5.491933493386325082e-02,1.500000000000000000e+00,0.000000000000000000e+00,0.000000000000000000e+00,0.000000000000000000e+00,-1.538104841059435124e+00,-1.538104841059435124e+00,-1.500000000000000000e+00,-0.000000000000000000e+00
-3.882113293751672245e-01,2.789590996490732167e+00,6.879560531544558488e-01,1.500000000000000000e+00,0.000000000000000000e+00,0.000000000000000000e+00,0.000000000000000000e+00,5.823169940627508367e-01,5.823169940627508367e-01,-1.500000000000000000e+00,0.000000000000000000e+00
1.261983219586450211e+00,2.814885358585859088e+00,3.443933173950994853e-01,1.500000000000000000e+00,0.000000000000000000e+00,0.000000000000000000e+00,0.000000000000000000e+00,-1.892974829379675317e+00,-1.892974829379675317e+00,-1.500000000000000000e+00,-0.000000000000000000e+00
-6.131132414155873178e-01,9.107202064805197672e-02,5.247839306371847590e-01,1.500000000000000000e+00,0.000000000000000000e+00,0.000000000000000000e+00,0.000000000000000000e+00,9.196698621233809767e-01,9.196698621233809767e-01,-1.500000000000000000e+00,0.000000000000000000e+00
-2.140963109171572398e+00,1.691221422513093930e+00,3.546595188022225731e-01,1.500000000000000000e+00,0.000000000000000000e+00,0.000000000000000000e+00,0.000000000000000000e+00,3.211444663757358597e+00,3.211444663757358597e+00,-1.500000000000000000e+00,0.000000000000000000e+00
-4.983605095619463299e-01,2.154040771273519006e+00,8.047805078462144657e-02,1.500000000000000000e+00,0.000000000000000000e+00,0.000000000000000000e+00,0.000000000000000000e+00,7.475407643429194948e-01,7.475407643429194948e-01,-1.500000000000000000e+00,0.000000000000000000e+00
-2.691799421674102355e+00,6.928356125954598932e-01,1.661129643792129684e-01,1.500000000000000000e+00,0.000000000000000000e+00,0.000000000000000000e+00,0.000000000000000000e+00,4.037699132511153977e+00,4.037699132511153977e+00,-1.500000000000000000e+00,0.000000000000000000e+00
-2.477310804869994332e+00,9.925179915268322883e-02,9.869293407476769087e-01,1.500000000000000000e+00,0.000000000000000000e+00,0.000000000000000000e+00,0.000000000000000000e+00,3.715966207304991720e+00,3.715966207304991720e+00,-1.500000000000000000e+00,0.000000000000000000e+00
-3.658909467380917491e-01,6.314379851072859928e-03,4.160297722640380336e-01,1.500000000000000000e+00,0.000000000000000000e+00,0.000000000000000000e+00,0.000000000000000000e+00,5.488364201071376236e-01,5.488364201071376236e-01,-1.500000000000000000e+00,0.000000000000000000e+00
1.950446943363122188e+00,2.120566105408254298e+00,9.502402365443037846e-01,1.500000000000000000e+00,0.000000000000000000e+00,0.000000000000000000e+00,0.000000000000000000e+00,-2.925670415044683281e+00,-2.925670415044683281e+00,-1.500000000000000000e+00,-0.000000000000000000e+00
-1.777970570465567945e+00,3.675051329189993332e-02,5.196865268573421792e-01,1.500000000000000000e+00,0.000000000000000000e+00,0.000000000000000000e+00,0.000000000000000000e+00,2.666955855698351918e+00,2.666955855698351918e+00,-1.500000000000000000e+00,0.000000000000000000e+00
4.900489991678469437e-03,1.159137149016116863e+00,8.989070455774225143e-01,1.500000000000000000e+00,0.000000000000000000e+00,0.000000000000000000e+00,0.000000000000000000e+00,-7.350734987517704155e-03,-7.350734987517704155e-03,-1.500000000000000000e+00,-0.000000000000000000e+00
2.873690627233610684e+00,2.395337811909031167e+00,4.448639513931692546e-01,1.500000000000000000e+00,0.000000000000000000e+00,0.000000000000000000e+00,0.000000000000000000e+00,-4.310535940850416026e+00,-4.310535940850416026e+00,-1.500000000000000000e+00,-0.000000000000000000e+00
1.964709119803430326e+00,1.577303218871694002e-01,9.913113036743816942e-01,1.500000000000000000e+00,0.000000000000000000e+00,0.000000000000000000e+00,0.000000000000000000e+00,-2.947063679705145489e+00,-2.947063679705145489e+00,-1.500000000000000000e+00,-0.000000000000000000e+00
2.411549704297122787e+00,2.120197980499544332e+00,4.775174510610582512e-01,1.500000000000000000e+00,0.000000000000000000e+00,0.000000000000000000e+00,0.000000000000000000e+00,-3.617324556445684181e+00,-3.617324556445684181e+00,-1.500000000000000000e+00,-0.000000000000000000e+00
1.049808159333615265e+00,1.293468130273480288e+00,2.586428784088864452e-01,1.500000000000000000e+00,0.000000000000000000e+00,0.000000000000000000e+00,0.000000000000000000e+00,-1.574712239000422898e+00,-1.574712239000422898e+00,-1.500000000000000000e+00,-0.000000000000000000e+00
5.344320409603566802e-01,1.168713650987520891e+00,1.758420586259625829e-01,1.500000000000000000e+00,0.000000000000000000e+00,0.000000000000000000e+00,0.000000000000000000e+00,-8.016480614405350202e-01,-8.016480614405350202e-01,-1.500000000000000000e+00,-0.000000000000000000e+00
4.910647876299600867e-01,1.451944017032182010e+00,7.188963066638454080e-02,1.500000000000000000e+00,0.000000000000000000e+00,0.000000000000000000e+00,0.000000000000000000e+00,-7.365971814449401300e-01,-7.365971814449401300e-01,-1.500000000000000000e+00,-0.000000000000000000e+00
6.074154300753793478e-01,1.055867156726358669e+00,1.099783605477050452e-01,1.500000000000000000e+00,0.000000000000000000e+00,0.000000000000000000e+00,0.000000000000000000e+00,-9.111231451130690218e-01,-9.111231451130690218e-01,-1.500000000000000000e+00,-0.000000000000000000e+00
-2.101520699360781563e-01,2.585316489600674394e+00,6.820989124761513978e-01,1.500000000000000000e+00,0.000000000000000000e+00,0.000000000000000000e+00,0.000000000000000000e+00,3.152281049041172345e-01,3.152281049041172345e-01,-1.500000000000000000e+00,0.000000000000000000e+00
-8.362456502734660901e-01,2.009945195031401788e+00,3.627631508753857981e-01,1.500000000000000000e+00,0.000000000000000000e+00,0.000000000000000000e+00,0.000000000000000000e+00,1.254368475410199135e+00,1.254368475410199135e+00,-1.500000000000000000e+00,0.000000000000000000e+00
-1.567866789831791063e+00,1.163040251479662057e+00,8.737258232288507287e-01,1.500000000000000000e+00,0.000000000000000000e+00,0.000000000000000000e+00,0.000000000000000000e+00,2.351800184747686373e+00,2.351800184747686373e+00,-1.500000000000000000e+00,0.000000000000000000e+00
-2.608166317415217872e+00,3.608757802283280025e-01,1.978715963384272136e-01,1.500000000000000000e+00,0.000000000000000000e+00,0.000000000000000000e+00,0.000000000000000000e+00,3.912249476122826586e+00,3.912249476122826586e+00,-1.500000000000000000e+00,0.000000000000000000e+00
-7.852010401848263932e-01,1.512830838660483845e+00,9.339467583597003131e-01,1.500000000000000000e+00,0.000000000000000000e+00,0.000000000000000000e+00,0.000000000000000000e+00,1.177801560277239590e+00,1.177801560277239590e+00,-1.500000000000000000e+00,0.000000000000000000e+00
1.619400352720887781e+00,2.997052082982103016e+00,1.902212660441841008e-01,1.500000000000000000e+00,0.000000000000000000e+00,0.000000000000000000e+00,0.000000000000000000e+00,-2.429100529081331672e+00,-2.429100529081331672e+00,-1.500000000000000000e+00,-0.000000000000000000e+00
3.161175626951973072e-01,2.674806139142367201e+00,2.700194326902132236e-01,1.500000000000000000e+00,0.000000000000000000e+00,0.000000000000000000e+00,0.000000000000000000e+00,-4.741763440427959608e-01,-4.741763440427959608e-01,-1.500000000000000000e+00,-0.000000000000000000e+00
-2.016073130345944264e+00,2.037813352470686512e-01,3.398505494513394121e-01,1.500000000000000000e+00,0.000000000000000000e+00,0.000000000000000000e+00,0.000000000000000000e+00,3.024109695518916396e+00,3.024109695518916396e+00,-1.500000000000000000e+00,0.000000000000000000e+00
1.885217906105160601e+00,1.068381601861213781e+00,2.627610558669909446e-01,1.500000000000000000e+00,0.000000000000000000e+00,0.000000000000000000e+00,0.000000000000000000e+00,-2.827826859157740902e+00,-2.827826859157740902e+00,-1.500000000000000000e+00,-0.000000000000000000e+00
-2.751219167079162808e+00,1.408844526594299928e+00,4.150038191476167482e-01,1.500000000000000000e+00,0.000000000000000000e+00,0.000000000000000000e+00,0.000000000000000000e+00,4.126828750618743769e+00,4.126828750618743769e+00,-1.500000000000000000e+00,0.000000000000000000e+00
2.586763749183385031e+00,1.216510182160340126e+00,8.027998272359567755e-01,1.500000000000000000e+00,0.000000000000000000e+00,0.000000000000000000e+00,0.000000000000000000e+00,-3.880145623775077546e+00,-3.880145623775077546e+00,-1.500000000000000000e+00,-0.000000000000000000e+00
9.108310408641706601e-01,3.358228579715665241e-01,7.124894716913698911e-02,1.500000000000000000e+00,0.000000000000000000e+00,0.000000000000000000e+00,0.000000000000000000e+00,-1.366246561296255990e+00,-1.366246561296255990e+00,-1.500000000000000000e+00,-0.000000000000000000e+00
3.366652587928102847e-01,5.588522538493452263e-01,2.440526466070026546e-01,1.500000000000000000e+00,0.000000000000000000e+00,0.000000000000000000e+00,0.000000000000000000e+00,-5.049978881892154270e-01,-5.049978881892154270e-01,-1.500000000000000000e+00,-0.000000000000000000e+00
-5.243496261500260047e-01,1.604706404392507668e+00,5.313605999552706294e-02,1.500000000000000000e+00,0.000000000000000000e+00,0.000000000000000000e+00,0.000000000000000000e+00,7.865244392250390071e-01,7.865244392250390071e-01,-1.500000000000000000e+00,0.000000000000000000e+00
1.950186174077231271e+00,2.163010855108251640e+00,7.752580971442299962e-01,1.500000000000000000e+00,0.000000000000000000e+00,0.000000000000000000e+00,0.000000000000000000e+00,-2.925279261115846907e+00,-2.925279261115846907e+00,-1.500000000000000000e+00,-0.000000000000000000e+00
-2.959306253750210836e+00,2.149006857857716390e+00,1.197149084078320547e-01,1.500000000000000000e+00,0.000000000000000000e+00,0.000000000000000000e+00,0.000000000000000000e+00,4.438959380625316697e+00,4.438959380625316697e+00,-1.500000000000000000e+00,0.000000000000000000e+00
-2.904519637176955271e+00,2.016028349435309508e+00,5.096011556735214887e-01,1.500000000000000000e+00,0.000000000000000000e+00,0.000000000000000000e+00,0.000000000000000000e+00,4.356779455765432907e+00,4.356779455765432907e+00,-1.500000000000000000e+00,0.000000000000000000e+00
1.218885623716974287e-01,2.021254484450817124e+00,8.683054311445979057e-01,1.500000000000000000e+00,0.000000000000000000e+00,0.000000000000000000e+00,0.000000000000000000e+00,-1.828328435575461430e-01,-1.828328435575461430e-01,-1.500000000000000000e+00,-0.000000000000000000e+00
-1.217581726661425501e+00,2.572707106975702374e-02,3.159303113547058395e-01,1.500000000000000000e+00,0.000000000000000000e+00,0.000000000000000000e+00,0.000000000000000000e+00,1.826372589992138362e+00,1.826372589992138362e+00,-1.500000000000000000e+00,0.000000000000000000e+00
-5.906891895489052580e-01,6.543210065174150936e-01,1.156591620042676238e-01,1.500000000000000000e+00,0.000000000000000000e+00,0.000000000000000000e+00,0.000000000000000000e+00,8.860337843233578869e-01,8.860337843233578869e-01,-1.500000000000000000e+00,0.000000000000000000e+00
2.195903411656905391e-01,1.009848680338347737e+00,2.664501897049039725e-01,1.500000000000000000e+00,0.000000000000000000e+00,0.000000000000000000e+00,0.000000000000000000e+00,-3.293855117485358086e-01,-3.293855117485358086e-01,-1.500000000000000000e+00,-0.000000000000000000e+00
-2.737359074713638485e+00,7.687240316219876579e-01,9.396770631062461021e-01,1.500000000000000000e+00,0.000000000000000000e+00,0.000000000000000000e+00,0.000000000000000000e+00,4.106038612070458171e+00,4.106038612070458171e+00,-1.500000000000000000e+00,0.000000000000000000e+00
2.898365734510512937e+00,1.164634402816386860e+00,9.505384540422212591e-02,1.500000000000000000e+00,0.000000000000000000e+00,0.000000000000000000e+00,0.000000000000000000e+00,-4.347548601765769405e+00,-4.347548601765769405e+00,-1.500000000000000000e+00,-0.000000000000000000e+00
1.065845907273654802e+00,1.198151996991410506e+00,8.639751574230611908e-01,1.500000000000000000e+00,0.000000000000000000e+00,0.000000000000000000e+00,0.000000000000000000e+00,-1.598768860910482204e+00,-1.598768860910482204e+00,-1.500000000000000000e+00,-0.000000000000000000e+00
-2.406640860108053559e+00,1.019264124325936827e+00,1.205653808568725172e-01,1.500000000000000000e+00,0.000000000000000000e+00,0.000000000000000000e+00,0.000000000000000000e+00,3.609961290162080338e+00,3.609961290162080338e+00,-1.500000000000000000e+00,0.000000000000000000e+00
1.431661194233688761e+00,3.119668171351230868e-02,1.634716444237426236e-01,1.500000000000000000e+00,0.000000000000000000e+00,0.000000000000000000e+00,0.000000000000000000e+00,-2.147491791350533141e+00,-2.147491791350533141e+00,-1.500000000000000000e+00,-0.000000000000000000e+00
1.974044966513250898e-01,2.595275763169327732e+00,7.721334666883660214e-01,1.500000000000000000e+00,0.000000000000000000e+00,0.000000000000000000e+00,0.000000000000000000e+00,-2.961067449769876347e-01,-2.961067449769876347e-01,-1.500000000000000000e+00,-0.000000000000000000e+00
1.121680249872101243e+00,2.870530742633035093e+00,6.395355538674385443e-01,1.500000000000000000e+00,0.000000000000000000e+00,0.000000000000000000e+00,0.000000000000000000e+00,-1.682520374808151864e+00,-1.682520374808151864e+00,-1.500000000000000000e+00,-0.000000000000000000e+00
1.426254013091178940e+00,1.847062965437740845e+00,3.207424976876176448e-01,1.500000000000000000e+00,0.000000000000000000e+00,0.000000000000000000e+00,0.000000000000000000e+00,-2.139381019636768411e+00,-2.139381019636768411e+00,-1.500000000000000000e+00,-0.000000000000000000e+00
2.948194778544701578e+00,8.183456248571148173e-01,7.020866658010123107e-01,1.500000000000000000e+00,0.000000000000000000e+00,0.000000000000000000e+00,0.000000000000000000e+00,-4.422292167817052366e+00,-4.422292167817052366e+00,-1.500000000000000000e+00,-0.000000000000000000e+00
-2.289598899988708247e+00,1.350978539456584082e+00,1.479610937933869552e-01,1.500000000000000000e+00,0.000000000000000000e+00,0.000000000000000000e+00,0.000000000000000000e+00,3.434398349983062371e+00,3.434398349983062371e+00,-1.500000000000000000e+00,0.000000000000000000e+00
2.977301149791630408e+00,2.736526593829712972e+00,8.812368079923932340e-01,1.500000000000000000e+00,0.000000000000000000e+00,0.000000000000000000e+00,0.000000000000000000e+00,-4.465951724687445612e+00,-4.465951724687445612e+00,-1.500000000000000000e+00,-0.000000000000000000e+00
-1.388511504952281150e-01,1.799015195183992777e+00,5.757232441283229862e-01,1.500000000000000000e+00,0.000000000000000000e+00,0.000000000000000000e+00,0.000000000000000000e+00,2.082767257428421726e-01,2.082767257428421726e-01,-1.500000000000000000e+00,0.000000000000000000e+00
-1.794345589680730102e+00,2.090461171608213320e+00,9.461752614724567856e-01,1.500000000000000000e+00,0.000000000000000000e+00,0.000000000000000000e+00,0.000000000000000000e+00,2.691518384521095264e+00,2.691518384521095264e+00,-1.500000000000000000e+00,0.000000000000000000e+00
-7.583449684087351095e-01,2.100069299144752932e+00,5.959968280047183153e-01,1.500000000000000000e+00,0.000000000000000000e+00,0.000000000000000000e+00,0.000000000000000000e+00,1.137517452613102664e+00,1.137517452613102664e+00,-1.500000000000000000e+00,0.000000000000000000e+00
-8.140890757635022013e-01,2.942520463844705780e+00,5.718597116326965546e-01,1.500000000000000000e+00,0.000000000000000000e+00,0.000000000000000000e+00,0.000000000000000000e+00,1.221133613645253302e+00,1.221133613645253302e+00,-1.500000000000000000e+00,0.000000000000000000e+00
2.372112685494730755e+00,1.965133490921004977e+00,8.579557425604747989e-01,1.500000000000000000e+00,0.000000000000000000e+00,0.000000000000000000e+00,0.000000000000000000e+00,-3.558169028242096132e+00,-3.558169028242096132e+00,-1.500000000000000000e+00,-0.000000000000000000e+00
1.457354222933084920e-01,3.245230832437843160e-01,5.828716554747541689e-01,1.500000000000000000e+00,0.000000000000000000e+00,0.000000000000000000e+00,0.000000000000000000e+00,-2.186031334399627379e-01,-2.186031334399627379e-01,-1.500000000000000000e+00,-0.000000000000000000e+00
-2.599699517247608060e+00,1.516481769811762970e+00,8.673190588104107146e-02,1.500000000000000000e+00,0.000000000000000000e+00,0.000000000000000000e+00,0.000000000000000000e+00,3.899549275871412313e+00,3.899549275871412313e+00,-1.500000000000000000e+00,0.000000000000000000e+00
1.289252364676426232e+00,2.766608194978137814e+00,6.118277632170771030e-01,1.500000000000000000e+00,0.000000000000000000e+00,0.000000000000000000e+00,0.000000000000000000e+00,-1.933878547014639349e+00,-1.933878547014639349e+00,-1.500000000000000000e+00,-0.000000000000000000e+00
-1.335328769383536951e-02,3.885065588324952968e-01,2.935795097634936734e-01,1.500000000000000000e+00,0.000000000000000000e+00,0.000000000000000000e+00,0.000000000000000000e+00,2.002993154075305426e-02,2.002993154075305426e-02,-1.500000000000000000e+00,0.000000000000000000e+00
1.887623480303593837e+00,1.532806012062557510e-01,6.378950554396369821e-01,1.500000000000000000e+00,0.000000000000000000e+00,0.000000000000000000e+00,0.000000000000000000e+00,-2.831435220455390755e+00,-2.831435220455390755e+00,-1.500000000000000000e+00,-0.000000000000000000e+00
-2.721252423812131838e+00,1.511455257015479337e-01,9.980780606930840237e-01,1.500000000000000000e+00,0.000000000000000000e+00,0.000000000000000000e+00,0.000000000000000000e+00,4.081878635718197756e+00,4.081878635718197756e+00,-1.500000000000000000e+00,0.000000000000000000e+00
2.190025685130381206e+00,2.098110391751042414e-01,6.100241672020487727e-01,1.500000000000000000e+00,0.000000000000000000e+00,0.000000000000000000e+00,0.000000000000000000e+00,-3.285038527695571808e+00,-3.285038527695571808e+00,-1.500000000000000000e+00,-0.000000000000000000e+00
2.357170527110724834e+00,4.909751213594422126e-01,8.337698354762345110e-01,1.500000000000000000e+00,0.000000000000000000e+00,0.000000000000000000e+00,0.000000000000000000e+00,-3.535755790666087250e+00,-3.535755790666087250e+00,-1.500000000000000000e+00,-0.000000000000000000e+00
-2.950593737159636021e+00,2.312875812233294859e+00,3.542925652765711586e-01,1.500000000000000000e+00,0.000000000000000000e+00,0.000000000000000000e+00,0.000000000000000000e+00,4.425890605739454031e+00,4.425890605739454031e+00,-1.500000000000000000e+00,0.000000000000000000e+00
-1.384764195389709407e-01,1.798466113708929282e+00,1.170810655838627756e-02,1.500000000000000000e+00,0.000000000000000000e+00,0.000000000000000000e+00,0.000000000000000000e+00,2.077146293084564110e-01,2.077146293084564110e-01,-1.500000000000000000e+00,0.000000000000000000e+00
-2.270539430280326343e+00,2.195144149184114823e+00,4.680979663387863088e-02,1.500000000000000000e+00,0.000000000000000000e+00,0.000000000000000000e+00,0.000000000000000000e+00,3.405809145420489514e+00,3.405809145420489514e+00,-1.500000000000000000e+00,0.000000000000000000e+00
1.765193716737947227e-01,1.669654424138884208e+00,1.831151464508384841e-02,1.500000000000000000e+00,0.000000000000000000e+00,0.000000000000000000e+00,0.000000000000000000e+00,-2.647790575106920841e-01,-2.647790575106920841e-01,-1.500000000000000000e+00,-0.000000000000000000e+00
-2.464839923179518610e+00,1.061734141304568002e+00,2.178788480530208238e-01,1.500000000000000000e+00,0.000000000000000000e+00,0.000000000000000000e+00,0.000000000000000000e+00,3.697259884769278138e+00,3.697259884769278138e+00,-1.500000000000000000e+00,0.000000000000000000e+00
2.322268528271974830e+00,2.359606367894270917e+00,2.707008928781217127e-01,1.500000000000000000e+00,0.000000000000000000e+00,0.000000000000000000e+00,0.000000000000000000e+00,-3.483402792407962245e+00,-3.483402792407962245e+00,-1.500000000000000000e+00,-0.000000000000000000e+00
-1.898145171478200055e+00,5.093228096514158532e-01,3.214909100293300570e-01,1.500000000000000000e+00,0.000000000000000000e+00,0.000000000000000000e+00,0.000000000000000000e+00,2.847217757217300083e+00,2.847217757217300083e+00,-1.500000000000000000e+00,0.000000000000000000e+00
1.009176018091135774e+00,1.079574647136058552e+00,6.543544001235852559e-01,1.500000000000000000e+00,0.000000000000000000e+00,0.000000000000000000e+00,0.000000000000000000e+00,-1.513764027136703660e+00,-1.513764027136703660e+00,-1.500000000000000000e+00,-0.000000000000000000e+00
9.214392771377086788e-01,1.246007501893984015e+00,7.489012597308007946e-01,1.500000000000000000e+00,0.000000000000000000e+00,0.000000000000000000e+00,0.000000000000000000e+00,-1.382158915706563018e+00,-1.382158915706563018e+00,-1.500000000000000000e+00,-0.000000000000000000e+00
-1.075089731819700134e+00,2.040894346859017716e+00,7.687680796813685102e-01,1.500000000000000000e+00,0.000000000000000000e+00,0.000000000000000000e+00,0.000000000000000000e+00,1.612634597729550201e+00,1.612634597729550201e+00,-1.500000000000000000e+00,0.000000000000000000e+00
-1.713180364677731715e+00,2.282982962764923407e+00,7.519712400282217990e-01,1.500000000000000000e+00,0.000000000000000000e+00,0.000000000000000000e+00,0.000000000000000000e+00,2.569770547016597462e+00,2.569770547016597462e+00,-1.500000000000000000e+00,0.000000000000000000e+00
2.491442378589675322e+00,1.700258609672023358e+00,8.549472117257013171e-01,1.500000000000000000e+00,0.000000000000000000e+00,0.000000000000000000e+00,0.000000000000000000e+00,-3.737163567884512982e+00,-3.737163567884512982e+00,-1.500000000000000000e+00,-0.000000000000000000e+00
-2.761220642868337904e+00,1.824106789001462836e+00,7.211575969973345046e-01,1.500000000000000000e+00,0.000000000000000000e+00,0.000000000000000000e+00,0.000000000000000000e+00,4.141830964302506857e+00,4.141830964302506857e+00,-1.500000000000000000e+00,0.000000000000000000e+00
-1.475274695741805919e+00,8.430461947423594227e-01,4.590402507366515561e-01,1.500000000000000000e+00,0.000000000000000000e+00,0.000000000000000000e+00,0.000000000000000000e+00,2.212912043612708768e+00,2.212912043612708768e+00,-1.500000000000000000e+00,0.000000000000000000e+00
-1.039714684332833095e+00,1.779580695441936422e+00,4.132100814119993304e-01,1.500000000000000000e+00,0.000000000000000000e+00,0.000000000000000000e+00,0.000000000000000000e+00,1.559572026499249642e+00,1.559572026499249642e+00,-1.500000000000000000e+00,0.000000000000000000e+00
5.050208841888705891e-01,2.530106338107565023e+00,8.148851421162761621e-02,1.500000000000000000e+00,0.000000000000000000e+00,0.000000000000000000e+00,0.000000000000000000e+00,-7.575313262833058836e-01,-7.575313262833058836e-01,-1.500000000000000000e+00,-0.000000000000000000e+00
-7.848537297269766455e-01,1.317872659615807240e+00,1.334551842495335094e-02,1.500000000000000000e+00,0.000000000000000000e+00,0.000000000000000000e+00,0.000000000000000000e+00,1.177280594590464968e+00,1.177280594590464968e+00,-1.500000000000000000e+00,0.000000000000000000e+00
-2.331819838654837884e+00,2.254951637217478932e+00,8.570612472963334838e-01,1.500000000000000000e+00,0.000000000000000000e+00,0.000000000000000000e+00,0.000000000000000000e+00,3.497729757982257048e+00,3.497729757982257048e+00,-1.500000000000000000e+00,0.000000000000000000e+00
4.220129749214693859e-01,1.524179124303124189e+00,1.486809316002546399e-01,1.500000000000000000e+00,0.000000000000000000e+00,0.000000000000000000e+00,0.000000000000000000e+00,-6.330194623822040789e-01,-6.330194623822040789e-01,-1.500000000000000000e+00,-0.000000000000000000e+00
1.344510003492203509e+00,1.538524647398135325e+00,8.643050323688078462e-01,1.500000000000000000e+00,0.000000000000000000e+00,0.000000000000000000e+00,0.000000000000000000e+00,-2.016765005238305264e+00,-2.016765005238305264e+00,-1.500000000000000000e+00,-0.000000000000000000e+00
1.228697068883180421e+00,1.824105056652090662e+00,3.994442413243080026e-01,1.500000000000000000e+00,0.000000000000000000e+00,0.000000000000000000e+00,0.000000000000000000e+00,-1.843045603324770632e+00,-1.843045603324770632e+00,-1.500000000000000000e+00,-0.000000000000000000e+00
-6.246585167624463253e-02,4.199150486468743448e-01,5.992069813012057544e-02,1.500000000000000000e+00,0.000000000000000000e+00,0.000000000000000000e+00,0.000000000000000000e+00,9.369877751436694879e-02,9.369877751436694879e-02,-1.500000000000000000e+00,0.000000000000000000e+00
-1.158863828095344051e+00,6.458615250411422481e-01,8.290022613281734509e-01,1.500000000000000000e+00,0.000000000000000000e+00,0.000000000000000000e+00,0.000000000000000000e+00,1.738295742143016076e+00,1.738295742143016076e+00,-1.500000000000000000e+00,0.000000000000000000e+00
-2.938409611779050579e+00,5.263951274137684821e-01,7.144414230930324905e-01,1.500000000000000000e+00,0.000000000000000000e+00,0.000000000000000000e+00,0.000000000000000000e+00,4.407614417668575868e+00,4.407614417668575868e+00,-1.500000000000000000e+00,0.000000000000000000e+00
1.967927653589365278e-01,1.605295222587835635e+00,9.976597462525980120e-01,1.500000000000000000e+00,0.000000000000000000e+00,0.000000000000000000e+00,0.000000000000000000e+00,-2.951891480384047917e-01,-2.951891480384047917e-01,-1.500000000000000000e+00,-0.000000000000000000e+00
7.712548386085651408e-01,2.007478785646968689e+00,5.418331974818627605e-01,1.500000000000000000e+00,0.000000000000000000e+00,0.000000000000000000e+00,0.000000000000000000e+00,-1.156882257912847711e+00,-1.156882257912847711e+00,-1.500000000000000000e+00,-0.000000000000000000e+00
-3.524521423052995317e-01,2.122561715327139442e+00,9.300832984598546016e-01,1.500000000000000000e+00,0.000000000000000000e+00,0.000000000000000000e+00,0.000000000000000000e+00,5.286782134579492975e-01,5.286782134579492975e-01,-1.500000000000000000e+00,0.000000000000000000e+00
2.755289148731565163e+00,6.252731419092106835e-01,5.063072865446790471e-01,1.500000000000000000e+00,0.000000000000000000e+00,0.000000000000000000e+00,0.000000000000000000e+00,-4.132933723097347745e+00,-4.132933723097347745e+00,-1.500000000000000000e+00,-0.000000000000000000e+00
