s,T,x,k_0,alpha,beta,sigma,q_true,q_noisy,a_true,b_true
-2.049150320433390071e+00,8.465527430924801866e-02,2.584541390960374274e-01,1.000000000000000000e+00,5.000000000000000000e-01,2.000000000000000111e-01,0.000000000000000000e+00,3.777376375022801991e+00,3.777376375022801991e+00,-3.522993479173546660e+00,1.734713824771721147e-01
-3.968356677117679254e-01,4.626784948161696276e-01,1.397096972924316560e-01,1.000000000000000000e+00,5.000000000000000000e-01,2.000000000000000111e-01,0.000000000000000000e+00,4.518098700030029891e-01,4.518098700030029891e-01,-1.201522823083625013e+00,1.836073294262504374e-01
1.608946104821061596e+00,2.152137254390448007e+00,7.373727365387094945e-01,1.000000000000000000e+00,5.000000000000000000e-01,2.000000000000000111e-01,0.000000000000000000e+00,-6.168037919309398376e+00,-6.168037919309398376e+00,-4.869071921798948210e+00,-3.462672852491805564e+00
2.923139098708432471e+00,5.659273362470775837e-01,5.685257812614009643e-01,1.000000000000000000e+00,5.000000000000000000e-01,2.000000000000000111e-01,0.000000000000000000e+00,-8.386735456064034366e+00,-8.386735456064034366e+00,-6.286982189194626258e+00,-1.654284323611746377e+00
-2.807374799595550030e+00,2.298424222577055254e+00,8.522094992330608854e-01,1.000000000000000000e+00,5.000000000000000000e-01,2.000000000000000111e-01,0.000000000000000000e+00,1.464789240378531687e+01,1.464789240378531687e+01,-8.370188912706964857e+00,6.452538241242818273e+00
8.203950783388540557e-01,1.622419924744687991e-01,5.518428183189104663e-01,1.000000000000000000e+00,5.000000000000000000e-01,2.000000000000000111e-01,0.000000000000000000e+00,-9.416255555587214054e-01,-9.416255555587214054e-01,-1.416990082798611494e+00,-1.331025321259436123e-01
2.041011551828099790e+00,2.354312044036844132e+00,9.859269846932670056e-01,1.000000000000000000e+00,5.000000000000000000e-01,2.000000000000000111e-01,0.000000000000000000e+00,-9.397915720892161318e+00,-9.397915720892161318e+00,-6.270829493165921420e+00,-4.805178078487224447e+00
1.895366668637462837e+00,1.220951283745349336e+00,4.218377498465256670e-01,1.000000000000000000e+00,5.000000000000000000e-01,2.000000000000000111e-01,0.000000000000000000e+00,-4.669887757089975722e+00,-4.669887757089975722e+00,-3.900809903788832855e+00,-2.314150367241056383e+00
2.515822008812642174e+00,4.757069533809059614e-01,4.072190540979224727e-01,1.000000000000000000e+00,5.000000000000000000e-01,2.000000000000000111e-01,0.000000000000000000e+00,-5.985192457235301688e+00,-5.985192457235301688e+00,-4.910764780763119397e+00,-1.196794023060892664e+00
8.765428486951254428e-01,1.782833435918720788e+00,7.671761498921025879e-01,1.000000000000000000e+00,5.000000000000000000e-01,2.000000000000000111e-01,0.000000000000000000e+00,-2.404280777578148509e+00,-2.404280777578148509e+00,-3.050243949474015448e+00,-1.562729898669113826e+00
2.093351554052404140e+00,2.262767929055286231e+00,9.936092147282676867e-01,1.000000000000000000e+00,5.000000000000000000e-01,2.000000000000000111e-01,0.000000000000000000e+00,-9.287119621196161745e+00,-9.287119621196161745e+00,-6.189331787692744058e+00,-4.736768760747823492e+00
-5.843953321500716669e-01,1.714210297729105159e-01,3.266073750923889074e-01,1.000000000000000000e+00,5.000000000000000000e-01,2.000000000000000111e-01,0.000000000000000000e+00,6.328979038966802140e-01,6.328979038966802140e-01,-1.219603327267478221e+00,1.001776496316473669e-01
5.452943454409746593e-01,1.238172040474658342e+00,2.477636505472377015e-01,1.000000000000000000e+00,5.000000000000000000e-01,2.000000000000000111e-01,0.000000000000000000e+00,-9.957097571268248570e-01,-9.957097571268248570e-01,-1.944942554808529955e+00,-6.751682123539447522e-01
2.942139415050060158e-01,2.850421181835387507e-01,8.138391901584512977e-01,1.000000000000000000e+00,5.000000000000000000e-01,2.000000000000000111e-01,0.000000000000000000e+00,-3.112597773407349555e-01,-3.112597773407349555e-01,-1.092561610594825927e+00,-8.386336508571468062e-02
-3.470641804249590123e-01,2.859941683876171759e+00,2.879200069522405148e-01,1.000000000000000000e+00,5.000000000000000000e-01,2.000000000000000111e-01,0.000000000000000000e+00,1.774790403523342608e+00,1.774790403523342608e+00,-5.161905344786664962e+00,9.925833165776607458e-01
-3.094377543019186660e-01,1.288028673524735268e+00,1.565453737713523585e-01,1.000000000000000000e+00,5.000000000000000000e-01,2.000000000000000111e-01,0.000000000000000000e+00,5.720449750416876089e-01,5.720449750416876089e-01,-1.886959966183393345e+00,3.985647002119732663e-01
1.243161481965655568e+00,1.406347870035925762e+00,5.635230015579866247e-01,1.000000000000000000e+00,5.000000000000000000e-01,2.000000000000000111e-01,0.000000000000000000e+00,-2.856781679078183700e+00,-2.856781679078183700e+00,-2.916177447923119725e+00,-1.748317502273104562e+00
-2.093696630919198221e+00,1.792543191365665090e+00,2.954241164804327635e-01,1.000000000000000000e+00,5.000000000000000000e-01,2.000000000000000111e-01,0.000000000000000000e+00,7.293012548973951681e+00,7.293012548973951681e+00,-5.236744895849142267e+00,3.753041640539440671e+00
2.001554814609841415e+00,2.457408580362071771e+00,1.070018854723803203e-01,1.000000000000000000e+00,5.000000000000000000e-01,2.000000000000000111e-01,0.000000000000000000e+00,-9.648840853691899255e+00,-9.648840853691899255e+00,-6.423161470951268548e+00,-4.918637975487239800e+00
1.258353318491427508e+00,2.814762732116595778e+00,6.204873872388261269e-01,1.000000000000000000e+00,5.000000000000000000e-01,2.000000000000000111e-01,0.000000000000000000e+00,-6.641758987009389159e+00,-6.641758987009389159e+00,-5.911516463551274470e+00,-3.541966024724915396e+00
-1.788937329079853367e+00,1.207947810013430434e+00,3.930825424011004099e-01,1.000000000000000000e+00,5.000000000000000000e-01,2.000000000000000111e-01,0.000000000000000000e+00,4.239116538610531393e+00,4.239116538610531393e+00,-3.649747016283336976e+00,2.160942928913284433e+00
-9.070978602831392124e-01,1.264551123346297601e+00,1.045660996670955134e-01,1.000000000000000000e+00,5.000000000000000000e-01,2.000000000000000111e-01,0.000000000000000000e+00,1.781640048573938317e+00,1.781640048573938317e+00,-2.293240688656341675e+00,1.147071618206066512e+00
2.048190773630849115e+00,2.507661954629369916e+00,3.081835294054594554e-01,1.000000000000000000e+00,5.000000000000000000e-01,2.000000000000000111e-01,0.000000000000000000e+00,-1.020654698394336002e+01,-1.020654698394336002e+01,-6.661235506459718181e+00,-5.136170078856976851e+00
-4.562516301383676698e-01,2.212776026611550595e+00,4.173914184306304342e-01,1.000000000000000000e+00,5.000000000000000000e-01,2.000000000000000111e-01,0.000000000000000000e+00,1.592236968168430744e+00,1.592236968168430744e+00,-3.573088201975751499e+00,1.009582669272619970e+00
2.085598780326678003e+00,2.043593466915818890e+00,1.461875796055346344e-01,1.000000000000000000e+00,5.000000000000000000e-01,2.000000000000000111e-01,0.000000000000000000e+00,-8.254970123003054994e+00,-8.254970123003054994e+00,-5.697970492510584961e+00,-4.262116042083198941e+00
-6.086795890208103188e-01,2.411742867793073675e+00,6.949316593461694058e-01,1.000000000000000000e+00,5.000000000000000000e-01,2.000000000000000111e-01,0.000000000000000000e+00,2.423975160480908997e+00,2.423975160480908997e+00,-4.130546335429705174e+00,1.467978657592158509e+00
2.958600284646605516e+00,2.792791471467714448e+00,4.923130919015428208e-02,1.000000000000000000e+00,5.000000000000000000e-01,2.000000000000000111e-01,0.000000000000000000e+00,-1.967618666774540159e+01,-1.967618666774540159e+01,-1.015183148813798653e+01,-8.262753642442993041e+00
-6.552154751827696799e-01,1.565937887285672181e-01,4.216488395689217406e-01,1.000000000000000000e+00,5.000000000000000000e-01,2.000000000000000111e-01,0.000000000000000000e+00,7.195067056793496008e-01,7.195067056793496008e-01,-1.269845198685573218e+00,1.026026736924584154e-01
2.902082997439006995e+00,1.708274693687391599e+00,3.141240992002735100e-01,1.000000000000000000e+00,5.000000000000000000e-01,2.000000000000000111e-01,0.000000000000000000e+00,-1.202483418024974959e+01,-1.202483418024974959e+01,-7.512352648961119428e+00,-4.957554943505506628e+00
-6.929706107739823651e-01,7.920311430705910816e-01,9.161892912620862583e-01,1.000000000000000000e+00,5.000000000000000000e-01,2.000000000000000111e-01,0.000000000000000000e+00,9.768795053158477737e-01,9.768795053158477737e-01,-1.601781626234733302e+00,5.488543049656429140e-01
-4.773086076503032515e-01,2.757442024181459672e+00,1.230208694219175891e-01,1.000000000000000000e+00,5.000000000000000000e-01,2.000000000000000111e-01,0.000000000000000000e+00,2.313661813119734845e+00,2.313661813119734845e+00,-4.938437362523215413e+00,1.316150813238486261e+00
-1.955337982876418579e+00,6.464618731546711849e-02,7.666179246722770735e-02,1.000000000000000000e+00,5.000000000000000000e-01,2.000000000000000111e-01,0.000000000000000000e+00,3.454610764637733311e+00,3.454610764637733311e+00,-3.296097541134746400e+00,1.264051455060765938e-01
1.717086914518776375e+00,1.199622920934028558e+00,3.259092522070901055e-01,1.000000000000000000e+00,5.000000000000000000e-01,2.000000000000000111e-01,0.000000000000000000e+00,-3.965140151435950777e+00,-3.965140151435950777e+00,-3.488580059422112356e+00,-2.059856819892613267e+00
-2.528852296122911625e+00,1.409391184182844814e+00,9.582589768457300261e-01,1.000000000000000000e+00,5.000000000000000000e-01,2.000000000000000111e-01,0.000000000000000000e+00,8.274937142907011989e+00,8.274937142907011989e+00,-5.830248116389834756e+00,3.564142132256176598e+00
1.690341772863122038e+00,2.399860073270289051e-01,4.783276089144942178e-01,1.000000000000000000e+00,5.000000000000000000e-01,2.000000000000000111e-01,0.000000000000000000e+00,-2.704965540447760830e+00,-2.704965540447760830e+00,-2.743149827308009936e+00,-4.056583730875122362e-01
-1.071075734690207781e-02,9.951992707305178376e-01,8.736278477532573028e-01,1.000000000000000000e+00,5.000000000000000000e-01,2.000000000000000111e-01,0.000000000000000000e+00,1.601508574778830879e-02,1.601508574778830879e-02,-1.495279626425043862e+00,1.065933790060848325e-02
2.166896830085323522e+00,1.146466761226242248e+00,4.240726776566461353e-02,1.000000000000000000e+00,5.000000000000000000e-01,2.000000000000000111e-01,0.000000000000000000e+00,-5.625873917781881062e+00,-5.625873917781881062e+00,-4.474458140638589043e+00,-2.484275190699331670e+00
7.253198443053934241e-01,3.061307631092462511e-01,7.888946903395946952e-01,1.000000000000000000e+00,5.000000000000000000e-01,2.000000000000000111e-01,0.000000000000000000e+00,-8.356234379761047215e-01,-8.356234379761047215e-01,-1.362511347986844701e+00,-2.220427174354897559e-01
2.682271768479042251e+00,2.305102273231760979e+00,7.123083980924378444e-01,1.000000000000000000e+00,5.000000000000000000e-01,2.000000000000000111e-01,0.000000000000000000e+00,-1.366795733315478678e+01,-1.366795733315478678e+01,-7.973497349016929192e+00,-6.182910750946415845e+00
8.890010415894300522e-02,1.057659369564113216e+00,9.763524030404749920e-01,1.000000000000000000e+00,5.000000000000000000e-01,2.000000000000000111e-01,0.000000000000000000e+00,-1.387643785381010297e-01,-1.387643785381010297e-01,-1.564063608125061400e+00,-9.402602811893165380e-02
-1.642310551547956354e+00,1.387363062635312172e+00,1.847905527545025128e-01,1.000000000000000000e+00,5.000000000000000000e-01,2.000000000000000111e-01,0.000000000000000000e+00,4.108773469706520132e+00,4.108773469706520132e+00,-3.580698502417868134e+00,2.278480996593861274e+00
2.542475648332536586e+00,2.409714853382022959e+00,1.123986240811050141e-01,1.000000000000000000e+00,5.000000000000000000e-01,2.000000000000000111e-01,0.000000000000000000e+00,-1.321121023950200346e+01,-1.321121023950200346e+01,-7.781872290723343966e+00,-6.126641334149002027e+00
2.363984182971237580e+00,2.738773154345396144e+00,9.752498090938490627e-01,1.000000000000000000e+00,5.000000000000000000e-01,2.000000000000000111e-01,0.000000000000000000e+00,-1.387215099339858249e+01,-1.387215099339858249e+01,-8.103491925884430458e+00,-6.474416417618760633e+00
2.041171429927592484e+00,7.756819873671348953e-01,9.344659609151110269e-01,1.000000000000000000e+00,5.000000000000000000e-01,2.000000000000000111e-01,0.000000000000000000e+00,-4.356099534459450418e+00,-4.356099534459450418e+00,-3.800669756574505342e+00,-1.583299911323251541e+00
5.983144117366854253e-01,2.259292776700129846e+00,5.142440847269779125e-01,1.000000000000000000e+00,5.000000000000000000e-01,2.000000000000000111e-01,0.000000000000000000e+00,-2.168170540192503992e+00,-2.168170540192503992e+00,-3.766990006599781005e+00,-1.351767428632280721e+00
-1.421351761544343395e+00,8.917241455764995939e-01,9.011301581691041340e-01,1.000000000000000000e+00,5.000000000000000000e-01,2.000000000000000111e-01,0.000000000000000000e+00,2.560755861263789068e+00,2.560755861263789068e+00,-2.609730473929194439e+00,1.267453685126782137e+00
-2.895623247107569131e+00,2.853941959948513407e+00,8.222257614896314459e-01,1.000000000000000000e+00,5.000000000000000000e-01,2.000000000000000111e-01,0.000000000000000000e+00,1.954377500452341465e+01,1.954377500452341465e+01,-1.010327274889124993e+01,8.263940685122653562e+00
1.872900333761649883e+00,2.769811882924544832e+00,5.781094107806155069e-01,1.000000000000000000e+00,5.000000000000000000e-01,2.000000000000000111e-01,0.000000000000000000e+00,-1.037114826275339219e+01,-1.037114826275339219e+01,-6.940582329517706484e+00,-5.187581599986364367e+00
9.575192685330033981e-01,1.487406190154113794e+00,4.659716483952079935e-01,1.000000000000000000e+00,5.000000000000000000e-01,2.000000000000000111e-01,0.000000000000000000e+00,-2.192295151855572666e+00,-2.192295151855572666e+00,-2.656294477021574618e+00,-1.424220087207828334e+00
-3.566005304566113310e-01,2.761995955314279216e-01,2.523018120566211664e-02,1.000000000000000000e+00,5.000000000000000000e-01,2.000000000000000111e-01,0.000000000000000000e+00,3.792717286767246510e-01,3.792717286767246510e-01,-1.114441471279024043e+00,9.849292227840869551e-02
8.320532745720576884e-02,2.558498067670480047e+00,6.747125476263259314e-01,1.000000000000000000e+00,5.000000000000000000e-01,2.000000000000000111e-01,0.000000000000000000e+00,-3.556479264635573068e-01,-3.556479264635573068e-01,-4.277110057047146086e+00,-2.128806695191504950e-01
1.730344862427282138e+00,2.052493873085212694e+00,7.470128049323244701e-01,1.000000000000000000e+00,5.000000000000000000e-01,2.000000000000000111e-01,0.000000000000000000e+00,-6.411246476156514440e+00,-6.411246476156514440e+00,-4.902821555283262356e+00,-3.551522228456471808e+00
-1.612611951161912360e+00,2.376358656895753096e+00,5.877657707361141348e-01,1.000000000000000000e+00,5.000000000000000000e-01,2.000000000000000111e-01,0.000000000000000000e+00,7.004611732707219929e+00,7.004611732707219929e+00,-5.383850616119832289e+00,3.832144370357161822e+00
-2.876219618854817917e+00,1.540740988917966181e+00,7.580785210932656781e-01,1.000000000000000000e+00,5.000000000000000000e-01,2.000000000000000111e-01,0.000000000000000000e+00,1.104890924118430817e+01,1.104890924118430817e+01,-7.150524974997169103e+00,4.431509459899627856e+00
-2.433895600755083599e+00,2.886627666560671379e+00,4.808034455877198132e-01,1.000000000000000000e+00,5.000000000000000000e-01,2.000000000000000111e-01,0.000000000000000000e+00,1.545786372919067730e+01,1.545786372919067730e+01,-8.720618319901724647e+00,7.025750378659930462e+00
2.931033132552326670e+00,1.068665617452911443e+00,2.358970649926311891e-01,1.000000000000000000e+00,5.000000000000000000e-01,2.000000000000000111e-01,0.000000000000000000e+00,-9.640795641361224355e+00,-9.640795641361224355e+00,-6.725596235434709413e+00,-3.132294332373973589e+00
-1.746523443333284131e+00,2.309449995494370356e+00,9.496905498145120639e-01,1.000000000000000000e+00,5.000000000000000000e-01,2.000000000000000111e-01,0.000000000000000000e+00,7.469616113761708753e+00,7.469616113761708753e+00,-5.496986123712124694e+00,4.033508558336865057e+00
2.863848522103896954e+00,2.965806502894970942e-01,8.056402917626026561e-02,1.000000000000000000e+00,5.000000000000000000e-01,2.000000000000000111e-01,0.000000000000000000e+00,-7.687444947831259867e+00,-7.687444947831259867e+00,-5.964957055597076341e+00,-8.493620570161889427e-01
-2.831428590447020444e+00,2.761141847267112315e+00,2.700041161885061713e-01,1.000000000000000000e+00,5.000000000000000000e-01,2.000000000000000111e-01,0.000000000000000000e+00,1.816460462320616287e+01,1.816460462320616287e+01,-9.622144868045303667e+00,7.817975968631801997e+00
1.032529279275420819e+00,1.007641017349018675e+00,2.054460499174739496e-01,1.000000000000000000e+00,5.000000000000000000e-01,2.000000000000000111e-01,0.000000000000000000e+00,-1.776872979404692687e+00,-1.776872979404692687e+00,-2.147340237458694734e+00,-1.040418853411734013e+00
1.618124013723196697e-01,4.178372120050103389e-01,6.094241306607625086e-01,1.000000000000000000e+00,5.000000000000000000e-01,2.000000000000000111e-01,0.000000000000000000e+00,-1.767850029548006519e-01,-1.767850029548006519e-01,-1.103003919810785938e+00,-6.761124265724575977e-02
-3.193044848518944434e-02,1.264725018123049827e+00,4.632888499272517224e-01,1.000000000000000000e+00,5.000000000000000000e-01,2.000000000000000111e-01,0.000000000000000000e+00,5.747380454362664010e-02,5.747380454362664010e-02,-1.800376417857453504e+00,4.038323703910833007e-02
-2.998857282083756459e+00,3.927626898020079027e-01,5.720736765456282402e-01,1.000000000000000000e+00,5.000000000000000000e-01,2.000000000000000111e-01,0.000000000000000000e+00,8.623994611957291667e+00,8.623994611957291667e+00,-6.473018264234320363e+00,1.177839252443555029e+00
4.054491007208529396e-01,1.725448112879566676e+00,4.671696715778899112e-01,1.000000000000000000e+00,5.000000000000000000e-01,2.000000000000000111e-01,0.000000000000000000e+00,-1.022325063884786278e+00,-1.022325063884786278e+00,-2.587218979085037951e+00,-6.995813857075130482e-01
6.987554167122547177e-01,1.903366958745806414e+00,6.113184946246066342e-01,1.000000000000000000e+00,5.000000000000000000e-01,2.000000000000000111e-01,0.000000000000000000e+00,-2.032717740526658101e+00,-2.032717740526658101e+00,-3.104358369253460204e+00,-1.329987972414762964e+00
2.006230044945491287e+00,7.178649300364973174e-01,1.065730502231484467e-01,1.000000000000000000e+00,5.000000000000000000e-01,2.000000000000000111e-01,0.000000000000000000e+00,-4.138164099815777597e+00,-4.138164099815777597e+00,-3.672640424833345740e+00,-1.440202190851914033e+00
1.983910257013620893e+00,2.715454964067274268e-01,3.704663220959556469e-01,1.000000000000000000e+00,5.000000000000000000e-01,2.000000000000000111e-01,0.000000000000000000e+00,-3.618748448858047695e+00,-3.618748448858047695e+00,-3.398408423039699144e+00,-5.387218955671618792e-01
1.865236299404169351e+00,2.541257246438644923e+00,5.477170645460701648e-01,1.000000000000000000e+00,5.000000000000000000e-01,2.000000000000000111e-01,0.000000000000000000e+00,-9.185944613868537445e+00,-9.185944613868537445e+00,-6.316458067857437797e+00,-4.740045262181247665e+00
-2.645345402321643391e+00,2.039251729110790556e+00,6.077578845157737275e-01,1.000000000000000000e+00,5.000000000000000000e-01,2.000000000000000111e-01,0.000000000000000000e+00,1.184809008904620775e+01,1.184809008904620775e+01,-7.277985185891228781e+00,5.394525185779690979e+00
2.261718237899872364e+00,1.859670877853708326e+00,4.375947817282950236e-01,1.000000000000000000e+00,5.000000000000000000e-01,2.000000000000000111e-01,0.000000000000000000e+00,-8.486558866140324398e+00,-8.486558866140324398e+00,-5.798409519557933933e+00,-4.206051540932998378e+00
1.411347383181618120e-01,2.882344504685789843e+00,5.177786310411580661e-02,1.000000000000000000e+00,5.000000000000000000e-01,2.000000000000000111e-01,0.000000000000000000e+00,-7.279643321742182982e-01,-7.279643321742182982e-01,-5.165906330462266993e+00,-4.067989374116206536e-01
2.215038651379470203e+00,3.253163374935464924e-01,6.999329312485584875e-01,1.000000000000000000e+00,5.000000000000000000e-01,2.000000000000000111e-01,0.000000000000000000e+00,-4.505819674815144005e+00,-4.505819674815144005e+00,-3.996753095983097026e+00,-7.205882614734138158e-01
2.450880449181829235e+00,1.582231450983657695e+00,5.012476443316162822e-01,1.000000000000000000e+00,5.000000000000000000e-01,2.000000000000000111e-01,0.000000000000000000e+00,-8.463113656121304729e+00,-8.463113656121304729e+00,-5.855817167949961544e+00,-3.877860129296444303e+00
-2.513278476482801782e+00,1.555556630582368705e-01,9.639025635331980313e-01,1.000000000000000000e+00,5.000000000000000000e-01,2.000000000000000111e-01,0.000000000000000000e+00,5.718745317227754477e+00,5.718745317227754477e+00,-4.802040002365772331e+00,3.909546998592776101e-01
-5.394335400797780622e-01,2.602387309749791378e+00,3.435227502529752952e-01,1.000000000000000000e+00,5.000000000000000000e-01,2.000000000000000111e-01,0.000000000000000000e+00,2.397462505701201341e+00,2.397462505701201341e+00,-4.560802981471179685e+00,1.403814999157019905e+00
3.389591277087244947e-02,2.530024948372507687e+00,6.801820139092294992e-01,1.000000000000000000e+00,5.000000000000000000e-01,2.000000000000000111e-01,0.000000000000000000e+00,-1.423880151239304559e-01,-1.423880151239304559e-01,-4.201202479435197645e+00,-8.575750495816558683e-02
6.131001530243871400e-01,1.185727872353261603e+00,4.225425114086078793e-02,1.000000000000000000e+00,5.000000000000000000e-01,2.000000000000000111e-01,0.000000000000000000e+00,-1.090186276856580649e+00,-1.090186276856580649e+00,-1.928510372220812563e+00,-7.269699399850656496e-01
2.629831888201884738e+00,1.769158008850628683e+00,6.859831234078092033e-01,1.000000000000000000e+00,5.000000000000000000e-01,2.000000000000000111e-01,0.000000000000000000e+00,-1.038300543632385065e+01,-1.038300543632385065e+01,-6.714569486262255360e+00,-4.652588146943135605e+00
-2.789726515714252120e+00,2.222635284063469552e+00,6.716531299782124709e-02,1.000000000000000000e+00,5.000000000000000000e-01,2.000000000000000111e-01,0.000000000000000000e+00,1.402275173291709898e+01,1.402275173291709898e+01,-8.139598222469459188e+00,6.200544586713939488e+00
6.142154251834739398e-01,1.946419358178578030e+00,6.140680879598493513e-01,1.000000000000000000e+00,5.000000000000000000e-01,2.000000000000000111e-01,0.000000000000000000e+00,-1.824051687692844759e+00,-1.824051687692844759e+00,-3.120630512066143059e+00,-1.195520793668999771e+00
-5.009884594021762894e-02,2.090211307447174427e+00,6.349253777566945534e-01,1.000000000000000000e+00,5.000000000000000000e-01,2.000000000000000111e-01,0.000000000000000000e+00,1.595645053784625345e-01,1.595645053784625345e-01,-3.185997591508738402e+00,1.047171742742968592e-01
-2.194452315648272034e+00,7.950509091043381771e-01,7.131114111033065583e-01,1.000000000000000000e+00,5.000000000000000000e-01,2.000000000000000111e-01,0.000000000000000000e+00,5.001545612257092266e+00,5.001545612257092266e+00,-4.205425553426255902e+00,1.744701308542278673e+00
1.107996991949788068e+00,2.176015315589858279e+00,5.007645923156168744e-01,1.000000000000000000e+00,5.000000000000000000e-01,2.000000000000000111e-01,0.000000000000000000e+00,-4.003251627147424330e+00,-4.003251627147424330e+00,-4.104115727342682263e+00,-2.411018424110231706e+00
1.368475367861856640e+00,2.235520329012005813e+00,4.845388915763507720e-01,1.000000000000000000e+00,5.000000000000000000e-01,2.000000000000000111e-01,0.000000000000000000e+00,-5.300543746994256900e+00,-5.300543746994256900e+00,-4.622410470179760367e+00,-3.059254504607363589e+00
-2.311980854736511048e+00,1.459366401196715568e+00,1.186320498861668238e-01,1.000000000000000000e+00,5.000000000000000000e-01,2.000000000000000111e-01,0.000000000000000000e+00,7.245577469358904565e+00,7.245577469358904565e+00,-5.272028430071827643e+00,3.374027179612528737e+00
-2.374012874639965798e+00,1.627396860921670463e+00,2.521645099889000541e-01,1.000000000000000000e+00,5.000000000000000000e-01,2.000000000000000111e-01,0.000000000000000000e+00,8.193662568798247392e+00,8.193662568798247392e+00,-5.705772548842642067e+00,3.863461099976711388e+00
-7.263084559375121430e-02,1.221428455965857474e+00,8.063416840842179134e-01,1.000000000000000000e+00,5.000000000000000000e-01,2.000000000000000111e-01,0.000000000000000000e+00,1.268859989671592414e-01,1.268859989671592414e-01,-1.749108880360567220e+00,8.871338158907014770e-02
2.740257494328193211e+00,1.831956401870462159e+00,9.563264501958276265e-01,1.000000000000000000e+00,5.000000000000000000e-01,2.000000000000000111e-01,0.000000000000000000e+00,-1.145382241968628811e+01,-1.145382241968628811e+01,-7.183438810310182276e+00,-5.020032259508044881e+00
1.986324754083465649e+00,2.733201822670530134e+00,3.345606418434862173e-01,1.000000000000000000e+00,5.000000000000000000e-01,2.000000000000000111e-01,0.000000000000000000e+00,-1.097304054542880181e+01,-1.097304054542880181e+01,-7.102487718935599048e+00,-5.429026438276521205e+00
9.864723375632236113e-01,1.056676250759224223e-01,5.381625093700478368e-01,1.000000000000000000e+00,5.000000000000000000e-01,2.000000000000000111e-01,0.000000000000000000e+00,-1.183972344528583909e+00,-1.183972344528583909e+00,-1.589459427161063365e+00,-1.042381891133994931e-01
-6.221262565858096671e-01,2.303284888924463480e+00,2.841199149158452064e-01,1.000000000000000000e+00,5.000000000000000000e-01,2.000000000000000111e-01,0.000000000000000000e+00,2.320511561316447757e+00,2.320511561316447757e+00,-3.884785287253972985e+00,1.432934005797238841e+00
2.707098750253776664e+00,2.187156920775951363e+00,2.821626222930854189e-01,1.000000000000000000e+00,5.000000000000000000e-01,2.000000000000000111e-01,0.000000000000000000e+00,-1.314974416307257776e+01,-1.314974416307257776e+01,-7.788857884224407613e+00,-5.920849766841476125e+00
-1.546609745665161739e-01,1.300510626605663855e+00,7.929258479813020566e-01,1.000000000000000000e+00,5.000000000000000000e-01,2.000000000000000111e-01,0.000000000000000000e+00,2.861920830791899739e-01,2.861920830791899739e-01,-1.860015955189446846e+00,2.011382409449425923e-01
-2.168655803694911288e+00,6.284631677165561925e-01,8.345843395443209856e-01,1.000000000000000000e+00,5.000000000000000000e-01,2.000000000000000111e-01,0.000000000000000000e+00,4.636795547465950129e+00,4.636795547465950129e+00,-4.019323773527936794e+00,1.362920296076997939e+00
5.896855101996809623e-01,1.879078422204580878e+00,6.173852599748859138e-01,1.000000000000000000e+00,5.000000000000000000e-01,2.000000000000000111e-01,0.000000000000000000e+00,-1.671766475685948938e+00,-1.671766475685948938e+00,-2.974105258961103893e+00,-1.108065318102919861e+00
-2.441625718164631031e+00,2.289977954908267055e+00,8.693493768761199059e-01,1.000000000000000000e+00,5.000000000000000000e-01,2.000000000000000111e-01,0.000000000000000000e+00,1.175473516739647373e+01,1.175473516739647373e+01,-7.198921205544695390e+00,5.591269068734070480e+00
2.191374855658942522e+00,4.596591236994136409e-01,4.755658698868625578e-03,1.000000000000000000e+00,5.000000000000000000e-01,2.000000000000000111e-01,0.000000000000000000e+00,-4.527529479751003727e+00,-4.527529479751003727e+00,-3.986917509808607374e+00,-1.007285445849118499e+00
1.732188641357490511e-02,1.691515053288156434e+00,9.076167229452669627e-01,1.000000000000000000e+00,5.000000000000000000e-01,2.000000000000000111e-01,0.000000000000000000e+00,-4.210381731713332132e-02,-4.210381731713332132e-02,-2.430791616399571975e+00,-2.930023161990955027e-02
1.424482460757955593e+00,2.233680275269091631e+00,1.031928251816380815e-01,1.000000000000000000e+00,5.000000000000000000e-01,2.000000000000000111e-01,0.000000000000000000e+00,-5.556185066600202838e+00,-5.556185066600202838e+00,-4.712153954667327227e+00,-3.181838375061823321e+00
2.105306557224201569e+00,7.997026686011339258e-01,2.220896310551390140e-02,1.000000000000000000e+00,5.000000000000000000e-01,2.000000000000000111e-01,0.000000000000000000e+00,-4.644780630935562371e+00,-4.644780630935562371e+00,-3.979151599018620367e+00,-1.683619272035659975e+00
1.732592632659382126e+00,2.476088491824513405e+00,1.157040116371621519e-01,1.000000000000000000e+00,5.000000000000000000e-01,2.000000000000000111e-01,0.000000000000000000e+00,-8.084073741071144070e+00,-8.084073741071144070e+00,-5.866633448120238015e+00,-4.290052678747832360e+00
1.748206852250666188e+00,1.636908742462823696e+00,2.529106448403621865e-01,1.000000000000000000e+00,5.000000000000000000e-01,2.000000000000000111e-01,0.000000000000000000e+00,-5.158924427506050847e+00,-5.158924427506050847e+00,-4.173471434529321122e+00,-2.861655080082529334e+00
1.713685245445289773e+00,2.290545563285222297e-01,5.405795015477458110e-01,1.000000000000000000e+00,5.000000000000000000e-01,2.000000000000000111e-01,0.000000000000000000e+00,-2.765162101602424372e+00,-2.765162101602424372e+00,-2.788263267161558367e+00,-3.925274135822055532e-01
-6.859638778065288989e-01,2.499568215320467246e+00,5.856626995551583725e-02,1.000000000000000000e+00,5.000000000000000000e-01,2.000000000000000111e-01,0.000000000000000000e+00,2.893416160525123626e+00,2.893416160525123626e+00,-4.406248496513395452e+00,1.714613505823172401e+00
-2.827840242388218961e+00,1.005621882753215957e-01,9.125840303151659949e-01,1.000000000000000000e+00,5.000000000000000000e-01,2.000000000000000111e-01,0.000000000000000000e+00,7.364805817094326912e+00,7.364805817094326912e+00,-5.803064638737517988e+00,2.843738028675751317e-01
-1.477016416526997000e+00,2.473672313737216744e+00,4.367913064264633549e-01,1.000000000000000000e+00,5.000000000000000000e-01,2.000000000000000111e-01,0.000000000000000000e+00,6.640433705638534967e+00,6.640433705638534967e+00,-5.368473854689169045e+00,3.653654616498189345e+00
9.029998261402027993e-01,1.655425573729979893e+00,9.828867224172656014e-01,1.000000000000000000e+00,5.000000000000000000e-01,2.000000000000000111e-01,0.000000000000000000e+00,-2.287568242571371702e+00,-2.287568242571371702e+00,-2.859462126685158534e+00,-1.494849005266217334e+00
-1.101409066783315405e+00,1.750813892435887364e-02,7.112489826932250070e-01,1.000000000000000000e+00,5.000000000000000000e-01,2.000000000000000111e-01,0.000000000000000000e+00,1.368802170412025898e+00,1.368802170412025898e+00,-1.728014426899793676e+00,1.928362295379074803e-02
2.917487908966851506e+00,4.509804282065673631e-01,2.568908186742856481e-01,1.000000000000000000e+00,5.000000000000000000e-01,2.000000000000000111e-01,0.000000000000000000e+00,-8.180749333511228016e+00,-8.180749333511228016e+00,-6.208733092693353939e+00,-1.315729946473353618e+00
-1.107245554691915990e+00,3.815191673834060770e-01,2.026506946922564945e-01,1.000000000000000000e+00,5.000000000000000000e-01,2.000000000000000111e-01,0.000000000000000000e+00,1.459324153639309340e+00,1.459324153639309340e+00,-1.808374068571469095e+00,4.224354021150373839e-01
1.250572610738763579e+00,1.941487748726586915e+00,8.170283392677891721e-01,1.000000000000000000e+00,5.000000000000000000e-01,2.000000000000000111e-01,0.000000000000000000e+00,-3.998673045500495515e+00,-3.998673045500495515e+00,-3.823046452065695711e+00,-2.427971402642332244e+00
-2.265008713048064060e+00,2.300461592456018778e+00,5.751983898831564135e-01,1.000000000000000000e+00,5.000000000000000000e-01,2.000000000000000111e-01,0.000000000000000000e+00,1.058238042055149641e+01,1.058238042055149641e+01,-6.724220451292829637e+00,5.210565550945307045e+00
-2.683278126147063958e-01,1.090868819963347169e+00,9.434932222715708416e-02,1.000000000000000000e+00,5.000000000000000000e-01,2.000000000000000111e-01,0.000000000000000000e+00,4.318460716773313557e-01,4.318460716773313557e-01,-1.638197280197668748e+00,2.927104443103509257e-01
1.812961544099727540e+00,1.933835136309657532e+00,2.692625462333575470e-01,1.000000000000000000e+00,5.000000000000000000e-01,2.000000000000000111e-01,0.000000000000000000e+00,-6.394723426136500244e+00,-6.394723426136500244e+00,-4.841956903443577431e+00,-3.505968734758263761e+00
2.461593914404845762e+00,1.682730754099232451e+00,1.242737914020010104e-01,1.000000000000000000e+00,5.000000000000000000e-01,2.000000000000000111e-01,0.000000000000000000e+00,-8.929875787506096785e+00,-8.929875787506096785e+00,-6.051458155056668176e+00,-4.142199783872547947e+00
-2.566762675287523443e+00,2.573141234365182051e+00,5.929547650657313040e-01,1.000000000000000000e+00,5.000000000000000000e-01,2.000000000000000111e-01,0.000000000000000000e+00,1.444620757009039735e+01,1.444620757009039735e+01,-8.263490284744685610e+00,6.604642878611815426e+00
1.828660853132571873e+00,7.221389781147705689e-01,8.913599811161293518e-01,1.000000000000000000e+00,5.000000000000000000e-01,2.000000000000000111e-01,0.000000000000000000e+00,-3.528478751938184832e+00,-3.528478751938184832e+00,-3.267142661324050401e+00,-1.320547279799640039e+00
2.791315179013358794e+00,3.801738476255070998e-01,3.679140981588882031e-01,1.000000000000000000e+00,5.000000000000000000e-01,2.000000000000000111e-01,0.000000000000000000e+00,-7.342705764195661011e+00,-7.342705764195661011e+00,-5.747130334363419024e+00,-1.061185031540989643e+00
-2.860716692979110576e+00,1.228126456281551482e+00,2.690790165632694908e-02,1.000000000000000000e+00,5.000000000000000000e-01,2.000000000000000111e-01,0.000000000000000000e+00,9.700367891126475683e+00,9.700367891126475683e+00,-6.664367294802945096e+00,3.513321854573914216e+00
1.882854401784078036e+00,2.505229318365628455e+00,9.382132536292054903e-01,1.000000000000000000e+00,5.000000000000000000e-01,2.000000000000000111e-01,0.000000000000000000e+00,-9.126412017923463793e+00,-9.126412017923463793e+00,-6.265171387789963298e+00,-4.716982049563249291e+00
-2.742796183477475669e+00,7.704765797153837470e-01,8.305431975142391066e-01,1.000000000000000000e+00,5.000000000000000000e-01,2.000000000000000111e-01,0.000000000000000000e+00,7.683678172006718654e+00,7.683678172006718654e+00,-5.810575622404122953e+00,2.113260222302133506e+00
1.065326045027259916e+00,2.450720564253974665e+00,3.413323846194282751e-02,1.000000000000000000e+00,5.000000000000000000e-01,2.000000000000000111e-01,0.000000000000000000e+00,-4.506328700093333417e+00,-4.506328700093333417e+00,-4.683967391356714138e+00,-2.610816446183661821e+00
2.927559311563397770e+00,2.672244880418175317e-01,2.808551593022626802e-01,1.000000000000000000e+00,5.000000000000000000e-01,2.000000000000000111e-01,0.000000000000000000e+00,-8.050276275892992217e+00,-8.050276275892992217e+00,-6.178066577137538928e+00,-7.823155382445847739e-01
-2.487332845862152642e+00,2.575883782192382121e+00,3.829877164934484268e-01,1.000000000000000000e+00,5.000000000000000000e-01,2.000000000000000111e-01,0.000000000000000000e+00,1.381701846419399260e+01,1.381701846419399260e+01,-8.029683441343696160e+00,6.407080338570743550e+00
1.477366810523188079e+00,1.340279953489832421e+00,9.847888540882898667e-01,1.000000000000000000e+00,5.000000000000000000e-01,2.000000000000000111e-01,0.000000000000000000e+00,-3.449204917381250901e+00,-3.449204917381250901e+00,-3.207742792564628687e+00,-1.980085120095440576e+00
-2.337115151002655544e+00,2.490926654277894503e+00,3.233529266131018876e-02,1.000000000000000000e+00,5.000000000000000000e-01,2.000000000000000111e-01,0.000000000000000000e+00,1.214079727797996355e+01,1.214079727797996355e+01,-7.379622135923733062e+00,5.821582423749220858e+00
5.032840626976420317e-01,1.396870865149308472e+00,9.956105076195326253e-01,1.000000000000000000e+00,5.000000000000000000e-01,2.000000000000000111e-01,0.000000000000000000e+00,-1.019795978918700774e+00,-1.019795978918700774e+00,-2.127601015610755208e+00,-7.030228440763139908e-01
-9.203061168213384491e-01,1.580381472751145822e+00,6.217252574600726778e-01,1.000000000000000000e+00,5.000000000000000000e-01,2.000000000000000111e-01,0.000000000000000000e+00,2.225480082194631226e+00,2.225480082194631226e+00,-2.756980808902803393e+00,1.454434736283994889e+00
3.490044208031672923e-01,2.087164777248904368e+00,3.998024608220380749e-01,1.000000000000000000e+00,5.000000000000000000e-01,2.000000000000000111e-01,0.000000000000000000e+00,-1.117682895648441255e+00,-1.117682895648441255e+00,-3.251210855138326750e+00,-7.284297342045255030e-01
1.548978100658356283e+00,5.005908437822808033e-01,4.055445922861553587e-01,1.000000000000000000e+00,5.000000000000000000e-01,2.000000000000000111e-01,0.000000000000000000e+00,-2.486361138716179475e+00,-2.486361138716179475e+00,-2.564895490230829633e+00,-7.754042544088413091e-01
-1.839443819375499389e+00,7.582893981218330470e-02,6.643845324300797772e-01,1.000000000000000000e+00,5.000000000000000000e-01,2.000000000000000111e-01,0.000000000000000000e+00,3.089503584612510956e+00,3.089503584612510956e+00,-3.033007152839755083e+00,1.394830746673173250e-01
-1.203440941114827023e+00,1.166590121479409214e+00,3.112864136559305717e-01,1.000000000000000000e+00,5.000000000000000000e-01,2.000000000000000111e-01,0.000000000000000000e+00,2.370923398477508215e+00,2.370923398477508215e+00,-2.549428315017475910e+00,1.403922313688440671e+00
-2.306680539606533742e+00,4.010004137516720579e-01,2.994084008194707325e-01,1.000000000000000000e+00,5.000000000000000000e-01,2.000000000000000111e-01,0.000000000000000000e+00,4.946804872245063933e+00,4.946804872245063933e+00,-4.272865732994200805e+00,9.249798507751502141e-01
-5.537185669219564232e-01,6.838248178090930995e-01,7.918639701311451784e-01,1.000000000000000000e+00,5.000000000000000000e-01,2.000000000000000111e-01,0.000000000000000000e+00,7.171369965596676721e-01,7.171369965596676721e-01,-1.417770741538282753e+00,3.786464981429189525e-01
-2.514203647388700169e+00,5.052015668695067907e-01,3.237793199052366733e-01,1.000000000000000000e+00,5.000000000000000000e-01,2.000000000000000111e-01,0.000000000000000000e+00,6.013618881236770797e+00,6.013618881236770797e+00,-4.920346299909288845e+00,1.270179622089800286e+00
-2.828235261641869336e+00,3.526433756856903745e-01,8.103258445761305495e-01,1.000000000000000000e+00,5.000000000000000000e-01,2.000000000000000111e-01,0.000000000000000000e+00,7.528653702548752769e+00,7.528653702548752769e+00,-5.861527492324171362e+00,9.973584298986905017e-01
1.397763863270592211e+00,2.545135545349204165e+00,3.394710386766593979e-01,1.000000000000000000e+00,5.000000000000000000e-01,2.000000000000000111e-01,0.000000000000000000e+00,-6.471096297284126386e+00,-6.471096297284126386e+00,-5.411103762579074328e+00,-3.557498492414609359e+00
1.225189277982462244e+00,1.864570035726046404e+00,6.824835322961269046e-01,1.000000000000000000e+00,5.000000000000000000e-01,2.000000000000000111e-01,0.000000000000000000e+00,-3.722772493026456075e+00,-3.722772493026456075e+00,-3.638963969193627079e+00,-2.284451215818928738e+00
-2.826038553947648246e+00,1.060482077413353652e+00,7.180074894863608392e-04,1.000000000000000000e+00,5.000000000000000000e-01,2.000000000000000111e-01,0.000000000000000000e+00,8.929179392657125902e+00,8.929179392657125902e+00,-6.354207463296580372e+00,2.996963236540632014e+00
9.221333986360713553e-01,2.668108649634910901e+00,5.403622443945625964e-01,1.000000000000000000e+00,5.000000000000000000e-01,2.000000000000000111e-01,0.000000000000000000e+00,-4.361200293709280196e+00,-4.361200293709280196e+00,-5.069599886056380456e+00,-2.460352097018139172e+00
1.049268213758532298e+00,2.917722778649123327e-02,4.412803503377272785e-01,1.000000000000000000e+00,5.000000000000000000e-01,2.000000000000000111e-01,0.000000000000000000e+00,-1.280756101040905426e+00,-1.280756101040905426e+00,-1.661003925953064897e+00,-3.061473768195747264e-02
-9.368044236680042047e-01,2.737490549488020175e+00,7.830776417677941525e-01,1.000000000000000000e+00,5.000000000000000000e-01,2.000000000000000111e-01,0.000000000000000000e+00,4.611370836757315850e+00,4.611370836757315850e+00,-5.273488771190477209e+00,2.564493256509732699e+00
-1.233450243829972592e+00,2.396492755616578041e+00,6.091148757716939866e-01,1.000000000000000000e+00,5.000000000000000000e-01,2.000000000000000111e-01,0.000000000000000000e+00,5.150726222629549156e+00,5.150726222629549156e+00,-4.784428466263901392e+00,2.955954573752030967e+00
-1.621600113086652639e+00,1.407454957378548865e+00,6.553584783906650779e-01,1.000000000000000000e+00,5.000000000000000000e-01,2.000000000000000111e-01,0.000000000000000000e+00,4.080565520432586801e+00,4.080565520432586801e+00,-3.568216884582313675e+00,2.282329118049424732e+00
6.162342803218079368e-01,2.809409765272085302e+00,1.730416040172612080e-01,1.000000000000000000e+00,5.000000000000000000e-01,2.000000000000000111e-01,0.000000000000000000e+00,-3.094938415747933824e+00,-3.094938415747933824e+00,-5.174238427549318509e+00,-1.731254604831502952e+00
-2.199841140467608813e+00,1.042209234052271949e+00,8.596587180660046901e-01,1.000000000000000000e+00,5.000000000000000000e-01,2.000000000000000111e-01,0.000000000000000000e+00,5.523713665375937332e+00,5.523713665375937332e+00,-4.446680669748209525e+00,2.292694750043422935e+00
2.901698178897405000e-01,4.190187895746529945e-01,8.252504703331212665e-01,1.000000000000000000e+00,5.000000000000000000e-01,2.000000000000000111e-01,0.000000000000000000e+00,-3.205297281279244070e-01,-3.205297281279244070e-01,-1.138307486936802615e+00,-1.215866058632565500e-01
-5.642455780538782051e-01,3.034342479022976713e-01,5.179830672736234209e-01,1.000000000000000000e+00,5.000000000000000000e-01,2.000000000000000111e-01,0.000000000000000000e+00,6.261494038462296352e-01,6.261494038462296352e-01,-1.237060014812029651e+00,1.712114326089757277e-01
7.443018236572562785e-02,2.192382222762025101e+00,6.573376439969982332e-01,1.000000000000000000e+00,5.000000000000000000e-01,2.000000000000000111e-01,0.000000000000000000e+00,-2.533884661339794730e-01,-2.533884661339794730e-01,-3.406593816569676303e+00,-1.631794086555524437e-01
1.552433398586372526e+00,8.969725813314461949e-01,2.703204860648911190e-01,1.000000000000000000e+00,5.000000000000000000e-01,2.000000000000000111e-01,0.000000000000000000e+00,-2.925234413850121840e+00,-2.925234413850121840e+00,-2.848309580058059787e+00,-1.392490192875168509e+00
-1.648042573045270798e+00,7.992271631334244564e-01,2.745001656917008814e-01,1.000000000000000000e+00,5.000000000000000000e-01,2.000000000000000111e-01,0.000000000000000000e+00,3.069629088916610904e+00,3.069629088916610904e+00,-2.949008622686957182e+00,1.317160390378081303e+00
-1.122786201358481506e+00,2.415308775623531634e+00,5.509095718851266810e-01,1.000000000000000000e+00,5.000000000000000000e-01,2.000000000000000111e-01,0.000000000000000000e+00,4.680882213046928086e+00,4.680882213046928086e+00,-4.673247553178627278e+00,2.711875365290150164e+00
-1.104516734783054233e-01,2.613262179649772143e+00,4.414828278200909617e-01,1.000000000000000000e+00,5.000000000000000000e-01,2.000000000000000111e-01,0.000000000000000000e+00,4.878660937206814041e-01,4.878660937206814041e-01,-4.421889353098434228e+00,2.886391809798813379e-01
-1.047910045767389775e+00,1.153286112962937704e+00,1.261187504727304676e-01,1.000000000000000000e+00,5.000000000000000000e-01,2.000000000000000111e-01,0.000000000000000000e+00,1.974951550114570464e+00,1.974951550114570464e+00,-2.323903707588708567e+00,1.208540103417887090e+00
1.095354305427886032e+00,1.033246930015820020e+00,8.760608404627071577e-01,1.000000000000000000e+00,5.000000000000000000e-01,2.000000000000000111e-01,0.000000000000000000e+00,-1.942895455716816100e+00,-1.942895455716816100e+00,-2.253680241845202659e+00,-1.131771473362974012e+00
-2.145838957063462615e+00,1.544382084201041838e+00,7.157371271578071292e-01,1.000000000000000000e+00,5.000000000000000000e-01,2.000000000000000111e-01,0.000000000000000000e+00,6.681033064052073200e+00,6.681033064052073200e+00,-4.955332908791302948e+00,3.313995240869460179e+00
2.497506997542059182e+00,1.208510579408171637e+00,1.925634174500844287e-01,1.000000000000000000e+00,5.000000000000000000e-01,2.000000000000000111e-01,0.000000000000000000e+00,-7.436969321166462699e+00,-7.436969321166462699e+00,-5.472773631933668170e+00,-3.018263628675517118e+00
2.657182300872267255e+00,2.639792043709145997e+00,9.324402569738456936e-01,1.000000000000000000e+00,5.000000000000000000e-01,2.000000000000000111e-01,0.000000000000000000e+00,-1.566774215476545784e+01,-1.566774215476545784e+01,-8.720621685056357819e+00,-7.014408696527373088e+00
-2.243182442094320717e+00,1.594138068744046066e+00,5.719995073715753442e-01,1.000000000000000000e+00,5.000000000000000000e-01,2.000000000000000111e-01,0.000000000000000000e+00,7.350934849593432574e+00,7.350934849593432574e+00,-5.289758572221643362e+00,3.575942526080793549e+00
-8.025098827094057086e-02,7.980484841306003663e-01,4.697422527784773649e-01,1.000000000000000000e+00,5.000000000000000000e-01,2.000000000000000111e-01,0.000000000000000000e+00,1.059095352923141303e-01,1.059095352923141303e-01,-1.322304824182652050e+00,6.404417953960671317e-02
-9.258292721761876010e-01,1.709387964889919065e-02,8.641919052050721639e-01,1.000000000000000000e+00,5.000000000000000000e-01,2.000000000000000111e-01,0.000000000000000000e+00,1.084681270553579768e+00,1.084681270553579768e+00,-1.514442005091699128e+00,1.582601415400768444e-02
-9.338140435962416497e-01,2.837095520453602582e+00,1.034007347830762091e-01,1.000000000000000000e+00,5.000000000000000000e-01,2.000000000000000111e-01,0.000000000000000000e+00,4.854859273143032006e+00,4.854859273143032006e+00,-5.547760696899486810e+00,2.649319640023562350e+00
-1.799148971392151131e+00,1.012268348406747398e+00,9.143557973949134610e-02,1.000000000000000000e+00,5.000000000000000000e-01,2.000000000000000111e-01,0.000000000000000000e+00,3.885677823047843038e+00,3.885677823047843038e+00,-3.454505817349923902e+00,1.821221557808831326e+00
2.287999970463019395e-01,2.826190164746784639e+00,9.766702151757196138e-01,1.000000000000000000e+00,5.000000000000000000e-01,2.000000000000000111e-01,0.000000000000000000e+00,-1.144948432464246713e+00,-1.144948432464246713e+00,-5.025085086844761406e+00,-6.466323013463519676e-01
1.814858074578614477e+00,2.660600217224815545e+00,1.214724720287256865e-01,1.000000000000000000e+00,5.000000000000000000e-01,2.000000000000000111e-01,0.000000000000000000e+00,-9.433884036250786309e+00,-9.433884036250786309e+00,-6.515622656466284468e+00,-4.828611787456072335e+00
-1.578039168261424985e+00,1.279083213480088910e+00,4.486490238180658174e-01,1.000000000000000000e+00,5.000000000000000000e-01,2.000000000000000111e-01,0.000000000000000000e+00,3.654846741231574825e+00,3.654846741231574825e+00,-3.312151503443601541e+00,2.018443410337270372e+00
1.703344525382502361e+00,6.880263103753602172e-01,9.763773905281307730e-01,1.000000000000000000e+00,5.000000000000000000e-01,2.000000000000000111e-01,0.000000000000000000e+00,-3.094920138702029533e+00,-3.094920138702029533e+00,-2.977519645174691476e+00,-1.171945849096992287e+00
1.489743851774878891e+00,2.168527757790745802e+00,3.152106693189183906e-01,1.000000000000000000e+00,5.000000000000000000e-01,2.000000000000000111e-01,0.000000000000000000e+00,-5.653762149541288196e+00,-5.653762149541288196e+00,-4.682858364495111836e+00,-3.230550894571927234e+00
7.834307160231155365e-01,2.844894773873557492e-01,9.270093491999468194e-01,1.000000000000000000e+00,5.000000000000000000e-01,2.000000000000000111e-01,0.000000000000000000e+00,-9.113021746544071044e-01,-9.113021746544071044e-01,-1.408725343457160495e+00,-2.228777949706180483e-01
2.325293549029979090e+00,1.869627921945047344e-01,1.629879466008615774e-01,1.000000000000000000e+00,5.000000000000000000e-01,2.000000000000000111e-01,0.000000000000000000e+00,-4.880501801430237485e+00,-4.880501801430237485e+00,-4.261671596328844736e+00,-4.347433745985143649e-01
6.133047978221428664e-01,8.646719598678698215e-02,8.845971126437937038e-01,1.000000000000000000e+00,5.000000000000000000e-01,2.000000000000000111e-01,0.000000000000000000e+00,-6.617355415012183828e-01,-6.617355415012183828e-01,-1.229423953009904480e+00,-5.303074615292399652e-02
1.799196326669248336e+00,1.702223552178711241e+00,1.293567755171975975e-03,1.000000000000000000e+00,5.000000000000000000e-01,2.000000000000000111e-01,0.000000000000000000e+00,-5.570678854739270491e+00,-5.570678854739270491e+00,-4.391046963936025449e+00,-3.062634362249816888e+00
2.732559029071066625e+00,2.341772725634873709e+00,5.057060503423952413e-01,1.000000000000000000e+00,5.000000000000000000e-01,2.000000000000000111e-01,0.000000000000000000e+00,-1.430583601634618773e+01,-1.430583601634618773e+01,-8.222077057678379930e+00,-6.399032205465935874e+00
2.124534441300179211e+00,1.942073905581316318e+00,9.351233672915584272e-01,1.000000000000000000e+00,5.000000000000000000e-01,2.000000000000000111e-01,0.000000000000000000e+00,-8.048915252707921297e+00,-8.048915252707921297e+00,-5.594013482732333564e+00,-4.126002899957859071e+00
4.556178739253762267e-01,2.781301771372972631e+00,7.795128428562526635e-01,1.000000000000000000e+00,5.000000000000000000e-01,2.000000000000000111e-01,0.000000000000000000e+00,-2.236781823523064094e+00,-2.236781823523064094e+00,-4.992372359945385085e+00,-1.267210799817836575e+00
-1.251572103069690245e+00,2.389143608946724395e-01,6.813169235830041082e-01,1.000000000000000000e+00,5.000000000000000000e-01,2.000000000000000111e-01,0.000000000000000000e+00,1.679392716884813286e+00,1.679392716884813286e+00,-1.968399673430227370e+00,2.990185491184961242e-01
6.245658509195171071e-01,2.199018086643524494e+00,4.765492831419034792e-01,1.000000000000000000e+00,5.000000000000000000e-01,2.000000000000000111e-01,0.000000000000000000e+00,-2.183392760196223747e+00,-2.183392760196223747e+00,-3.651889773973566289e+00,-1.373431602471921309e+00
1.327187411016065965e+00,2.107449782241128666e+00,7.748738594487224463e-01,1.000000000000000000e+00,5.000000000000000000e-01,2.000000000000000111e-01,0.000000000000000000e+00,-4.741984316456086646e+00,-4.741984316456086646e+00,-4.277528146709807189e+00,-2.796980820338975438e+00
1.317437375315479997e+00,2.162596315246140488e+00,7.158416008112165052e-01,1.000000000000000000e+00,5.000000000000000000e-01,2.000000000000000111e-01,0.000000000000000000e+00,-4.855467694886749896e+00,-4.855467694886749896e+00,-4.379796154084976578e+00,-2.849085213424803698e+00
-6.131312115238225502e-01,1.540392410062658923e+00,1.605872770657398307e-01,1.000000000000000000e+00,5.000000000000000000e-01,2.000000000000000111e-01,0.000000000000000000e+00,1.386651640461985524e+00,1.386651640461985524e+00,-2.411962318016125817e+00,9.444626646038188911e-01
1.497555716477133814e+00,4.064696455073104620e-01,7.171690391030282052e-01,1.000000000000000000e+00,5.000000000000000000e-01,2.000000000000000111e-01,0.000000000000000000e+00,-2.292972568114112430e+00,-2.292972568114112430e+00,-2.428212660731424499e+00,-6.087109412039068967e-01
-1.007126186566910553e+00,1.035830024339718936e+00,8.106757483388570273e-01,1.000000000000000000e+00,5.000000000000000000e-01,2.000000000000000111e-01,0.000000000000000000e+00,1.751727359054442434e+00,1.751727359054442434e+00,-2.145053813063095838e+00,1.043211542344771203e+00
-2.231676717195654192e+00,7.286514183690875335e-01,6.750474879967517383e-01,1.000000000000000000e+00,5.000000000000000000e-01,2.000000000000000111e-01,0.000000000000000000e+00,5.047032051866530367e+00,5.047032051866530367e+00,-4.253695026789545253e+00,1.626114405325882473e+00
2.748750324593281391e+00,2.874468847569214169e+00,2.359506337081634930e-01,1.000000000000000000e+00,5.000000000000000000e-01,2.000000000000000111e-01,0.000000000000000000e+00,-1.825833007185956092e+01,-1.825833007185956092e+01,-9.664662585993944788e+00,-7.901197177789152981e+00
2.510642276151580532e+00,2.325890550555229197e+00,3.910127013774079563e-01,1.000000000000000000e+00,5.000000000000000000e-01,2.000000000000000111e-01,0.000000000000000000e+00,-1.246671562268335265e+01,-1.246671562268335265e+01,-7.486878209860807765e+00,-5.839479145925433379e+00
-4.567057382601746873e-01,2.740524552772762412e+00,2.117622132750774933e-01,1.000000000000000000e+00,5.000000000000000000e-01,2.000000000000000111e-01,0.000000000000000000e+00,2.190796161505679684e+00,2.190796161505679684e+00,-4.880385490991037578e+00,1.251613289094219539e+00
3.009262511683568064e-01,1.729239090655473099e+00,3.732281016140525098e-01,1.000000000000000000e+00,5.000000000000000000e-01,2.000000000000000111e-01,0.000000000000000000e+00,-7.563014677542942987e-01,-7.563014677542942987e-01,-2.549467881510828704e+00,-5.203734369247298153e-01
-2.907184303346516785e+00,1.743725026125021449e-01,4.067560522864454020e-01,1.000000000000000000e+00,5.000000000000000000e-01,2.000000000000000111e-01,0.000000000000000000e+00,7.865523769082876093e+00,7.865523769082876093e+00,-6.086235229008297942e+00,5.069330025303157017e-01
2.714224443387548646e+00,2.238769289195813084e+00,8.041610787859897469e-01,1.000000000000000000e+00,5.000000000000000000e-01,2.000000000000000111e-01,0.000000000000000000e+00,-1.351533630308507128e+01,-1.351533630308507128e+01,-7.926252562572633664e+00,-6.076522327840643278e+00
-8.755794075369562890e-01,1.086967427471977388e+00,7.476644381015884466e-01,1.000000000000000000e+00,5.000000000000000000e-01,2.000000000000000111e-01,0.000000000000000000e+00,1.527077866058606626e+00,1.527077866058606626e+00,-2.050732673534184869e+00,9.517262961578835112e-01
6.682421599067236428e-01,1.956486965863383665e+00,1.761260335517187414e-01,1.000000000000000000e+00,5.000000000000000000e-01,2.000000000000000111e-01,0.000000000000000000e+00,-2.006884995886276002e+00,-2.006884995886276002e+00,-3.181849174362736399e+00,-1.307407075897899729e+00
-2.190820465222196312e+00,1.313637640758181568e+00,8.078992376814841947e-01,1.000000000000000000e+00,5.000000000000000000e-01,2.000000000000000111e-01,0.000000000000000000e+00,6.184162102285602813e+00,6.184162102285602813e+00,-4.742638512110201710e+00,2.877944227259227716e+00
-2.169308950069178010e+00,1.704961511085694159e+00,7.006269951357051440e-01,1.000000000000000000e+00,5.000000000000000000e-01,2.000000000000000111e-01,0.000000000000000000e+00,7.363995039795554476e+00,7.363995039795554476e+00,-5.276987669651950874e+00,3.698588265521666418e+00
5.212395490583920932e-01,4.833863550448296298e-01,3.325413782132499163e-01,1.000000000000000000e+00,5.000000000000000000e-01,2.000000000000000111e-01,0.000000000000000000e+00,-6.104597669884631594e-01,-6.104597669884631594e-01,-1.279845584623320764e+00,-2.519600857245468117e-01
1.040506960515282131e+00,2.697024545502948456e+00,5.833300905638154621e-01,1.000000000000000000e+00,5.000000000000000000e-01,2.000000000000000111e-01,0.000000000000000000e+00,-5.050102246054429145e+00,-5.050102246054429145e+00,-5.286563540451143517e+00,-2.806272812276382922e+00
2.873591413202047917e+00,9.444566996231598122e-01,1.085888198200544164e-01,1.000000000000000000e+00,5.000000000000000000e-01,2.000000000000000111e-01,0.000000000000000000e+00,-8.900963054071095115e+00,-8.900963054071095115e+00,-6.400515794748661946e+00,-2.713982662178257677e+00
1.198378125659032456e+00,2.583999181704077053e+00,1.658171624504224395e-01,1.000000000000000000e+00,5.000000000000000000e-01,2.000000000000000111e-01,0.000000000000000000e+00,-5.543395112476185105e+00,-5.543395112476185105e+00,-5.200191964758502650e+00,-3.096608096075005534e+00
6.665145351610033408e-01,2.721894312261085691e+00,2.647851921740129733e-01,1.000000000000000000e+00,5.000000000000000000e-01,2.000000000000000111e-01,0.000000000000000000e+00,-3.194739235314642212e+00,-3.194739235314642212e+00,-4.970899298908157071e+00,-1.814182122294076382e+00
6.274663442463581653e-01,1.713024985187477700e+00,7.749196889359737384e-01,1.000000000000000000e+00,5.000000000000000000e-01,2.000000000000000111e-01,0.000000000000000000e+00,-1.597510552820535557e+00,-1.597510552820535557e+00,-2.703455707835412447e+00,-1.074865525058258386e+00
-1.350427755181537570e+00,4.835919837650385356e-01,1.844484911283570394e-01,1.000000000000000000e+00,5.000000000000000000e-01,2.000000000000000111e-01,0.000000000000000000e+00,2.000876985933238927e+00,2.000876985933238927e+00,-2.211123676559690665e+00,6.530560370596075748e-01
-7.812317305114828692e-01,1.205368491462822433e+00,2.759037099051527830e-01,1.000000000000000000e+00,5.000000000000000000e-01,2.000000000000000111e-01,0.000000000000000000e+00,1.444123418664094549e+00,1.444123418664094549e+00,-2.092650410160459717e+00,9.416721124895163220e-01
7.537131791779585477e-01,1.521908239039059918e+00,5.148043550963276038e-01,1.000000000000000000e+00,5.000000000000000000e-01,2.000000000000000111e-01,0.000000000000000000e+00,-1.712224591384985173e+00,-1.712224591384985173e+00,-2.498952477907413261e+00,-1.147082297263258388e+00
-2.182961649628289535e+00,8.715365590012149610e-01,4.153134960833548828e-01,1.000000000000000000e+00,5.000000000000000000e-01,2.000000000000000111e-01,0.000000000000000000e+00,5.092527104246484804e+00,5.092527104246484804e+00,-4.238980925086557328e+00,1.902530884548655266e+00
-1.185897778352761112e+00,2.259787358856307771e-01,2.083654575214853866e-01,1.000000000000000000e+00,5.000000000000000000e-01,2.000000000000000111e-01,0.000000000000000000e+00,1.549735844926941386e+00,1.549735844926941386e+00,-1.869345318957442714e+00,2.679876808417349099e-01
-1.992331019026337913e+00,2.854738207747924417e+00,5.236748487919239414e-01,1.000000000000000000e+00,5.000000000000000000e-01,2.000000000000000111e-01,0.000000000000000000e+00,1.169227688902343054e+01,1.169227688902343054e+01,-7.456394851012631442e+00,5.687583482495844223e+00
-2.783700375018875128e+00,1.813539215644956570e+00,9.981480902561352675e-01,1.000000000000000000e+00,5.000000000000000000e-01,2.000000000000000111e-01,0.000000000000000000e+00,1.167556257517214391e+01,1.167556257517214391e+01,-7.293854910069198283e+00,5.048349794702302162e+00
-2.917094395755199798e-01,1.535996571288240187e+00,5.071465644615543722e-01,1.000000000000000000e+00,5.000000000000000000e-01,2.000000000000000111e-01,0.000000000000000000e+00,6.407869280454828731e-01,6.407869280454828731e-01,-2.230699371787093099e+00,4.480646990004127916e-01
-7.608163525047477727e-01,3.023050147139973998e-01,8.627621138536208933e-01,1.000000000000000000e+00,5.000000000000000000e-01,2.000000000000000111e-01,0.000000000000000000e+00,8.836596365031457179e-01,8.836596365031457179e-01,-1.392999074303792328e+00,2.299985986385976178e-01
3.578316102386480679e-01,1.563636998337121664e+00,8.391087911657632015e-01,1.000000000000000000e+00,5.000000000000000000e-01,2.000000000000000111e-01,0.000000000000000000e+00,-8.044373152537057647e-01,-8.044373152537057647e-01,-2.299306408055952211e+00,-5.595187449436984650e-01
-6.100522913227859334e-01,2.422970359771515980e+00,1.526829063081324156e-01,1.000000000000000000e+00,5.000000000000000000e-01,2.000000000000000111e-01,0.000000000000000000e+00,2.446203198571619719e+00,2.446203198571619719e+00,-4.158690961054563928e+00,1.478138619785808405e+00
-2.562237642653580671e+00,5.434256787111195752e-01,4.967756668930665143e-01,1.000000000000000000e+00,5.000000000000000000e-01,2.000000000000000111e-01,0.000000000000000000e+00,6.304816384822196085e+00,6.304816384822196085e+00,-5.086692776599908150e+00,1.392385729978201203e+00
2.166328084611153670e+00,2.746258795445743139e+00,4.372738782681494518e-01,1.000000000000000000e+00,5.000000000000000000e-01,2.000000000000000111e-01,0.000000000000000000e+00,-1.236878919029989632e+01,-1.236878919029989632e+01,-7.586755107886570926e+00,-5.949297556184510505e+00
-2.764658264839241042e+00,6.083876921559346895e-01,8.166414891733514425e-01,1.000000000000000000e+00,5.000000000000000000e-01,2.000000000000000111e-01,0.000000000000000000e+00,7.502549498919965920e+00,7.502549498919965920e+00,-5.771068984789766709e+00,1.681984061345376702e+00
-2.870404685043214776e+00,3.961848040107810442e-01,7.011965133982797083e-01,1.000000000000000000e+00,5.000000000000000000e-01,2.000000000000000111e-01,0.000000000000000000e+00,7.825658379838656309e+00,7.825658379838656309e+00,-6.022015033015353680e+00,1.137210717575473762e+00
-2.865686241446605553e+00,2.303540660402686235e+00,6.302229155131664484e-01,1.000000000000000000e+00,5.000000000000000000e-01,2.000000000000000111e-01,0.000000000000000000e+00,1.517547451184107921e+01,1.517547451184107921e+01,-8.580444367714047615e+00,6.601224777128805954e+00
1.736519266425546881e+00,5.589731404854199059e-01,8.964546254177716555e-01,1.000000000000000000e+00,5.000000000000000000e-01,2.000000000000000111e-01,0.000000000000000000e+00,-3.055102311356124201e+00,-3.055102311356124201e+00,-2.965524983492338507e+00,-9.706676278673255220e-01
-7.894553654683149624e-01,2.654822205632787036e+00,1.092213547767404425e-01,1.000000000000000000e+00,5.000000000000000000e-01,2.000000000000000111e-01,0.000000000000000000e+00,3.669932020749153700e+00,3.669932020749153700e+00,-4.897984336200495115e+00,2.095863634601229819e+00
2.676983652636026001e+00,7.923379948675248752e-01,1.185726362834219616e-01,1.000000000000000000e+00,5.000000000000000000e-01,2.000000000000000111e-01,0.000000000000000000e+00,-7.354070406099856960e+00,-7.354070406099856960e+00,-5.613644634943657508e+00,-2.121075859622771453e+00
-1.098695950318292258e+00,2.592060621995940783e-01,4.852586817340981407e-01,1.000000000000000000e+00,5.000000000000000000e-01,2.000000000000000111e-01,0.000000000000000000e+00,1.400859804537181841e+00,1.400859804537181841e+00,-1.757873566087999162e+00,2.847886508366453961e-01
-5.474089668583292934e-01,1.858280341303154115e+00,6.551293902591126539e-01,1.000000000000000000e+00,5.000000000000000000e-01,2.000000000000000111e-01,0.000000000000000000e+00,1.525373823322630606e+00,1.525373823322630606e+00,-2.906396859635025365e+00,1.017239321765903037e+00
1.193453635201158214e+00,5.666717878009985832e-02,6.664495560013823372e-01,1.000000000000000000e+00,5.000000000000000000e-01,2.000000000000000111e-01,0.000000000000000000e+00,-1.535344566176696013e+00,-1.535344566176696013e+00,-1.856204532200363522e+00,-6.762965051170410913e-02
2.685637836023299307e+00,3.283477850821200361e-01,8.601381243194919923e-01,1.000000000000000000e+00,5.000000000000000000e-01,2.000000000000000111e-01,0.000000000000000000e+00,-6.704523651550712060e+00,-6.704523651550712060e+00,-5.381496485752114367e+00,-8.818232349909882473e-01
2.477591059921877559e+00,1.756653767382417408e+00,1.760245189216820272e-01,1.000000000000000000e+00,5.000000000000000000e-01,2.000000000000000111e-01,0.000000000000000000e+00,-9.342023980691903873e+00,-9.342023980691903873e+00,-6.225990705352308474e+00,-4.352269669444762457e+00
-7.463799622027282865e-01,2.227586853018064250e+00,1.049469784489608370e-01,1.000000000000000000e+00,5.000000000000000000e-01,2.000000000000000111e-01,0.000000000000000000e+00,2.681361209515962241e+00,2.681361209515962241e+00,-3.815321422656109185e+00,1.662626191158917299e+00
1.083540182478106573e+00,1.512495542149890237e+00,3.491512711269467717e-01,1.000000000000000000e+00,5.000000000000000000e-01,2.000000000000000111e-01,0.000000000000000000e+00,-2.577344703500359824e+00,-2.577344703500359824e+00,-2.848256978738458400e+00,-1.638849695738414880e+00
-2.632570588346135665e+00,2.495800261895692262e+00,6.934721751982094728e-01,1.000000000000000000e+00,5.000000000000000000e-01,2.000000000000000111e-01,0.000000000000000000e+00,1.448070475799522683e+01,1.448070475799522683e+01,-8.272766215214375052e+00,6.570370363853181850e+00
4.320572861878178017e-01,5.074660944999378476e-01,3.003476883813398501e-01,1.000000000000000000e+00,5.000000000000000000e-01,2.000000000000000111e-01,0.000000000000000000e+00,-5.038201082536221120e-01,-5.038201082536221120e-01,-1.240765017662299075e+00,-2.192544236219738374e-01
8.752413425603373653e-01,2.403827511677821605e+00,7.254757973744829780e-01,1.000000000000000000e+00,5.000000000000000000e-01,2.000000000000000111e-01,0.000000000000000000e+00,-3.538078084033080106e+00,-3.538078084033080106e+00,-4.348821797585686433e+00,-2.103929218604371432e+00
-1.336910555255381050e+00,1.348741469816019389e+00,5.453314591358432439e-01,1.000000000000000000e+00,5.000000000000000000e-01,2.000000000000000111e-01,0.000000000000000000e+00,3.030799949235559509e+00,3.030799949235559509e+00,-2.981949675852689108e+00,1.803146707307693219e+00
9.358359976547112602e-01,2.572230921334234033e+00,2.890276428925577790e-01,1.000000000000000000e+00,5.000000000000000000e-01,2.000000000000000111e-01,0.000000000000000000e+00,-4.195674479752951491e+00,-4.195674479752951491e+00,-4.833659365037814126e+00,-2.407186290465120226e+00
-1.164640634865705238e+00,4.165739768724472381e-01,5.587413557413826171e-01,1.000000000000000000e+00,5.000000000000000000e-01,2.000000000000000111e-01,0.000000000000000000e+00,1.581633809563998128e+00,1.581633809563998128e+00,-1.900599624131898979e+00,4.851589808932585401e-01
1.599581248897054664e+00,1.615900208649064584e+00,4.636511754402907748e-01,1.000000000000000000e+00,5.000000000000000000e-01,2.000000000000000111e-01,0.000000000000000000e+00,-4.506498295463057246e+00,-4.506498295463057246e+00,-3.840762845249882318e+00,-2.584763673843881726e+00
-2.568919300755779123e+00,2.803696798620937125e-01,8.452970346234627286e-01,1.000000000000000000e+00,5.000000000000000000e-01,2.000000000000000111e-01,0.000000000000000000e+00,6.060524677052181453e+00,6.060524677052181453e+00,-4.998911402970324325e+00,7.202470819444514172e-01
1.283121553986554808e-01,5.084180458284172088e-01,8.028192899826395168e-01,1.000000000000000000e+00,5.000000000000000000e-01,2.000000000000000111e-01,0.000000000000000000e+00,-1.453182964516421816e-01,-1.453182964516421816e-01,-1.139122860195822540e+00,-6.523621530381661093e-02
2.700556973047749665e+00,1.058552341703254740e+00,2.311984439102671152e-01,1.000000000000000000e+00,5.000000000000000000e-01,2.000000000000000111e-01,0.000000000000000000e+00,-8.152625360274054600e+00,-8.152625360274054600e+00,-5.936071308868816843e+00,-2.858680907722748632e+00
7.735235675430960356e-01,1.658135695810850407e+00,2.171747840773197158e-01,1.000000000000000000e+00,5.000000000000000000e-01,2.000000000000000111e-01,0.000000000000000000e+00,-1.929457643628643693e+00,-1.929457643628643693e+00,-2.733710218587825480e+00,-1.282607038894162832e+00
2.641304351919917082e+00,1.687451246673688399e+00,8.457238817353224247e-01,1.000000000000000000e+00,5.000000000000000000e-01,2.000000000000000111e-01,0.000000000000000000e+00,-1.008725645666947557e+01,-1.008725645666947557e+01,-6.609639062632949091e+00,-4.457072321491902578e+00
2.683884059979757986e+00,7.290981390795978623e-01,8.486639105677581396e-01,1.000000000000000000e+00,5.000000000000000000e-01,2.000000000000000111e-01,0.000000000000000000e+00,-7.263767894746184339e+00,-7.263767894746184339e+00,-5.587732236652724893e+00,-1.956814873636637309e+00
1.578049009467228814e+00,9.134675289301233958e-01,8.631289512342938952e-01,1.000000000000000000e+00,5.000000000000000000e-01,2.000000000000000111e-01,0.000000000000000000e+00,-3.022372881004305789e+00,-3.022372881004305789e+00,-2.911354668973154425e+00,-1.441496529208658339e+00
1.824803121427122754e+00,2.901224160146793629e+00,3.724795408531915708e-01,1.000000000000000000e+00,5.000000000000000000e-01,2.000000000000000111e-01,0.000000000000000000e+00,-1.071986451319318689e+01,-1.071986451319318689e+01,-7.206494672891836650e+00,-5.294162903395651654e+00
1.407874274164351291e+00,8.169600204503091323e-02,1.273924159178324578e-01,1.000000000000000000e+00,5.000000000000000000e-01,2.000000000000000111e-01,0.000000000000000000e+00,-1.970684844861972707e+00,-1.970684844861972707e+00,-2.192603101487350159e+00,-1.150176995812772496e-01
6.224253048792727228e-02,1.195584698871788421e+00,5.458723610772281409e-01,1.000000000000000000e+00,5.000000000000000000e-01,2.000000000000000111e-01,0.000000000000000000e+00,-1.067762028899022358e-01,-1.067762028899022358e-01,-1.717035865649096715e+00,-7.441621707042664347e-02
1.737586608435745639e+00,2.540813093886589602e+00,9.527607484514651892e-01,1.000000000000000000e+00,5.000000000000000000e-01,2.000000000000000111e-01,0.000000000000000000e+00,-8.395509437113380713e+00,-8.395509437113380713e+00,-6.039389922121914722e+00,-4.414882806475532995e+00
1.731293834085136041e+00,2.049799329076816168e+00,5.865273697626507410e-01,1.000000000000000000e+00,5.000000000000000000e-01,2.000000000000000111e-01,0.000000000000000000e+00,-6.406331353806643314e+00,-6.406331353806643314e+00,-4.899265648706609966e+00,-3.548804939542540726e+00
2.172855814861931023e+00,1.732128926223828191e+00,6.841653340034330455e-01,1.000000000000000000e+00,5.000000000000000000e-01,2.000000000000000111e-01,0.000000000000000000e+00,-7.484175414396135650e+00,-7.484175414396135650e+00,-5.332916743838240770e+00,-3.763666409435997728e+00
-2.957790029036762469e+00,4.693862494373524097e-01,2.987023418836898259e-02,1.000000000000000000e+00,5.000000000000000000e-01,2.000000000000000111e-01,0.000000000000000000e+00,8.458883425360125941e+00,8.458883425360125941e+00,-6.359274839102007526e+00,1.388345968352763693e+00
-2.779882452794402603e+00,7.604797838005263877e-01,4.103353724156988402e-01,1.000000000000000000e+00,5.000000000000000000e-01,2.000000000000000111e-01,0.000000000000000000e+00,7.880171821420075773e+00,7.880171821420075773e+00,-5.925812621597183139e+00,2.114044406691964362e+00
-2.164796863067257604e-01,2.981641045872236440e+00,1.765054427430106099e-01,1.000000000000000000e+00,5.000000000000000000e-01,2.000000000000000111e-01,0.000000000000000000e+00,1.180780732353655216e+00,1.180780732353655216e+00,-5.473209735965117062e+00,6.454647182896794400e-01
1.305823310476199595e+00,1.701850766663451253e+00,8.135749540465941898e-02,1.000000000000000000e+00,5.000000000000000000e-01,2.000000000000000111e-01,0.000000000000000000e+00,-3.642180073638956905e+00,-3.642180073638956905e+00,-3.471252726906301156e+00,-2.222316402060926066e+00
-4.852566934885342853e-01,8.675103695773018764e-01,2.192057972966303669e-01,1.000000000000000000e+00,5.000000000000000000e-01,2.000000000000000111e-01,0.000000000000000000e+00,6.907056100766605367e-01,6.907056100766605367e-01,-1.517571555807328609e+00,4.209652135080979019e-01
-7.095148884536963685e-01,2.788684196263208737e+00,2.879452303073480879e-01,1.000000000000000000e+00,5.000000000000000000e-01,2.000000000000000111e-01,0.000000000000000000e+00,3.539813802923406971e+00,3.539813802923406971e+00,-5.190426599406566588e+00,1.978612956444276483e+00
-2.878146782850042662e+00,2.451668838613995760e+00,5.003813636624044880e-01,1.000000000000000000e+00,5.000000000000000000e-01,2.000000000000000111e-01,0.000000000000000000e+00,1.629631410962271687e+01,1.629631410962271687e+01,-8.975577389293480479e+00,7.056262780470571983e+00
6.403881248725928899e-01,2.268936581183150114e+00,6.126222697617252910e-01,1.000000000000000000e+00,5.000000000000000000e-01,2.000000000000000111e-01,0.000000000000000000e+00,-2.341294842946287424e+00,-2.341294842946287424e+00,-3.820094775002242038e+00,-1.453000042678709081e+00
2.730819228473865046e+00,6.968886646466102563e-01,5.413838325124662454e-01,1.000000000000000000e+00,5.000000000000000000e-01,2.000000000000000111e-01,0.000000000000000000e+00,-7.466883487250485452e+00,-7.466883487250485452e+00,-5.717251100618025994e+00,-1.903076965522438213e+00
6.948043992079240283e-01,1.212909725516824189e+00,3.573905861972390685e-01,1.000000000000000000e+00,5.000000000000000000e-01,2.000000000000000111e-01,0.000000000000000000e+00,-1.272968948847323478e+00,-1.272968948847323478e+00,-2.025226893021859542e+00,-8.427350131311650561e-01
-1.529327431496106726e+00,2.531679490534216814e+00,1.525444272597856754e-01,1.000000000000000000e+00,5.000000000000000000e-01,2.000000000000000111e-01,0.000000000000000000e+00,7.145735014425092402e+00,7.145735014425092402e+00,-5.608005957031683586e+00,3.871766892630065904e+00
8.145289761189897781e-01,8.485389261589549870e-01,4.955118451479011421e-01,1.000000000000000000e+00,5.000000000000000000e-01,2.000000000000000111e-01,0.000000000000000000e+00,-1.215847928179569326e+00,-1.215847928179569326e+00,-1.758083626365966268e+00,-6.911595427213607090e-01
-7.792939132329310681e-01,2.891964321881147271e+00,8.985688150534333341e-01,1.000000000000000000e+00,5.000000000000000000e-01,2.000000000000000111e-01,0.000000000000000000e+00,4.132742612414590511e+00,4.132742612414590511e+00,-5.546108221437878960e+00,2.253690193328778957e+00
-8.037156677521828385e-01,1.251769581441782409e+00,8.987552213554689251e-01,1.000000000000000000e+00,5.000000000000000000e-01,2.000000000000000111e-01,0.000000000000000000e+00,1.537231045627642123e+00,1.537231045627642123e+00,-2.171038867265669747e+00,1.006066825020352606e+00
-2.663554567476367207e+00,1.514915874393863104e+00,9.147296177862735966e-01,1.000000000000000000e+00,5.000000000000000000e-01,2.000000000000000111e-01,0.000000000000000000e+00,9.499273415102582163e+00,9.499273415102582163e+00,-6.404198813599792039e+00,4.035061096584228402e+00
1.283814121736912561e+00,2.297542529859085914e+00,8.910429833915280984e-01,1.000000000000000000e+00,5.000000000000000000e-01,2.000000000000000111e-01,0.000000000000000000e+00,-5.095441017936038541e+00,-5.095441017936038541e+00,-4.628258057758317001e+00,-2.949617545124246565e+00
-2.995624688291515625e+00,2.932720601554337225e-01,5.736063108631990204e-01,1.000000000000000000e+00,5.000000000000000000e-01,2.000000000000000111e-01,0.000000000000000000e+00,8.500857041249062718e+00,8.500857041249062718e+00,-6.427264614494890616e+00,8.785330237877317927e-01
2.041959671487725281e+00,1.865113105769163226e+00,5.184518264297942602e-01,1.000000000000000000e+00,5.000000000000000000e-01,2.000000000000000111e-01,0.000000000000000000e+00,-7.296418732681564379e+00,-7.296418732681564379e+00,-5.241083028645302733e+00,-3.808485744743851598e+00
-2.961209600405029896e+00,1.805487320379258520e+00,2.213320331267394359e-01,1.000000000000000000e+00,5.000000000000000000e-01,2.000000000000000111e-01,0.000000000000000000e+00,1.298089074532709475e+01,1.298089074532709475e+01,-7.891149610543688020e+00,5.346426386516612617e+00
1.670759711029331740e+00,5.030878508934720772e-01,7.449855570134638061e-01,1.000000000000000000e+00,5.000000000000000000e-01,2.000000000000000111e-01,0.000000000000000000e+00,-2.814956601797101943e+00,-2.814956601797101943e+00,-2.801411500057596093e+00,-8.405389123811449759e-01
-9.026307926465406695e-01,5.101456298244613219e-01,5.816915569380116668e-01,1.000000000000000000e+00,5.000000000000000000e-01,2.000000000000000111e-01,0.000000000000000000e+00,1.167167282528894123e+00,1.167167282528894123e+00,-1.618969690514731496e+00,4.604731542136222266e-01
-9.049735070447981755e-01,8.676856037115510123e-02,4.019387152785302009e-01,1.000000000000000000e+00,5.000000000000000000e-01,2.000000000000000111e-01,0.000000000000000000e+00,1.056610687999146148e+00,1.056610687999146148e+00,-1.495150620606218395e+00,7.852324838031252141e-02
-5.871629391581612012e-02,1.107010096097996943e+00,6.101034170241692589e-02,1.000000000000000000e+00,5.000000000000000000e-01,2.000000000000000111e-01,0.000000000000000000e+00,9.473434808209259261e-02,9.473434808209259261e-02,-1.614804238334173414e+00,6.499953017026584290e-02
-1.892969868854447402e+00,1.926316371396818106e+00,1.803484326702312623e-01,1.000000000000000000e+00,5.000000000000000000e-01,2.000000000000000111e-01,0.000000000000000000e+00,6.761715566395924526e+00,6.761715566395924526e+00,-5.005348335990196240e+00,3.646458848935209662e+00
-1.758295135397430098e+00,2.206319225723708533e-01,6.873826056996791278e-01,1.000000000000000000e+00,5.000000000000000000e-01,2.000000000000000111e-01,0.000000000000000000e+00,2.888280347329385656e+00,2.888280347329385656e+00,-2.879300292526350447e+00,3.879360361723821482e-01
1.283734137208075055e+00,1.547780592340380235e+00,5.156069810121550745e-01,1.000000000000000000e+00,5.000000000000000000e-01,2.000000000000000111e-01,0.000000000000000000e+00,-3.244518706162845767e+00,-3.244518706162845767e+00,-3.186596382032786057e+00,-1.986938783295481459e+00
2.451845416829337765e+00,5.214361709067190098e-01,7.764545443967457716e-01,1.000000000000000000e+00,5.000000000000000000e-01,2.000000000000000111e-01,0.000000000000000000e+00,-5.733044781811379664e+00,-5.733044781811379664e+00,-4.742875408981148233e+00,-1.278480885806678291e+00
-2.156348295611931309e+00,2.462285771020706004e+00,1.152398731430395173e-01,1.000000000000000000e+00,5.000000000000000000e-01,2.000000000000000111e-01,0.000000000000000000e+00,1.069849177819164687e+01,1.069849177819164687e+01,-6.821328392278605435e+00,5.309545725650009373e+00
-1.348791190076743751e+00,2.104511439139666873e-01,6.767245410201907507e-01,1.000000000000000000e+00,5.000000000000000000e-01,2.000000000000000111e-01,0.000000000000000000e+00,1.869414307439931200e+00,1.869414307439931200e+00,-2.113687446644531676e+00,2.838546488527312062e-01
2.887651376926816837e+00,1.633430287663739655e-02,8.794894342121292174e-01,1.000000000000000000e+00,5.000000000000000000e-01,2.000000000000000111e-01,0.000000000000000000e+00,-7.703790404609198283e+00,-7.703790404609198283e+00,-6.003251689525638035e+00,-4.716777219286164002e-02
1.122382759618824721e+00,1.998795740496885465e+00,3.073754231974068496e-02,1.000000000000000000e+00,5.000000000000000000e-01,2.000000000000000111e-01,0.000000000000000000e+00,-3.647228590724711061e+00,-3.647228590724711061e+00,-3.753438041567987771e+00,-2.243413879133246525e+00
2.501672852352209375e+00,1.060353574603071003e+00,9.767749020323412967e-01,1.000000000000000000e+00,5.000000000000000000e-01,2.000000000000000111e-01,0.000000000000000000e+00,-7.039327811751474151e+00,-7.039327811751474151e+00,-5.317195087704379652e+00,-2.652657751479126080e+00
-6.866547692016613524e-01,2.731330506507458455e+00,6.051654641222270481e-02,1.000000000000000000e+00,5.000000000000000000e-01,2.000000000000000111e-01,0.000000000000000000e+00,3.312684992730328126e+00,3.312684992730328126e+00,-5.012980031129576908e+00,1.875481118559335636e+00
1.609523202781027784e+00,1.164692236236014811e+00,7.279756266053495350e-01,1.000000000000000000e+00,5.000000000000000000e-01,2.000000000000000111e-01,0.000000000000000000e+00,-3.535103633245065602e+00,-3.535103633245065602e+00,-3.232592966748523367e+00,-1.874599178320788040e+00
1.261370910413671886e+00,2.370734381999602736e+00,5.338211889245096931e-01,1.000000000000000000e+00,5.000000000000000000e-01,2.000000000000000111e-01,0.000000000000000000e+00,-5.207446277242814503e+00,-5.207446277242814503e+00,-4.764824699180208789e+00,-2.990375385771832484e+00
1.465847858437198781e+00,1.437410504030709468e+00,3.104689156056387178e-01,1.000000000000000000e+00,5.000000000000000000e-01,2.000000000000000111e-01,0.000000000000000000e+00,-3.610114244412162332e+00,-3.610114244412162332e+00,-3.322300444999862101e+00,-2.107025109028549892e+00
-1.414447551933806224e-01,1.468003348795389407e+00,3.511370515774088208e-01,1.000000000000000000e+00,5.000000000000000000e-01,2.000000000000000111e-01,0.000000000000000000e+00,2.944198378578768982e-01,2.944198378578768982e-01,-2.089520887300268193e+00,2.076413742934268003e-01
-1.240576887547921725e+00,1.167031659990189540e+00,3.584445096779287354e-02,1.000000000000000000e+00,5.000000000000000000e-01,2.000000000000000111e-01,0.000000000000000000e+00,2.467243993442779448e+00,2.467243993442779448e+00,-2.604400056060582003e+00,1.447792504420513771e+00
-8.133159550777033786e-01,2.096768063684038896e+00,7.581026487224810095e-01,1.000000000000000000e+00,5.000000000000000000e-01,2.000000000000000111e-01,0.000000000000000000e+00,2.708760764463280513e+00,2.708760764463280513e+00,-3.595107862113031238e+00,1.705334920291610823e+00
-2.139725695428289942e+00,9.785067813557724037e-02,2.181121029301447134e-02,1.000000000000000000e+00,5.000000000000000000e-01,2.000000000000000111e-01,0.000000000000000000e+00,4.109284543783049415e+00,4.109284543783049415e+00,-3.751843008611444041e+00,2.093736103217777866e-01
-2.527858737413398504e+00,2.435358831766111898e+00,9.609826376239692935e-01,1.000000000000000000e+00,5.000000000000000000e-01,2.000000000000000111e-01,0.000000000000000000e+00,1.325482799488470853e+01,1.325482799488470853e+01,-7.799528197520958273e+00,6.156243101616852620e+00
-7.191213637869520170e-01,1.982397104418495370e+00,9.703616904298650869e-01,1.000000000000000000e+00,5.000000000000000000e-01,2.000000000000000111e-01,0.000000000000000000e+00,2.206534911335704674e+00,2.206534911335704674e+00,-3.275230461316301245e+00,1.425584109296733182e+00
2.141607283598713884e+00,2.196758192117947761e+00,8.357723278036550685e-01,1.000000000000000000e+00,5.000000000000000000e-01,2.000000000000000111e-01,0.000000000000000000e+00,-9.273522816151658077e+00,-9.273522816151658077e+00,-6.164762331616494784e+00,-4.704593344544940159e+00
-1.014517488114052401e+00,3.103795643954189165e-01,1.270268616407117523e-01,1.000000000000000000e+00,5.000000000000000000e-01,2.000000000000000111e-01,0.000000000000000000e+00,1.272222058939438183e+00,1.272222058939438183e+00,-1.665715177210692843e+00,3.148854960323741459e-01
3.643576028603408012e-01,2.150872505998695061e+00,6.210584350957623068e-01,1.000000000000000000e+00,5.000000000000000000e-01,2.000000000000000111e-01,0.000000000000000000e+00,-1.216836910482663958e+00,-1.216836910482663958e+00,-3.392780146187833523e+00,-7.836867503438985638e-01
1.942576871115861969e+00,1.546446707518568164e+00,8.120649161401930494e-01,1.000000000000000000e+00,5.000000000000000000e-01,2.000000000000000111e-01,0.000000000000000000e+00,-5.731514178016004379e+00,-5.731514178016004379e+00,-4.459911649714085158e+00,-3.004091606438846540e+00
-2.369566959735776024e+00,2.151663179820018090e+00,4.047230449487388970e-01,1.000000000000000000e+00,5.000000000000000000e-01,2.000000000000000111e-01,0.000000000000000000e+00,1.051565651735248785e+01,1.051565651735248785e+01,-6.683735765699465148e+00,5.098509979381532276e+00
-7.773765449493965640e-01,1.575263987574463620e+00,4.237563637435218800e-01,1.000000000000000000e+00,5.000000000000000000e-01,2.000000000000000111e-01,0.000000000000000000e+00,1.835845587273182478e+00,1.835845587273182478e+00,-2.603316890856976595e+00,1.224573276043845693e+00
-7.800374316004745623e-01,2.671014733898510407e+00,7.930036980311380157e-01,1.000000000000000000e+00,5.000000000000000000e-01,2.000000000000000111e-01,0.000000000000000000e+00,3.657479707184288831e+00,3.657479707184288831e+00,-4.932234891170184099e+00,2.083491472797219135e+00
1.271162162966826159e+00,2.431217610724505818e+00,2.089061657685109541e-02,1.000000000000000000e+00,5.000000000000000000e-01,2.000000000000000111e-01,0.000000000000000000e+00,-5.438769241451181458e+00,-5.438769241451181458e+00,-4.924921482083587598e+00,-3.090471836691602192e+00
2.424614276890850739e+00,1.711753667156322045e+00,3.753364507522023441e-01,1.000000000000000000e+00,5.000000000000000000e-01,2.000000000000000111e-01,0.000000000000000000e+00,-8.827538536962869387e+00,-8.827538536962869387e+00,-5.992302943533324822e+00,-4.150342379907487889e+00
-2.954379410531648986e+00,2.961568658214074556e+00,8.435354798584260294e-01,1.000000000000000000e+00,5.000000000000000000e-01,2.000000000000000111e-01,0.000000000000000000e+00,2.106802228135937582e+01,2.106802228135937582e+01,-1.062245907948195622e+01,8.749597466703503912e+00
2.668988414066317816e-01,1.559994123628332119e+00,8.006091837107676135e-01,1.000000000000000000e+00,5.000000000000000000e-01,2.000000000000000111e-01,0.000000000000000000e+00,-5.954614122779892105e-01,-5.954614122779892105e-01,-2.259531827803985315e+00,-4.163606241975557620e-01
-2.981801528344719010e+00,1.038062719549794011e+00,9.263513133856653425e-01,1.000000000000000000e+00,5.000000000000000000e-01,2.000000000000000111e-01,0.000000000000000000e+00,9.890680920586037317e+00,9.890680920586037317e+00,-6.873471317522898971e+00,3.095297003671251268e+00
-1.195491455807747849e+00,2.589481961309411773e+00,8.669780809764043861e-01,1.000000000000000000e+00,5.000000000000000000e-01,2.000000000000000111e-01,0.000000000000000000e+00,5.545344953435529689e+00,5.545344953435529689e+00,-5.210228306519016250e+00,3.095703559713690822e+00
-5.998363655468645916e-01,5.593993505480211459e-01,2.002614742252345481e-01,1.000000000000000000e+00,5.000000000000000000e-01,2.000000000000000111e-01,0.000000000000000000e+00,7.368537172905391675e-01,7.368537172905391675e-01,-1.372346015956257048e+00,3.355480733220014833e-01
-1.314613657299899430e+00,2.303905924882078349e+00,9.252248047375780660e-01,1.000000000000000000e+00,5.000000000000000000e-01,2.000000000000000111e-01,0.000000000000000000e+00,5.257972256623744123e+00,5.257972256623744123e+00,-4.690916696129022512e+00,3.028746193984136248e+00
-5.236642331949279416e-01,1.645179308956587372e+00,2.484368304525577109e-01,1.000000000000000000e+00,5.000000000000000000e-01,2.000000000000000111e-01,0.000000000000000000e+00,1.261063240758383497e+00,1.261063240758383497e+00,-2.517842016786016490e+00,8.615215612929127964e-01
-8.313484856505981568e-01,2.949419241000139635e+00,5.505866651252067090e-01,1.000000000000000000e+00,5.000000000000000000e-01,2.000000000000000111e-01,0.000000000000000000e+00,4.562245114466549900e+00,4.562245114466549900e+00,-5.764221112347046372e+00,2.451995219554202521e+00
-6.598624048036239031e-03,1.459293837351020029e-01,5.760762552672334946e-01,1.000000000000000000e+00,5.000000000000000000e-01,2.000000000000000111e-01,0.000000000000000000e+00,6.668941631191536816e-03,6.668941631191536816e-03,-1.010673817622249837e+00,9.629331408295524648e-04
-1.499785298652505983e+00,8.875181176577888742e-01,6.705794749084563744e-01,1.000000000000000000e+00,5.000000000000000000e-01,2.000000000000000111e-01,0.000000000000000000e+00,2.765177241315102563e+00,2.765177241315102563e+00,-2.743457769817924330e+00,1.331086625150896818e+00
-6.590714113213302916e-01,2.771654048364399436e+00,6.209335065057439706e-01,1.000000000000000000e+00,5.000000000000000000e-01,2.000000000000000111e-01,0.000000000000000000e+00,3.247843350910415872e+00,3.247843350910415872e+00,-5.101658157040035668e+00,1.826717945350003314e+00
-1.683879035345881681e+00,1.743882402358289507e+00,2.297062499392971135e-01,1.000000000000000000e+00,5.000000000000000000e-01,2.000000000000000111e-01,0.000000000000000000e+00,5.199233545159417602e+00,5.199233545159417602e+00,-4.221832080033886214e+00,2.936487017439735059e+00
-4.784613382502351797e-01,6.340630863016467611e-01,8.687809722507360277e-01,1.000000000000000000e+00,5.000000000000000000e-01,2.000000000000000111e-01,0.000000000000000000e+00,5.965470554284986182e-01,5.965470554284986182e-01,-1.338373150025308433e+00,3.033746728069602883e-01
1.249368469797372150e+00,2.108519947540063555e+00,1.487049360803042175e-01,1.000000000000000000e+00,5.000000000000000000e-01,2.000000000000000111e-01,0.000000000000000000e+00,-4.416658093751962610e+00,-4.416658093751962610e+00,-4.159481128581473008e+00,-2.634318340395364721e+00
-2.816662259971605131e+00,1.480954954657476286e+00,7.437173241705564708e-01,1.000000000000000000e+00,5.000000000000000000e-01,2.000000000000000111e-01,0.000000000000000000e+00,1.037469954884688406e+01,1.037469954884688406e+01,-6.856765560911274981e+00,4.171349929501673159e+00
2.991844194443947558e+00,1.714371511881792376e+00,4.031345032858291155e-03,1.000000000000000000e+00,5.000000000000000000e-01,2.000000000000000111e-01,0.000000000000000000e+00,-1.274454174754857938e+01,-1.274454174754857938e+01,-7.840213850672703266e+00,-5.129132454943633235e+00
-2.106837424699813610e+00,5.203429115735425103e-01,8.948893809970983604e-01,1.000000000000000000e+00,5.000000000000000000e-01,2.000000000000000111e-01,0.000000000000000000e+00,4.262408442196540470e+00,4.262408442196540470e+00,-3.798636733281862021e+00,1.096277919780405119e+00
1.751671437270230669e+00,9.154363033112322690e-02,8.783887538044585774e-01,1.000000000000000000e+00,5.000000000000000000e-01,2.000000000000000111e-01,0.000000000000000000e+00,-2.833960347817885417e+00,-2.833960347817885417e+00,-2.845201812616114267e+00,-1.603543625150533058e-01
-1.275092097883287812e+00,2.717962678027018519e+00,2.617262354930040003e-01,1.000000000000000000e+00,5.000000000000000000e-01,2.000000000000000111e-01,0.000000000000000000e+00,6.399473701120945712e+00,6.399473701120945712e+00,-5.669176474424544310e+00,3.465652733093950388e+00
-2.573240787770937565e+00,1.996001963509949961e+00,5.525796565596572396e-01,1.000000000000000000e+00,5.000000000000000000e-01,2.000000000000000111e-01,0.000000000000000000e+00,1.110694495736741061e+01,1.110694495736741061e+01,-6.964952810276585637e+00,5.136193664974681994e+00
1.734989714328140309e+00,2.908202688363963340e+00,4.836090322516118922e-01,1.000000000000000000e+00,5.000000000000000000e-01,2.000000000000000111e-01,0.000000000000000000e+00,-1.011648091131356608e+01,-1.011648091131356608e+01,-7.034935023598357873e+00,-5.045701751492922327e+00
3.904363444301992558e-01,1.491696295030684238e+00,9.321589094309371548e-01,1.000000000000000000e+00,5.000000000000000000e-01,2.000000000000000111e-01,0.000000000000000000e+00,-8.367312555450586720e-01,-8.367312555450586720e-01,-2.204043241735345493e+00,-5.824124484318523587e-01
-1.422240727300310814e+00,8.122732969615443777e-01,2.912327409725838923e-01,1.000000000000000000e+00,5.000000000000000000e-01,2.000000000000000111e-01,0.000000000000000000e+00,2.466802146588439992e+00,2.466802146588439992e+00,-2.543555166313418603e+00,1.155248164637208141e+00
-7.180450605034640610e-01,1.520081646457507318e-01,7.646221405825681661e-02,1.000000000000000000e+00,5.000000000000000000e-01,2.000000000000000111e-01,0.000000000000000000e+00,8.003839933163613418e-01,8.003839933163613418e-01,-1.320906466407538726e+00,1.091487117800786083e-01
2.185850556258325916e+00,1.671022802908063376e+00,3.970732232871700962e-01,1.000000000000000000e+00,5.000000000000000000e-01,2.000000000000000111e-01,0.000000000000000000e+00,-7.326418338992456647e+00,-7.326418338992456647e+00,-5.262924196496260976e+00,-3.652606123256937121e+00
1.240211970452363310e+00,2.338456631984485501e+00,3.094579614086714336e-01,1.000000000000000000e+00,5.000000000000000000e-01,2.000000000000000111e-01,0.000000000000000000e+00,-5.012707166970236550e+00,-5.012707166970236550e+00,-4.657065148828111845e+00,-2.900181907370875667e+00
-1.329629323361856130e+00,2.779695238207433139e+00,2.621765245203925287e-01,1.000000000000000000e+00,5.000000000000000000e-01,2.000000000000000111e-01,0.000000000000000000e+00,6.936590599936797830e+00,6.936590599936797830e+00,-5.924101291182764406e+00,3.695964298729922604e+00
-1.578435520594527075e+00,1.134451288536387992e+00,7.762795651383406215e-01,1.000000000000000000e+00,5.000000000000000000e-01,2.000000000000000111e-01,0.000000000000000000e+00,3.380664157267354142e+00,3.380664157267354142e+00,-3.138365078635644956e+00,1.790658210210065659e+00
3.943574589403686659e-01,8.110368359824915441e-01,3.837243072516147713e-01,1.000000000000000000e+00,5.000000000000000000e-01,2.000000000000000111e-01,0.000000000000000000e+00,-5.363237526745617822e-01,-5.363237526745617822e-01,-1.422201057913388134e+00,-3.198384257450919144e-01
-2.276869177556081425e+00,7.143160360752845994e-01,1.406695849099602880e-01,1.000000000000000000e+00,5.000000000000000000e-01,2.000000000000000111e-01,0.000000000000000000e+00,5.218471108490701837e+00,5.218471108490701837e+00,-4.365603650720098372e+00,1.626404165573853478e+00
-1.626480531279452357e+00,2.809722398735299276e+00,1.851608831754187889e-01,1.000000000000000000e+00,5.000000000000000000e-01,2.000000000000000111e-01,0.000000000000000000e+00,8.907189283358569298e+00,8.907189283358569298e+00,-6.534533330156076403e+00,4.569958779842766994e+00
1.832614227552649133e+00,2.035107131342590581e+00,8.697275369589583249e-01,1.000000000000000000e+00,5.000000000000000000e-01,2.000000000000000111e-01,0.000000000000000000e+00,-6.858605477227428082e+00,-6.858605477227428082e+00,-5.085915462237769802e+00,-3.729566283492289358e+00
1.352398382677058919e+00,1.598529742704678291e+00,4.642067806291616527e-01,1.000000000000000000e+00,5.000000000000000000e-01,2.000000000000000111e-01,0.000000000000000000e+00,-3.574990670003327153e+00,-3.574990670003327153e+00,-3.375037500436257609e+00,-2.161849038694982017e+00
-2.846603550108194991e+00,2.759692128498578256e+00,2.016355751840130939e-01,1.000000000000000000e+00,5.000000000000000000e-01,2.000000000000000111e-01,0.000000000000000000e+00,1.829962057544409859e+01,1.829962057544409859e+01,-9.669841384941655349e+00,7.855749410189694082e+00
-3.162407996797469423e-01,2.238162188115062179e+00,4.773942829654304054e-01,1.000000000000000000e+00,5.000000000000000000e-01,2.000000000000000111e-01,0.000000000000000000e+00,1.114649721284250994e+00,1.114649721284250994e+00,-3.564689936183253138e+00,7.077982001824795200e-01
-6.080932361886279836e-01,1.601424859432893699e+00,1.095738277537751104e-01,1.000000000000000000e+00,5.000000000000000000e-01,2.000000000000000111e-01,0.000000000000000000e+00,1.432811336815618564e+00,1.432811336815618564e+00,-2.504147220543846419e+00,9.738156252854669459e-01
1.432614413349148741e+00,2.318289432808018802e+00,4.798548979355515831e-01,1.000000000000000000e+00,5.000000000000000000e-01,2.000000000000000111e-01,0.000000000000000000e+00,-5.870438061894409643e+00,-5.870438061894409643e+00,-4.918663381536098278e+00,-3.321214855755790563e+00
-4.458068024938897089e-01,1.995790599254360309e+00,2.389114307163212603e-01,1.000000000000000000e+00,5.000000000000000000e-01,2.000000000000000111e-01,0.000000000000000000e+00,1.351391457287283160e+00,1.351391457287283160e+00,-3.110836281125934910e+00,8.897370255009503515e-01
-1.636515154617422585e+00,2.253303278078218064e+00,3.834132355754364951e-01,1.000000000000000000e+00,5.000000000000000000e-01,2.000000000000000111e-01,0.000000000000000000e+00,6.667693301000713113e+00,6.667693301000713113e+00,-5.145596942274513808e+00,3.687564962524120027e+00
2.049518214478926126e+00,1.004993978842469549e+00,9.310581329297146214e-01,1.000000000000000000e+00,5.000000000000000000e-01,2.000000000000000111e-01,0.000000000000000000e+00,-4.806348592921736440e+00,-4.806348592921736440e+00,-4.025321395643340239e+00,-2.059753465079289914e+00
-1.838877182770300323e+00,2.111974250166305467e+00,4.839712793477206620e-01,1.000000000000000000e+00,5.000000000000000000e-01,2.000000000000000111e-01,0.000000000000000000e+00,7.183594816243020098e+00,7.183594816243020098e+00,-5.259099192670706024e+00,3.883661259229233220e+00
8.846176171598147953e-01,4.857712830974185714e-01,7.382938496398943062e-01,1.000000000000000000e+00,5.000000000000000000e-01,2.000000000000000111e-01,0.000000000000000000e+00,-1.127442088276142673e+00,-1.127442088276142673e+00,-1.587515866894761540e+00,-4.297218349383042368e-01
-1.305596543964570255e+00,1.342545634347193095e-01,3.250465926960036667e-01,1.000000000000000000e+00,5.000000000000000000e-01,2.000000000000000111e-01,0.000000000000000000e+00,1.762462129151787460e+00,1.762462129151787460e+00,-2.031761545268861546e+00,1.752822940318417011e-01
7.128169302907876315e-01,1.502337281363291144e+00,1.924895614329533711e-01,1.000000000000000000e+00,5.000000000000000000e-01,2.000000000000000111e-01,0.000000000000000000e+00,-1.589674598033279374e+00,-1.589674598033279374e+00,-2.433373439152531237e+00,-1.070891449162788556e+00
-1.963977166166520849e+00,2.289547226673700919e+00,3.471994056704208464e-01,1.000000000000000000e+00,5.000000000000000000e-01,2.000000000000000111e-01,0.000000000000000000e+00,8.626680367800247495e+00,8.626680367800247495e+00,-5.935337037118705084e+00,4.496618474047032521e+00
2.256257894552665455e+00,6.689980509614933402e-01,2.119305674797803407e-01,1.000000000000000000e+00,5.000000000000000000e-01,2.000000000000000111e-01,0.000000000000000000e+00,-5.058347743775792438e+00,-5.058347743775792438e+00,-4.278199008133874770e+00,-1.509432133922215646e+00
-7.826679450498934543e-01,2.665423353302065035e+00,5.092638934948596763e-01,1.000000000000000000e+00,5.000000000000000000e-01,2.000000000000000111e-01,0.000000000000000000e+00,3.658780614436689671e+00,3.658780614436689671e+00,-4.919782293489187275e+00,2.086141418616923371e+00
1.083218164056899191e+00,1.400994741606097715e+00,6.733446720142555186e-01,1.000000000000000000e+00,5.000000000000000000e-01,2.000000000000000111e-01,0.000000000000000000e+00,-2.400482349470694388e+00,-2.400482349470694388e+00,-2.685410087569648052e+00,-1.517582951855926954e+00
1.499201529674760280e+00,1.994359453908244983e+00,2.650347770644926326e-01,1.000000000000000000e+00,5.000000000000000000e-01,2.000000000000000111e-01,0.000000000000000000e+00,-5.154638446243037464e+00,-5.154638446243037464e+00,-4.337297951644081273e+00,-2.989946744020560487e+00
-1.937260087041039469e-01,2.608683813443823496e+00,7.033191549858178737e-01,1.000000000000000000e+00,5.000000000000000000e-01,2.000000000000000111e-01,0.000000000000000000e+00,8.543552501502857943e-01,8.543552501502857943e-01,-4.425133479130958669e+00,5.053699031494732763e-01
2.335192423151619678e-01,2.395362004916568477e+00,5.124433839895297105e-01,1.000000000000000000e+00,5.000000000000000000e-01,2.000000000000000111e-01,0.000000000000000000e+00,-9.060046437717316214e-01,-9.060046437717316214e-01,-3.901598309217829907e+00,-5.593631204586443362e-01
-2.287020687805676467e+00,1.956297469168893022e+00,7.943780179546179321e-01,1.000000000000000000e+00,5.000000000000000000e-01,2.000000000000000111e-01,0.000000000000000000e+00,9.055784586492720223e+00,9.055784586492720223e+00,-6.051828069808998123e+00,4.474092783491145475e+00
2.460176332577619362e-01,8.344708485189958891e-01,7.614874542344189923e-01,1.000000000000000000e+00,5.000000000000000000e-01,2.000000000000000111e-01,0.000000000000000000e+00,-3.346518165800735911e-01,-3.346518165800735911e-01,-1.384485604038256934e+00,-2.052945431752397354e-01
1.904045709975559220e-01,5.323166043696235805e-01,9.418764910996798578e-01,1.000000000000000000e+00,5.000000000000000000e-01,2.000000000000000111e-01,0.000000000000000000e+00,-2.187617643847883098e-01,-2.187617643847883098e-01,-1.163432824037861302e+00,-1.013555146898738740e-01
2.370670162408575976e+00,1.713821983198853705e+00,6.863297097609372122e-01,1.000000000000000000e+00,5.000000000000000000e-01,2.000000000000000111e-01,0.000000000000000000e+00,-8.516889299268825653e+00,-8.516889299268825653e+00,-5.840639106408408665e+00,-4.062906639249414198e+00
-8.886969079762003787e-01,1.772975300987431391e+00,6.381032404869080299e-02,1.000000000000000000e+00,5.000000000000000000e-01,2.000000000000000111e-01,0.000000000000000000e+00,2.425855641027622855e+00,2.425855641027622855e+00,-3.045590025503612353e+00,1.575637667905703587e+00
-2.081662874692677967e+00,1.796328786420951618e+00,3.434123751867756980e-01,1.000000000000000000e+00,5.000000000000000000e-01,2.000000000000000111e-01,0.000000000000000000e+00,7.244317156071509167e+00,7.244317156071509167e+00,-5.213390748786554951e+00,3.739350945434247731e+00
-5.650020611848889374e-01,1.190405593254684646e+00,3.968812226074250882e-01,1.000000000000000000e+00,5.000000000000000000e-01,2.000000000000000111e-01,0.000000000000000000e+00,1.001397338490050748e+00,1.001397338490050748e+00,-1.900069135711922819e+00,6.725816138349173245e-01
1.712497324544145272e+00,5.305276076598710588e-01,8.726563945300940262e-01,1.000000000000000000e+00,5.000000000000000000e-01,2.000000000000000111e-01,0.000000000000000000e+00,-2.957926739201277577e+00,-2.957926739201277577e+00,-2.900318023187166805e+00,-9.085271087143351743e-01
-2.931064817773274100e+00,2.779313851749021680e+00,8.669031114443798147e-01,1.000000000000000000e+00,5.000000000000000000e-01,2.000000000000000111e-01,0.000000000000000000e+00,1.928793339947731056e+01,1.928793339947731056e+01,-1.001697732285495945e+01,8.146349048411483551e+00
-2.782816430324492885e+00,2.031913841562440037e+00,2.170781853281583684e-01,1.000000000000000000e+00,5.000000000000000000e-01,2.000000000000000111e-01,0.000000000000000000e+00,1.283755069178706343e+01,1.283755069178706343e+01,-7.710777300696888936e+00,5.654443223303716515e+00
2.992538433038083312e+00,2.072940148216642520e+00,8.980746596454846076e-01,1.000000000000000000e+00,5.000000000000000000e-01,2.000000000000000111e-01,0.000000000000000000e+00,-1.478193591217691605e+01,-1.478193591217691605e+01,-8.521712192970234412e+00,-6.203353062925963890e+00
3.330009520352454899e-01,7.264977919562454201e-02,4.139623407981163350e-01,1.000000000000000000e+00,5.000000000000000000e-01,2.000000000000000111e-01,0.000000000000000000e+00,-3.412650106944442041e-01,-3.412650106944442041e-01,-1.069172775642414530e+00,-2.419244563729334302e-02
1.310942303299652778e+00,1.592114420048461154e+00,6.733138559204312479e-01,1.000000000000000000e+00,5.000000000000000000e-01,2.000000000000000111e-01,0.000000000000000000e+00,-3.423038295822585564e+00,-3.423038295822585564e+00,-3.298555996811483482e+00,-2.087170144934920479e+00
-2.039279220260272751e-01,1.596960251113008766e+00,6.686985533525873215e-01,1.000000000000000000e+00,5.000000000000000000e-01,2.000000000000000111e-01,0.000000000000000000e+00,4.656609145730503108e-01,4.656609145730503108e-01,-2.300092980246574381e+00,3.256647855676386150e-01
-1.828565287812508711e+00,2.266546111114287054e-01,4.309093500996301618e-01,1.000000000000000000e+00,5.000000000000000000e-01,2.000000000000000111e-01,0.000000000000000000e+00,3.098350936670966060e+00,3.098350936670966060e+00,-3.031876763444742551e+00,4.144527542010018606e-01
1.003868322895478116e+00,6.506663186929255716e-01,5.620440955383038117e-01,1.000000000000000000e+00,5.000000000000000000e-01,2.000000000000000111e-01,0.000000000000000000e+00,-1.418700495172443565e+00,-1.418700495172443565e+00,-1.816334294968489971e+00,-6.531833061108418548e-01
-1.552593266254752136e+00,4.712652664283655257e-01,4.711854013686799236e-01,1.000000000000000000e+00,5.000000000000000000e-01,2.000000000000000111e-01,0.000000000000000000e+00,2.473521175101407010e+00,2.473521175101407010e+00,-2.557372985922659048e+00,7.316832792764320637e-01
-2.891072648382175814e-01,1.855131697705930227e+00,6.828013554232769122e-01,1.000000000000000000e+00,5.000000000000000000e-01,2.000000000000000111e-01,0.000000000000000000e+00,7.914234501420153167e-01,7.914234501420153167e-01,-2.770906614265984835e+00,5.363320510384406159e-01
-1.739826544129847052e+00,2.613898088778690454e+00,8.264175680877279273e-01,1.000000000000000000e+00,5.000000000000000000e-01,2.000000000000000111e-01,0.000000000000000000e+00,8.736766717230830537e+00,8.736766717230830537e+00,-6.232429451455729463e+00,4.547729278507441464e+00
2.448124633784614090e+00,1.892442221365782551e+00,5.425631420007036576e-01,1.000000000000000000e+00,5.000000000000000000e-01,2.000000000000000111e-01,0.000000000000000000e+00,-9.766381023774012959e+00,-9.766381023774012959e+00,-6.386657314129760010e+00,-4.632934420139648068e+00
-6.386594350485417237e-01,9.781710974529654878e-01,8.778886227483488902e-01,1.000000000000000000e+00,5.000000000000000000e-01,2.000000000000000111e-01,0.000000000000000000e+00,9.963001112974088080e-01,9.963001112974088080e-01,-1.723140872332083129e+00,6.247182004801229427e-01
1.166586532550268451e+00,2.540342372848552355e+00,5.023238042570010720e-01,1.000000000000000000e+00,5.000000000000000000e-01,2.000000000000000111e-01,0.000000000000000000e+00,-5.248303087037624159e+00,-5.248303087037624159e+00,-5.043224168401502894e+00,-2.963529200231914018e+00
-1.907323552191499516e+00,1.650088285573747093e+00,5.361507089927453062e-02,1.000000000000000000e+00,5.000000000000000000e-01,2.000000000000000111e-01,0.000000000000000000e+00,5.891669622990371558e+00,5.891669622990371558e+00,-4.544125554740494621e+00,3.147252250270100582e+00
6.539474928429442890e-01,2.464227410146467623e+00,5.961426482210151478e-01,1.000000000000000000e+00,5.000000000000000000e-01,2.000000000000000111e-01,0.000000000000000000e+00,-2.695400119520517723e+00,-2.695400119520517723e+00,-4.292796758495927456e+00,-1.611475336660144198e+00
-1.228005532310712189e+00,1.746234885358327826e+00,3.241067286957717286e-01,1.000000000000000000e+00,5.000000000000000000e-01,2.000000000000000111e-01,0.000000000000000000e+00,3.470672316005995572e+00,3.470672316005995572e+00,-3.429466689852635586e+00,2.144386099933988987e+00
-2.286753371084699893e+00,4.789771801084541369e-01,7.375966833122192812e-01,1.000000000000000000e+00,5.000000000000000000e-01,2.000000000000000111e-01,0.000000000000000000e+00,4.940662753830753928e+00,4.940662753830753928e+00,-4.252254157632666676e+00,1.095302681285651003e+00
-1.103412858029719334e+00,1.284046497230583617e+00,2.839898431983468585e-01,1.000000000000000000e+00,5.000000000000000000e-01,2.000000000000000111e-01,0.000000000000000000e+00,2.281738280396720775e+00,2.281738280396720775e+00,-2.554899664684253668e+00,1.416833415352248382e+00
-2.616780316697652875e+00,8.002283904067406528e-01,6.442598107181900513e-01,1.000000000000000000e+00,5.000000000000000000e-01,2.000000000000000111e-01,0.000000000000000000e+00,7.038329377113240248e+00,7.038329377113240248e+00,-5.428706273920242964e+00,2.094021900879003972e+00
6.157493385679302378e-01,9.413537550599285764e-01,1.924797211288644672e-01,1.000000000000000000e+00,5.000000000000000000e-01,2.000000000000000111e-01,0.000000000000000000e+00,-9.352634533589988530e-01,-9.352634533589988530e-01,-1.670561794850820014e+00,-5.796379520365884108e-01
3.326581032116813219e-01,1.673212963673997855e-01,6.484388434510547361e-01,1.000000000000000000e+00,5.000000000000000000e-01,2.000000000000000111e-01,0.000000000000000000e+00,-3.446772037611298689e-01,-3.446772037611298689e-01,-1.080395056288469657e+00,-5.566078507649879770e-02
2.122513783225235429e+00,2.313929073333139463e+00,6.016513411366311015e-01,1.000000000000000000e+00,5.000000000000000000e-01,2.000000000000000111e-01,0.000000000000000000e+00,-9.717179748737763134e+00,-9.717179748737763134e+00,-6.380172734196841944e+00,-4.911346351555184953e+00
-2.837291655071158658e+00,1.690849357078265669e+00,6.920921003561475437e-01,1.000000000000000000e+00,5.000000000000000000e-01,2.000000000000000111e-01,0.000000000000000000e+00,1.146132635213257345e+01,1.146132635213257345e+01,-7.259620135727853807e+00,4.797432770820597270e+00
-5.501899240769683175e-01,9.594224370649592215e-01,3.265381623101304420e-02,1.000000000000000000e+00,5.000000000000000000e-01,2.000000000000000111e-01,0.000000000000000000e+00,8.367219574472587462e-01,8.367219574472587462e-01,-1.641871077905324938e+00,5.278645578065098709e-01
2.907236959533597620e+00,2.142410112798101895e+00,4.506854044137839077e-01,1.000000000000000000e+00,5.000000000000000000e-01,2.000000000000000111e-01,0.000000000000000000e+00,-1.449363998233904560e+01,-1.449363998233904560e+01,-8.366176589036681932e+00,-6.228493862405185766e+00
-9.184899281593938980e-01,1.416186855867002325e+00,7.455858707899398752e-01,1.000000000000000000e+00,5.000000000000000000e-01,2.000000000000000111e-01,0.000000000000000000e+00,1.994516819382820438e+00,1.994516819382820438e+00,-2.508966854243382283e+00,1.300753363505560811e+00
-2.648751474433904463e+00,2.195153515266866640e-01,4.468855750788067738e-01,1.000000000000000000e+00,5.000000000000000000e-01,2.000000000000000111e-01,0.000000000000000000e+00,6.429235969906839543e+00,6.429235969906839543e+00,-5.233624118767412625e+00,5.814416110171881646e-01
1.799407368750299163e+00,2.410848603572317117e+00,2.922001601605894727e-01,1.000000000000000000e+00,5.000000000000000000e-01,2.000000000000000111e-01,0.000000000000000000e+00,-8.193905320275169046e+00,-8.193905320275169046e+00,-5.848815621901021444e+00,-4.338098742209396619e+00
-2.440964645686874768e+00,2.425796986416712375e+00,7.532580990468011883e-01,1.000000000000000000e+00,5.000000000000000000e-01,2.000000000000000111e-01,0.000000000000000000e+00,1.253168594491256016e+01,1.253168594491256016e+01,-7.517230550550152657e+00,5.921284681456959298e+00
1.284733160352754311e+00,1.661324872353208359e+00,6.773751065815034611e-01,1.000000000000000000e+00,5.000000000000000000e-01,2.000000000000000111e-01,0.000000000000000000e+00,-3.481765647099798855e+00,-3.481765647099798855e+00,-3.370323741735687495e+00,-2.134359153630973616e+00
1.562222599694504943e-01,1.938557484858370428e+00,4.429766932306633542e-01,1.000000000000000000e+00,5.000000000000000000e-01,2.000000000000000111e-01,0.000000000000000000e+00,-4.505268197222574433e-01,-4.505268197222574433e-01,-2.893645797756182692e+00,-3.028458313652684364e-01
2.261125569368360289e+00,1.682217272671397534e+00,8.417286651099802341e-01,1.000000000000000000e+00,5.000000000000000000e-01,2.000000000000000111e-01,0.000000000000000000e+00,-7.772540557763461422e+00,-7.772540557763461422e+00,-5.482540780507832778e+00,-3.803704488470403877e+00
8.003500338366942302e-02,8.675931838497031867e-01,6.792439353636718913e-01,1.000000000000000000e+00,5.000000000000000000e-01,2.000000000000000111e-01,0.000000000000000000e+00,-1.102594289992771814e-01,-1.102594289992771814e-01,-1.380202327391206962e+00,-6.943782340505952333e-02
1.075054173705072280e+00,1.688599907263939048e-01,9.949084219023942577e-01,1.000000000000000000e+00,5.000000000000000000e-01,2.000000000000000111e-01,0.000000000000000000e+00,-1.338877997488703064e+00,-1.338877997488703064e+00,-1.707701734074476452e+00,-1.815336378022095742e-01
-1.456881620438993608e+00,1.945233917390836842e+00,6.579438945515492243e-01,1.000000000000000000e+00,5.000000000000000000e-01,2.000000000000000111e-01,0.000000000000000000e+00,4.831701722516509534e+00,4.831701722516509534e+00,-4.165469930267619247e+00,2.833975541701253764e+00
2.898127851154077561e+00,8.458192222953965222e-01,9.658086211771036433e-01,1.000000000000000000e+00,5.000000000000000000e-01,2.000000000000000111e-01,0.000000000000000000e+00,-8.803162135579714942e+00,-8.803162135579714942e+00,-6.397192103383165573e+00,-2.451292245175770379e+00
-1.746051266972744598e+00,2.227514585073934406e+00,7.372480051656418176e-01,1.000000000000000000e+00,5.000000000000000000e-01,2.000000000000000111e-01,0.000000000000000000e+00,7.142483949539018440e+00,7.142483949539018440e+00,-5.310127629496827595e+00,3.889354663468610696e+00
2.019084526381250910e+00,9.239760381998384231e-01,4.502859141016077871e-01,1.000000000000000000e+00,5.000000000000000000e-01,2.000000000000000111e-01,0.000000000000000000e+00,-4.527204094788825017e+00,-4.527204094788825017e+00,-3.872887254387055389e+00,-1.865585721476345382e+00
1.092684884000359347e+00,1.159461720729410672e+00,8.880881522367878311e-03,1.000000000000000000e+00,5.000000000000000000e-01,2.000000000000000111e-01,0.000000000000000000e+00,-2.088085620198758541e+00,-2.088085620198758541e+00,-2.388551894352130223e+00,-1.266926295818073145e+00
-1.100295059455174140e-01,2.711420800107256834e+00,7.359686665217400892e-01,1.000000000000000000e+00,5.000000000000000000e-01,2.000000000000000111e-01,0.000000000000000000e+00,5.147535327009075123e-01,5.147535327009075123e-01,-4.683165272934306955e+00,2.983362910462010187e-01
-7.593282053386922748e-01,3.339991866394822484e-01,4.287431042080944721e-01,1.000000000000000000e+00,5.000000000000000000e-01,2.000000000000000111e-01,0.000000000000000000e+00,8.892443962734110086e-01,8.892443962734110086e-01,-1.401725322391645490e+00,2.536150029755409596e-01
-2.487917458882037636e+00,7.951326926028086106e-01,8.635128629032540193e-01,1.000000000000000000e+00,5.000000000000000000e-01,2.000000000000000111e-01,0.000000000000000000e+00,6.354302048439846473e+00,6.354302048439846473e+00,-5.029957968748929531e+00,1.978224508054411857e+00
1.759174130793510038e+00,2.077045980250794344e+00,8.841488710808570461e-01,1.000000000000000000e+00,5.000000000000000000e-01,2.000000000000000111e-01,0.000000000000000000e+00,-6.642639277618371807e+00,-6.642639277618371807e+00,-5.013876175509852651e+00,-3.653885556925845268e+00
-1.635465252221671717e+00,1.280954197808482409e+00,8.332061933757893835e-01,1.000000000000000000e+00,5.000000000000000000e-01,2.000000000000000111e-01,0.000000000000000000e+00,3.852127666491261149e+00,3.852127666491261149e+00,-3.425269783176284388e+00,2.094956080203258963e+00
2.234751441087527546e+00,2.603517376396045968e+00,5.480479952126930954e-01,1.000000000000000000e+00,5.000000000000000000e-01,2.000000000000000111e-01,0.000000000000000000e+00,-1.204078303041666764e+01,-1.204078303041666764e+01,-7.385619766663744201e+00,-5.818214208797482634e+00
2.327825867793570147e+00,3.708313472133172306e-01,6.319572802187957139e-01,1.000000000000000000e+00,5.000000000000000000e-01,2.000000000000000111e-01,0.000000000000000000e+00,-5.010674506822418550e+00,-5.010674506822418550e+00,-4.320021906499355246e+00,-8.632308026318988858e-01
-1.738425397529020255e+00,5.174850124839580623e-02,6.414283244928600247e-01,1.000000000000000000e+00,5.000000000000000000e-01,2.000000000000000111e-01,0.000000000000000000e+00,2.791500096450959312e+00,2.791500096450959312e+00,-2.814612671355087414e+00,8.996090885427347750e-02
-1.254659991520357121e+00,2.398056056034711503e+00,4.462518690053202119e-01,1.000000000000000000e+00,5.000000000000000000e-01,2.000000000000000111e-01,0.000000000000000000e+00,5.257239613731965910e+00,5.257239613731965910e+00,-4.819839440535495179e+00,3.008744990929852037e+00
1.266015160388825223e+00,4.695998919403393534e-01,4.018796200566484567e-01,1.000000000000000000e+00,5.000000000000000000e-01,2.000000000000000111e-01,0.000000000000000000e+00,-1.811440959458207267e+00,-1.811440959458207267e+00,-2.071938661055795272e+00,-5.945205825134237676e-01
1.587479952179688070e+00,8.520142548195258625e-01,9.782215441034316505e-01,1.000000000000000000e+00,5.000000000000000000e-01,2.000000000000000111e-01,0.000000000000000000e+00,-2.963797551631192739e+00,-2.963797551631192739e+00,-2.875019704351291061e+00,-1.352555548497313520e+00
-2.707844004911621916e+00,5.893816325836161996e-01,1.217536042632527682e-03,1.000000000000000000e+00,5.000000000000000000e-01,2.000000000000000111e-01,0.000000000000000000e+00,7.149166300639486771e+00,7.149166300639486771e+00,-5.573136847374952296e+00,1.595953520396569347e+00
1.954724993981471926e+00,1.304433565166217779e+00,8.677987914132685443e-01,1.000000000000000000e+00,5.000000000000000000e-01,2.000000000000000111e-01,0.000000000000000000e+00,-5.111534362038595347e+00,-5.111534362038595347e+00,-4.143343344223644920e+00,-2.549808892818765216e+00
1.898293688248119615e+00,2.719717809426033028e+00,1.310833168999473441e-01,1.000000000000000000e+00,5.000000000000000000e-01,2.000000000000000111e-01,0.000000000000000000e+00,-1.028711217106676834e+01,-1.028711217106676834e+01,-6.860543837560159730e+00,-5.162823151449440928e+00
7.383404337627119673e-01,1.456527572252079850e+00,1.122646138652433345e-01,1.000000000000000000e+00,5.000000000000000000e-01,2.000000000000000111e-01,0.000000000000000000e+00,-1.602025676918828800e+00,-1.602025676918828800e+00,-2.387824242042614564e+00,-1.075413199483950422e+00
2.346843702459995740e+00,2.172368880671418090e+00,7.701065295544182732e-01,1.000000000000000000e+00,5.000000000000000000e-01,2.000000000000000111e-01,0.000000000000000000e+00,-1.046957097314803775e+01,-1.046957097314803775e+01,-6.664198495120480459e+00,-5.098210227023787233e+00
2.855516325118597543e+00,4.681917562846830139e-01,1.488811297089931429e-02,1.000000000000000000e+00,5.000000000000000000e-01,2.000000000000000111e-01,0.000000000000000000e+00,-7.825246820061440900e+00,-7.825246820061440900e+00,-6.001985850137760536e+00,-1.336929203356860052e+00
-1.770097449050099581e+00,1.606837336101086366e+00,6.611935815517454573e-01,1.000000000000000000e+00,5.000000000000000000e-01,2.000000000000000111e-01,0.000000000000000000e+00,5.164457749991085755e+00,5.164457749991085755e+00,-4.170910099824419959e+00,2.844258669670990614e+00
2.658625369786165926e+00,6.627651500680900032e-01,2.410092838501531887e-01,1.000000000000000000e+00,5.000000000000000000e-01,2.000000000000000111e-01,0.000000000000000000e+00,-7.000922543254692876e+00,-7.000922543254692876e+00,-5.460602136194766310e+00,-1.762044242181159515e+00
2.170797813608915661e+00,6.580322150368133061e-01,8.584182448102393170e-01,1.000000000000000000e+00,5.000000000000000000e-01,2.000000000000000111e-01,0.000000000000000000e+00,-4.686700006030061871e+00,-4.686700006030061871e+00,-4.043921086554677302e+00,-1.428454893686146088e+00
5.256779408960410294e-01,9.231884342704794744e-01,5.648372381195186920e-01,1.000000000000000000e+00,5.000000000000000000e-01,2.000000000000000111e-01,0.000000000000000000e+00,-7.787424042441895011e-01,-7.787424042441895011e-01,-1.591940821112210580e+00,-4.852997951863457504e-01
-2.337211175204929159e+00,1.159492092208946223e+00,2.296399907883908131e-01,1.000000000000000000e+00,5.000000000000000000e-01,2.000000000000000111e-01,0.000000000000000000e+00,6.461739555445340066e+00,6.461739555445340066e+00,-4.949744602449223763e+00,2.709977875472493469e+00
2.769622765652855811e+00,2.153012650276843409e+00,5.837598711445747268e-01,1.000000000000000000e+00,5.000000000000000000e-01,2.000000000000000111e-01,0.000000000000000000e+00,-1.343791549435180599e+01,-1.343791549435180599e+01,-7.920217894539604231e+00,-5.963032850945335639e+00
1.459613676266945603e+00,3.053213351738406356e-01,7.328232184937322202e-01,1.000000000000000000e+00,5.000000000000000000e-01,2.000000000000000111e-01,0.000000000000000000e+00,-2.149580323558215156e+00,-2.149580323558215156e+00,-2.324893809223473440e+00,-4.456511964758217981e-01
-7.795855258079891215e-01,7.865554773982545989e-01,8.484714097296390811e-01,1.000000000000000000e+00,5.000000000000000000e-01,2.000000000000000111e-01,0.000000000000000000e+00,1.115497607677198300e+00,1.115497607677198300e+00,-1.673986914742189525e+00,6.131872654246721677e-01
-1.063935251419592110e+00,2.911672740118322000e+00,1.941912684371227549e-02,1.000000000000000000e+00,5.000000000000000000e-01,2.000000000000000111e-01,0.000000000000000000e+00,5.814736731369804623e+00,5.814736731369804623e+00,-5.918094004302030697e+00,3.097831268809359440e+00
2.705603263073443010e+00,1.082263114205147536e+00,9.248860524423812013e-01,1.000000000000000000e+00,5.000000000000000000e-01,2.000000000000000111e-01,0.000000000000000000e+00,-8.251290521325659100e+00,-8.251290521325659100e+00,-5.977820134476710123e+00,-2.928174613297473527e+00
-1.615380155338385970e+00,6.252598454497981795e-02,8.252465192368758640e-01,1.000000000000000000e+00,5.000000000000000000e-01,2.000000000000000111e-01,0.000000000000000000e+00,2.461589552125511116e+00,2.461589552125511116e+00,-2.567626577128300447e+00,1.010032346269550130e-01
1.921758319826288641e+00,2.609520453125018236e+00,2.326014767482779133e-01,1.000000000000000000e+00,5.000000000000000000e-01,2.000000000000000111e-01,0.000000000000000000e+00,-9.884428444832987992e+00,-9.884428444832987992e+00,-6.620691521531837154e+00,-5.014867641549870747e+00
-3.384288894061433517e-01,1.884680735073696045e-02,6.020060298287994716e-01,1.000000000000000000e+00,5.000000000000000000e-01,2.000000000000000111e-01,0.000000000000000000e+00,3.462413252851001544e-01,3.462413252851001544e-01,-1.068898068984463157e+00,6.378304080561448576e-03
1.180117333296820448e+00,1.135413706943701140e+00,5.241204844938485152e-01,1.000000000000000000e+00,5.000000000000000000e-01,2.000000000000000111e-01,0.000000000000000000e+00,-2.269504327611878480e+00,-2.269504327611878480e+00,-2.480188295166377621e+00,-1.339921396027058176e+00
1.929458246893965168e+00,2.137758667005851265e+00,6.059218084586337483e-01,1.000000000000000000e+00,5.000000000000000000e-01,2.000000000000000111e-01,0.000000000000000000e+00,-7.774882986130440266e+00,-7.774882986130440266e+00,-5.518691535083597444e+00,-4.124716089923489371e+00
-2.402832103936295205e+00,2.824519136294132426e+00,2.442804180421650484e-01,1.000000000000000000e+00,5.000000000000000000e-01,2.000000000000000111e-01,0.000000000000000000e+00,1.476221856402623267e+01,1.476221856402623267e+01,-8.453115447470029409e+00,6.786845258869957931e+00
-1.437756823197056555e+00,2.675584287920817594e+00,9.230987527091255584e-01,1.000000000000000000e+00,5.000000000000000000e-01,2.000000000000000111e-01,0.000000000000000000e+00,7.178438848066924116e+00,7.178438848066924116e+00,-5.819662450474188731e+00,3.846839565996993393e+00
-2.316177422335454761e+00,2.808588754390219044e+00,7.062230495648704753e-01,1.000000000000000000e+00,5.000000000000000000e-01,2.000000000000000111e-01,0.000000000000000000e+00,1.393648811114719877e+01,1.393648811114719877e+01,-8.162892106685507798e+00,6.505189861543883012e+00
-5.872062939514486324e-01,1.778937975237966373e+00,5.666659059033645196e-01,1.000000000000000000e+00,5.000000000000000000e-01,2.000000000000000111e-01,0.000000000000000000e+00,1.556843843902272040e+00,1.556843843902272040e+00,-2.789196898865595298e+00,1.044603575608980206e+00
-2.149053995491531754e+00,2.901326086567463047e+00,9.477518113674485711e-01,1.000000000000000000e+00,5.000000000000000000e-01,2.000000000000000111e-01,0.000000000000000000e+00,1.317914485861914109e+01,1.317914485861914109e+01,-7.979906375621305337e+00,6.235106418561616515e+00
2.492968384413708272e+00,6.991803111887865407e-01,3.705663858219845341e-01,1.000000000000000000e+00,5.000000000000000000e-01,2.000000000000000111e-01,0.000000000000000000e+00,-6.201021592735361132e+00,-6.201021592735361132e+00,-4.973361373188801338e+00,-1.743034410798182998e+00
1.726031623591319786e+00,9.638489434488854979e-01,5.377429047313840860e-01,1.000000000000000000e+00,5.000000000000000000e-01,2.000000000000000111e-01,0.000000000000000000e+00,-3.556211004644621365e+00,-3.556211004644621365e+00,-3.252013492276139228e+00,-1.663633756757858073e+00
4.878030590933484234e-01,1.959710818660495235e+00,6.328848044177306509e-01,1.000000000000000000e+00,5.000000000000000000e-01,2.000000000000000111e-01,0.000000000000000000e+00,-1.447713436431686596e+00,-1.447713436431686596e+00,-3.063004341063991554e+00,-9.559529322809198204e-01
-1.854872610539033628e+00,1.882214049267048273e+00,6.166891237607313725e-01,1.000000000000000000e+00,5.000000000000000000e-01,2.000000000000000111e-01,0.000000000000000000e+00,6.416886062225397147e+00,6.416886062225397147e+00,-4.835696304425862735e+00,3.491267287157215016e+00
-1.736654274380309282e+00,2.461669474405356883e+00,3.350833354245316142e-01,1.000000000000000000e+00,5.000000000000000000e-01,2.000000000000000111e-01,0.000000000000000000e+00,8.046096243202908838e+00,8.046096243202908838e+00,-5.839489141843612785e+00,4.275068814837592157e+00
5.531139545111738443e-01,3.697707852657947658e-01,5.949868048538295984e-01,1.000000000000000000e+00,5.000000000000000000e-01,2.000000000000000111e-01,0.000000000000000000e+00,-6.247710986344071626e-01,-6.247710986344071626e-01,-1.251926244823034606e+00,-2.045253813010658450e-01
2.445525816934024377e+00,1.117590476289240131e+00,4.281497167682104532e-01,1.000000000000000000e+00,5.000000000000000000e-01,2.000000000000000111e-01,0.000000000000000000e+00,-6.897907688399843806e+00,-6.897907688399843806e+00,-5.212862149120702782e+00,-2.733096362524929379e+00
2.596482003363214552e+00,1.878685762038776019e+00,7.268899508020779665e-01,1.000000000000000000e+00,5.000000000000000000e-01,2.000000000000000111e-01,0.000000000000000000e+00,-1.067952224301494368e+01,-1.067952224301494368e+01,-6.809761372517039391e+00,-4.877973771108388590e+00
2.574908550183146794e+00,2.609931963735226956e-01,3.631531507691871941e-01,1.000000000000000000e+00,5.000000000000000000e-01,2.000000000000000111e-01,0.000000000000000000e+00,-6.077014716787047632e+00,-6.077014716787047632e+00,-5.012151149360399849e+00,-6.720336128818126253e-01
-1.063852445441992645e+00,1.513673804330590400e+00,4.501768489714441657e-01,1.000000000000000000e+00,5.000000000000000000e-01,2.000000000000000111e-01,0.000000000000000000e+00,2.523416082773185742e+00,2.523416082773185742e+00,-2.824673408362065707e+00,1.610325578338582808e+00
1.186409743581445575e+00,2.632584255570228127e+00,5.892377629051925858e-01,1.000000000000000000e+00,5.000000000000000000e-01,2.000000000000000111e-01,0.000000000000000000e+00,-5.631606522959688554e+00,-5.631606522959688554e+00,-5.309790779137121497e+00,-3.123323611607625061e+00
1.122411421152902378e-01,7.410461899376963313e-02,1.854924890773148594e-01,1.000000000000000000e+00,5.000000000000000000e-01,2.000000000000000111e-01,0.000000000000000000e+00,-1.128321323682134891e-01,-1.128321323682134891e-01,-1.010304591668112817e+00,-8.317587071879134139e-03
3.328715240645783169e-01,2.505362861757231663e+00,5.461804091954621798e-01,1.000000000000000000e+00,5.000000000000000000e-01,2.000000000000000111e-01,0.000000000000000000e+00,-1.384939346179419273e+00,-1.384939346179419273e+00,-4.204903605456037141e+00,-8.339639541279231238e-01
1.062847186647312370e+00,2.156699307853297665e+00,8.787865066975575346e-01,1.000000000000000000e+00,5.000000000000000000e-01,2.000000000000000111e-01,0.000000000000000000e+00,-3.774813149229168108e+00,-3.774813149229168108e+00,-4.003462437545910468e+00,-2.292241791796083117e+00
-1.232754443949987122e+00,1.288353960645490570e+00,6.952783630687774385e-01,1.000000000000000000e+00,5.000000000000000000e-01,2.000000000000000111e-01,0.000000000000000000e+00,2.630531151982747229e+00,2.630531151982747229e+00,-2.741738075402526231e+00,1.588224070366295315e+00
-1.394076400686971251e+00,6.513467249349214061e-01,5.003508201088276985e-01,1.000000000000000000e+00,5.000000000000000000e-01,2.000000000000000111e-01,0.000000000000000000e+00,2.231659919291920424e+00,2.231659919291920424e+00,-2.378195684613128691e+00,9.080270978965219175e-01
-5.262957100714178438e-01,2.348105778859586046e+00,1.293852528401288060e-01,1.000000000000000000e+00,5.000000000000000000e-01,2.000000000000000111e-01,0.000000000000000000e+00,2.006343352949199410e+00,2.006343352949199410e+00,-3.922992679020638196e+00,1.235797998207705417e+00
-1.600989722220704570e+00,1.067445606294810556e+00,5.747379901592405416e-01,1.000000000000000000e+00,5.000000000000000000e-01,2.000000000000000111e-01,0.000000000000000000e+00,3.333826838636301026e+00,3.333826838636301026e+00,-3.107620915592845368e+00,1.708969444707640228e+00
2.162766834376181890e+00,1.884616805271722484e+00,4.120542382069329879e-01,1.000000000000000000e+00,5.000000000000000000e-01,2.000000000000000111e-01,0.000000000000000000e+00,-8.026897862579815524e+00,-8.026897862579815524e+00,-5.582426479282839971e+00,-4.075986721949676372e+00
-8.040066123103057905e-01,3.850910917390756305e-01,3.757794735122638174e-01,1.000000000000000000e+00,5.000000000000000000e-01,2.000000000000000111e-01,0.000000000000000000e+00,9.675680098726665568e-01,9.675680098726665568e-01,-1.462003554051613197e+00,3.096157841000113931e-01
-2.768924783979578308e+00,2.284393452563290960e+00,7.170131382076028181e-01,1.000000000000000000e+00,5.000000000000000000e-01,2.000000000000000111e-01,0.000000000000000000e+00,1.423951583064423865e+01,1.423951583064423865e+01,-8.209393398658829000e+00,6.325313647163173236e+00
7.983661384987197351e-01,2.752152651771848202e+00,9.748278440126967315e-01,1.000000000000000000e+00,5.000000000000000000e-01,2.000000000000000111e-01,0.000000000000000000e+00,-3.923689988925316730e+00,-3.923689988925316730e+00,-5.169605203988221653e+00,-2.197225485154102209e+00
2.916487806793066184e+00,2.761304671817065071e+00,5.183254130561991690e-01,1.000000000000000000e+00,5.000000000000000000e-01,2.000000000000000111e-01,0.000000000000000000e+00,-1.899678239619257170e+01,-1.899678239619257170e+01,-9.915942421602952805e+00,-8.053311406195199140e+00
2.945733301092925416e-01,2.942304282178197283e+00,1.858493942816256128e-01,1.000000000000000000e+00,5.000000000000000000e-01,2.000000000000000111e-01,0.000000000000000000e+00,-1.574768972284267710e+00,-1.574768972284267710e+00,-5.380641312549085065e+00,-8.667243705960631095e-01
-1.301834817973119174e+00,1.876411394333892257e-01,6.788170187328966820e-01,1.000000000000000000e+00,5.000000000000000000e-01,2.000000000000000111e-01,0.000000000000000000e+00,1.766016229966759221e+00,1.766016229966759221e+00,-2.034468934576192822e+00,2.442777685985349501e-01
2.412793051552167611e+00,2.434814716676600987e+00,4.509638012253895933e-01,1.000000000000000000e+00,5.000000000000000000e-01,2.000000000000000111e-01,0.000000000000000000e+00,-1.237394984442862622e+01,-1.237394984442862622e+01,-7.457103538043531543e+00,-5.874704030214262573e+00
7.786413053658844952e-01,7.288052670297486824e-01,8.509804910113369925e-01,1.000000000000000000e+00,5.000000000000000000e-01,2.000000000000000111e-01,0.000000000000000000e+00,-1.079847026491999928e+00,-1.079847026491999928e+00,-1.629347928078284768e+00,-5.674778844775755227e-01
7.148424602065084343e-01,3.220301648340271328e-01,7.545520063806396838e-01,1.000000000000000000e+00,5.000000000000000000e-01,2.000000000000000111e-01,0.000000000000000000e+00,-8.249651293512206829e-01,-8.249651293512206829e-01,-1.358451559279971521e+00,-2.302008352906634026e-01
-2.368291735335104065e-01,2.383823490525205813e+00,3.562600516551583940e-01,1.000000000000000000e+00,5.000000000000000000e-01,2.000000000000000111e-01,0.000000000000000000e+00,9.123902711455844639e-01,9.123902711455844639e-01,-3.874960051451827425e+00,5.645589471108524160e-01
1.627959116569396514e+00,2.685477238452254944e+00,8.231849637973074341e-01,1.000000000000000000e+00,5.000000000000000000e-01,2.000000000000000111e-01,0.000000000000000000e+00,-8.361107143782334106e+00,-8.361107143782334106e+00,-6.196044530255421456e+00,-4.371847152677955428e+00
1.022650871688572494e+00,2.034709324558156007e-01,5.339271126582396665e-01,1.000000000000000000e+00,5.000000000000000000e-01,2.000000000000000111e-01,0.000000000000000000e+00,-1.257720644136790300e+00,-1.257720644136790300e+00,-1.648189093396458027e+00,-2.080797264392264811e-01
2.773637948033504941e-01,6.227342077877567883e-01,7.069483858650142949e-01,1.000000000000000000e+00,5.000000000000000000e-01,2.000000000000000111e-01,0.000000000000000000e+00,-3.354118992616288430e-01,-3.354118992616288430e-01,-1.240057351575151623e+00,-1.727239230258703906e-01
-9.937539906512267152e-01,1.423321522886666690e+00,6.126752654268019516e-02,1.000000000000000000e+00,5.000000000000000000e-01,2.000000000000000111e-01,0.000000000000000000e+00,2.196625101869699836e+00,2.196625101869699836e+00,-2.605450275117353165e+00,1.414431443348406425e+00
1.705177280630620018e+00,2.598916741153378229e+00,2.776671158949379770e-01,1.000000000000000000e+00,5.000000000000000000e-01,2.000000000000000111e-01,0.000000000000000000e+00,-8.455479676546366008e+00,-8.455479676546366008e+00,-6.121761848750948865e+00,-4.431613781265310692e+00
2.464272386733671993e+00,1.387922194548603105e+00,8.557289338139879575e-01,1.000000000000000000e+00,5.000000000000000000e-01,2.000000000000000111e-01,0.000000000000000000e+00,-7.830697880941879241e+00,-7.830697880941879241e+00,-5.606747046671147316e+00,-3.420218338960922200e+00
-2.451948800637573811e+00,1.417141937060472090e-01,2.142772515596069738e-02,1.000000000000000000e+00,5.000000000000000000e-01,2.000000000000000111e-01,0.000000000000000000e+00,5.424819127266490959e+00,5.424819127266490959e+00,-4.617273208917699989e+00,3.474759472908632851e-01
-2.842969504663437341e+00,2.194021985613147763e+00,6.871823016864998523e-01,1.000000000000000000e+00,5.000000000000000000e-01,2.000000000000000111e-01,0.000000000000000000e+00,1.428126315046538686e+01,1.428126315046538686e+01,-8.256351599344691650e+00,6.237537597659302158e+00
-2.402930201950206346e+00,2.860801129563381728e+00,9.257249873701822729e-01,1.000000000000000000e+00,5.000000000000000000e-01,2.000000000000000111e-01,0.000000000000000000e+00,1.501087972701994921e+01,1.501087972701994921e+01,-8.556535684722236468e+00,6.874305436001114877e+00
2.238565784274960890e+00,4.778828131282075731e-01,8.427763230272374839e-01,1.000000000000000000e+00,5.000000000000000000e-01,2.000000000000000111e-01,0.000000000000000000e+00,-4.737748409474497713e+00,-4.737748409474497713e+00,-4.120892053857607706e+00,-1.069772114361870585e+00
7.044146334573149204e-01,2.472396566411014351e+00,1.524502593093292058e-01,1.000000000000000000e+00,5.000000000000000000e-01,2.000000000000000111e-01,0.000000000000000000e+00,-2.927274175651091603e+00,-2.927274175651091603e+00,-4.354092376297768574e+00,-1.741592321089538542e+00
-6.157777335826066789e-01,2.869953156133156380e+00,1.271915195764891093e-01,1.000000000000000000e+00,5.000000000000000000e-01,2.000000000000000111e-01,0.000000000000000000e+00,3.198443148065866382e+00,3.198443148065866382e+00,-5.345824889505012223e+00,1.767253249971924012e+00
2.851747128116889130e+00,1.253577000752677861e+00,3.758647958199886618e-01,1.000000000000000000e+00,5.000000000000000000e-01,2.000000000000000111e-01,0.000000000000000000e+00,-9.730788542591701784e+00,-9.730788542591701784e+00,-6.665204658041795405e+00,-3.574884611769832521e+00
2.666471788080921002e+00,2.500708020855462621e+00,6.013975260335868711e-02,1.000000000000000000e+00,5.000000000000000000e-01,2.000000000000000111e-01,0.000000000000000000e+00,-1.479567775965701415e+01,-1.479567775965701415e+01,-8.392813380764302167e+00,-6.668067387838766180e+00
-4.556069810142915344e-01,1.903693085006426422e+00,6.142715297863007295e-01,1.000000000000000000e+00,5.000000000000000000e-01,2.000000000000000111e-01,0.000000000000000000e+00,1.300092391590318197e+00,1.300092391590318197e+00,-2.936570313640016749e+00,8.673358592375609577e-01
-7.823740114636210663e-01,2.937368446086449314e+00,6.583881139192850895e-01,1.000000000000000000e+00,5.000000000000000000e-01,2.000000000000000111e-01,0.000000000000000000e+00,4.253367326031239237e+00,4.253367326031239237e+00,-5.681332150320367980e+00,2.298120734311318358e+00
1.970277548503029941e-01,2.016171621596498653e+00,6.819997567261877336e-01,1.000000000000000000e+00,5.000000000000000000e-01,2.000000000000000111e-01,0.000000000000000000e+00,-5.990112655973827138e-01,-5.990112655973827138e-01,-3.055765965574338328e+00,-3.972417679960527637e-01
5.559140520736720603e-01,8.716489603640455996e-01,8.254571635413571196e-01,1.000000000000000000e+00,5.000000000000000000e-01,2.000000000000000111e-01,0.000000000000000000e+00,-8.014579765777284370e-01,-8.014579765777284370e-01,-1.565310215027642338e+00,-4.845619055417801357e-01
2.051813057615862412e+00,2.121077754649613123e+00,3.198458359508856708e-01,1.000000000000000000e+00,5.000000000000000000e-01,2.000000000000000111e-01,0.000000000000000000e+00,-8.394937285789900727e+00,-8.394937285789900727e+00,-5.775447514676494976e+00,-4.352055033208610979e+00
2.270356290018650469e+00,1.000529904552402760e+00,1.489283543729169601e-02,1.000000000000000000e+00,5.000000000000000000e-01,2.000000000000000111e-01,0.000000000000000000e+00,-5.747256154925430849e+00,-5.747256154925430849e+00,-4.593240655128170147e+00,-2.271559362152307582e+00
-1.290865095117434080e+00,1.060155060471462463e+00,1.790376365742027964e-01,1.000000000000000000e+00,5.000000000000000000e-01,2.000000000000000111e-01,0.000000000000000000e+00,2.446487435206245120e+00,2.446487435206245120e+00,-2.561763992397150691e+00,1.368517162974723478e+00
2.125458346510516350e+00,1.159128742078230356e-02,8.217076178306628176e-01,1.000000000000000000e+00,5.000000000000000000e-01,2.000000000000000111e-01,0.000000000000000000e+00,-4.045983858067470962e+00,-4.045983858067470962e+00,-3.710611088622767006e+00,-2.463679859530410257e-02
-2.535556541366693839e+00,2.411507119882714267e-01,1.481341273944731807e-01,1.000000000000000000e+00,5.000000000000000000e-01,2.000000000000000111e-01,0.000000000000000000e+00,5.869524917518651463e+00,5.869524917518651463e+00,-4.886505017626683767e+00,6.114512652370972523e-01
-1.750343228225694103e+00,5.561390811026757364e-01,1.062399420020552210e-01,1.000000000000000000e+00,5.000000000000000000e-01,2.000000000000000111e-01,0.000000000000000000e+00,3.093531455278138331e+00,3.093531455278138331e+00,-2.992866188722191012e+00,9.734342745597285296e-01
-4.818660593527877012e-01,2.005615100770413495e+00,6.871788285878644986e-01,1.000000000000000000e+00,5.000000000000000000e-01,2.000000000000000111e-01,0.000000000000000000e+00,1.473394595695644904e+00,1.473394595695644904e+00,-3.150562905712868567e+00,9.664378451866834085e-01
-2.544891747529910653e+00,1.555025895342803999e+00,6.092211789176762426e-01,1.000000000000000000e+00,5.000000000000000000e-01,2.000000000000000111e-01,0.000000000000000000e+00,8.918185208627408045e+00,8.918185208627408045e+00,-6.094937171580850688e+00,3.957372568253212375e+00
-9.191790769868868338e-01,1.191893563051365845e+00,9.166810535860789866e-01,1.000000000000000000e+00,5.000000000000000000e-01,2.000000000000000111e-01,0.000000000000000000e+00,1.727397767700159736e+00,1.727397767700159736e+00,-2.217239238163919435e+00,1.095563625152166320e+00
-2.836690769995756423e+00,1.831487965324155809e+00,8.114728425019090974e-01,1.000000000000000000e+00,5.000000000000000000e-01,2.000000000000000111e-01,0.000000000000000000e+00,1.215957991046500908e+01,1.215957991046500908e+01,-7.505262798311079564e+00,5.195365006593340773e+00
1.833883830346987764e+00,9.547847426426182560e-01,8.773991846294340036e-01,1.000000000000000000e+00,5.000000000000000000e-01,2.000000000000000111e-01,0.000000000000000000e+00,-3.903298739867585798e+00,-3.903298739867585798e+00,-3.473684894316448890e+00,-1.750964300994307665e+00
1.057372161926743104e+00,9.858297406268176077e-01,9.020007475101000649e-01,1.000000000000000000e+00,5.000000000000000000e-01,2.000000000000000111e-01,0.000000000000000000e+00,-1.807617168258644602e+00,-1.807617168258644602e+00,-2.156751672042750201e+00,-1.042388924138258455e+00
-1.439793254626870578e+00,1.829870830775078838e+00,1.251214057233085430e-02,1.000000000000000000e+00,5.000000000000000000e-01,2.000000000000000111e-01,0.000000000000000000e+00,4.447254356582290846e+00,4.447254356582290846e+00,-3.918016398302160752e+00,2.634635678988426211e+00
1.393400712812598030e-01,2.245039237287315359e+00,9.499870218474182337e-01,1.000000000000000000e+00,5.000000000000000000e-01,2.000000000000000111e-01,0.000000000000000000e+00,-4.910321426792645383e-01,-4.910321426792645383e-01,-3.531749981758605550e+00,-3.128239273528396480e-01
-6.613166721385113078e-01,2.216881322301752277e+00,2.634880982461970111e-01,1.000000000000000000e+00,5.000000000000000000e-01,2.000000000000000111e-01,0.000000000000000000e+00,2.344201841561081689e+00,2.344201841561081689e+00,-3.719685243094196014e+00,1.466060578590617336e+00
1.917564552770162578e+00,1.659096064154454320e+00,9.338323120104874420e-02,1.000000000000000000e+00,5.000000000000000000e-01,2.000000000000000111e-01,0.000000000000000000e+00,-5.966906017627674252e+00,-5.966906017627674252e+00,-4.582532163470780517e+00,-3.181423802263072975e+00
-1.236429521957270516e+00,2.936690734728558461e+00,9.026728117986941857e-01,1.000000000000000000e+00,5.000000000000000000e-01,2.000000000000000111e-01,0.000000000000000000e+00,6.946048176150797282e+00,6.946048176150797282e+00,-6.229331013380770443e+00,3.631011121276777054e+00
-1.582085320105997894e+00,2.971403266244448282e+00,2.976169190949660148e-01,1.000000000000000000e+00,5.000000000000000000e-01,2.000000000000000111e-01,0.000000000000000000e+00,9.358378736138901033e+00,9.358378736138901033e+00,-6.916415061381027130e+00,4.701013487640355315e+00
1.658750003148401930e+00,2.789370043004562483e+00,1.442018376385518774e-01,1.000000000000000000e+00,5.000000000000000000e-01,2.000000000000000111e-01,0.000000000000000000e+00,-9.024566957233938425e+00,-9.024566957233938425e+00,-6.541163562172531698e+00,-4.626867567615875920e+00
1.537680524981420049e+00,8.872906060533286565e-01,5.662750086344767730e-01,1.000000000000000000e+00,5.000000000000000000e-01,2.000000000000000111e-01,0.000000000000000000e+00,-2.870133886981159677e+00,-2.870133886981159677e+00,-2.812319147939523312e+00,-1.364369484927164811e+00
1.221723729936659453e+00,2.226882459896338595e+00,8.266763764943219073e-01,1.000000000000000000e+00,5.000000000000000000e-01,2.000000000000000111e-01,0.000000000000000000e+00,-4.615702207822955039e+00,-4.615702207822955039e+00,-4.375068068471190230e+00,-2.720635145035078306e+00
-2.616604087821394309e+00,3.243749116454970327e-01,3.244962610922215163e-01,1.000000000000000000e+00,5.000000000000000000e-01,2.000000000000000111e-01,0.000000000000000000e+00,6.337239610649086252e+00,6.337239610649086252e+00,-5.160579713094691101e+00,8.487607197983111362e-01
-2.752137631228837478e+00,2.974900821584354649e+00,8.564413186531519839e-01,1.000000000000000000e+00,5.000000000000000000e-01,2.000000000000000111e-01,0.000000000000000000e+00,1.909947671510366263e+01,1.909947671510366263e+01,-9.969574373867160944e+00,8.187336500255888438e+00
2.580169379271961994e+00,1.712021050598282912e+00,9.684348109221159184e-01,1.000000000000000000e+00,5.000000000000000000e-01,2.000000000000000111e-01,0.000000000000000000e+00,-9.796807264302461959e+00,-9.796807264302461959e+00,-6.459872454285421561e+00,-4.417304291422703422e+00
2.834647451321544054e+00,2.098259241280994170e-01,5.342735953653426906e-01,1.000000000000000000e+00,5.000000000000000000e-01,2.000000000000000111e-01,0.000000000000000000e+00,-7.452454525967092458e+00,-7.452454525967092458e+00,-5.843149163188341433e+00,-5.947825210509046778e-01
-1.771566109187973970e+00,3.817045937567868918e-01,2.308211924340052290e-01,1.000000000000000000e+00,5.000000000000000000e-01,2.000000000000000111e-01,0.000000000000000000e+00,3.012616363857608892e+00,3.012616363857608892e+00,-2.955917085981567105e+00,6.762149220208871769e-01
-5.041290695631328589e-02,1.940189331608403567e+00,2.985618640253864253e-01,1.000000000000000000e+00,5.000000000000000000e-01,2.000000000000000111e-01,0.000000000000000000e+00,1.453240574876554780e-01,1.453240574876554780e-01,-2.883692197956203795e+00,9.781058425200611639e-02
-2.198908555626224448e-01,2.044139617393124997e+00,1.686018342304727025e-01,1.000000000000000000e+00,5.000000000000000000e-01,2.000000000000000111e-01,0.000000000000000000e+00,6.814250024883848900e-01,6.814250024883848900e-01,-3.118264580714092737e+00,4.494876093580259524e-01
-1.297692054329749212e+00,1.111957935166738132e+00,4.415377335733827735e-01,1.000000000000000000e+00,5.000000000000000000e-01,2.000000000000000111e-01,0.000000000000000000e+00,2.537021911716102363e+00,2.537021911716102363e+00,-2.628628025512476540e+00,1.442978977214790515e+00
-2.528207463728568527e+00,1.338571696924315102e+00,3.971378988653733177e-01,1.000000000000000000e+00,5.000000000000000000e-01,2.000000000000000111e-01,0.000000000000000000e+00,8.025171870406238028e+00,8.025171870406238028e+00,-5.730986881695125490e+00,3.384186954899868649e+00
-1.481767464989975247e+00,2.430026779424731664e+00,2.912161446243232144e-01,1.000000000000000000e+00,5.000000000000000000e-01,2.000000000000000111e-01,0.000000000000000000e+00,6.507392290414834690e+00,6.507392290414834690e+00,-5.269895966542357257e+00,3.600734620805938313e+00
2.765413102543551105e+00,2.348420170444995403e+00,4.040542240409369379e-01,1.000000000000000000e+00,5.000000000000000000e-01,2.000000000000000111e-01,0.000000000000000000e+00,-1.462085127707528187e+01,-1.462085127707528187e+01,-8.346044425108180675e+00,-6.494351909626149499e+00
-3.434731182807517769e-01,2.268564097226748899e+00,2.620051861835782647e-01,1.000000000000000000e+00,5.000000000000000000e-01,2.000000000000000111e-01,0.000000000000000000e+00,1.235399402200736185e+00,1.235399402200736185e+00,-3.643975801402009385e+00,7.791907844942299599e-01
-1.763682775464058716e+00,1.134136338602426353e+00,8.581209870550865482e-01,1.000000000000000000e+00,5.000000000000000000e-01,2.000000000000000111e-01,0.000000000000000000e+00,3.995178886391110851e+00,3.995178886391110851e+00,-3.509478776750422302e+00,2.000256725420972881e+00
-2.546202859737686008e+00,1.047679318661422831e+00,9.159384855367947997e-01,1.000000000000000000e+00,5.000000000000000000e-01,2.000000000000000111e-01,0.000000000000000000e+00,7.245082177077165397e+00,7.245082177077165397e+00,-5.438705379137253715e+00,2.667604077263745044e+00
8.753062057230303061e-01,1.975747022611238357e+00,4.348573142192915242e-01,1.000000000000000000e+00,5.000000000000000000e-01,2.000000000000000111e-01,0.000000000000000000e+00,-2.717843572002841768e+00,-2.717843572002841768e+00,-3.411484720944935045e+00,-1.729383629830417268e+00
2.042762450315831479e+00,2.863890611080848192e-01,1.161941178439825917e-01,1.000000000000000000e+00,5.000000000000000000e-01,2.000000000000000111e-01,0.000000000000000000e+00,-3.831374677470668733e+00,-3.831374677470668733e+00,-3.544736404213389314e+00,-5.850248202128017772e-01
-1.488288258268663400e+00,2.028702518268531207e+00,2.931241534521409342e-01,1.000000000000000000e+00,5.000000000000000000e-01,2.000000000000000111e-01,0.000000000000000000e+00,5.210225344076707010e+00,5.210225344076707010e+00,-4.386818117634763148e+00,3.019294137459123561e+00
1.526751826534512801e+00,2.064107451408994542e+00,6.842781485340163616e-01,1.000000000000000000e+00,5.000000000000000000e-01,2.000000000000000111e-01,0.000000000000000000e+00,-5.490908001594877241e+00,-5.490908001594877241e+00,-4.528852469376950296e+00,-3.151379821602180442e+00
-2.870480544454983907e+00,2.301256599826208227e+00,9.795670171846213581e-01,1.000000000000000000e+00,5.000000000000000000e-01,2.000000000000000111e-01,0.000000000000000000e+00,1.520155597080158749e+01,1.520155597080158749e+01,-8.591686102778590239e+00,6.605712297599759530e+00
-2.224369790457068952e+00,7.381320419446179004e-01,7.562339172894638750e-01,1.000000000000000000e+00,5.000000000000000000e-01,2.000000000000000111e-01,0.000000000000000000e+00,5.031488094480992324e+00,5.031488094480992324e+00,-4.241112034491480998e+00,1.641878615469998248e+00
8.323625223487498559e-01,1.027215487339006916e+00,6.575620265625292671e-02,1.000000000000000000e+00,5.000000000000000000e-01,2.000000000000000111e-01,0.000000000000000000e+00,-1.386841900710875874e+00,-1.386841900710875874e+00,-1.943282249881020718e+00,-8.550156740371961384e-01
-2.434553362934869014e+00,7.271041648240078592e-01,3.482164276862560470e-01,1.000000000000000000e+00,5.000000000000000000e-01,2.000000000000000111e-01,0.000000000000000000e+00,5.964047706195801268e+00,5.964047706195801268e+00,-4.820570279438697980e+00,1.770173889676237566e+00
-2.100467589239030097e-01,1.320864700704105443e+00,6.709878418297698932e-02,1.000000000000000000e+00,5.000000000000000000e-01,2.000000000000000111e-01,0.000000000000000000e+00,3.951327597478328513e-01,3.951327597478328513e-01,-1.898813563343734856e+00,2.774433493598885136e-01
-9.258650658194156335e-02,1.911201451571357124e+00,5.616700852279029599e-01,1.000000000000000000e+00,5.000000000000000000e-01,2.000000000000000111e-01,0.000000000000000000e+00,2.618401908493069863e-01,2.618401908493069863e-01,-2.831488850964860138e+00,1.769514657753277209e-01
-2.831973106554563024e+00,1.366013154298649779e+00,3.952327981085227426e-01,1.000000000000000000e+00,5.000000000000000000e-01,2.000000000000000111e-01,0.000000000000000000e+00,1.001671805884061150e+01,1.001671805884061150e+01,-6.745038974607455273e+00,3.868512516173544746e+00
1.934405958956556759e+00,2.639391525400804905e+00,4.467606623381225051e-01,1.000000000000000000e+00,5.000000000000000000e-01,2.000000000000000111e-01,0.000000000000000000e+00,-1.011999777609756990e+01,-1.011999777609756990e+01,-6.728349660606776084e+00,-5.105654694754752754e+00
1.430680343173556857e+00,1.756066248733803237e+00,2.852170599116707894e-01,1.000000000000000000e+00,5.000000000000000000e-01,2.000000000000000111e-01,0.000000000000000000e+00,-4.222300490119896388e+00,-4.222300490119896388e+00,-3.769992081576930332e+00,-2.512369463373978373e+00
1.744243286402559434e+00,2.385102526819400381e+00,8.962076228841464598e-02,1.000000000000000000e+00,5.000000000000000000e-01,2.000000000000000111e-01,0.000000000000000000e+00,-7.766825740460839178e+00,-7.766825740460839178e+00,-5.669787817016384679e+00,-4.160199069786519210e+00
9.145370322119235063e-01,2.885187972948294988e+00,7.828450001405443670e-01,1.000000000000000000e+00,5.000000000000000000e-01,2.000000000000000111e-01,0.000000000000000000e+00,-4.873961476284798700e+00,-4.873961476284798700e+00,-5.663981609594941347e+00,-2.638611246153669043e+00
-1.310057228793923390e+00,2.388335956057021647e+00,3.440692172456298881e-01,1.000000000000000000e+00,5.000000000000000000e-01,2.000000000000000111e-01,0.000000000000000000e+00,5.496114936883252255e+00,5.496114936883252255e+00,-4.881824285126532104e+00,3.128856784020947579e+00
1.169004481929443173e+00,6.489819216445904537e-01,7.015549044330160466e-02,1.000000000000000000e+00,5.000000000000000000e-01,2.000000000000000111e-01,0.000000000000000000e+00,-1.734689331471788387e+00,-1.734689331471788387e+00,-2.030531654573428213e+00,-7.586627750937089409e-01
4.298259866162865706e-01,1.024064676270007634e+00,2.021675473472571705e-01,1.000000000000000000e+00,5.000000000000000000e-01,2.000000000000000111e-01,0.000000000000000000e+00,-6.710891638834824979e-01,-6.710891638834824979e-01,-1.635204457854396276e+00,-4.401696098366441601e-01
7.413038690215199011e-01,1.427074819150637719e-01,4.959137910923672177e-02,1.000000000000000000e+00,5.000000000000000000e-01,2.000000000000000111e-01,0.000000000000000000e+00,-8.303263078232303585e-01,-8.303263078232303585e-01,-1.339901568433033985e+00,-1.057896084819553578e-01
1.513092106239208867e+00,1.210236860688422844e+00,8.743695041378138910e-01,1.000000000000000000e+00,5.000000000000000000e-01,2.000000000000000111e-01,0.000000000000000000e+00,-3.314013934572044739e+00,-3.314013934572044739e+00,-3.106005262662527855e+00,-1.831199840587373728e+00
-1.263841249498293129e+00,1.332429539103331839e+00,1.721579434910927020e-01,1.000000000000000000e+00,5.000000000000000000e-01,2.000000000000000111e-01,0.000000000000000000e+00,2.789478593326014888e+00,2.789478593326014888e+00,-2.846061060697603118e+00,1.683979413568789774e+00
2.483679663023109718e+00,9.715952467088951883e-01,9.387156961537860278e-01,1.000000000000000000e+00,5.000000000000000000e-01,2.000000000000000111e-01,0.000000000000000000e+00,-6.720170537135226496e+00,-6.720170537135226496e+00,-5.173197462822413328e+00,-2.413131354940803774e+00
-2.272745483777325326e-01,1.130505698708611284e+00,9.714461836602762412e-01,1.000000000000000000e+00,5.000000000000000000e-01,2.000000000000000111e-01,0.000000000000000000e+00,3.748558017061096592e-01,3.748558017061096592e-01,-1.670013799610504002e+00,2.569351721124525922e-01
-1.103517333453949201e+00,6.104829534464483176e-01,1.222578611687334948e-01,1.000000000000000000e+00,5.000000000000000000e-01,2.000000000000000111e-01,0.000000000000000000e+00,1.577913718081563887e+00,1.577913718081563887e+00,-1.916995021364337859e+00,6.736785209063160806e-01
1.670382050834655630e-01,2.464510976315014368e+00,7.896069979204937139e-01,1.000000000000000000e+00,5.000000000000000000e-01,2.000000000000000111e-01,0.000000000000000000e+00,-6.752498608463135543e-01,-6.752498608463135543e-01,-4.053648233363096764e+00,-4.116674898921592884e-01
2.839075950743563226e+00,1.181770391308795798e+00,2.151779743521448074e-01,1.000000000000000000e+00,5.000000000000000000e-01,2.000000000000000111e-01,0.000000000000000000e+00,-9.398366529668432889e+00,-9.398366529668432889e+00,-6.534501981341353627e+00,-3.355135897265612233e+00
1.228453526905451731e+00,5.878765556613108068e-02,7.124740050027048577e-01,1.000000000000000000e+00,5.000000000000000000e-01,2.000000000000000111e-01,0.000000000000000000e+00,-1.601347656262537278e+00,-1.601347656262537278e+00,-1.907186834883347171e+00,-7.221790281871663664e-02
-2.427989044778644967e+00,1.334558351296672996e+00,9.664287770865077620e-01,1.000000000000000000e+00,5.000000000000000000e-01,2.000000000000000111e-01,0.000000000000000000e+00,7.452831725170599775e+00,7.452831725170599775e+00,-5.427601477446917677e+00,3.240293056566172503e+00
-1.344190420798343943e+00,1.100437337597125476e+00,4.633731633392864646e-01,1.000000000000000000e+00,5.000000000000000000e-01,2.000000000000000111e-01,0.000000000000000000e+00,2.643821929846087659e+00,2.643821929846087659e+00,-2.689589899408542539e+00,1.479197327886889290e+00
1.041029993330850445e+00,5.414136718157618322e-01,2.149624923194856096e-01,1.000000000000000000e+00,5.000000000000000000e-01,2.000000000000000111e-01,0.000000000000000000e+00,-1.419249797645515843e+00,-1.419249797645515843e+00,-1.796810450223170985e+00,-5.636278711595937851e-01
2.746040021564094324e+00,2.102519459857756345e+00,6.597589618946640977e-01,1.000000000000000000e+00,5.000000000000000000e-01,2.000000000000000111e-01,0.000000000000000000e+00,-1.295702837335191759e+01,-1.295702837335191759e+01,-7.734735519559315264e+00,-5.773602582886721457e+00
2.329077205405214457e-01,1.244966839186160579e+00,6.085740550556837380e-01,1.000000000000000000e+00,5.000000000000000000e-01,2.000000000000000111e-01,0.000000000000000000e+00,-4.159313625236483181e-01,-4.159313625236483181e-01,-1.807518819109018793e+00,-2.899623886633865832e-01
2.440920466034324221e-01,2.342345491446624184e+00,2.436683169811746374e-01,1.000000000000000000e+00,5.000000000000000000e-01,2.000000000000000111e-01,0.000000000000000000e+00,-9.166162562918087620e-01,-9.166162562918087620e-01,-3.779039756979194919e+00,-5.717479048595291991e-01
-2.995386874770116226e+00,1.841509652980359402e+00,5.388241424327778750e-01,1.000000000000000000e+00,5.000000000000000000e-01,2.000000000000000111e-01,0.000000000000000000e+00,1.344942906978058517e+01,1.344942906978058517e+01,-8.078984418736972373e+00,5.516033844299840005e+00
-2.081276446433084182e+00,2.867623035305609136e+00,5.080404041746737764e-01,1.000000000000000000e+00,5.000000000000000000e-01,2.000000000000000111e-01,0.000000000000000000e+00,1.244181495510640545e+01,1.244181495510640545e+01,-7.710657924193953683e+00,5.968316280630513226e+00
1.835074947872641360e+00,1.011441762954639501e+00,4.106735492205850768e-01,1.000000000000000000e+00,5.000000000000000000e-01,2.000000000000000111e-01,0.000000000000000000e+00,-4.009652033806755611e+00,-4.009652033806755611e+00,-3.532007258510261316e+00,-1.856071440430197450e+00
-1.548064186581246116e+00,1.153721873621285088e-01,3.728722140432593202e-01,1.000000000000000000e+00,5.000000000000000000e-01,2.000000000000000111e-01,0.000000000000000000e+00,2.300355136341551976e+00,2.300355136341551976e+00,-2.444557006273634592e+00,1.786035513828525823e-01
2.187192874356678196e-01,5.502772017380357372e-01,9.222225119343390176e-01,1.000000000000000000e+00,5.000000000000000000e-01,2.000000000000000111e-01,0.000000000000000000e+00,-2.539265584118933217e-01,-2.539265584118933217e-01,-1.180105375394141287e+00,-1.203562374562364007e-01
1.096998089850079516e+00,2.269996036404408279e+00,6.603580143562557403e-01,1.000000000000000000e+00,5.000000000000000000e-01,2.000000000000000111e-01,0.000000000000000000e+00,-4.187375503751451511e+00,-4.187375503751451511e+00,-4.298483888126695796e+00,-2.490181315902887604e+00
5.731817158977747795e-01,5.842097720346520751e-01,4.106585902007584554e-01,1.000000000000000000e+00,5.000000000000000000e-01,2.000000000000000111e-01,0.000000000000000000e+00,-7.086577911676735786e-01,-7.086577911676735786e-01,-1.367772896534100502e+00,-3.348583595790697309e-01
1.597298194600002219e+00,1.779510764667613820e+00,5.633213898032114475e-01,1.000000000000000000e+00,5.000000000000000000e-01,2.000000000000000111e-01,0.000000000000000000e+00,-4.941404226976962022e+00,-4.941404226976962022e+00,-4.114146194267414458e+00,-2.842409331674848882e+00
8.658795800058038949e-01,3.405823069252601476e-01,6.267125179472406993e-01,1.000000000000000000e+00,5.000000000000000000e-01,2.000000000000000111e-01,0.000000000000000000e+00,-1.045937198057805828e+00,-1.045937198057805828e+00,-1.507846622137882564e+00,-2.949032648778520671e-01
-1.141764123057432689e+00,2.566117893792674742e+00,8.692961280322344386e-01,1.000000000000000000e+00,5.000000000000000000e-01,2.000000000000000111e-01,0.000000000000000000e+00,5.198686781813997904e+00,5.198686781813997904e+00,-5.074655710042141443e+00,2.929901346668179585e+00
5.133882192077692252e-01,1.155786463515411366e+00,4.502237670517871271e-01,1.000000000000000000e+00,5.000000000000000000e-01,2.000000000000000111e-01,0.000000000000000000e+00,-8.833535677764264848e-01,-8.833535677764264848e-01,-1.826061652795525347e+00,-5.933671542886224115e-01
1.176924892387145150e+00,8.755306548059025307e-01,8.143432434848520973e-01,1.000000000000000000e+00,5.000000000000000000e-01,2.000000000000000111e-01,0.000000000000000000e+00,-1.954057113037113824e+00,-1.954057113037113824e+00,-2.214368285144722392e+00,-1.030433821689083596e+00
-2.583952047987232881e+00,2.668343120819869796e+00,1.584107959912629537e-01,1.000000000000000000e+00,5.000000000000000000e-01,2.000000000000000111e-01,0.000000000000000000e+00,1.523340284837440173e+01,1.523340284837440173e+01,-8.566112416991810363e+00,6.894870671775146675e+00
2.794817522350022898e+00,2.110855158946757015e+00,7.295681349914129310e-01,1.000000000000000000e+00,5.000000000000000000e-01,2.000000000000000111e-01,0.000000000000000000e+00,-1.338733173662997977e+01,-1.338733173662997977e+01,-7.914457740966902577e+00,-5.899454985367339255e+00
7.162289659279759135e-01,1.807400279430810830e+00,7.021176083234185183e-01,1.000000000000000000e+00,5.000000000000000000e-01,2.000000000000000111e-01,0.000000000000000000e+00,-1.959562822811589777e+00,-1.959562822811589777e+00,-2.941138244023841164e+00,-1.294512433154664466e+00
2.852888000946548708e+00,2.716165030857114360e+00,1.227032223666391086e-02,1.000000000000000000e+00,5.000000000000000000e-01,2.000000000000000111e-01,0.000000000000000000e+00,-1.802046740664465219e+01,-1.802046740664465219e+01,-9.572158204992392783e+00,-7.748914625122873545e+00
2.175764073614486982e+00,2.422061053896712668e+00,6.439968900827918175e-01,1.000000000000000000e+00,5.000000000000000000e-01,2.000000000000000111e-01,0.000000000000000000e+00,-1.061768458783214797e+01,-1.061768458783214797e+01,-6.773559456820532176e+00,-5.269833425169308860e+00
-2.812105666363696965e+00,2.471449076536258449e-02,7.364130802571422496e-02,1.000000000000000000e+00,5.000000000000000000e-01,2.000000000000000111e-01,0.000000000000000000e+00,7.260556100556809334e+00,7.260556100556809334e+00,-5.745068370303783034e+00,6.949975952256938483e-02
-2.504628014194096863e+00,2.729733370675915261e+00,9.091940109724587771e-01,1.000000000000000000e+00,5.000000000000000000e-01,2.000000000000000111e-01,0.000000000000000000e+00,1.497856325368275421e+01,1.497856325368275421e+01,-8.489619031182366271e+00,6.836966671475376067e+00
2.134902704943961282e+00,5.947242777723888985e-01,5.550201919879785839e-01,1.000000000000000000e+00,5.000000000000000000e-01,2.000000000000000111e-01,0.000000000000000000e+00,-4.458553001748455813e+00,-4.458553001748455813e+00,-3.911534219032170689e+00,-1.269678469312116809e+00
-1.525713368198624575e+00,2.182735909050807610e+00,1.502100966046002739e-01,1.000000000000000000e+00,5.000000000000000000e-01,2.000000000000000111e-01,0.000000000000000000e+00,5.870530475075044663e+00,5.870530475075044663e+00,-4.778848793469923528e+00,3.330229355685994541e+00
2.470492023295970618e+00,9.024888840235372189e-01,7.321610255554599211e-01,1.000000000000000000e+00,5.000000000000000000e-01,2.000000000000000111e-01,0.000000000000000000e+00,-6.492228865583043351e+00,-6.492228865583043351e+00,-5.069241595194436734e+00,-2.229591589093431026e+00
2.876963705927362724e+00,8.890385763101932293e-01,2.728598162035629215e-01,1.000000000000000000e+00,5.000000000000000000e-01,2.000000000000000111e-01,0.000000000000000000e+00,-8.776404570596088917e+00,-8.776404570596088917e+00,-6.361346894217810188e+00,-2.557731717213759914e+00
1.613677220102844423e+00,1.269359964286346898e+00,6.904335648257875491e-02,1.000000000000000000e+00,5.000000000000000000e-01,2.000000000000000111e-01,0.000000000000000000e+00,-3.754104180221019771e+00,-3.754104180221019771e+00,-3.368009861873824562e+00,-2.048337258479437928e+00
7.476250688222942919e-01,2.108068932112372451e-02,5.617377649838406484e-01,1.000000000000000000e+00,5.000000000000000000e-01,2.000000000000000111e-01,0.000000000000000000e+00,-8.313671855989250847e-01,-8.313671855989250847e-01,-1.335588143850051202e+00,-1.576045180452653044e-02
-3.656430520780569182e-01,2.533171126418657160e+00,7.998401492723378192e-01,1.000000000000000000e+00,5.000000000000000000e-01,2.000000000000000111e-01,0.000000000000000000e+00,1.548577650409273643e+00,1.548577650409273643e+00,-4.288694882780357709e+00,9.262364220997271191e-01
2.452454439692462351e+00,7.996559987259028723e-01,7.143491355329406600e-01,1.000000000000000000e+00,5.000000000000000000e-01,2.000000000000000111e-01,0.000000000000000000e+00,-6.186638610733140808e+00,-6.186638610733140808e+00,-4.928444525409522825e+00,-1.961119904302050410e+00
7.730941933041539649e-01,1.908165620804109563e+00,8.030356002934816440e-01,1.000000000000000000e+00,5.000000000000000000e-01,2.000000000000000111e-01,0.000000000000000000e+00,-2.272961052266879278e+00,-2.272961052266879278e+00,-3.179152797241727058e+00,-1.475191761306273275e+00
-2.438416983580511399e+00,4.333722785705053093e-01,7.104592927344379749e-01,1.000000000000000000e+00,5.000000000000000000e-01,2.000000000000000111e-01,0.000000000000000000e+00,5.567104078019090352e+00,5.567104078019090352e+00,-4.661432197405024347e+00,1.056742324279304590e+00
1.357342394732023116e+00,2.920032609704121818e-01,3.852727706247702777e-01,1.000000000000000000e+00,5.000000000000000000e-01,2.000000000000000111e-01,0.000000000000000000e+00,-1.915357563699653376e+00,-1.915357563699653376e+00,-2.148059978130795411e+00,-3.963484055151391683e-01
-1.011158983993215577e+00,5.525457461057359243e-02,2.175622710266902349e-01,1.000000000000000000e+00,5.000000000000000000e-01,2.000000000000000111e-01,0.000000000000000000e+00,1.219472934629518779e+00,1.219472934629518779e+00,-1.614992028553813075e+00,5.587115952420491916e-02
-2.185312123486972791e+00,1.459263321145994663e+00,3.389653775618276521e-01,1.000000000000000000e+00,5.000000000000000000e-01,2.000000000000000111e-01,0.000000000000000000e+00,6.599298504140103105e+00,6.599298504140103105e+00,-4.930078166456505429e+00,3.188945827060206017e+00
-8.009903697478706341e-01,1.250637168357974449e+00,8.323434654165221547e-01,1.000000000000000000e+00,5.000000000000000000e-01,2.000000000000000111e-01,0.000000000000000000e+00,1.530182988833078461e+00,1.530182988833078461e+00,-2.166998006896524664e+00,1.001748327903483782e+00
2.152078357059854952e+00,2.160019849379481105e+00,2.315616321866487137e-02,1.000000000000000000e+00,5.000000000000000000e-01,2.000000000000000111e-01,0.000000000000000000e+00,-9.165983915804041260e+00,-9.165983915804041260e+00,-6.111707627811945542e+00,-4.648531968669269432e+00
1.453675551813107703e+00,1.296300730326456430e+00,7.723590412546699202e-02,1.000000000000000000e+00,5.000000000000000000e-01,2.000000000000000111e-01,0.000000000000000000e+00,-3.289424012293323596e+00,-3.289424012293323596e+00,-3.108101357685938204e+00,-1.884400679473046125e+00
-7.195556166093393102e-01,1.522036634023825830e+00,9.187757085116657896e-01,1.000000000000000000e+00,5.000000000000000000e-01,2.000000000000000111e-01,0.000000000000000000e+00,1.627526738118713956e+00,1.627526738118713956e+00,-2.468953928891716831e+00,1.095190008697017214e+00
1.943237576233013186e+00,1.706610514229149445e+00,1.032776564127602104e-02,1.000000000000000000e+00,5.000000000000000000e-01,2.000000000000000111e-01,0.000000000000000000e+00,-6.240696164827491899e+00,-6.240696164827491899e+00,-4.721963090249115425e+00,-3.316349679244428472e+00
3.569177495740643025e-01,4.360188385576641013e-01,5.551160733661472113e-01,1.000000000000000000e+00,5.000000000000000000e-01,2.000000000000000111e-01,0.000000000000000000e+00,-3.999385698907770292e-01,-3.999385698907770292e-01,-1.171490381765195821e+00,-1.556228626298987172e-01
-9.668897030341780940e-01,1.125936274783221336e+00,8.957122849127627795e-01,1.000000000000000000e+00,5.000000000000000000e-01,2.000000000000000111e-01,0.000000000000000000e+00,1.760552787951732645e+00,1.760552787951732645e+00,-2.194791666136471697e+00,1.088656190360557607e+00
-2.387503189065759202e+00,2.500808293376703517e+00,5.211854369234429907e-01,1.000000000000000000e+00,5.000000000000000000e-01,2.000000000000000111e-01,0.000000000000000000e+00,1.257511145864964774e+01,1.257511145864964774e+01,-7.547123946790353699e+00,5.970687775678978682e+00
1.090458466329554454e+00,2.964545506899804117e+00,7.440086852573374321e-01,1.000000000000000000e+00,5.000000000000000000e-01,2.000000000000000111e-01,0.000000000000000000e+00,-6.141554732733134792e+00,-6.141554732733134792e+00,-6.107724831313790403e+00,-3.232713746818132172e+00
-1.513379766736318022e+00,1.461566544011545066e+00,3.009714819507558481e-02,1.000000000000000000e+00,5.000000000000000000e-01,2.000000000000000111e-01,0.000000000000000000e+00,3.823027392542492464e+00,3.823027392542492464e+00,-3.442279372307049723e+00,2.211905235445798645e+00
3.414365727244739190e-02,9.346986401682474410e-01,7.383055902692569061e-01,1.000000000000000000e+00,5.000000000000000000e-01,2.000000000000000111e-01,0.000000000000000000e+00,-4.906661836708707536e-02,-4.906661836708707536e-02,-1.437530247565348418e+00,-3.191403002292726721e-02
-1.562832150427713840e+00,2.560574073087273472e+00,6.175173586562813233e-01,1.000000000000000000e+00,5.000000000000000000e-01,2.000000000000000111e-01,0.000000000000000000e+00,7.449643683998109722e+00,7.449643683998109722e+00,-5.743736390129682512e+00,4.001747484972433710e+00
7.873808193544280520e-01,1.642181049960890871e+00,6.331644797074028608e-01,1.000000000000000000e+00,5.000000000000000000e-01,2.000000000000000111e-01,0.000000000000000000e+00,-1.946699087436598141e+00,-1.946699087436598141e+00,-2.720360433237677178e+00,-1.293021860646521137e+00
-2.647666393807154961e+00,1.241630519092400409e-01,2.754846351077407940e-01,1.000000000000000000e+00,5.000000000000000000e-01,2.000000000000000111e-01,0.000000000000000000e+00,6.380176226369799863e+00,6.380176226369799863e+00,-5.213790631467180248e+00,3.287423398926281881e-01
-1.326875320837064498e+00,4.842416067454139439e-01,6.096550042117584445e-01,1.000000000000000000e+00,5.000000000000000000e-01,2.000000000000000111e-01,0.000000000000000000e+00,1.949663612129163504e+00,1.949663612129163504e+00,-2.173603837079568279e+00,6.425282373129767022e-01
7.527396709408522568e-01,1.921755970182722040e+00,7.628180581145349581e-01,1.000000000000000000e+00,5.000000000000000000e-01,2.000000000000000111e-01,0.000000000000000000e+00,-2.228031447355010908e+00,-2.228031447355010908e+00,-3.186543211791352803e+00,-1.446581956623960385e+00
2.057575346374990843e+00,3.692973440287943276e-01,8.443439003908196350e-01,1.000000000000000000e+00,5.000000000000000000e-01,2.000000000000000111e-01,0.000000000000000000e+00,-3.940078860211278844e+00,-3.940078860211278844e+00,-3.608360047759459288e+00,-7.598571105554106087e-01
1.375408179432477063e+00,1.586265727304309259e+00,7.710057487568489076e-02,1.000000000000000000e+00,5.000000000000000000e-01,2.000000000000000111e-01,0.000000000000000000e+00,-3.626221042302198772e+00,-3.626221042302198772e+00,-3.393168074839991277e+00,-2.181762856087753999e+00
-1.271190272378959873e+00,2.899675845974258426e+00,8.858969834688757983e-01,1.000000000000000000e+00,5.000000000000000000e-01,2.000000000000000111e-01,0.000000000000000000e+00,7.026180010421285260e+00,7.026180010421285260e+00,-6.173614831017801841e+00,3.686039728454708619e+00
-6.155083202250244412e-01,1.554994211885138977e+00,7.122643401490066362e-01,1.000000000000000000e+00,5.000000000000000000e-01,2.000000000000000111e-01,0.000000000000000000e+00,1.406297159369544580e+00,1.406297159369544580e+00,-2.436313794857881021e+00,9.571118753170576587e-01
7.500371037245656680e-03,1.362934158722776123e+00,5.453204962176264603e-01,1.000000000000000000e+00,5.000000000000000000e-01,2.000000000000000111e-01,0.000000000000000000e+00,-1.446676074601860838e-02,-1.446676074601860838e-02,-1.928828513846098547e+00,-1.022251188975708408e-02
2.679139810186723203e+00,2.403767307786269125e+00,7.362347553521286780e-01,1.000000000000000000e+00,5.000000000000000000e-01,2.000000000000000111e-01,0.000000000000000000e+00,-1.426536567504239983e+01,-1.426536567504239983e+01,-8.195722708507435783e+00,-6.440028688715555560e+00
-1.936417168033233605e+00,1.572757617028754051e+00,7.474463675553537634e-01,1.000000000000000000e+00,5.000000000000000000e-01,2.000000000000000111e-01,0.000000000000000000e+00,5.783546632563023593e+00,5.783546632563023593e+00,-4.486610130153291465e+00,3.045514850769516890e+00
1.732862458147731211e+00,2.512693415320394585e+00,5.510387197653062730e-01,1.000000000000000000e+00,5.000000000000000000e-01,2.000000000000000111e-01,0.000000000000000000e+00,-8.243879239175489815e+00,-8.243879239175489815e+00,-5.958501479011912849e+00,-4.354152088243717245e+00
-2.318220384375392129e+00,3.627871450748310078e-02,8.596430430344986773e-01,1.000000000000000000e+00,5.000000000000000000e-01,2.000000000000000111e-01,0.000000000000000000e+00,4.811436787103975377e+00,4.811436787103975377e+00,-4.225145522883313021e+00,8.410205549018258397e-02
2.036266904582568316e+00,2.529784551693268657e+00,8.738553012217573635e-01,1.000000000000000000e+00,5.000000000000000000e-01,2.000000000000000111e-01,0.000000000000000000e+00,-1.024075588699154160e+01,-1.024075588699154160e+01,-6.687734683011921533e+00,-5.151316558337252438e+00
-2.334712251182365250e+00,4.976245521836260011e-01,8.083682726766673321e-01,1.000000000000000000e+00,5.000000000000000000e-01,2.000000000000000111e-01,0.000000000000000000e+00,5.169032744341023111e+00,5.169032744341023111e+00,-4.394343874960593865e+00,1.161810138472249898e+00
-7.051173778845747364e-01,6.557124945556238593e-01,2.215479522390083611e-01,1.000000000000000000e+00,5.000000000000000000e-01,2.000000000000000111e-01,0.000000000000000000e+00,9.268186500098055669e-01,9.268186500098055669e-01,-1.513293747715070525e+00,4.623542748072149711e-01
-7.817690339249105946e-01,1.702667296388578944e+00,3.867520408803437615e-01,1.000000000000000000e+00,5.000000000000000000e-01,2.000000000000000111e-01,0.000000000000000000e+00,2.010530559256401339e+00,2.010530559256401339e+00,-2.816235654537929012e+00,1.331092567393238779e+00
1.002950221357796323e+00,2.050396151432423153e+00,9.206785848849886600e-01,1.000000000000000000e+00,5.000000000000000000e-01,2.000000000000000111e-01,0.000000000000000000e+00,-3.312989319261308907e+00,-3.312989319261308907e+00,-3.705607676817437746e+00,-2.056445273950322505e+00
-1.103383584155140928e+00,4.875051248299286932e-01,5.663074761484210295e-01,1.000000000000000000e+00,5.000000000000000000e-01,2.000000000000000111e-01,0.000000000000000000e+00,1.503163389221673807e+00,1.503163389221673807e+00,-1.849303823637549193e+00,5.379051519288461369e-01
1.835874768540478819e+00,2.383514081518267602e+00,1.699025938541679492e-01,1.000000000000000000e+00,5.000000000000000000e-01,2.000000000000000111e-01,0.000000000000000000e+00,-8.288344730891465062e+00,-8.288344730891465062e+00,-5.862831387856069831e+00,-4.375833362720321418e+00
2.912594627879069975e+00,1.442918838146687310e+00,8.063859858027676575e-01,1.000000000000000000e+00,5.000000000000000000e-01,2.000000000000000111e-01,0.000000000000000000e+00,-1.088625604881329956e+01,-1.088625604881329956e+01,-7.130931866549305553e+00,-4.202637656451551074e+00
1.310225098704044910e+00,2.252700504755671407e+00,1.755780126948752740e-01,1.000000000000000000e+00,5.000000000000000000e-01,2.000000000000000111e-01,0.000000000000000000e+00,-5.084548277812608319e+00,-5.084548277812608319e+00,-4.567343667627643100e+00,-2.951544741194151555e+00
-2.872143993014764529e+00,1.073517383489790644e+00,9.636067277836611877e-01,1.000000000000000000e+00,5.000000000000000000e-01,2.000000000000000111e-01,0.000000000000000000e+00,9.265714622108072618e+00,9.265714622108072618e+00,-6.525746456293861186e+00,3.083296504387129655e+00
-2.424000516816505080e+00,1.072803278521904602e+00,6.600576209214839007e-01,1.000000000000000000e+00,5.000000000000000000e-01,2.000000000000000111e-01,0.000000000000000000e+00,6.667477972821242993e+00,6.667477972821242993e+00,-5.100920540519684465e+00,2.600475701579537890e+00
1.822870613392638894e+00,1.602081608246658906e+00,9.480086649545815813e-01,1.000000000000000000e+00,5.000000000000000000e-01,2.000000000000000111e-01,0.000000000000000000e+00,-5.373647927023438520e+00,-5.373647927023438520e+00,-4.277047103643374371e+00,-2.920387483929652639e+00
-5.493256921486358024e-01,1.978976886988494055e+00,3.129057554409558906e-01,1.000000000000000000e+00,5.000000000000000000e-01,2.000000000000000111e-01,0.000000000000000000e+00,1.658154160435130198e+00,1.658154160435130198e+00,-3.139229989250082120e+00,1.087102848191107141e+00
7.464239145395712427e-02,2.308159240800095713e+00,8.825813148499289662e-01,1.000000000000000000e+00,5.000000000000000000e-01,2.000000000000000111e-01,0.000000000000000000e+00,-2.735579333235414468e-01,-2.735579333235414468e-01,-3.667142432406616859e+00,-1.722865255898692327e-01
2.071676378651181594e+00,1.008938814183597987e+00,3.062912515329824226e-01,1.000000000000000000e+00,5.000000000000000000e-01,2.000000000000000111e-01,0.000000000000000000e+00,-4.904377624326837548e+00,-4.904377624326837548e+00,-4.084084576099867192e+00,-2.090194708848493566e+00
1.282484825732222333e+00,1.856297700591686084e+00,7.630342313411975219e-02,1.000000000000000000e+00,5.000000000000000000e-01,2.000000000000000111e-01,0.000000000000000000e+00,-3.913982149241523878e+00,-3.913982149241523878e+00,-3.709780973551035643e+00,-2.380673633050453653e+00
1.622149384133284578e-01,7.698451867217734890e-01,7.542752375925175778e-01,1.000000000000000000e+00,5.000000000000000000e-01,2.000000000000000111e-01,0.000000000000000000e+00,-2.111379164182659030e-01,-2.111379164182659030e-01,-1.312119017506005125e+00,-1.248803895518698359e-01
-1.198684686543186606e+00,2.107635398929756043e+00,9.319598789683922746e-01,1.000000000000000000e+00,5.000000000000000000e-01,2.000000000000000111e-01,0.000000000000000000e+00,4.205504291096668013e+00,4.205504291096668013e+00,-4.083170474062779221e+00,2.526390277513438587e+00
-2.517902442970268773e+00,1.210449414483508956e+00,9.236564312732102877e-01,1.000000000000000000e+00,5.000000000000000000e-01,2.000000000000000111e-01,0.000000000000000000e+00,7.555118449503143374e+00,7.555118449503143374e+00,-5.536493519901124039e+00,3.047793537819958765e+00
-2.322217989015605166e+00,2.780126116618652166e+00,1.337436288501480108e-01,1.000000000000000000e+00,5.000000000000000000e-01,2.000000000000000111e-01,0.000000000000000000e+00,1.380115025255594041e+01,1.380115025255594041e+01,-8.100168445257162730e+00,6.456058879743930667e+00
-2.682033943835442358e+00,2.189749863009522013e+00,5.557995318920012640e-01,1.000000000000000000e+00,5.000000000000000000e-01,2.000000000000000111e-01,0.000000000000000000e+00,1.297075452132102491e+01,1.297075452132102491e+01,-7.713485876806409181e+00,5.872983461100547586e+00
-6.010208595993362657e-01,2.275729836786488658e-01,6.673800536313813092e-01,1.000000000000000000e+00,5.000000000000000000e-01,2.000000000000000111e-01,0.000000000000000000e+00,6.600050144164213428e-01,6.600050144164213428e-01,-1.242630375654316444e+00,1.367761102721272715e-01
2.685626925316399571e+00,1.916851248010956299e+00,3.140837663208939645e-01,1.000000000000000000e+00,5.000000000000000000e-01,2.000000000000000111e-01,0.000000000000000000e+00,-1.149361779680213580e+01,-1.149361779680213580e+01,-7.164714542691232424e+00,-5.147947323484567406e+00
-2.336844812748413158e+00,1.141111981296809574e+00,7.306322993237848173e-01,1.000000000000000000e+00,5.000000000000000000e-01,2.000000000000000111e-01,0.000000000000000000e+00,6.410519183275388500e+00,6.410519183275388500e+00,-4.927574484251064924e+00,2.666601614258513830e+00
9.011315861724389364e-02,9.727966385127229110e-01,3.768825387682995798e-01,1.000000000000000000e+00,5.000000000000000000e-01,2.000000000000000111e-01,0.000000000000000000e+00,-1.328980506392853644e-01,-1.328980506392853644e-01,-1.478038878764412534e+00,-8.766177778861866665e-02
6.956916285584142656e-01,6.296212969020081873e-01,8.658314681255021572e-01,1.000000000000000000e+00,5.000000000000000000e-01,2.000000000000000111e-01,0.000000000000000000e+00,-9.009268208390620591e-01,-9.009268208390620591e-01,-1.488603593984038520e+00,-4.380222654168189345e-01
2.648067501291464509e+00,2.104423630298930981e+00,5.622263118471122478e-01,1.000000000000000000e+00,5.000000000000000000e-01,2.000000000000000111e-01,0.000000000000000000e+00,-1.222547015461281461e+01,-1.222547015461281461e+01,-7.421656302717878795e+00,-5.572655824344402653e+00
2.969533192641437225e+00,2.559742394664660914e+00,4.293539110124036107e-01,1.000000000000000000e+00,5.000000000000000000e-01,2.000000000000000111e-01,0.000000000000000000e+00,-1.793528573145460570e+01,-1.793528573145460570e+01,-9.567016992841335110e+00,-7.601240005568188352e+00
9.343881269622489327e-01,1.334316728506502958e+00,5.010849801965918671e-01,1.000000000000000000e+00,5.000000000000000000e-01,2.000000000000000111e-01,0.000000000000000000e+00,-1.929340302597119861e+00,-1.929340302597119861e+00,-2.414049269070960069e+00,-1.246769708723586945e+00
4.798454284443565143e-01,1.493449244048803859e+00,4.142618269346910465e-01,1.000000000000000000e+00,5.000000000000000000e-01,2.000000000000000111e-01,0.000000000000000000e+00,-1.037063844568943294e+00,-1.037063844568943294e+00,-2.253346303394340833e+00,-7.166247923704985867e-01
1.244350701888095045e+00,9.999573893880089326e-01,4.848147084529450535e-01,1.000000000000000000e+00,5.000000000000000000e-01,2.000000000000000111e-01,0.000000000000000000e+00,-2.251825714304839465e+00,-2.251825714304839465e+00,-2.429002591869478422e+00,-1.244297679343156160e+00
-3.850433838616265092e-01,2.434491011340753630e+00,6.987175351062332451e-01,1.000000000000000000e+00,5.000000000000000000e-01,2.000000000000000111e-01,0.000000000000000000e+00,1.537487828442383631e+00,1.537487828442383631e+00,-4.052328286622829623e+00,9.373846569873571788e-01
1.682488101331472308e+00,2.958351438416483070e+00,3.289776566887248066e-01,1.000000000000000000e+00,5.000000000000000000e-01,2.000000000000000111e-01,0.000000000000000000e+00,-9.997470247176845959e+00,-9.997470247176845959e+00,-7.074381343263627109e+00,-4.977391094692579010e+00
2.021273426685006314e+00,1.355269729455431671e+00,2.360507328465677457e-02,1.000000000000000000e+00,5.000000000000000000e-01,2.000000000000000111e-01,0.000000000000000000e+00,-5.529167733694624332e+00,-5.529167733694624332e+00,-4.369705779042868166e+00,-2.739370690138841713e+00
-1.710047671388526869e+00,1.349085966722603391e+00,6.803110235134375294e-01,1.000000000000000000e+00,5.000000000000000000e-01,2.000000000000000111e-01,0.000000000000000000e+00,4.266345061508074465e+00,4.266345061508074465e+00,-3.664574295856724895e+00,2.307001315896927363e+00
1.708553591664707660e-01,5.699611025932073138e-01,4.499299235833579269e-01,1.000000000000000000e+00,5.000000000000000000e-01,2.000000000000000111e-01,0.000000000000000000e+00,-1.996045309493025277e-01,-1.996045309493025277e-01,-1.179942761488174563e+00,-9.738090889448013099e-02
-1.120206854796616192e+00,8.564121887760653973e-01,8.636536712688811512e-01,1.000000000000000000e+00,5.000000000000000000e-01,2.000000000000000111e-01,0.000000000000000000e+00,1.812151457494835194e+00,1.812151457494835194e+00,-2.119638957062101703e+00,9.593588043983221070e-01
-2.248937411658394225e+00,1.178616702154064999e+00,2.249244296601793369e-02,1.000000000000000000e+00,5.000000000000000000e-01,2.000000000000000111e-01,0.000000000000000000e+00,6.085877779962592271e+00,6.085877779962592271e+00,-4.729200354232316883e+00,2.650635195479715378e+00
-4.749805376446101235e-01,1.241752085778910608e+00,7.663246352659677241e-01,1.000000000000000000e+00,5.000000000000000000e-01,2.000000000000000111e-01,0.000000000000000000e+00,8.626099806662218539e-01,8.626099806662218539e-01,-1.906338027952835246e+00,5.898080733245829599e-01
6.293931993123669244e-01,5.008153685958397494e-01,3.011850431190780109e-01,1.000000000000000000e+00,5.000000000000000000e-01,2.000000000000000111e-01,0.000000000000000000e+00,-7.581891877912904087e-01,-7.581891877912904087e-01,-1.363089496315287530e+00,-3.152097871053378686e-01
1.059132371621256397e-01,1.077754570819460245e+00,8.151205298579854430e-01,1.000000000000000000e+00,5.000000000000000000e-01,2.000000000000000111e-01,0.000000000000000000e+00,-1.676628765109105246e-01,-1.676628765109105246e-01,-1.587508025744815976e+00,-1.141484754617664299e-01
-6.944070800553756584e-01,1.810567558726223769e-01,3.227598760036711756e-01,1.000000000000000000e+00,5.000000000000000000e-01,2.000000000000000111e-01,0.000000000000000000e+00,7.727577343252891584e-01,7.727577343252891584e-01,-1.305711490122178908e+00,1.257270931698066807e-01
3.348127209263833670e-01,8.451831725284942864e-01,1.226256101968888901e-01,1.000000000000000000e+00,5.000000000000000000e-01,2.000000000000000111e-01,0.000000000000000000e+00,-4.619033472612905644e-01,-4.619033472612905644e-01,-1.424427032419142147e+00,-2.829780776754580729e-01
2.907569375541729784e-02,1.967569917609362617e+00,6.466874710704526574e-01,1.000000000000000000e+00,5.000000000000000000e-01,2.000000000000000111e-01,0.000000000000000000e+00,-8.536143267548045033e-02,-8.536143267548045033e-02,-2.936172927921071985e+00,-5.720846036678146895e-02
-2.836575421458367607e+00,2.722547621196952594e+00,2.117571657827280740e-01,1.000000000000000000e+00,5.000000000000000000e-01,2.000000000000000111e-01,0.000000000000000000e+00,1.791400856686028931e+01,1.791400856686028931e+01,-9.533828847815621899e+00,7.722711666037222145e+00
1.140117487329948887e+00,6.513842172035660960e-01,7.982030887656792473e-01,1.000000000000000000e+00,5.000000000000000000e-01,2.000000000000000111e-01,0.000000000000000000e+00,-1.678394630811794297e+00,-1.678394630811794297e+00,-1.992071430160284873e+00,-7.426545370045154471e-01
1.733068025948688806e+00,2.099443304925364018e+00,5.535994183293654336e-01,1.000000000000000000e+00,5.000000000000000000e-01,2.000000000000000111e-01,0.000000000000000000e+00,-6.593519784962889041e+00,-6.593519784962889041e+00,-5.005945964837378526e+00,-3.638478064058191741e+00
-2.306632574658440404e-01,6.907864928046882902e-01,8.513975738317918207e-01,1.000000000000000000e+00,5.000000000000000000e-01,2.000000000000000111e-01,0.000000000000000000e+00,2.881524061490352007e-01,2.881524061490352007e-01,-1.270516312327553354e+00,1.593390626437352353e-01
9.086010404166100507e-01,2.848217653092167900e+00,6.743099753432896248e-01,1.000000000000000000e+00,5.000000000000000000e-01,2.000000000000000111e-01,0.000000000000000000e+00,-4.744063229550043559e+00,-4.744063229550043559e+00,-5.551505410080616265e+00,-2.587893522932498858e+00
-1.548904469865401756e+00,7.456866031013277274e-01,4.527767767905758189e-01,1.000000000000000000e+00,5.000000000000000000e-01,2.000000000000000111e-01,0.000000000000000000e+00,2.722734390421838402e+00,2.722734390421838402e+00,-2.717487289083811319e+00,1.154997312662394249e+00
1.376436897610965104e+00,1.490090802040922036e-01,6.023426423664973717e-01,1.000000000000000000e+00,5.000000000000000000e-01,2.000000000000000111e-01,0.000000000000000000e+00,-1.913271457377951679e+00,-1.913271457377951679e+00,-2.147848972854573990e+00,-2.051015960719841380e-01
-2.697297553309550011e-01,2.849610280198369594e+00,5.559905347082072513e-02,1.000000000000000000e+00,5.000000000000000000e-01,2.000000000000000111e-01,0.000000000000000000e+00,1.368794946751508146e+00,1.368794946751508146e+00,-5.103791859052653201e+00,7.686246836664804016e-01
8.450689884210458303e-01,1.038500215200083510e+00,1.003935475134297706e-01,1.000000000000000000e+00,5.000000000000000000e-01,2.000000000000000111e-01,0.000000000000000000e+00,-1.421464912387812252e+00,-1.421464912387812252e+00,-1.967726305599891923e+00,-8.776043263341729572e-01
1.035934138200710564e+00,6.226307883443180646e-01,2.504261223224055755e-01,1.000000000000000000e+00,5.000000000000000000e-01,2.000000000000000111e-01,0.000000000000000000e+00,-1.459078485353226151e+00,-1.459078485353226151e+00,-1.837730272510922802e+00,-6.450044891407001879e-01
-4.084744605323171740e-01,1.364613210782954056e+00,5.142382437949278851e-01,1.000000000000000000e+00,5.000000000000000000e-01,2.000000000000000111e-01,0.000000000000000000e+00,8.024296491874853832e-01,8.024296491874853832e-01,-2.031195438465982051e+00,5.574096451098403682e-01
-1.876628289610270839e+00,2.533178755259063220e+00,8.970182736674164881e-01,1.000000000000000000e+00,5.000000000000000000e-01,2.000000000000000111e-01,0.000000000000000000e+00,9.219582127651300141e+00,9.219582127651300141e+00,-6.321537545467270647e+00,4.753834914758890307e+00
2.627859212847019066e+00,1.181161959174773290e+00,8.793218974376459940e-03,1.000000000000000000e+00,5.000000000000000000e-01,2.000000000000000111e-01,0.000000000000000000e+00,-8.090391723245206279e+00,-8.090391723245206279e+00,-5.840958212427767471e+00,-3.103927336281862459e+00
1.971131070528524099e+00,1.375606972278431650e+00,2.621767371801093649e-01,1.000000000000000000e+00,5.000000000000000000e-01,2.000000000000000111e-01,0.000000000000000000e+00,-5.367821209285584594e+00,-5.367821209285584594e+00,-4.277361889412272689e+00,-2.711501643893686531e+00
-7.006555944357777399e-01,1.954696467126492365e+00,9.045736396626069542e-02,1.000000000000000000e+00,5.000000000000000000e-01,2.000000000000000111e-01,0.000000000000000000e+00,2.107994377440562506e+00,2.107994377440562506e+00,-3.204970096506887245e+00,1.369569015116027133e+00
-7.293668239667523423e-01,6.857468856996151718e-02,8.198816721327232271e-01,1.000000000000000000e+00,5.000000000000000000e-01,2.000000000000000111e-01,0.000000000000000000e+00,8.086828671472486851e-01,8.086828671472486851e-01,-1.321536822298242209e+00,5.001610280678198822e-02
2.084917850984683518e+00,2.721758986378565393e+00,8.847243107403245377e-01,1.000000000000000000e+00,5.000000000000000000e-01,2.000000000000000111e-01,0.000000000000000000e+00,-1.162000292255281586e+01,-1.162000292255281586e+01,-7.312115457178993694e+00,-5.674643896778649221e+00
1.513433310358395900e+00,2.137969871987499104e+00,5.533061931677240031e-01,1.000000000000000000e+00,5.000000000000000000e-01,2.000000000000000111e-01,0.000000000000000000e+00,-5.665618813823772193e+00,-5.665618813823772193e+00,-4.659745817704545878e+00,-3.235674820808556618e+00
-1.335949007108008457e+00,1.773539652388015142e+00,2.193020124177239571e-01,1.000000000000000000e+00,5.000000000000000000e-01,2.000000000000000111e-01,0.000000000000000000e+00,3.913894268831857204e+00,3.913894268831857204e+00,-3.643577299052025431e+00,2.369358537674451259e+00
1.927473715197662862e+00,1.071177555908187529e+00,8.261142968174742807e-01,1.000000000000000000e+00,5.000000000000000000e-01,2.000000000000000111e-01,0.000000000000000000e+00,-4.465458659750439097e+00,-4.465458659750439097e+00,-3.802803631807448070e+00,-2.064666583322706472e+00
-9.676869884863190663e-01,2.910118088659483071e+00,3.314536893097609349e-01,1.000000000000000000e+00,5.000000000000000000e-01,2.000000000000000111e-01,0.000000000000000000e+00,5.246486546572548093e+00,5.246486546572548093e+00,-5.796244509582994198e+00,2.816083409354458222e+00
2.050153559254670910e+00,2.231936611623769329e-01,6.179506850824415531e-01,1.000000000000000000e+00,5.000000000000000000e-01,2.000000000000000111e-01,0.000000000000000000e+00,-3.824630408371282098e+00,-3.824630408371282098e+00,-3.546785475106290608e+00,-4.575812788351280580e-01
-2.336973912881848747e+00,1.590724589237602071e-02,7.946292533128830327e-01,1.000000000000000000e+00,5.000000000000000000e-01,2.000000000000000111e-01,0.000000000000000000e+00,4.889921452969462123e+00,4.889921452969462123e+00,-4.276994761930120070e+00,3.717481867627970421e-02
2.684782221308288364e+00,1.782142957254852611e+00,3.386721140182236134e-01,1.000000000000000000e+00,5.000000000000000000e-01,2.000000000000000111e-01,0.000000000000000000e+00,-1.081867327787129618e+01,-1.081867327787129618e+01,-6.912850105558376868e+00,-4.784665727467604768e+00
-8.042004023729676376e-01,2.029821763157101167e+00,2.140906917848166557e-01,1.000000000000000000e+00,5.000000000000000000e-01,2.000000000000000111e-01,0.000000000000000000e+00,2.564945595946164669e+00,2.564945595946164669e+00,-3.448131167399207442e+00,1.632383478676347366e+00
2.525970341591131429e+00,4.528071483122195762e-01,6.950500581144414269e-02,1.000000000000000000e+00,5.000000000000000000e-01,2.000000000000000111e-01,0.000000000000000000e+00,-6.008329611239549450e+00,-6.008329611239549450e+00,-4.930832856740132719e+00,-1.143777427097123489e+00
-1.520284358526293511e+00,2.534181933595291536e+00,9.186106318946616334e-01,1.000000000000000000e+00,5.000000000000000000e-01,2.000000000000000111e-01,0.000000000000000000e+00,7.104732642912906293e+00,7.104732642912906293e+00,-5.597797754748207844e+00,3.852677155304840007e+00
-7.609703173354214201e-01,1.310052374033802147e+00,3.621529199603668037e-02,1.000000000000000000e+00,5.000000000000000000e-01,2.000000000000000111e-01,0.000000000000000000e+00,1.502105012019927077e+00,1.502105012019927077e+00,-2.205564105675143605e+00,9.969109707945246202e-01
-1.478943882482704586e+00,1.007045940992020938e+00,8.198580904120157387e-01,1.000000000000000000e+00,5.000000000000000000e-01,2.000000000000000111e-01,0.000000000000000000e+00,2.875844484685068814e+00,2.875844484685068814e+00,-2.819435768154062494e+00,1.489364433809188037e+00
5.186830799411383808e-01,2.146108329601573494e+00,9.363203045559217452e-01,1.000000000000000000e+00,5.000000000000000000e-01,2.000000000000000111e-01,0.000000000000000000e+00,-1.741061891021003616e+00,-1.741061891021003616e+00,-3.464309763642963169e+00,-1.113150078285075839e+00
-1.478580208934642481e+00,1.223138887553703924e+00,4.171663069036265492e-01,1.000000000000000000e+00,5.000000000000000000e-01,2.000000000000000111e-01,0.000000000000000000e+00,3.231103265977086192e+00,3.231103265977086192e+00,-3.059754029674983222e+00,1.808508951915241747e+00
1.047983266746952857e+00,4.888785439341267747e-01,1.349480656844933568e-01,1.000000000000000000e+00,5.000000000000000000e-01,2.000000000000000111e-01,0.000000000000000000e+00,-1.403411927658197111e+00,-1.403411927658197111e+00,-1.778462471788544885e+00,-5.123365335145798616e-01
1.078233186103513930e+00,1.289882263740295798e+00,6.877977336982690204e-01,1.000000000000000000e+00,5.000000000000000000e-01,2.000000000000000111e-01,0.000000000000000000e+00,-2.225921288937087184e+00,-2.225921288937087184e+00,-2.529450209324855869e+00,-1.390793862931112290e+00
1.603843826024569985e+00,1.164367321220804996e-01,1.966217017388895982e-01,1.000000000000000000e+00,5.000000000000000000e-01,2.000000000000000111e-01,0.000000000000000000e+00,-2.439834204585052291e+00,-2.439834204585052291e+00,-2.550167767259913454e+00,-1.867463339364755226e-01
-2.802765146192589540e-01,9.277398769306596238e-01,4.376028713389087388e-01,1.000000000000000000e+00,5.000000000000000000e-01,2.000000000000000111e-01,0.000000000000000000e+00,4.052971120544011652e-01,4.052971120544011652e-01,-1.477483594411929557e+00,2.600236991794255270e-01
-4.325509883120570720e-01,1.752725924394703760e+00,3.308238814566432096e-01,1.000000000000000000e+00,5.000000000000000000e-01,2.000000000000000111e-01,0.000000000000000000e+00,1.113145812403763868e+00,1.113145812403763868e+00,-2.648284297516476649e+00,7.581433308370929547e-01
-1.497358434163256424e+00,2.412703722135834949e-01,7.277244141389519472e-01,1.000000000000000000e+00,5.000000000000000000e-01,2.000000000000000111e-01,0.000000000000000000e+00,2.212380256448396310e+00,2.212380256448396310e+00,-2.374355064469944487e+00,3.612682267477174136e-01
-8.155294129337065101e-02,1.309587562244608261e+00,7.479807389306053489e-01,1.000000000000000000e+00,5.000000000000000000e-01,2.000000000000000111e-01,0.000000000000000000e+00,1.515938667873051315e-01,1.515938667873051315e-01,-1.861500320933048069e+00,1.068007175822629218e-01
1.689614965004064828e-01,1.443926196547996366e+00,6.184997309881041794e-01,1.000000000000000000e+00,5.000000000000000000e-01,2.000000000000000111e-01,0.000000000000000000e+00,-3.460620419794385172e-01,-3.460620419794385172e-01,-2.059590222918576075e+00,-2.439679310048895322e-01
-1.334994293770527918e+00,1.067507030379377664e-01,5.084575395384508534e-01,1.000000000000000000e+00,5.000000000000000000e-01,2.000000000000000111e-01,0.000000000000000000e+00,1.818448872572336450e+00,1.818448872572336450e+00,-2.075023714939469244e+00,1.425115794116390833e-01
3.473002460079959164e-01,6.321164406588206663e-01,7.402029713162406876e-01,1.000000000000000000e+00,5.000000000000000000e-01,2.000000000000000111e-01,0.000000000000000000e+00,-4.250639278577654223e-01,-4.250639278577654223e-01,-1.272156073801916865e+00,-2.195341953465071716e-01
-1.967954997457930899e+00,1.381042907603787784e-01,1.807182502510442657e-01,1.000000000000000000e+00,5.000000000000000000e-01,2.000000000000000111e-01,0.000000000000000000e+00,3.511039869936278368e+00,3.511039869936278368e+00,-3.333244520775000996e+00,2.717830291722705960e-01
-4.891528531499611532e-01,1.560875421924791340e+00,2.027596350662784763e-01,1.000000000000000000e+00,5.000000000000000000e-01,2.000000000000000111e-01,0.000000000000000000e+00,1.108430218798137634e+00,1.108430218798137634e+00,-2.361728349631296631e+00,7.635066660461611310e-01
-1.050083026339056147e+00,1.920951743824934388e+00,1.727018682150521789e-01,1.000000000000000000e+00,5.000000000000000000e-01,2.000000000000000111e-01,0.000000000000000000e+00,3.219095329613689049e+00,3.219095329613689049e+00,-3.506632418375263072e+00,2.017158820606974601e+00
2.021208827522524842e-01,8.207490935651873265e-03,1.915565550803789430e-01,1.000000000000000000e+00,5.000000000000000000e-01,2.000000000000000111e-01,0.000000000000000000e+00,-2.037791333487116163e-01,-2.037791333487116163e-01,-1.024545392200459260e+00,-1.658905313095067249e-03
1.651935471164756031e+00,1.703183678006737312e+00,4.533882147917434047e-01,1.000000000000000000e+00,5.000000000000000000e-01,2.000000000000000111e-01,0.000000000000000000e+00,-4.949521593099881045e+00,-4.949521593099881045e+00,-4.087751801049673617e+00,-2.813549531608181553e+00
-2.814802818101517889e+00,2.588170116725803993e+00,1.431087223575853162e-01,1.000000000000000000e+00,5.000000000000000000e-01,2.000000000000000111e-01,0.000000000000000000e+00,1.670285768528427894e+01,1.670285768528427894e+01,-9.103181219431579763e+00,7.285188538285927606e+00
-3.612172731048772789e-01,1.328627842343105270e-01,9.267083401707840729e-01,1.000000000000000000e+00,5.000000000000000000e-01,2.000000000000000111e-01,0.000000000000000000e+00,3.738316461478548569e-01,3.738316461478548569e-01,-1.087113010750840436e+00,4.799233261823932645e-02
-2.396680164082892972e+00,1.779748338069592206e+00,7.060541534330311286e-02,1.000000000000000000e+00,5.000000000000000000e-01,2.000000000000000111e-01,0.000000000000000000e+00,8.945769853739328425e+00,8.945769853739328425e+00,-6.030197558775779676e+00,4.265487538910885945e+00
-8.731383566795685169e-01,9.618801510496532980e-01,9.325704138786329311e-01,1.000000000000000000e+00,5.000000000000000000e-01,2.000000000000000111e-01,0.000000000000000000e+00,1.410189022223581112e+00,1.410189022223581112e+00,-1.920029066434710607e+00,8.398544544101894660e-01
1.416645024747319681e+00,4.301054512043774869e-01,7.935156732752171038e-01,1.000000000000000000e+00,5.000000000000000000e-01,2.000000000000000111e-01,0.000000000000000000e+00,-2.116286300718553726e+00,-2.116286300718553726e+00,-2.296625225262661552e+00,-6.093067475653823895e-01
8.120407844388086716e-01,2.608189631559887811e+00,5.534635486246959335e-01,1.000000000000000000e+00,5.000000000000000000e-01,2.000000000000000111e-01,0.000000000000000000e+00,-3.681150287225541273e+00,-3.681150287225541273e+00,-4.796972718443448969e+00,-2.117956354377058759e+00
1.299866438334456475e+00,9.341890867113928909e-01,5.263027176305188348e-01,1.000000000000000000e+00,5.000000000000000000e-01,2.000000000000000111e-01,0.000000000000000000e+00,-2.306333752793787717e+00,-2.306333752793787717e+00,-2.450146279370316371e+00,-1.214321040874456914e+00
1.884941462478074925e+00,2.540890809042936738e+00,7.972110717877373132e-01,1.000000000000000000e+00,5.000000000000000000e-01,2.000000000000000111e-01,0.000000000000000000e+00,-9.309092382878928262e+00,-9.309092382878928262e+00,-6.359865641920825041e+00,-4.789430437594492496e+00
-9.581038838866127172e-01,2.705833699692634653e+00,3.278140444168438083e-01,1.000000000000000000e+00,5.000000000000000000e-01,2.000000000000000111e-01,0.000000000000000000e+00,4.641400720811080127e+00,4.641400720811080127e+00,-5.211545836587332836e+00,2.592469776826795691e+00
-7.614504459771276323e-01,7.501160409747178459e-01,8.137115742660366857e-01,1.000000000000000000e+00,5.000000000000000000e-01,2.000000000000000111e-01,0.000000000000000000e+00,1.063973485121788132e+00,1.063973485121788132e+00,-1.629221106471052227e+00,5.711761939347962391e-01
-1.870116431811676527e+00,2.618375850748782874e+00,4.321728996802278733e-01,1.000000000000000000e+00,5.000000000000000000e-01,2.000000000000000111e-01,0.000000000000000000e+00,9.588859568790697452e+00,9.588859568790697452e+00,-6.526347329011429110e+00,4.896667703144176542e+00
-1.033642569952366586e+00,2.728835284533057681e+00,8.032052125370044982e-01,1.000000000000000000e+00,5.000000000000000000e-01,2.000000000000000111e-01,0.000000000000000000e+00,5.103046231210732309e+00,5.103046231210732309e+00,-5.364321182506946784e+00,2.820640316481447307e+00
7.089905003570606823e-01,6.532646731316260613e-03,5.166319410011240842e-01,1.000000000000000000e+00,5.000000000000000000e-01,2.000000000000000111e-01,0.000000000000000000e+00,-7.802829292740321998e-01,-7.802829292740321998e-01,-1.301621855494591085e+00,-4.631584474691832938e-03
1.020653042183415238e+00,2.650891287052714596e+00,9.763669930846651246e-01,1.000000000000000000e+00,5.000000000000000000e-01,2.000000000000000111e-01,0.000000000000000000e+00,-4.819481649384650623e+00,-4.819481649384650623e+00,-5.138651887396955331e+00,-2.705640256627862339e+00
1.260178867454142093e+00,1.906948516252182646e+00,6.152572686629564913e-01,1.000000000000000000e+00,5.000000000000000000e-01,2.000000000000000111e-01,0.000000000000000000e+00,-3.951714860628710912e+00,-3.951714860628710912e+00,-3.771056788605003263e+00,-2.403096221504032126e+00
2.208456794760134123e-01,1.216580061246275157e-02,6.433330468163410698e-01,1.000000000000000000e+00,5.000000000000000000e-01,2.000000000000000111e-01,0.000000000000000000e+00,-2.230162758525126576e-01,-2.230162758525126576e-01,-1.029337691838204227e+00,-2.686764502629036388e-03
-2.695980294908002506e+00,1.583244456474426576e+00,2.336793422524505726e-01,1.000000000000000000e+00,5.000000000000000000e-01,2.000000000000000111e-01,0.000000000000000000e+00,9.993981306913966023e+00,9.993981306913966023e+00,-6.614317354797845994e+00,4.268395856677384970e+00
8.724510341786064771e-01,2.567097281663490715e+00,9.983053447368074318e-01,1.000000000000000000e+00,5.000000000000000000e-01,2.000000000000000111e-01,0.000000000000000000e+00,-3.879989006487290837e+00,-3.879989006487290837e+00,-4.751696710985632954e+00,-2.239666678224402130e+00
2.082202545269638883e+00,2.551218282373527213e+00,6.394843340027311918e-02,1.000000000000000000e+00,5.000000000000000000e-01,2.000000000000000111e-01,0.000000000000000000e+00,-1.066393963952739199e+01,-1.066393963952739199e+01,-6.855697825874883300e+00,-5.312153201096594834e+00
2.235801576368722898e+00,2.668299757720725474e+00,2.612503318641068439e-02,1.000000000000000000e+00,5.000000000000000000e-01,2.000000000000000111e-01,0.000000000000000000e+00,-1.243032685656577740e+01,-1.243032685656577740e+01,-7.559197011861961357e+00,-5.965788804536279244e+00
-2.863421806715817475e+00,1.547106902890174052e+00,3.555325588773087242e-01,1.000000000000000000e+00,5.000000000000000000e-01,2.000000000000000111e-01,0.000000000000000000e+00,1.098582349794641111e+01,1.098582349794641111e+01,-7.116280550390619908e+00,4.430019643056295031e+00
-7.373493061510778546e-01,3.101988022004862344e-01,9.813776973826020544e-01,1.000000000000000000e+00,5.000000000000000000e-01,2.000000000000000111e-01,0.000000000000000000e+00,8.530014006756635458e-01,8.530014006756635458e-01,-1.374322048012193820e+00,2.287248715714239600e-01
-5.211025609416752857e-02,1.030620464197934183e+00,2.611069976350417488e-01,1.000000000000000000e+00,5.000000000000000000e-01,2.000000000000000111e-01,0.000000000000000000e+00,7.981375485364727851e-02,7.981375485364727851e-02,-1.532718557885902610e+00,5.370589632524416790e-02
7.438378131008898109e-01,8.937445856556995860e-01,6.889392377947323176e-02,1.000000000000000000e+00,5.000000000000000000e-01,2.000000000000000111e-01,0.000000000000000000e+00,-1.123231271086923222e+00,-1.123231271086923222e+00,-1.731366507513667718e+00,-6.648010180648964429e-01
1.775451754432398666e+00,1.871406497056971485e+00,3.207730978972037628e-01,1.000000000000000000e+00,5.000000000000000000e-01,2.000000000000000111e-01,0.000000000000000000e+00,-6.003737911788245896e+00,-6.003737911788245896e+00,-4.642418498003772598e+00,-3.322591948455989375e+00
-2.835168418269049084e+00,8.018003317231512384e-01,7.646142552701075124e-01,1.000000000000000000e+00,5.000000000000000000e-01,2.000000000000000111e-01,0.000000000000000000e+00,8.304429094258939159e+00,8.304429094258939159e+00,-6.144349861945811675e+00,2.273238978259125354e+00
2.401321465342589612e+00,1.672179651001878486e+00,7.904879351135132293e-01,1.000000000000000000e+00,5.000000000000000000e-01,2.000000000000000111e-01,0.000000000000000000e+00,-8.527960237570136215e+00,-8.527960237570136215e+00,-5.857899260561431731e+00,-4.015440889859890561e+00
-3.824227916193461141e-01,9.264052319030083860e-01,7.783711914078439431e-02,1.000000000000000000e+00,5.000000000000000000e-01,2.000000000000000111e-01,0.000000000000000000e+00,5.577111598456684360e-01,5.577111598456684360e-01,-1.516861641778593617e+00,3.542784749551161627e-01
2.797912565088060077e+00,1.395590947662438186e+00,4.161579390326484162e-01,1.000000000000000000e+00,5.000000000000000000e-01,2.000000000000000111e-01,0.000000000000000000e+00,-9.903211498875791108e+00,-9.903211498875791108e+00,-6.670825879725260421e+00,-3.904741448187889041e+00
1.733718376370917191e+00,1.922775891208395649e+00,4.287727282088740210e-01,1.000000000000000000e+00,5.000000000000000000e-01,2.000000000000000111e-01,0.000000000000000000e+00,-5.980789984643089419e+00,-5.980789984643089419e+00,-4.652001209045845798e+00,-3.333551896230963152e+00
-6.210254792341132202e-01,2.449592798948281303e+00,1.731511373528056286e-01,1.000000000000000000e+00,5.000000000000000000e-01,2.000000000000000111e-01,0.000000000000000000e+00,2.532161196757429344e+00,2.532161196757429344e+00,-4.231656027844413082e+00,1.521259541895289225e+00
2.703191768047548571e+00,1.230011583243711959e-01,1.484133032284392639e-01,1.000000000000000000e+00,5.000000000000000000e-01,2.000000000000000111e-01,0.000000000000000000e+00,-6.674217750817051709e+00,-6.674217750817051709e+00,-5.391912083378588960e+00,-3.324957186427534017e-01
-2.111301979058390899e-01,1.355888183043505446e+00,3.209684665159312500e-01,1.000000000000000000e+00,5.000000000000000000e-01,2.000000000000000111e-01,0.000000000000000000e+00,4.070868009236737750e-01,4.070868009236737750e-01,-1.945961958739164555e+00,2.862689404241638980e-01
-2.348989444131830862e+00,9.748476250440123447e-01,3.839873165905579588e-01,1.000000000000000000e+00,5.000000000000000000e-01,2.000000000000000111e-01,0.000000000000000000e+00,6.057372500430304285e+00,6.057372500430304285e+00,-4.785814791212636976e+00,2.289906780865369917e+00
-1.795725670616294067e+00,1.888808727430403511e+00,6.056865427265960555e-01,1.000000000000000000e+00,5.000000000000000000e-01,2.000000000000000111e-01,0.000000000000000000e+00,6.157050112740576786e+00,6.157050112740576786e+00,-4.718577614874833515e+00,3.391782318730870216e+00
2.164626005080227955e-01,2.157439627209966293e+00,6.539954296830412517e-01,1.000000000000000000e+00,5.000000000000000000e-01,2.000000000000000111e-01,0.000000000000000000e+00,-7.222586553948775467e-01,-7.222586553948775467e-01,-3.355386506979156636e+00,-4.670049921449285768e-01
1.550112792677968088e+00,2.138291803735045349e+00,6.132506178968757382e-01,1.000000000000000000e+00,5.000000000000000000e-01,2.000000000000000111e-01,0.000000000000000000e+00,-5.838834430063973180e+00,-5.838834430063973180e+00,-4.727855720974570630e+00,-3.314593479448140645e+00
-1.133595532131647099e+00,4.695948309936812670e-01,4.225775399393566500e-01,1.000000000000000000e+00,5.000000000000000000e-01,2.000000000000000111e-01,0.000000000000000000e+00,1.549928237114827079e+00,1.549928237114827079e+00,-1.881282950929291431e+00,5.323306023265530484e-01
2.627247180529651338e+00,4.442120953232147063e-01,1.743128356359237019e-01,1.000000000000000000e+00,5.000000000000000000e-01,2.000000000000000111e-01,0.000000000000000000e+00,-6.513333916168498661e+00,-6.513333916168498661e+00,-5.240118841376322223e+00,-1.167054974995084482e+00
-1.461654700592812217e+00,2.593940182339295575e+00,1.122009257773672886e-01,1.000000000000000000e+00,5.000000000000000000e-01,2.000000000000000111e-01,0.000000000000000000e+00,7.003591182368757551e+00,7.003591182368757551e+00,-5.646123513036247488e+00,3.791444860572807940e+00
2.864503896835410401e+00,9.359288212235655768e-01,1.374038964475386981e-01,1.000000000000000000e+00,5.000000000000000000e-01,2.000000000000000111e-01,0.000000000000000000e+00,-8.819973336504890682e+00,-8.819973336504890682e+00,-6.361210924189617089e+00,-2.680971755555475955e+00
8.919056283922968120e-01,2.090203629980078581e+00,7.343846218067434650e-01,1.000000000000000000e+00,5.000000000000000000e-01,2.000000000000000111e-01,0.000000000000000000e+00,-2.982153127221765399e+00,-2.982153127221765399e+00,-3.661772997365663418e+00,-1.864264382065241810e+00
1.407452726954383948e+00,5.120386105033314372e-02,1.911979984031979551e-01,1.000000000000000000e+00,5.000000000000000000e-01,2.000000000000000111e-01,0.000000000000000000e+00,-1.966908927561267451e+00,-1.966908927561267451e+00,-2.189864824860030090e+00,-7.206701386588475200e-02
-6.796583723142899380e-01,1.791003588258804236e+00,4.735953909263097561e-01,1.000000000000000000e+00,5.000000000000000000e-01,2.000000000000000111e-01,0.000000000000000000e+00,1.832518030297908718e+00,1.832518030297908718e+00,-2.881008228412102579e+00,1.217270583605031709e+00
1.911654793774570926e-01,6.982162954368046348e-01,2.455800540443491276e-01,1.000000000000000000e+00,5.000000000000000000e-01,2.000000000000000111e-01,0.000000000000000000e+00,-2.391598374655912462e-01,-2.391598374655912462e-01,-1.265679541910115447e+00,-1.334748528263289546e-01
-8.829612193689699851e-01,2.004277969145909388e+00,2.647113863409094048e-01,1.000000000000000000e+00,5.000000000000000000e-01,2.000000000000000111e-01,0.000000000000000000e+00,2.794121235457291075e+00,2.794121235457291075e+00,-3.476337397747548685e+00,1.769699719591435016e+00
3.087420749175695533e-02,2.471024824954676236e-01,7.447607715380931692e-01,1.000000000000000000e+00,5.000000000000000000e-01,2.000000000000000111e-01,0.000000000000000000e+00,-3.182267740254327709e-02,-3.182267740254327709e-02,-1.031101748440657939e+00,-7.629093316293308370e-03
2.051997074549940514e+00,2.649767209145609037e+00,7.888742072993359944e-01,1.000000000000000000e+00,5.000000000000000000e-01,2.000000000000000111e-01,0.000000000000000000e+00,-1.098387152054857019e+01,-1.098387152054857019e+01,-7.037048327708563811e+00,-5.437314561405149682e+00
1.603974986394051783e+00,2.061879530233543090e+00,5.370389322816749855e-01,1.000000000000000000e+00,5.000000000000000000e-01,2.000000000000000111e-01,0.000000000000000000e+00,-5.838823027942342314e+00,-5.838823027942342314e+00,-4.669315052784727804e+00,-3.307203191452521285e+00
1.948408692094993455e+00,1.869405229046627870e+00,6.248632100653938037e-01,1.000000000000000000e+00,5.000000000000000000e-01,2.000000000000000111e-01,0.000000000000000000e+00,-6.832284544975378182e+00,-6.832284544975378182e+00,-5.025115814052231400e+00,-3.642365397322282039e+00
-5.233608519585528640e-01,1.419906337091449755e+00,6.348951439303740507e-01,1.000000000000000000e+00,5.000000000000000000e-01,2.000000000000000111e-01,0.000000000000000000e+00,1.079614053865181722e+00,1.079614053865181722e+00,-2.172410951873898100e+00,7.431233902815292947e-01
-1.217083538674338605e+00,2.384214968509307919e+00,7.979743002868494584e-01,1.000000000000000000e+00,5.000000000000000000e-01,2.000000000000000111e-01,0.000000000000000000e+00,5.036898978576330954e+00,5.036898978576330954e+00,-4.731015912099150178e+00,2.901788790833635279e+00
5.519631273976335351e-01,1.315211825377638366e+00,1.405128137392019916e-03,1.000000000000000000e+00,5.000000000000000000e-01,2.000000000000000111e-01,0.000000000000000000e+00,-1.062983689714880109e+00,-1.062983689714880109e+00,-2.047689049210535295e+00,-7.259484323257915372e-01
2.713520805103361688e+00,1.917679832190444245e+00,2.687785624749642333e-01,1.000000000000000000e+00,5.000000000000000000e-01,2.000000000000000111e-01,0.000000000000000000e+00,-1.169903832699030488e+01,-1.169903832699030488e+01,-7.256665065232263956e+00,-5.203664122175894136e+00
1.235185385421699422e+00,1.183827858814839651e+00,7.941358121540905701e-01,1.000000000000000000e+00,5.000000000000000000e-01,2.000000000000000111e-01,0.000000000000000000e+00,-2.477609929200148109e+00,-2.477609929200148109e+00,-2.616133961468675384e+00,-1.462246870063152793e+00
-1.604459186385458480e+00,3.970352506030361273e-02,9.994135232983343275e-01,1.000000000000000000e+00,5.000000000000000000e-01,2.000000000000000111e-01,0.000000000000000000e+00,2.431792213961987414e+00,2.431792213961987414e+00,-2.545361753417119566e+00,6.370268551488939002e-02
1.754988535127355753e+00,1.382445217178128738e+00,7.000958749022755390e-01,1.000000000000000000e+00,5.000000000000000000e-01,2.000000000000000111e-01,0.000000000000000000e+00,-4.513083485568670561e+00,-4.513083485568670561e+00,-3.803568244306418933e+00,-2.426175506589263176e+00
2.315602269537730962e+00,2.406855953952939942e+00,8.241586621964587245e-01,1.000000000000000000e+00,5.000000000000000000e-01,2.000000000000000111e-01,0.000000000000000000e+00,-1.150595111494362399e+01,-1.150595111494362399e+01,-7.113686113952333301e+00,-5.573321109423828190e+00
1.421573497162258448e+00,1.924113843336780150e+00,1.847734213519636182e-01,1.000000000000000000e+00,5.000000000000000000e-01,2.000000000000000111e-01,0.000000000000000000e+00,-4.627621597190827885e+00,-4.627621597190827885e+00,-4.063629765760598644e+00,-2.735269245210580458e+00
1.353766142498428415e+00,2.645647044269525683e-01,3.747554276411291241e-02,1.000000000000000000e+00,5.000000000000000000e-01,2.000000000000000111e-01,0.000000000000000000e+00,-1.897348999413341897e+00,-1.897348999413341897e+00,-2.134606902559305741e+00,-3.581587393533124386e-01
1.063316173005085297e+00,9.867683340401289804e-02,9.382042769714636909e-01,1.000000000000000000e+00,5.000000000000000000e-01,2.000000000000000111e-01,0.000000000000000000e+00,-1.308938822817808489e+00,-1.308938822817808489e+00,-1.683253328989830155e+00,-1.049246728594153549e-01
3.961388816878139707e-01,5.228493183750425599e-01,2.426561231161387111e-01,1.000000000000000000e+00,5.000000000000000000e-01,2.000000000000000111e-01,0.000000000000000000e+00,-4.627183030606517034e-01,-4.627183030606517034e-01,-1.230841313013546490e+00,-2.071209442723251637e-01
-6.346462536814971855e-01,1.878869349555075452e+00,2.765784593906334132e-01,1.000000000000000000e+00,5.000000000000000000e-01,2.000000000000000111e-01,0.000000000000000000e+00,1.805968539326612721e+00,1.805968539326612721e+00,-3.006740536735931890e+00,1.192417393852120089e+00
1.306915470601873963e+00,9.175468749567949889e-01,6.353571542317243415e-01,1.000000000000000000e+00,5.000000000000000000e-01,2.000000000000000111e-01,0.000000000000000000e+00,-2.303506141095840398e+00,-2.303506141095840398e+00,-2.445762962250601191e+00,-1.199156205883438631e+00
-4.722625714231130090e-01,7.377505380632929377e-01,5.159648497326569938e-01,1.000000000000000000e+00,5.000000000000000000e-01,2.000000000000000111e-01,0.000000000000000000e+00,6.218490563352444545e-01,6.218490563352444545e-01,-1.405957090026641820e+00,3.484119661745559426e-01
-1.936381881493627333e+00,2.617372917338293359e+00,8.439056603368348952e-01,1.000000000000000000e+00,5.000000000000000000e-01,2.000000000000000111e-01,0.000000000000000000e+00,1.002123216249731108e+01,1.002123216249731108e+01,-6.675065368794063758e+00,5.068233494245989235e+00
2.374549261713101878e+00,3.361812089849969265e-02,2.410955279228296222e-01,1.000000000000000000e+00,5.000000000000000000e-01,2.000000000000000111e-01,0.000000000000000000e+00,-5.053662790545573102e+00,-5.053662790545573102e+00,-4.383655606807716154e+00,-7.982788415971424356e-02
2.495308721643286098e+00,2.463303669850102295e+00,1.759903708863472804e-01,1.000000000000000000e+00,5.000000000000000000e-01,2.000000000000000111e-01,0.000000000000000000e+00,-1.317334760986417663e+01,-1.317334760986417663e+01,-7.769871854733921168e+00,-6.146703131432873946e+00
-2.245723627283216395e+00,1.045236872156991126e+00,7.878030231244637083e-02,1.000000000000000000e+00,5.000000000000000000e-01,2.000000000000000111e-01,0.000000000000000000e+00,5.737632939622709038e+00,5.737632939622709038e+00,-4.572224825541118420e+00,2.347313139910561564e+00
1.826276730649124325e+00,2.426248323668335427e+00,7.916160328771351118e-01,1.000000000000000000e+00,5.000000000000000000e-01,2.000000000000000111e-01,0.000000000000000000e+00,-8.419862227446975211e+00,-8.419862227446975211e+00,-5.944512482197977121e+00,-4.431000856291926304e+00
7.236561404487877880e-01,8.696413445537983788e-01,6.536455068044849659e-01,1.000000000000000000e+00,5.000000000000000000e-01,2.000000000000000111e-01,0.000000000000000000e+00,-1.073090641147639746e+00,-1.073090641147639746e+00,-1.692344959844210628e+00,-6.293212989744961794e-01
-1.015708169231547942e+00,1.552089109786359167e+00,6.778562511677088676e-01,1.000000000000000000e+00,5.000000000000000000e-01,2.000000000000000111e-01,0.000000000000000000e+00,2.448692533772165447e+00,2.448692533772165447e+00,-2.823488153384928090e+00,1.576469588185325899e+00
-1.021667437889727914e+00,4.254301356413038304e-01,2.668545384231780782e-01,1.000000000000000000e+00,5.000000000000000000e-01,2.000000000000000111e-01,0.000000000000000000e+00,1.327407825436955457e+00,1.327407825436955457e+00,-1.716778012342385917e+00,4.346481166817303121e-01
-2.124299347785821190e+00,8.329681029268644066e-01,1.982267149966068231e-01,1.000000000000000000e+00,5.000000000000000000e-01,2.000000000000000111e-01,0.000000000000000000e+00,4.778499801997446284e+00,4.778499801997446284e+00,-4.054506561648748786e+00,1.769473597773930873e+00
-3.230411989225334679e-01,1.938115819196853495e+00,7.286600773911773299e-01,1.000000000000000000e+00,5.000000000000000000e-01,2.000000000000000111e-01,0.000000000000000000e+00,9.365021171799232658e-01,9.365021171799232658e-01,-2.940759834031330122e+00,6.260912578840797105e-01
-1.727517617135667205e+00,2.035461928840732071e+00,8.011671063301196716e-01,1.000000000000000000e+00,5.000000000000000000e-01,2.000000000000000111e-01,0.000000000000000000e+00,6.337253362657180311e+00,6.337253362657180311e+00,-4.862142902388473686e+00,3.516296341081310395e+00
1.035481777875183695e+00,5.091549966728017296e-01,2.881682044872249104e-01,1.000000000000000000e+00,5.000000000000000000e-01,2.000000000000000111e-01,0.000000000000000000e+00,-1.391753684806678493e+00,-1.391753684806678493e+00,-1.772952912705371142e+00,-5.272207211687859330e-01
2.672192722967082545e+00,1.918693644977778057e+00,3.147327994384909733e-01,1.000000000000000000e+00,5.000000000000000000e-01,2.000000000000000111e-01,0.000000000000000000e+00,-1.140709755813099413e+01,-1.140709755813099413e+01,-7.125061020845995685e+00,-5.127119195712805499e+00
-1.215653987064253760e+00,2.934664943080154131e+00,7.933279387713112474e-01,1.000000000000000000e+00,5.000000000000000000e-01,2.000000000000000111e-01,0.000000000000000000e+00,6.809719320262754394e+00,6.809719320262754394e+00,-6.192817933830952803e+00,3.567537138753080761e+00
-1.449769266359353770e+00,1.814744952207765660e+00,8.034706414796898288e-01,1.000000000000000000e+00,5.000000000000000000e-01,2.000000000000000111e-01,0.000000000000000000e+00,4.446465254858006588e+00,4.446465254858006588e+00,-3.907748176189866474e+00,2.630961457991592756e+00
1.291523739002218285e-01,8.395989498955833685e-01,1.717873543862148411e-01,1.000000000000000000e+00,5.000000000000000000e-01,2.000000000000000111e-01,0.000000000000000000e+00,-1.751046936675882681e-01,-1.751046936675882681e-01,-1.362471399743320877e+00,-1.084361975031479935e-01
-2.306344168981878440e+00,2.045110686132173505e+00,2.616964747850626383e-01,1.000000000000000000e+00,5.000000000000000000e-01,2.000000000000000111e-01,0.000000000000000000e+00,9.583052704317955417e+00,9.583052704317955417e+00,-6.282772914744032100e+00,4.716729105883467277e+00
-2.148813336859485279e+00,1.756251771521147642e+00,7.586711510244411594e-01,1.000000000000000000e+00,5.000000000000000000e-01,2.000000000000000111e-01,0.000000000000000000e+00,7.447120665256592886e+00,7.447120665256592886e+00,-5.312649396484703246e+00,3.773857229527739499e+00
-1.936755780694236151e+00,1.976437151672781223e+00,7.066916272113007436e-01,1.000000000000000000e+00,5.000000000000000000e-01,2.000000000000000111e-01,0.000000000000000000e+00,7.172497105602275269e+00,7.172497105602275269e+00,-5.203765679687732515e+00,3.827876078681109906e+00
1.972963633167076125e+00,2.510460806208867357e+00,3.811115447859267924e-01,1.000000000000000000e+00,5.000000000000000000e-01,2.000000000000000111e-01,0.000000000000000000e+00,-9.726165836796431208e+00,-9.726165836796431208e+00,-6.486758028435335888e+00,-4.953047873141393609e+00
1.854518861744791636e-02,2.805258161886905022e+00,7.999112193672023308e-01,1.000000000000000000e+00,5.000000000000000000e-01,2.000000000000000111e-01,0.000000000000000000e+00,-9.151689808729550346e-02,-9.151689808729550346e-02,-4.934943031829062576e+00,-5.202404173282789562e-02
1.722802251530263895e+00,4.592600430422751900e-01,6.907641941740796376e-01,1.000000000000000000e+00,5.000000000000000000e-01,2.000000000000000111e-01,0.000000000000000000e+00,-2.927160610469215385e+00,-2.927160610469215385e+00,-2.886288452294244689e+00,-7.912142361911176369e-01
1.998336678225495433e+00,7.361304484669116688e-01,4.361886607775552482e-01,1.000000000000000000e+00,5.000000000000000000e-01,2.000000000000000111e-01,0.000000000000000000e+00,-4.135785395087833827e+00,-4.135785395087833827e+00,-3.666953706304833194e+00,-1.471036475130012455e+00
-1.190342933364562983e+00,3.967479869848893337e-01,4.965997694700849951e-01,1.000000000000000000e+00,5.000000000000000000e-01,2.000000000000000111e-01,0.000000000000000000e+00,1.621351518776989131e+00,1.621351518776989131e+00,-1.928854261994852770e+00,4.722661626340786123e-01
-1.948318473504819126e+00,2.988380061894657658e+00,2.094002498564336845e-01,1.000000000000000000e+00,5.000000000000000000e-01,2.000000000000000111e-01,0.000000000000000000e+00,1.212710702248884687e+01,1.212710702248884687e+01,-7.742774621684848313e+00,5.822316080442836217e+00
-2.636980240505653050e+00,2.949777245602259512e+00,4.059993105498425070e-01,1.000000000000000000e+00,5.000000000000000000e-01,2.000000000000000111e-01,0.000000000000000000e+00,1.777674307998221082e+01,1.777674307998221082e+01,-9.522791772626778339e+00,7.778504310546349387e+00
1.405481522036462039e+00,2.260649169732190433e+00,1.130578953517429319e-01,1.000000000000000000e+00,5.000000000000000000e-01,2.000000000000000111e-01,0.000000000000000000e+00,-5.552134086672150026e+00,-5.552134086672150026e+00,-4.740494319576979088e+00,-3.177300635865663025e+00
2.303403447108327562e-01,1.871928916731059989e+00,5.160013753490261257e-01,1.000000000000000000e+00,5.000000000000000000e-01,2.000000000000000111e-01,0.000000000000000000e+00,-6.363544222052784916e-01,-6.363544222052784916e-01,-2.783892939287862855e+00,-4.311807519540081235e-01
2.109431685366283560e+00,4.738389785706212942e-01,7.300660869842179324e-02,1.000000000000000000e+00,5.000000000000000000e-01,2.000000000000000111e-01,0.000000000000000000e+00,-4.223508541496721058e+00,-4.223508541496721058e+00,-3.782082909942768634e+00,-9.995309551584640184e-01
9.341245910751494463e-01,9.131124359183697692e-01,9.262582107683492438e-03,1.000000000000000000e+00,5.000000000000000000e-01,2.000000000000000111e-01,0.000000000000000000e+00,-1.486570461390920972e+00,-1.486570461390920972e+00,-1.940440411305178747e+00,-8.529607808078807363e-01
-1.981267624322312182e+00,3.951422239867611319e-01,9.627549101901237139e-01,1.000000000000000000e+00,5.000000000000000000e-01,2.000000000000000111e-01,0.000000000000000000e+00,3.691404655502757759e+00,3.691404655502757759e+00,-3.433321528101269671e+00,7.828824953876851733e-01
-9.224941173828860030e-02,1.082186826837848503e+00,1.367506089331106400e-01,1.000000000000000000e+00,5.000000000000000000e-01,2.000000000000000111e-01,0.000000000000000000e+00,1.464243690601348402e-01,1.464243690601348402e-01,-1.590670136470321960e+00,9.983109816671671688e-02
-5.665621773630276081e-01,2.897515641371608552e-01,3.195921608120083635e-01,1.000000000000000000e+00,5.000000000000000000e-01,2.000000000000000111e-01,0.000000000000000000e+00,6.267177803386320134e-01,6.267177803386320134e-01,-1.234573604950966574e+00,1.641622770718927926e-01
-2.280263509327713489e+00,5.890704053188200451e-02,8.831026342435532861e-01,1.000000000000000000e+00,5.000000000000000000e-01,2.000000000000000111e-01,0.000000000000000000e+00,4.655512202592420934e+00,4.655512202592420934e+00,-4.121496022895036582e+00,1.343235749673391266e-01
-2.151454465719814024e+00,1.740818045300087658e-01,8.298401705114488713e-02,1.000000000000000000e+00,5.000000000000000000e-01,2.000000000000000111e-01,0.000000000000000000e+00,4.175765504644415316e+00,4.175765504644415316e+00,-3.792406028173650689e+00,3.745290757566511197e-01
1.232669021019681566e+00,1.327351364192177474e+00,5.761602541754883289e-01,1.000000000000000000e+00,5.000000000000000000e-01,2.000000000000000111e-01,0.000000000000000000e+00,-2.693166593188435431e+00,-2.693166593188435431e+00,-2.792614571240389587e+00,-1.636184906647910164e+00
9.677144875295247139e-01,4.859749083391763369e-01,4.995579636528758583e-01,1.000000000000000000e+00,5.000000000000000000e-01,2.000000000000000111e-01,0.000000000000000000e+00,-1.263235207060816379e+00,-1.263235207060816379e+00,-1.679968603392353987e+00,-4.702849593756537883e-01
-4.785822426674095631e-01,1.740806218082429080e-01,5.867368696336987544e-01,1.000000000000000000e+00,5.000000000000000000e-01,2.000000000000000111e-01,0.000000000000000000e+00,5.077567234038401489e-01,5.077567234038401489e-01,-1.152576609242512706e+00,8.331189438992606111e-02
-2.250662175449837932e+00,2.260374591070037020e+00,6.546823810096165097e-01,1.000000000000000000e+00,5.000000000000000000e-01,2.000000000000000111e-01,0.000000000000000000e+00,1.028044570312122374e+01,1.028044570312122374e+01,-6.593934782777877146e+00,5.087339594469227677e+00
-1.456415224849438639e+00,2.290614605864223385e+00,4.967412504759002312e-01,1.000000000000000000e+00,5.000000000000000000e-01,2.000000000000000111e-01,0.000000000000000000e+00,5.895112532000205796e+00,5.895112532000205796e+00,-4.896144820603200110e+00,3.336085986243151336e+00
-3.640947236554321620e-01,2.831352130218112606e+00,9.018325609661369535e-01,1.000000000000000000e+00,5.000000000000000000e-01,2.000000000000000111e-01,0.000000000000000000e+00,1.833140632532732406e+00,1.833140632532732406e+00,-5.087816423321557480e+00,1.030880371422982833e+00
1.433943608380028323e+00,2.409139284832289452e+00,6.418392575091277363e-01,1.000000000000000000e+00,5.000000000000000000e-01,2.000000000000000111e-01,0.000000000000000000e+00,-6.184906939236871182e+00,-6.184906939236871182e+00,-5.135692610069479080e+00,-3.454569879182494141e+00
-5.106764762855338091e-01,2.845355105231544002e+00,1.560874645505188063e-01,1.000000000000000000e+00,5.000000000000000000e-01,2.000000000000000111e-01,0.000000000000000000e+00,2.604542425812300444e+00,2.604542425812300444e+00,-5.204497115492451087e+00,1.453055918920699074e+00
1.527861642076144832e+00,1.958725755810839075e+00,5.789289778603695646e-01,1.000000000000000000e+00,5.000000000000000000e-01,2.000000000000000111e-01,0.000000000000000000e+00,-5.172079848112960399e+00,-5.172079848112960399e+00,-4.318920011634939549e+00,-2.992661949649986664e+00
-8.110918408405662916e-01,1.590619273545569978e+00,5.210407036453779117e-02,1.000000000000000000e+00,5.000000000000000000e-01,2.000000000000000111e-01,0.000000000000000000e+00,1.943869868950926838e+00,1.943869868950926838e+00,-2.659756821254201764e+00,1.290138314656560592e+00
6.138651972433377679e-01,1.242984940249706405e+00,2.620020871375421390e-01,1.000000000000000000e+00,5.000000000000000000e-01,2.000000000000000111e-01,0.000000000000000000e+00,-1.134344234206589919e+00,-1.134344234206589919e+00,-1.998604069075744505e+00,-7.630251955168844136e-01
1.488793614532535337e+00,1.000617798177163120e+00,9.030625365424610473e-01,1.000000000000000000e+00,5.000000000000000000e-01,2.000000000000000111e-01,0.000000000000000000e+00,-2.894094602817551820e+00,-2.894094602817551820e+00,-2.830521845018168392e+00,-1.489713388513765668e+00
-4.851914462658797333e-01,4.824400075002455157e-02,5.623518389447801358e-02,1.000000000000000000e+00,5.000000000000000000e-01,2.000000000000000111e-01,0.000000000000000000e+00,5.085999392707069022e-01,5.085999392707069022e-01,-1.142410185521929744e+00,2.340757649755659947e-02
-1.842478798055662281e-01,2.130261306705873992e+00,3.428848801278880920e-01,1.000000000000000000e+00,5.000000000000000000e-01,2.000000000000000111e-01,0.000000000000000000e+00,6.035584812484838801e-01,6.035584812484838801e-01,-3.289374986151816671e+00,3.924961291923923512e-01
-2.675269665271319486e+00,9.570408815875717234e-01,6.834680621125821531e-02,1.000000000000000000e+00,5.000000000000000000e-01,2.000000000000000111e-01,0.000000000000000000e+00,7.729863123586635965e+00,7.729863123586635965e+00,-5.752204293667509738e+00,2.560342438935751641e+00
-2.325120576830475905e+00,2.198003643822973086e+00,8.935951574905550698e-01,1.000000000000000000e+00,5.000000000000000000e-01,2.000000000000000111e-01,0.000000000000000000e+00,1.045571183581468944e+01,1.045571183581468944e+01,-6.659321427209825117e+00,5.110623500201159075e+00
1.085318481336685181e+00,2.826395719502436954e+00,5.649321845653898500e-02,1.000000000000000000e+00,5.000000000000000000e-01,2.000000000000000111e-01,0.000000000000000000e+00,-5.676041597048509857e+00,-5.676041597048509857e+00,-5.701006105169430960e+00,-3.067539509946892284e+00
-2.420228354708061413e+00,2.372159424309194797e+00,5.636467257677684195e-01,1.000000000000000000e+00,5.000000000000000000e-01,2.000000000000000111e-01,0.000000000000000000e+00,1.206501072887786563e+01,1.206501072887786563e+01,-7.328073340529199342e+00,5.741167500601064511e+00
-1.870718569260474418e+00,1.521957518373604046e+00,4.619258027580136483e-01,1.000000000000000000e+00,5.000000000000000000e-01,2.000000000000000111e-01,0.000000000000000000e+00,5.346691271247045130e+00,5.346691271247045130e+00,-4.257930123092544150e+00,2.847154191247090793e+00
-8.724609476810041286e-02,1.673210711577971299e+00,8.818585451908634854e-01,1.000000000000000000e+00,5.000000000000000000e-01,2.000000000000000111e-01,0.000000000000000000e+00,2.095074865099872952e-01,2.095074865099872952e-01,-2.404384171301001238e+00,1.459811003093324233e-01
2.566431948355838877e+00,2.659667141588951900e+00,4.782894843990126432e-02,1.000000000000000000e+00,5.000000000000000000e-01,2.000000000000000111e-01,0.000000000000000000e+00,-1.502448095744084711e+01,-1.502448095744084711e+01,-8.488858419348902729e+00,-6.825854724166138254e+00
2.982211952062870708e+00,7.186587258658140298e-01,1.544943777113438887e-02,1.000000000000000000e+00,5.000000000000000000e-01,2.000000000000000111e-01,0.000000000000000000e+00,-9.056836960487331112e+00,-9.056836960487331112e+00,-6.594388058347520953e+00,-2.143192641731304526e+00
1.649393239511519837e+00,1.764140502234714969e+00,8.248513095816191187e-01,1.000000000000000000e+00,5.000000000000000000e-01,2.000000000000000111e-01,0.000000000000000000e+00,-5.113441445294609089e+00,-5.113441445294609089e+00,-4.188394690940259402e+00,-2.909761417934396022e+00
-8.301437156597444300e-01,1.789800014960662544e+00,1.834324835559151268e-01,1.000000000000000000e+00,5.000000000000000000e-01,2.000000000000000111e-01,0.000000000000000000e+00,2.274195116430707042e+00,2.274195116430707042e+00,-3.015175199966213970e+00,1.485791234707310560e+00
-1.933046047304267212e+00,1.810379837943205672e+00,4.382554530711383345e-01,1.000000000000000000e+00,5.000000000000000000e-01,2.000000000000000111e-01,0.000000000000000000e+00,6.545431129609523779e+00,6.545431129609523779e+00,-4.880737791414825111e+00,3.499547589855453555e+00
-5.518956118064592964e-01,8.701661843240846572e-01,9.105220398723307129e-01,1.000000000000000000e+00,5.000000000000000000e-01,2.000000000000000111e-01,0.000000000000000000e+00,7.944605476915926889e-01,7.944605476915926889e-01,-1.561347853969303978e+00,4.802408986708329164e-01
-2.621696337405639454e+00,1.371599303467158082e+00,3.180008062365901056e-01,1.000000000000000000e+00,5.000000000000000000e-01,2.000000000000000111e-01,0.000000000000000000e+00,8.691711602305913331e+00,8.691711602305913331e+00,-6.064617335975484025e+00,3.595916870287974465e+00
-1.292231701938095556e+00,1.517091817263404252e+00,2.126899736106424577e-01,1.000000000000000000e+00,5.000000000000000000e-01,2.000000000000000111e-01,0.000000000000000000e+00,3.210880920991802334e+00,3.210880920991802334e+00,-3.152701453900085493e+00,1.960434141018647214e+00
1.247669998140447767e+00,2.376943980229367259e+00,8.261357669909767942e-01,1.000000000000000000e+00,5.000000000000000000e-01,2.000000000000000111e-01,0.000000000000000000e+00,-5.160696773485329736e+00,-5.160696773485329736e+00,-4.758939597130184218e+00,-2.965641691392723267e+00
7.145420965472357722e-01,2.894634700712581221e+00,8.023563443883569013e-01,1.000000000000000000e+00,5.000000000000000000e-01,2.000000000000000111e-01,0.000000000000000000e+00,-3.781048883620557799e+00,-3.781048883620557799e+00,-5.495797269927578554e+00,-2.068338347785548148e+00
2.579856153902316152e+00,1.582314196219131164e-01,9.939069198346003331e-01,1.000000000000000000e+00,5.000000000000000000e-01,2.000000000000000111e-01,0.000000000000000000e+00,-6.046280251863905164e+00,-6.046280251863905164e+00,-5.005913255974374643e+00,-4.082143016522922774e-01
-1.117760064718957391e+00,2.391535280152253584e+00,7.928574301569505378e-01,1.000000000000000000e+00,5.000000000000000000e-01,2.000000000000000111e-01,0.000000000000000000e+00,4.593544538255310172e+00,4.593544538255310172e+00,-4.609353035474775595e+00,2.673162629520652978e+00
-4.964364019325162580e-01,1.458172233554616337e+00,5.997852870616171561e-01,1.000000000000000000e+00,5.000000000000000000e-01,2.000000000000000111e-01,0.000000000000000000e+00,1.048683649445799171e+00,1.048683649445799171e+00,-2.211002592053051163e+00,7.238897770237544549e-01
1.409394093275659898e+00,1.935142445182591375e+00,2.079403808431402600e-01,1.000000000000000000e+00,5.000000000000000000e-01,2.000000000000000111e-01,0.000000000000000000e+00,-4.608248628975260885e+00,-4.608248628975260885e+00,-4.064223167669821279e+00,-2.727378331887361895e+00
-1.488777230690164322e+00,1.624468058738740783e+00,7.528206215724646544e-01,1.000000000000000000e+00,5.000000000000000000e-01,2.000000000000000111e-01,0.000000000000000000e+00,4.113104057132435543e+00,4.113104057132435543e+00,-3.649322822504091679e+00,2.418471057833689652e+00
-1.562273834288095298e+00,2.413504849180598821e+00,5.543749657714182044e-01,1.000000000000000000e+00,5.000000000000000000e-01,2.000000000000000111e-01,0.000000000000000000e+00,6.875008999205114435e+00,6.875008999205114435e+00,-5.376922548489869058e+00,3.770555474802285367e+00
2.870181057331001817e+00,1.222642695911586141e+00,4.219084441599078028e-01,1.000000000000000000e+00,5.000000000000000000e-01,2.000000000000000111e-01,0.000000000000000000e+00,-9.744309008980774678e+00,-9.744309008980774678e+00,-6.690191162050001417e+00,-3.509205905689543048e+00
-9.128981897761176967e-01,1.190150171764108311e+00,5.855106046112800167e-01,1.000000000000000000e+00,5.000000000000000000e-01,2.000000000000000111e-01,0.000000000000000000e+00,1.711597687833357417e+00,1.711597687833357417e+00,-2.208258578612976031e+00,1.086485937365190058e+00
2.256140148520088040e+00,1.651128893359182559e+00,1.544878603270108952e-01,1.000000000000000000e+00,5.000000000000000000e-01,2.000000000000000111e-01,0.000000000000000000e+00,-7.628341461347467600e+00,-7.628341461347467600e+00,-5.417214333101306956e+00,-3.725178186689194870e+00
-5.829515119671837553e-01,2.907291166123311843e+00,9.335103399553082992e-01,1.000000000000000000e+00,5.000000000000000000e-01,2.000000000000000111e-01,0.000000000000000000e+00,3.086225434170208448e+00,3.086225434170208448e+00,-5.430070441492218514e+00,1.694809781020421457e+00
2.395928931220877800e+00,1.266728004429285903e+00,3.726021021200661698e-01,1.000000000000000000e+00,5.000000000000000000e-01,2.000000000000000111e-01,0.000000000000000000e+00,-7.068936756507588903e+00,-7.068936756507588903e+00,-5.246585184679431357e+00,-3.034990273799814453e+00
1.973955260513117871e+00,1.273210775938011796e+00,9.300617066523155785e-01,1.000000000000000000e+00,5.000000000000000000e-01,2.000000000000000111e-01,0.000000000000000000e+00,-5.112213909814720125e+00,-5.112213909814720125e+00,-4.148432462286783640e+00,-2.513261108904826902e+00
-1.241308592484429152e+00,1.520212485315313611e+00,7.797128338980915396e-01,1.000000000000000000e+00,5.000000000000000000e-01,2.000000000000000111e-01,0.000000000000000000e+00,3.058202551080293485e+00,3.058202551080293485e+00,-3.080031213319686323e+00,1.887052820424007793e+00
-2.698783388648890558e+00,2.989201590859400959e+00,6.484687432842168864e-01,1.000000000000000000e+00,5.000000000000000000e-01,2.000000000000000111e-01,0.000000000000000000e+00,1.868731922203558327e+01,1.868731922203558327e+01,-9.837722142706500250e+00,8.067207598734189133e+00
9.871766350338404550e-01,4.823925594859419519e-01,2.822154269333359000e-01,1.000000000000000000e+00,5.000000000000000000e-01,2.000000000000000111e-01,0.000000000000000000e+00,-1.294440133194578291e+00,-1.294440133194578291e+00,-1.701061915977740924e+00,-4.762066636386939056e-01
-9.540646201976308305e-01,1.798653691148538902e+00,6.999318266516518783e-01,1.000000000000000000e+00,5.000000000000000000e-01,2.000000000000000111e-01,0.000000000000000000e+00,2.671023553719793497e+00,2.671023553719793497e+00,-3.163721130048841257e+00,1.716031850712697482e+00
-1.019110092556532843e+00,1.829246778618276892e+00,3.670274552395343948e-01,1.000000000000000000e+00,5.000000000000000000e-01,2.000000000000000111e-01,0.000000000000000000e+00,2.935841108443906222e+00,2.935841108443906222e+00,-3.296223116993022728e+00,1.864203853866411631e+00
1.292715573571487475e+00,2.669369822981995988e+00,9.182052353335936612e-01,1.000000000000000000e+00,5.000000000000000000e-01,2.000000000000000111e-01,0.000000000000000000e+00,-6.330415671951391765e+00,-6.330415671951391765e+00,-5.565435758416023226e+00,-3.450735941790590733e+00
-5.310295073949484745e-01,1.044245356004133374e+00,3.609292749856363169e-01,1.000000000000000000e+00,5.000000000000000000e-01,2.000000000000000111e-01,0.000000000000000000e+00,8.505088864972343288e-01,8.505088864972343288e-01,-1.714419584402572694e+00,5.545250969983375189e-01
-1.338966220627607173e+00,1.847775266380795589e+00,8.588669779728570486e-01,1.000000000000000000e+00,5.000000000000000000e-01,2.000000000000000111e-01,0.000000000000000000e+00,4.104872525854782239e+00,4.104872525854782239e+00,-3.782835041513377128e+00,2.474108664995064100e+00
2.165944487021668863e+00,7.587447186515797748e-01,4.713310937983283821e-02,1.000000000000000000e+00,5.000000000000000000e-01,2.000000000000000111e-01,0.000000000000000000e+00,-4.821630418219372771e+00,-4.821630418219372771e+00,-4.102636086556568529e+00,-1.643398940420196519e+00
1.774737793189973267e+00,1.166064508669502287e+00,8.073920527250405543e-01,1.000000000000000000e+00,5.000000000000000000e-01,2.000000000000000111e-01,0.000000000000000000e+00,-4.099275274126340740e+00,-4.099275274126340740e+00,-3.569669759935413911e+00,-2.069458752833262860e+00
1.842342431364566657e+00,2.263425240977950947e-01,5.008429955163786751e-01,1.000000000000000000e+00,5.000000000000000000e-01,2.000000000000000111e-01,0.000000000000000000e+00,-3.140200078578995857e+00,-3.140200078578995857e+00,-3.062150849751262616e+00,-4.170004361675248572e-01
-1.041819295986424532e+00,8.395066870022976913e-01,6.004451885574800807e-01,1.000000000000000000e+00,5.000000000000000000e-01,2.000000000000000111e-01,0.000000000000000000e+00,1.635097075124349653e+00,1.635097075124349653e+00,-2.003618206054576412e+00,8.746142656286294281e-01
2.864860720962267848e+00,1.167096748908578174e+00,6.206416402723611281e-01,1.000000000000000000e+00,5.000000000000000000e-01,2.000000000000000111e-01,0.000000000000000000e+00,-9.518622363610353077e+00,-9.518622363610353077e+00,-6.605513580963954468e+00,-3.343569633510948158e+00
6.296650895260125225e-02,8.952671426609157823e-01,9.822743232375664713e-01,1.000000000000000000e+00,5.000000000000000000e-01,2.000000000000000111e-01,0.000000000000000000e+00,-8.825036963457075223e-02,-8.825036963457075223e-02,-1.403130497113927122e+00,-5.637184655332829614e-02
-1.106868027917433883e+00,1.241515573312324427e+00,6.203765025278361600e-01,1.000000000000000000e+00,5.000000000000000000e-01,2.000000000000000111e-01,0.000000000000000000e+00,2.231126973289002446e+00,2.231126973289002446e+00,-2.505774558124012508e+00,1.374193894260994808e+00
-2.165588968902500078e+00,8.662043880687422259e-01,9.474678906127246281e-01,1.000000000000000000e+00,5.000000000000000000e-01,2.000000000000000111e-01,0.000000000000000000e+00,5.009245797412608781e+00,5.009245797412608781e+00,-4.189020370294088025e+00,1.875842667616608450e+00
1.859014252277271240e+00,7.647497559416824853e-01,7.071958379949436768e-01,1.000000000000000000e+00,5.000000000000000000e-01,2.000000000000000111e-01,0.000000000000000000e+00,-3.687555343348253523e+00,-3.687555343348253523e+00,-3.365981488708444935e+00,-1.421680695721152521e+00
1.231046456985787074e+00,1.028618819102389281e+00,4.495773829010197842e-01,1.000000000000000000e+00,5.000000000000000000e-01,2.000000000000000111e-01,0.000000000000000000e+00,-2.255429036774147633e+00,-2.255429036774147633e+00,-2.438313565060152399e+00,-1.266277552844900622e+00
2.621102908089062211e+00,2.013314264018870148e+00,9.204641461156487514e-01,1.000000000000000000e+00,5.000000000000000000e-01,2.000000000000000111e-01,0.000000000000000000e+00,-1.153482715134251002e+01,-1.153482715134251002e+01,-7.148825435726685384e+00,-5.277103872317050914e+00
-2.439769975464741947e+00,1.868714024268558038e+00,7.563259621689583101e-01,1.000000000000000000e+00,5.000000000000000000e-01,2.000000000000000111e-01,0.000000000000000000e+00,9.604255902536403156e+00,9.604255902536403156e+00,-6.317532572156531856e+00,4.559232369140318930e+00
-2.672015117487776870e+00,2.938969180918173940e+00,6.988411151392335263e-01,1.000000000000000000e+00,5.000000000000000000e-01,2.000000000000000111e-01,0.000000000000000000e+00,1.802729209072282757e+01,1.802729209072282757e+01,-9.602568796043353672e+00,7.852970081244030176e+00
2.338947269365767134e+00,4.110045067352839920e-01,9.182268284544773396e-01,1.000000000000000000e+00,5.000000000000000000e-01,2.000000000000000111e-01,0.000000000000000000e+00,-5.095624014213091080e+00,-5.095624014213091080e+00,-4.366866949602504988e+00,-9.613178687255165000e-01
-1.488708923022037167e+00,2.419790881496841628e+00,1.900648156142332734e-01,1.000000000000000000e+00,5.000000000000000000e-01,2.000000000000000111e-01,0.000000000000000000e+00,6.507064535599502264e+00,6.507064535599502264e+00,-5.257446509578890925e+00,3.602364277131709258e+00
-1.011612714497438059e+00,2.404760765358141539e-01,1.806671640669175183e-01,1.000000000000000000e+00,5.000000000000000000e-01,2.000000000000000111e-01,0.000000000000000000e+00,1.247911715521916820e+00,1.247911715521916820e+00,-1.642930542172754471e+00,2.432686565560886194e-01
-2.238269322992159971e+00,6.812374521735576893e-01,6.038018592224340120e-01,1.000000000000000000e+00,5.000000000000000000e-01,2.000000000000000111e-01,0.000000000000000000e+00,5.000320852624621004e+00,5.000320852624621004e+00,-4.237951970470630769e+00,1.524792890873412965e+00
8.204529973968366363e-03,5.261758491143253558e-02,3.495592947609503787e-01,1.000000000000000000e+00,5.000000000000000000e-01,2.000000000000000111e-01,0.000000000000000000e+00,-8.215998003284616033e-03,-8.215998003284616033e-03,-1.001424693708212077e+00,-4.317025525636738613e-04
-1.759041629350390323e+00,1.498746995556118122e+00,1.559695435459869106e-01,1.000000000000000000e+00,5.000000000000000000e-01,2.000000000000000111e-01,0.000000000000000000e+00,4.823233693145422052e+00,4.823233693145422052e+00,-3.979657750616851786e+00,2.636358357047036360e+00
-2.641328365961427060e+00,3.783898620115588862e-02,2.708018919677290803e-01,1.000000000000000000e+00,5.000000000000000000e-01,2.000000000000000111e-01,0.000000000000000000e+00,6.328725781417075424e+00,6.328725781417075424e+00,-5.186685216537843424e+00,9.994518759233607386e-02
2.725594809490844206e+00,1.967960381999529496e-01,4.027421762571636865e-02,1.000000000000000000e+00,5.000000000000000000e-01,2.000000000000000111e-01,0.000000000000000000e+00,-6.827990457809139713e+00,-6.827990457809139713e+00,-5.476684579639657713e+00,-5.363862602461536566e-01
-2.169750223882893181e+00,1.938740573903992015e+00,8.326415167023639707e-01,1.000000000000000000e+00,5.000000000000000000e-01,2.000000000000000111e-01,0.000000000000000000e+00,8.290443573031986091e+00,8.290443573031986091e+00,-5.704047126874709939e+00,4.206582794279035475e+00
-7.979185447826822042e-01,1.947533691985368298e+00,1.220027786111391732e-01,1.000000000000000000e+00,5.000000000000000000e-01,2.000000000000000111e-01,0.000000000000000000e+00,2.412728973603278870e+00,2.412728973603278870e+00,-3.278448143173947393e+00,1.553973249424209557e+00
-1.797930730117573761e+00,2.859905414362429177e-01,2.748853286637364945e-02,1.000000000000000000e+00,5.000000000000000000e-01,2.000000000000000111e-01,0.000000000000000000e+00,3.033839599531974685e+00,3.033839599531974685e+00,-2.980428241076165108e+00,5.141911829711844906e-01
1.943129704464164220e+00,1.862764266347252118e+00,5.542721228662114141e-01,1.000000000000000000e+00,5.000000000000000000e-01,2.000000000000000111e-01,0.000000000000000000e+00,-6.781709142312855931e+00,-6.781709142312855931e+00,-5.000397185012703360e+00,-3.619592578353741708e+00
1.687552294686120113e+00,1.282449506178390042e+00,2.639691080301691528e-01,1.000000000000000000e+00,5.000000000000000000e-01,2.000000000000000111e-01,0.000000000000000000e+00,-4.036464632044026501e+00,-4.036464632044026501e+00,-3.531038016328832185e+00,-2.164200606970423824e+00
2.514937321179052887e+00,2.605391357963395382e+00,1.509071197355539296e-01,1.000000000000000000e+00,5.000000000000000000e-01,2.000000000000000111e-01,0.000000000000000000e+00,-1.423206553474120462e+01,-1.423206553474120462e+01,-8.188977901750735811e+00,-6.552395962419516273e+00
-1.513434960314219424e-01,1.729610726852855773e+00,5.193023728590857591e-01,1.000000000000000000e+00,5.000000000000000000e-01,2.000000000000000111e-01,0.000000000000000000e+00,3.784128611151486021e-01,3.784128611151486021e-01,-2.509519545496840198e+00,2.617653341753600205e-01
1.720615777245789957e+00,1.576681685125176369e+00,4.160938658382337119e-01,1.000000000000000000e+00,5.000000000000000000e-01,2.000000000000000111e-01,0.000000000000000000e+00,-4.878059803056973287e+00,-4.878059803056973287e+00,-4.019273759848863037e+00,-2.712863383120857286e+00
1.867349563527287870e+00,2.974384989206111385e+00,3.866860326335429532e-01,1.000000000000000000e+00,5.000000000000000000e-01,2.000000000000000111e-01,0.000000000000000000e+00,-1.142982616395264195e+01,-1.142982616395264195e+01,-7.515679667450651635e+00,-5.554216511356148800e+00
2.035454889181755433e+00,8.288883859011892952e-01,6.604148200178062700e-01,1.000000000000000000e+00,5.000000000000000000e-01,2.000000000000000111e-01,0.000000000000000000e+00,-4.421299698603717410e+00,-4.421299698603717410e+00,-3.829373941677287618e+00,-1.687164917668549480e+00
-2.060955937379051583e+00,1.361455237081205638e+00,1.655326543325934541e-01,1.000000000000000000e+00,5.000000000000000000e-01,2.000000000000000111e-01,0.000000000000000000e+00,5.721807353818295638e+00,5.721807353818295638e+00,-4.475303806778700988e+00,2.805899254338314996e+00
-5.727099820682735043e-02,2.320002026477242296e+00,4.894798800030031316e-01,1.000000000000000000e+00,5.000000000000000000e-01,2.000000000000000111e-01,0.000000000000000000e+00,2.114365472361213472e-01,2.114365472361213472e-01,-3.693172681770619192e+00,1.328688318982139682e-01
9.300175024742420860e-01,2.172203728531396649e+00,9.195617942551131963e-01,1.000000000000000000e+00,5.000000000000000000e-01,2.000000000000000111e-01,0.000000000000000000e+00,-3.285027380604815139e+00,-3.285027380604815139e+00,-3.878194052067907016e+00,-2.020187486474005922e+00
-1.163963635037798872e+00,1.242776428292945434e-01,3.610058159540381340e-01,1.000000000000000000e+00,5.000000000000000000e-01,2.000000000000000111e-01,0.000000000000000000e+00,1.488342532208265068e+00,1.488342532208265068e+00,-1.820609272467846651e+00,1.446546569015149108e-01
1.708181367844218812e+00,3.712682395783983846e-02,7.348543440310287833e-01,1.000000000000000000e+00,5.000000000000000000e-01,2.000000000000000111e-01,0.000000000000000000e+00,-2.706213522186763587e+00,-2.706213522186763587e+00,-2.751419351798686463e+00,-6.341934893201436885e-02
8.145343348792914995e-01,8.374963161727574379e-01,3.752519376667508011e-01,1.000000000000000000e+00,5.000000000000000000e-01,2.000000000000000111e-01,0.000000000000000000e+00,-1.208274755708764081e+00,-1.208274755708764081e+00,-1.748779749419819618e+00,-6.821695048576338349e-01
1.818345857667130083e+00,2.913939378692701254e+00,2.410615389057717550e-01,1.000000000000000000e+00,5.000000000000000000e-01,2.000000000000000111e-01,0.000000000000000000e+00,-1.074060109890092995e+01,-1.074060109890092995e+01,-7.229350346205130506e+00,-5.298549598739003663e+00
1.467986581400938739e+00,1.972313771916951453e-01,3.910920111463435100e-01,1.000000000000000000e+00,5.000000000000000000e-01,2.000000000000000111e-01,0.000000000000000000e+00,-2.129236775177834495e+00,-2.129236775177834495e+00,-2.312440869978395597e+00,-2.895330151486356640e-01
-3.841798648230718705e-01,6.318079955975031137e-02,7.148643610118776692e-02,1.000000000000000000e+00,5.000000000000000000e-01,2.000000000000000111e-01,0.000000000000000000e+00,3.962871935389445377e-01,3.962871935389445377e-01,-1.090552407837789062e+00,2.427279103427847431e-02
-2.300961423107553916e+00,2.762875029119579828e+00,2.865035677439354833e-01,1.000000000000000000e+00,5.000000000000000000e-01,2.000000000000000111e-01,0.000000000000000000e+00,1.351958394759766513e+01,1.351958394759766513e+01,-7.993393295643743457e+00,6.357268858871313100e+00
-1.550136923577931647e+00,4.226495277224573410e-01,3.093678243349816670e-01,1.000000000000000000e+00,5.000000000000000000e-01,2.000000000000000111e-01,0.000000000000000000e+00,2.433561828905805413e+00,2.433561828905805413e+00,-2.531071000745801047e+00,6.551646386553557910e-01
-2.760323038294032472e-02,9.497722256022446130e-01,8.290773485824329825e-01,1.000000000000000000e+00,5.000000000000000000e-01,2.000000000000000111e-01,0.000000000000000000e+00,4.005742225740714646e-02,4.005742225740714646e-02,-1.451490803259264606e+00,2.621678155461673251e-02
2.713271067134416903e+00,2.587028315785464105e+00,8.517022376256306870e-01,1.000000000000000000e+00,5.000000000000000000e-01,2.000000000000000111e-01,0.000000000000000000e+00,-1.578778017103736708e+01,-1.578778017103736708e+01,-8.763461683587131290e+00,-7.019309079078179359e+00
-1.756383279034285039e+00,1.194581518653860197e+00,7.651276492193781475e-01,1.000000000000000000e+00,5.000000000000000000e-01,2.000000000000000111e-01,0.000000000000000000e+00,4.093231818360187013e+00,4.093231818360187013e+00,-3.564441836077418380e+00,2.098143004807023093e+00
1.898162094136139899e+00,1.349730821585046758e-01,4.963453713201425588e-01,1.000000000000000000e+00,5.000000000000000000e-01,2.000000000000000111e-01,0.000000000000000000e+00,-3.283275144619976160e+00,-3.283275144619976160e+00,-3.170920467822861077e+00,-2.562007882819964943e-01
-1.462014503732695703e+00,1.248784228614326697e+00,7.176979200595035024e-02,1.000000000000000000e+00,5.000000000000000000e-01,2.000000000000000111e-01,0.000000000000000000e+00,3.226999797361265188e+00,3.226999797361265188e+00,-3.062222870292795829e+00,1.825740654266791996e+00
5.281843169190816312e-01,2.188140569059371376e+00,6.888317620937118857e-01,1.000000000000000000e+00,5.000000000000000000e-01,2.000000000000000111e-01,0.000000000000000000e+00,-1.822117215377636379e+00,-1.822117215377636379e+00,-3.561366778565301150e+00,-1.155741531791554699e+00
2.405284931628951739e+00,4.777014092254460165e-01,5.028579407493876108e-01,1.000000000000000000e+00,5.000000000000000000e-01,2.000000000000000111e-01,0.000000000000000000e+00,-5.462831275530819042e+00,-5.462831275530819042e+00,-4.585336679580763963e+00,-1.149008001427880732e+00
-3.094033877623125761e-01,7.982341105740053955e-01,8.078012436442268962e-01,1.000000000000000000e+00,5.000000000000000000e-01,2.000000000000000111e-01,0.000000000000000000e+00,4.138997220279077571e-01,4.138997220279077571e-01,-1.376027121457214397e+00,2.469763380390336827e-01
-1.679571688549416963e+00,1.003904343966533164e+00,4.815187356024386300e-01,1.000000000000000000e+00,5.000000000000000000e-01,2.000000000000000111e-01,0.000000000000000000e+00,3.473529225185338465e+00,3.473529225185338465e+00,-3.196488600103482014e+00,1.686129314137964741e+00
-1.140185339328380953e+00,3.439669304012960005e-02,4.566835373899835737e-02,1.000000000000000000e+00,5.000000000000000000e-01,2.000000000000000111e-01,0.000000000000000000e+00,1.437313178181194750e+00,1.437313178181194750e+00,-1.780605131057673818e+00,3.921860512573432933e-02
1.477256196666060006e+00,2.063362315210801157e+00,5.196227067110058551e-01,1.000000000000000000e+00,5.000000000000000000e-01,2.000000000000000111e-01,0.000000000000000000e+00,-5.266697832127662515e+00,-5.266697832127662515e+00,-4.438103544269002221e+00,-3.048114766112384189e+00
1.016816463321843500e+00,2.775901120581127923e-01,1.242035173649258528e-01,1.000000000000000000e+00,5.000000000000000000e-01,2.000000000000000111e-01,0.000000000000000000e+00,-1.266253010623171749e+00,-1.266253010623171749e+00,-1.658877567205623071e+00,-2.822581959960444586e-01
7.613996577052075665e-01,6.484938841840175439e-01,8.909176597667343156e-01,1.000000000000000000e+00,5.000000000000000000e-01,2.000000000000000111e-01,0.000000000000000000e+00,-1.009781966771493344e+00,-1.009781966771493344e+00,-1.558109822164201574e+00,-4.937630214416314778e-01
-1.722029026281850284e+00,1.339227878370447877e+00,5.018438199090158314e-02,1.000000000000000000e+00,5.000000000000000000e-01,2.000000000000000111e-01,0.000000000000000000e+00,4.287580967312671021e+00,4.287580967312671021e+00,-3.675996035516636340e+00,2.306189279359770694e+00
1.527416503444403162e+00,2.276191989796522375e+00,4.350094544359184301e-01,1.000000000000000000e+00,5.000000000000000000e-01,2.000000000000000111e-01,0.000000000000000000e+00,-6.196920020937666251e+00,-6.196920020937666251e+00,-4.990325692203521513e+00,-3.476693210223162911e+00
2.028934498280041687e+00,2.495523074794913088e-01,1.371451166607009498e-01,1.000000000000000000e+00,5.000000000000000000e-01,2.000000000000000111e-01,0.000000000000000000e+00,-3.762564106903057315e+00,-3.762564106903057315e+00,-3.501083296070699902e+00,-5.063252857705283771e-01
-2.285616271981192327e-01,2.901765183271702853e+00,5.605190277100845497e-01,1.000000000000000000e+00,5.000000000000000000e-01,2.000000000000000111e-01,0.000000000000000000e+00,1.193221670779702981e+00,1.193221670779702981e+00,-5.241464839880401350e+00,6.632321720354290573e-01
-1.349078346760357983e+00,1.519166704069811136e+00,5.054337127216190773e-02,1.000000000000000000e+00,5.000000000000000000e-01,2.000000000000000111e-01,0.000000000000000000e+00,3.396893225528222260e+00,3.396893225528222260e+00,-3.245941168795763332e+00,2.049474905579882655e+00
6.466234737625207174e-01,5.020903038557941178e-01,9.787839266246064485e-01,1.000000000000000000e+00,5.000000000000000000e-01,2.000000000000000111e-01,0.000000000000000000e+00,-7.822021296839037907e-01,-7.822021296839037907e-01,-1.376920486705427216e+00,-3.246633764217131679e-01
1.718333878681634452e+00,5.344477581331239513e-01,6.517909287430067033e-01,1.000000000000000000e+00,5.000000000000000000e-01,2.000000000000000111e-01,0.000000000000000000e+00,-2.978476549085178338e+00,-2.978476549085178338e+00,-2.914419994261803204e+00,-9.183596891855949629e-01
-2.716175949180725802e-01,1.613833066190128118e+00,8.361672957294499220e-01,1.000000000000000000e+00,5.000000000000000000e-01,2.000000000000000111e-01,0.000000000000000000e+00,6.293335689416843515e-01,6.293335689416843515e-01,-2.346494253485762460e+00,4.383454560378212128e-01
3.646063586754149100e-01,2.713852987344514966e-01,3.798851058190605423e-01,1.000000000000000000e+00,5.000000000000000000e-01,2.000000000000000111e-01,0.000000000000000000e+00,-3.877269774582124962e-01,-3.877269774582124962e-01,-1.116587668256521004e+00,-9.894880556960804208e-02
1.488185600431677358e+00,4.895984208023140827e-01,3.439996208226303587e-01,1.000000000000000000e+00,5.000000000000000000e-01,2.000000000000000111e-01,0.000000000000000000e+00,-2.325725418619681406e+00,-2.325725418619681406e+00,-2.448671135625374973e+00,-7.286133198320927651e-01
2.503396564721387385e+00,2.865399564299965895e+00,4.096817269612869072e-01,1.000000000000000000e+00,5.000000000000000000e-01,2.000000000000000111e-01,0.000000000000000000e+00,-1.591823809632903419e+01,-1.591823809632903419e+01,-8.865453947700522974e+00,-7.173231425822694796e+00
-2.522487549529629280e+00,2.624084736076037316e+00,2.447802418027922311e-02,1.000000000000000000e+00,5.000000000000000000e-01,2.000000000000000111e-01,0.000000000000000000e+00,1.441727516411622290e+01,1.441727516411622290e+01,-8.260676413572820564e+00,6.619221075662546916e+00
1.132858659562120174e+00,1.847448130136350120e+00,6.945493647519789260e-01,1.000000000000000000e+00,5.000000000000000000e-01,2.000000000000000111e-01,0.000000000000000000e+00,-3.356893628463546442e+00,-3.356893628463546442e+00,-3.476553542299078536e+00,-2.092897612316810818e+00
-2.617803713314017067e+00,2.244188742995599117e+00,5.395894105897877102e-01,1.000000000000000000e+00,5.000000000000000000e-01,2.000000000000000111e-01,0.000000000000000000e+00,1.279784238881314984e+01,1.279784238881314984e+01,-7.629929325958478614e+00,5.874845624791396048e+00
-1.384403197797302365e+00,3.318961347946889351e-01,6.164488711154464395e-01,1.000000000000000000e+00,5.000000000000000000e-01,2.000000000000000111e-01,0.000000000000000000e+00,1.991314435976716757e+00,1.991314435976716757e+00,-2.205020850588665482e+00,4.594780703463318683e-01
1.087196165414068716e+00,8.266817763903142602e-01,3.084761530344851677e-01,1.000000000000000000e+00,5.000000000000000000e-01,2.000000000000000111e-01,0.000000000000000000e+00,-1.715704790631233490e+00,-1.715704790631233490e+00,-2.050898680962555787e+00,-8.987652573092402841e-01
-1.951847322419170139e+00,4.776727963703897295e-02,5.477132741802992477e-02,1.000000000000000000e+00,5.000000000000000000e-01,2.000000000000000111e-01,0.000000000000000000e+00,3.441267760230100503e+00,3.441267760230100503e+00,-3.286965638522891808e+00,9.323443685880226928e-02
9.918591957297602235e-01,1.743803714317723186e+00,6.653200464101198808e-01,1.000000000000000000e+00,5.000000000000000000e-01,2.000000000000000111e-01,0.000000000000000000e+00,-2.695062577908655665e+00,-2.695062577908655665e+00,-3.110696495526355854e+00,-1.729607749593745414e+00
1.694925329169484129e+00,1.438468344782484198e-02,8.344242173537462781e-01,1.000000000000000000e+00,5.000000000000000000e-01,2.000000000000000111e-01,0.000000000000000000e+00,-2.668927447369219941e+00,-2.668927447369219941e+00,-2.723766582435117822e+00,-2.438096432780334846e-02
1.088149062382623988e+00,3.164163670619831725e-01,4.014088190751615715e-01,1.000000000000000000e+00,5.000000000000000000e-01,2.000000000000000111e-01,0.000000000000000000e+00,-1.400310012956385242e+00,-1.400310012956385242e+00,-1.760500687850862223e+00,-3.443081731410131963e-01
1.940821289974627106e+00,2.988243242765622476e+00,4.069043235726993446e-01,1.000000000000000000e+00,5.000000000000000000e-01,2.000000000000000111e-01,0.000000000000000000e+00,-1.206833012151411388e+01,-1.206833012151411388e+01,-7.724871206738466611e+00,-5.799646105182338474e+00
6.615728202893063070e-01,2.692768776176485135e-01,2.598096643656881977e-01,1.000000000000000000e+00,5.000000000000000000e-01,2.000000000000000111e-01,0.000000000000000000e+00,-7.434694077676691215e-01,-7.434694077676691215e-01,-1.298862176337083119e+00,-1.781462633642061089e-01
1.752684985717856136e-02,2.954180739014296897e+00,2.267793790025105505e-01,1.000000000000000000e+00,5.000000000000000000e-01,2.000000000000000111e-01,0.000000000000000000e+00,-9.400794708241097530e-02,-9.400794708241097530e-02,-5.363776233661078585e+00,-5.177748226367238915e-02
2.917880058864357196e+00,1.618568226621587058e+00,7.446052556380545751e-01,1.000000000000000000e+00,5.000000000000000000e-01,2.000000000000000111e-01,0.000000000000000000e+00,-1.170853751144017529e+01,-1.170853751144017529e+01,-7.418295974865434239e+00,-4.722787952370574693e+00
-9.554153682870389908e-01,1.463689425246430531e+00,5.391628961365282358e-01,1.000000000000000000e+00,5.000000000000000000e-01,2.000000000000000111e-01,0.000000000000000000e+00,2.153274142956173698e+00,2.153274142956173698e+00,-2.618884482364547850e+00,1.398431371279662772e+00
-1.967549251959361367e+00,3.841055473782207796e-01,9.854968651346229791e-01,1.000000000000000000e+00,5.000000000000000000e-01,2.000000000000000111e-01,0.000000000000000000e+00,3.636067510820394588e+00,3.636067510820394588e+00,-3.396518571094866878e+00,7.557465824174592894e-01
-2.953086961097017848e-02,1.182554984800274767e+00,6.113918765010890599e-01,1.000000000000000000e+00,5.000000000000000000e-01,2.000000000000000111e-01,0.000000000000000000e+00,5.018454012168249712e-02,5.018454012168249712e-02,-1.699741389393977009e+00,3.492187706393973246e-02
5.182377579147390279e-01,1.049730861010879757e+00,1.769757867495899140e-01,1.000000000000000000e+00,5.000000000000000000e-01,2.000000000000000111e-01,0.000000000000000000e+00,-8.316065505137932856e-01,-8.316065505137932856e-01,-1.712109664516418883e+00,-5.440101678241868743e-01
-8.276151636454782690e-01,2.087549638578316102e+00,2.620413880480161328e-01,1.000000000000000000e+00,5.000000000000000000e-01,2.000000000000000111e-01,0.000000000000000000e+00,2.744306599191910667e+00,2.744306599191910667e+00,-3.589899862221788140e+00,1.727687735750052189e+00
2.718191084956439241e+00,2.946388836291724989e+00,6.749797928018019810e-01,1.000000000000000000e+00,5.000000000000000000e-01,2.000000000000000111e-01,0.000000000000000000e+00,-1.853348615208713213e+01,-1.853348615208713213e+01,-9.773741251914252359e+00,-8.008847867623344996e+00
-1.008467329909201515e+00,9.720397121660694362e-01,3.560563591577251552e-01,1.000000000000000000e+00,5.000000000000000000e-01,2.000000000000000111e-01,0.000000000000000000e+00,1.690021693446320361e+00,1.690021693446320361e+00,-2.082634414310464255e+00,9.802702930938248516e-01
-1.881287184493853681e+00,7.694569186408117822e-02,7.044911205335190330e-01,1.000000000000000000e+00,5.000000000000000000e-01,2.000000000000000111e-01,0.000000000000000000e+00,3.218522320369707757e+00,3.218522320369707757e+00,-3.126505202072707768e+00,1.447569440059089108e-01
2.150218601841586974e-01,2.894823411040469807e+00,6.560477500055097444e-01,1.000000000000000000e+00,5.000000000000000000e-01,2.000000000000000111e-01,0.000000000000000000e+00,-1.117952013206958028e+00,-1.117952013206958028e+00,-5.217741930768223568e+00,-6.224503147465733077e-01
-1.665326702373127743e+00,1.451813037479069646e+00,7.826678170038133819e-01,1.000000000000000000e+00,5.000000000000000000e-01,2.000000000000000111e-01,0.000000000000000000e+00,4.344076567024279356e+00,4.344076567024279356e+00,-3.717868363279275279e+00,2.417743018167333169e+00
7.678672560966308680e-01,1.232050293963446563e+00,6.017543612120486163e-01,1.000000000000000000e+00,5.000000000000000000e-01,2.000000000000000111e-01,0.000000000000000000e+00,-1.441208508037876035e+00,-1.441208508037876035e+00,-2.112746037218928841e+00,-9.460510785987591431e-01
-1.250404954806412006e+00,2.277963992613285082e+00,4.972827346225077161e-01,1.000000000000000000e+00,5.000000000000000000e-01,2.000000000000000111e-01,0.000000000000000000e+00,4.885660372251395600e+00,4.885660372251395600e+00,-4.532667506423984527e+00,2.848377463234248452e+00
-8.011170199659529700e-01,1.924614733226196250e+00,5.050131738463061737e-01,1.000000000000000000e+00,5.000000000000000000e-01,2.000000000000000111e-01,0.000000000000000000e+00,2.387672103577805682e+00,2.387672103577805682e+00,-3.237144023483149002e+00,1.541841619664737983e+00
1.119033677095513823e+00,1.617421505087654365e+00,2.640886739940959682e-01,1.000000000000000000e+00,5.000000000000000000e-01,2.000000000000000111e-01,0.000000000000000000e+00,-2.863017937571003202e+00,-2.863017937571003202e+00,-3.059367984844350463e+00,-1.809949134251598091e+00
1.076837699919456881e+00,4.215422511019263352e-01,1.979598885196145464e-01,1.000000000000000000e+00,5.000000000000000000e-01,2.000000000000000111e-01,0.000000000000000000e+00,-1.422249352115429577e+00,-1.422249352115429577e+00,-1.784596593912735729e+00,-4.539325880954684922e-01
-2.713518315346788778e+00,2.395973230964422829e+00,8.346885699094341859e-01,1.000000000000000000e+00,5.000000000000000000e-01,2.000000000000000111e-01,0.000000000000000000e+00,1.449827460761011722e+01,1.449827460761011722e+01,-8.288252850382534120e+00,6.501517245302583348e+00
3.911434279403760428e-01,7.340371887916902205e-01,6.791265004932114380e-01,1.000000000000000000e+00,5.000000000000000000e-01,2.000000000000000111e-01,0.000000000000000000e+00,-5.084879948886021905e-01,-5.084879948886021905e-01,-1.361201205997172536e+00,-2.871138222596986700e-01
3.981729743951794021e-01,1.822582765939369853e+00,5.749243077342475194e-01,1.000000000000000000e+00,5.000000000000000000e-01,2.000000000000000111e-01,0.000000000000000000e+00,-1.072125453503491421e+00,-1.072125453503491421e+00,-2.756028999872824237e+00,-7.257032009954719198e-01
-8.423682826890743769e-01,5.658268456459478735e-01,7.900860431192484601e-01,1.000000000000000000e+00,5.000000000000000000e-01,2.000000000000000111e-01,0.000000000000000000e+00,1.096760871123643621e+00,1.096760871123643621e+00,-1.585830603835145958e+00,4.766345882661530697e-01
-7.788564874527201809e-01,6.957689972610212603e-01,9.152235232008021359e-02,1.000000000000000000e+00,5.000000000000000000e-01,2.000000000000000111e-01,0.000000000000000000e+00,1.061870141278345780e+00,1.061870141278345780e+00,-1.606017705603117296e+00,5.419041972852203237e-01
6.351652266906464561e-01,1.875532425647266965e+00,5.990650667439915145e-01,1.000000000000000000e+00,5.000000000000000000e-01,2.000000000000000111e-01,0.000000000000000000e+00,-1.803550335513504077e+00,-1.803550335513504077e+00,-3.000871858945348691e+00,-1.191272978301904262e+00
1.692208157387429246e+00,2.235561056176812222e+00,8.407344761996120575e-01,1.000000000000000000e+00,5.000000000000000000e-01,2.000000000000000111e-01,0.000000000000000000e+00,-6.889961409865198227e+00,-6.889961409865198227e+00,-5.217007686704327796e+00,-3.783034655600058471e+00
1.684252548609999955e+00,2.915459696211338159e+00,5.720188084922117611e-01,1.000000000000000000e+00,5.000000000000000000e-01,2.000000000000000111e-01,0.000000000000000000e+00,-9.797792160654633875e+00,-9.797792160654633875e+00,-6.951976608615922260e+00,-4.910370423713682264e+00
2.072925788871855524e+00,2.049083564477844455e+00,8.757705356652846218e-01,1.000000000000000000e+00,5.000000000000000000e-01,2.000000000000000111e-01,0.000000000000000000e+00,-8.206248846889632631e+00,-8.206248846889632631e+00,-5.677584522808617251e+00,-4.247598164359589035e+00
1.925331428503982423e-01,1.910872516345376582e+00,1.256099401513195435e-01,1.000000000000000000e+00,5.000000000000000000e-01,2.000000000000000111e-01,0.000000000000000000e+00,-5.454715556747229410e-01,-5.454715556747229410e-01,-2.847958293519566642e+00,-3.679062911584243256e-01
-1.454566358666789183e+00,1.799958311719377368e+00,9.508770935044238426e-01,1.000000000000000000e+00,5.000000000000000000e-01,2.000000000000000111e-01,0.000000000000000000e+00,4.426358333324705185e+00,4.426358333324705185e+00,-3.889382937022933362e+00,2.618158807229676199e+00
1.397125803823115575e+00,8.677700639804377669e-01,2.914926555773773575e-01,1.000000000000000000e+00,5.000000000000000000e-01,2.000000000000000111e-01,0.000000000000000000e+00,-2.468587931750596542e+00,-2.468587931750596542e+00,-2.547688748995338592e+00,-1.212383948172305548e+00
-2.014526343669949426e+00,2.744804366656689254e+00,7.011519590580306271e-01,1.000000000000000000e+00,5.000000000000000000e-01,2.000000000000000111e-01,0.000000000000000000e+00,1.123831479113300702e+01,1.123831479113300702e+01,-7.201965339212943462e+00,5.529480704850211481e+00
-2.882871761690361190e+00,1.744575617628340236e+00,9.626592114535948985e-01,1.000000000000000000e+00,5.000000000000000000e-01,2.000000000000000111e-01,0.000000000000000000e+00,1.206182579131961852e+01,1.206182579131961852e+01,-7.508341799422665552e+00,5.029387784194263133e+00
-2.165169992420502787e+00,1.616586918811326878e-01,5.579734835872429688e-01,1.000000000000000000e+00,5.000000000000000000e-01,2.000000000000000111e-01,0.000000000000000000e+00,4.223508300949617045e+00,4.223508300949617045e+00,-3.825843423977279834e+00,3.500185486749804453e-01
-2.677549257431829588e+00,1.429752566200785058e+00,2.851483969875701074e-01,1.000000000000000000e+00,5.000000000000000000e-01,2.000000000000000111e-01,0.000000000000000000e+00,9.253476906387254175e+00,9.253476906387254175e+00,-6.323658215863111387e+00,3.828232921942164690e+00
-4.655936314089998973e-01,1.021338975912399416e+00,9.807383716133506457e-01,1.000000000000000000e+00,5.000000000000000000e-01,2.000000000000000111e-01,0.000000000000000000e+00,7.286177810016133405e-01,7.286177810016133405e-01,-1.651633109624066176e+00,4.755289226946031178e-01
-6.248566806599340495e-01,4.711100286229698009e-01,2.586191293390117663e-01,1.000000000000000000e+00,5.000000000000000000e-01,2.000000000000000111e-01,0.000000000000000000e+00,7.429930243697502323e-01,7.429930243697502323e-01,-1.345239852353778298e+00,2.943762487109554127e-01
2.786712576168639544e+00,2.072660497737690566e+00,7.169520777790099331e-01,1.000000000000000000e+00,5.000000000000000000e-01,2.000000000000000111e-01,0.000000000000000000e+00,-1.310065396805235594e+01,-1.310065396805235594e+01,-7.807420958747000483e+00,-5.775909075173574436e+00
2.115570423090448848e+00,2.422862303565918918e+00,5.899954775635817272e-01,1.000000000000000000e+00,5.000000000000000000e-01,2.000000000000000111e-01,0.000000000000000000e+00,-1.021875204816564242e+01,-1.021875204816564242e+01,-6.620513800053435816e+00,-5.125735828644850223e+00
1.962548329001220004e+00,2.691863222565416436e+00,5.157094537693219793e-01,1.000000000000000000e+00,5.000000000000000000e-01,2.000000000000000111e-01,0.000000000000000000e+00,-1.058477478103347558e+01,-1.058477478103347558e+01,-6.934021370699422704e+00,-5.282911669345597083e+00
1.416239587211128637e+00,2.620077632729294503e+00,7.787279251471801444e-01,1.000000000000000000e+00,5.000000000000000000e-01,2.000000000000000111e-01,0.000000000000000000e+00,-6.845465302088087789e+00,-6.845465302088087789e+00,-5.635844141794541073e+00,-3.710657665037647046e+00
-1.912498702001321327e+00,2.958496124806162975e+00,9.248213881823288407e-01,1.000000000000000000e+00,5.000000000000000000e-01,2.000000000000000111e-01,0.000000000000000000e+00,1.168131241377390239e+01,1.168131241377390239e+01,-7.570940431340586585e+00,5.658119998567725517e+00
-2.067147094016040576e+00,5.736947407183052849e-01,9.531694202150288175e-01,1.000000000000000000e+00,5.000000000000000000e-01,2.000000000000000111e-01,0.000000000000000000e+00,4.173946719185003040e+00,4.173946719185003040e+00,-3.728421092743299248e+00,1.185911416128130558e+00
1.919776675335860716e+00,1.711085767733673713e+00,7.807056342451454967e-01,1.000000000000000000e+00,5.000000000000000000e-01,2.000000000000000111e-01,0.000000000000000000e+00,-6.145235372126904849e+00,-6.145235372126904849e+00,-4.675232742168534905e+00,-3.284902546394260714e+00
1.574323597792472107e+00,1.222687260426010836e+00,8.231081465877809755e-01,1.000000000000000000e+00,5.000000000000000000e-01,2.000000000000000111e-01,0.000000000000000000e+00,-3.531492824166493349e+00,-3.531492824166493349e+00,-3.234578942743771890e+00,-1.924905406808898656e+00
-2.710624183062163350e+00,2.179849877678977865e+00,2.946033176550988397e-02,1.000000000000000000e+00,5.000000000000000000e-01,2.000000000000000111e-01,0.000000000000000000e+00,1.313397557171795782e+01,1.313397557171795782e+01,-7.784362821689381207e+00,5.908753793881736271e+00
-5.103492160212619311e-01,2.070085310860464212e+00,3.723101989832983127e-01,1.000000000000000000e+00,5.000000000000000000e-01,2.000000000000000111e-01,0.000000000000000000e+00,1.630421756065881134e+00,1.630421756065881134e+00,-3.298900390496242174e+00,1.056466415494768274e+00
-1.377556501646716169e+00,2.233717889642785615e-01,5.620608726712565950e-01,1.000000000000000000e+00,5.000000000000000000e-01,2.000000000000000111e-01,0.000000000000000000e+00,1.934750364087948871e+00,1.934750364087948871e+00,-2.163544627190034930e+00,3.077072601722001255e-01
3.199874976910370705e-01,8.256505541393907022e-01,4.751849713440802203e-01,1.000000000000000000e+00,5.000000000000000000e-01,2.000000000000000111e-01,0.000000000000000000e+00,-4.356078821825509761e-01,-4.356078821825509761e-01,-1.402284617982484383e+00,-2.641978547862817717e-01
-2.882888025022425360e-01,6.578618192003975462e-01,9.352654287433289637e-01,1.000000000000000000e+00,5.000000000000000000e-01,2.000000000000000111e-01,0.000000000000000000e+00,3.554638912031636289e-01,3.554638912031636289e-01,-1.266257346769734449e+00,1.896541960692293971e-01
-2.006799529256486636e-01,2.150560731629534983e-01,9.163204910257664038e-01,1.000000000000000000e+00,5.000000000000000000e-01,2.000000000000000111e-01,0.000000000000000000e+00,2.069369624098741922e-01,2.069369624098741922e-01,-1.047288023405879231e+00,4.315744263871636177e-02
7.277279687041406930e-01,8.160280414954870221e-01,4.812771021457302734e-01,1.000000000000000000e+00,5.000000000000000000e-01,2.000000000000000111e-01,0.000000000000000000e+00,-1.047104837303756364e+00,-1.047104837303756364e+00,-1.650703680114033123e+00,-5.938464290431290094e-01
1.644226958550452977e+00,1.440977430408242332e+00,9.201201055132949280e-01,1.000000000000000000e+00,5.000000000000000000e-01,2.000000000000000111e-01,0.000000000000000000e+00,-4.240304196732525455e+00,-4.240304196732525455e+00,-3.660297352207414256e+00,-2.369293937739991307e+00
2.338127575392179303e+00,9.322756909489031685e-01,3.543383098142339760e-01,1.000000000000000000e+00,5.000000000000000000e-01,2.000000000000000111e-01,0.000000000000000000e+00,-5.910639427704515114e+00,-5.910639427704515114e+00,-4.714673317252714213e+00,-2.179779500875427711e+00
-8.755225475811645452e-02,4.509452877520890857e-01,7.934511771806729286e-01,1.000000000000000000e+00,5.000000000000000000e-01,2.000000000000000111e-01,0.000000000000000000e+00,9.658842716638203763e-02,9.658842716638203763e-02,-1.106275064660845242e+00,3.948127671524303411e-02
-7.327355708006768609e-01,2.405594219040731563e+00,1.332228037131955034e-01,1.000000000000000000e+00,5.000000000000000000e-01,2.000000000000000111e-01,0.000000000000000000e+00,2.931544633376590880e+00,2.931544633376590880e+00,-4.215582623371050275e+00,1.762664453203618864e+00
2.130719804788162364e+00,1.953664731830667689e-01,9.896496208368459335e-01,1.000000000000000000e+00,5.000000000000000000e-01,2.000000000000000111e-01,0.000000000000000000e+00,-4.106061995869400683e+00,-4.106061995869400683e+00,-3.743064161331898010e+00,-4.162712136027758025e-01
-2.853969788778866423e+00,7.318601461111855500e-01,4.524658597568081975e-01,1.000000000000000000e+00,5.000000000000000000e-01,2.000000000000000111e-01,0.000000000000000000e+00,8.267489127555734285e+00,8.267489127555734285e+00,-6.154895769890435631e+00,2.088706746612610576e+00
1.619666459009657444e+00,2.051019457331441753e+00,9.739318056984074268e-01,1.000000000000000000e+00,5.000000000000000000e-01,2.000000000000000111e-01,0.000000000000000000e+00,-5.876156869534621130e+00,-5.876156869534621130e+00,-4.677332070240610484e+00,-3.321967421815925636e+00
-2.673866814053214469e+00,1.215600979847479834e+00,2.562178974072996107e-01,1.000000000000000000e+00,5.000000000000000000e-01,2.000000000000000111e-01,0.000000000000000000e+00,8.472830491387396634e+00,8.472830491387396634e+00,-6.028581114680129360e+00,3.250355119144746840e+00
-1.226826818780722972e+00,1.936325955250649322e+00,2.788643900039287082e-01,1.000000000000000000e+00,5.000000000000000000e-01,2.000000000000000111e-01,0.000000000000000000e+00,3.896033819391748310e+00,3.896033819391748310e+00,-3.777741528456447284e+00,2.375536611802698594e+00
2.538016490748905341e+00,2.354044372285819531e-01,2.807250278067905391e-01,1.000000000000000000e+00,5.000000000000000000e-01,2.000000000000000111e-01,0.000000000000000000e+00,-5.878079608089761265e+00,-5.878079608089761265e+00,-4.892624248921485730e+00,-5.974603436816064983e-01
-1.134859291663262715e+00,2.810614655431003861e+00,2.931666072990467553e-01,1.000000000000000000e+00,5.000000000000000000e-01,2.000000000000000111e-01,0.000000000000000000e+00,5.909619170844258029e+00,5.909619170844258029e+00,-5.722520737786435774e+00,3.189652157000814281e+00
-2.704643118932916757e+00,1.178957014935184455e+00,8.820115126782734905e-02,1.000000000000000000e+00,5.000000000000000000e-01,2.000000000000000111e-01,0.000000000000000000e+00,8.541232411695579785e+00,8.541232411695579785e+00,-6.084026462007146918e+00,3.188657977962138457e+00
-2.241142789104697108e+00,2.479575230260405494e+00,7.882613635760180593e-01,1.000000000000000000e+00,5.000000000000000000e-01,2.000000000000000111e-01,0.000000000000000000e+00,1.138207140232397130e+01,1.138207140232397130e+01,-7.087779261954059606e+00,5.557082147340726586e+00
2.739184001728235174e+00,1.251867117201883151e+00,5.105561805394889241e-01,1.000000000000000000e+00,5.000000000000000000e-01,2.000000000000000111e-01,0.000000000000000000e+00,-8.996059430989424399e+00,-8.996059430989424399e+00,-6.285463036760022604e+00,-3.429094379729043851e+00
-5.396781971855872939e-01,2.492749068638089316e+00,5.145269302444863690e-01,1.000000000000000000e+00,5.000000000000000000e-01,2.000000000000000111e-01,0.000000000000000000e+00,2.247840357464639283e+00,2.247840357464639283e+00,-4.281650493508522004e+00,1.345282323398655944e+00
-7.902104071890070358e-01,9.373901655079386330e-02,2.648995086085250694e-01,1.000000000000000000e+00,5.000000000000000000e-01,2.000000000000000111e-01,0.000000000000000000e+00,8.923688079491757241e-01,8.923688079491757241e-01,-1.379052994189844839e+00,7.407354643809989370e-02
2.428872332162671732e+00,8.312971206209535113e-01,4.814084950044448252e-01,1.000000000000000000e+00,5.000000000000000000e-01,2.000000000000000111e-01,0.000000000000000000e+00,-6.133902393082443893e+00,-6.133902393082443893e+00,-4.885179934943546520e+00,-2.019114576082729151e+00
2.091085415505634870e+00,2.977158865484164973e+00,4.603740328416389138e-01,1.000000000000000000e+00,5.000000000000000000e-01,2.000000000000000111e-01,0.000000000000000000e+00,-1.318693897306111040e+01,-1.318693897306111040e+01,-8.055320384129704081e+00,-6.225493483257239724e+00
-1.518442067760774172e+00,2.192065362079677060e-01,1.592912540353963458e-02,1.000000000000000000e+00,5.000000000000000000e-01,2.000000000000000111e-01,0.000000000000000000e+00,2.255127926278202910e+00,2.255127926278202910e+00,-2.407425540645517170e+00,3.328524261063035006e-01
-2.280044228873572276e+00,2.558832079140226146e+00,2.995471758585878108e-01,1.000000000000000000e+00,5.000000000000000000e-01,2.000000000000000111e-01,0.000000000000000000e+00,1.211508601466995216e+01,1.211508601466995216e+01,-7.392971815990356355e+00,5.834250314700236473e+00
2.370237580427245305e+00,1.134306741650840555e+00,1.708722225459339272e-01,1.000000000000000000e+00,5.000000000000000000e-01,2.000000000000000111e-01,0.000000000000000000e+00,-6.558284145858460867e+00,-6.558284145858460867e+00,-5.014141604679035247e+00,-2.688576466792800712e+00
-7.126463616235065857e-01,1.446807948920805442e+00,2.981054131088898274e-01,1.000000000000000000e+00,5.000000000000000000e-01,2.000000000000000111e-01,0.000000000000000000e+00,1.530906620341844215e+00,1.530906620341844215e+00,-2.351345522571346880e+00,1.031062420766380106e+00
-2.371364023704769508e-01,8.555945164228663247e-01,4.288261437773198681e-01,1.000000000000000000e+00,5.000000000000000000e-01,2.000000000000000111e-01,0.000000000000000000e+00,3.266003129171400898e-01,3.266003129171400898e-01,-1.399761192263966780e+00,2.028926055124264660e-01
-2.055749363885547076e+00,1.045515751000113180e+00,9.861108639124762654e-01,1.000000000000000000e+00,5.000000000000000000e-01,2.000000000000000111e-01,0.000000000000000000e+00,4.916885170028136187e+00,4.916885170028136187e+00,-4.082214861064164424e+00,2.149318340050802689e+00
-5.361410389154701583e-01,2.951856799697687883e+00,3.745390456914127197e-01,1.000000000000000000e+00,5.000000000000000000e-01,2.000000000000000111e-01,0.000000000000000000e+00,2.902784852503067281e+00,2.902784852503067281e+00,-5.529197611126353884e+00,1.582611571319613386e+00
2.361479617639460571e+00,1.401550768466213626e+00,8.918101648270969628e-01,1.000000000000000000e+00,5.000000000000000000e-01,2.000000000000000111e-01,0.000000000000000000e+00,-7.314658261536225226e+00,-7.314658261536225226e+00,-5.328123869010084945e+00,-3.309733572819886227e+00
2.452478788490599193e+00,4.206687100860727613e-01,7.402124449528243444e-01,1.000000000000000000e+00,5.000000000000000000e-01,2.000000000000000111e-01,0.000000000000000000e+00,-5.619638156895393699e+00,-5.619638156895393699e+00,-4.697272406620530916e+00,-1.031681088467794938e+00
-1.860387592044551175e+00,2.282323032517171058e+00,9.862058196190224280e-01,1.000000000000000000e+00,5.000000000000000000e-01,2.000000000000000111e-01,0.000000000000000000e+00,7.993541525972635675e+00,7.993541525972635675e+00,-5.681124407959182498e+00,4.246005450732437403e+00
8.550906355001508530e-01,6.385260179875340558e-01,8.168551633413999591e-01,1.000000000000000000e+00,5.000000000000000000e-01,2.000000000000000111e-01,0.000000000000000000e+00,-1.154452511391514502e+00,-1.154452511391514502e+00,-1.642565734775539354e+00,-5.459976185043412533e-01
-2.150635200415689230e+00,1.603841501399881908e+00,9.418158782132409756e-01,1.000000000000000000e+00,5.000000000000000000e-01,2.000000000000000111e-01,0.000000000000000000e+00,6.906120043458286339e+00,6.906120043458286339e+00,-5.061292839966532675e+00,3.449277988798134853e+00
3.462550001155229040e-02,2.353339013993477558e+00,1.468840488548418532e-01,1.000000000000000000e+00,5.000000000000000000e-01,2.000000000000000111e-01,0.000000000000000000e+00,-1.305153529341236962e-01,-1.305153529341236962e-01,-3.769821612542526346e+00,-8.148554005621760910e-02
1.706518846189935878e+00,1.366658499041894625e+00,7.839160175560603294e-01,1.000000000000000000e+00,5.000000000000000000e-01,2.000000000000000111e-01,0.000000000000000000e+00,-4.294145866462383054e+00,-4.294145866462383054e+00,-3.681201669942580246e+00,-2.332228484920643385e+00
-1.446021916941638175e+00,2.849525181547493125e-01,3.502160358647208316e-01,1.000000000000000000e+00,5.000000000000000000e-01,2.000000000000000111e-01,0.000000000000000000e+00,2.109449319140765056e+00,2.109449319140765056e+00,-2.295186599366708435e+00,4.120475865394775394e-01
5.321758922406285564e-01,2.191699106521406648e+00,3.924333315845672798e-01,1.000000000000000000e+00,5.000000000000000000e-01,2.000000000000000111e-01,0.000000000000000000e+00,-1.840484940854747009e+00,-1.840484940854747009e+00,-3.571699194932631993e+00,-1.166369427536017911e+00
-1.833256502167079027e+00,2.778309021023313008e+00,1.105395776148820897e-01,1.000000000000000000e+00,5.000000000000000000e-01,2.000000000000000111e-01,0.000000000000000000e+00,1.014096337489847244e+01,1.014096337489847244e+01,-6.875998149792483360e+00,5.093353077820440333e+00
-1.323144156386197645e+00,2.030306664213640921e+00,1.432268875950740705e-01,1.000000000000000000e+00,5.000000000000000000e-01,2.000000000000000111e-01,0.000000000000000000e+00,4.513528752940278999e+00,4.513528752940278999e+00,-4.111498850522526283e+00,2.686388398426232893e+00
8.433869388256289845e-01,2.798229124715136074e+00,6.785822520086901566e-01,1.000000000000000000e+00,5.000000000000000000e-01,2.000000000000000111e-01,0.000000000000000000e+00,-4.265263652567483632e+00,-4.265263652567483632e+00,-5.341824034351017048e+00,-2.359989895626217749e+00
-9.785948435803808465e-01,1.400950853764493242e+00,2.193526326249441993e-01,1.000000000000000000e+00,5.000000000000000000e-01,2.000000000000000111e-01,0.000000000000000000e+00,2.126350786596489684e+00,2.126350786596489684e+00,-2.555920368060997205e+00,1.370963281603465367e+00
-1.696137153625076888e+00,6.109356948124221587e-01,6.460589285922787584e-01,1.000000000000000000e+00,5.000000000000000000e-01,2.000000000000000111e-01,0.000000000000000000e+00,2.988589357142604985e+00,2.988589357142604985e+00,-2.912749957942395440e+00,1.036230730447100346e+00
-1.072687420167784511e+00,1.000030488788046013e+00,3.556175258422491492e-01,1.000000000000000000e+00,5.000000000000000000e-01,2.000000000000000111e-01,0.000000000000000000e+00,1.855923172651362085e+00,1.855923172651362085e+00,-2.190425470084559567e+00,1.072720125107177624e+00
1.572735289526499436e+00,2.389085248882858004e+00,6.344258267645523919e-01,1.000000000000000000e+00,5.000000000000000000e-01,2.000000000000000111e-01,0.000000000000000000e+00,-6.839139151578669029e+00,-6.839139151578669029e+00,-5.337961937768035625e+00,-3.757398680605270602e+00
-4.966217615143992958e-01,2.806863741325788641e+00,6.265573065504825845e-01,1.000000000000000000e+00,5.000000000000000000e-01,2.000000000000000111e-01,0.000000000000000000e+00,2.477431758337819367e+00,2.477431758337819367e+00,-5.087221935590500621e+00,1.393949615548110366e+00
6.061185827533384085e-01,8.036424889970241736e-01,2.158071087261290710e-01,1.000000000000000000e+00,5.000000000000000000e-01,2.000000000000000111e-01,0.000000000000000000e+00,-8.463819113837637298e-01,-8.463819113837637298e-01,-1.543348466876015346e+00,-4.871026464712416293e-01
-1.438065269810126834e+00,2.468268315186966433e+00,9.082508119726638851e-01,1.000000000000000000e+00,5.000000000000000000e-01,2.000000000000000111e-01,0.000000000000000000e+00,6.413455565839605299e+00,6.413455565839605299e+00,-5.286993270018395918e+00,3.549530940643132126e+00
7.419844097206880207e-01,2.280359119727102257e+00,7.126828230636713668e-01,1.000000000000000000e+00,5.000000000000000000e-01,2.000000000000000111e-01,0.000000000000000000e+00,-2.752856414577040223e+00,-2.752856414577040223e+00,-3.930343376022417345e+00,-1.691990915401901718e+00
-2.746211227022483214e+00,6.762495820905344290e-01,5.653371983660309130e-01,1.000000000000000000e+00,5.000000000000000000e-01,2.000000000000000111e-01,0.000000000000000000e+00,7.516358074427060387e+00,7.516358074427060387e+00,-5.753662410693411999e+00,1.857124194606287970e+00
-2.658611206871583477e+00,2.470982867350412171e+00,6.190436871895313997e-01,1.000000000000000000e+00,5.000000000000000000e-01,2.000000000000000111e-01,0.000000000000000000e+00,1.453335366148464658e+01,1.453335366148464658e+01,-8.293806294951540536e+00,6.569382743125484758e+00
-1.697145893652027615e+00,1.263401048553860484e+00,6.482533568053148176e-01,1.000000000000000000e+00,5.000000000000000000e-01,2.000000000000000111e-01,0.000000000000000000e+00,4.029282218611920818e+00,4.029282218611920818e+00,-3.526273615347460755e+00,2.144175901588850408e+00
1.737890928674870494e+00,4.344563029486877559e-01,3.544164345273058681e-01,1.000000000000000000e+00,5.000000000000000000e-01,2.000000000000000111e-01,0.000000000000000000e+00,-2.951684552963768748e+00,-2.951684552963768748e+00,-2.906535067568163377e+00,-7.550376678001458064e-01
-1.949241243384833844e+00,1.685809079894040607e+00,6.102014238301183280e-01,1.000000000000000000e+00,5.000000000000000000e-01,2.000000000000000111e-01,0.000000000000000000e+00,6.200311086133104332e+00,6.200311086133104332e+00,-4.700700981874067708e+00,3.286048587002102561e+00
-4.822502122137235503e-01,7.597623216825988290e-01,1.558552096087401084e-01,1.000000000000000000e+00,5.000000000000000000e-01,2.000000000000000111e-01,0.000000000000000000e+00,6.438679054942337832e-01,6.438679054942337832e-01,-1.428158553032375266e+00,3.663955408634245736e-01
2.960602185227072525e+00,1.616114487277952261e+00,9.876944537432157389e-01,1.000000000000000000e+00,5.000000000000000000e-01,2.000000000000000111e-01,0.000000000000000000e+00,-1.201692462773969794e+01,-1.201692462773969794e+01,-7.565012197497630098e+00,-4.784672082612235755e+00
-1.602604997062776260e+00,2.863789988333926839e+00,7.003177744057109688e-01,1.000000000000000000e+00,5.000000000000000000e-01,2.000000000000000111e-01,0.000000000000000000e+00,8.997529440696016678e+00,8.997529440696016678e+00,-6.641652214607165483e+00,4.589524145842300840e+00
-2.122580189246128679e+00,5.986501286812596634e-01,7.671077517145601377e-01,1.000000000000000000e+00,5.000000000000000000e-01,2.000000000000000111e-01,0.000000000000000000e+00,4.415519344218505005e+00,4.415519344218505005e+00,-3.882398984153123678e+00,1.270682903428487442e+00
-1.342624734026311772e+00,1.656257605238466990e+00,7.459614214191123693e-01,1.000000000000000000e+00,5.000000000000000000e-01,2.000000000000000111e-01,0.000000000000000000e+00,3.668215731912122024e+00,3.668215731912122024e+00,-3.453179333306665377e+00,2.223732426712352606e+00
1.919096341503747638e-01,1.539194316543925023e+00,8.506526353516524752e-01,1.000000000000000000e+00,5.000000000000000000e-01,2.000000000000000111e-01,0.000000000000000000e+00,-4.206516080425689030e-01,-4.206516080425689030e-01,-2.206657156648398566e+00,-2.953862181742807902e-01
2.382409233964832396e+00,5.084449646045383631e-01,4.624072105898547891e-01,1.000000000000000000e+00,5.000000000000000000e-01,2.000000000000000111e-01,0.000000000000000000e+00,-5.394805833100256187e+00,-5.394805833100256187e+00,-4.534782395864395355e+00,-1.211323978636774656e+00
-2.811459507149560721e+00,1.827514690400195985e+00,2.545886527539430455e-01,1.000000000000000000e+00,5.000000000000000000e-01,2.000000000000000111e-01,0.000000000000000000e+00,1.195085615690872061e+01,1.195085615690872061e+01,-7.412487708019253496e+00,5.137983550781116904e+00
1.890516549171863403e-01,7.452720714216025666e-01,3.171900290115592380e-02,1.000000000000000000e+00,5.000000000000000000e-01,2.000000000000000111e-01,0.000000000000000000e+00,-2.429055399878666810e-01,-2.429055399878666810e-01,-1.299159547156679473e+00,-1.408949184658134512e-01
-2.893617830333521823e+00,2.720734134049386466e+00,5.152782191424972735e-01,1.000000000000000000e+00,5.000000000000000000e-01,2.000000000000000111e-01,0.000000000000000000e+00,1.844913418695256269e+01,1.844913418695256269e+01,-9.725011602905180297e+00,7.872764801882339292e+00
2.950919890270021106e+00,2.568413585892720619e+00,1.545345623041085581e-01,1.000000000000000000e+00,5.000000000000000000e-01,2.000000000000000111e-01,0.000000000000000000e+00,-1.782343755114341377e+01,-1.782343755114341377e+01,-9.523131093373892853e+00,-7.579182737050578211e+00
-2.597618631453393334e-01,1.589115518737429067e+00,4.643176199614842403e-01,1.000000000000000000e+00,5.000000000000000000e-01,2.000000000000000111e-01,0.000000000000000000e+00,5.912541882179989106e-01,5.912541882179989106e-01,-2.303129801272906896e+00,4.127916079004069760e-01
1.058175804654356789e+00,7.351894828697992379e-01,6.176191615140347313e-02,1.000000000000000000e+00,5.000000000000000000e-01,2.000000000000000111e-01,0.000000000000000000e+00,-1.581125223395338564e+00,-1.581125223395338564e+00,-1.942093407994718746e+00,-7.779597226091702344e-01
-1.452099524161346134e+00,4.299869415582266985e-01,7.760968512462809166e-01,1.000000000000000000e+00,5.000000000000000000e-01,2.000000000000000111e-01,0.000000000000000000e+00,2.198715358108286111e+00,2.198715358108286111e+00,-2.357600201797064088e+00,6.243838332322935170e-01
-1.561596918389538402e-01,6.879002391441036979e-01,3.572419958707909737e-01,1.000000000000000000e+00,5.000000000000000000e-01,2.000000000000000111e-01,0.000000000000000000e+00,1.938692184533743201e-01,1.938692184533743201e-01,-1.251234879120399768e+00,1.074222893606858881e-01
1.941491813495469287e+00,1.580677833252343234e+00,3.058354095544342233e-01,1.000000000000000000e+00,5.000000000000000000e-01,2.000000000000000111e-01,0.000000000000000000e+00,-5.830589778017416513e+00,-5.830589778017416513e+00,-4.510905483389617388e+00,-3.068873073033180798e+00
-2.291981129177148357e+00,1.755830927014588649e+00,8.012099783068684644e-01,1.000000000000000000e+00,5.000000000000000000e-01,2.000000000000000111e-01,0.000000000000000000e+00,8.233040590312791451e+00,8.233040590312791451e+00,-5.693377620032949338e+00,4.024331350743056035e+00
-1.710694834302793454e+00,4.087952249132376092e-01,3.981123067281963079e-01,1.000000000000000000e+00,5.000000000000000000e-01,2.000000000000000111e-01,0.000000000000000000e+00,2.854896720021386169e+00,2.854896720021386169e+00,-2.839442857622089811e+00,6.993238795467241475e-01
-1.178653849712363311e+00,2.245616885390108397e+00,4.697681116705458848e-01,1.000000000000000000e+00,5.000000000000000000e-01,2.000000000000000111e-01,0.000000000000000000e+00,4.477991889917816160e+00,4.477991889917816160e+00,-4.354932536439650725e+00,2.646804986944138349e+00
1.931174453569926897e+00,1.459134054392459134e+00,6.630293099503344889e-01,1.000000000000000000e+00,5.000000000000000000e-01,2.000000000000000111e-01,0.000000000000000000e+00,-5.427417194732610639e+00,-5.427417194732610639e+00,-4.302196956416551643e+00,-2.817842410176629286e+00
2.399315697346240839e+00,2.923830238074458521e+00,3.356400837186279684e-02,1.000000000000000000e+00,5.000000000000000000e-01,2.000000000000000111e-01,0.000000000000000000e+00,-1.541736635737800754e+01,-1.541736635737800754e+01,-8.728421119858520427e+00,-7.015191786587644529e+00
1.499315590992016389e+00,1.186913500442033254e+00,3.105545209164636278e-01,1.000000000000000000e+00,5.000000000000000000e-01,2.000000000000000111e-01,0.000000000000000000e+00,-3.229482718221245108e+00,-3.229482718221245108e+00,-3.053150173600823969e+00,-1.779557916371649950e+00
-1.528309302730074482e+00,1.387365113657538895e+00,9.951773883143875121e-01,1.000000000000000000e+00,5.000000000000000000e-01,2.000000000000000111e-01,0.000000000000000000e+00,3.713083760406887812e+00,3.713083760406887812e+00,-3.363828574183769682e+00,2.120323009485983956e+00
-1.105408506486837750e+00,2.373523095370035918e+00,6.853384829935464939e-01,1.000000000000000000e+00,5.000000000000000000e-01,2.000000000000000111e-01,0.000000000000000000e+00,4.489275669670527158e+00,4.489275669670527158e+00,-4.549962721855554726e+00,2.623712619965007598e+00
1.412470693673140154e+00,1.232926977424266823e+00,1.301173302452479641e-01,1.000000000000000000e+00,5.000000000000000000e-01,2.000000000000000111e-01,0.000000000000000000e+00,-3.049621911185948608e+00,-3.049621911185948608e+00,-2.957098542121558538e+00,-1.741473223050782115e+00
-3.318686424896188925e-01,2.346381745466531221e+00,9.497330717524731236e-01,1.000000000000000000e+00,5.000000000000000000e-01,2.000000000000000111e-01,0.000000000000000000e+00,1.252731448456450014e+00,1.252731448456450014e+00,-3.818835725250024460e+00,7.786905246304002270e-01
-9.134392636718056124e-01,1.617321024972542265e+00,9.301532493908883925e-01,1.000000000000000000e+00,5.000000000000000000e-01,2.000000000000000111e-01,0.000000000000000000e+00,2.260522771178627544e+00,2.260522771178627544e+00,-2.808486421959491608e+00,1.477324526171848840e+00
2.978495672366762825e+00,3.526541587211176054e-01,6.550460257566308453e-01,1.000000000000000000e+00,5.000000000000000000e-01,2.000000000000000111e-01,0.000000000000000000e+00,-8.448412940382905134e+00,-8.448412940382905134e+00,-6.385044360016171261e+00,-1.050378885592990308e+00
-1.461544543569453181e+00,2.713210288929884584e+00,1.659472707847520212e-02,1.000000000000000000e+00,5.000000000000000000e-01,2.000000000000000111e-01,0.000000000000000000e+00,7.465536682597269547e+00,7.465536682597269547e+00,-5.962422507680079420e+00,3.965477693341972198e+00
1.676538791977504772e+00,2.697836776362396716e+00,4.162848642957729384e-01,1.000000000000000000e+00,5.000000000000000000e-01,2.000000000000000111e-01,0.000000000000000000e+00,-8.720211564312526420e+00,-8.720211564312526420e+00,-6.325631028549959289e+00,-4.523028009995098131e+00
-1.941541346831323400e+00,3.795164716813760331e-01,3.857192898146944993e-01,1.000000000000000000e+00,5.000000000000000000e-01,2.000000000000000111e-01,0.000000000000000000e+00,3.545124292619699524e+00,3.545124292619699524e+00,-3.333766057012093942e+00,7.368469215729306354e-01
2.472940962583229485e+00,9.911410564206752927e-01,1.784890907374835356e-01,1.000000000000000000e+00,5.000000000000000000e-01,2.000000000000000111e-01,0.000000000000000000e+00,-6.712223773171966279e+00,-6.712223773171966279e+00,-5.160442499514588555e+00,-2.451033318120703797e+00
-1.289848259333391312e+00,1.701056538610466573e+00,6.041595217457449429e-01,1.000000000000000000e+00,5.000000000000000000e-01,2.000000000000000111e-01,0.000000000000000000e+00,3.585182741445889221e+00,3.585182741445889221e+00,-3.445021793037938540e+00,2.194104815354394056e+00
2.527992767423935305e+00,3.162071374118157197e-01,2.875698144201920270e-01,1.000000000000000000e+00,5.000000000000000000e-01,2.000000000000000111e-01,0.000000000000000000e+00,-5.885528572763041311e+00,-5.885528572763041311e+00,-4.884441936163724129e+00,-7.993693563848965900e-01
1.262235555466677539e+00,1.210855013303922423e+00,6.708283781143475899e-01,1.000000000000000000e+00,5.000000000000000000e-01,2.000000000000000111e-01,0.000000000000000000e+00,-2.589769902553647807e+00,-2.589769902553647807e+00,-2.689028090112184355e+00,-1.528384250307287751e+00
2.244907787303581870e+00,1.983809870423332011e-01,2.465878047164256071e-01,1.000000000000000000e+00,5.000000000000000000e-01,2.000000000000000111e-01,0.000000000000000000e+00,-4.551774362146305819e+00,-4.551774362146305819e+00,-4.043444092107703725e+00,-4.453470226643047591e-01
8.184338661622900801e-01,1.594616799533819629e+00,9.114123779681635451e-01,1.000000000000000000e+00,5.000000000000000000e-01,2.000000000000000111e-01,0.000000000000000000e+00,-1.968634768734877083e+00,-1.968634768734877083e+00,-2.673301764646552670e+00,-1.305088392289801558e+00
-2.381193808134354661e+00,1.448130801019860137e+00,2.747355190779463552e-01,1.000000000000000000e+00,5.000000000000000000e-01,2.000000000000000111e-01,0.000000000000000000e+00,7.578287877035236875e+00,7.578287877035236875e+00,-5.450591779569645468e+00,3.448280096757134316e+00
-6.163322896961003217e-01,2.785092804552256052e+00,1.447162083148845202e-02,1.000000000000000000e+00,5.000000000000000000e-01,2.000000000000000111e-01,0.000000000000000000e+00,3.053522220444403690e+00,3.053522220444403690e+00,-5.106290259777598095e+00,1.716542625245825571e+00
2.875849770895674062e+00,2.413555792397064970e+00,8.478549783546692753e-01,1.000000000000000000e+00,5.000000000000000000e-01,2.000000000000000111e-01,0.000000000000000000e+00,-1.600907391064578533e+01,-1.600907391064578533e+01,-8.874932924363132969e+00,-6.941023872609026313e+00
-2.254866027918811966e+00,8.094186121228617026e-01,2.227384220045043328e-01,1.000000000000000000e+00,5.000000000000000000e-01,2.000000000000000111e-01,0.000000000000000000e+00,5.286450886981596042e+00,5.286450886981596042e+00,-4.378231727142866347e+00,1.825130530841034604e+00
1.942907081548730375e-01,2.042919874960881010e+00,4.364021412479057727e-02,1.000000000000000000e+00,5.000000000000000000e-01,2.000000000000000111e-01,0.000000000000000000e+00,-6.011957945407354620e-01,-6.011957945407354620e-01,-3.109410135320283874e+00,-3.969203492098142272e-01
1.291715089120497595e-01,2.872175246557322925e+00,9.479829874030105685e-01,1.000000000000000000e+00,5.000000000000000000e-01,2.000000000000000111e-01,0.000000000000000000e+00,-6.623956801725634502e-01,-6.623956801725634502e-01,-5.134706490697078074e+00,-3.710032104576479473e-01
-3.805767992900097596e-01,3.849047689762787883e-01,3.233746538563693207e-01,1.000000000000000000e+00,5.000000000000000000e-01,2.000000000000000111e-01,0.000000000000000000e+00,4.197927953904772025e-01,4.197927953904772025e-01,-1.160979060685038311e+00,1.464858250084528357e-01
-1.316102588448335942e+00,1.595993684024562320e+00,7.021396781403896892e-01,1.000000000000000000e+00,5.000000000000000000e-01,2.000000000000000111e-01,0.000000000000000000e+00,3.448219215800528925e+00,3.448219215800528925e+00,-3.312873533715393393e+00,2.100491418691921908e+00
-1.149085546827902204e+00,4.331220504068843402e-01,1.091340537319509529e-01,1.000000000000000000e+00,5.000000000000000000e-01,2.000000000000000111e-01,0.000000000000000000e+00,1.560316690354298430e+00,1.560316690354298430e+00,-1.886035911631599449e+00,4.976942881350169268e-01
-1.778351202808731601e+00,7.606162062955896808e-01,8.091105853114605173e-01,1.000000000000000000e+00,5.000000000000000000e-01,2.000000000000000111e-01,0.000000000000000000e+00,3.417591072609627911e+00,3.417591072609627911e+00,-3.186788306958505235e+00,1.352642745341576136e+00
-1.425704878815559740e+00,1.482063679269847833e+00,8.418728564330559827e-01,1.000000000000000000e+00,5.000000000000000000e-01,2.000000000000000111e-01,0.000000000000000000e+00,3.571081707030639762e+00,3.571081707030639762e+00,-3.317837015592533412e+00,2.112985418250361125e+00
-2.776359453827960788e+00,2.864468020857746655e-02,2.775428759548570490e-01,1.000000000000000000e+00,5.000000000000000000e-01,2.000000000000000111e-01,0.000000000000000000e+00,7.057629618964419649e+00,7.057629618964419649e+00,-5.625313348968062677e+00,7.952792869896273265e-02
1.495409851395489653e+00,1.443548007166458369e+00,2.418466656906446133e-01,1.000000000000000000e+00,5.000000000000000000e-01,2.000000000000000111e-01,0.000000000000000000e+00,-3.722322684068713361e+00,-3.722322684068713361e+00,-3.383665798687535364e+00,-2.158695910879048885e+00
2.360058075947437217e+00,8.885465550309736837e-01,1.356013145178419643e-01,1.000000000000000000e+00,5.000000000000000000e-01,2.000000000000000111e-01,0.000000000000000000e+00,-5.920753959456489746e+00,-5.920753959456489746e+00,-4.736681963335538370e+00,-2.097021473056123408e+00
-1.677664317709759878e+00,1.888745119209911394e-01,5.864715646653673176e-01,1.000000000000000000e+00,5.000000000000000000e-01,2.000000000000000111e-01,0.000000000000000000e+00,2.651965023575677094e+00,2.651965023575677094e+00,-2.706571328376629282e+00,3.168680291746935329e-01
-2.654564205364436269e+00,1.594624018763479256e+00,4.124911870973305694e-01,1.000000000000000000e+00,5.000000000000000000e-01,2.000000000000000111e-01,0.000000000000000000e+00,9.770800749620164538e+00,9.770800749620164538e+00,-6.499439552849967328e+00,4.233031841223919400e+00
-6.946530362466916131e-01,6.016230252731991079e-01,8.911820370433061189e-01,1.000000000000000000e+00,5.000000000000000000e-01,2.000000000000000111e-01,0.000000000000000000e+00,8.874079312543484699e-01,8.874079312543484699e-01,-1.470500836729486727e+00,4.179192611819478320e-01
-2.351921071766464699e+00,6.015462721807344204e-01,3.694110455925606606e-01,1.000000000000000000e+00,5.000000000000000000e-01,2.000000000000000111e-01,0.000000000000000000e+00,5.379397378775731653e+00,5.379397378775731653e+00,-4.499848595478739277e+00,1.414789353184434439e+00
-4.439125909691199467e-01,2.823833447690849763e+00,5.071588740744114032e-01,1.000000000000000000e+00,5.000000000000000000e-01,2.000000000000000111e-01,0.000000000000000000e+00,2.231295275119761445e+00,2.231295275119761445e+00,-5.105252703201345277e+00,1.253535222229708035e+00
-1.470344935682884602e+00,1.309129503285201057e+00,3.874061876920792402e-01,1.000000000000000000e+00,5.000000000000000000e-01,2.000000000000000111e-01,0.000000000000000000e+00,3.366050183821275965e+00,3.366050183821275965e+00,-3.154058566118862483e+00,1.924871935308445581e+00
4.596887498049158083e-01,1.640169598671363360e+00,2.676005366034780453e-01,1.000000000000000000e+00,5.000000000000000000e-01,2.000000000000000111e-01,0.000000000000000000e+00,-1.097433756226890100e+00,-1.097433756226890100e+00,-2.471866404221214619e+00,-7.539675122812695696e-01
1.450302438087632595e+00,3.076069113313443237e-01,5.894451871723949132e-02,1.000000000000000000e+00,5.000000000000000000e-01,2.000000000000000111e-01,0.000000000000000000e+00,-2.129024310595367453e+00,-2.129024310595367453e+00,-2.309337303103164096e+00,-4.461230534764548672e-01
2.257479253449742984e+00,2.854974721842565177e+00,5.947842033161633291e-01,1.000000000000000000e+00,5.000000000000000000e-01,2.000000000000000111e-01,0.000000000000000000e+00,-1.375862008375473700e+01,-1.375862008375473700e+01,-8.133167879033621261e+00,-6.445046203683041597e+00
1.298228920016202714e+00,1.760087438862483200e+00,2.915455350691112946e-01,1.000000000000000000e+00,5.000000000000000000e-01,2.000000000000000111e-01,0.000000000000000000e+00,-3.746732234292066366e+00,-3.746732234292066366e+00,-3.560192893480609300e+00,-2.284996414888525784e+00
1.967974061114285078e+00,8.839471300680015187e-01,9.093159940329076374e-01,1.000000000000000000e+00,5.000000000000000000e-01,2.000000000000000111e-01,0.000000000000000000e+00,-4.261186625611311563e+00,-4.261186625611311563e+00,-3.714434407508919733e+00,-1.739585023370242123e+00
2.970149487331465998e+00,1.988992142430024090e+00,6.537903670204903150e-01,1.000000000000000000e+00,5.000000000000000000e-01,2.000000000000000111e-01,0.000000000000000000e+00,-1.408564425531698205e+01,-1.408564425531698205e+01,-8.271117657581411819e+00,-5.907603992144850658e+00
-5.931512084448034017e-01,1.932165948623754570e+00,6.324089016296503551e-01,1.000000000000000000e+00,5.000000000000000000e-01,2.000000000000000111e-01,0.000000000000000000e+00,1.742084089496787724e+00,1.742084089496787724e+00,-3.077729640158285207e+00,1.146066567342080011e+00
-2.060673986064178731e+00,1.456691796491814461e+00,8.661818330047299508e-01,1.000000000000000000e+00,5.000000000000000000e-01,2.000000000000000111e-01,0.000000000000000000e+00,5.997078426308098287e+00,5.997078426308098287e+00,-4.608801861088253737e+00,3.001766890743776894e+00
-1.979411063856798547e+00,1.279147620444329725e+00,1.888110454947742323e-01,1.000000000000000000e+00,5.000000000000000000e-01,2.000000000000000111e-01,0.000000000000000000e+00,5.149879191108622578e+00,5.149879191108622578e+00,-4.168950213275417482e+00,2.531958952213603009e+00
-2.100342504284347100e-01,2.835385950645656905e-01,8.906783751861161447e-01,1.000000000000000000e+00,5.000000000000000000e-01,2.000000000000000111e-01,0.000000000000000000e+00,2.203301177729452553e-01,2.203301177729452553e-01,-1.066665699257414390e+00,5.955281628191753246e-02
1.166054164558350870e+00,2.280233010847782182e+00,8.160007327519902542e-01,1.000000000000000000e+00,5.000000000000000000e-01,2.000000000000000111e-01,0.000000000000000000e+00,-4.514574309290346754e+00,-4.514574309290346754e+00,-4.415540680690295261e+00,-2.658875198462483880e+00
1.988006231081509867e+00,1.163363488457128669e-01,1.850463595932544392e-01,1.000000000000000000e+00,5.000000000000000000e-01,2.000000000000000111e-01,0.000000000000000000e+00,-3.572846444559222956e+00,-3.572846444559222956e+00,-3.378068337922721653e+00,-2.312773864065494067e-01
-2.002517720383811373e+00,1.918593861637993836e-01,2.192264338873409768e-01,1.000000000000000000e+00,5.000000000000000000e-01,2.000000000000000111e-01,0.000000000000000000e+00,3.645424221929100650e+00,3.645424221929100650e+00,-3.424451344300281086e+00,3.842018206149688808e-01
1.422316788615631822e-01,1.874436301553115136e+00,4.534474025455970114e-02,1.000000000000000000e+00,5.000000000000000000e-01,2.000000000000000111e-01,0.000000000000000000e+00,-3.926734599961437810e-01,-3.926734599961437810e-01,-2.768893634573127649e+00,-2.666042220889588976e-01
-2.540894655068120400e+00,2.620489195627678569e+00,4.459867977984969256e-01,1.000000000000000000e+00,5.000000000000000000e-01,2.000000000000000111e-01,0.000000000000000000e+00,1.454588743390950789e+01,1.454588743390950789e+01,-8.307169201092943212e+00,6.658386990834126884e+00
4.364421735560433113e-01,2.697989681166138798e+00,1.166707008423367720e-01,1.000000000000000000e+00,5.000000000000000000e-01,2.000000000000000111e-01,0.000000000000000000e+00,-2.041532686314039058e+00,-2.041532686314039058e+00,-4.753863222354476115e+00,-1.177516480679925870e+00
2.190496794988898266e+00,6.618962809763203614e-01,8.137880943481192730e-01,1.000000000000000000e+00,5.000000000000000000e-01,2.000000000000000111e-01,0.000000000000000000e+00,-4.772454173000043376e+00,-4.772454173000043376e+00,-4.098019068699123579e+00,-1.449881682093701052e+00
-9.329918684548306196e-01,2.444974558307033252e+00,2.767844125616295559e-01,1.000000000000000000e+00,5.000000000000000000e-01,2.000000000000000111e-01,0.000000000000000000e+00,3.884087189648721683e+00,3.884087189648721683e+00,-4.511234591346037881e+00,2.281141381479403041e+00
1.067316342844415900e+00,5.479170042179449807e-01,2.264277112409947001e-01,1.000000000000000000e+00,5.000000000000000000e-01,2.000000000000000111e-01,0.000000000000000000e+00,-1.470697195063773943e+00,-1.470697195063773943e+00,-1.833605027177251046e+00,-5.848007731241654517e-01
7.965094737981881501e-01,5.756873390153025571e-01,9.146400718903883176e-01,1.000000000000000000e+00,5.000000000000000000e-01,2.000000000000000111e-01,0.000000000000000000e+00,-1.029562908400469379e+00,-1.029562908400469379e+00,-1.546364361261419962e+00,-4.585404194713578185e-01
9.839711575683809386e-01,1.386353341723950638e+00,3.110135900579923396e-01,1.000000000000000000e+00,5.000000000000000000e-01,2.000000000000000111e-01,0.000000000000000000e+00,-2.120091454870012271e+00,-2.120091454870012271e+00,-2.541907337410458378e+00,-1.364131702454908890e+00
-1.904757079129534292e+00,1.724604087123860374e+00,3.350637360283977850e-01,1.000000000000000000e+00,5.000000000000000000e-01,2.000000000000000111e-01,0.000000000000000000e+00,6.119507419806088144e+00,6.119507419806088144e+00,-4.663989346958606674e+00,3.284951843644901004e+00
5.765887052854834494e-02,1.592912396459337465e+00,5.573253545173115775e-01,1.000000000000000000e+00,5.000000000000000000e-01,2.000000000000000111e-01,0.000000000000000000e+00,-1.308481497886483103e-01,-1.308481497886483103e-01,-2.270679678607291141e+00,-9.184552963076861309e-02
-2.670133283235161414e+00,2.744406956010384313e+00,5.386679549870275752e-01,1.000000000000000000e+00,5.000000000000000000e-01,2.000000000000000111e-01,0.000000000000000000e+00,1.653295027487730096e+01,1.653295027487730096e+01,-9.043651820243201911e+00,7.327932355985423030e+00
-5.257092505030289686e-01,1.492874249688549648e+00,2.999588517241641439e-01,1.000000000000000000e+00,5.000000000000000000e-01,2.000000000000000111e-01,0.000000000000000000e+00,1.140584470655309657e+00,1.140584470655309657e+00,-2.280158892330248932e+00,7.848178028990391297e-01
-2.679094261010876998e+00,1.085724285744735562e+00,6.180289249019150777e-01,1.000000000000000000e+00,5.000000000000000000e-01,2.000000000000000111e-01,0.000000000000000000e+00,8.104013191912482483e+00,8.104013191912482483e+00,-5.895926247956809085e+00,2.908757702978854720e+00
2.791791263551947289e+00,1.388428603208911039e+00,2.152225843941226735e-01,1.000000000000000000e+00,5.000000000000000000e-01,2.000000000000000111e-01,0.000000000000000000e+00,-9.834605911283448521e+00,-9.834605911283448521e+00,-6.640326068651312141e+00,-3.876202844504271106e+00
-9.249217426551421539e-01,5.550995922318565645e-01,6.706143136033902996e-01,1.000000000000000000e+00,5.000000000000000000e-01,2.000000000000000111e-01,0.000000000000000000e+00,1.225672834003670220e+00,1.225672834003670220e+00,-1.667355916669721605e+00,5.134236821942476103e-01
-1.513069959740544590e+00,2.163247475191968139e+00,3.122271040837487632e-01,1.000000000000000000e+00,5.000000000000000000e-01,2.000000000000000111e-01,0.000000000000000000e+00,5.746179673419117506e+00,5.746179673419117506e+00,-4.713448241303764163e+00,3.273144770197546016e+00
2.416687371550775509e+00,5.302851306830378419e-01,2.259830559178821474e-01,1.000000000000000000e+00,5.000000000000000000e-01,2.000000000000000111e-01,0.000000000000000000e+00,-5.579349899047187478e+00,-5.579349899047187478e+00,-4.644827870999561625e+00,-1.281533378642850218e+00
-4.068011081876994339e-01,1.447754834521955525e+00,3.431155412417788986e-01,1.000000000000000000e+00,5.000000000000000000e-01,2.000000000000000111e-01,0.000000000000000000e+00,8.465915320690434731e-01,8.465915320690434731e-01,-2.147289315414492084e+00,5.889482710676309241e-01
6.857546940648262535e-02,2.755559431708843876e-01,2.626714009120394433e-01,1.000000000000000000e+00,5.000000000000000000e-01,2.000000000000000111e-01,0.000000000000000000e+00,-7.124347059036603702e-02,-7.124347059036603702e-02,-1.040787095910989501e+00,-1.889637815068944890e-02
2.207019087833487880e+00,2.164274613012168391e+00,7.972699866808072855e-01,1.000000000000000000e+00,5.000000000000000000e-01,2.000000000000000111e-01,0.000000000000000000e+00,-9.525999682485917219e+00,-9.525999682485917219e+00,-6.264602252701302554e+00,-4.776595382231290543e+00
1.362675141755858021e-01,1.088859987765411041e+00,7.589877230051546020e-01,1.000000000000000000e+00,5.000000000000000000e-01,2.000000000000000111e-01,0.000000000000000000e+00,-2.175540574985390108e-01,-2.175540574985390108e-01,-1.603949337730001590e+00,-1.483762438180513399e-01
-6.453981055588342564e-01,2.356416962416719940e+00,1.113940778129047793e-01,1.000000000000000000e+00,5.000000000000000000e-01,2.000000000000000111e-01,0.000000000000000000e+00,2.491016086069751445e+00,2.491016086069751445e+00,-4.026273679177980291e+00,1.520827043450453830e+00
1.426182212061466004e+00,5.028936501019285465e-01,8.978044928367999722e-01,1.000000000000000000e+00,5.000000000000000000e-01,2.000000000000000111e-01,0.000000000000000000e+00,-2.186694093503557923e+00,-2.186694093503557923e+00,-2.346848432856742495e+00,-7.172179783340333348e-01
-1.192382549699310124e+00,1.464004348357975438e+00,8.206866610615766167e-01,1.000000000000000000e+00,5.000000000000000000e-01,2.000000000000000111e-01,0.000000000000000000e+00,2.809264727967578867e+00,2.809264727967578867e+00,-2.924720052901987444e+00,1.745653237665959701e+00
-2.092401521879619697e+00,2.620872366278030441e+00,9.521046508906438888e-02,1.000000000000000000e+00,5.000000000000000000e-01,2.000000000000000111e-01,0.000000000000000000e+00,1.111089230124729887e+01,1.111089230124729887e+01,-7.061372457418390702e+00,5.483917327852391388e+00
1.307254647701405759e+00,2.188979162817514812e+00,4.946713602807747412e-01,1.000000000000000000e+00,5.000000000000000000e-01,2.000000000000000111e-01,0.000000000000000000e+00,-4.885992135044802787e+00,-4.885992135044802787e+00,-4.421163715986789811e+00,-2.861553184314728604e+00
-1.546670138874084444e-02,6.201922717130625706e-01,5.247611332191204347e-01,1.000000000000000000e+00,5.000000000000000000e-01,2.000000000000000111e-01,0.000000000000000000e+00,1.844198542854243866e-02,1.844198542854243866e-02,-1.192462758257413658e+00,9.592328670190764656e-03
2.984405032561411986e+00,2.936344781136907001e-01,5.063232888828975709e-01,1.000000000000000000e+00,5.000000000000000000e-01,2.000000000000000111e-01,0.000000000000000000e+00,-8.429288716911234047e+00,-8.429288716911234047e+00,-6.387114642395280484e+00,-8.763242142160423409e-01
2.758878316074486747e-01,1.790441844881363487e+00,2.015856510270608304e-02,1.000000000000000000e+00,5.000000000000000000e-01,2.000000000000000111e-01,0.000000000000000000e+00,-7.222919500550424310e-01,-7.222919500550424310e-01,-2.648509457328526384e+00,-4.939611182035593684e-01
2.378220704491528892e+00,2.938123785945391475e+00,9.184074161411043269e-01,1.000000000000000000e+00,5.000000000000000000e-01,2.000000000000000111e-01,0.000000000000000000e+00,-1.533351243565995858e+01,-1.533351243565995858e+01,-8.709845922332350554e+00,-6.987506820094367299e+00
-2.742936268776391628e+00,1.214907013970598637e+00,4.302409937835466325e-01,1.000000000000000000e+00,5.000000000000000000e-01,2.000000000000000111e-01,0.000000000000000000e+00,8.894627513772627836e+00,8.894627513772627836e+00,-6.252219151038850953e+00,3.332412511810781464e+00
-2.860964355198027498e+00,2.108340617274474749e+00,7.299340892314672979e-01,1.000000000000000000e+00,5.000000000000000000e-01,2.000000000000000111e-01,0.000000000000000000e+00,1.390306652939566767e+01,1.390306652939566767e+01,-8.133620304252856315e+00,6.031887354638478804e+00
-8.949726550441203798e-01,2.044924782010436815e+00,5.499468864310151917e-01,1.000000000000000000e+00,5.000000000000000000e-01,2.000000000000000111e-01,0.000000000000000000e+00,2.909604334037268814e+00,2.909604334037268814e+00,-3.571444314006249510e+00,1.830151761521399800e+00
2.007244999062232083e+00,2.933113287170239225e+00,9.259069702766883347e-01,1.000000000000000000e+00,5.000000000000000000e-01,2.000000000000000111e-01,0.000000000000000000e+00,-1.225901453597836976e+01,-1.225901453597836976e+01,-7.718996269443507252e+00,-5.887476977355447616e+00
-1.485491384281054650e-01,1.220830354181188016e+00,2.977238853565493670e-01,1.000000000000000000e+00,5.000000000000000000e-01,2.000000000000000111e-01,0.000000000000000000e+00,2.599055457114455292e-01,2.599055457114455292e-01,-1.758453484761721919e+00,1.813532972804943189e-01
6.573320561101780868e-01,2.694412136106898448e-01,7.033990732955457403e-01,1.000000000000000000e+00,5.000000000000000000e-01,2.000000000000000111e-01,0.000000000000000000e+00,-7.379974600481830072e-01,-7.379974600481830072e-01,-1.295550542990021370e+00,-1.771123469435364473e-01
-8.226746091764023383e-01,2.963363852506614160e-01,3.182935795225330100e-01,1.000000000000000000e+00,5.000000000000000000e-01,2.000000000000000111e-01,0.000000000000000000e+00,9.701524664306164780e-01,9.701524664306164780e-01,-1.449983734161842008e+00,2.437884199208356917e-01
-9.272787474343813230e-01,2.729013820084638553e+00,9.279240709273609555e-01,1.000000000000000000e+00,5.000000000000000000e-01,2.000000000000000111e-01,0.000000000000000000e+00,4.539703962160371198e+00,4.539703962160371198e+00,-5.239665740372561054e+00,2.530556516819199686e+00
-1.017156323887345337e+00,6.441988087193172285e-01,3.053196039174305154e-01,1.000000000000000000e+00,5.000000000000000000e-01,2.000000000000000111e-01,0.000000000000000000e+00,1.438683653906996263e+00,1.438683653906996263e+00,-1.828260244912104593e+00,6.552508921295479016e-01
-1.297411822422659178e+00,1.752142253721979070e+00,4.206883655695392576e-02,1.000000000000000000e+00,5.000000000000000000e-01,2.000000000000000111e-01,0.000000000000000000e+00,3.725721386292665915e+00,3.725721386292665915e+00,-3.544967700816219480e+00,2.273250074545178023e+00
-2.783283195027234314e+00,1.911765591195212277e+00,4.859337285953987395e-01,1.000000000000000000e+00,5.000000000000000000e-01,2.000000000000000111e-01,0.000000000000000000e+00,1.218175394681238011e+01,1.218175394681238011e+01,-7.475423044071596301e+00,5.320985042804940335e+00
1.059010414651917031e+00,2.702002979517112990e+00,7.047250319531742635e-01,1.000000000000000000e+00,5.000000000000000000e-01,2.000000000000000111e-01,0.000000000000000000e+00,-5.162369359820015546e+00,-5.162369359820015546e+00,-5.323311885664413268e+00,-2.861449295729133091e+00
-1.147943934932565524e+00,1.275000834015238116e+00,4.079021496977602856e-01,1.000000000000000000e+00,5.000000000000000000e-01,2.000000000000000111e-01,0.000000000000000000e+00,2.383554762772911673e+00,2.383554762772911673e+00,-2.603478730018853771e+00,1.463629474441755285e+00
2.512259467388114231e+00,7.526786684099123770e-01,7.480145705636285225e-01,1.000000000000000000e+00,5.000000000000000000e-01,2.000000000000000111e-01,0.000000000000000000e+00,-6.395087401231233315e+00,-6.395087401231233315e+00,-5.070131167828386687e+00,-1.890924110613881437e+00
5.391560241670712017e-01,2.721608955905697957e+00,7.435865447160691089e-01,1.000000000000000000e+00,5.000000000000000000e-01,2.000000000000000111e-01,0.000000000000000000e+00,-2.567307596176888307e+00,-2.567307596176888307e+00,-4.877991185470437863e+00,-1.467371864003609971e+00
-2.066235437011675558e+00,1.840750498721988926e+00,2.250877764911141110e-01,1.000000000000000000e+00,5.000000000000000000e-01,2.000000000000000111e-01,0.000000000000000000e+00,7.331100392970923529e+00,7.331100392970923529e+00,-5.255778527970323744e+00,3.803423911156288639e+00
-1.235409308931897820e+00,2.976135455138535946e+00,4.042953181766127946e-01,1.000000000000000000e+00,5.000000000000000000e-01,2.000000000000000111e-01,0.000000000000000000e+00,7.083760821579002886e+00,7.083760821579002886e+00,-6.344432820023683917e+00,3.676745445920417854e+00
-1.909171732586167902e+00,2.335162626125870666e+00,9.894093767367203585e-01,1.000000000000000000e+00,5.000000000000000000e-01,2.000000000000000111e-01,0.000000000000000000e+00,8.506275680951729257e+00,8.506275680951729257e+00,-5.913454267931179231e+00,4.458226476791194770e+00
1.527247612130029353e+00,1.991679380689487910e+00,5.173109085973919274e-01,1.000000000000000000e+00,5.000000000000000000e-01,2.000000000000000111e-01,0.000000000000000000e+00,-5.268836923592963295e+00,-5.268836923592963295e+00,-4.382884538985956979e+00,-3.041787578286636151e+00
-1.481766377469958540e+00,1.419823262861218183e+00,8.777416678935248129e-01,1.000000000000000000e+00,5.000000000000000000e-01,2.000000000000000111e-01,0.000000000000000000e+00,3.625994003972283330e+00,3.625994003972283330e+00,-3.325328007321203927e+00,2.103846372857443914e+00
3.516620479089573870e-01,3.595547326750492267e-03,3.983913636313465290e-01,1.000000000000000000e+00,5.000000000000000000e-01,2.000000000000000111e-01,0.000000000000000000e+00,-3.603620625897441254e-01,-3.603620625897441254e-01,-1.074206181544002492e+00,-1.264417536278655265e-03
-3.991287908361016434e-01,2.465905311257082122e+00,2.234980503341474911e-01,1.000000000000000000e+00,5.000000000000000000e-01,2.000000000000000111e-01,0.000000000000000000e+00,1.625334361611004308e+00,1.625334361611004308e+00,-4.135926777047516545e+00,9.842138051983601033e-01
-7.929298133751152555e-01,1.071617100100578313e+00,8.807521298207358074e-01,1.000000000000000000e+00,5.000000000000000000e-01,2.000000000000000111e-01,0.000000000000000000e+00,1.347924497635583307e+00,1.347924497635583307e+00,-1.951424217977443476e+00,8.497171471923337105e-01
2.198306159454585185e+00,1.718643947301489172e-01,4.548059714475108928e-01,1.000000000000000000e+00,5.000000000000000000e-01,2.000000000000000111e-01,0.000000000000000000e+00,-4.355457124141142167e+00,-4.355457124141142167e+00,-3.914298667505561546e+00,-3.778105575262205029e-01
7.308126623272404032e-02,2.217714131684151990e+00,1.438711489848454317e-02,1.000000000000000000e+00,5.000000000000000000e-01,2.000000000000000111e-01,0.000000000000000000e+00,-2.528755167301829920e-01,-2.528755167301829920e-01,-3.462332507820303107e+00,-1.620733568856839446e-01
-1.138938873789658413e+00,2.956736796458165895e+00,7.013408668098364274e-01,1.000000000000000000e+00,5.000000000000000000e-01,2.000000000000000111e-01,0.000000000000000000e+00,6.412889397718836371e+00,6.412889397718836371e+00,-6.149455296702401874e+00,3.367542477050506022e+00
-1.977087063701025382e+00,2.208060315706561472e+00,5.362058775937132982e-01,1.000000000000000000e+00,5.000000000000000000e-01,2.000000000000000111e-01,0.000000000000000000e+00,8.342397613435029058e+00,8.342397613435029058e+00,-5.783089133371445811e+00,4.365527486055044371e+00
-1.210103534349000087e+00,5.223761064031263723e-01,8.248006267374717870e-01,1.000000000000000000e+00,5.000000000000000000e-01,2.000000000000000111e-01,0.000000000000000000e+00,1.729611280883683211e+00,1.729611280883683211e+00,-2.015048736576810384e+00,6.321291726178925874e-01
-1.863438469219625082e+00,1.031584206792945491e+00,9.618364538058086222e-01,1.000000000000000000e+00,5.000000000000000000e-01,2.000000000000000111e-01,0.000000000000000000e+00,4.149064217145689959e+00,4.149064217145689959e+00,-3.615524744992863582e+00,1.922293695177387463e+00
9.843946750865555373e-01,1.024453347188455155e+00,6.899487165825637369e-01,1.000000000000000000e+00,5.000000000000000000e-01,2.000000000000000111e-01,0.000000000000000000e+00,-1.691740235446557827e+00,-1.691740235446557827e+00,-2.106172056086073940e+00,-1.008466419846913542e+00
1.460851526258442945e+00,9.122347978265666901e-01,1.304468236369935585e-01,1.000000000000000000e+00,5.000000000000000000e-01,2.000000000000000111e-01,0.000000000000000000e+00,-2.692208536131043051e+00,-2.692208536131043051e+00,-2.696538472245812113e+00,-1.332639596711002072e+00
5.805342068424277358e-01,2.048536152685703549e+00,9.691635039257939788e-02,1.000000000000000000e+00,5.000000000000000000e-01,2.000000000000000111e-01,0.000000000000000000e+00,-1.837770537068319943e+00,-1.837770537068319943e+00,-3.300462163618672395e+00,-1.189245310587433435e+00
1.269380781110900358e+00,2.166646448027691019e+00,8.552884086067991110e-01,1.000000000000000000e+00,5.000000000000000000e-01,2.000000000000000111e-01,0.000000000000000000e+00,-4.657921600666890427e+00,-4.657921600666890427e+00,-4.313974955847736936e+00,-2.750299360588548403e+00
1.489868507614978910e+00,8.360712948809337908e-01,7.383603757522106958e-01,1.000000000000000000e+00,5.000000000000000000e-01,2.000000000000000111e-01,0.000000000000000000e+00,-2.672003541279333039e+00,-2.672003541279333039e+00,-2.681332507051671143e+00,-1.245636292363979880e+00
4.409333108985635796e-01,1.172405352449582994e+00,8.179050849375115728e-01,1.000000000000000000e+00,5.000000000000000000e-01,2.000000000000000111e-01,0.000000000000000000e+00,-7.611177366431461921e-01,-7.611177366431461921e-01,-1.803920466022197022e+00,-5.169525737707919566e-01
-1.867924265125577632e+00,9.633985691023747577e-01,5.452620738737924411e-01,1.000000000000000000e+00,5.000000000000000000e-01,2.000000000000000111e-01,0.000000000000000000e+00,4.038259143092867376e+00,4.038259143092867376e+00,-3.557553037621209668e+00,1.799555564213586312e+00
8.419987335367049575e-01,7.741142928492564801e-01,5.907923386220129691e-01,1.000000000000000000e+00,5.000000000000000000e-01,2.000000000000000111e-01,0.000000000000000000e+00,-1.213672840009125009e+00,-1.213672840009125009e+00,-1.725003589563201434e+00,-6.518032541917359035e-01
-2.855742962006804220e+00,1.968979767646168444e+00,7.240324194567959726e-02,1.000000000000000000e+00,5.000000000000000000e-01,2.000000000000000111e-01,0.000000000000000000e+00,1.304930100356023281e+01,1.304930100356023281e+01,-7.831601381730818545e+00,5.622900113789338405e+00
-1.417820353597929461e-01,2.403709705984266254e+00,4.253606341918398925e-01,1.000000000000000000e+00,5.000000000000000000e-01,2.000000000000000111e-01,0.000000000000000000e+00,5.519476246107464235e-01,5.519476246107464235e-01,-3.900971462651943167e+00,3.408028545285387567e-01
-2.035205391735946279e+00,2.146092941854729652e+00,5.640235024143926967e-01,1.000000000000000000e+00,5.000000000000000000e-01,2.000000000000000111e-01,0.000000000000000000e+00,8.407982276264920785e+00,8.407982276264920785e+00,-5.788094049469984625e+00,4.367739926429204722e+00
1.182180174519293026e+00,2.886108269318890862e+00,2.851241538850063373e-01,1.000000000000000000e+00,5.000000000000000000e-01,2.000000000000000111e-01,0.000000000000000000e+00,-6.436167716413208950e+00,-6.436167716413208950e+00,-6.003340450131322115e+00,-3.411899977504980974e+00
1.007183841216076736e+00,2.824453252584786078e+00,7.925973440912881252e-02,1.000000000000000000e+00,5.000000000000000000e-01,2.000000000000000111e-01,0.000000000000000000e+00,-5.228947949249085347e+00,-5.228947949249085347e+00,-5.597419662022452336e+00,-2.844743676273586708e+00
-1.012327255305080609e+00,2.889296089753922381e+00,8.835741155777393496e-01,1.000000000000000000e+00,5.000000000000000000e-01,2.000000000000000111e-01,0.000000000000000000e+00,5.445285267236549487e+00,5.445285267236549487e+00,-5.788899830233764199e+00,2.924913180304290261e+00
5.074884594045081521e-01,2.348136240568944544e+00,1.515994729615570691e-01,1.000000000000000000e+00,5.000000000000000000e-01,2.000000000000000111e-01,0.000000000000000000e+00,-1.932709309799457653e+00,-1.932709309799457653e+00,-3.911398623993884716e+00,-1.191652043198227151e+00
1.268211886067982519e+00,1.107874218631209828e+00,5.132313513660973214e-01,1.000000000000000000e+00,5.000000000000000000e-01,2.000000000000000111e-01,0.000000000000000000e+00,-2.454452795101745188e+00,-2.454452795101745188e+00,-2.578709474932322721e+00,-1.405019252336379143e+00
6.707757690512661242e-02,2.238125264667953473e+00,6.715749703265654347e-01,1.000000000000000000e+00,5.000000000000000000e-01,2.000000000000000111e-01,0.000000000000000000e+00,-2.351405954532435616e-01,-2.351405954532435616e-01,-3.507301990966576355e+00,-1.501280195640715132e-01
-1.471946130863603486e+00,2.902395548758222699e+00,4.915677780495734117e-01,1.000000000000000000e+00,5.000000000000000000e-01,2.000000000000000111e-01,0.000000000000000000e+00,8.309540757438220737e+00,8.309540757438220737e+00,-6.511925208024372580e+00,4.272169898230410823e+00
-2.322321668000981276e+00,8.246286732997613056e-01,8.906957599782653334e-01,1.000000000000000000e+00,5.000000000000000000e-01,2.000000000000000111e-01,0.000000000000000000e+00,5.616864283302967387e+00,5.616864283302967387e+00,-4.575912982214179081e+00,1.915053036058937952e+00
2.227815509263697535e+00,1.055071330522565631e+00,2.348126672645263202e-01,1.000000000000000000e+00,5.000000000000000000e-01,2.000000000000000111e-01,0.000000000000000000e+00,-5.679192175354611294e+00,-5.679192175354611294e+00,-4.534484922234849336e+00,-2.350504273517656451e+00
-2.471789198711264568e+00,7.083874270787238192e-02,8.954127674609865251e-01,1.000000000000000000e+00,5.000000000000000000e-01,2.000000000000000111e-01,0.000000000000000000e+00,5.498389854170303792e+00,5.498389854170303792e+00,-4.668354169453621694e+00,1.750984390756053222e-01
-1.809057325411215222e+00,2.720745406576011494e+00,8.627782467092590668e-01,1.000000000000000000e+00,5.000000000000000000e-01,2.000000000000000111e-01,0.000000000000000000e+00,9.688886747691551449e+00,9.688886747691551449e+00,-6.664840827676621338e+00,4.921984408345248418e+00
1.680041666212590101e+00,2.388680215584245925e+00,5.449067415721222662e-01,1.000000000000000000e+00,5.000000000000000000e-01,2.000000000000000111e-01,0.000000000000000000e+00,-7.421423761341095826e+00,-7.421423761341095826e+00,-5.546420586288025589e+00,-4.013082289439205752e+00
-2.701454341299180051e+00,3.670512099991610766e-01,4.172198075297630648e-01,1.000000000000000000e+00,5.000000000000000000e-01,2.000000000000000111e-01,0.000000000000000000e+00,6.826397923983982707e+00,6.826397923983982707e+00,-5.446076630255436868e+00,9.915720847313507225e-01
-2.140022918023425813e+00,1.334103255842139735e+00,8.601886292721802052e-01,1.000000000000000000e+00,5.000000000000000000e-01,2.000000000000000111e-01,0.000000000000000000e+00,6.004594789091853180e+00,6.004594789091853180e+00,-4.637734602423599028e+00,2.855011542511848965e+00
-7.698009744019223000e-01,8.716716626751226382e-01,4.891698236828609936e-01,1.000000000000000000e+00,5.000000000000000000e-01,2.000000000000000111e-01,0.000000000000000000e+00,1.153488603058253625e+00,1.153488603058253625e+00,-1.735461867869495967e+00,6.710136952858530845e-01
-2.093339941897158774e+00,1.043139730065115067e+00,9.619736990589361492e-01,1.000000000000000000e+00,5.000000000000000000e-01,2.000000000000000111e-01,0.000000000000000000e+00,5.066897239902154126e+00,5.066897239902154126e+00,-4.173313515625360459e+00,2.183646061925125892e+00
-2.755387230885999905e+00,1.314068577804496929e+00,1.490296051276627232e-01,1.000000000000000000e+00,5.000000000000000000e-01,2.000000000000000111e-01,0.000000000000000000e+00,9.318223292499743238e+00,9.318223292499743238e+00,-6.418683388864337758e+00,3.620767779791036922e+00
1.651406131443243552e+00,2.826312364687067813e+00,9.855150193007355952e-02,1.000000000000000000e+00,5.000000000000000000e-01,2.000000000000000111e-01,0.000000000000000000e+00,-9.147880429161126870e+00,-9.147880429161126870e+00,-6.630306117972506463e+00,-4.667389568418076173e+00
-1.962138858733653235e+00,9.369164037889126107e-01,1.719367775766161843e-01,1.000000000000000000e+00,5.000000000000000000e-01,2.000000000000000111e-01,0.000000000000000000e+00,4.334176283422282339e+00,4.334176283422282339e+00,-3.748899514415936718e+00,1.838360083259215516e+00
2.482403043765344819e+00,1.729981030606766446e+00,8.401154221062357985e-01,1.000000000000000000e+00,5.000000000000000000e-01,2.000000000000000111e-01,0.000000000000000000e+00,-9.256588417542623404e+00,-9.256588417542623404e+00,-6.193812106146894259e+00,-4.294510176034544990e+00
-2.704222397352187279e+00,2.233833545560570677e+00,4.338687873944423457e-01,1.000000000000000000e+00,5.000000000000000000e-01,2.000000000000000111e-01,0.000000000000000000e+00,1.340637158572023679e+01,1.340637158572023679e+01,-7.882697419240582093e+00,6.040782705861542645e+00
-1.358399700300080726e+00,2.122887969760816063e+00,4.683659418486246784e-01,1.000000000000000000e+00,5.000000000000000000e-01,2.000000000000000111e-01,0.000000000000000000e+00,4.920635308506079220e+00,4.920635308506079220e+00,-4.360476513542809407e+00,2.883730381893739203e+00
4.259036568483489660e-01,1.119207650895162054e-01,6.686218809680457564e-01,1.000000000000000000e+00,5.000000000000000000e-01,2.000000000000000111e-01,0.000000000000000000e+00,-4.440224135104074432e-01,-4.440224135104074432e-01,-1.115099483779188994e+00,-4.766746312888998222e-02
-2.401591068956726360e+00,1.039709517827971164e+00,2.041144582121873219e-01,1.000000000000000000e+00,5.000000000000000000e-01,2.000000000000000111e-01,0.000000000000000000e+00,6.469948476686501415e+00,6.469948476686501415e+00,-5.001081738226663909e+00,2.496957092324959770e+00
-1.294774086078014363e-01,2.483345547235106920e+00,4.406294569861010091e-01,1.000000000000000000e+00,5.000000000000000000e-01,2.000000000000000111e-01,0.000000000000000000e+00,5.291554508654119360e-01,5.291554508654119360e-01,-4.093561193090090811e+00,3.215371461337241943e-01
-7.870372549917270533e-02,5.241581849559269202e-01,6.060297040246338529e-01,1.000000000000000000e+00,5.000000000000000000e-01,2.000000000000000111e-01,0.000000000000000000e+00,8.961282974275500135e-02,8.961282974275500135e-02,-1.141087467272615452e+00,4.125320190691587202e-02
6.004536483126123869e-01,1.351524178825201705e+00,2.670028826481940509e-02,1.000000000000000000e+00,5.000000000000000000e-01,2.000000000000000111e-01,0.000000000000000000e+00,-1.192151313235757737e+00,-1.192151313235757737e+00,-2.129635553237724022e+00,-8.115276239582999152e-01
2.556643822582578274e+00,2.364267898478547458e+00,4.358115642652168331e-01,1.000000000000000000e+00,5.000000000000000000e-01,2.000000000000000111e-01,0.000000000000000000e+00,-1.304442342274913180e+01,-1.304442342274913180e+01,-7.716737929217878822e+00,-6.044590917575472844e+00
-5.486624816730705234e-01,6.169058942838190340e-01,5.874251720974609237e-01,1.000000000000000000e+00,5.000000000000000000e-01,2.000000000000000111e-01,0.000000000000000000e+00,6.860983430315314990e-01,6.860983430315314990e-01,-1.370904752478450783e+00,3.384731189165050558e-01
2.453115362434816760e+00,1.466834871021571951e+00,4.185006118455922852e-01,1.000000000000000000e+00,5.000000000000000000e-01,2.000000000000000111e-01,0.000000000000000000e+00,-8.044641687413603748e+00,-8.044641687413603748e+00,-5.686467258270657688e+00,-3.598315156258111269e+00
-1.690303834193672250e+00,2.855004531204799800e+00,1.977139398649191415e-01,1.000000000000000000e+00,5.000000000000000000e-01,2.000000000000000111e-01,0.000000000000000000e+00,9.545062668150009699e+00,9.545062668150009699e+00,-6.789801667733867063e+00,4.825825105735781051e+00
9.217015822252383472e-01,2.909070717518200677e-01,6.367113917843680859e-02,1.000000000000000000e+00,5.000000000000000000e-01,2.000000000000000111e-01,0.000000000000000000e+00,-1.117305298035716099e+00,-1.117305298035716099e+00,-1.552033746203514086e+00,-2.681295083141634894e-01
-4.285736052700901411e-01,8.576645402551607011e-01,9.481417725575477240e-01,1.000000000000000000e+00,5.000000000000000000e-01,2.000000000000000111e-01,0.000000000000000000e+00,6.019441853080687022e-01,6.019441853080687022e-01,-1.477999432886069942e+00,3.675723841294685768e-01
1.655534108384506098e+00,7.759816790675333475e-02,7.963218029526727415e-01,1.000000000000000000e+00,5.000000000000000000e-01,2.000000000000000111e-01,0.000000000000000000e+00,-2.568013807591591480e+00,-2.568013807591591480e+00,-2.647486648245931384e+00,-1.284664137177780885e-01
1.238777567779276723e-01,1.739917731395512757e-01,5.535311299379460648e-01,1.000000000000000000e+00,5.000000000000000000e-01,2.000000000000000111e-01,0.000000000000000000e+00,-1.261330390808254320e-01,-1.261330390808254320e-01,-1.024343987734721351e+00,-2.155371055434170124e-02
2.122209295787222061e+00,2.413987762407193038e+00,7.276210115264217793e-01,1.000000000000000000e+00,5.000000000000000000e-01,2.000000000000000111e-01,0.000000000000000000e+00,-1.021721306947773478e+01,-1.021721306947773478e+01,-6.615931835601262634e+00,-5.122987269297141211e+00
-2.071161509844182902e+00,1.591758348462466000e+00,2.256854760853277408e-02,1.000000000000000000e+00,5.000000000000000000e-01,2.000000000000000111e-01,0.000000000000000000e+00,6.471943365794596836e+00,6.471943365794596836e+00,-4.840673319866000135e+00,3.296788624308604199e+00
-1.415014338280933259e+00,1.847056996452508759e+00,9.995905581108741611e-01,1.000000000000000000e+00,5.000000000000000000e-01,2.000000000000000111e-01,0.000000000000000000e+00,4.395406527225955706e+00,4.395406527225955706e+00,-3.907169120596457823e+00,2.613612133602414733e+00
2.670311847080797385e-01,7.845532833411195117e-01,3.378303731081974126e-01,1.000000000000000000e+00,5.000000000000000000e-01,2.000000000000000111e-01,0.000000000000000000e+00,-3.530213833683061297e-01,-3.530213833683061297e-01,-1.350545319364625962e+00,-2.095001927171928902e-01
8.084608742013799088e-01,2.115574537768183383e+00,4.450358157144116422e-01,1.000000000000000000e+00,5.000000000000000000e-01,2.000000000000000111e-01,0.000000000000000000e+00,-2.723340562046197455e+00,-2.723340562046197455e+00,-3.629993203495206711e+00,-1.710359240242245837e+00
-7.255762857916785435e-01,4.346323563864942230e-01,6.513549171535637505e-02,1.000000000000000000e+00,5.000000000000000000e-01,2.000000000000000111e-01,0.000000000000000000e+00,8.705063990347928771e-01,8.705063990347928771e-01,-1.410329210510986808e+00,3.153589308317976125e-01
1.819830503956984202e+00,6.013980038056142563e-01,3.211671473347802452e-01,1.000000000000000000e+00,5.000000000000000000e-01,2.000000000000000111e-01,0.000000000000000000e+00,-3.354305019158257295e+00,-3.354305019158257295e+00,-3.167909617370087805e+00,-1.094442432344295391e+00
-7.296588210941905572e-01,1.855563631093892774e-01,1.171176623786172044e-01,1.000000000000000000e+00,5.000000000000000000e-01,2.000000000000000111e-01,0.000000000000000000e+00,8.199146847540174088e-01,8.199146847540174088e-01,-1.336656779065530154e+00,1.353928371529225239e-01
2.601682135880052371e+00,2.838427684447222266e+00,3.376403683483290008e-01,1.000000000000000000e+00,5.000000000000000000e-01,2.000000000000000111e-01,0.000000000000000000e+00,-1.660415873818225307e+01,-1.660415873818225307e+01,-9.089585821612644168e+00,-7.384686600613720842e+00
2.585253344892694649e+00,9.862107788196324831e-01,4.180427302418919799e-01,1.000000000000000000e+00,5.000000000000000000e-01,2.000000000000000111e-01,0.000000000000000000e+00,-7.298203339679617763e+00,-7.298203339679617763e+00,-5.496426764497333473e+00,-2.549604714712684128e+00
-2.743856695376453381e+00,8.692582878291211790e-01,6.038737339661882642e-01,1.000000000000000000e+00,5.000000000000000000e-01,2.000000000000000111e-01,0.000000000000000000e+00,7.912061414548887228e+00,7.912061414548887228e+00,-5.895054724337122742e+00,2.385120173071406224e+00
8.481704426452907342e-01,1.266776266407342089e+00,1.300649823216927237e-01,1.000000000000000000e+00,5.000000000000000000e-01,2.000000000000000111e-01,0.000000000000000000e+00,-1.650742966233053277e+00,-1.650742966233053277e+00,-2.233996914432728076e+00,-1.074442186611264116e+00
2.162314337119413565e+00,6.980298543792904375e-01,8.691043445744606188e-01,1.000000000000000000e+00,5.000000000000000000e-01,2.000000000000000111e-01,0.000000000000000000e+00,-4.711128301127905260e+00,-4.711128301127905260e+00,-4.048984814309688041e+00,-1.509359961861716171e+00
-2.696815151722698367e+00,2.732699676134422884e+00,9.449693065069535436e-01,1.000000000000000000e+00,5.000000000000000000e-01,2.000000000000000111e-01,0.000000000000000000e+00,1.668893354073197699e+01,1.668893354073197699e+01,-9.097510937509262874e+00,7.369585891707022718e+00
1.430043159085628623e+00,8.416624487369481766e-01,1.320064623292617201e-01,1.000000000000000000e+00,5.000000000000000000e-01,2.000000000000000111e-01,0.000000000000000000e+00,-2.521455710641144154e+00,-2.521455710641144154e+00,-2.581211900915501012e+00,-1.203613627075531323e+00
4.965781107044331399e-01,1.364502209442854941e-01,1.493451326841821469e-01,1.000000000000000000e+00,5.000000000000000000e-01,2.000000000000000111e-01,0.000000000000000000e+00,-5.256911422918766341e-01,-5.256911422918766341e-01,-1.157263223416342912e+00,-6.775819292171576802e-02
1.033534909181792472e-01,2.524096819622468679e+00,7.855778688314285496e-01,1.000000000000000000e+00,5.000000000000000000e-01,2.000000000000000111e-01,0.000000000000000000e+00,-4.328101857990114820e-01,-4.328101857990114820e-01,-4.191941543865114639e+00,-2.608742177234559256e-01
-1.357597779424006612e+00,2.180364233318561773e+00,3.337899489329823055e-01,1.000000000000000000e+00,5.000000000000000000e-01,2.000000000000000111e-01,0.000000000000000000e+00,5.085029702238432314e+00,5.085029702238432314e+00,-4.482837133385616291e+00,2.960057641488806013e+00
1.408707171380607193e+00,5.483710990391766904e-01,2.713074692256824960e-01,1.000000000000000000e+00,5.000000000000000000e-01,2.000000000000000111e-01,0.000000000000000000e+00,-2.179617395500714316e+00,-2.179617395500714316e+00,-2.341028967950208539e+00,-7.724942997943533562e-01
-1.678249074110722772e+00,1.126951256584484362e+00,2.655766377520205612e-01,1.000000000000000000e+00,5.000000000000000000e-01,2.000000000000000111e-01,0.000000000000000000e+00,3.689317693837754764e+00,3.689317693837754764e+00,-3.324921540210773241e+00,1.891304902930826426e+00
-1.904988052134247933e+00,4.773357564895246430e-01,1.869478047430029877e-01,1.000000000000000000e+00,5.000000000000000000e-01,2.000000000000000111e-01,0.000000000000000000e+00,3.504645777441452559e+00,3.504645777441452559e+00,-3.291312399476255202e+00,9.093189129690072425e-01
-9.007086593958657517e-01,2.699120630526623987e+00,9.054190774545828324e-01,1.000000000000000000e+00,5.000000000000000000e-01,2.000000000000000111e-01,0.000000000000000000e+00,4.327798200484570756e+00,4.327798200484570756e+00,-5.129391742533639054e+00,2.431121324669359485e+00
2.947412098391829716e+00,2.738680681389353389e+00,6.675058516166262335e-01,1.000000000000000000e+00,5.000000000000000000e-01,2.000000000000000111e-01,0.000000000000000000e+00,-1.912172962362329187e+01,-1.912172962362329187e+01,-9.962528783955544753e+00,-8.072020573958960554e+00
-5.648962660168490579e-01,1.608881540958176926e-01,2.157578057844719011e-01,1.000000000000000000e+00,5.000000000000000000e-01,2.000000000000000111e-01,0.000000000000000000e+00,6.082599953703352602e-01,6.082599953703352602e-01,-1.204407173880047033e+00,9.088511749507083293e-02
-2.141476440751231447e+00,6.528212503305506065e-01,9.988501756854391012e-01,1.000000000000000000e+00,5.000000000000000000e-01,2.000000000000000111e-01,0.000000000000000000e+00,4.561927432521284409e+00,4.561927432521284409e+00,-3.964640600217109512e+00,1.398001327604636135e+00
-6.010853696578553063e-01,1.233234840635691665e+00,3.304940371549577316e-01,1.000000000000000000e+00,5.000000000000000000e-01,2.000000000000000111e-01,0.000000000000000000e+00,1.101606037580647790e+00,1.101606037580647790e+00,-1.977216259048902192e+00,7.412794200584510440e-01
1.593339939406153150e+00,1.858698692656280294e+00,7.619519554882575596e-01,1.000000000000000000e+00,5.000000000000000000e-01,2.000000000000000111e-01,0.000000000000000000e+00,-5.154656815234496037e+00,-5.154656815234496037e+00,-4.250619712545165463e+00,-2.961538862331253519e+00
7.452581939294278257e-01,2.490575363023490141e+00,7.331406035618563966e-01,1.000000000000000000e+00,5.000000000000000000e-01,2.000000000000000111e-01,0.000000000000000000e+00,-3.139448415709437334e+00,-3.139448415709437334e+00,-4.434728684821166667e+00,-1.856121696892015338e+00
1.308115349241484537e+00,2.694252775141966261e+00,4.366753533163493239e-01,1.000000000000000000e+00,5.000000000000000000e-01,2.000000000000000111e-01,0.000000000000000000e+00,-6.503599152859842469e+00,-6.503599152859842469e+00,-5.656198468332796381e+00,-3.524393409899672314e+00
1.956629898920149380e+00,2.798308073862222134e+00,6.728817039957462054e-01,1.000000000000000000e+00,5.000000000000000000e-01,2.000000000000000111e-01,0.000000000000000000e+00,-1.111550517875036981e+01,-1.111550517875036981e+01,-7.212304374930214479e+00,-5.475253243708477768e+00
-1.254240483736099865e+00,1.724669694923123942e+00,2.819522508779369607e-01,1.000000000000000000e+00,5.000000000000000000e-01,2.000000000000000111e-01,0.000000000000000000e+00,3.514214540445026902e+00,3.514214540445026902e+00,-3.431114292918650666e+00,2.163150552445370689e+00
-9.167830133534096149e-01,2.226422422656985312e+00,7.297715150544843432e-01,1.000000000000000000e+00,5.000000000000000000e-01,2.000000000000000111e-01,0.000000000000000000e+00,3.343119502813221455e+00,3.343119502813221455e+00,-3.982773058198914917e+00,2.041146257641069717e+00
2.144514751266219044e+00,2.681451003018961110e+00,2.030455611541441829e-01,1.000000000000000000e+00,5.000000000000000000e-01,2.000000000000000111e-01,0.000000000000000000e+00,-1.182673817561755136e+01,-1.182673817561755136e+01,-7.354455851834744706e+00,-5.750411230771760529e+00
-7.062697171056777634e-01,2.224345184526112185e+00,1.282568729172635091e-01,1.000000000000000000e+00,5.000000000000000000e-01,2.000000000000000111e-01,0.000000000000000000e+00,2.523938973840631039e+00,2.523938973840631039e+00,-3.773145897942572713e+00,1.570987644220633861e+00
7.446539570999632929e-02,1.392368769065576828e+00,3.788054274026824153e-01,1.000000000000000000e+00,5.000000000000000000e-01,2.000000000000000111e-01,0.000000000000000000e+00,-1.467306676347191197e-01,-1.467306676347191197e-01,-1.972672451629542634e+00,-1.036832913627086794e-01
1.998833742336742603e+00,2.483080024268558450e+00,7.051348862103186121e-01,1.000000000000000000e+00,5.000000000000000000e-01,2.000000000000000111e-01,0.000000000000000000e+00,-9.758127373226876955e+00,-9.758127373226876955e+00,-6.480045001163117213e+00,-4.963264137430332568e+00
7.758888685357545612e-01,1.884327415863660926e+00,7.138039156405312502e-01,1.000000000000000000e+00,5.000000000000000000e-01,2.000000000000000111e-01,0.000000000000000000e+00,-2.246776786734586917e+00,-2.246776786734586917e+00,-3.136547026878327316e+00,-1.462028666645358133e+00
2.478608977522862133e+00,8.591584791515941566e-01,2.791965118480362884e-01,1.000000000000000000e+00,5.000000000000000000e-01,2.000000000000000111e-01,0.000000000000000000e+00,-6.438873737933534791e+00,-6.438873737933534791e+00,-5.055178124223196789e+00,-2.129517919540030224e+00
-2.912099833559445017e+00,8.903046065676478715e-02,3.278987261284216359e-02,1.000000000000000000e+00,5.000000000000000000e-01,2.000000000000000111e-01,0.000000000000000000e+00,7.862751961829504310e+00,7.862751961829504310e+00,-6.092158475832547104e+00,2.592655896602854559e-01
7.183154483338829444e-01,2.291217797105986609e+00,5.514972832231420652e-01,1.000000000000000000e+00,5.000000000000000000e-01,2.000000000000000111e-01,0.000000000000000000e+00,-2.677905070331486836e+00,-2.677905070331486836e+00,-3.934425746876669461e+00,-1.645817139158758380e+00
6.100187298170833827e-02,6.073625294410367470e-02,7.498745943409167447e-01,1.000000000000000000e+00,5.000000000000000000e-01,2.000000000000000111e-01,0.000000000000000000e+00,-6.115978803693126326e-02,-6.115978803693126326e-02,-1.004077183315210897e+00,-3.705025187481121585e-03
-5.352154151303381013e-01,2.368247927314189205e+00,3.831822935035500421e-02,1.000000000000000000e+00,5.000000000000000000e-01,2.000000000000000111e-01,0.000000000000000000e+00,2.066782618404809035e+00,2.066782618404809035e+00,-3.976172446969860719e+00,1.267522797549026636e+00
-1.223223848101787858e+00,2.340487319729842586e+00,1.406845026749150573e-01,1.000000000000000000e+00,5.000000000000000000e-01,2.000000000000000111e-01,0.000000000000000000e+00,4.939617361120270722e+00,4.939617361120270722e+00,-4.636706396447058509e+00,2.862939905673377528e+00
-7.409268454184911867e-01,5.768205971532763821e-01,4.571829515975625036e-01,1.000000000000000000e+00,5.000000000000000000e-01,2.000000000000000111e-01,0.000000000000000000e+00,9.455378827356347715e-01,9.455378827356347715e-01,-1.495744554807209248e+00,4.273818654211873902e-01
1.906422444469023425e+00,2.568244518699115631e+00,1.948930131943725774e-01,1.000000000000000000e+00,5.000000000000000000e-01,2.000000000000000111e-01,0.000000000000000000e+00,-9.579447283308068606e+00,-9.579447283308068606e+00,-6.478607875979174757e+00,-4.896158993332538678e+00
-1.416358648645044127e-01,1.671326771632816843e+00,3.845291998749504891e-01,1.000000000000000000e+00,5.000000000000000000e-01,2.000000000000000111e-01,0.000000000000000000e+00,3.400222085297534558e-01,3.400222085297534558e-01,-2.408703019717836735e+00,2.367198127714140732e-01
-1.680159935127464532e+00,2.858408844646319391e+00,1.789349719070382205e-01,1.000000000000000000e+00,5.000000000000000000e-01,2.000000000000000111e-01,0.000000000000000000e+00,9.492631519971642007e+00,9.492631519971642007e+00,-6.779013006140669262e+00,4.802584018988730996e+00
1.162421971442300084e+00,2.799740259578676671e+00,7.029131055242642256e-01,1.000000000000000000e+00,5.000000000000000000e-01,2.000000000000000111e-01,0.000000000000000000e+00,-6.032409428787505412e+00,-6.032409428787505412e+00,-5.730007664367920306e+00,-3.254479592065822491e+00
1.917280196348731813e+00,7.004414251788060319e-02,7.786857389110279914e-01,1.000000000000000000e+00,5.000000000000000000e-01,2.000000000000000111e-01,0.000000000000000000e+00,-3.331553806242501192e+00,-3.331553806242501192e+00,-3.208031101737151669e+00,-1.342942473197606679e-01
-5.624186612312591649e-01,7.058549603620886126e-01,9.547572445644051387e-01,1.000000000000000000e+00,5.000000000000000000e-01,2.000000000000000111e-01,0.000000000000000000e+00,7.381061942252833408e-01,7.381061942252833408e-01,-1.438904462834579956e+00,3.969860018302893701e-01
-2.217657180139445572e+00,2.443114724344378264e+00,3.049363782819669577e-02,1.000000000000000000e+00,5.000000000000000000e-01,2.000000000000000111e-01,0.000000000000000000e+00,1.101733296133128803e+01,1.101733296133128803e+01,-6.935206799328576643e+00,5.417990910346713207e+00
1.466593099573898051e+00,1.581757085152926567e+00,1.367529151883668526e-01,1.000000000000000000e+00,5.000000000000000000e-01,2.000000000000000111e-01,0.000000000000000000e+00,-3.932166064922442583e+00,-3.932166064922442583e+00,-3.541514930046405496e+00,-2.319794026287404609e+00
1.145474395136045764e+00,4.376051717237553484e-01,8.768857595980000808e-01,1.000000000000000000e+00,5.000000000000000000e-01,2.000000000000000111e-01,0.000000000000000000e+00,-1.555750632942839884e+00,-1.555750632942839884e+00,-1.883016097107062858e+00,-5.012655193886741412e-01
1.161830671281705918e+00,1.534796103343649909e+00,6.927049478489634149e-01,1.000000000000000000e+00,5.000000000000000000e-01,2.000000000000000111e-01,0.000000000000000000e+00,-2.843893845338416160e+00,-2.843893845338416160e+00,-2.987709844657965519e+00,-1.783173187028299189e+00
-2.914489962086146413e+00,1.043854308660828512e+00,6.884045387200038446e-01,1.000000000000000000e+00,5.000000000000000000e-01,2.000000000000000111e-01,0.000000000000000000e+00,9.453632745437037244e+00,9.453632745437037244e+00,-6.641366952315433281e+00,3.042302904472358627e+00
-2.281698417197231876e+00,1.156230355924561914e+00,1.771159536356237130e-02,1.000000000000000000e+00,5.000000000000000000e-01,2.000000000000000111e-01,0.000000000000000000e+00,6.182635720850358396e+00,6.182635720850358396e+00,-4.792122918204931636e+00,2.638168973028464759e+00
2.801115395244796247e+00,3.308402996981011368e-01,9.966822339056173874e-01,1.000000000000000000e+00,5.000000000000000000e-01,2.000000000000000111e-01,0.000000000000000000e+00,-7.350062773281667461e+00,-7.350062773281667461e+00,-5.762476126438612845e+00,-9.267218568517534560e-01
3.251654021994294652e-01,1.820898922524849972e+00,3.168978649425761018e-01,1.000000000000000000e+00,5.000000000000000000e-01,2.000000000000000111e-01,0.000000000000000000e+00,-8.711125686769580767e-01,-8.711125686769580767e-01,-2.721275966298589477e+00,-5.920933305073006192e-01
-1.439971848681634858e+00,2.486123079800146574e+00,5.454998904458818743e-02,1.000000000000000000e+00,5.000000000000000000e-01,2.000000000000000111e-01,0.000000000000000000e+00,6.487228362574436247e+00,6.487228362574436247e+00,-5.334515338954846086e+00,3.579947247269896771e+00
-2.701822999458382668e+00,1.157216925359591198e+00,1.093112872666358593e-01,1.000000000000000000e+00,5.000000000000000000e-01,2.000000000000000111e-01,0.000000000000000000e+00,8.455476686533160091e+00,8.455476686533160091e+00,-6.049484018410728581e+00,3.126595304299057965e+00
-1.460934778519469290e-01,9.483745628520404702e-01,1.441768960033136260e-01,1.000000000000000000e+00,5.000000000000000000e-01,2.000000000000000111e-01,0.000000000000000000e+00,2.124163837577572600e-01,2.124163837577572600e-01,-1.462513138294925907e+00,1.385513381933744237e-01
-1.055599388537684202e+00,2.713337168253643572e+00,6.482019211689920013e-01,1.000000000000000000e+00,5.000000000000000000e-01,2.000000000000000111e-01,0.000000000000000000e+00,5.176614335876489115e+00,5.176614335876489115e+00,-5.349673335762029858e+00,2.864197055705117734e+00
-2.066605183101571264e+00,1.892905197491694391e+00,4.138885960104196071e-01,1.000000000000000000e+00,5.000000000000000000e-01,2.000000000000000111e-01,0.000000000000000000e+00,7.534256490836596321e+00,7.534256490836596321e+00,-5.354059233038903187e+00,3.911887692256239113e+00
8.262128141558271466e-01,2.926869306365735390e+00,3.031817510500238733e-01,1.000000000000000000e+00,5.000000000000000000e-01,2.000000000000000111e-01,0.000000000000000000e+00,-4.477914399427680436e+00,-4.477914399427680436e+00,-5.692858536838095063e+00,-2.418216926278748069e+00
-1.921144423831046000e+00,2.529632537432069839e+00,1.671464557969564169e-01,1.000000000000000000e+00,5.000000000000000000e-01,2.000000000000000111e-01,0.000000000000000000e+00,9.485995566155141390e+00,9.485995566155141390e+00,-6.413997925547779033e+00,4.859789443629201067e+00
2.684411077996605499e+00,6.351251410955160992e-01,2.764192305780518444e-01,1.000000000000000000e+00,5.000000000000000000e-01,2.000000000000000111e-01,0.000000000000000000e+00,-7.094642224082327253e+00,-7.094642224082327253e+00,-5.525329673828339061e+00,-1.704936964670960453e+00
-1.607157850563676993e+00,2.101229992080872577e+00,8.088293837286096855e-01,1.000000000000000000e+00,5.000000000000000000e-01,2.000000000000000111e-01,0.000000000000000000e+00,5.985337106019944287e+00,5.985337106019944287e+00,-4.757357553787167070e+00,3.377008277612627118e+00
2.333501874193868453e+00,4.688254563094507166e-01,3.679742576199389603e-01,1.000000000000000000e+00,5.000000000000000000e-01,2.000000000000000111e-01,0.000000000000000000e+00,-5.131241937159894739e+00,-5.131241937159894739e+00,-4.377037252361660080e+00,-1.094005080967898946e+00
-8.701806230861315328e-01,4.934055385969936536e-01,7.834491115497943525e-03,1.000000000000000000e+00,5.000000000000000000e-01,2.000000000000000111e-01,0.000000000000000000e+00,1.107885580643303669e+00,1.107885580643303669e+00,-1.576053102835835551e+00,4.293519390104802436e-01
-1.245715283382086591e+00,1.913286243545751830e+00,9.972460464961422355e-01,1.000000000000000000e+00,5.000000000000000000e-01,2.000000000000000111e-01,0.000000000000000000e+00,3.912409816534366147e+00,3.912409816534366147e+00,-3.761416065221734328e+00,2.383409915069644391e+00
1.550589417297512540e+00,8.890399237251411790e-02,9.577567670041859937e-01,1.000000000000000000e+00,5.000000000000000000e-01,2.000000000000000111e-01,0.000000000000000000e+00,-2.302342252711554238e+00,-2.302342252711554238e+00,-2.446548484550909563e+00,-1.378535897283191536e-01
3.352219326402749999e-02,6.912310701182330375e-01,3.724991580636973776e-01,1.000000000000000000e+00,5.000000000000000000e-01,2.000000000000000111e-01,0.000000000000000000e+00,-4.153818583886479537e-02,-4.153818583886479537e-02,-1.239574438613137319e+00,-2.317158152260395329e-02
-2.158000461968237804e+00,2.907615208559436670e+00,6.482469374578245791e-01,1.000000000000000000e+00,5.000000000000000000e-01,2.000000000000000111e-01,0.000000000000000000e+00,1.329005943891095676e+01,1.329005943891095676e+01,-8.021292696836145097e+00,6.274634963297138768e+00
2.042098118195461609e+00,8.851251503756492056e-01,9.223359056506974518e-02,1.000000000000000000e+00,5.000000000000000000e-01,2.000000000000000111e-01,0.000000000000000000e+00,-4.545212569598246155e+00,-4.545212569598246155e+00,-3.893822100516225682e+00,-1.807512403949588231e+00
3.029050681324134686e-01,2.152693698020745394e+00,5.714900489231317104e-01,1.000000000000000000e+00,5.000000000000000000e-01,2.000000000000000111e-01,0.000000000000000000e+00,-1.010308163255110303e+00,-1.010308163255110303e+00,-3.372095966929297362e+00,-6.520618312671909722e-01
4.125121914395570855e-01,2.124810300946642805e+00,5.245093245466569964e-02,1.000000000000000000e+00,5.000000000000000000e-01,2.000000000000000111e-01,0.000000000000000000e+00,-1.357760228437071559e+00,-1.357760228437071559e+00,-3.359509192356240792e+00,-8.765101536368443691e-01
-7.330892500459316174e-01,1.622368561368294770e+00,2.355463154860468755e-01,1.000000000000000000e+00,5.000000000000000000e-01,2.000000000000000111e-01,0.000000000000000000e+00,1.776659277387130809e+00,1.776659277387130809e+00,-2.638491783577859184e+00,1.189340951951580294e+00
1.952049781427268371e+00,2.521281411411735895e+00,9.410455220720015390e-01,1.000000000000000000e+00,5.000000000000000000e-01,2.000000000000000111e-01,0.000000000000000000e+00,-9.644159818731010247e+00,-9.644159818731010247e+00,-6.464728987267325699e+00,-4.921666828062913446e+00
6.876144471783947054e-01,6.078045155412612477e-01,1.318145046225983608e-01,1.000000000000000000e+00,5.000000000000000000e-01,2.000000000000000111e-01,0.000000000000000000e+00,-8.796485839940472173e-01,-8.796485839940472173e-01,-1.468401341337243426e+00,-4.179351659464363711e-01
-2.558513110974915961e+00,4.173250719810316367e-01,5.268584537178735427e-01,1.000000000000000000e+00,5.000000000000000000e-01,2.000000000000000111e-01,0.000000000000000000e+00,6.130908618261667442e+00,6.130908618261667442e+00,-5.014673711270313028e+00,1.067731668202019923e+00
2.309466722945005657e+00,2.380261016297677390e+00,5.967868471233442884e-01,1.000000000000000000e+00,5.000000000000000000e-01,2.000000000000000111e-01,0.000000000000000000e+00,-1.131534436077148875e+01,-1.131534436077148875e+01,-7.033003179487432810e+00,-5.497133609062745840e+00
3.962304419079298867e-01,1.033883276763776227e+00,2.231573169467132578e-01,1.000000000000000000e+00,5.000000000000000000e-01,2.000000000000000111e-01,0.000000000000000000e+00,-6.204402220124923817e-01,-6.204402220124923817e-01,-1.628656452842633495e+00,-4.096560276333296446e-01
-1.364429068306931780e+00,6.016870890484464773e-01,9.613368265775361632e-01,1.000000000000000000e+00,5.000000000000000000e-01,2.000000000000000111e-01,0.000000000000000000e+00,2.119431817775869753e+00,2.119431817775869753e+00,-2.298013686028349767e+00,8.209593543226817447e-01
-2.752387277510233599e+00,1.552169491191040862e+00,5.048463851150161164e-01,1.000000000000000000e+00,5.000000000000000000e-01,2.000000000000000111e-01,0.000000000000000000e+00,1.023817113379471522e+01,1.023817113379471522e+01,-6.749996499932246152e+00,4.272171560093753762e+00
-2.749402196786201902e+00,2.066213332877186559e+00,7.788902579197376497e-02,1.000000000000000000e+00,5.000000000000000000e-01,2.000000000000000111e-01,0.000000000000000000e+00,1.277499078567840662e+01,1.277499078567840662e+01,-7.670146232295402378e+00,5.680851476441476144e+00
-2.265955014697750958e+00,1.575939679844701846e+00,7.678518168560093393e-01,1.000000000000000000e+00,5.000000000000000000e-01,2.000000000000000111e-01,0.000000000000000000e+00,7.406734776906852780e+00,7.406734776906852780e+00,-5.322524214434842804e+00,3.571008420405270112e+00
-1.458020531535443753e+00,2.426885260914382503e+00,4.752939696361376809e-01,1.000000000000000000e+00,5.000000000000000000e-01,2.000000000000000111e-01,0.000000000000000000e+00,6.371623803225650917e+00,6.371623803225650917e+00,-5.220380357049074327e+00,3.538448538093922124e+00
1.684096969994421933e-01,1.042194249226477964e+00,1.742574313779039485e-01,1.000000000000000000e+00,5.000000000000000000e-01,2.000000000000000111e-01,0.000000000000000000e+00,-2.608256620276555027e-01,-2.608256620276555027e-01,-1.560101522186437384e+00,-1.755156177267923057e-01
-1.646004863098138760e+00,2.403923066602323466e+00,3.562228380612577627e-01,1.000000000000000000e+00,5.000000000000000000e-01,2.000000000000000111e-01,0.000000000000000000e+00,7.293923995918592418e+00,7.293923995918592418e+00,-5.515022260676992971e+00,3.956869058141215145e+00
1.730170325907331552e+00,2.755966383991962587e+00,5.581952972035216787e-01,1.000000000000000000e+00,5.000000000000000000e-01,2.000000000000000111e-01,0.000000000000000000e+00,-9.336644823452125763e+00,-9.336644823452125763e+00,-6.593768968837036226e+00,-4.768291256781023613e+00
1.591975720216574075e-01,1.748881203997582290e+00,4.964881090904031957e-01,1.000000000000000000e+00,5.000000000000000000e-01,2.000000000000000111e-01,0.000000000000000000e+00,-4.034641984178476970e-01,-4.034641984178476970e-01,-2.544499053010571110e+00,-2.784176414307280023e-01
-4.296780924534173707e-01,2.020905101408718707e+00,4.395941526014546241e-01,1.000000000000000000e+00,5.000000000000000000e-01,2.000000000000000111e-01,0.000000000000000000e+00,1.322958809518574474e+00,1.322958809518574474e+00,-3.152802672330536460e+00,8.683386490026782090e-01
-4.245693954467446574e-01,1.712579643366983539e+00,4.718814515554892175e-03,1.000000000000000000e+00,5.000000000000000000e-01,2.000000000000000111e-01,0.000000000000000000e+00,1.062491854557026993e+00,1.062491854557026993e+00,-2.574620020367500928e+00,7.271089038387217318e-01
-1.556415873197979138e+00,8.980557252117227218e-01,9.951814983442841545e-02,1.000000000000000000e+00,5.000000000000000000e-01,2.000000000000000111e-01,0.000000000000000000e+00,2.938105569523792315e+00,2.938105569523792315e+00,-2.856710264998353566e+00,1.397748185735847803e+00
2.277990282072428485e-01,7.449141838757881162e-01,4.161111267074218967e-01,1.000000000000000000e+00,5.000000000000000000e-01,2.000000000000000111e-01,0.000000000000000000e+00,-2.933657505163586587e-01,-2.933657505163586587e-01,-1.308584009020964167e+00,-1.696907271846959386e-01
-1.602672913047296532e+00,2.164745169004988590e+00,9.760513324888507869e-01,1.000000000000000000e+00,5.000000000000000000e-01,2.000000000000000111e-01,0.000000000000000000e+00,6.181145485222574010e+00,6.181145485222574010e+00,-4.884197103094522596e+00,3.469378446014287132e+00
-1.061474534020728999e+00,4.383963997078899055e-01,1.721652228428712794e-01,1.000000000000000000e+00,5.000000000000000000e-01,2.000000000000000111e-01,0.000000000000000000e+00,1.402676329458749649e+00,1.402676329458749649e+00,-1.772132613463134554e+00,4.653466140962976838e-01
6.243156585616382870e-02,1.215775481113938516e+00,2.389985875230052903e-01,1.000000000000000000e+00,5.000000000000000000e-01,2.000000000000000111e-01,0.000000000000000000e+00,-1.086205953072549302e-01,-1.086205953072549302e-01,-1.741393630488065725e+00,-7.590276701547411797e-02
8.093752731306143033e-01,1.117650983954315613e+00,4.559252790681088685e-01,1.000000000000000000e+00,5.000000000000000000e-01,2.000000000000000111e-01,0.000000000000000000e+00,-1.420930753340188923e+00,-1.420930753340188923e+00,-2.017624860620178762e+00,-9.045990704027240259e-01
-1.033560829034223083e+00,2.672834500822617088e+00,3.089803407810036706e-01,1.000000000000000000e+00,5.000000000000000000e-01,2.000000000000000111e-01,0.000000000000000000e+00,4.946282842663380031e+00,4.946282842663380031e+00,-5.212970926782190872e+00,2.762537042541497900e+00
1.327213182258446089e+00,1.609200286158179782e+00,8.801492548801704840e-01,1.000000000000000000e+00,5.000000000000000000e-01,2.000000000000000111e-01,0.000000000000000000e+00,-3.513215244496067591e+00,-3.513215244496067591e+00,-3.351659679182138696e+00,-2.135751832683199680e+00
-8.540220772224449419e-01,7.987987692810548657e-01,7.563216172766479284e-01,1.000000000000000000e+00,5.000000000000000000e-01,2.000000000000000111e-01,0.000000000000000000e+00,1.251065889861076252e+00,1.251065889861076252e+00,-1.756651961932467865e+00,6.821917842241390639e-01
2.491190815694362293e+00,1.311960424310574247e+00,6.914587268957782529e-01,1.000000000000000000e+00,5.000000000000000000e-01,2.000000000000000111e-01,0.000000000000000000e+00,-7.727241473235667790e+00,-7.727241473235667790e+00,-5.584239085598556862e+00,-3.268343759596981091e+00
-2.106456487095215380e+00,1.810129074272477379e-01,1.395048992105831775e-01,1.000000000000000000e+00,5.000000000000000000e-01,2.000000000000000111e-01,0.000000000000000000e+00,4.010302662282101416e+00,4.010302662282101416e+00,-3.678678195542942397e+00,3.812958130980916849e-01
4.669464280669015643e-01,8.348598291184241571e-01,3.691372362979750132e-01,1.000000000000000000e+00,5.000000000000000000e-01,2.000000000000000111e-01,0.000000000000000000e+00,-6.500376449789532218e-01,-6.500376449789532218e-01,-1.479318847148485050e+00,-3.898348151433919662e-01
-8.717341170169836673e-01,2.048023621507888858e+00,7.917897485445481998e-01,1.000000000000000000e+00,5.000000000000000000e-01,2.000000000000000111e-01,0.000000000000000000e+00,2.832424938663121505e+00,2.832424938663121505e+00,-3.553152599589972205e+00,1.785332063325104635e+00
-2.711270136108097084e-01,7.361272578466913075e-01,5.610295746171718445e-01,1.000000000000000000e+00,5.000000000000000000e-01,2.000000000000000111e-01,0.000000000000000000e+00,3.485727210535537468e-01,3.485727210535537468e-01,-1.315047584378154166e+00,1.995839850574878949e-01
-2.305872864647859011e+00,8.993256719120513720e-01,1.441192532614877786e-01,1.000000000000000000e+00,5.000000000000000000e-01,2.000000000000000111e-01,0.000000000000000000e+00,5.690440585583750099e+00,5.690440585583750099e+00,-4.594623132831625156e+00,2.073730663343202441e+00
-9.715777332215744799e-01,2.738785899960341830e+00,8.504873505357799512e-01,1.000000000000000000e+00,5.000000000000000000e-01,2.000000000000000111e-01,0.000000000000000000e+00,4.798881603671150131e+00,4.798881603671150131e+00,-5.316852077925974029e+00,2.660943396462678745e+00
-1.867608214064174987e+00,8.136622275667364512e-01,9.186018872570874683e-01,1.000000000000000000e+00,5.000000000000000000e-01,2.000000000000000111e-01,0.000000000000000000e+00,3.788658407954588192e+00,3.788658407954588192e+00,-3.423799375028418357e+00,1.519602259677391043e+00
1.057466701133805032e+00,1.725819399209683747e+00,7.636410455907238770e-01,1.000000000000000000e+00,5.000000000000000000e-01,2.000000000000000111e-01,0.000000000000000000e+00,-2.868773352723484660e+00,-2.868773352723484660e+00,-3.160167793748324350e+00,-1.824996546834989575e+00
1.652927303011233917e+00,2.974472690521717144e+00,5.951234289207822936e-01,1.000000000000000000e+00,5.000000000000000000e-01,2.000000000000000111e-01,0.000000000000000000e+00,-9.868269603722808370e+00,-9.868269603722808370e+00,-7.063045094753746866e+00,-4.916587122224630235e+00
1.715025077487650762e+00,2.677563022266347126e-01,1.644521032029195862e-01,1.000000000000000000e+00,5.000000000000000000e-01,2.000000000000000111e-01,0.000000000000000000e+00,-2.785387529755720681e+00,-2.785387529755720681e+00,-2.800633328537954547e+00,-4.592087729740410573e-01
2.474087397402470856e+00,1.227292134283658465e+00,3.526518069268101963e-01,1.000000000000000000e+00,5.000000000000000000e-01,2.000000000000000111e-01,0.000000000000000000e+00,-7.366210954060160354e+00,-7.366210954060160354e+00,-5.425788061428708176e+00,-3.036428002362380418e+00
-7.033704350794218740e-01,2.403029479751729092e+00,4.437083085169249985e-01,1.000000000000000000e+00,5.000000000000000000e-01,2.000000000000000111e-01,0.000000000000000000e+00,2.803790234065365095e+00,2.803790234065365095e+00,-4.184113321644222339e+00,1.690219890681650572e+00
8.384008911515254958e-01,2.299289918307435343e+00,5.717531505537546410e-01,1.000000000000000000e+00,5.000000000000000000e-01,2.000000000000000111e-01,0.000000000000000000e+00,-3.172467282693291146e+00,-3.172467282693291146e+00,-4.065116696785309180e+00,-1.927726716524672090e+00
2.737027279191523554e+00,1.864171034015716266e+00,5.393991285293640026e-01,1.000000000000000000e+00,5.000000000000000000e-01,2.000000000000000111e-01,0.000000000000000000e+00,-1.159358359415255357e+01,-1.159358359415255357e+01,-7.232357818254746107e+00,-5.102286973179684715e+00
-2.509147947979517568e-03,2.133029237628036423e+00,1.441038945932590076e-01,1.000000000000000000e+00,5.000000000000000000e-01,2.000000000000000111e-01,0.000000000000000000e+00,8.217228997782809533e-03,8.217228997782809533e-03,-3.274910641782076137e+00,5.352085934574702698e-03
1.199954960683848881e-01,4.326709980371753472e-01,5.977313806147970254e-01,1.000000000000000000e+00,5.000000000000000000e-01,2.000000000000000111e-01,0.000000000000000000e+00,-1.315728871309847503e-01,-1.315728871309847503e-01,-1.102241447717261291e+00,-5.191857104387403998e-02
9.338445323319435332e-01,1.819983452740903118e-01,8.092097797223104516e-01,1.000000000000000000e+00,5.000000000000000000e-01,2.000000000000000111e-01,0.000000000000000000e+00,-1.112185324693381494e+00,-1.112185324693381494e+00,-1.539801065181013451e+00,-1.699581596276704409e-01
-2.818144216820184678e+00,3.729843067342646368e-01,2.121625638162808469e-01,1.000000000000000000e+00,5.000000000000000000e-01,2.000000000000000111e-01,0.000000000000000000e+00,7.490475182040562174e+00,7.490475182040562174e+00,-5.834720742613251687e+00,1.051123566987853808e+00
2.095234204117622845e+00,2.698031548628629483e+00,7.291154131671029326e-02,1.000000000000000000e+00,5.000000000000000000e-01,2.000000000000000111e-01,0.000000000000000000e+00,-1.156084944808676518e+01,-1.156084944808676518e+01,-7.273690940760346280e+00,-5.653007984475143743e+00
-5.033321137035500215e-01,5.351804852294161918e-01,3.915312836273994179e-01,1.000000000000000000e+00,5.000000000000000000e-01,2.000000000000000111e-01,0.000000000000000000e+00,6.009169959197102617e-01,6.009169959197102617e-01,-1.295215005896366733e+00,2.693735248434135920e-01
1.530678101295341875e+00,2.073301597778649086e+00,3.909425400643223858e-01,1.000000000000000000e+00,5.000000000000000000e-01,2.000000000000000111e-01,0.000000000000000000e+00,-5.537817109279719041e+00,-5.537817109279719041e+00,-4.555075027546817701e+00,-3.173557353100421086e+00
-2.204736551324295135e+00,2.336680035182684412e-01,9.262599371796427228e-01,1.000000000000000000e+00,5.000000000000000000e-01,2.000000000000000111e-01,0.000000000000000000e+00,4.408311250764154643e+00,4.408311250764154643e+00,-3.943818324381314966e+00,5.151763882317004217e-01
-4.594956643024250553e-02,2.665984626865022911e+00,2.664885111921713179e-01,1.000000000000000000e+00,5.000000000000000000e-01,2.000000000000000111e-01,0.000000000000000000e+00,2.092616447319501916e-01,2.092616447319501916e-01,-4.555003832933393504e+00,1.225008377141396515e-01
4.134684652511513292e-01,2.310434464762015860e+00,7.744164823344187321e-01,1.000000000000000000e+00,5.000000000000000000e-01,2.000000000000000111e-01,0.000000000000000000e+00,-1.531175002754893599e+00,-1.531175002754893599e+00,-3.771627411034356836e+00,-9.552917922085160107e-01
1.637416471724936429e+00,2.532155741253572678e+00,8.232803669581201245e-01,1.000000000000000000e+00,5.000000000000000000e-01,2.000000000000000111e-01,0.000000000000000000e+00,-7.764846504141624806e+00,-7.764846504141624806e+00,-5.814585970107398971e+00,-4.146193519701466101e+00
5.810971789486827355e-01,2.934163185973252652e+00,1.319908363292703335e-01,1.000000000000000000e+00,5.000000000000000000e-01,2.000000000000000111e-01,0.000000000000000000e+00,-3.121765376115138046e+00,-3.121765376115138046e+00,-5.507261159789624827e+00,-1.705033949944136262e+00
7.329717046688197790e-01,1.947222271209186673e+00,9.087404627674984248e-01,1.000000000000000000e+00,5.000000000000000000e-01,2.000000000000000111e-01,0.000000000000000000e+00,-2.201324238600129490e+00,-2.201324238600129490e+00,-3.218185798653601104e+00,-1.427258827497288385e+00
2.546642411850298160e+00,2.652539002243766486e+00,5.750877882025935417e-01,1.000000000000000000e+00,5.000000000000000000e-01,2.000000000000000111e-01,0.000000000000000000e+00,-1.480887611614299182e+01,-1.480887611614299182e+01,-8.409214123512999350e+00,-6.755068322201048581e+00
-1.376195176239194851e+00,2.990881075708044623e+00,8.627645855132157759e-01,1.000000000000000000e+00,5.000000000000000000e-01,2.000000000000000111e-01,0.000000000000000000e+00,8.052761260905995755e+00,8.052761260905995755e+00,-6.609032702376672397e+00,4.116036109094505235e+00
-3.077788325615480325e-01,2.754775260065946973e-01,7.895550002297295755e-01,1.000000000000000000e+00,5.000000000000000000e-01,2.000000000000000111e-01,0.000000000000000000e+00,3.252882151090861762e-01,3.252882151090861762e-01,-1.094780619531126709e+00,8.478615135125319724e-02
2.285042542856828618e+00,1.402971312979349738e-01,4.872355596321485960e-01,1.000000000000000000e+00,5.000000000000000000e-01,2.000000000000000111e-01,0.000000000000000000e+00,-4.693764217696502428e+00,-4.693764217696502428e+00,-4.142693296124576818e+00,-3.205849136565516733e-01
-2.615112880969494569e-01,2.229341984844320557e+00,8.467941943172123676e-01,1.000000000000000000e+00,5.000000000000000000e-01,2.000000000000000111e-01,0.000000000000000000e+00,9.149392070271609168e-01,9.149392070271609168e-01,-3.526015734976082783e+00,5.829980940652482735e-01
5.509934615836264982e-01,1.755726039170596886e+00,3.272647924369677108e-01,1.000000000000000000e+00,5.000000000000000000e-01,2.000000000000000111e-01,0.000000000000000000e+00,-1.433688139413270335e+00,-1.433688139413270335e+00,-2.723443239135580285e+00,-9.673935679151169920e-01
3.302631386162957483e-02,7.341736114696005844e-01,3.214687086333626320e-01,1.000000000000000000e+00,5.000000000000000000e-01,2.000000000000000111e-01,0.000000000000000000e+00,-4.193428991217407198e-02,-4.193428991217407198e-02,-1.270159888333530329e+00,-2.424704812132111656e-02
2.843615448268788093e+00,2.030454546590481080e+00,5.976204004736047626e-01,1.000000000000000000e+00,5.000000000000000000e-01,2.000000000000000111e-01,0.000000000000000000e+00,-1.330414661946636912e+01,-1.330414661946636912e+01,-7.913062123464719377e+00,-5.773831915692289485e+00
1.074131340637874743e+00,1.978039178230263317e+00,3.759509457562486556e-01,1.000000000000000000e+00,5.000000000000000000e-01,2.000000000000000111e-01,0.000000000000000000e+00,-3.423332977728670734e+00,-3.423332977728670734e+00,-3.648574377471238694e+00,-2.124673874346712843e+00
1.637887859788260236e+00,1.024201538024078317e+00,2.104233859694771835e-01,1.000000000000000000e+00,5.000000000000000000e-01,2.000000000000000111e-01,0.000000000000000000e+00,-3.375735562773245491e+00,-3.375735562773245491e+00,-3.134100379990504504e+00,-1.677527265106102172e+00
-2.808031953333549602e+00,1.539513806142839281e-01,8.069654158271175604e-01,1.000000000000000000e+00,5.000000000000000000e-01,2.000000000000000111e-01,0.000000000000000000e+00,7.269599367471449192e+00,7.269599367471449192e+00,-5.742876584361860992e+00,4.323003960247244759e-01
-6.312982680984360329e-01,2.958394694426851768e+00,8.123506405765499316e-01,1.000000000000000000e+00,5.000000000000000000e-01,2.000000000000000111e-01,0.000000000000000000e+00,3.444209998716232235e+00,3.444209998716232235e+00,-5.615172085988923811e+00,1.867629446943273486e+00
1.484074415740596287e+00,1.626849962543587713e+00,8.266417174801010681e-02,1.000000000000000000e+00,5.000000000000000000e-01,2.000000000000000111e-01,0.000000000000000000e+00,-4.101708280911847915e+00,-4.101708280911847915e+00,-3.644806523187511971e+00,-2.414366407659485958e+00
-1.990697433196004562e+00,2.895129860947592837e-01,7.068574495080345299e-01,1.000000000000000000e+00,5.000000000000000000e-01,2.000000000000000111e-01,0.000000000000000000e+00,3.651902866079963950e+00,3.651902866079963950e+00,-3.419634646878648709e+00,5.763327582957478157e-01
1.677585247411194302e+00,2.393905210390650851e+00,9.190797498001953558e-01,1.000000000000000000e+00,5.000000000000000000e-01,2.000000000000000111e-01,0.000000000000000000e+00,-7.428766084447293139e+00,-7.428766084447293139e+00,-5.553966435566760396e+00,-4.015980064652147519e+00
2.526817577405878978e+00,2.630232809049893206e+00,8.120628092388917363e-01,1.000000000000000000e+00,5.000000000000000000e-01,2.000000000000000111e-01,0.000000000000000000e+00,-1.449388558234578994e+01,-1.449388558234578994e+01,-8.289946556593635663e+00,-6.646118494576911395e+00
1.567498111553675244e+00,1.120341070784571791e+00,1.464366970833288484e-01,1.000000000000000000e+00,5.000000000000000000e-01,2.000000000000000111e-01,0.000000000000000000e+00,-3.321516151808159734e+00,-3.321516151808159734e+00,-3.101812255277963892e+00,-1.756132512750838703e+00
1.338317278115917830e+00,2.384833530746145236e+00,8.740397549098466445e-02,1.000000000000000000e+00,5.000000000000000000e-01,2.000000000000000111e-01,0.000000000000000000e+00,-5.623521023682974018e+00,-5.623521023682974018e+00,-4.918371366827722468e+00,-3.191663919627754975e+00
-1.349074913501901785e+00,2.030821145268357775e-01,4.451443499051384034e-01,1.000000000000000000e+00,5.000000000000000000e-01,2.000000000000000111e-01,0.000000000000000000e+00,1.867958531112869913e+00,1.867958531112869913e+00,-2.112623045964443946e+00,2.739729860890742774e-01
-2.273914616026548430e+00,2.102204817864749664e+00,8.951323491517302333e-01,1.000000000000000000e+00,5.000000000000000000e-01,2.000000000000000111e-01,0.000000000000000000e+00,9.649970821797641207e+00,9.649970821797641207e+00,-6.312045156714382266e+00,4.780234261224082459e+00
2.631452965762731466e+00,2.927228186779808006e+00,9.119428255920408732e-01,1.000000000000000000e+00,5.000000000000000000e-01,2.000000000000000111e-01,0.000000000000000000e+00,-1.754979498495650603e+01,-1.754979498495650603e+01,-9.439059255351986977e+00,-7.702863293565988201e+00
-4.695464725054327992e-01,2.246253700478591409e+00,2.590965345472562298e-02,1.000000000000000000e+00,5.000000000000000000e-01,2.000000000000000111e-01,0.000000000000000000e+00,1.674835934590100495e+00,1.674835934590100495e+00,-3.655112177362259906e+00,1.054720501411997580e+00
2.408975484646412646e+00,8.059592725526625312e-01,8.998205556239475822e-01,1.000000000000000000e+00,5.000000000000000000e-01,2.000000000000000111e-01,0.000000000000000000e+00,-5.987310432787198877e+00,-5.987310432787198877e+00,-4.806682905883260304e+00,-1.941536129202820371e+00
1.004661824795493708e+00,1.183847145794903799e+00,6.450832992335211458e-01,1.000000000000000000e+00,5.000000000000000000e-01,2.000000000000000111e-01,0.000000000000000000e+00,-1.911485771695699221e+00,-1.911485771695699221e+00,-2.306354261624216750e+00,-1.189366033773245013e+00
2.588433135212637737e+00,2.011762020707730692e+00,6.580603929907494765e-01,1.000000000000000000e+00,5.000000000000000000e-01,2.000000000000000111e-01,0.000000000000000000e+00,-1.129486206546656746e+01,-1.129486206546656746e+01,-7.043584871261061586e+00,-5.207311474562223097e+00
-2.847777137206469966e+00,1.310960471225841584e+00,2.373537915416151778e-01,1.000000000000000000e+00,5.000000000000000000e-01,2.000000000000000111e-01,0.000000000000000000e+00,9.913897071100549852e+00,9.913897071100549852e+00,-6.725209452475867877e+00,3.733323257738371925e+00
1.798197001962959618e+00,2.981821715135513085e+00,6.272706948513040448e-01,1.000000000000000000e+00,5.000000000000000000e-01,2.000000000000000111e-01,0.000000000000000000e+00,-1.095521468740982662e+01,-1.095521468740982662e+01,-7.385737845147992253e+00,-5.361902868544730083e+00
1.434865913630693157e+00,2.349639461384002814e+00,9.401782611925126876e-01,1.000000000000000000e+00,5.000000000000000000e-01,2.000000000000000111e-01,0.000000000000000000e+00,-5.986505720237446759e+00,-5.986505720237446759e+00,-4.995706913305999919e+00,-3.371417572461486767e+00
3.786648306462003788e-01,1.298365499508369325e+00,5.822247652393247597e-01,1.000000000000000000e+00,5.000000000000000000e-01,2.000000000000000111e-01,0.000000000000000000e+00,-7.086916390553219536e-01,-7.086916390553219536e-01,-1.928908717537798134e+00,-4.916453519882060252e-01
-2.022935039846466054e+00,2.109461986504848063e+00,9.132500772218969942e-01,1.000000000000000000e+00,5.000000000000000000e-01,2.000000000000000111e-01,0.000000000000000000e+00,8.179471152808094558e+00,8.179471152808094558e+00,-5.680274641517664591e+00,4.267304567724790054e+00
-1.778989972708193035e+00,2.094839182677077360e-01,6.884971611189508733e-01,1.000000000000000000e+00,5.000000000000000000e-01,2.000000000000000111e-01,0.000000000000000000e+00,2.944055523663966945e+00,2.944055523663966945e+00,-2.920824949804174508e+00,3.726697900418747267e-01
2.575263757957567456e+00,1.000099530847711637e+00,2.386933910173173468e-01,1.000000000000000000e+00,5.000000000000000000e-01,2.000000000000000111e-01,0.000000000000000000e+00,-7.278973278428114035e+00,-7.278973278428114035e+00,-5.479289589630747415e+00,-2.575520076142478132e+00
-6.614477810081638154e-01,1.172425528713373355e-01,3.512882235388505858e-01,1.000000000000000000e+00,5.000000000000000000e-01,2.000000000000000111e-01,0.000000000000000000e+00,7.238722735161180477e-01,7.238722735161180477e-01,-1.269380808302268404e+00,7.754982643647841123e-02
1.515084088616832858e+00,1.022606177042599818e+00,2.590360600867361862e-01,1.000000000000000000e+00,5.000000000000000000e-01,2.000000000000000111e-01,0.000000000000000000e+00,-3.002832508582808480e+00,-3.002832508582808480e+00,-2.900149574010780107e+00,-1.549334347758531072e+00
2.855751364864913988e+00,5.303090870941187251e-01,2.986799291687459723e-01,1.000000000000000000e+00,5.000000000000000000e-01,2.000000000000000111e-01,0.000000000000000000e+00,-7.915220477130595178e+00,-7.915220477130595178e+00,-6.033803378683990637e+00,-1.514430899269296082e+00
-1.631801339099971049e+00,1.458636903060109624e+00,6.684669252497937864e-01,1.000000000000000000e+00,5.000000000000000000e-01,2.000000000000000111e-01,0.000000000000000000e+00,4.236753400620316690e+00,4.236753400620316690e+00,-3.661476173657469246e+00,2.380205651674121459e+00
-2.599044790145921269e+00,9.905301990482708874e-01,4.900449529944518323e-01,1.000000000000000000e+00,5.000000000000000000e-01,2.000000000000000111e-01,0.000000000000000000e+00,7.385398377872312459e+00,7.385398377872312459e+00,-5.543595330324097681e+00,2.574432353318610645e+00
-2.787430524044339553e+00,1.775571006985112721e-01,9.026880615328332080e-01,1.000000000000000000e+00,5.000000000000000000e-01,2.000000000000000111e-01,0.000000000000000000e+00,7.162907735742717108e+00,7.162907735742717108e+00,-5.677624617828691989e+00,4.949280822478448472e-01
-4.117193482318786124e-01,4.788554592914644470e-01,1.974723886420297614e-01,1.000000000000000000e+00,5.000000000000000000e-01,2.000000000000000111e-01,0.000000000000000000e+00,4.728818383268670322e-01,4.728818383268670322e-01,-1.216358968471709323e+00,1.971540575967586362e-01
1.947714961804924094e+00,1.230565533875524586e+00,1.306538882156489390e-01,1.000000000000000000e+00,5.000000000000000000e-01,2.000000000000000111e-01,0.000000000000000000e+00,-4.900186891651533649e+00,-4.900186891651533649e+00,-4.033301910044431615e+00,-2.396790901810823549e+00
1.797099745952246863e+00,1.803850941233118954e+00,8.857354291271313240e-02,1.000000000000000000e+00,5.000000000000000000e-01,2.000000000000000111e-01,0.000000000000000000e+00,-5.881642591228008143e+00,-5.881642591228008143e+00,-4.564679607234783276e+00,-3.241700068225759512e+00
5.426602851801556326e-01,7.963360061125956957e-01,2.487067727945169171e-01,1.000000000000000000e+00,5.000000000000000000e-01,2.000000000000000111e-01,0.000000000000000000e+00,-7.466851160768636086e-01,-7.466851160768636086e-01,-1.493763628382764885e+00,-4.321399241762873267e-01
-2.982905548006656637e+00,1.203283785819286411e+00,7.148478498381168889e-01,1.000000000000000000e+00,5.000000000000000000e-01,2.000000000000000111e-01,0.000000000000000000e+00,1.045058284949204008e+01,1.045058284949204008e+01,-7.062581239605133732e+00,3.589281880546803194e+00
-1.521738365210349553e+00,2.837739409747367603e+00,1.656649284135105482e-01,1.000000000000000000e+00,5.000000000000000000e-01,2.000000000000000111e-01,0.000000000000000000e+00,8.353613204661462177e+00,8.353613204661462177e+00,-6.415795070108509357e+00,4.318296930281941393e+00
-2.108473617027089908e+00,1.228524090875583008e+00,6.394190846012385299e-01,1.000000000000000000e+00,5.000000000000000000e-01,2.000000000000000111e-01,0.000000000000000000e+00,5.574314908168262583e+00,5.574314908168262583e+00,-4.422032317150418557e+00,2.590310633493357884e+00
-2.061180992738855799e+00,1.447269888483422973e+00,9.120743102704337302e-01,1.000000000000000000e+00,5.000000000000000000e-01,2.000000000000000111e-01,0.000000000000000000e+00,5.971217595325070349e+00,5.971217595325070349e+00,-4.596375315952171192e+00,2.983085185505315096e+00
-2.203750796956480240e+00,1.491667038679784785e+00,6.262590054576399057e-01,1.000000000000000000e+00,5.000000000000000000e-01,2.000000000000000111e-01,0.000000000000000000e+00,6.796012195905976938e+00,6.796012195905976938e+00,-5.026445822193652546e+00,3.287262425284288359e+00
-2.793046510136218963e+00,2.776721784152057282e+00,2.066619444278537943e-01,1.000000000000000000e+00,5.000000000000000000e-01,2.000000000000000111e-01,0.000000000000000000e+00,1.791826952682741236e+01,1.791826952682741236e+01,-9.535757217962760990e+00,7.755513088845119363e+00
2.353253834225998986e-02,5.015029022659376334e-01,7.627794389449988888e-01,1.000000000000000000e+00,5.000000000000000000e-01,2.000000000000000111e-01,0.000000000000000000e+00,-2.649442213580756669e-02,-2.649442213580756669e-02,-1.126084848707077146e+00,-1.180163627632784158e-02
-9.507883819101103917e-01,1.401103936096699476e+00,8.388087409465019295e-01,1.000000000000000000e+00,5.000000000000000000e-01,2.000000000000000111e-01,0.000000000000000000e+00,2.055933292177716254e+00,2.055933292177716254e+00,-2.523945248177979828e+00,1.332153344289267682e+00
-8.847217594718181921e-01,2.430437466019717885e+00,5.272590927133975480e-01,1.000000000000000000e+00,5.000000000000000000e-01,2.000000000000000111e-01,0.000000000000000000e+00,3.636259210791018770e+00,3.636259210791018770e+00,-4.423152693125919299e+00,2.150260911223192295e+00
-1.345285417244409309e+00,1.592907376510511064e+00,3.829190839331259033e-01,1.000000000000000000e+00,5.000000000000000000e-01,2.000000000000000111e-01,0.000000000000000000e+00,3.538955610998831158e+00,3.538955610998831158e+00,-3.354552667381078379e+00,2.142915064640640299e+00
1.746451422808558362e+00,1.002323119215261293e+00,6.061988457058385960e-01,1.000000000000000000e+00,5.000000000000000000e-01,2.000000000000000111e-01,0.000000000000000000e+00,-3.689106764262377158e+00,-3.689106764262377158e+00,-3.332381360994728148e+00,-1.750508637667405276e+00
-1.259401456228027349e+00,1.130491670201457577e+00,9.821540238007653301e-02,1.000000000000000000e+00,5.000000000000000000e-01,2.000000000000000111e-01,0.000000000000000000e+00,2.463671497612102357e+00,2.463671497612102357e+00,-2.590660924967006284e+00,1.423742855705370403e+00
-2.057321126843951298e+00,5.876232701060399854e-01,6.596796044289029437e-01,1.000000000000000000e+00,5.000000000000000000e-01,2.000000000000000111e-01,0.000000000000000000e+00,4.154069985170015578e+00,4.154069985170015578e+00,-3.712192685160137451e+00,1.208929768214285660e+00
-1.305699740823277999e+00,2.010562628860999901e+00,2.273923025646589213e-01,1.000000000000000000e+00,5.000000000000000000e-01,2.000000000000000111e-01,0.000000000000000000e+00,4.389960218017132654e+00,4.389960218017132654e+00,-4.044092130197812551e+00,2.625191103412776172e+00
-1.505875219967971690e+00,2.532655312089289179e+00,6.369481260319515004e-01,1.000000000000000000e+00,5.000000000000000000e-01,2.000000000000000111e-01,0.000000000000000000e+00,7.018437909095871952e+00,7.018437909095871952e+00,-5.567767571795199544e+00,3.813862875195510149e+00
-9.201566692905034373e-01,2.183652720400417024e+00,3.106723180674728635e-01,1.000000000000000000e+00,5.000000000000000000e-01,2.000000000000000111e-01,0.000000000000000000e+00,3.269783405456265335e+00,3.269783405456265335e+00,-3.892182579279946708e+00,2.009302614090794581e+00
-7.228064050860236733e-01,1.491108703283653414e-01,3.712873445821314178e-01,1.000000000000000000e+00,5.000000000000000000e-01,2.000000000000000111e-01,0.000000000000000000e+00,8.063677736093324278e-01,8.063677736093324278e-01,-1.324586485365069954e+00,1.077782921412939882e-01
-1.635064936951509118e+00,2.356576964269849306e+00,9.285183023077604458e-01,1.000000000000000000e+00,5.000000000000000000e-01,2.000000000000000111e-01,0.000000000000000000e+00,7.049443436077286407e+00,7.049443436077286407e+00,-5.380789903092594528e+00,3.853156365505260084e+00
7.696651612298053280e-01,2.241679339960240824e+00,3.412089579223036573e-01,1.000000000000000000e+00,5.000000000000000000e-01,2.000000000000000111e-01,0.000000000000000000e+00,-2.794685005260984401e+00,-2.794685005260984401e+00,-3.867993807848832066e+00,-1.725342490616022406e+00
-2.069326788844747966e+00,1.135413439786601142e+00,7.879996219196460094e-01,1.000000000000000000e+00,5.000000000000000000e-01,2.000000000000000111e-01,0.000000000000000000e+00,5.175395634523926702e+00,5.175395634523926702e+00,-4.213849855042330894e+00,2.349541447364777103e+00
2.454865344740126964e+00,8.530480286664515743e-01,1.031743029981850857e-01,1.000000000000000000e+00,5.000000000000000000e-01,2.000000000000000111e-01,0.000000000000000000e+00,-6.306839338253672267e+00,-6.306839338253672267e+00,-4.979663786089497890e+00,-2.094118042972154203e+00
2.299173903383183060e+00,2.883434008120492109e+00,6.914975294200299549e-01,1.000000000000000000e+00,5.000000000000000000e-01,2.000000000000000111e-01,0.000000000000000000e+00,-1.428783908262461644e+01,-1.428783908262461644e+01,-8.328816222391861146e+00,-6.629516223598209024e+00
-3.903333514537710158e-02,4.165124091625995728e-01,7.717037108543511881e-02,1.000000000000000000e+00,5.000000000000000000e-01,2.000000000000000111e-01,0.000000000000000000e+00,4.243103137290523547e-02,4.243103137290523547e-02,-1.087655454244759179e+00,1.625786845905218686e-02
1.382649776757126858e+00,2.370515767623411651e+00,5.066818179294709790e-01,1.000000000000000000e+00,5.000000000000000000e-01,2.000000000000000111e-01,0.000000000000000000e+00,-5.796090793074242242e+00,-5.796090793074242242e+00,-4.956704745375525967e+00,-3.277593096903759218e+00
-1.715718128536694032e+00,8.098271104935711451e-01,8.875211576637772604e-01,1.000000000000000000e+00,5.000000000000000000e-01,2.000000000000000111e-01,0.000000000000000000e+00,3.288427228521715318e+00,3.288427228521715318e+00,-3.094123192398857025e+00,1.389435054454308371e+00
-1.251840183942631413e+00,1.630236507303220783e+00,2.689967851642472985e-01,1.000000000000000000e+00,5.000000000000000000e-01,2.000000000000000111e-01,0.000000000000000000e+00,3.307682617746626974e+00,3.307682617746626974e+00,-3.269097842552215027e+00,2.040795569172456858e+00
2.450446954116168641e+00,2.107359343097632731e+00,2.809050349256867474e-01,1.000000000000000000e+00,5.000000000000000000e-01,2.000000000000000111e-01,0.000000000000000000e+00,-1.083445457263082901e+01,-1.083445457263082901e+01,-6.823295865432768892e+00,-5.163972283521844453e+00
-1.576287821347102103e-01,2.745552898753691462e+00,9.160382539280673697e-01,1.000000000000000000e+00,5.000000000000000000e-01,2.000000000000000111e-01,0.000000000000000000e+00,7.525197628026063512e-01,7.525197628026063512e-01,-4.783938459701762014e+00,4.327781597169677030e-01
1.444116187310976684e+00,2.319110151544212517e+00,4.296656794399981161e-01,1.000000000000000000e+00,5.000000000000000000e-01,2.000000000000000111e-01,0.000000000000000000e+00,-5.929873587275451108e+00,-5.929873587275451108e+00,-4.940418884969865587e+00,-3.349064510002209616e+00
1.873532858504512788e+00,2.411216599587276965e-01,6.336594443318817049e-01,1.000000000000000000e+00,5.000000000000000000e-01,2.000000000000000111e-01,0.000000000000000000e+00,-3.243263179767857274e+00,-3.243263179767857274e+00,-3.135145050588280746e+00,-4.517493528298281991e-01
1.210442955769013729e+00,2.599539896566799513e+00,7.141072857707873034e-01,1.000000000000000000e+00,5.000000000000000000e-01,2.000000000000000111e-01,0.000000000000000000e+00,-5.654993720486227282e+00,-5.654993720486227282e+00,-5.257907126423759792e+00,-3.146594756039792884e+00
-2.825871547979987852e-01,2.916457249580933997e+00,7.246908446678829163e-01,1.000000000000000000e+00,5.000000000000000000e-01,2.000000000000000111e-01,0.000000000000000000e+00,1.488904397808738844e+00,1.488904397808738844e+00,-5.300774744350690071e+00,8.241533562490731546e-01
-7.232412510256689409e-01,1.102844275057487389e-01,9.637048445044744671e-01,1.000000000000000000e+00,5.000000000000000000e-01,2.000000000000000111e-01,0.000000000000000000e+00,8.033018219119815173e-01,8.033018219119815173e-01,-1.319928071786240276e+00,7.976224731790741707e-02
-2.639665637260248943e+00,8.886369452905605870e-01,9.536133852435340064e-01,1.000000000000000000e+00,5.000000000000000000e-01,2.000000000000000111e-01,0.000000000000000000e+00,7.360456189665571358e+00,7.360456189665571358e+00,-5.575538616187204255e+00,2.345704408483408443e+00
2.187760092640276710e+00,2.648880686733348977e+00,7.680348352454269278e-02,1.000000000000000000e+00,5.000000000000000000e-01,2.000000000000000111e-01,0.000000000000000000e+00,-1.195729749635082939e+01,-1.195729749635082939e+01,-7.380060980044104824e+00,-5.795115456600790971e+00
1.156661377896035958e+00,1.594375159186228519e+00,5.182619611747352195e-02,1.000000000000000000e+00,5.000000000000000000e-01,2.000000000000000111e-01,0.000000000000000000e+00,-2.936288062018085121e+00,-2.936288062018085121e+00,-3.073735399984869776e+00,-1.844152168507554812e+00
-2.623225478535358590e+00,2.673985933177158714e-02,7.441987139604057111e-01,1.000000000000000000e+00,5.000000000000000000e-01,2.000000000000000111e-01,0.000000000000000000e+00,6.234409854238474047e+00,6.234409854238474047e+00,-5.129144656780778355e+00,7.014468029155469797e-02
2.003691262139194684e+00,2.304633287414864284e+00,2.022569056895138218e-01,1.000000000000000000e+00,5.000000000000000000e-01,2.000000000000000111e-01,0.000000000000000000e+00,-8.933704005431655659e+00,-8.933704005431655659e+00,-6.064534499114097699e+00,-4.617773580428290892e+00
-1.291352891451605478e+00,2.960619468756608086e+00,7.012231141229504638e-01,1.000000000000000000e+00,5.000000000000000000e-01,2.000000000000000111e-01,0.000000000000000000e+00,7.381569771452941353e+00,7.381569771452941353e+00,-6.383189193546582985e+00,3.823204511466761879e+00
2.106135528426816172e+00,4.468124014880222594e-01,1.145613740396568270e-01,1.000000000000000000e+00,5.000000000000000000e-01,2.000000000000000111e-01,0.000000000000000000e+00,-4.184853455904840480e+00,-4.184853455904840480e+00,-3.761304779522769870e+00,-9.410474733156305449e-01
-2.102299744611057619e+00,2.600609117448406060e+00,4.596423317372497763e-01,1.000000000000000000e+00,5.000000000000000000e-01,2.000000000000000111e-01,0.000000000000000000e+00,1.106969448537780565e+01,1.106969448537780565e+01,-7.033382420592920070e+00,5.467259883444971713e+00
-2.867263498538325628e+00,1.861131014230606784e+00,4.344716495929087374e-01,1.000000000000000000e+00,5.000000000000000000e-01,2.000000000000000111e-01,0.000000000000000000e+00,1.254755887328850505e+01,1.254755887328850505e+01,-7.664624308095667971e+00,5.336353023101032100e+00
2.151855882751311455e+00,1.829803711605100247e+00,4.363577378256249251e-01,1.000000000000000000e+00,5.000000000000000000e-01,2.000000000000000111e-01,0.000000000000000000e+00,-7.747084778978813091e+00,-7.747084778978813091e+00,-5.452381055580756808e+00,-3.937473881097619088e+00
2.335931112304033164e+00,1.398922801206198274e-01,5.555081542275086548e-01,1.000000000000000000e+00,5.000000000000000000e-01,2.000000000000000111e-01,0.000000000000000000e+00,-4.908024293142419836e+00,-4.908024293142419836e+00,-4.283729421876648402e+00,-3.267787295049068841e-01
-4.079355091767489228e-02,2.917907118265794963e+00,1.288447152491436487e-01,1.000000000000000000e+00,5.000000000000000000e-01,2.000000000000000111e-01,0.000000000000000000e+00,2.144689854065412182e-01,2.144689854065412182e-01,-5.258089443690981746e+00,1.190317926020217215e-01
2.479202915269364205e+00,2.994431618342418666e+00,4.470720294411416607e-01,1.000000000000000000e+00,5.000000000000000000e-01,2.000000000000000111e-01,0.000000000000000000e+00,-1.664189693736594577e+01,-1.664189693736594577e+01,-9.171178615512467047e+00,-7.423803597769284224e+00
-2.463383061117830231e+00,3.884074791240409441e-01,9.907554889719820679e-01,1.000000000000000000e+00,5.000000000000000000e-01,2.000000000000000111e-01,0.000000000000000000e+00,5.638884361257741062e+00,5.638884361257741062e+00,-4.716383848401097367e+00,9.567964048856397730e-01
-2.099499080938672435e+00,2.452481299825859828e+00,6.032923975020410001e-02,1.000000000000000000e+00,5.000000000000000000e-01,2.000000000000000111e-01,0.000000000000000000e+00,1.026426528747737699e+01,1.026426528747737699e+01,-6.652070097515167646e+00,5.148982235003673580e+00
2.825847691259943062e+00,1.050281117691910460e+00,7.913017473446677386e-01,1.000000000000000000e+00,5.000000000000000000e-01,2.000000000000000111e-01,0.000000000000000000e+00,-8.897543865048588074e+00,-8.897543865048588074e+00,-6.342794317609575572e+00,-2.967934471603597579e+00
2.637294200669184185e+00,8.773493470075388601e-02,5.686356507557538409e-01,1.000000000000000000e+00,5.000000000000000000e-01,2.000000000000000111e-01,0.000000000000000000e+00,-6.316089769253053987e+00,-6.316089769253053987e+00,-5.177041129913459550e+00,-2.313828344823877781e-01
1.168380825417034252e+00,1.564579663434637169e+00,1.860152410210791363e-01,1.000000000000000000e+00,5.000000000000000000e-01,2.000000000000000111e-01,0.000000000000000000e+00,-2.917420646818675412e+00,-2.917420646818675412e+00,-3.043023013537935473e+00,-1.828024878594467051e+00
-9.906204274863199544e-01,2.528186039063698765e+00,6.697504749867421170e-01,1.000000000000000000e+00,5.000000000000000000e-01,2.000000000000000111e-01,0.000000000000000000e+00,4.350931806416321379e+00,4.350931806416321379e+00,-4.784659622870204743e+00,2.504472734782227317e+00
1.283664425459874359e+00,1.746523382876749686e+00,3.408597882078938657e-01,1.000000000000000000e+00,5.000000000000000000e-01,2.000000000000000111e-01,0.000000000000000000e+00,-3.664516417032029683e+00,-3.664516417032029683e+00,-3.513848577782360483e+00,-2.241949934832719205e+00
-2.998142266835614578e+00,1.702593947334237745e-01,4.813784412280853742e-01,1.000000000000000000e+00,5.000000000000000000e-01,2.000000000000000111e-01,0.000000000000000000e+00,8.431572184591290764e+00,8.431572184591290764e+00,-6.407808362059215668e+00,5.104618876761268798e-01
-8.729198905163904065e-01,2.590099723017297517e+00,2.152729566791509175e-01,1.000000000000000000e+00,5.000000000000000000e-01,2.000000000000000111e-01,0.000000000000000000e+00,3.933993408180197271e+00,3.933993408180197271e+00,-4.811501768742629359e+00,2.260949566642792341e+00
2.112793183339950254e+00,1.288747629376009396e+00,9.967409218603179299e-01,1.000000000000000000e+00,5.000000000000000000e-01,2.000000000000000111e-01,0.000000000000000000e+00,-5.753588468731463124e+00,-5.753588468731463124e+00,-4.508772247451798165e+00,-2.722857206391153362e+00
-1.628535795033441147e+00,1.678505691805119771e+00,9.326947436215360376e-01,1.000000000000000000e+00,5.000000000000000000e-01,2.000000000000000111e-01,0.000000000000000000e+00,4.786456337841664244e+00,4.786456337841664244e+00,-3.999967980134213619e+00,2.733506601272007064e+00
-2.227702970158467188e+00,1.220265393160294920e+00,5.042848445005393421e-01,1.000000000000000000e+00,5.000000000000000000e-01,2.000000000000000111e-01,0.000000000000000000e+00,6.097347601410969986e+00,6.097347601410969986e+00,-4.722120128824038865e+00,2.718388840724778710e+00
-5.263799727978835108e-02,2.897111993128672403e+00,4.795972945908067997e-01,1.000000000000000000e+00,5.000000000000000000e-01,2.000000000000000111e-01,0.000000000000000000e+00,2.735693099917713145e-01,2.735693099917713145e-01,-5.198291405619570149e+00,1.524981732135492762e-01
1.042529647179955887e+00,1.621361921176601939e+00,3.931981063346917660e-01,1.000000000000000000e+00,5.000000000000000000e-01,2.000000000000000111e-01,0.000000000000000000e+00,-2.639456599175873386e+00,-2.639456599175873386e+00,-2.966528078870238616e+00,-1.690317871635258262e+00
-1.135064780314331001e+00,2.452138656421713581e+00,5.775461637097614176e-01,1.000000000000000000e+00,5.000000000000000000e-01,2.000000000000000111e-01,0.000000000000000000e+00,4.840105105146218278e+00,4.840105105146218278e+00,-4.779515228464854992e+00,2.783336225351590976e+00
1.907320804179050810e+00,2.843577978026801567e+00,6.302845088925894679e-01,1.000000000000000000e+00,5.000000000000000000e-01,2.000000000000000111e-01,0.000000000000000000e+00,-1.100627554911728367e+01,-1.100627554911728367e+01,-7.225691448592028721e+00,-5.423615435795918316e+00
2.442304041575390272e+00,1.781602909790217293e+00,7.582623333736345783e-01,1.000000000000000000e+00,5.000000000000000000e-01,2.000000000000000111e-01,0.000000000000000000e+00,-9.231968552815772000e+00,-9.231968552815772000e+00,-6.165963882983776401e+00,-4.351215987063123514e+00
-1.699568224343767087e+00,2.549093259384985100e+00,1.457698570875112232e-01,1.000000000000000000e+00,5.000000000000000000e-01,2.000000000000000111e-01,0.000000000000000000e+00,8.203211881351164081e+00,8.203211881351164081e+00,-5.982057512040398706e+00,4.332357904539605009e+00
-6.905888810994698090e-01,6.312370552605767182e-01,9.120391178185521808e-01,1.000000000000000000e+00,5.000000000000000000e-01,2.000000000000000111e-01,0.000000000000000000e+00,8.940451432059501879e-01,8.940451432059501879e-01,-1.485377911585952670e+00,4.359252917009258654e-01
2.011347542586448434e+00,5.771335581148719918e-01,7.461189357567654667e-02,1.000000000000000000e+00,5.000000000000000000e-01,2.000000000000000111e-01,0.000000000000000000e+00,-3.973709438580862674e+00,-3.973709438580862674e+00,-3.593852934192293347e+00,-1.160816163858521044e+00
1.541707078036935741e-02,2.221066555458851788e+00,9.340151481417618973e-01,1.000000000000000000e+00,5.000000000000000000e-01,2.000000000000000111e-01,0.000000000000000000e+00,-5.344506206814517851e-02,-5.344506206814517851e-02,-3.466710933531792715e+00,-3.424234029342028418e-02
1.480894183902385031e+00,2.030235442105067456e+00,2.170132915800434548e-01,1.000000000000000000e+00,5.000000000000000000e-01,2.000000000000000111e-01,0.000000000000000000e+00,-5.182444718211098866e+00,-5.182444718211098866e+00,-4.376756525539326148e+00,-3.006563858165881786e+00
-1.120837694322457834e+00,2.862063412514259220e+00,4.872505983175405841e-01,1.000000000000000000e+00,5.000000000000000000e-01,2.000000000000000111e-01,0.000000000000000000e+00,5.993073103079076702e+00,5.993073103079076702e+00,-5.849469770834833326e+00,3.207908556287147661e+00
1.907588344533925451e+00,1.076344871444263607e+00,8.385641351203479976e-01,1.000000000000000000e+00,5.000000000000000000e-01,2.000000000000000111e-01,0.000000000000000000e+00,-4.400878416882810562e+00,-4.400878416882810562e+00,-3.762595116463193889e+00,-2.053222931465943812e+00
2.009349021827585347e+00,5.412367040564558529e-01,3.537535856351999852e-01,1.000000000000000000e+00,5.000000000000000000e-01,2.000000000000000111e-01,0.000000000000000000e+00,-3.926198230508786136e+00,-3.926198230508786136e+00,-3.568958679820632085e+00,-1.087533441873025808e+00
1.650605257839908191e+00,1.254431161954993268e+00,1.042930645623928454e-01,1.000000000000000000e+00,5.000000000000000000e-01,2.000000000000000111e-01,0.000000000000000000e+00,-3.848713495932521766e+00,-3.848713495932521766e+00,-3.421497400367127462e+00,-2.070570671521137385e+00
2.274299136342629701e+00,2.674117701839762162e+00,6.800090382800234590e-01,1.000000000000000000e+00,5.000000000000000000e-01,2.000000000000000111e-01,0.000000000000000000e+00,-1.275868181965549830e+01,-1.275868181965549830e+01,-7.678914678587684506e+00,-6.081743579772708408e+00
-6.525456703192191732e-01,1.641046297498895967e+00,7.279495815855018259e-01,1.000000000000000000e+00,5.000000000000000000e-01,2.000000000000000111e-01,0.000000000000000000e+00,1.586782024364378207e+00,1.586782024364378207e+00,-2.602005986378832958e+00,1.070857656226289922e+00
9.818809234078162973e-02,9.410947533116514885e-01,4.069494641691976389e-01,1.000000000000000000e+00,5.000000000000000000e-01,2.000000000000000111e-01,0.000000000000000000e+00,-1.418580169552119130e-01,-1.418580169552119130e-01,-1.448614208241872259e+00,-9.240429853958954942e-02
1.841701004392611196e+00,1.501019373277306279e+00,6.588829981388479862e-01,1.000000000000000000e+00,5.000000000000000000e-01,2.000000000000000111e-01,0.000000000000000000e+00,-5.165791009991720806e+00,-5.165791009991720806e+00,-4.161647133225351070e+00,-2.764428887377582633e+00
1.336639318772547824e+00,2.194136922470195650e+00,8.409751496127413350e-01,1.000000000000000000e+00,5.000000000000000000e-01,2.000000000000000111e-01,0.000000000000000000e+00,-5.031697649642768333e+00,-5.031697649642768333e+00,-4.479081218366735229e+00,-2.932769681344256973e+00
2.198119486321234994e-01,3.156833987745372161e-01,2.708236894130910954e-03,1.000000000000000000e+00,5.000000000000000000e-01,2.000000000000000111e-01,0.000000000000000000e+00,-2.328888829714956255e-01,-2.328888829714956255e-01,-1.078818379787792603e+00,-6.939098303544273538e-02
-2.787986273756704048e+00,2.104608310740312849e+00,6.495366458377240804e-01,1.000000000000000000e+00,5.000000000000000000e-01,2.000000000000000111e-01,0.000000000000000000e+00,1.329663577457455581e+01,1.329663577457455581e+01,-7.878408548412071610e+00,5.867619081978276085e+00
-1.696202380609675098e+00,1.309207517148330835e+00,6.231643363660973600e-01,1.000000000000000000e+00,5.000000000000000000e-01,2.000000000000000111e-01,0.000000000000000000e+00,4.125898076496225642e+00,4.125898076496225642e+00,-3.583273671070406508e+00,2.220680907299080964e+00
-2.771530080053206113e-01,2.631545327156234571e+00,4.536965829299105524e-01,1.000000000000000000e+00,5.000000000000000000e-01,2.000000000000000111e-01,0.000000000000000000e+00,1.241057402192766501e+00,1.241057402192766501e+00,-4.508603678346745802e+00,7.293407031236959215e-01
1.517070002841163223e+00,2.412044235883517906e+00,1.996661434363338206e-01,1.000000000000000000e+00,5.000000000000000000e-01,2.000000000000000111e-01,0.000000000000000000e+00,-6.628502069495294080e+00,-6.628502069495294080e+00,-5.289879534041744158e+00,-3.659239955784820086e+00
2.427701910690533538e+00,2.303554494860335922e+00,3.393624019421985771e-01,1.000000000000000000e+00,5.000000000000000000e-01,2.000000000000000111e-01,0.000000000000000000e+00,-1.173048318994885797e+01,-1.173048318994885797e+01,-7.189423595697910230e+00,-5.592343648552204449e+00
2.919361647976923990e+00,1.437317891130340808e-01,4.083226593061605181e-01,1.000000000000000000e+00,5.000000000000000000e-01,2.000000000000000111e-01,0.000000000000000000e+00,-7.925669548951754351e+00,-7.925669548951754351e+00,-6.123932872607943168e+00,-4.196050727316988915e-01
-6.916835507355565404e-01,1.605062103288845909e+00,8.160835456585835423e-01,1.000000000000000000e+00,5.000000000000000000e-01,2.000000000000000111e-01,0.000000000000000000e+00,1.648833453033155427e+00,1.648833453033155427e+00,-2.575167858321895764e+00,1.110195054753909449e+00
2.796708430231130471e+00,1.625859379728130660e-01,7.409856725734470517e-01,1.000000000000000000e+00,5.000000000000000000e-01,2.000000000000000111e-01,0.000000000000000000e+00,-7.208607437882233349e+00,-7.208607437882233349e+00,-5.706163919848775024e+00,-4.547054633656019695e-01
-7.092287695760473021e-01,1.063245602058807249e+00,5.096690465651197988e-01,1.000000000000000000e+00,5.000000000000000000e-01,2.000000000000000111e-01,0.000000000000000000e+00,1.181466401561404922e+00,1.181466401561404922e+00,-1.867048873705310363e+00,7.540843701053114856e-01
-1.909724090890288162e+00,5.146827356160075251e-01,3.027361086481606955e-01,1.000000000000000000e+00,5.000000000000000000e-01,2.000000000000000111e-01,0.000000000000000000e+00,3.555635801798647577e+00,3.555635801798647577e+00,-3.320676821166631321e+00,9.829020193712064701e-01
2.572211484757498390e+00,1.471825249350967368e+00,8.719341258370748582e-01,1.000000000000000000e+00,5.000000000000000000e-01,2.000000000000000111e-01,0.000000000000000000e+00,-8.761953336337823472e+00,-8.761953336337823472e+00,-6.052897935704544707e+00,-3.785845809936627226e+00
-2.365500674280978988e+00,6.437068778349892550e-01,3.929300964879378633e-02,1.000000000000000000e+00,5.000000000000000000e-01,2.000000000000000111e-01,0.000000000000000000e+00,5.502859393646325259e+00,5.502859393646325259e+00,-4.564535336300294510e+00,1.522689053557970906e+00
-1.410021512413397460e-01,9.485777234107888312e-01,3.611250338658719139e-01,1.000000000000000000e+00,5.000000000000000000e-01,2.000000000000000111e-01,0.000000000000000000e+00,2.049996676094411885e-01,2.049996676094411885e-01,-1.461828812668408917e+00,1.337514996205337869e-01
1.651474643532023556e+00,2.254993382537066715e+00,3.346568796125415357e-01,1.000000000000000000e+00,5.000000000000000000e-01,2.000000000000000111e-01,0.000000000000000000e+00,-6.751180907929715147e+00,-6.751180907929715147e+00,-5.178918676580515523e+00,-3.724064392592474348e+00
7.601276872127931128e-01,2.322533713919102460e+00,4.843654934498178299e-01,1.000000000000000000e+00,5.000000000000000000e-01,2.000000000000000111e-01,0.000000000000000000e+00,-2.898093412608817143e+00,-2.898093412608817143e+00,-4.043757886665911627e+00,-1.765422180435066268e+00
2.104795807889382253e+00,2.264108722639828652e+00,4.487082387669605321e-02,1.000000000000000000e+00,5.000000000000000000e-01,2.000000000000000111e-01,0.000000000000000000e+00,-9.364504347834827769e+00,-9.364504347834827769e+00,-6.221193389712109223e+00,-4.765486548018095014e+00
1.843539039117665368e-01,2.194667115757023446e+00,4.254607284891035457e-01,1.000000000000000000e+00,5.000000000000000000e-01,2.000000000000000111e-01,0.000000000000000000e+00,-6.295831728931731153e-01,-6.295831728931731153e-01,-3.428673691625131248e+00,-4.045954505765840814e-01
-3.287336315600706271e-01,1.065748460706965828e+00,1.436806781286650292e-01,1.000000000000000000e+00,5.000000000000000000e-01,2.000000000000000111e-01,0.000000000000000000e+00,5.225296849554703638e-01,5.225296849554703638e-01,-1.632749371060836729e+00,3.503473618177561089e-01
-9.724663792029164533e-01,1.165093860821593275e-01,6.022343807446683961e-02,1.000000000000000000e+00,5.000000000000000000e-01,2.000000000000000111e-01,0.000000000000000000e+00,1.162997234061641683e+00,1.162997234061641683e+00,-1.574201733730639097e+00,1.133014608264721473e-01
7.410278233427778360e-01,1.833831584875688092e-01,9.928724167974928294e-01,1.000000000000000000e+00,5.000000000000000000e-01,2.000000000000000111e-01,0.000000000000000000e+00,-8.348709484228651334e-01,-8.348709484228651334e-01,-1.346288032389319600e+00,-1.358920227717667628e-01
3.873921657830363685e-01,1.738984293842213980e+00,8.337052635947047596e-01,1.000000000000000000e+00,5.000000000000000000e-01,2.000000000000000111e-01,0.000000000000000000e+00,-9.847693737646501244e-01,-9.847693737646501244e-01,-2.602076801180994714e+00,-6.736688918542194093e-01
5.186447156589668595e-02,2.894907608521702258e+00,3.358369763053103974e-01,1.000000000000000000e+00,5.000000000000000000e-01,2.000000000000000111e-01,0.000000000000000000e+00,-2.692172181183931645e-01,-2.692172181183931645e-01,-5.191858984984906833e+00,-1.501428533480718142e-01
1.078522979467873455e+00,1.534862292332033640e+00,6.513245763245860687e-01,1.000000000000000000e+00,5.000000000000000000e-01,2.000000000000000111e-01,0.000000000000000000e+00,-2.599826548761413392e+00,-2.599826548761413392e+00,-2.875828218555528171e+00,-1.655384252598835149e+00
3.678710256046535676e-02,1.394619644018032290e+00,2.384190006702789910e-01,1.000000000000000000e+00,5.000000000000000000e-01,2.000000000000000111e-01,0.000000000000000000e+00,-7.257185347057014402e-02,-7.257185347057014402e-02,-1.973293950289368270e+00,-5.130401587733104257e-02
1.162578170636993313e+00,2.582931084689464196e+00,8.869018068076359729e-01,1.000000000000000000e+00,5.000000000000000000e-01,2.000000000000000111e-01,0.000000000000000000e+00,-5.354932820611684186e+00,-5.354932820611684186e+00,-5.146719295832540730e+00,-3.002859295319701971e+00
-2.383713042273249982e-04,1.119795223941423945e+00,6.379117846515115486e-01,1.000000000000000000e+00,5.000000000000000000e-01,2.000000000000000111e-01,0.000000000000000000e+00,3.878231236809403571e-04,3.878231236809403571e-04,-1.626970705873539202e+00,2.669270479984467166e-04
1.652646642454598691e+00,6.717790265677726635e-01,4.383632803722595783e-01,1.000000000000000000e+00,5.000000000000000000e-01,2.000000000000000111e-01,0.000000000000000000e+00,-2.928310893970398343e+00,-2.928310893970398343e+00,-2.864388085158047215e+00,-1.110213352728648184e+00
-1.779532537100393830e+00,2.852250585651375570e+00,2.882651189024125760e-01,1.000000000000000000e+00,5.000000000000000000e-01,2.000000000000000111e-01,0.000000000000000000e+00,1.014513975049959704e+01,1.014513975049959704e+01,-6.967708332033685892e+00,5.075672721130276344e+00
-8.393027950070335308e-01,6.204438383463406481e-03,4.404935085131197470e-01,1.000000000000000000e+00,5.000000000000000000e-01,2.000000000000000111e-01,0.000000000000000000e+00,9.575648257291122789e-01,9.575648257291122789e-01,-1.422676756551798150e+00,5.207402476689757843e-03
-1.167029299779519969e+00,1.598947025833080682e+00,7.493913218254363295e-01,1.000000000000000000e+00,5.000000000000000000e-01,2.000000000000000111e-01,0.000000000000000000e+00,2.976750122773895502e+00,2.976750122773895502e+00,-3.095490227636553460e+00,1.866018027942526247e+00
2.272354438197587534e+00,5.287392412435762967e-01,7.788316527076334372e-01,1.000000000000000000e+00,5.000000000000000000e-01,2.000000000000000111e-01,0.000000000000000000e+00,-4.936693496355817778e+00,-4.936693496355817778e+00,-4.237939408293180499e+00,-1.201482961489065415e+00
4.855025316595771301e-01,7.446454370328677852e-01,5.481580838942146094e-02,1.000000000000000000e+00,5.000000000000000000e-01,2.000000000000000111e-01,0.000000000000000000e+00,-6.429951616063994679e-01,-6.429951616063994679e-01,-1.418676038395650485e+00,-3.615272448682095296e-01
2.647679820220935731e+00,2.820442036797477403e+00,9.714658437587667672e-01,1.000000000000000000e+00,5.000000000000000000e-01,2.000000000000000111e-01,0.000000000000000000e+00,-1.689084250818433830e+01,-1.689084250818433830e+01,-9.183571699710253000e+00,-7.467627464931514858e+00
3.455978172416216410e-01,2.018392070328004273e+00,5.222536140204186994e-01,1.000000000000000000e+00,5.000000000000000000e-01,2.000000000000000111e-01,0.000000000000000000e+00,-1.057819914969105213e+00,-1.057819914969105213e+00,-3.108615985550787997e+00,-6.975518938431559679e-01
2.615769139770620200e+00,1.646486716953481810e+00,9.035140943157098370e-01,1.000000000000000000e+00,5.000000000000000000e-01,2.000000000000000111e-01,0.000000000000000000e+00,-9.740885961803058990e+00,-9.740885961803058990e+00,-6.460808170097926073e+00,-4.306829143249161440e+00
1.435333591468425318e+00,3.204379071771495946e-01,5.645662889366631632e-02,1.000000000000000000e+00,5.000000000000000000e-01,2.000000000000000111e-01,0.000000000000000000e+00,-2.100433777452605622e+00,-2.100433777452605622e+00,-2.287449737456625165e+00,-4.599352921512040449e-01
2.364220633084522127e+00,2.778526140543514877e+00,8.599567717488633134e-01,1.000000000000000000e+00,5.000000000000000000e-01,2.000000000000000111e-01,0.000000000000000000e+00,-1.413333836297160673e+01,-1.413333836297160673e+01,-8.213827277983368091e+00,-6.569048831037682667e+00
-1.208674892365047659e+00,1.307522690380285013e+00,5.902907744972841764e-01,1.000000000000000000e+00,5.000000000000000000e-01,2.000000000000000111e-01,0.000000000000000000e+00,2.595009029749578922e+00,2.595009029749578922e+00,-2.731344790189845106e+00,1.580369847060248523e+00
2.972887970566860716e+00,3.017044902619463453e-01,9.463546324353799832e-02,1.000000000000000000e+00,5.000000000000000000e-01,2.000000000000000111e-01,0.000000000000000000e+00,-8.363106592475283207e+00,-8.363106592475283207e+00,-6.348350531046799361e+00,-8.969336497657468543e-01
-1.198645430601140927e+00,1.642350437420065479e+00,1.096774217010154651e-03,1.000000000000000000e+00,5.000000000000000000e-01,2.000000000000000111e-01,0.000000000000000000e+00,3.159638528666238955e+00,3.159638528666238955e+00,-3.210708000627537029e+00,1.968595847259346554e+00
1.493087661913868658e+00,2.521320660314916307e-01,2.386102363273387983e-01,1.000000000000000000e+00,5.000000000000000000e-01,2.000000000000000111e-01,0.000000000000000000e+00,-2.206257165193501013e+00,-2.206257165193501013e+00,-2.369371749056308207e+00,-3.764552769644730068e-01
7.199505912414521092e-01,2.556714732555918967e+00,9.149506086522903869e-01,1.000000000000000000e+00,5.000000000000000000e-01,2.000000000000000111e-01,0.000000000000000000e+00,-3.147667817371513355e+00,-3.147667817371513355e+00,-4.579392424131592421e+00,-1.840708283339364870e+00
-8.688000187059410351e-01,1.218474532317889159e+00,6.571247863191825855e-01,1.000000000000000000e+00,5.000000000000000000e-01,2.000000000000000111e-01,0.000000000000000000e+00,1.644901497156339154e+00,1.644901497156339154e+00,-2.195228176455715108e+00,1.058610696470494883e+00
-2.376608442288405953e+00,8.730121538831769890e-01,3.271894923068782157e-01,1.000000000000000000e+00,5.000000000000000000e-01,2.000000000000000111e-01,0.000000000000000000e+00,5.967018901144458987e+00,5.967018901144458987e+00,-4.770035723187787013e+00,2.074808055139143459e+00
-2.728753627565442486e+00,7.581057090235659990e-01,3.034347883868924178e-01,1.000000000000000000e+00,5.000000000000000000e-01,2.000000000000000111e-01,0.000000000000000000e+00,7.576606581171914101e+00,7.576606581171914101e+00,-5.755019948998000068e+00,2.068683703576127630e+00
-2.935796260138408442e+00,6.243668509108948328e-01,7.192964593504396209e-01,1.000000000000000000e+00,5.000000000000000000e-01,2.000000000000000111e-01,0.000000000000000000e+00,8.568699497712113811e+00,8.568699497712113811e+00,-6.366256790883793926e+00,1.833013865858600377e+00
3.071116825415223239e-01,5.792226553531050204e-01,3.985100876301160833e-01,1.000000000000000000e+00,5.000000000000000000e-01,2.000000000000000111e-01,0.000000000000000000e+00,-3.644227024708926455e-01,-3.644227024708926455e-01,-1.224339993569241836e+00,-1.778860442516603801e-01
3.667959449345601364e-01,1.807932350928435294e+00,8.792353093515536955e-02,1.000000000000000000e+00,5.000000000000000000e-01,2.000000000000000111e-01,0.000000000000000000e+00,-9.761238043921388607e-01,-9.761238043921388607e-01,-2.715033251899071409e+00,-6.631422550365562163e-01
-2.348303491597297121e+00,5.057793560871051142e-01,6.392706917146977474e-01,1.000000000000000000e+00,5.000000000000000000e-01,2.000000000000000111e-01,0.000000000000000000e+00,5.238624163487499708e+00,5.238624163487499708e+00,-4.436623951710778613e+00,1.187723427877181548e+00
-2.770242500879915415e+00,1.638614794766329652e+00,5.086016436088304227e-01,1.000000000000000000e+00,5.000000000000000000e-01,2.000000000000000111e-01,0.000000000000000000e+00,1.074127712133174661e+01,1.074127712133174661e+01,-6.947075331022396050e+00,4.539360347032306287e+00
-2.883345874214231053e+00,2.628496080025594761e+00,8.739858492530896417e-01,1.000000000000000000e+00,5.000000000000000000e-01,2.000000000000000111e-01,0.000000000000000000e+00,1.763809711189190921e+01,1.763809711189190921e+01,-9.442705879563895621e+00,7.578863327730077870e+00
4.773881031058300195e-01,2.214845162612504303e+00,9.772664007977260869e-02,1.000000000000000000e+00,5.000000000000000000e-01,2.000000000000000111e-01,0.000000000000000000e+00,-1.670070397134200135e+00,-1.670070397134200135e+00,-3.589509187766194653e+00,-1.057340730852706967e+00
1.524432311831548148e+00,1.619750469888830313e+00,6.614892630831110676e-01,1.000000000000000000e+00,5.000000000000000000e-01,2.000000000000000111e-01,0.000000000000000000e+00,-4.232699986180709750e+00,-4.232699986180709750e+00,-3.706132116366190665e+00,-2.469199953402866132e+00
2.390759939815605861e+00,1.288547266048538420e+00,7.732213169262460717e-01,1.000000000000000000e+00,5.000000000000000000e-01,2.000000000000000111e-01,0.000000000000000000e+00,-7.108503061886123575e+00,-7.108503061886123575e+00,-5.259616882316853648e+00,-3.080607184227767359e+00
-1.864858334770085335e-01,1.038157921280008278e+00,5.043693513423097574e-01,1.000000000000000000e+00,5.000000000000000000e-01,2.000000000000000111e-01,0.000000000000000000e+00,2.882775084707610014e-01,2.882775084707610014e-01,-1.559752114410782653e+00,1.936017452306609543e-01
1.454725029580117734e+00,7.564626817370341261e-01,7.996703891589886926e-01,1.000000000000000000e+00,5.000000000000000000e-01,2.000000000000000111e-01,0.000000000000000000e+00,-2.486652961469145939e+00,-2.486652961469145939e+00,-2.555852841442517676e+00,-1.100445197066162173e+00
-1.573555833979507712e+00,1.254467372377187750e+00,8.867509688704247051e-01,1.000000000000000000e+00,5.000000000000000000e-01,2.000000000000000111e-01,0.000000000000000000e+00,3.590948490867003962e+00,3.590948490867003962e+00,-3.272490971770029677e+00,1.973974452341067387e+00
-2.706406312653540258e+00,2.962445184001880616e+00,7.355954337393474374e-01,1.000000000000000000e+00,5.000000000000000000e-01,2.000000000000000111e-01,0.000000000000000000e+00,1.854691520591864062e+01,1.854691520591864062e+01,-9.782821811610528329e+00,8.017580346872767549e+00
4.550613068339597334e-01,1.649651554156186695e+00,1.970305980901030374e-01,1.000000000000000000e+00,5.000000000000000000e-01,2.000000000000000111e-01,0.000000000000000000e+00,-1.093098798676987116e+00,-1.093098798676987116e+00,-2.484923600851419945e+00,-7.506925920549870623e-01
-1.046437366272757963e+00,8.747765182433624442e-01,1.238752818204233996e-01,1.000000000000000000e+00,5.000000000000000000e-01,2.000000000000000111e-01,0.000000000000000000e+00,1.675998374409510605e+00,1.675998374409510605e+00,-2.039635675354110056e+00,9.153988358278374315e-01
-5.925511538353145369e-01,8.149604110500985321e-01,5.468066278996988050e-01,1.000000000000000000e+00,5.000000000000000000e-01,2.000000000000000111e-01,0.000000000000000000e+00,8.309366219976980217e-01,8.309366219976980217e-01,-1.542750357736410338e+00,4.829057318978380864e-01
-2.312071431607104266e+00,1.334422474399459047e+00,9.817308908452043736e-01,1.000000000000000000e+00,5.000000000000000000e-01,2.000000000000000111e-01,0.000000000000000000e+00,6.842521139979989009e+00,6.842521139979989009e+00,-5.097746253003422545e+00,3.085280080753451504e+00
1.148796063122592415e+00,1.356302896665662949e+00,9.562746061945580633e-01,1.000000000000000000e+00,5.000000000000000000e-01,2.000000000000000111e-01,0.000000000000000000e+00,-2.508654973221352780e+00,-2.508654973221352780e+00,-2.711618210539414875e+00,-1.558115428091281895e+00
2.299245369554065554e+00,1.040571919450431038e+00,4.575585615152217844e-01,1.000000000000000000e+00,5.000000000000000000e-01,2.000000000000000111e-01,0.000000000000000000e+00,-5.975050812658480481e+00,-5.975050812658480481e+00,-4.713312521423864254e+00,-2.392530167484389736e+00
1.455521323509753273e+00,1.648875691658549192e+00,6.219500316234103376e-01,1.000000000000000000e+00,5.000000000000000000e-01,2.000000000000000111e-01,0.000000000000000000e+00,-4.050867199947375319e+00,-4.050867199947375319e+00,-3.630520917186180085e+00,-2.399973729025911329e+00
-2.183731334025234894e+00,2.223242779342573527e+00,3.117110218319677495e-01,1.000000000000000000e+00,5.000000000000000000e-01,2.000000000000000111e-01,0.000000000000000000e+00,9.663318482216483929e+00,9.663318482216483929e+00,-6.332613751471624752e+00,4.854964920395729244e+00
-1.369106672821746251e+00,2.102616031674886976e+00,6.370629648743945106e-01,1.000000000000000000e+00,5.000000000000000000e-01,2.000000000000000111e-01,0.000000000000000000e+00,4.908778231077216780e+00,4.908778231077216780e+00,-4.335168937267144251e+00,2.878705639348067891e+00
-1.822664571817815826e+00,2.180013748325787315e+00,1.834584298416830350e-02,1.000000000000000000e+00,5.000000000000000000e-01,2.000000000000000111e-01,0.000000000000000000e+00,7.364751788796763066e+00,7.364751788796763066e+00,-5.369493656260617698e+00,3.973433825149172982e+00
2.943886654394185065e+00,1.570498837501440370e+00,8.970962738758537780e-01,1.000000000000000000e+00,5.000000000000000000e-01,2.000000000000000111e-01,0.000000000000000000e+00,-1.167700597637290372e+01,-1.167700597637290372e+01,-7.433114479648801343e+00,-4.623370568462072505e+00
-6.651258951114495943e-01,2.492835081147383836e+00,9.077143118407157152e-01,1.000000000000000000e+00,5.000000000000000000e-01,2.000000000000000111e-01,0.000000000000000000e+00,2.790596792847538588e+00,2.790596792847538588e+00,-4.372548844708226135e+00,1.658049164713376822e+00
-2.117421527623103650e+00,2.489221212813076400e-01,6.841696902419490689e-01,1.000000000000000000e+00,5.000000000000000000e-01,2.000000000000000111e-01,0.000000000000000000e+00,4.081702441232709866e+00,4.081702441232709866e+00,-3.721065466616648276e+00,5.270730583026499438e-01
1.882780818702512349e+00,1.738370211955900357e+00,1.416723490332179036e-01,1.000000000000000000e+00,5.000000000000000000e-01,2.000000000000000111e-01,0.000000000000000000e+00,-6.062437916446509867e+00,-6.062437916446509867e+00,-4.637883663672262458e+00,-3.272970090874390170e+00
-1.725082939845844487e+00,2.497523784196919561e+00,2.807728129722447674e-01,1.000000000000000000e+00,5.000000000000000000e-01,2.000000000000000111e-01,0.000000000000000000e+00,8.132031932415939579e+00,8.132031932415939579e+00,-5.904359215922959869e+00,4.308435671977340675e+00
-2.528189596850793919e+00,2.201433226636572371e+00,8.655687118420557491e-01,1.000000000000000000e+00,5.000000000000000000e-01,2.000000000000000111e-01,0.000000000000000000e+00,1.188629009737317332e+01,1.188629009737317332e+01,-7.258199708244504222e+00,5.565640581744258242e+00
-7.706972960312361565e-01,2.871261459678817296e+00,3.035325294023651921e-01,1.000000000000000000e+00,5.000000000000000000e-01,2.000000000000000111e-01,0.000000000000000000e+00,4.039121293088582476e+00,4.039121293088582476e+00,-5.478455778184382119e+00,2.212873443173164478e+00
-2.779016398566136026e+00,4.243761626631514794e-01,7.919537227784588795e-01,1.000000000000000000e+00,5.000000000000000000e-01,2.000000000000000111e-01,0.000000000000000000e+00,7.321691069150086051e+00,7.321691069150086051e+00,-5.723806849818050324e+00,1.179348315201467878e+00
-2.491642149723523048e-01,1.977737455792255794e+00,8.589700053453277473e-01,1.000000000000000000e+00,5.000000000000000000e-01,2.000000000000000111e-01,0.000000000000000000e+00,7.395540944336991274e-01,7.395540944336991274e-01,-2.992972405635486055e+00,4.927814005938947473e-01
-3.855113277040098652e-01,2.364048496491102824e+00,7.112733608841872446e-01,1.000000000000000000e+00,5.000000000000000000e-01,2.000000000000000111e-01,0.000000000000000000e+00,1.474228642142000112e+00,1.474228642142000112e+00,-3.883534037153786755e+00,9.113674746389534009e-01
-1.125786471199934358e+00,1.204525494824736143e+00,3.002504683544482411e-01,1.000000000000000000e+00,5.000000000000000000e-01,2.000000000000000111e-01,0.000000000000000000e+00,2.227841216771750954e+00,2.227841216771750954e+00,-2.485877941083468379e+00,1.356038506289094503e+00
3.387428680152702043e-01,7.532396793606448426e-01,6.216556854443384683e-01,1.000000000000000000e+00,5.000000000000000000e-01,2.000000000000000111e-01,0.000000000000000000e+00,-4.426130683206720984e-01,-4.426130683206720984e-01,-1.352533045660389899e+00,-2.551545692895273443e-01
1.728689652721360659e+00,1.330724898447281035e+00,8.574174015985348563e-01,1.000000000000000000e+00,5.000000000000000000e-01,2.000000000000000111e-01,0.000000000000000000e+00,-4.292488464560968886e+00,-4.292488464560968886e+00,-3.678435126929302523e+00,-2.300410362564498268e+00
-9.522420534795328351e-01,2.472241038934920532e+00,7.183930226292054577e-01,1.000000000000000000e+00,5.000000000000000000e-01,2.000000000000000111e-01,0.000000000000000000e+00,4.034974164656802920e+00,4.034974164656802920e+00,-4.600046834345958402e+00,2.354171883611762439e+00
-1.370345435786547439e+00,6.737185234994697014e-01,8.191713926550132641e-01,1.000000000000000000e+00,5.000000000000000000e-01,2.000000000000000111e-01,0.000000000000000000e+00,2.196002743511111799e+00,2.196002743511111799e+00,-2.353656292481766332e+00,9.232271036823500587e-01
8.211511491660825612e-01,2.356666535982101962e+00,8.745801187425370493e-01,1.000000000000000000e+00,5.000000000000000000e-01,2.000000000000000111e-01,0.000000000000000000e+00,-3.212176127938787040e+00,-3.212176127938787040e+00,-4.181512106775007176e+00,-1.935179434222954020e+00
-4.784926702855427649e-01,2.240442971061334720e+00,5.313327304356549874e-01,1.000000000000000000e+00,5.000000000000000000e-01,2.000000000000000111e-01,0.000000000000000000e+00,1.701320595676742320e+00,1.701320595676742320e+00,-3.647165494599263980e+00,1.072035539845613172e+00
-1.444259786846182614e+00,1.648307865765631153e+00,6.737209377921794529e-01,1.000000000000000000e+00,5.000000000000000000e-01,2.000000000000000111e-01,0.000000000000000000e+00,4.008740434840334821e+00,4.008740434840334821e+00,-3.609991209313013538e+00,2.380584766867556823e+00
2.674295490445419254e+00,1.549909415426841797e+00,5.662561209439177512e-01,1.000000000000000000e+00,5.000000000000000000e-01,2.000000000000000111e-01,0.000000000000000000e+00,-9.711652919782780558e+00,-9.711652919782780558e+00,-6.492223420144410895e+00,-4.144915760274899164e+00
-1.742256641740351331e+00,2.834978050663240268e+00,9.819011391917260578e-01,1.000000000000000000e+00,5.000000000000000000e-01,2.000000000000000111e-01,0.000000000000000000e+00,9.801311990477071134e+00,9.801311990477071134e+00,-6.839825197284193692e+00,4.939259337956144691e+00
-6.052737643178280891e-01,3.967242043859497969e-01,9.354038991505853051e-02,1.000000000000000000e+00,5.000000000000000000e-01,2.000000000000000111e-01,0.000000000000000000e+00,6.972549867137861623e-01,6.972549867137861623e-01,-1.298508845035716730e+00,2.401267525846792483e-01
-1.249520979874673143e+00,1.933110542682627830e-01,2.662531330962802922e-02,1.000000000000000000e+00,5.000000000000000000e-01,2.000000000000000111e-01,0.000000000000000000e+00,1.663043847603608238e+00,1.663043847603608238e+00,-1.955466189339331695e+00,2.415462179498858164e-01
1.853688219524972425e+00,1.562703080039210324e+00,7.966078255823479948e-01,1.000000000000000000e+00,5.000000000000000000e-01,2.000000000000000111e-01,0.000000000000000000e+00,-5.390993326773858563e+00,-5.390993326773858563e+00,-4.282716467305414554e+00,-2.896764290084074212e+00
9.854312038397825546e-01,2.529214673215675058e-01,7.738279673214842891e-01,1.000000000000000000e+00,5.000000000000000000e-01,2.000000000000000111e-01,0.000000000000000000e+00,-1.208335314290147400e+00,-1.208335314290147400e+00,-1.614629428816721113e+00,-2.492367060196164774e-01
2.455549251098607222e+00,7.683659250855905398e-01,6.141739531695291632e-01,1.000000000000000000e+00,5.000000000000000000e-01,2.000000000000000111e-01,0.000000000000000000e+00,-6.141666369853295393e+00,-6.141666369853295393e+00,-4.913026372158876498e+00,-1.886760371913610346e+00
-1.377563027099760085e+00,3.969101895517446188e-01,1.141481426413182287e-02,1.000000000000000000e+00,5.000000000000000000e-01,2.000000000000000111e-01,0.000000000000000000e+00,2.008906813309650818e+00,2.008906813309650818e+00,-2.217376785464353794e+00,5.467688022056408359e-01
1.949502520174009490e+00,2.838904238237439870e+00,3.053787168010754227e-01,1.000000000000000000e+00,5.000000000000000000e-01,2.000000000000000111e-01,0.000000000000000000e+00,-1.128723096271875015e+01,-1.128723096271875015e+01,-7.310024682640138494e+00,-5.534450966976566022e+00
1.007566028279756942e+00,1.519016561926718634e+00,8.429498081639985596e-01,1.000000000000000000e+00,5.000000000000000000e-01,2.000000000000000111e-01,0.000000000000000000e+00,-2.374574706077636765e+00,-2.374574706077636765e+00,-2.762819238509900188e+00,-1.530509484191675318e+00
-2.324528646992876091e+00,7.767707323322300406e-01,1.506510360379035296e-01,1.000000000000000000e+00,5.000000000000000000e-01,2.000000000000000111e-01,0.000000000000000000e+00,5.537894452391522115e+00,5.537894452391522115e+00,-4.543746443718293726e+00,1.805625819451904146e+00
-1.496629569373191693e+00,9.775597317661265384e-01,2.522526902060207021e-02,1.000000000000000000e+00,5.000000000000000000e-01,2.000000000000000111e-01,0.000000000000000000e+00,2.882196545507260232e+00,2.882196545507260232e+00,-2.821751555338641637e+00,1.463044800389710742e+00
2.034820262249652956e+00,5.541941605601009568e-01,9.789030173216830555e-01,1.000000000000000000e+00,5.000000000000000000e-01,2.000000000000000111e-01,0.000000000000000000e+00,-4.032330637513926064e+00,-4.032330637513926064e+00,-3.637861683596505635e+00,-1.127685507128130871e+00
-3.900420297314397544e-01,1.106248601239268048e+00,5.445103061458713700e-01,1.000000000000000000e+00,5.000000000000000000e-01,2.000000000000000111e-01,0.000000000000000000e+00,6.405736471859366787e-01,6.405736471859366787e-01,-1.703172654846131451e+00,4.314834498149302533e-01
-2.030913543376291930e+00,5.454561601735871124e-01,1.172306140214351977e-01,1.000000000000000000e+00,5.000000000000000000e-01,2.000000000000000111e-01,0.000000000000000000e+00,4.008379891394945993e+00,4.008379891394945993e+00,-3.623527103737204769e+00,1.107774303014566142e+00
-2.219444770634432462e+00,2.521643238282158528e+00,3.695384905576621914e-01,1.000000000000000000e+00,5.000000000000000000e-01,2.000000000000000111e-01,0.000000000000000000e+00,1.146238761107479043e+01,1.146238761107479043e+01,-7.134903364524983083e+00,5.596647898611013083e+00
-1.250109301362269276e+00,1.678991528398079636e+00,8.498238386279881595e-01,1.000000000000000000e+00,5.000000000000000000e-01,2.000000000000000111e-01,0.000000000000000000e+00,3.402873686576191492e+00,3.402873686576191492e+00,-3.347170235427737062e+00,2.098922926558892232e+00
8.842369339255249372e-01,3.211382057443591398e-01,8.463003427709929749e-01,1.000000000000000000e+00,5.000000000000000000e-01,2.000000000000000111e-01,0.000000000000000000e+00,-1.068105042291564555e+00,-1.068105042291564555e+00,-1.520689846785161059e+00,-2.839622624137365103e-01
-2.191827306176270973e+00,2.552389392151388936e+00,2.577806677483690523e-01,1.000000000000000000e+00,5.000000000000000000e-01,2.000000000000000111e-01,0.000000000000000000e+00,1.143732134094142339e+01,1.143732134094142339e+01,-7.139809968643426430e+00,5.594396765712068564e+00
-2.061971480630188758e+00,1.353686205866609260e+00,7.704325728113250449e-01,1.000000000000000000e+00,5.000000000000000000e-01,2.000000000000000111e-01,0.000000000000000000e+00,5.704605861513047493e+00,5.704605861513047493e+00,-4.467269004136120714e+00,2.791262350219434918e+00
2.125899401039735181e+00,9.899608148862637513e-02,3.392247413610492979e-01,1.000000000000000000e+00,5.000000000000000000e-01,2.000000000000000111e-01,0.000000000000000000e+00,-4.057895017578499797e+00,-4.057895017578499797e+00,-3.716569070079715154e+00,-2.104557103419516240e-01
-1.418716590702486791e+00,2.273328831086694368e+00,1.853914093957125253e-01,1.000000000000000000e+00,5.000000000000000000e-01,2.000000000000000111e-01,0.000000000000000000e+00,5.655803550446317551e+00,5.655803550446317551e+00,-4.791666045965691012e+00,3.225209328784984564e+00
1.088330319015545555e+00,1.984359324336065988e+00,5.745220629081836394e-01,1.000000000000000000e+00,5.000000000000000000e-01,2.000000000000000111e-01,0.000000000000000000e+00,-3.488897007026079411e+00,-3.488897007026079411e+00,-3.679518694012831936e+00,-2.159638416496143076e+00
1.999002114200957081e+00,1.505873516852293648e+00,3.749205788523338745e-01,1.000000000000000000e+00,5.000000000000000000e-01,2.000000000000000111e-01,0.000000000000000000e+00,-5.863132001387755921e+00,-5.863132001387755921e+00,-4.531433195926485524e+00,-3.010244343906965714e+00
1.486932148578412161e+00,1.245071640835901494e+00,7.758787429092549592e-01,1.000000000000000000e+00,5.000000000000000000e-01,2.000000000000000111e-01,0.000000000000000000e+00,-3.296967424028016236e+00,-3.296967424028016236e+00,-3.101682024092510037e+00,-1.851337050042176191e+00
7.643896571536421547e-01,2.188945996157540375e+00,8.903375153003305620e-01,1.000000000000000000e+00,5.000000000000000000e-01,2.000000000000000111e-01,0.000000000000000000e+00,-2.684995565783141913e+00,-2.684995565783141913e+00,-3.746317215825140767e+00,-1.673207679530700043e+00
-3.013538601867913336e-01,2.924228578839790593e+00,9.742606676301738267e-01,1.000000000000000000e+00,5.000000000000000000e-01,2.000000000000000111e-01,0.000000000000000000e+00,1.595282721831110750e+00,1.595282721831110750e+00,-5.330044880081378444e+00,8.812275703019057937e-01
1.226200265530680511e+00,1.501356115841347538e+00,7.539023541955200969e-01,1.000000000000000000e+00,5.000000000000000000e-01,2.000000000000000111e-01,0.000000000000000000e+00,-2.976905869473192912e+00,-2.976905869473192912e+00,-3.029175347999616186e+00,-1.840963267900771472e+00
-8.055823039867373581e-01,2.689555473336586733e+00,3.574491369467533985e-01,1.000000000000000000e+00,5.000000000000000000e-01,2.000000000000000111e-01,0.000000000000000000e+00,3.823814739288969200e+00,3.823814739288969200e+00,-5.006232031175343877e+00,2.166658294910627447e+00
1.580909239227195506e+00,1.644727358855456067e+00,3.464546689207471664e-01,1.000000000000000000e+00,5.000000000000000000e-01,2.000000000000000111e-01,0.000000000000000000e+00,-4.509415309397494909e+00,-4.509415309397494909e+00,-3.852128456088168118e+00,-2.600164677624333454e+00
1.188425390033920337e+00,7.189528857656422023e-01,1.881486140509818217e-01,1.000000000000000000e+00,5.000000000000000000e-01,2.000000000000000111e-01,0.000000000000000000e+00,-1.831265608716190263e+00,-1.831265608716190263e+00,-2.105859570581737561e+00,-8.544218636820458679e-01
-2.316460801901828681e+00,2.142462711524782737e+00,4.674458024644454479e-01,1.000000000000000000e+00,5.000000000000000000e-01,2.000000000000000111e-01,0.000000000000000000e+00,1.011892938790341212e+01,1.011892938790341212e+01,-6.514667623185660617e+00,4.962930890783464832e+00
-2.958070327511365782e+00,2.359443204105087233e+00,7.437491468996817456e-01,1.000000000000000000e+00,5.000000000000000000e-01,2.000000000000000111e-01,0.000000000000000000e+00,1.636854761701249572e+01,1.636854761701249572e+01,-9.033594154200761395e+00,6.979398931511601845e+00
9.831993753931884683e-01,3.775691635835041193e-01,4.788028345789541174e-02,1.000000000000000000e+00,5.000000000000000000e-01,2.000000000000000111e-01,0.000000000000000000e+00,-1.243369109736679468e+00,-1.243369109736679468e+00,-1.651287843708706848e+00,-3.712257658030298502e-01
-1.402301572525836981e-01,6.446519699880522980e-01,1.134368750396512748e-01,1.000000000000000000e+00,5.000000000000000000e-01,2.000000000000000111e-01,0.000000000000000000e+00,1.699198236565439002e-01,1.699198236565439002e-01,-1.219586779406588883e+00,9.039964712461244500e-02
6.459427792265786117e-01,3.491011437794956374e-01,6.925606013928319316e-01,1.000000000000000000e+00,5.000000000000000000e-01,2.000000000000000111e-01,0.000000000000000000e+00,-7.392067229891813307e-01,-7.392067229891813307e-01,-1.311281048715049913e+00,-2.254993630441048391e-01
9.909779011829544793e-01,1.117169854261489403e-01,2.558641400498087304e-01,1.000000000000000000e+00,5.000000000000000000e-01,2.000000000000000111e-01,0.000000000000000000e+00,-1.191797375406744797e+00,-1.191797375406744797e+00,-1.595462662796137465e+00,-1.107090637440917846e-01
-1.885060022696811721e-01,1.010704853000568892e+00,5.500027570842419555e-01,1.000000000000000000e+00,5.000000000000000000e-01,2.000000000000000111e-01,0.000000000000000000e+00,2.861274270589973523e-01,2.861274270589973523e-01,-1.532082857674468945e+00,1.905239313137030155e-01
-2.209142693329004814e+00,1.476418980969381067e+00,5.269380672212998773e-01,1.000000000000000000e+00,5.000000000000000000e-01,2.000000000000000111e-01,0.000000000000000000e+00,6.773162553896186822e+00,6.773162553896186822e+00,-5.018093367376691205e+00,3.261620204100763143e+00
4.806949385829870636e-01,1.738970918377310770e+00,1.677318249949202311e-01,1.000000000000000000e+00,5.000000000000000000e-01,2.000000000000000111e-01,0.000000000000000000e+00,-1.229725065273789220e+00,-1.229725065273789220e+00,-2.650650501868594855e+00,-8.359145188069819765e-01
-1.262032529760122479e+00,1.486488730988561269e+00,8.802262740304611643e-01,1.000000000000000000e+00,5.000000000000000000e-01,2.000000000000000111e-01,0.000000000000000000e+00,3.058371260411234083e+00,3.058371260411234083e+00,-3.060460037381632414e+00,1.875997133629408120e+00
4.127165179071745627e-03,2.480324215882742322e+00,4.644246493596893011e-01,1.000000000000000000e+00,5.000000000000000000e-01,2.000000000000000111e-01,0.000000000000000000e+00,-1.682235628408031147e-02,-1.682235628408031147e-02,-4.076014328042619539e+00,-1.023670773659968516e-02
-2.828834750238418572e+00,5.298717586401452406e-01,3.580024787779811923e-02,1.000000000000000000e+00,5.000000000000000000e-01,2.000000000000000111e-01,0.000000000000000000e+00,7.753392628105196138e+00,7.753392628105196138e+00,-5.941765666796074541e+00,1.498919644011186936e+00
2.757751333119185411e+00,2.868356838439207301e+00,8.776263330052554990e-01,1.000000000000000000e+00,5.000000000000000000e-01,2.000000000000000111e-01,0.000000000000000000e+00,-1.829705673140979272e+01,-1.829705673140979272e+01,-9.676850925502868961e+00,-7.910214895067255725e+00
-1.904763741049466663e+00,2.271825492315063144e+00,7.303974576407917807e-01,1.000000000000000000e+00,5.000000000000000000e-01,2.000000000000000111e-01,0.000000000000000000e+00,8.202332699096585245e+00,8.202332699096585245e+00,-5.757470479296346255e+00,4.327290823753585869e+00
2.956696863037388212e+00,1.531317711372401913e-01,1.650736185298334879e-01,1.000000000000000000e+00,5.000000000000000000e-01,2.000000000000000111e-01,0.000000000000000000e+00,-8.160885268391259828e+00,-8.160885268391259828e+00,-6.256958473602894699e+00,-4.527642273528373340e-01
1.757626590212360895e+00,1.716051583721971419e-01,7.987148558304916213e-01,1.000000000000000000e+00,5.000000000000000000e-01,2.000000000000000111e-01,0.000000000000000000e+00,-2.869456195826269429e+00,-2.869456195826269429e+00,-2.868274903562891609e+00,-3.016177893725770498e-01
-6.865309462125241957e-01,3.271955172148128810e-01,1.184163963696356348e-01,1.000000000000000000e+00,5.000000000000000000e-01,2.000000000000000111e-01,0.000000000000000000e+00,7.879956898264214304e-01,7.879956898264214304e-01,-1.336323297307212776e+00,2.246298480299817324e-01
3.932055849616196141e-01,1.842202692976935063e+00,4.840542269572980505e-01,1.000000000000000000e+00,5.000000000000000000e-01,2.000000000000000111e-01,0.000000000000000000e+00,-1.072577350448160605e+00,-1.072577350448160605e+00,-2.789621760232741110e+00,-7.243643875098666474e-01
-1.687045451987485123e+00,1.693205764582206951e+00,6.683907405107186728e-01,1.000000000000000000e+00,5.000000000000000000e-01,2.000000000000000111e-01,0.000000000000000000e+00,5.065686911422803362e+00,5.065686911422803362e+00,-4.141146294850202914e+00,2.856515084417404537e+00
-2.922599975993827481e+00,7.674027563588998735e-01,9.927157885294864981e-01,1.000000000000000000e+00,5.000000000000000000e-01,2.000000000000000111e-01,0.000000000000000000e+00,8.775900262099559868e+00,8.775900262099559868e+00,-6.419407867041091897e+00,2.242811277312117824e+00
-3.701553153590975143e-02,2.024122341014896076e+00,9.513228946212682891e-01,1.000000000000000000e+00,5.000000000000000000e-01,2.000000000000000111e-01,0.000000000000000000e+00,1.128533099543213292e-01,1.128533099543213292e-01,-3.049357715442742922e+00,7.492396434637635383e-02
-2.579405796352019387e+00,1.018511739554776252e+00,8.852569003534237480e-01,1.000000000000000000e+00,5.000000000000000000e-01,2.000000000000000111e-01,0.000000000000000000e+00,7.349629736256016344e+00,7.349629736256016344e+00,-5.510683639158085789e+00,2.627155084660168338e+00
-1.934209707207403373e+00,2.364631483759319863e+00,9.300362077978753250e-01,1.000000000000000000e+00,5.000000000000000000e-01,2.000000000000000111e-01,0.000000000000000000e+00,8.788999520054826320e+00,8.788999520054826320e+00,-6.040441341866111813e+00,4.573693169855522100e+00
-2.608231617464468854e+00,2.195462550784461619e+00,1.165637521914923980e-01,1.000000000000000000e+00,5.000000000000000000e-01,2.000000000000000111e-01,0.000000000000000000e+00,1.244283585758172350e+01,1.244283585758172350e+01,-7.491751208153299757e+00,5.726274839915224568e+00
3.157816754863782549e-01,7.026414236396469892e-01,4.905734767727343293e-02,1.000000000000000000e+00,5.000000000000000000e-01,2.000000000000000111e-01,0.000000000000000000e+00,-4.000309944592340683e-01,-4.000309944592340683e-01,-1.306683325050965516e+00,-2.218812860230618411e-01
1.002247216296399124e+00,2.095288878390770826e-01,1.114142013632626327e-01,1.000000000000000000e+00,5.000000000000000000e-01,2.000000000000000111e-01,0.000000000000000000e+00,-1.225599084795730764e+00,-1.225599084795730764e+00,-1.624650866963869067e+00,-2.099997445703954413e-01
2.766197750119158805e+00,1.840526693377200207e+00,6.817483426337505037e-01,1.000000000000000000e+00,5.000000000000000000e-01,2.000000000000000111e-01,0.000000000000000000e+00,-1.168480449803188392e+01,-1.168480449803188392e+01,-7.284879250175583465e+00,-5.091260798254266362e+00
-1.537827272841308490e+00,2.540408261460924688e-01,4.373331555358572764e-02,1.000000000000000000e+00,5.000000000000000000e-01,2.000000000000000111e-01,0.000000000000000000e+00,2.314815909392404780e+00,2.314815909392404780e+00,-2.451216003331216697e+00,3.906709108625983640e-01
2.027173620748783378e+00,1.706082799964599328e+00,2.012040352014945466e-01,1.000000000000000000e+00,5.000000000000000000e-01,2.000000000000000111e-01,0.000000000000000000e+00,-6.643546311298549334e+00,-6.643546311298549334e+00,-4.921018993363363236e+00,-3.458526046901459150e+00
5.283966239558255396e-01,2.005727433934733739e+00,4.996453185250060436e-02,1.000000000000000000e+00,5.000000000000000000e-01,2.000000000000000111e-01,0.000000000000000000e+00,-1.620757235702957377e+00,-1.620757235702957377e+00,-3.178993064943954394e+00,-1.059819604666694337e+00
-2.920214320782001494e+00,4.484587130139618960e-01,6.276878375460716031e-01,1.000000000000000000e+00,5.000000000000000000e-01,2.000000000000000111e-01,0.000000000000000000e+00,8.194378200900079179e+00,8.194378200900079179e+00,-6.217148616219242641e+00,1.309595556022837171e+00
-8.086814524708012542e-01,2.308461595709263570e+00,6.756668786286805783e-01,1.000000000000000000e+00,5.000000000000000000e-01,2.000000000000000111e-01,0.000000000000000000e+00,3.069181121221097541e+00,3.069181121221097541e+00,-4.056876884374450931e+00,1.866810076191230738e+00
2.878705287947486369e+00,1.204363485580385307e+00,2.308061089006250288e-01,1.000000000000000000e+00,5.000000000000000000e-01,2.000000000000000111e-01,0.000000000000000000e+00,-9.737607907757757530e+00,-9.737607907757757530e+00,-6.697412183613760561e+00,-3.467007534551121317e+00
1.388934122301611396e+00,1.888991160589766682e+00,2.495716393106847120e-01,1.000000000000000000e+00,5.000000000000000000e-01,2.000000000000000111e-01,0.000000000000000000e+00,-4.402881446419014466e+00,-4.402881446419014466e+00,-3.941626600049385587e+00,-2.623684279669249886e+00
1.016991253839732323e+00,1.552088111153031358e+00,9.755235305255371969e-01,1.000000000000000000e+00,5.000000000000000000e-01,2.000000000000000111e-01,0.000000000000000000e+00,-2.452314735382270516e+00,-2.452314735382270516e+00,-2.825051478623199053e+00,-1.578460034231263132e+00
1.200355476242826569e+00,2.140817160823000442e+00,4.326471399209916857e-01,1.000000000000000000e+00,5.000000000000000000e-01,2.000000000000000111e-01,0.000000000000000000e+00,-4.296936159601186134e+00,-4.296936159601186134e+00,-4.156061019644812227e+00,-2.569741602628508481e+00
2.745709677899497159e+00,1.478793640973860679e+00,2.692897733290521289e-01,1.000000000000000000e+00,5.000000000000000000e-01,2.000000000000000111e-01,0.000000000000000000e+00,-9.887848712806823315e+00,-9.887848712806823315e+00,-6.616768297478941463e+00,-4.060338011638163991e+00
2.303693550194179096e-01,1.565708576427568222e+00,6.738741008462548754e-01,1.000000000000000000e+00,5.000000000000000000e-01,2.000000000000000111e-01,0.000000000000000000e+00,-5.151832084609577755e-01,-5.151832084609577755e-01,-2.257563696988658553e+00,-3.606912748999898666e-01
-2.183367680723749427e+00,1.411377539706998530e+00,7.195658194428973253e-01,1.000000000000000000e+00,5.000000000000000000e-01,2.000000000000000111e-01,0.000000000000000000e+00,6.439651199592889341e+00,6.439651199592889341e+00,-4.856249937332092870e+00,3.081556105495661058e+00
-2.696706341349171865e+00,4.743117055080772193e-01,5.221152891032426746e-01,1.000000000000000000e+00,5.000000000000000000e-01,2.000000000000000111e-01,0.000000000000000000e+00,6.922258607385163742e+00,6.922258607385163742e+00,-5.475820851874692252e+00,1.279079384019772725e+00
4.083226745971018090e-01,1.890837358392656764e+00,8.793923065203579359e-02,1.000000000000000000e+00,5.000000000000000000e-01,2.000000000000000111e-01,0.000000000000000000e+00,-1.151869461301314512e+00,-1.151869461301314512e+00,-2.887669401900738730e+00,-7.720717674070083358e-01
-1.935852920839942870e+00,7.187848537490626466e-02,2.598732465969413319e-01,1.000000000000000000e+00,5.000000000000000000e-01,2.000000000000000111e-01,0.000000000000000000e+00,3.391785765263678254e+00,3.391785765263678254e+00,-3.251099177004618479e+00,1.391461758585633979e-01
2.612215549048510610e+00,1.252553023144730826e+00,8.005629793418194140e-01,1.000000000000000000e+00,5.000000000000000000e-01,2.000000000000000111e-01,0.000000000000000000e+00,-8.226333182439574898e+00,-8.226333182439574898e+00,-5.878646582708990209e+00,-3.271938483066384684e+00
2.858986636548870308e+00,2.334153909136401861e+00,2.779134250036269238e-01,1.000000000000000000e+00,5.000000000000000000e-01,2.000000000000000111e-01,0.000000000000000000e+00,-1.532101820708659723e+01,-1.532101820708659723e+01,-8.628419988547387121e+00,-6.673314833869278928e+00
3.873692897486389342e-01,2.568251077761675383e+00,1.600588554775981276e-01,1.000000000000000000e+00,5.000000000000000000e-01,2.000000000000000111e-01,0.000000000000000000e+00,-1.676521809851234446e+00,-1.676521809851234446e+00,-4.387989779196223239e+00,-9.948615958887166988e-01
6.660866415926642858e-01,2.532818263428829653e+00,2.791421016288430090e-01,1.000000000000000000e+00,5.000000000000000000e-01,2.000000000000000111e-01,0.000000000000000000e+00,-2.861720334634255458e+00,-2.861720334634255458e+00,-4.473787026244233189e+00,-1.687076410851873209e+00
-2.219839908813913354e+00,2.224999926723695065e+00,7.489111052155722481e-01,1.000000000000000000e+00,5.000000000000000000e-01,2.000000000000000111e-01,0.000000000000000000e+00,9.902373259274003914e+00,9.902373259274003914e+00,-6.431925869418003039e+00,4.939143634449290943e+00
1.867379436188159048e+00,2.907235775319342963e+00,9.098932654657075902e-01,1.000000000000000000e+00,5.000000000000000000e-01,2.000000000000000111e-01,0.000000000000000000e+00,-1.106129346215480247e+01,-1.106129346215480247e+01,-7.318273501867375685e+00,-5.428912302981879989e+00
-4.460121015386215859e-01,2.967052422121630784e+00,8.745018984478006852e-01,1.000000000000000000e+00,5.000000000000000000e-01,2.000000000000000111e-01,0.000000000000000000e+00,2.426968337297390477e+00,2.426968337297390477e+00,-5.521056114640256141e+00,1.323341286165725883e+00
1.525687678021467875e+00,1.208222272104359618e+00,8.892825832518655993e-01,1.000000000000000000e+00,5.000000000000000000e-01,2.000000000000000111e-01,0.000000000000000000e+00,-3.349563548403993618e+00,-3.349563548403993618e+00,-3.126534263924433787e+00,-1.843369832860722646e+00
-4.295337565362262744e-01,2.024357229018403537e+00,8.950639305834078296e-01,1.000000000000000000e+00,5.000000000000000000e-01,2.000000000000000111e-01,0.000000000000000000e+00,1.325502920516488103e+00,1.325502920516488103e+00,-3.159710644142007752e+00,8.695297651515405679e-01
1.813267093964359589e+00,4.702727385936115168e-01,9.686523340796984183e-01,1.000000000000000000e+00,5.000000000000000000e-01,2.000000000000000111e-01,0.000000000000000000e+00,-3.206156744210027387e+00,-3.206156744210027387e+00,-3.083340756764540114e+00,-8.527300820802988790e-01
-2.270551554259750304e+00,1.890363654369253688e+00,8.487507709089427976e-01,1.000000000000000000e+00,5.000000000000000000e-01,2.000000000000000111e-01,0.000000000000000000e+00,8.668553150044216338e+00,8.668553150044216338e+00,-5.879979989210960767e+00,4.292168133544250530e+00
2.845512370008537850e+00,9.880584847564988227e-01,6.265617927818573074e-01,1.000000000000000000e+00,5.000000000000000000e-01,2.000000000000000111e-01,0.000000000000000000e+00,-8.842480664947451885e+00,-8.842480664947451885e+00,-6.346294173372617919e+00,-2.811532640666509764e+00
1.108291332783843508e+00,2.622936284252093131e+00,2.995857027864661237e-01,1.000000000000000000e+00,5.000000000000000000e-01,2.000000000000000111e-01,0.000000000000000000e+00,-5.192964773944954260e+00,-5.192964773944954260e+00,-5.176883182617361356e+00,-2.906977550280854583e+00
-9.302961422542868064e-01,4.040082041129438029e-01,9.979679522465888519e-01,1.000000000000000000e+00,5.000000000000000000e-01,2.000000000000000111e-01,0.000000000000000000e+00,1.167243962296915072e+00,1.167243962296915072e+00,-1.600881861871207956e+00,3.758472737253540918e-01
-5.332524595704049020e-01,4.864613283307495095e-01,2.192984823072728906e-01,1.000000000000000000e+00,5.000000000000000000e-01,2.000000000000000111e-01,0.000000000000000000e+00,6.266750638342241109e-01,6.266750638342241109e-01,-1.288937223363390450e+00,2.594066998182584793e-01
-1.710520717812782809e+00,1.935359455922194716e+00,3.188677444662454397e-01,1.000000000000000000e+00,5.000000000000000000e-01,2.000000000000000111e-01,0.000000000000000000e+00,5.914953850356917897e+00,5.914953850356917897e+00,-4.628336787453781298e+00,3.310472445769789385e+00
5.845443925178139821e-02,1.677643819475783449e+00,7.650666333922128137e-01,1.000000000000000000e+00,5.000000000000000000e-01,2.000000000000000111e-01,0.000000000000000000e+00,-1.407540679520006555e-01,-1.407540679520006555e-01,-2.409294545393591669e+00,-9.806572873167369864e-02
2.369471270170208754e+00,1.864090829092793555e+00,4.395756039990001973e-01,1.000000000000000000e+00,5.000000000000000000e-01,2.000000000000000111e-01,0.000000000000000000e+00,-9.146860773404069889e+00,-9.146860773404069889e+00,-6.106053769651142993e+00,-4.416909664523139156e+00
-1.390737934766210770e-01,1.782425822983770836e+00,4.197831323834022577e-02,1.000000000000000000e+00,5.000000000000000000e-01,2.000000000000000111e-01,0.000000000000000000e+00,3.605334017730766893e-01,3.605334017730766893e-01,-2.600125819238872982e+00,2.478887207930413061e-01
-1.006337427828792652e+00,1.392368082657610140e-01,5.492679313880769465e-01,1.000000000000000000e+00,5.000000000000000000e-01,2.000000000000000111e-01,0.000000000000000000e+00,1.219918909119211081e+00,1.219918909119211081e+00,-1.617322455577460572e+00,1.401192114892567120e-01
-2.243743805831810434e-01,1.795167603995272643e+00,8.784891635466035575e-01,1.000000000000000000e+00,5.000000000000000000e-01,2.000000000000000111e-01,0.000000000000000000e+00,5.881709929806060444e-01,5.881709929806060444e-01,-2.641519680814315763e+00,4.027896191894325129e-01
-5.013015225867447633e-01,1.316452126412383183e+00,5.237142083466224118e-01,1.000000000000000000e+00,5.000000000000000000e-01,2.000000000000000111e-01,0.000000000000000000e+00,9.608866092752618160e-01,9.608866092752618160e-01,-2.017305030496515883e+00,6.599394553830855159e-01
-4.576764922556515458e-01,5.892354905162882073e-01,7.670934444771290162e-01,1.000000000000000000e+00,5.000000000000000000e-01,2.000000000000000111e-01,0.000000000000000000e+00,5.563024746377841501e-01,5.563024746377841501e-01,-1.299279894580047889e+00,2.696792324120330098e-01
1.008236603421983624e-01,2.477917689018385605e+00,1.988027230922514432e-01,1.000000000000000000e+00,5.000000000000000000e-01,2.000000000000000111e-01,0.000000000000000000e+00,-4.105611153784330392e-01,-4.105611153784330392e-01,-4.076137283065987660e+00,-2.498327314335148097e-01
1.315322445078305869e+00,2.203184746624781809e+00,7.821421291528625197e-01,1.000000000000000000e+00,5.000000000000000000e-01,2.000000000000000111e-01,0.000000000000000000e+00,-4.962745968842225075e+00,-4.962745968842225075e+00,-4.465055394596116223e+00,-2.897898347889735771e+00
1.302583814025620512e+00,1.963985573101660220e+00,3.295189740000729062e-01,1.000000000000000000e+00,5.000000000000000000e-01,2.000000000000000111e-01,0.000000000000000000e+00,-4.256797772172301819e+00,-4.256797772172301819e+00,-3.946654421212647534e+00,-2.558255818502054524e+00
-2.831326654838171919e+00,1.242169697606254841e+00,3.569245671623014760e-01,1.000000000000000000e+00,5.000000000000000000e-01,2.000000000000000111e-01,0.000000000000000000e+00,9.555090140071506255e+00,9.555090140071506255e+00,-6.581339154663876201e+00,3.516988174664861244e+00
2.642165054050820139e+00,4.769934266001399914e-01,7.396898636225477386e-01,1.000000000000000000e+00,5.000000000000000000e-01,2.000000000000000111e-01,0.000000000000000000e+00,-6.631751319252342292e+00,-6.631751319252342292e+00,-5.302383068218295747e+00,-1.260295362774844774e+00
-8.823185155539103874e-01,5.941497125367956045e-04,5.602775305810068218e-01,1.000000000000000000e+00,5.000000000000000000e-01,2.000000000000000111e-01,0.000000000000000000e+00,1.019693187120453093e+00,1.019693187120453093e+00,-1.467091754240493984e+00,5.242292923822480495e-04
-3.593832062926525239e-01,2.610879646074983018e+00,4.323363289398736153e-01,1.000000000000000000e+00,5.000000000000000000e-01,2.000000000000000111e-01,0.000000000000000000e+00,1.593568934745270838e+00,1.593568934745270838e+00,-4.485840036523426555e+00,9.383062984506532755e-01
9.789089610985257650e-02,1.409349030372205602e+00,3.554455694884796069e-01,1.000000000000000000e+00,5.000000000000000000e-01,2.000000000000000111e-01,0.000000000000000000e+00,-1.952971216881755068e-01,-1.952971216881755068e-01,-1.998881921230251990e+00,-1.379624395146870353e-01
2.445592927497081348e+00,1.452664393283916056e+00,3.111053501106804120e-01,1.000000000000000000e+00,5.000000000000000000e-01,2.000000000000000111e-01,0.000000000000000000e+00,-7.951360866163520669e+00,-7.951360866163520669e+00,-5.643671779971711544e+00,-3.552625766241983563e+00
-2.753329434813754695e+00,8.849495380777493425e-01,8.781873760372339577e-01,1.000000000000000000e+00,5.000000000000000000e-01,2.000000000000000111e-01,0.000000000000000000e+00,8.005945309542013888e+00,8.005945309542013888e+00,-5.940061628439110564e+00,2.436557611514302835e+00
2.062113708766244002e+00,1.252706415550983721e+00,5.786605842933143506e-01,1.000000000000000000e+00,5.000000000000000000e-01,2.000000000000000111e-01,0.000000000000000000e+00,-5.433874331426513216e+00,-5.433874331426513216e+00,-4.336024450510301165e+00,-2.583223072567106815e+00
1.065595969531788256e+00,1.877713529114679147e+00,7.703253746192419982e-01,1.000000000000000000e+00,5.000000000000000000e-01,2.000000000000000111e-01,0.000000000000000000e+00,-3.186135148636064951e+00,-3.186135148636064951e+00,-3.444200910879586353e+00,-2.000883968559912240e+00
2.151798375858291479e-01,1.325644928847037107e+00,9.549497741514275662e-01,1.000000000000000000e+00,5.000000000000000000e-01,2.000000000000000111e-01,0.000000000000000000e+00,-4.062439782675698607e-01,-4.062439782675698607e-01,-1.906448656191011448e+00,-2.852520604857834985e-01
-5.808387730344670707e-01,2.460059171987773574e+00,4.536823444780798686e-01,1.000000000000000000e+00,5.000000000000000000e-01,2.000000000000000111e-01,0.000000000000000000e+00,2.377617225084849739e+00,2.377617225084849739e+00,-4.228369772996695808e+00,1.428897751049565512e+00
2.159763663999418881e-01,5.770004837014969246e-01,7.155908586823410689e-01,1.000000000000000000e+00,5.000000000000000000e-01,2.000000000000000111e-01,0.000000000000000000e+00,-2.539437022054776283e-01,-2.539437022054776283e-01,-1.194452253601873792e+00,-1.246184678808582025e-01
1.204353489230680196e+00,3.680912771247649706e-01,7.222112980126549342e-02,1.000000000000000000e+00,5.000000000000000000e-01,2.000000000000000111e-01,0.000000000000000000e+00,-1.635318209185268934e+00,-1.635318209185268934e+00,-1.938025990360939144e+00,-4.433120139605879473e-01
-2.922569155829588539e-01,2.559049745575467938e+00,4.968707201736685120e-01,1.000000000000000000e+00,5.000000000000000000e-01,2.000000000000000111e-01,0.000000000000000000e+00,1.254206121901055404e+00,1.254206121901055404e+00,-4.325616262988572380e+00,7.478999854652418344e-01
2.556712800536081076e+00,5.929582075641000039e-01,6.794743061855068600e-01,1.000000000000000000e+00,5.000000000000000000e-01,2.000000000000000111e-01,0.000000000000000000e+00,-6.348716185948852342e+00,-6.348716185948852342e+00,-5.097867924613845858e+00,-1.516023839462064871e+00
4.092672363389926460e-01,9.241021580594935836e-01,7.582691396551177743e-01,1.000000000000000000e+00,5.000000000000000000e-01,2.000000000000000111e-01,0.000000000000000000e+00,-5.977275683179509302e-01,-5.977275683179509302e-01,-1.527482201709440712e+00,-3.782047363239078863e-01
-2.502860868772067704e-01,2.216010222436843868e+00,6.186115567647456626e-01,1.000000000000000000e+00,5.000000000000000000e-01,2.000000000000000111e-01,0.000000000000000000e+00,8.679619342604704135e-01,8.679619342604704135e-01,-3.492936528142877695e+00,5.546365270536062209e-01
2.448699217733646627e+00,8.631067670863035168e-02,4.747887463614920422e-01,1.000000000000000000e+00,5.000000000000000000e-01,2.000000000000000111e-01,0.000000000000000000e+00,-5.394362769961278836e+00,-5.394362769961278836e+00,-4.601401481814574979e+00,-2.113488865384848259e-01
-2.833872715482158355e+00,1.557679797888606554e+00,9.309658074705489117e-01,1.000000000000000000e+00,5.000000000000000000e-01,2.000000000000000111e-01,0.000000000000000000e+00,1.082355201060223493e+01,1.082355201060223493e+01,-7.031683916907679688e+00,4.414266278694285006e+00
2.408458296173420443e+00,9.670908863205053274e-01,1.775484882888841431e-01,1.000000000000000000e+00,5.000000000000000000e-01,2.000000000000000111e-01,0.000000000000000000e+00,-6.328866422519631385e+00,-6.328866422519631385e+00,-4.948035209846036508e+00,-2.329198068312327230e+00
-7.694213491684998019e-02,2.813148871454147937e+00,6.886442037491911083e-01,1.000000000000000000e+00,5.000000000000000000e-01,2.000000000000000111e-01,0.000000000000000000e+00,3.814858223436743967e-01,3.814858223436743967e-01,-4.960455341757211478e+00,2.164496800086093131e-01
-2.166595400694154350e+00,1.580235901457601067e+00,3.913117892376183349e-01,1.000000000000000000e+00,5.000000000000000000e-01,2.000000000000000111e-01,0.000000000000000000e+00,6.905805916258632493e+00,6.905805916258632493e+00,-5.065054130313196623e+00,3.423731836109819238e+00
1.170711277786401716e+00,1.542999404557488630e+00,1.373247029803426056e-02,1.000000000000000000e+00,5.000000000000000000e-01,2.000000000000000111e-01,0.000000000000000000e+00,-2.885260745800175997e+00,-2.885260745800175997e+00,-3.012762518794144029e+00,-1.806406804533154498e+00
-1.488285577173180441e+00,1.933420789121782946e+00,9.966213518280223616e-01,1.000000000000000000e+00,5.000000000000000000e-01,2.000000000000000111e-01,0.000000000000000000e+00,4.929286315242329408e+00,4.929286315242329408e+00,-4.198054349437173371e+00,2.877482275056738814e+00
-1.249904267204886565e-01,2.401225968366015096e+00,7.719080529235811117e-01,1.000000000000000000e+00,5.000000000000000000e-01,2.000000000000000111e-01,0.000000000000000000e+00,4.857212472051955499e-01,4.857212472051955499e-01,-3.892316639640715614e+00,3.001302584383868099e-01
2.256363411835815569e-01,8.759331322456468394e-01,8.490609632047511068e-01,1.000000000000000000e+00,5.000000000000000000e-01,2.000000000000000111e-01,0.000000000000000000e+00,-3.144945898358194603e-01,-3.144945898358194603e-01,-1.414176481160462906e+00,-1.976423470813820360e-01
2.818586318516382860e+00,7.354557642272074869e-02,1.111339787130275480e-01,1.000000000000000000e+00,5.000000000000000000e-01,2.000000000000000111e-01,0.000000000000000000e+00,-7.304620801813750397e+00,-7.304620801813750397e+00,-5.769361776862317548e+00,-2.072945554924817690e-01
1.089848415032768969e+00,1.767811582436318751e+00,8.222615778443683743e-01,1.000000000000000000e+00,5.000000000000000000e-01,2.000000000000000111e-01,0.000000000000000000e+00,-3.051720303822096358e+00,-3.051720303822096358e+00,-3.275240636147663587e+00,-1.926646651194793280e+00
-2.815504077560637697e-01,1.341068412862057579e+00,4.451411803844839143e-01,1.000000000000000000e+00,5.000000000000000000e-01,2.000000000000000111e-01,0.000000000000000000e+00,5.391933484769312335e-01,5.391933484769312335e-01,-1.946794623252742440e+00,3.775783584700895812e-01
9.039632459784359142e-01,6.348995883318737654e-01,2.819846344786580694e-01,1.000000000000000000e+00,5.000000000000000000e-01,2.000000000000000111e-01,0.000000000000000000e+00,-1.233890534442889875e+00,-1.233890534442889875e+00,-1.691838473679913690e+00,-5.739258927388533049e-01
9.297342353834050499e-01,2.157510595083638627e+00,5.560418052989068993e-01,1.000000000000000000e+00,5.000000000000000000e-01,2.000000000000000111e-01,0.000000000000000000e+00,-3.254355376499884045e+00,-3.254355376499884045e+00,-3.846069433015457228e+00,-2.005911463451682142e+00
-2.104981968487434241e+00,2.203130374022093996e+00,8.497251027684737945e-01,1.000000000000000000e+00,5.000000000000000000e-01,2.000000000000000111e-01,0.000000000000000000e+00,9.078958870317723751e+00,9.078958870317723751e+00,-6.085461175063706207e+00,4.637549711543484499e+00
-7.021064305267037398e-01,2.939139372311259102e+00,9.427160121435109730e-01,1.000000000000000000e+00,5.000000000000000000e-01,2.000000000000000111e-01,0.000000000000000000e+00,3.803914916430458870e+00,3.803914916430458870e+00,-5.615042188807279899e+00,2.063588653513954707e+00
-1.945450726297921040e+00,2.839750099749865253e+00,5.064300072387588614e-01,1.000000000000000000e+00,5.000000000000000000e-01,2.000000000000000111e-01,0.000000000000000000e+00,1.126230378458050296e+01,1.126230378458050296e+01,-7.302957431586550641e+00,5.524593894062968857e+00
-2.291255435201726698e+00,7.052201028537928851e-01,7.533533087022639130e-01,1.000000000000000000e+00,5.000000000000000000e-01,2.000000000000000111e-01,0.000000000000000000e+00,5.266766789529951254e+00,5.266766789529951254e+00,-4.398578578339430223e+00,1.615839393677273694e+00
-1.000845856265659028e+00,1.154481038495973610e+00,8.334073425379950883e-01,1.000000000000000000e+00,5.000000000000000000e-01,2.000000000000000111e-01,0.000000000000000000e+00,1.868330723362757517e+00,1.868330723362757517e+00,-2.267428690925854973e+00,1.155457563515970065e+00
-2.770579038433225172e+00,2.240020073228684794e+00,6.446201325607808785e-01,1.000000000000000000e+00,5.000000000000000000e-01,2.000000000000000111e-01,0.000000000000000000e+00,1.397498520669784661e+01,1.397498520669784661e+01,-8.114509889157066169e+00,6.206152660557052059e+00
-1.881781282863432603e+00,5.507508297253160823e-02,9.872929579307807568e-01,1.000000000000000000e+00,5.000000000000000000e-01,2.000000000000000111e-01,0.000000000000000000e+00,3.217350693223796299e+00,3.217350693223796299e+00,-3.126177110303303586e+00,1.036392602898605214e-01
-1.891200685366339229e+00,2.468483967648217980e+00,4.588325897651245322e-01,1.000000000000000000e+00,5.000000000000000000e-01,2.000000000000000111e-01,0.000000000000000000e+00,9.005963015542645778e+00,9.005963015542645778e+00,-6.192690568666211703e+00,4.668398571432129884e+00
2.564056192132122547e-01,1.967430556246389184e+00,1.018536269366133729e-01,1.000000000000000000e+00,5.000000000000000000e-01,2.000000000000000111e-01,0.000000000000000000e+00,-7.560222924580056736e-01,-7.560222924580056736e-01,-2.974837801764454781e+00,-5.044602500333500439e-01
-4.400696323451951386e-01,9.236662658081289390e-01,4.460652779496108167e-01,1.000000000000000000e+00,5.000000000000000000e-01,2.000000000000000111e-01,0.000000000000000000e+00,6.448392873926527269e-01,6.448392873926527269e-01,-1.542776454083427673e+00,4.064774740038425982e-01
-2.343011998105676952e+00,2.635321647420343361e+00,5.254339373649360434e-01,1.000000000000000000e+00,5.000000000000000000e-01,2.000000000000000111e-01,0.000000000000000000e+00,1.305151669903640155e+01,1.305151669903640155e+01,-7.766283226641430559e+00,6.174590238773483009e+00
2.968714441851162178e+00,1.398388292397285237e+00,7.586403886693883214e-01,1.000000000000000000e+00,5.000000000000000000e-01,2.000000000000000111e-01,0.000000000000000000e+00,-1.110417354783269595e+01,-1.110417354783269595e+01,-7.265704170510292492e+00,-4.151415518955406725e+00
1.510593009660051500e+00,7.127703281273432001e-01,8.310218045867142633e-01,1.000000000000000000e+00,5.000000000000000000e-01,2.000000000000000111e-01,0.000000000000000000e+00,-2.583716801069686042e+00,-2.583716801069686042e+00,-2.623155514829667911e+00,-1.076705875162265791e+00
1.111312163013224996e+00,2.435308296185740407e+00,4.458052348974050894e-02,1.000000000000000000e+00,5.000000000000000000e-01,2.000000000000000111e-01,0.000000000000000000e+00,-4.681253785866456241e+00,-4.681253785866456241e+00,-4.706372082932226419e+00,-2.706387730238226652e+00
8.746811871669946115e-01,2.747779386678713021e+00,2.374307014481245037e-01,1.000000000000000000e+00,5.000000000000000000e-01,2.000000000000000111e-01,0.000000000000000000e+00,-4.310568152518609253e+00,-4.310568152518609253e+00,-5.234186086438539220e+00,-2.403430936013132957e+00
1.376226586587252498e+00,4.374960158261589349e-01,1.558043980142302942e-01,1.000000000000000000e+00,5.000000000000000000e-01,2.000000000000000111e-01,0.000000000000000000e+00,-2.029247898528637517e+00,-2.029247898528637517e+00,-2.232101152509641473e+00,-6.020936485059572574e-01
-1.823715009646474039e+00,2.837430344472646304e+00,9.083986387022578990e-01,1.000000000000000000e+00,5.000000000000000000e-01,2.000000000000000111e-01,0.000000000000000000e+00,1.037820181473634484e+01,1.037820181473634484e+01,-7.021067341712983634e+00,5.174664308041130312e+00
1.378179449688110125e+00,5.045329366776203361e-01,1.014246858211154123e-01,1.000000000000000000e+00,5.000000000000000000e-01,2.000000000000000111e-01,0.000000000000000000e+00,-2.077126549579306758e+00,-2.077126549579306758e+00,-2.266903899421845114e+00,-6.953369250198888629e-01
-7.904448604670744061e-01,2.059601660279804403e+00,8.680614560086921117e-01,1.000000000000000000e+00,5.000000000000000000e-01,2.000000000000000111e-01,0.000000000000000000e+00,2.565736681286781895e+00,2.565736681286781895e+00,-3.495861345976951196e+00,1.628001546977624781e+00
-1.782047353357482100e+00,1.474550952017116057e+00,1.919976462522449134e-01,1.000000000000000000e+00,5.000000000000000000e-01,2.000000000000000111e-01,0.000000000000000000e+00,4.851247567097850322e+00,4.851247567097850322e+00,-3.992565916812335747e+00,2.627719621432857089e+00
-1.242099611795753678e+00,2.613898671725417344e+00,8.673012234667081266e-01,1.000000000000000000e+00,5.000000000000000000e-01,2.000000000000000111e-01,0.000000000000000000e+00,5.868666559665109084e+00,5.868666559665109084e+00,-5.341920000397848867e+00,3.246722525423577199e+00
1.973387449490782153e+00,2.973413130881958910e+00,5.078339576000387989e-01,1.000000000000000000e+00,5.000000000000000000e-01,2.000000000000000111e-01,0.000000000000000000e+00,-1.223390582923881809e+01,-1.223390582923881809e+01,-7.757147638935268041e+00,-5.867696154633549988e+00
-5.247231642536207552e-01,3.044310612283651629e-01,8.019962885428870702e-01,1.000000000000000000e+00,5.000000000000000000e-01,2.000000000000000111e-01,0.000000000000000000e+00,5.779332494977962309e-01,5.779332494977962309e-01,-1.211539774982913542e+00,1.597420297448355342e-01
2.262970089055322376e+00,1.365883966804193328e+00,9.524975947113195618e-01,1.000000000000000000e+00,5.000000000000000000e-01,2.000000000000000111e-01,0.000000000000000000e+00,-6.691661911445263122e+00,-6.691661911445263122e+00,-5.005439679761812144e+00,-3.090954561998122241e+00
2.972098361759965890e+00,2.594406515016863590e+00,9.872636726652016526e-01,1.000000000000000000e+00,5.000000000000000000e-01,2.000000000000000111e-01,0.000000000000000000e+00,-1.822534202275745940e+01,-1.822534202275745940e+01,-9.665493785766738455e+00,-7.710831353021002421e+00
2.643427847898355054e+00,1.215305160282606600e+00,8.180964537035451123e-02,1.000000000000000000e+00,5.000000000000000000e-01,2.000000000000000111e-01,0.000000000000000000e+00,-8.289857068933351059e+00,-8.289857068933351059e+00,-5.931109788531483851e+00,-3.212571504385616006e+00
-1.112574175782850006e-01,5.156876549425185585e-01,8.826451095971872274e-01,1.000000000000000000e+00,5.000000000000000000e-01,2.000000000000000111e-01,0.000000000000000000e+00,1.263264027310065929e-01,1.263264027310065929e-01,-1.140393806509770513e+00,5.737407676590633443e-02
3.971507146008144140e-01,1.450546914886273964e+00,7.450319073095700295e-01,1.000000000000000000e+00,5.000000000000000000e-01,2.000000000000000111e-01,0.000000000000000000e+00,-8.274988261948180712e-01,-8.274988261948180712e-01,-2.146680390207805988e+00,-5.760857438090903893e-01
6.279548071524976294e-01,1.317592957689810440e-01,3.546223244784550976e-01,1.000000000000000000e+00,5.000000000000000000e-01,2.000000000000000111e-01,0.000000000000000000e+00,-6.829295528097479862e-01,-6.829295528097479862e-01,-1.245276599906327109e+00,-8.273888316515938535e-02
-2.448732624662097734e+00,5.323023290267804297e-01,2.080823665869346861e-01,1.000000000000000000e+00,5.000000000000000000e-01,2.000000000000000111e-01,0.000000000000000000e+00,5.732314548050475800e+00,5.732314548050475800e+00,-4.739447764994383583e+00,1.303466079271495603e+00
1.551996965297500530e+00,2.558921152313963887e+00,6.500158282446989455e-01,1.000000000000000000e+00,5.000000000000000000e-01,2.000000000000000111e-01,0.000000000000000000e+00,-7.380952477230147579e+00,-7.380952477230147579e+00,-5.719255480055503327e+00,-3.971437862826855181e+00
1.825507108603909856e+00,2.505057708875073619e+00,6.971025189755757356e-01,1.000000000000000000e+00,5.000000000000000000e-01,2.000000000000000111e-01,0.000000000000000000e+00,-8.770014180142965188e+00,-8.770014180142965188e+00,-6.137142784535261519e+00,-4.573000655014470617e+00
-1.787155147781048781e+00,2.416998674496647403e+00,1.363469557848381308e-01,1.000000000000000000e+00,5.000000000000000000e-01,2.000000000000000111e-01,0.000000000000000000e+00,8.148937794635209286e+00,8.148937794635209286e+00,-5.837295409603457053e+00,4.319551623306654875e+00
-9.543909176695013485e-01,1.796284069814406692e-01,7.289010534213922199e-01,1.000000000000000000e+00,5.000000000000000000e-01,2.000000000000000111e-01,0.000000000000000000e+00,1.143651968866794988e+00,1.143651968866794988e+00,-1.562650396535364639e+00,1.714357201785278173e-01
8.135318020215240864e-01,1.956834796978377700e+00,5.525497426936147871e-01,1.000000000000000000e+00,5.000000000000000000e-01,2.000000000000000111e-01,0.000000000000000000e+00,-2.478805375806282907e+00,-2.478805375806282907e+00,-3.311701607072937481e+00,-1.591947338644242871e+00
2.736031539629346199e+00,1.360681783080330387e+00,6.820937867255865150e-01,1.000000000000000000e+00,5.000000000000000000e-01,2.000000000000000111e-01,0.000000000000000000e+00,-9.365165570665077155e+00,-9.365165570665077155e+00,-6.417248608911252816e+00,-3.722868273906880354e+00
-8.396214736363458719e-01,2.001546954532139821e+00,8.309405208755498151e-01,1.000000000000000000e+00,5.000000000000000000e-01,2.000000000000000111e-01,0.000000000000000000e+00,2.639843757314730421e+00,2.639843757314730421e+00,-3.426073636993203664e+00,1.680541803516615307e+00
2.280273938974775483e+00,1.021043124845923966e+00,4.618919490397248584e-01,1.000000000000000000e+00,5.000000000000000000e-01,2.000000000000000111e-01,0.000000000000000000e+00,-5.840224794514760731e+00,-5.840224794514760731e+00,-4.641054073458088070e+00,-2.328258028155528514e+00
-2.580165021036275874e+00,8.871478505352373700e-01,9.248677039234866060e-01,1.000000000000000000e+00,5.000000000000000000e-01,2.000000000000000111e-01,0.000000000000000000e+00,7.030861857403801096e+00,7.030861857403801096e+00,-5.387866575822121362e+00,2.288987852438537640e+00
2.996397407761715037e-01,2.782527349042040576e+00,5.728001889760916399e-01,1.000000000000000000e+00,5.000000000000000000e-01,2.000000000000000111e-01,0.000000000000000000e+00,-1.464994431319849078e+00,-1.464994431319849078e+00,-4.925099608634909032e+00,-8.337557735695647620e-01
-1.195152140474000646e+00,2.070299512889036020e+00,2.699763919229219988e-01,1.000000000000000000e+00,5.000000000000000000e-01,2.000000000000000111e-01,0.000000000000000000e+00,4.097875229660788321e+00,4.097875229660788321e+00,-4.000103219862041648e+00,2.474322894251612226e+00
2.181799909277409633e+00,1.895714312920981914e+00,3.700755448592140118e-01,1.000000000000000000e+00,5.000000000000000000e-01,2.000000000000000111e-01,0.000000000000000000e+00,-8.179385781983329551e+00,-8.179385781983329551e+00,-5.653016884580483570e+00,-4.136069315946885538e+00
-1.868051987250968882e+00,1.533129863380836344e+00,2.958856521470680789e-01,1.000000000000000000e+00,5.000000000000000000e-01,2.000000000000000111e-01,0.000000000000000000e+00,5.367225761943092088e+00,5.367225761943092088e+00,-4.269014525238447710e+00,2.863966288002377958e+00
-2.424774919729908440e+00,8.880467564846131756e-01,9.421723368206733618e-01,1.000000000000000000e+00,5.000000000000000000e-01,2.000000000000000111e-01,0.000000000000000000e+00,6.232205486712507181e+00,6.232205486712507181e+00,-4.922033567662131404e+00,2.153313502671383439e+00
-7.065779282309776477e-01,1.319667408600055047e+00,6.558245626772067904e-01,1.000000000000000000e+00,5.000000000000000000e-01,2.000000000000000111e-01,0.000000000000000000e+00,1.392390596948609227e+00,1.392390596948609227e+00,-2.170312455858500744e+00,9.324478635225699197e-01
1.548126640043087754e+00,2.672863528188927695e+00,5.402993958732136281e-01,1.000000000000000000e+00,5.000000000000000000e-01,2.000000000000000111e-01,0.000000000000000000e+00,-7.820267191836536291e+00,-7.820267191836536291e+00,-6.010117376327941408e+00,-4.137931233188838043e+00
1.416111835233193617e+00,2.550112249222706406e+00,9.156628832929066819e-01,1.000000000000000000e+00,5.000000000000000000e-01,2.000000000000000111e-01,0.000000000000000000e+00,-6.588617201330627893e+00,-6.588617201330627893e+00,-5.454759879750359808e+00,-3.611244137297414003e+00
-9.376761416782897207e-01,2.990537028373601025e-01,6.051085554568301772e-01,1.000000000000000000e+00,5.000000000000000000e-01,2.000000000000000111e-01,0.000000000000000000e+00,1.144493618347754316e+00,1.144493618347754316e+00,-1.572258486593978599e+00,2.804155222311416340e-01
1.376043154800623114e+00,2.359955592874494634e+00,5.091013865416559314e-01,1.000000000000000000e+00,5.000000000000000000e-01,2.000000000000000111e-01,0.000000000000000000e+00,-5.729010024896264319e+00,-5.729010024896264319e+00,-4.920792058493995036e+00,-3.247400739208394338e+00
-2.099119119320608462e+00,2.009071003437015612e+00,4.465696367743824391e-01,1.000000000000000000e+00,5.000000000000000000e-01,2.000000000000000111e-01,0.000000000000000000e+00,8.185396119755271371e+00,8.185396119755271371e+00,-5.661963794684105267e+00,4.217279355387279161e+00
-2.978289724603433442e-01,1.962270250302757368e+00,8.676114316183182185e-01,1.000000000000000000e+00,5.000000000000000000e-01,2.000000000000000111e-01,0.000000000000000000e+00,8.765084879212544644e-01,8.765084879212544644e-01,-2.978473525713693615e+00,5.844209323371709619e-01
2.261630600435807992e+00,9.612432341002276059e-01,5.173825954041202380e-01,1.000000000000000000e+00,5.000000000000000000e-01,2.000000000000000111e-01,0.000000000000000000e+00,-5.620126874922858562e+00,-5.620126874922858562e+00,-4.530978061248312372e+00,-2.173977112702955683e+00
-2.014528965601410704e+00,2.819432733622659448e+00,3.688208689862609857e-01,1.000000000000000000e+00,5.000000000000000000e-01,2.000000000000000111e-01,0.000000000000000000e+00,1.165660017836757945e+01,1.165660017836757945e+01,-7.409596641659724980e+00,5.679828908447613678e+00
-1.539239502717816510e+00,1.695923435717797023e+00,2.016035088961510846e-01,1.000000000000000000e+00,5.000000000000000000e-01,2.000000000000000111e-01,0.000000000000000000e+00,4.482157376152651196e+00,4.482157376152651196e+00,-3.859633097944623170e+00,2.610432345841752877e+00
-8.322629491428328308e-01,2.531830706983833501e+00,2.938741609656893017e-01,1.000000000000000000e+00,5.000000000000000000e-01,2.000000000000000111e-01,0.000000000000000000e+00,3.615030402201853565e+00,3.615030402201853565e+00,-4.620680334322684324e+00,2.107148890924748663e+00
-1.713180349668383951e+00,2.488146319001534046e-01,7.776738660193199815e-01,1.000000000000000000e+00,5.000000000000000000e-01,2.000000000000000111e-01,0.000000000000000000e+00,2.771843132171355695e+00,2.771843132171355695e+00,-2.791946506817736484e+00,4.262643380813150307e-01
1.942173187214040198e-01,1.514137117195534232e+00,2.076029018626003309e-01,1.000000000000000000e+00,5.000000000000000000e-01,2.000000000000000111e-01,0.000000000000000000e+00,-4.183149094314620453e-01,-4.183149094314620453e-01,-2.168937824969400463e+00,-2.940716510782729332e-01
-4.711160424993314777e-01,7.212226424780043832e-01,8.517246664561386460e-01,1.000000000000000000e+00,5.000000000000000000e-01,2.000000000000000111e-01,0.000000000000000000e+00,6.145572693060310510e-01,6.145572693060310510e-01,-1.393251245311616815e+00,3.397795570851476765e-01
5.779629063906250863e-01,1.234815864144577890e+00,8.086993158637768575e-01,1.000000000000000000e+00,5.000000000000000000e-01,2.000000000000000111e-01,0.000000000000000000e+00,-1.057205895324681899e+00,-1.057205895324681899e+00,-1.962809781869659487e+00,-7.136777656982514761e-01
-2.876322616434126456e+00,9.949544348644963065e-01,2.410183906017621114e-01,1.000000000000000000e+00,5.000000000000000000e-01,2.000000000000000111e-01,0.000000000000000000e+00,9.059304607765767514e+00,9.059304607765767514e+00,-6.458906240014540501e+00,2.861809943322185745e+00
1.890537323821638971e+00,1.672077526711570616e+00,1.145692380176942526e-01,1.000000000000000000e+00,5.000000000000000000e-01,2.000000000000000111e-01,0.000000000000000000e+00,-5.884766088793433880e+00,-5.884766088793433880e+00,-4.542400451324553501e+00,-3.161124972571597969e+00
-6.146970621888296904e-01,3.978479285750962102e-01,8.454519440131870178e-01,1.000000000000000000e+00,5.000000000000000000e-01,2.000000000000000111e-01,0.000000000000000000e+00,7.097980634943067413e-01,7.097980634943067413e-01,-1.305852974093894225e+00,2.445559528930229820e-01
-2.586972891974473221e+00,1.339060404919648839e+00,5.832250935496866573e-01,1.000000000000000000e+00,5.000000000000000000e-01,2.000000000000000111e-01,0.000000000000000000e+00,8.368927497288089157e+00,8.368927497288089157e+00,-5.911998630298249680e+00,3.464112968243493018e+00
7.251053354168934817e-01,9.680669018310593676e-01,8.457847305257000237e-01,1.000000000000000000e+00,5.000000000000000000e-01,2.000000000000000111e-01,0.000000000000000000e+00,-1.141121696457028545e+00,-1.141121696457028545e+00,-1.784043411680420466e+00,-7.019504755582032240e-01
-1.943963941519505578e+00,2.049983053199282423e+00,9.415617898377975914e-01,1.000000000000000000e+00,5.000000000000000000e-01,2.000000000000000111e-01,0.000000000000000000e+00,7.497896955154514487e+00,7.497896955154514487e+00,-5.368612742758957168e+00,3.985093136145467341e+00
-1.703984864069918892e+00,7.444169985011089841e-01,1.813776349272451238e-01,1.000000000000000000e+00,5.000000000000000000e-01,2.000000000000000111e-01,0.000000000000000000e+00,3.165648114752708686e+00,3.165648114752708686e+00,-3.019216984016328542e+00,1.268475298002249119e+00
1.542481192096596843e+00,1.031402731786522642e+00,6.518881557000268945e-01,1.000000000000000000e+00,5.000000000000000000e-01,2.000000000000000111e-01,0.000000000000000000e+00,-3.096909584596108989e+00,-3.096909584596108989e+00,-2.959444734351394324e+00,-1.590919315257762090e+00
-2.563397682882598172e+00,7.782473935044911251e-01,2.539768303851035469e-01,1.000000000000000000e+00,5.000000000000000000e-01,2.000000000000000111e-01,0.000000000000000000e+00,6.708504118059205545e+00,6.708504118059205545e+00,-5.245439111112991881e+00,1.994957565218834050e+00
2.685654691520912962e+00,2.818068955407431631e+00,4.960264245102374847e-01,1.000000000000000000e+00,5.000000000000000000e-01,2.000000000000000111e-01,0.000000000000000000e+00,-1.722392143441813062e+01,-1.722392143441813062e+01,-9.298400991968541973e+00,-7.568360111119407208e+00
-1.521474543659502077e+00,2.874315092373566083e-01,1.208799988662029312e-01,1.000000000000000000e+00,5.000000000000000000e-01,2.000000000000000111e-01,0.000000000000000000e+00,2.288731932840347039e+00,2.288731932840347039e+00,-2.430239308453566949e+00,4.373197243502691123e-01
6.415209448083802890e-01,5.633388608505400796e-01,7.989610787843455242e-01,1.000000000000000000e+00,5.000000000000000000e-01,2.000000000000000111e-01,0.000000000000000000e+00,-7.961179727198540723e-01,-7.961179727198540723e-01,-1.405604809648894227e+00,-3.613936782601151476e-01
-2.279795923362160082e+00,2.628796057545127240e+00,3.895958122092503251e-01,1.000000000000000000e+00,5.000000000000000000e-01,2.000000000000000111e-01,0.000000000000000000e+00,1.252697304619114860e+01,1.252697304619114860e+01,-7.573766027389636335e+00,5.993118535341899644e+00
2.998590797330120239e+00,1.123678556432852860e+00,1.458572552998403937e-01,1.000000000000000000e+00,5.000000000000000000e-01,2.000000000000000111e-01,0.000000000000000000e+00,-1.028407525682711388e+01,-1.028407525682711388e+01,-7.026254810993242117e+00,-3.369452178476746607e+00
2.722864279083282213e+00,2.250049652771006325e+00,1.199087577861301934e-01,1.000000000000000000e+00,5.000000000000000000e-01,2.000000000000000111e-01,0.000000000000000000e+00,-1.365287632702561815e+01,-1.365287632702561815e+01,-7.979755649352096469e+00,-6.126579825693915460e+00
9.381104220582567876e-01,2.378244300094571884e-01,4.169419487852099593e-01,1.000000000000000000e+00,5.000000000000000000e-01,2.000000000000000111e-01,0.000000000000000000e+00,-1.129757434103068725e+00,-1.129757434103068725e+00,-1.556310928139254202e+00,-2.231055764119362350e-01
-1.393204663203890803e+00,4.238333926161798049e-01,3.060930655441292947e-01,1.000000000000000000e+00,5.000000000000000000e-01,2.000000000000000111e-01,0.000000000000000000e+00,2.059186054712709435e+00,2.059186054712709435e+00,-2.254428912492110637e+00,5.904866590143872385e-01
-8.218379202321544064e-01,1.809341253445734710e+00,7.039623196844007058e-01,1.000000000000000000e+00,5.000000000000000000e-01,2.000000000000000111e-01,0.000000000000000000e+00,2.278086554471826286e+00,2.278086554471826286e+00,-3.042108425989198839e+00,1.486985252722081929e+00
4.895691788442251280e-01,4.956552940381492300e-01,1.736811471988457534e-01,1.000000000000000000e+00,5.000000000000000000e-01,2.000000000000000111e-01,0.000000000000000000e+00,-5.731742202603804515e-01,-5.731742202603804515e-01,-1.266643873778547480e+00,-2.426575552920496870e-01
-1.326853518594332648e+00,7.257220986142222108e-01,3.066000027039612608e-01,1.000000000000000000e+00,5.000000000000000000e-01,2.000000000000000111e-01,0.000000000000000000e+00,2.143457998886408866e+00,2.143457998886408866e+00,-2.319660438092212118e+00,9.629269200679440033e-01
5.249681886083283899e-01,1.094476886193601839e+00,9.265229419180797121e-01,1.000000000000000000e+00,5.000000000000000000e-01,2.000000000000000111e-01,0.000000000000000000e+00,-8.683279092919232722e-01,-8.683279092919232722e-01,-1.764294786636446899e+00,-5.745655484187387474e-01
2.441962704357235836e+00,1.870322262279613401e+00,3.474077396050541111e-01,1.000000000000000000e+00,5.000000000000000000e-01,2.000000000000000111e-01,0.000000000000000000e+00,-9.625457657850029491e+00,-9.625457657850029491e+00,-6.326961792072388846e+00,-4.567257209615868341e+00
-2.115802551636257078e+00,4.961939807636159827e-01,1.274043127783409668e-01,1.000000000000000000e+00,5.000000000000000000e-01,2.000000000000000111e-01,0.000000000000000000e+00,4.270595791390887186e+00,4.270595791390887186e+00,-3.809076495779319949e+00,1.049848490606210660e+00
-1.362547112750622569e+00,1.954824498240772535e-01,1.898470754805383631e-01,1.000000000000000000e+00,5.000000000000000000e-01,2.000000000000000111e-01,0.000000000000000000e+00,1.894504064805824228e+00,1.894504064805824228e+00,-2.133027474773646404e+00,2.663540476012148939e-01
2.775529992863330797e+00,1.173351219349741514e+00,9.022975142330845744e-01,1.000000000000000000e+00,5.000000000000000000e-01,2.000000000000000111e-01,0.000000000000000000e+00,-8.962435839989419506e+00,-8.962435839989419506e+00,-6.310516586745116285e+00,-3.256671501467968355e+00
2.165647360613021988e+00,2.023300852152613238e+00,1.609278188940875820e-01,1.000000000000000000e+00,5.000000000000000000e-01,2.000000000000000111e-01,0.000000000000000000e+00,-8.629842401258901674e+00,-8.629842401258901674e+00,-5.860890263478834683e+00,-4.381756150190384780e+00
-2.794203689401138391e+00,2.422467217326666589e+00,2.090435222381937796e-01,1.000000000000000000e+00,5.000000000000000000e-01,2.000000000000000111e-01,0.000000000000000000e+00,1.535607325317995553e+01,1.535607325317995553e+01,-8.618718264228961701e+00,6.768866836107481078e+00
-2.401973058243185299e+00,1.701434074625971293e+00,5.801956674440916784e-01,1.000000000000000000e+00,5.000000000000000000e-01,2.000000000000000111e-01,0.000000000000000000e+00,8.650306928648523908e+00,8.650306928648523908e+00,-5.909123698664840774e+00,4.086798807628508001e+00
8.778876037693210677e-01,9.674164648105529896e-01,3.658399583801237309e-01,1.000000000000000000e+00,5.000000000000000000e-01,2.000000000000000111e-01,0.000000000000000000e+00,-1.424007995230618162e+00,-1.424007995230618162e+00,-1.930359295104378203e+00,-8.492829221395240546e-01
2.012931351256845858e+00,2.776920125647017734e+00,4.545842747656392291e-02,1.000000000000000000e+00,5.000000000000000000e-01,2.000000000000000111e-01,0.000000000000000000e+00,-1.140531174475941611e+01,-1.140531174475941611e+01,-7.286778267035351142e+00,-5.589749580850981836e+00
2.872495061897790691e+00,9.390891319343807053e-01,4.156099580459902132e-01,1.000000000000000000e+00,5.000000000000000000e-01,2.000000000000000111e-01,0.000000000000000000e+00,-8.879427364030693326e+00,-8.879427364030693326e+00,-6.391680927234951071e+00,-2.697528894163391477e+00
-2.219296828659985010e+00,2.302896003238141365e+00,2.143364863502128514e-01,1.000000000000000000e+00,5.000000000000000000e-01,2.000000000000000111e-01,0.000000000000000000e+00,1.029025950850708071e+01,1.029025950850708071e+01,-6.606832049085262781e+00,5.110809796720161557e+00
-1.482373740716873556e-01,2.284302419271525775e+00,4.091983561725779373e-01,1.000000000000000000e+00,5.000000000000000000e-01,2.000000000000000111e-01,0.000000000000000000e+00,5.356429487108309573e-01,5.356429487108309573e-01,-3.622203362787874248e+00,3.386189922184135725e-01
8.029907994494589474e-02,1.982347539080280496e+00,5.729126251724547814e-01,1.000000000000000000e+00,5.000000000000000000e-01,2.000000000000000111e-01,0.000000000000000000e+00,-2.381783508326030530e-01,-2.381783508326030530e-01,-2.968719648192824856e+00,-1.591806835192741965e-01
2.118899420504188669e+00,1.589203457274614095e+00,4.931952385118814064e-01,1.000000000000000000e+00,5.000000000000000000e-01,2.000000000000000111e-01,0.000000000000000000e+00,-6.697270586644804347e+00,-6.697270586644804347e+00,-4.956624666834585469e+00,-3.367362284682433149e+00
-8.026039973164600383e-02,6.271662755471572037e-01,1.240933395873909939e-01,1.000000000000000000e+00,5.000000000000000000e-01,2.000000000000000111e-01,0.000000000000000000e+00,9.614851690684411700e-02,9.614851690684411700e-02,-1.200533807650896678e+00,5.033661597362248247e-02
-2.766523239867154871e+00,1.702491816376264344e+00,6.724856375807971576e-01,1.000000000000000000e+00,5.000000000000000000e-01,2.000000000000000111e-01,0.000000000000000000e+00,1.101067772773271791e+01,1.101067772773271791e+01,-7.041429694449112375e+00,4.709983175688580381e+00
-2.547060994288094182e+00,2.744822513223155180e-02,2.092431128153786624e-01,1.000000000000000000e+00,5.000000000000000000e-01,2.000000000000000111e-01,0.000000000000000000e+00,5.852842158514628856e+00,5.852842158514628856e+00,-4.892888527705768098e+00,6.991230359674514838e-02
2.768219426382501069e-03,2.850885247391925503e+00,8.083863218860146693e-01,1.000000000000000000e+00,5.000000000000000000e-01,2.000000000000000111e-01,0.000000000000000000e+00,-1.401763999227682508e-02,-1.401763999227682508e-02,-5.063777944721736368e+00,-7.891875924217610014e-03
-2.190458115682174522e+00,1.574513728145520375e+00,5.001606660125235138e-01,1.000000000000000000e+00,5.000000000000000000e-01,2.000000000000000111e-01,0.000000000000000000e+00,7.007643709174913305e+00,7.007643709174913305e+00,-5.118410793994094377e+00,3.448906374069351966e+00
7.503709983127038186e-02,1.436455164351040370e+00,3.933373157166542011e-02,1.000000000000000000e+00,5.000000000000000000e-01,2.000000000000000111e-01,0.000000000000000000e+00,-1.525375050345214034e-01,-1.525375050345214034e-01,-2.035080059406039865e+00,-1.077874295705529145e-01
5.306634256648057324e-01,2.848557265627673640e+00,9.935767841964151526e-01,1.000000000000000000e+00,5.000000000000000000e-01,2.000000000000000111e-01,0.000000000000000000e+00,-2.713526191073363236e+00,-2.713526191073363236e+00,-5.226101450583088059e+00,-1.511625156780353363e+00
4.271494428509203800e-02,2.565591145921372718e+00,2.451021953134954190e-01,1.000000000000000000e+00,5.000000000000000000e-01,2.000000000000000111e-01,0.000000000000000000e+00,-1.833109218690302245e-01,-1.833109218690302245e-01,-4.292223703894237907e+00,-1.095890828563568786e-01
4.716640107986855845e-01,8.852157914850340426e-01,6.045197262850576791e-03,1.000000000000000000e+00,5.000000000000000000e-01,2.000000000000000111e-01,0.000000000000000000e+00,-6.774495502143363934e-01,-6.774495502143363934e-01,-1.525283662196859291e+00,-4.175244306341641121e-01
-2.905883657253472308e+00,2.803579807870899110e+00,8.478041765414292552e-01,1.000000000000000000e+00,5.000000000000000000e-01,2.000000000000000111e-01,0.000000000000000000e+00,1.923364243725077571e+01,1.923364243725077571e+01,-9.996525767246403404e+00,8.146876745497875660e+00
1.173148413820420899e+00,2.738018859412731043e+00,4.274504093885741485e-01,1.000000000000000000e+00,5.000000000000000000e-01,2.000000000000000111e-01,0.000000000000000000e+00,-5.893462483797147655e+00,-5.893462483797147655e+00,-5.574139957759518538e+00,-3.212102481930443343e+00
-2.777879544042101578e+00,5.057018162450253040e-01,3.713406640646795820e-01,1.000000000000000000e+00,5.000000000000000000e-01,2.000000000000000111e-01,0.000000000000000000e+00,7.420244380701236153e+00,7.420244380701236153e+00,-5.757836020201291483e+00,1.404778730731993441e+00
1.169882212297013169e-02,1.290686977881920328e+00,7.599170739097279581e-01,1.000000000000000000e+00,5.000000000000000000e-01,2.000000000000000111e-01,0.000000000000000000e+00,-2.144351757015181686e-02,-2.144351757015181686e-02,-1.833018554900421204e+00,-1.509951737067447008e-02
-2.091733446096663229e+00,1.158461885015599435e+00,9.994460000416639511e-01,1.000000000000000000e+00,5.000000000000000000e-01,2.000000000000000111e-01,0.000000000000000000e+00,5.325734772775886583e+00,5.325734772775886583e+00,-4.296226255228601687e+00,2.423193470915316450e+00
-5.784611777859547388e-01,1.673262473673048145e+00,1.404569536875800440e-01,1.000000000000000000e+00,5.000000000000000000e-01,2.000000000000000111e-01,0.000000000000000000e+00,1.426963721080480640e+00,1.426963721080480640e+00,-2.600674053424532062e+00,9.679173812659515042e-01
1.849722104182178306e+00,1.956655084427682878e+00,7.952891016149525871e-01,1.000000000000000000e+00,5.000000000000000000e-01,2.000000000000000111e-01,0.000000000000000000e+00,-6.656306254350484508e+00,-6.656306254350484508e+00,-4.967132677328438994e+00,-3.619268159926331219e+00
2.044209303485009954e+00,1.214141320565476523e+00,9.823536339775648107e-01,1.000000000000000000e+00,5.000000000000000000e-01,2.000000000000000111e-01,0.000000000000000000e+00,-5.259398746705413963e+00,-5.259398746705413963e+00,-4.244344579025042030e+00,-2.481958983245522887e+00
2.309944353287528784e+00,1.990359596280377286e+00,9.350888316689509594e-01,1.000000000000000000e+00,5.000000000000000000e-01,2.000000000000000111e-01,0.000000000000000000e+00,-9.350502850122369480e+00,-9.350502850122369480e+00,-6.182271410423657798e+00,-4.597619910439503244e+00
1.162864278946257102e+00,1.865684331654383854e+00,3.057560374901210354e-01,1.000000000000000000e+00,5.000000000000000000e-01,2.000000000000000111e-01,0.000000000000000000e+00,-3.501197912273543711e+00,-3.501197912273543711e+00,-3.551741011439851992e+00,-2.169537665070604859e+00
2.050061881617137871e-01,1.500203531027552106e+00,5.034813443035890401e-02,1.000000000000000000e+00,5.000000000000000000e-01,2.000000000000000111e-01,0.000000000000000000e+00,-4.374239228092244858e-01,-4.374239228092244858e-01,-2.150521839564525362e+00,-3.075510073627018004e-01
1.814017779908045469e+00,8.183542637356633342e-02,5.068737732316697109e-01,1.000000000000000000e+00,5.000000000000000000e-01,2.000000000000000111e-01,0.000000000000000000e+00,-3.013955385052882630e+00,-3.013955385052882630e+00,-2.977744821998380420e+00,-1.484509184680051219e-01
-2.581498938411567856e+00,7.901784295593998753e-01,6.197499513381437009e-01,1.000000000000000000e+00,5.000000000000000000e-01,2.000000000000000111e-01,0.000000000000000000e+00,6.828112008584935388e+00,6.828112008584935388e+00,-5.310673036682511672e+00,2.039844777063310577e+00
-2.810029441012620754e+00,1.134263342000023433e+00,2.360937431512588613e-01,1.000000000000000000e+00,5.000000000000000000e-01,2.000000000000000111e-01,0.000000000000000000e+00,9.055403489950370144e+00,9.055403489950370144e+00,-6.381035940117152805e+00,3.187313384881433009e+00
2.294219355751769385e+00,2.144060423258108194e+00,5.961132572318631473e-01,1.000000000000000000e+00,5.000000000000000000e-01,2.000000000000000111e-01,0.000000000000000000e+00,-9.982575232876113702e+00,-9.982575232876113702e+00,-6.456563020674508380e+00,-4.918944922940083231e+00
1.334005177703454947e+00,1.085488397056902032e+00,3.178203498009013472e-02,1.000000000000000000e+00,5.000000000000000000e-01,2.000000000000000111e-01,0.000000000000000000e+00,-2.594715432454999249e+00,-2.594715432454999249e+00,-2.656884418556357375e+00,-1.448047142010931099e+00
-4.239569382137773346e-01,7.618108834539770724e-01,8.583869098684715482e-01,1.000000000000000000e+00,5.000000000000000000e-01,2.000000000000000111e-01,0.000000000000000000e+00,5.622202373164914002e-01,5.622202373164914002e-01,-1.398021602350224768e+00,3.229750096470808685e-01
-1.469099877145958466e+00,1.241779951411572380e-01,3.547858673780016625e-01,1.000000000000000000e+00,5.000000000000000000e-01,2.000000000000000111e-01,0.000000000000000000e+00,2.114565034545044853e+00,2.114565034545044853e+00,-2.302662756656800980e+00,1.824298774061055284e-01
2.831236824550179776e+00,2.126566717433573839e+00,4.993916027183331607e-02,1.000000000000000000e+00,5.000000000000000000e-01,2.000000000000000111e-01,0.000000000000000000e+00,-1.377205151730880139e+01,-1.377205151730880139e+01,-8.070684175861494225e+00,-6.020814000260730658e+00
-1.713473666666544659e+00,1.109269804822192729e+00,2.696691279275920117e-01,1.000000000000000000e+00,5.000000000000000000e-01,2.000000000000000111e-01,0.000000000000000000e+00,3.773819774572200636e+00,3.773819774572200636e+00,-3.376834953760948999e+00,1.900704599791164906e+00
-1.481130690255654914e+00,1.576310807730791463e+00,8.913287202127754272e-01,1.000000000000000000e+00,5.000000000000000000e-01,2.000000000000000111e-01,0.000000000000000000e+00,3.971100233044434713e+00,3.971100233044434713e+00,-3.558626754254765601e+00,2.334722314711755953e+00
2.662951250747399357e+00,2.635519862728902041e+00,1.919961890291441708e-01,1.000000000000000000e+00,5.000000000000000000e-01,2.000000000000000111e-01,0.000000000000000000e+00,-1.568809650014710400e+01,-1.568809650014710400e+01,-8.727768091733569378e+00,-7.018260914823543750e+00
1.558459532698567074e+00,1.972872514738373440e+00,2.565658672480770619e-01,1.000000000000000000e+00,5.000000000000000000e-01,2.000000000000000111e-01,0.000000000000000000e+00,-5.348433949327326076e+00,-5.348433949327326076e+00,-4.403390648740479030e+00,-3.074641977393012482e+00
2.101808584385763012e+00,7.353644407617266898e-01,3.385619589049527756e-01,1.000000000000000000e+00,5.000000000000000000e-01,2.000000000000000111e-01,0.000000000000000000e+00,-4.527086130883512638e+00,-4.527086130883512638e+00,-3.920940025607014601e+00,-1.545595294245033058e+00
2.632479193797486516e+00,8.382122075531093230e-01,4.348553302193062242e-01,1.000000000000000000e+00,5.000000000000000000e-01,2.000000000000000111e-01,0.000000000000000000e+00,-7.205856849560967170e+00,-7.205856849560967170e+00,-5.509267875911527668e+00,-2.206576196370620746e+00
2.745912449481865636e+00,1.868862203168573322e+00,1.869267556271758668e-01,1.000000000000000000e+00,5.000000000000000000e-01,2.000000000000000111e-01,0.000000000000000000e+00,-1.168201772015571294e+01,-1.168201772015571294e+01,-7.270344075347747292e+00,-5.131731990046692893e+00
-6.441156390658058228e-01,2.488146708340917002e+00,2.269382389421755741e-01,1.000000000000000000e+00,5.000000000000000000e-01,2.000000000000000111e-01,0.000000000000000000e+00,2.691381811886080389e+00,2.691381811886080389e+00,-4.344367995007361039e+00,1.602654207132490960e+00
-1.521600518370779254e+00,5.428882857433741105e-01,7.942158901787141900e-01,1.000000000000000000e+00,5.000000000000000000e-01,2.000000000000000111e-01,0.000000000000000000e+00,2.450412061557900589e+00,2.450412061557900589e+00,-2.536524727902424559e+00,8.260590970045417203e-01
3.720512061554814842e-01,1.251590014139637219e+00,6.002964349600683480e-01,1.000000000000000000e+00,5.000000000000000000e-01,2.000000000000000111e-01,0.000000000000000000e+00,-6.737561614650584563e-01,-6.737561614650584563e-01,-1.866292041748077946e+00,-4.656555743728081342e-01
-7.033591206440403809e-01,6.196360268850532593e-01,2.138541026820083291e-01,1.000000000000000000e+00,5.000000000000000000e-01,2.000000000000000111e-01,0.000000000000000000e+00,9.079783960592701098e-01,9.079783960592701098e-01,-1.488802834462841895e+00,4.358266509892380070e-01
-9.807743012385889969e-01,3.567166952688384240e-01,9.797998987628537826e-01,1.000000000000000000e+00,5.000000000000000000e-01,2.000000000000000111e-01,0.000000000000000000e+00,1.231859433220708011e+00,1.231859433220708011e+00,-1.640774338323786274e+00,3.498585675424337182e-01
4.710599039834288959e-01,2.079496179951810575e+00,3.412853308870852365e-01,1.000000000000000000e+00,5.000000000000000000e-01,2.000000000000000111e-01,0.000000000000000000e+00,-1.510468499575013057e+00,-1.510468499575013057e+00,-3.295290641101612739e+00,-9.795672708620070113e-01
2.364980294117614790e+00,1.210385467488710232e+00,5.471120070228240317e-01,1.000000000000000000e+00,5.000000000000000000e-01,2.000000000000000111e-01,0.000000000000000000e+00,-6.742896651865492252e+00,-6.742896651865492252e+00,-5.088395564892716827e+00,-2.862537778897136675e+00
2.828422564060506517e-01,1.233594904036354745e+00,6.381513984056889077e-01,1.000000000000000000e+00,5.000000000000000000e-01,2.000000000000000111e-01,0.000000000000000000e+00,-5.025762230514888573e-01,-5.025762230514888573e-01,-1.808878038837551161e+00,-3.489127661486480791e-01
-9.657134518363417186e-01,2.528312673248272358e+00,9.797535508858582487e-01,1.000000000000000000e+00,5.000000000000000000e-01,2.000000000000000111e-01,0.000000000000000000e+00,4.232435224218136227e+00,4.232435224218136227e+00,-4.755743969488509748e+00,2.441625559004157786e+00
-1.864891389927705978e+00,4.212550536372938748e-02,6.943890061301792871e-01,1.000000000000000000e+00,5.000000000000000000e-01,2.000000000000000111e-01,0.000000000000000000e+00,3.163697345122173044e+00,3.163697345122173044e+00,-3.087579216836969564e+00,7.855949224917233020e-02
1.996653777930946561e+00,6.858293027225984551e-01,8.555647141426097058e-01,1.000000000000000000e+00,5.000000000000000000e-01,2.000000000000000111e-01,0.000000000000000000e+00,-4.058211139014950675e+00,-4.058211139014950675e+00,-3.627156701592036292e+00,-1.369363668296823100e+00
8.236687003111686778e-01,1.620271982275509615e-01,4.026361430044341772e-01,1.000000000000000000e+00,5.000000000000000000e-01,2.000000000000000111e-01,0.000000000000000000e+00,-9.462408428138610050e-01,-9.462408428138610050e-01,-1.420184483206109016e+00,-1.334567317791469920e-01
-1.697673559215518990e+00,5.963896297363324717e-02,3.033214047363264054e-01,1.000000000000000000e+00,5.000000000000000000e-01,2.000000000000000111e-01,0.000000000000000000e+00,2.679264176619920779e+00,2.679264176619920779e+00,-2.731035711147978162e+00,1.012474905393705021e-01
1.870985779018058182e+00,1.591714976719485142e+00,7.600633753482953781e-01,1.000000000000000000e+00,5.000000000000000000e-01,2.000000000000000111e-01,0.000000000000000000e+00,-5.551019925616841100e+00,-5.551019925616841100e+00,-4.367130954729241843e+00,-2.978076085692216157e+00
-2.519864191491292260e+00,9.700171938455840470e-01,6.086117207080696812e-01,1.000000000000000000e+00,5.000000000000000000e-01,2.000000000000000111e-01,0.000000000000000000e+00,6.905460491996503691e+00,6.905460491996503691e+00,-5.280296004314069869e+00,2.444311591902354586e+00
-2.470993085409981305e+00,2.038311713896397759e+00,4.420276545824481929e-01,1.000000000000000000e+00,5.000000000000000000e-01,2.000000000000000111e-01,0.000000000000000000e+00,1.062160995340980918e+01,1.062160995340980918e+01,-6.740841418389999617e+00,5.036654150948167263e+00
-1.243122387979652466e+00,5.763090437846146719e-01,1.029963918423820735e-01,1.000000000000000000e+00,5.000000000000000000e-01,2.000000000000000111e-01,0.000000000000000000e+00,1.833775471114410527e+00,1.833775471114410527e+00,-2.093278019871708917e+00,7.164226747238002790e-01
1.704953031656316398e+00,3.885744801819990268e-01,4.501538849186216273e-01,1.000000000000000000e+00,5.000000000000000000e-01,2.000000000000000111e-01,0.000000000000000000e+00,-2.824882173113426820e+00,-2.824882173113426820e+00,-2.819613967416794154e+00,-6.625012380105764764e-01
1.527442172619792871e-01,2.203420119453573633e+00,7.609093636078667622e-02,1.000000000000000000e+00,5.000000000000000000e-01,2.000000000000000111e-01,0.000000000000000000e+00,-5.242481328404172691e-01,-5.242481328404172691e-01,-3.441528588950585554e+00,-3.365596814452330166e-01
1.149789575903630734e+00,1.532926335106136184e-01,7.274096257130812093e-01,1.000000000000000000e+00,5.000000000000000000e-01,2.000000000000000111e-01,0.000000000000000000e+00,-1.467306875700133295e+00,-1.467306875700133295e+00,-1.804958957058300228e+00,-1.762542720733191182e-01
2.439285002702726857e+00,1.652972741300502424e+00,2.273487913672532779e-01,1.000000000000000000e+00,5.000000000000000000e-01,2.000000000000000111e-01,0.000000000000000000e+00,-8.674540703852095191e+00,-8.674540703852095191e+00,-5.936226236387514454e+00,-4.032071617730729862e+00
2.919764929241208229e+00,1.568621488975060485e-01,5.276277935856626966e-01,1.000000000000000000e+00,5.000000000000000000e-01,2.000000000000000111e-01,0.000000000000000000e+00,-7.933901520901021520e+00,-7.933901520901021520e+00,-6.127319212094523238e+00,-4.580006010763505997e-01
2.034365091532306380e+00,2.802133706382934797e+00,4.741379302282195951e-01,1.000000000000000000e+00,5.000000000000000000e-01,2.000000000000000111e-01,0.000000000000000000e+00,-1.170513643490890132e+01,-1.170513643490890132e+01,-7.409161449610831340e+00,-5.700562994071479928e+00
-3.708768075291484223e-01,2.675282662414899981e+00,6.163082797770669252e-03,1.000000000000000000e+00,5.000000000000000000e-01,2.000000000000000111e-01,0.000000000000000000e+00,1.708287720158730538e+00,1.708287720158730538e+00,-4.661098425726685868e+00,9.922002930745186244e-01
2.696963232496214502e-01,1.688289208077939918e-01,9.646042612877596678e-01,1.000000000000000000e+00,5.000000000000000000e-01,2.000000000000000111e-01,0.000000000000000000e+00,-2.774632600899216706e-01,-2.774632600899216706e-01,-1.057893266315180769e+00,-4.553253920006354594e-02
-2.990462100376377386e+00,2.828468547426825186e+00,2.009526155295133787e-01,1.000000000000000000e+00,5.000000000000000000e-01,2.000000000000000111e-01,0.000000000000000000e+00,2.030131978732733700e+01,2.030131978732733700e+01,-1.036583530616390547e+01,8.458427993186544924e+00
-2.528506698381859152e+00,1.665551800186684472e+00,7.363631091241799043e-01,1.000000000000000000e+00,5.000000000000000000e-01,2.000000000000000111e-01,0.000000000000000000e+00,9.268748582817600834e+00,9.268748582817600834e+00,-6.223039073809711219e+00,4.211358883273995879e+00
-3.712192038491592960e-01,2.218524194586945608e+00,9.239486477213689763e-01,1.000000000000000000e+00,5.000000000000000000e-01,2.000000000000000111e-01,0.000000000000000000e+00,1.294992824963337563e+00,1.294992824963337563e+00,-3.543607019367670308e+00,8.235587852346633042e-01
-1.041622620741821548e+00,2.529902116320499772e+00,4.747936757007077402e-01,1.000000000000000000e+00,5.000000000000000000e-01,2.000000000000000111e-01,0.000000000000000000e+00,4.601053248651871819e+00,4.601053248651871819e+00,-4.851188969506107895e+00,2.635203272622039794e+00
1.383828602195409374e-01,1.358754750627755303e+00,3.259845961806103753e-01,1.000000000000000000e+00,5.000000000000000000e-01,2.000000000000000111e-01,0.000000000000000000e+00,-2.666550811132563648e-01,-2.666550811132563648e-01,-1.934597125778271254e+00,-1.880283687287578609e-01
-2.965424684982429504e+00,1.374490731122874454e+00,8.319929810506954126e-02,1.000000000000000000e+00,5.000000000000000000e-01,2.000000000000000111e-01,0.000000000000000000e+00,1.098203841572840034e+01,1.098203841572840034e+01,-7.220858522353232445e+00,4.075948743351319514e+00
2.693409302067700573e+00,1.002292762073199395e+00,2.992543934034528341e-01,1.000000000000000000e+00,5.000000000000000000e-01,2.000000000000000111e-01,0.000000000000000000e+00,-7.954138977509738417e+00,-7.954138977509738417e+00,-5.854967591531052840e+00,-2.699584648763083905e+00
-1.095413611312228142e-01,1.841402084053325616e+00,4.546206545368063345e-01,1.000000000000000000e+00,5.000000000000000000e-01,2.000000000000000111e-01,0.000000000000000000e+00,2.955185676700706754e-01,2.955185676700706754e-01,-2.702580403457054192e+00,2.017096906770716458e-01
-2.022063798578236593e+00,9.411287540658486162e-02,3.979877353958548580e-01,1.000000000000000000e+00,5.000000000000000000e-01,2.000000000000000111e-01,0.000000000000000000e+00,3.684558182219363598e+00,3.684558182219363598e+00,-3.457673819971036178e+00,1.903022383397592887e-01
8.376547772297886496e-01,2.051589027900449835e+00,2.181859929854315094e-01,1.000000000000000000e+00,5.000000000000000000e-01,2.000000000000000111e-01,0.000000000000000000e+00,-2.718057297835038355e+00,-2.718057297835038355e+00,-3.525508085190288909e+00,-1.718523350133029926e+00
4.617418878184329500e-01,2.197433207307221359e+00,6.165062319267160529e-01,1.000000000000000000e+00,5.000000000000000000e-01,2.000000000000000111e-01,0.000000000000000000e+00,-1.596240535433213426e+00,-1.596240535433213426e+00,-3.542279692867929430e+00,-1.014646957496950330e+00
1.244922247298912765e+00,2.074340556368667876e+00,7.777970512568601613e-01,1.000000000000000000e+00,5.000000000000000000e-01,2.000000000000000111e-01,0.000000000000000000e+00,-4.309187128038270309e+00,-4.309187128038270309e+00,-4.081343212989803071e+00,-2.582392707097759033e+00
2.935280155912507460e+00,1.858563975772731691e+00,3.936161470895517267e-01,1.000000000000000000e+00,5.000000000000000000e-01,2.000000000000000111e-01,0.000000000000000000e+00,-1.306288885682972278e+01,-1.306288885682972278e+01,-7.896651782236324024e+00,-5.455405956579553184e+00
-3.602482357807699209e-01,9.656539456042572134e-01,2.319624011499661353e-01,1.000000000000000000e+00,5.000000000000000000e-01,2.000000000000000111e-01,0.000000000000000000e+00,5.375622479738764170e-01,5.375622479738764170e-01,-1.544111046160429268e+00,3.478751302786732280e-01
-2.999331914693243561e+00,2.046785108684080701e+00,2.981876049666383199e-01,1.000000000000000000e+00,5.000000000000000000e-01,2.000000000000000111e-01,0.000000000000000000e+00,1.467831956441289343e+01,1.467831956441289343e+01,-8.492259801263916330e+00,6.138987898995042158e+00
-1.796504468046128400e+00,1.157323269002280108e+00,1.976236576378147536e-01,1.000000000000000000e+00,5.000000000000000000e-01,2.000000000000000111e-01,0.000000000000000000e+00,4.159238822938862157e+00,4.159238822938862157e+00,-3.606155556712884014e+00,2.079136423736347439e+00
-5.525026136332695792e-01,1.929381735749658766e+00,9.606361908152518669e-01,1.000000000000000000e+00,5.000000000000000000e-01,2.000000000000000111e-01,0.000000000000000000e+00,1.614583232570339089e+00,1.614583232570339089e+00,-3.044412423965139336e+00,1.065988451697980732e+00
-1.486346206085180199e+00,7.548226275059847223e-01,8.631445799443417943e-01,1.000000000000000000e+00,5.000000000000000000e-01,2.000000000000000111e-01,0.000000000000000000e+00,2.566509084252934336e+00,2.566509084252934336e+00,-2.610413626103804674e+00,1.121927748660767499e+00
-7.717658909493607666e-02,7.948310756468768279e-01,7.822954986769214969e-02,1.000000000000000000e+00,5.000000000000000000e-01,2.000000000000000111e-01,0.000000000000000000e+00,1.016469288779840718e-01,1.016469288779840718e-01,-1.319451954949582673e+00,6.134235132508506633e-02
7.907285958158292161e-01,1.952774664599361554e+00,1.246047908342227117e-01,1.000000000000000000e+00,5.000000000000000000e-01,2.000000000000000111e-01,0.000000000000000000e+00,-2.397263577070189555e+00,-2.397263577070189555e+00,-3.281815472695098101e+00,-1.544114768483380029e+00
1.431889343411851812e-01,5.159557087645708640e-01,8.212649111889246401e-01,1.000000000000000000e+00,5.000000000000000000e-01,2.000000000000000111e-01,0.000000000000000000e+00,-1.628352810280558893e-01,-1.628352810280558893e-01,-1.145406989254033725e+00,-7.387914810524980058e-02
-2.679656989838378855e+00,2.502181586344425668e+00,4.857113077310913907e-01,1.000000000000000000e+00,5.000000000000000000e-01,2.000000000000000111e-01,0.000000000000000000e+00,1.491649462496827105e+01,1.491649462496827105e+01,-8.438793295434361852e+00,6.704988377692723489e+00
-2.849017962755451716e+00,2.460709615243393600e+00,3.168308563714142823e-01,1.000000000000000000e+00,5.000000000000000000e-01,2.000000000000000111e-01,0.000000000000000000e+00,1.609959132037088381e+01,1.609959132037088381e+01,-8.897687916537579511e+00,7.010605894953484629e+00
-2.832841285037009271e+00,1.656788737221012386e+00,9.267500952172510464e-01,1.000000000000000000e+00,5.000000000000000000e-01,2.000000000000000111e-01,0.000000000000000000e+00,1.126754805068821419e+01,1.126754805068821419e+01,-7.187468307617279173e+00,4.693419535384016683e+00
1.109032810704649208e+00,7.785371849622025886e-01,4.060202843168266851e-01,1.000000000000000000e+00,5.000000000000000000e-01,2.000000000000000111e-01,0.000000000000000000e+00,-1.717948195063458305e+00,-1.717948195063458305e+00,-2.041032339316108057e+00,-8.634232824767168468e-01
-5.621342753848095342e-01,1.030540067836028584e+00,4.278492357847673011e-01,1.000000000000000000e+00,5.000000000000000000e-01,2.000000000000000111e-01,0.000000000000000000e+00,8.961574998283099447e-01,8.961574998283099447e-01,-1.720603381845186242e+00,5.793018942880183708e-01
3.071582058390034398e-01,4.456646118350834351e-01,8.678929506269560390e-01,1.000000000000000000e+00,5.000000000000000000e-01,2.000000000000000111e-01,0.000000000000000000e+00,-3.434574579239004222e-01,-3.434574579239004222e-01,-1.155916171169599105e+00,-1.368895425772001240e-01
-6.020119010375086788e-01,2.237390888844809300e+00,7.384301109474474822e-01,1.000000000000000000e+00,5.000000000000000000e-01,2.000000000000000111e-01,0.000000000000000000e+00,2.152459033122920307e+00,2.152459033122920307e+00,-3.720409992137359900e+00,1.346935942357464944e+00
1.144196463346663251e+00,2.868556332076689586e+00,5.387802564601871236e-01,1.000000000000000000e+00,5.000000000000000000e-01,2.000000000000000111e-01,0.000000000000000000e+00,-6.151365894627376818e+00,-6.151365894627376818e+00,-5.899819043189642898e+00,-3.282192010072824573e+00
2.943731357233161816e+00,3.526899074227152209e-01,2.336975772495930581e-02,1.000000000000000000e+00,5.000000000000000000e-01,2.000000000000000111e-01,0.000000000000000000e+00,-8.228629766625731534e+00,-8.228629766625731534e+00,-6.261527667533598240e+00,-1.038224339859907586e+00
6.788924575251602533e-01,2.160317483371497760e-01,5.102356808288336376e-01,1.000000000000000000e+00,5.000000000000000000e-01,2.000000000000000111e-01,0.000000000000000000e+00,-7.573139403344895104e-01,-7.573139403344895104e-01,-1.299871839475533752e+00,-1.466623245320645696e-01
-1.766974830952191322e+00,1.301460551560392975e+00,8.276513086510578487e-01,1.000000000000000000e+00,5.000000000000000000e-01,2.000000000000000111e-01,0.000000000000000000e+00,4.366795215219167581e+00,4.366795215219167581e+00,-3.720219815565056543e+00,2.299648038084371127e+00
1.355831373526068973e+00,2.915051507225646432e+00,5.285075156840096655e-01,1.000000000000000000e+00,5.000000000000000000e-01,2.000000000000000111e-01,0.000000000000000000e+00,-7.614916256725288157e+00,-7.614916256725288157e+00,-6.351729872951809241e+00,-3.952318288940985802e+00
-1.717347309962478308e+00,6.220649390263537359e-01,1.671559850094039845e-01,1.000000000000000000e+00,5.000000000000000000e-01,2.000000000000000111e-01,0.000000000000000000e+00,3.062612006421057576e+00,3.062612006421057576e+00,-2.963051464004147206e+00,1.068301549658881688e+00
1.130622065118116915e+00,6.146390560536451053e-01,6.190218980897195244e-01,1.000000000000000000e+00,5.000000000000000000e-01,2.000000000000000111e-01,0.000000000000000000e+00,-1.633242179354942314e+00,-1.633242179354942314e+00,-1.955874337092431414e+00,-6.949244788576222076e-01
4.443329964259365994e-01,1.202008148424473344e+00,7.749456544415265213e-01,1.000000000000000000e+00,5.000000000000000000e-01,2.000000000000000111e-01,0.000000000000000000e+00,-7.828694874002742887e-01,-7.828694874002742887e-01,-1.840870881467126186e+00,-5.340918823178382180e-01
-2.930798705146922423e+00,1.005496836836301089e+00,5.175013113896513861e-01,1.000000000000000000e+00,5.000000000000000000e-01,2.000000000000000111e-01,0.000000000000000000e+00,9.447219061231594495e+00,9.447219061231594495e+00,-6.659260574498429897e+00,2.946908827429157718e+00
-1.868739348178251047e+00,7.973795960351930390e-01,4.950177906322474897e-01,1.000000000000000000e+00,5.000000000000000000e-01,2.000000000000000111e-01,0.000000000000000000e+00,3.768022232579443020e+00,3.768022232579443020e+00,-3.413219160944428676e+00,1.490094626545443779e+00
-1.638903507438571605e+00,1.724315084035123125e+00,7.910877130935837220e-01,1.000000000000000000e+00,5.000000000000000000e-01,2.000000000000000111e-01,0.000000000000000000e+00,4.955769191691483222e+00,4.955769191691483222e+00,-4.098234078532198232e+00,2.825986039154398721e+00
-7.342412678677820992e-01,3.246956126511523211e-01,3.353719449950209874e-01,1.000000000000000000e+00,5.000000000000000000e-01,2.000000000000000111e-01,0.000000000000000000e+00,8.521131805170778506e-01,8.521131805170778506e-01,-1.376179764101506553e+00,2.384049183040883590e-01
2.305048459731566801e+00,2.696545744592326876e-01,2.890380052735052052e-01,1.000000000000000000e+00,5.000000000000000000e-01,2.000000000000000111e-01,0.000000000000000000e+00,-4.838311642408676505e+00,-4.838311642408676505e+00,-4.224305835789916586e+00,-6.215668615168253863e-01
1.261202254369640841e+00,1.476256646565796249e+00,4.048791802562794473e-01,1.000000000000000000e+00,5.000000000000000000e-01,2.000000000000000111e-01,0.000000000000000000e+00,-3.036714046111180121e+00,-3.036714046111180121e+00,-3.044045519121083565e+00,-1.861858210676948344e+00
-1.214249716596986772e-01,2.843210581625035704e+00,3.475292777252028120e-01,1.000000000000000000e+00,5.000000000000000000e-01,2.000000000000000111e-01,0.000000000000000000e+00,6.125734408994379931e-01,6.125734408994379931e-01,-5.050769619977821812e+00,3.452367642963753425e-01
-5.660639666896933875e-01,5.889571623641768339e-01,6.658375331836010602e-01,1.000000000000000000e+00,5.000000000000000000e-01,2.000000000000000111e-01,0.000000000000000000e+00,7.005160191923929247e-01,7.005160191923929247e-01,-1.365692318180713904e+00,3.333874275381717434e-01
-2.820305216976637830e+00,6.857323643737220920e-01,7.590203957426646664e-01,1.000000000000000000e+00,5.000000000000000000e-01,2.000000000000000111e-01,0.000000000000000000e+00,7.970009774538421077e+00,7.970009774538421077e+00,-6.007587347918171616e+00,1.933974564692933162e+00
-1.693781773384978040e+00,6.778314348982557025e-01,5.133651953770951293e-01,1.000000000000000000e+00,5.000000000000000000e-01,2.000000000000000111e-01,0.000000000000000000e+00,3.054747396965525663e+00,3.054747396965525663e+00,-2.951065744578810879e+00,1.148098529858051942e+00
2.278469268186805508e+00,2.530112145342766627e-01,9.260239794547364678e-01,1.000000000000000000e+00,5.000000000000000000e-01,2.000000000000000111e-01,0.000000000000000000e+00,-4.717096193616000299e+00,-4.717096193616000299e+00,-4.146860660983085367e+00,-5.764782768229681498e-01
-7.344017717092716779e-01,2.931038652310196113e-01,8.635693534533178672e-01,1.000000000000000000e+00,5.000000000000000000e-01,2.000000000000000111e-01,0.000000000000000000e+00,8.451672802655625372e-01,8.451672802655625372e-01,-1.366562515280512091e+00,2.152559979204964058e-01
-1.355277183605756663e+00,9.563769799521323334e-01,8.541494605348913804e-01,1.000000000000000000e+00,5.000000000000000000e-01,2.000000000000000111e-01,0.000000000000000000e+00,2.472952203216458589e+00,2.472952203216458589e+00,-2.559394210532591529e+00,1.296155899854905202e+00
2.642869290782580372e+00,8.575032493937715383e-01,7.323886558038384953e-01,1.000000000000000000e+00,5.000000000000000000e-01,2.000000000000000111e-01,0.000000000000000000e+00,-7.306496339441284071e+00,-7.306496339441284071e+00,-5.558510764257411196e+00,-2.266269004569075207e+00
-1.667686109310785980e+00,1.762920898980685713e+00,9.483143413423197332e-01,1.000000000000000000e+00,5.000000000000000000e-01,2.000000000000000111e-01,0.000000000000000000e+00,5.186804717019747990e+00,5.186804717019747990e+00,-4.222651223544323429e+00,2.939998695043772869e+00
1.803349786336199578e+00,4.907752100539193307e-01,2.887807002570408343e-01,1.000000000000000000e+00,5.000000000000000000e-01,2.000000000000000111e-01,0.000000000000000000e+00,-3.193451588650839224e+00,-3.193451588650839224e+00,-3.071672424529024781e+00,-8.850393701898389143e-01
-7.113444730848419439e-01,2.729768620379868338e+00,6.928520201287814428e-01,1.000000000000000000e+00,5.000000000000000000e-01,2.000000000000000111e-01,0.000000000000000000e+00,3.433674391333435771e+00,3.433674391333435771e+00,-5.029424936038315863e+00,1.941805820907653413e+00
-8.094273595572989421e-01,1.708003801631215346e+00,4.009741554966815835e-01,1.000000000000000000e+00,5.000000000000000000e-01,2.000000000000000111e-01,0.000000000000000000e+00,2.096152197344892443e+00,2.096152197344892443e+00,-2.851742083433282282e+00,1.382505007268183261e+00
-9.960425298438950747e-01,2.411026937196703912e+00,4.323622535366632436e-01,1.000000000000000000e+00,5.000000000000000000e-01,2.000000000000000111e-01,0.000000000000000000e+00,4.088700390529990791e+00,4.088700390529990791e+00,-4.501785878698755461e+00,2.401485370047182766e+00
-1.379386093684241033e+00,3.812114064523945967e-01,9.719773765951038591e-01,1.000000000000000000e+00,5.000000000000000000e-01,2.000000000000000111e-01,0.000000000000000000e+00,2.004526998816581251e+00,2.004526998816581251e+00,-2.214284665474388625e+00,5.258377128142440737e-01
-1.419321429472245599e+00,2.449793470292102704e+00,5.297172754834038599e-01,1.000000000000000000e+00,5.000000000000000000e-01,2.000000000000000111e-01,0.000000000000000000e+00,6.250178756927862622e+00,6.250178756927862622e+00,-5.209428015638394527e+00,3.477044370166760601e+00
-1.309467105252760222e+00,1.223073712989260819e+00,5.848058411084519070e-01,1.000000000000000000e+00,5.000000000000000000e-01,2.000000000000000111e-01,0.000000000000000000e+00,2.737958843267189302e+00,2.737958843267189302e+00,-2.776777113546094355e+00,1.601574794458792583e+00
-2.109079551496755300e-01,9.927211184498291319e-01,1.143530840236000046e-01,1.000000000000000000e+00,5.000000000000000000e-01,2.000000000000000111e-01,0.000000000000000000e+00,3.167086743910907942e-01,3.167086743910907942e-01,-1.519436908835390287e+00,2.093727811261522909e-01
-3.399623316914981430e-01,2.636758268375677172e+00,7.862033973945894427e-01,1.000000000000000000e+00,5.000000000000000000e-01,2.000000000000000111e-01,0.000000000000000000e+00,1.529613583153592415e+00,1.529613583153592415e+00,-4.545591715105222974e+00,8.963984890238322345e-01
-2.884855239839952290e+00,1.320296778742001464e+00,2.800046979814674319e-01,1.000000000000000000e+00,5.000000000000000000e-01,2.000000000000000111e-01,0.000000000000000000e+00,1.020104932637341122e+01,1.020104932637341122e+01,-6.865025644877471578e+00,3.808865080297672900e+00
-6.345538957301894989e-01,8.802683697316607825e-01,4.388558282904009289e-01,1.000000000000000000e+00,5.000000000000000000e-01,2.000000000000000111e-01,0.000000000000000000e+00,9.315047692277773628e-01,9.315047692277773628e-01,-1.629031389326834001e+00,5.585777233012881871e-01
1.916769885229357762e+00,1.201278399545642417e+00,2.469491888711241590e-01,1.000000000000000000e+00,5.000000000000000000e-01,2.000000000000000111e-01,0.000000000000000000e+00,-4.708231361948895355e+00,-4.708231361948895355e+00,-3.925938972360769608e+00,-2.302574260025607611e+00
1.517356983626142686e+00,1.771237895856839328e+00,6.556025035109595001e-01,1.000000000000000000e+00,5.000000000000000000e-01,2.000000000000000111e-01,0.000000000000000000e+00,-4.596250749277857928e+00,-4.596250749277857928e+00,-3.950065171315097601e+00,-2.687600190941649370e+00
-2.240370841496925003e+00,7.267737762970893911e-01,2.273547241038237354e-01,1.000000000000000000e+00,5.000000000000000000e-01,2.000000000000000111e-01,0.000000000000000000e+00,5.081054342720229045e+00,5.081054342720229045e+00,-4.275656965414349919e+00,1.628242776780608025e+00
-1.756035040754387211e+00,1.507406610398216884e+00,5.712592887018140830e-01,1.000000000000000000e+00,5.000000000000000000e-01,2.000000000000000111e-01,0.000000000000000000e+00,4.834134703019704382e+00,4.834134703019704382e+00,-3.986332783150478676e+00,2.647058828524065266e+00
7.751086177101367269e-01,9.841525085092721614e-01,4.265658543435772998e-01,1.000000000000000000e+00,5.000000000000000000e-01,2.000000000000000111e-01,0.000000000000000000e+00,-1.243612754481756566e+00,-1.243612754481756566e+00,-1.844754101551657977e+00,-7.628250904865855331e-01
7.719932014797774578e-01,3.826441028954914447e-01,5.799430786204299304e-01,1.000000000000000000e+00,5.000000000000000000e-01,2.000000000000000111e-01,0.000000000000000000e+00,-9.205269749673687940e-01,-9.205269749673687940e-01,-1.430792356618945549e+00,-2.953986460216478371e-01
-2.698800700084833970e+00,8.619389013024536528e-02,8.783056268510821551e-01,1.000000000000000000e+00,5.000000000000000000e-01,2.000000000000000111e-01,0.000000000000000000e+00,6.640182508997659383e+00,6.640182508997659383e+00,-5.373829824614927198e+00,2.326201310265414435e-01
-1.134300362161766884e+00,2.470582730840158003e+00,4.824328068627994348e-01,1.000000000000000000e+00,5.000000000000000000e-01,2.000000000000000111e-01,0.000000000000000000e+00,4.887946377965592504e+00,4.887946377965592504e+00,-4.823871901922995420e+00,2.802382886342598134e+00
6.529910940027860988e-02,2.693456722901944378e+00,6.053772068240126369e-01,1.000000000000000000e+00,5.000000000000000000e-01,2.000000000000000111e-01,0.000000000000000000e+00,-3.022178183236480797e-01,-3.022178183236480797e-01,-4.629912943285922289e+00,-1.758803252136899864e-01
1.090682169751910457e+00,8.533913391918972469e-01,5.884072317029471755e-01,1.000000000000000000e+00,5.000000000000000000e-01,2.000000000000000111e-01,0.000000000000000000e+00,-1.747333813786928314e+00,-1.747333813786928314e+00,-2.077890946152710860e+00,-9.307787174773071159e-01
3.752016048482946786e-01,2.291221303420915678e+00,1.958781069130277608e-01,1.000000000000000000e+00,5.000000000000000000e-01,2.000000000000000111e-01,0.000000000000000000e+00,-1.370612505376577417e+00,-1.370612505376577417e+00,-3.709313277193361458e+00,-8.596699101061291426e-01
8.586355647958860970e-01,1.222461979697499590e+00,8.371623734688873331e-01,1.000000000000000000e+00,5.000000000000000000e-01,2.000000000000000111e-01,0.000000000000000000e+00,-1.626820443574459096e+00,-1.626820443574459096e+00,-2.189559665782375042e+00,-1.049649332379059663e+00
2.319225209624667272e+00,1.051911266496231789e+00,5.172182884509690659e-01,1.000000000000000000e+00,5.000000000000000000e-01,2.000000000000000111e-01,0.000000000000000000e+00,-6.097288929232522747e+00,-6.097288929232522747e+00,-4.780542000066002828e+00,-2.439619127546272193e+00
2.257092095153667266e+00,8.602215482958721626e-01,8.418014265809835583e-01,1.000000000000000000e+00,5.000000000000000000e-01,2.000000000000000111e-01,0.000000000000000000e+00,-5.391930066976027724e+00,-5.391930066976027724e+00,-4.426669391679376453e+00,-1.941599256739461765e+00
-1.796096110314650884e+00,9.896413503792049760e-01,5.425261493686672765e-02,1.000000000000000000e+00,5.000000000000000000e-01,2.000000000000000111e-01,0.000000000000000000e+00,3.834462683328274224e+00,3.834462683328274224e+00,-3.425271743682639425e+00,1.777490980022628619e+00
2.209136503993121892e+00,1.063706778732086633e+00,5.098434232870457938e-01,1.000000000000000000e+00,5.000000000000000000e-01,2.000000000000000111e-01,0.000000000000000000e+00,-5.615167424018587816e+00,-5.615167424018587816e+00,-4.493906511525268321e+00,-2.349873474441987131e+00
-1.732268802690304810e+00,3.546802738987064885e-01,3.131743082704926406e-01,1.000000000000000000e+00,5.000000000000000000e-01,2.000000000000000111e-01,0.000000000000000000e+00,2.880849787007882412e+00,2.880849787007882412e+00,-2.863352171210892028e+00,6.144015734043816179e-01
-2.979386803670477590e+00,2.469009915545025358e+00,8.099137467001560342e-02,1.000000000000000000e+00,5.000000000000000000e-01,2.000000000000000111e-01,0.000000000000000000e+00,1.735002443821080576e+01,1.735002443821080576e+01,-9.374052417061298215e+00,7.356135560506408488e+00
1.686275538267894447e+00,1.272331241588629869e+00,9.554430929625306046e-01,1.000000000000000000e+00,5.000000000000000000e-01,2.000000000000000111e-01,0.000000000000000000e+00,-4.010162939581476849e+00,-4.010162939581476849e+00,-3.515528508737638891e+00,-2.145501049264925353e+00
2.440487207883434984e+00,5.784764687126652261e-01,6.708585114291403251e-01,1.000000000000000000e+00,5.000000000000000000e-01,2.000000000000000111e-01,0.000000000000000000e+00,-5.755920988664670723e+00,-5.755920988664670723e+00,-4.740904199532748997e+00,-1.411764421954841531e+00
-2.378203168081388874e+00,1.236333377064665173e+00,8.832025885621661576e-01,1.000000000000000000e+00,5.000000000000000000e-01,2.000000000000000111e-01,0.000000000000000000e+00,6.885921206478540668e+00,6.885921206478540668e+00,-5.157770294825472668e+00,2.940251954139949220e+00
1.514963081790143384e+00,1.429841223358181868e+00,5.944014564844029014e-01,1.000000000000000000e+00,5.000000000000000000e-01,2.000000000000000111e-01,0.000000000000000000e+00,-3.758995465469220587e+00,-3.758995465469220587e+00,-3.399290845519464366e+00,-2.166156666209300141e+00
-2.515287234490531709e+00,2.249413263989271439e+00,3.419987508883582938e-01,1.000000000000000000e+00,5.000000000000000000e-01,2.000000000000000111e-01,0.000000000000000000e+00,1.206146630132593067e+01,1.206146630132593067e+01,-7.325931939300049933e+00,5.657920468005895209e+00
2.491168834254255948e+00,4.863310185718494605e-01,4.858732433010806151e-01,1.000000000000000000e+00,5.000000000000000000e-01,2.000000000000000111e-01,0.000000000000000000e+00,-5.877771769514065880e+00,-5.877771769514065880e+00,-4.841812226268392472e+00,-1.211532676597319114e+00
-2.172838454583381207e-01,1.498659362937212247e+00,1.098696760384579862e-01,1.000000000000000000e+00,5.000000000000000000e-01,2.000000000000000111e-01,0.000000000000000000e+00,4.633431113912185317e-01,4.633431113912185317e-01,-2.151317304757983440e+00,3.256344694111406590e-01
-7.480076055594331308e-02,2.293873488505154157e+00,6.185207604462095166e-01,1.000000000000000000e+00,5.000000000000000000e-01,2.000000000000000111e-01,0.000000000000000000e+00,2.716798646147199348e-01,2.716798646147199348e-01,-3.634284882901251734e+00,1.715834815593004214e-01
2.462431527330578795e+00,2.442250040930549204e+00,6.699627154686237374e-01,1.000000000000000000e+00,5.000000000000000000e-01,2.000000000000000111e-01,0.000000000000000000e+00,-1.279234763409760767e+01,-1.279234763409760767e+01,-7.620434047287599100e+00,-6.013873498411780538e+00
-1.175893587989266686e+00,4.531379362926786225e-01,5.488307895754265253e-01,1.000000000000000000e+00,5.000000000000000000e-01,2.000000000000000111e-01,0.000000000000000000e+00,1.621806712736249656e+00,1.621806712736249656e+00,-1.932302432818356674e+00,5.328419937612496327e-01
2.441211931169275928e-01,1.094298989883141004e+00,7.556112347887564695e-01,1.000000000000000000e+00,5.000000000000000000e-01,2.000000000000000111e-01,0.000000000000000000e+00,-3.931972591389660265e-01,-3.931972591389660265e-01,-1.634502233786930825e+00,-2.671415750369210418e-01
-2.394726445096081680e+00,2.106944610157272191e+00,3.019820479148804804e-01,1.000000000000000000e+00,5.000000000000000000e-01,2.000000000000000111e-01,0.000000000000000000e+00,1.045669454171745727e+01,1.045669454171745727e+01,-6.660436643240901233e+00,5.045555976296274281e+00
-1.937856525441275402e+00,1.015584138495998268e+00,8.990255547688520421e-01,1.000000000000000000e+00,5.000000000000000000e-01,2.000000000000000111e-01,0.000000000000000000e+00,4.392661769262637961e+00,4.392661769262637961e+00,-3.768878319099529417e+00,1.968056349919126147e+00
2.080546497834210307e-01,1.981115884333231936e+00,6.730936488651029226e-01,1.000000000000000000e+00,5.000000000000000000e-01,2.000000000000000111e-01,0.000000000000000000e+00,-6.181443917669976473e-01,-6.181443917669976473e-01,-2.988382115956623064e+00,-4.121803714953229947e-01
2.198595689609480708e+00,7.872848617309542441e-01,2.354746936600800034e-01,1.000000000000000000e+00,5.000000000000000000e-01,2.000000000000000111e-01,0.000000000000000000e+00,-5.005484165653962592e+00,-5.005484165653962592e+00,-4.210202530576997226e+00,-1.730921103496471991e+00
-7.738744828821362276e-01,9.712181527063084019e-01,6.751358768253968856e-01,1.000000000000000000e+00,5.000000000000000000e-01,2.000000000000000111e-01,0.000000000000000000e+00,1.231550579445739313e+00,1.231550579445739313e+00,-1.830961379226783370e+00,7.516009456913380626e-01
-2.966280051075115942e+00,2.241566018668821325e-01,6.960418208876771873e-01,1.000000000000000000e+00,5.000000000000000000e-01,2.000000000000000111e-01,0.000000000000000000e+00,8.260753445541212159e+00,8.260753445541212159e+00,-6.304413495923969712e+00,6.649112564345195375e-01
-1.604595182999488667e+00,1.928641252302375708e+00,9.103925888502620856e-01,1.000000000000000000e+00,5.000000000000000000e-01,2.000000000000000111e-01,0.000000000000000000e+00,5.415145591126479196e+00,5.415145591126479196e+00,-4.404663960824334978e+00,3.094688463178493443e+00
-1.536086103278666570e-02,8.806233713387655593e-01,4.814578671124034592e-01,1.000000000000000000e+00,5.000000000000000000e-01,2.000000000000000111e-01,0.000000000000000000e+00,2.131774076490389538e-02,2.131774076490389538e-02,-1.387890334705027762e+00,1.352713322935886545e-02
-2.616958592863534605e+00,2.603161080513420877e-01,2.348212142664370949e-01,1.000000000000000000e+00,5.000000000000000000e-01,2.000000000000000111e-01,0.000000000000000000e+00,6.290060681420476030e+00,6.290060681420476030e+00,-5.142965604112874622e+00,6.812364758257519748e-01
-2.138404169686423550e+00,7.869481204206417724e-01,1.385499424006718661e-01,1.000000000000000000e+00,5.000000000000000000e-01,2.000000000000000111e-01,0.000000000000000000e+00,4.756234599672655605e+00,4.756234599672655605e+00,-4.053307107876160664e+00,1.682813142034394138e+00
-1.650709585850853145e+00,5.400727269316824009e-01,3.332070914644984505e-01,1.000000000000000000e+00,5.000000000000000000e-01,2.000000000000000111e-01,0.000000000000000000e+00,2.791032482432534323e+00,2.791032482432534323e+00,-2.780744557279649420e+00,8.915032274027383519e-01
2.056313440847603147e+00,1.121813885964190849e+00,4.248944498943501014e-01,1.000000000000000000e+00,5.000000000000000000e-01,2.000000000000000111e-01,0.000000000000000000e+00,-5.089207540685042552e+00,-5.089207540685042552e+00,-4.166288177577344598e+00,-2.306800971837645875e+00
-4.391846529488665496e-01,2.863296856103902499e+00,7.468144332929421703e-01,1.000000000000000000e+00,5.000000000000000000e-01,2.000000000000000111e-01,0.000000000000000000e+00,2.256447773875086771e+00,2.256447773875086771e+00,-5.214964338718735881e+00,1.257516036037573004e+00
-2.166698031817963610e+00,2.756710835698922057e+00,6.126321177908100601e-02,1.000000000000000000e+00,5.000000000000000000e-01,2.000000000000000111e-01,0.000000000000000000e+00,1.243390733418593896e+01,1.243390733418593896e+01,-7.616475532480227351e+00,5.972959942000108491e+00
2.253059283408491709e-01,2.515559662929932827e+00,1.106442146802061322e-01,1.000000000000000000e+00,5.000000000000000000e-01,2.000000000000000111e-01,0.000000000000000000e+00,-9.404658690058027570e-01,-9.404658690058027570e-01,-4.194477865687397333e+00,-5.667705051532221372e-01
4.503359747760624643e-01,2.401650461166759065e+00,7.433138029348661524e-01,1.000000000000000000e+00,5.000000000000000000e-01,2.000000000000000111e-01,0.000000000000000000e+00,-1.767353875805977914e+00,-1.767353875805977914e+00,-4.005643962917757150e+00,-1.081549601500912505e+00
7.008108722852188777e-01,2.716139785058947709e+00,1.998484273537413092e-01,1.000000000000000000e+00,5.000000000000000000e-01,2.000000000000000111e-01,0.000000000000000000e+00,-3.354735982007177153e+00,-3.354735982007177153e+00,-4.983389193217935720e+00,-1.903500292015747997e+00
1.432598582569003298e+00,5.071689157216028310e-01,2.444251327214286285e-02,1.000000000000000000e+00,5.000000000000000000e-01,2.000000000000000111e-01,0.000000000000000000e+00,-2.204880809827232557e+00,-2.204880809827232557e+00,-2.360013373804343839e+00,-7.265694697858264828e-01
4.020856506631780292e-01,1.495121516403540074e+00,8.848141271316667389e-02,1.000000000000000000e+00,5.000000000000000000e-01,2.000000000000000111e-01,0.000000000000000000e+00,-8.644957082852641195e-01,-8.644957082852641195e-01,-2.214697896687948919e+00,-6.011669077436347930e-01
-2.687540244298182834e+00,2.356460486725225678e+00,6.504550777040885023e-01,1.000000000000000000e+00,5.000000000000000000e-01,2.000000000000000111e-01,0.000000000000000000e+00,1.403172159188880030e+01,1.403172159188880030e+01,-8.110176551582046756e+00,6.333082392172527442e+00
5.670416945335725600e-01,2.819776515231320779e+00,5.893260508085635951e-01,1.000000000000000000e+00,5.000000000000000000e-01,2.000000000000000111e-01,0.000000000000000000e+00,-2.857820425277254994e+00,-2.857820425277254994e+00,-5.168491567928748864e+00,-1.598930853402740215e+00
6.341797456112638898e-01,1.832386459155416425e+00,9.320393061374309118e-01,1.000000000000000000e+00,5.000000000000000000e-01,2.000000000000000111e-01,0.000000000000000000e+00,-1.749864812153694382e+00,-1.749864812153694382e+00,-2.920130437694202552e+00,-1.162062378528706530e+00
1.651632211231213176e-02,4.050024421374969208e-01,1.441260916366677858e-01,1.000000000000000000e+00,5.000000000000000000e-01,2.000000000000000111e-01,0.000000000000000000e+00,-1.787178440918023650e-02,-1.787178440918023650e-02,-1.082177162406338988e+00,-6.689150790615955126e-03
-2.132950871993529951e+00,1.042962571279749451e+00,6.639439643519470247e-01,1.000000000000000000e+00,5.000000000000000000e-01,2.000000000000000111e-01,0.000000000000000000e+00,5.233795063792464397e+00,5.233795063792464397e+00,-4.273573115948009260e+00,2.224587925867755889e+00
-1.763692993015778088e+00,5.647330490003871217e-01,6.875595267117506904e-02,1.000000000000000000e+00,5.000000000000000000e-01,2.000000000000000111e-01,0.000000000000000000e+00,3.142167751737184211e+00,3.142167751737184211e+00,-3.025829492484409133e+00,9.960157214464188113e-01
7.616682188516197272e-01,2.297953462813818071e+00,8.151600890139678590e-01,1.000000000000000000e+00,5.000000000000000000e-01,2.000000000000000111e-01,0.000000000000000000e+00,-2.861071661281128886e+00,-2.861071661281128886e+00,-3.988378143994168123e+00,-1.750278121025312661e+00
1.622979520967696487e+00,2.412826082973844599e+00,5.081493080587640154e-01,1.000000000000000000e+00,5.000000000000000000e-01,2.000000000000000111e-01,0.000000000000000000e+00,-7.202259473402937040e+00,-7.202259473402937040e+00,-5.491302368627772879e+00,-3.915967320323253897e+00
-2.561505979890370099e+00,1.188019024529228584e+00,5.285181790943893620e-02,1.000000000000000000e+00,5.000000000000000000e-01,2.000000000000000111e-01,0.000000000000000000e+00,7.730515359331313618e+00,7.730515359331313618e+00,-5.642482332330166273e+00,3.043117835555143369e+00
1.565859574682137989e+00,2.112110500795627566e-03,3.461064899106580661e-03,1.000000000000000000e+00,5.000000000000000000e-01,2.000000000000000111e-01,0.000000000000000000e+00,-2.333734361345535469e+00,-2.333734361345535469e+00,-2.471151955079619711e+00,-3.307268450457518869e-03
-2.940545740074154146e-01,2.769656044727255573e+00,9.500081965113112981e-01,1.000000000000000000e+00,5.000000000000000000e-01,2.000000000000000111e-01,0.000000000000000000e+00,1.426985367182276310e+00,1.426985367182276310e+00,-4.887378158543922879e+00,8.144300283793362016e-01
7.709908433429619734e-01,2.639412552632284470e+00,4.764943020458437539e-01,1.000000000000000000e+00,5.000000000000000000e-01,2.000000000000000111e-01,0.000000000000000000e+00,-3.548203703970757239e+00,-3.548203703970757239e+00,-4.839905439807651533e+00,-2.034962909883965221e+00
1.714579030125950254e+00,2.788623327055240519e+00,9.179148644334170770e-01,1.000000000000000000e+00,5.000000000000000000e-01,2.000000000000000111e-01,0.000000000000000000e+00,-9.389319869527204432e+00,-9.389319869527204432e+00,-6.652078780426906590e+00,-4.781315079488974717e+00
-2.495649041960507297e+00,2.240635229787932836e+00,1.331307858129997523e-01,1.000000000000000000e+00,5.000000000000000000e-01,2.000000000000000111e-01,0.000000000000000000e+00,1.186899724485169294e+01,1.186899724485169294e+01,-7.247181600866451134e+00,5.591839164603215728e+00
1.375722674759693120e+00,2.968367151661670977e+00,4.748288823799036162e-01,1.000000000000000000e+00,5.000000000000000000e-01,2.000000000000000111e-01,0.000000000000000000e+00,-7.957351020688727239e+00,-7.957351020688727239e+00,-6.541169500240789247e+00,-4.083649997552805999e+00
1.460848990234643985e+00,8.189395346877399451e-01,6.940662514986181142e-01,1.000000000000000000e+00,5.000000000000000000e-01,2.000000000000000111e-01,0.000000000000000000e+00,-2.574230570919139982e+00,-2.574230570919139982e+00,-2.615778844099033495e+00,-1.196346992311814184e+00
-1.919062141726453063e-01,3.788094877268640692e-01,6.015203312539152414e-02,1.000000000000000000e+00,5.000000000000000000e-01,2.000000000000000111e-01,0.000000000000000000e+00,2.070886657055424906e-01,2.070886657055424906e-01,-1.093845111018790783e+00,7.269589468234162466e-02
-1.453305540801992368e+00,2.499551265866119198e+00,5.609905486154223020e-01,1.000000000000000000e+00,5.000000000000000000e-01,2.000000000000000111e-01,0.000000000000000000e+00,6.607159585708289207e+00,6.607159585708289207e+00,-5.391136462301922450e+00,3.632611704201865077e+00
4.471742680711345841e-01,2.442734377157170567e+00,9.633204796133858494e-01,1.000000000000000000e+00,5.000000000000000000e-01,2.000000000000000111e-01,0.000000000000000000e+00,-1.799191619102717743e+00,-1.799191619102717743e+00,-4.103454514287688148e+00,-1.092327957197456456e+00
5.214408036529243340e-01,7.992208262545674735e-01,2.524442056210010055e-01,1.000000000000000000e+00,5.000000000000000000e-01,2.000000000000000111e-01,0.000000000000000000e+00,-7.163329889894498592e-01,-7.163329889894498592e-01,-1.482517271588041474e+00,-4.167463499383358694e-01
-5.806244140412220034e-01,1.799749180996586206e+00,2.559228636088313191e-01,1.000000000000000000e+00,5.000000000000000000e-01,2.000000000000000111e-01,0.000000000000000000e+00,1.560122413566693567e+00,1.560122413566693567e+00,-2.821823383357368709e+00,1.044978313637312084e+00
1.548253681200768561e-01,2.781479352747342482e-01,2.524424964903504431e-01,1.000000000000000000e+00,5.000000000000000000e-01,2.000000000000000111e-01,0.000000000000000000e+00,-1.615567595547550694e-01,-1.615567595547550694e-01,-1.053065673716909068e+00,-4.306435647075004119e-02
1.420705147082060193e+00,4.426332061097244530e-01,5.247214588110146183e-01,1.000000000000000000e+00,5.000000000000000000e-01,2.000000000000000111e-01,0.000000000000000000e+00,-2.133391513770301451e+00,-2.133391513770301451e+00,-2.309003946542762087e+00,-6.288512741895199154e-01
1.754611411776880736e+00,2.913491319599160523e+00,3.336252121737768306e-01,1.000000000000000000e+00,5.000000000000000000e-01,2.000000000000000111e-01,0.000000000000000000e+00,-1.028193176649476115e+01,-1.028193176649476115e+01,-7.091412558492423912e+00,-5.112045117481570422e+00
2.668496889871796007e+00,2.616827688323618784e+00,5.911063974096575357e-01,1.000000000000000000e+00,5.000000000000000000e-01,2.000000000000000111e-01,0.000000000000000000e+00,-1.560555315222230455e+01,-1.560555315222230455e+01,-8.696418965941836277e+00,-6.982996547621977967e+00
2.841884418915180177e+00,5.201888440415346482e-01,9.683748055516794295e-01,1.000000000000000000e+00,5.000000000000000000e-01,2.000000000000000111e-01,0.000000000000000000e+00,-7.816772546777396968e+00,-7.816772546777396968e+00,-5.981082447016357939e+00,-1.478316570775136007e+00
-2.858805833812361641e+00,1.958728126445907325e+00,8.634549660475776545e-02,1.000000000000000000e+00,5.000000000000000000e-01,2.000000000000000111e-01,0.000000000000000000e+00,1.301574871988204052e+01,1.301574871988204052e+01,-7.821970413928903909e+00,5.599623394735917081e+00
2.429296465104833658e+00,2.133120820681032370e+00,9.409405637744694406e-01,1.000000000000000000e+00,5.000000000000000000e-01,2.000000000000000111e-01,0.000000000000000000e+00,-1.082348378024890323e+01,-1.082348378024890323e+01,-6.815991007033964877e+00,-5.181982869321953622e+00
2.291422865109466578e+00,1.590511956616276645e+00,7.794371010838155867e-01,1.000000000000000000e+00,5.000000000000000000e-01,2.000000000000000111e-01,0.000000000000000000e+00,-7.596039051958431543e+00,-7.596039051958431543e+00,-5.415235390117555170e+00,-3.644535464620532128e+00
2.984637455585861687e+00,1.503631862024497723e+00,6.300349413546626476e-01,1.000000000000000000e+00,5.000000000000000000e-01,2.000000000000000111e-01,0.000000000000000000e+00,-1.167610031359639500e+01,-1.167610031359639500e+01,-7.475290833019257342e+00,-4.487795974810627975e+00
1.752817071046870012e+00,2.042489514115905624e+00,3.686663085640868864e-01,1.000000000000000000e+00,5.000000000000000000e-01,2.000000000000000111e-01,0.000000000000000000e+00,-6.486045841580462934e+00,-6.486045841580462934e+00,-4.929302318368710800e+00,-3.580110487776586581e+00
2.681727818720050394e+00,7.992409332251060317e-02,7.647256942622613352e-01,1.000000000000000000e+00,5.000000000000000000e-01,2.000000000000000111e-01,0.000000000000000000e+00,-6.547510203173357191e+00,-6.547510203173357191e+00,-5.318192386564913221e+00,-2.143346644489541042e-01
2.887503878775065758e+00,2.893164623660878121e+00,1.408802561534411302e-01,1.000000000000000000e+00,5.000000000000000000e-01,2.000000000000000111e-01,0.000000000000000000e+00,-1.978730322336595293e+01,-1.978730322336595293e+01,-1.018780795976602604e+01,-8.354024072755589003e+00
-2.194717898071639528e+00,1.828828147833881701e+00,2.057929886144949094e-02,1.000000000000000000e+00,5.000000000000000000e-01,2.000000000000000111e-01,0.000000000000000000e+00,7.979255815341605107e+00,7.979255815341605107e+00,-5.562378188424350611e+00,4.013761868548226808e+00
-2.277587983997360510e+00,1.431276430840614289e+00,5.738694247428407502e-01,1.000000000000000000e+00,5.000000000000000000e-01,2.000000000000000111e-01,0.000000000000000000e+00,6.973422127694149708e+00,6.973422127694149708e+00,-5.136720325649420715e+00,3.259858000661212341e+00
3.676450808285611771e-01,8.422919676685665102e-01,2.116807766319033224e-01,1.000000000000000000e+00,5.000000000000000000e-01,2.000000000000000111e-01,0.000000000000000000e+00,-5.079974361829164842e-01,-5.079974361829164842e-01,-1.435825622673956303e+00,-3.096644985347579704e-01
2.494814106938218146e+00,8.198231857920759147e-01,2.731293577250059057e-01,1.000000000000000000e+00,5.000000000000000000e-01,2.000000000000000111e-01,0.000000000000000000e+00,-6.438802144808311034e+00,-6.438802144808311034e+00,-5.070513484887898770e+00,-2.045306449109102864e+00
1.905107184198686632e-01,1.850778986362955569e+00,3.057858569391360692e-01,1.000000000000000000e+00,5.000000000000000000e-01,2.000000000000000111e-01,0.000000000000000000e+00,-5.181796847568610476e-01,-5.181796847568610476e-01,-2.734468028481057189e+00,-3.525932343284029491e-01
4.202455645855929234e-02,5.781438769047814175e-01,3.363810144189292028e-01,1.000000000000000000e+00,5.000000000000000000e-01,2.000000000000000111e-01,0.000000000000000000e+00,-4.906276125710722080e-02,-4.906276125710722080e-02,-1.168184809208568709e+00,-2.429623999615533950e-02
2.143631604560821913e+00,2.102387909983977732e+00,5.690366683951079141e-01,1.000000000000000000e+00,5.000000000000000000e-01,2.000000000000000111e-01,0.000000000000000000e+00,-8.851159404213007065e+00,-8.851159404213007065e+00,-5.967111335666602123e+00,-4.506745168888227404e+00
5.085700002205792991e-01,2.570023980509338335e-01,8.671546226717131711e-01,1.000000000000000000e+00,5.000000000000000000e-01,2.000000000000000111e-01,0.000000000000000000e+00,-5.516732430143438393e-01,-5.516732430143438393e-01,-1.188211183376581381e+00,-1.307037096334528192e-01
1.946945592162991012e+00,1.158902237902173171e+00,9.030104778087457706e-01,1.000000000000000000e+00,5.000000000000000000e-01,2.000000000000000111e-01,0.000000000000000000e+00,-4.730389789541569634e+00,-4.730389789541569634e+00,-3.945885481813072637e+00,-2.256319603831462128e+00
6.222140349378246782e-01,8.484086775592186713e-01,5.206125350993270340e-01,1.000000000000000000e+00,5.000000000000000000e-01,2.000000000000000111e-01,0.000000000000000000e+00,-8.943260919087160365e-01,-8.943260919087160365e-01,-1.592188825243056272e+00,-5.278917865403852661e-01
1.058096819088047980e-01,6.126849215144836158e-03,1.521420129058413950e-01,1.000000000000000000e+00,5.000000000000000000e-01,2.000000000000000111e-01,0.000000000000000000e+00,-1.060485903194387097e-01,-1.060485903194387097e-01,-1.006736182412037994e+00,-6.482799665576854291e-04
-1.253722602580609191e-02,2.088295083927028450e+00,3.504750040911061015e-01,1.000000000000000000e+00,5.000000000000000000e-01,2.000000000000000111e-01,0.000000000000000000e+00,3.987489329507389740e-02,3.987489329507389740e-02,-3.180582487998750540e+00,2.618142747577285878e-02
1.767617621169519815e+00,2.665600178953992483e+00,9.667286133361527867e-01,1.000000000000000000e+00,5.000000000000000000e-01,2.000000000000000111e-01,0.000000000000000000e+00,-9.152028604997783034e+00,-9.152028604997783034e+00,-6.427395389821173310e+00,-4.711761847311702667e+00
-2.261229790229323466e+00,1.164329559907915979e+00,1.233897846179099478e-01,1.000000000000000000e+00,5.000000000000000000e-01,2.000000000000000111e-01,0.000000000000000000e+00,6.106368954299454366e+00,6.106368954299454366e+00,-4.745727760570011000e+00,2.632816686508377302e+00
-9.664057824303950994e-01,7.220886025002863917e-01,8.026208195677970725e-01,1.000000000000000000e+00,5.000000000000000000e-01,2.000000000000000111e-01,0.000000000000000000e+00,1.398866573753006382e+00,1.398866573753006382e+00,-1.821070056719350960e+00,6.978306008833597973e-01
-2.416194198266450321e+00,1.969832713798600476e+00,5.744469839495914831e-01,1.000000000000000000e+00,5.000000000000000000e-01,2.000000000000000111e-01,0.000000000000000000e+00,9.925047639644727582e+00,9.925047639644727582e+00,-6.442917102417453634e+00,4.759498374635635187e+00
9.528896712276759828e-01,3.399261510524750340e-01,7.714464582375432089e-01,1.000000000000000000e+00,5.000000000000000000e-01,2.000000000000000111e-01,0.000000000000000000e+00,-1.180987292466777028e+00,-1.180987292466777028e+00,-1.602574129404108039e+00,-3.239121183180822539e-01
-5.701885312553724994e-01,2.554281203926011656e+00,7.994221534954357722e-01,1.000000000000000000e+00,5.000000000000000000e-01,2.000000000000000111e-01,0.000000000000000000e+00,2.467319371464375077e+00,2.467319371464375077e+00,-4.457245211069953861e+00,1.456421848079777259e+00
2.369055073039670667e+00,1.516953742592911158e+00,5.628597159279461470e-01,1.000000000000000000e+00,5.000000000000000000e-01,2.000000000000000111e-01,0.000000000000000000e+00,-7.754056356449630094e+00,-7.754056356449630094e+00,-5.518027492040320503e+00,-3.593746959456250778e+00
-9.535509932861900850e-01,2.043013274382736277e+00,8.201845421564039063e-01,1.000000000000000000e+00,5.000000000000000000e-01,2.000000000000000111e-01,0.000000000000000000e+00,3.116970842410762277e+00,3.116970842410762277e+00,-3.632507317730282903e+00,1.948117337084529721e+00
2.505903299059355049e+00,9.189506640530918924e-01,8.078611644794129187e-01,1.000000000000000000e+00,5.000000000000000000e-01,2.000000000000000111e-01,0.000000000000000000e+00,-6.711173469222481813e+00,-6.711173469222481813e+00,-5.189965968023745546e+00,-2.302801500723428152e+00
-1.129887112258711301e+00,1.580452908982345139e+00,8.377808728232034596e-01,1.000000000000000000e+00,5.000000000000000000e-01,2.000000000000000111e-01,0.000000000000000000e+00,2.829513785405787019e+00,2.829513785405787019e+00,-3.014902630624376023e+00,1.785733373390941736e+00
2.660990611367052061e+00,1.698744507568377138e+00,8.787893984416695892e-01,1.000000000000000000e+00,5.000000000000000000e-01,2.000000000000000111e-01,0.000000000000000000e+00,-1.026887095916601922e+01,-1.026887095916601922e+01,-6.691389071267023425e+00,-4.520343185750797410e+00
2.390207273850755598e+00,1.863337387724826488e+00,1.483723877884980391e-01,1.000000000000000000e+00,5.000000000000000000e-01,2.000000000000000111e-01,0.000000000000000000e+00,-9.270732680450104013e+00,-9.270732680450104013e+00,-6.163867597428027700e+00,-4.453762577777945708e+00
-1.265485405052936274e+00,2.372801803974272428e+00,4.821317991305676953e-01,1.000000000000000000e+00,5.000000000000000000e-01,2.000000000000000111e-01,0.000000000000000000e+00,5.233269187836625314e+00,5.233269187836625314e+00,-4.775966186712977013e+00,3.002746052012720046e+00
1.910584090238973687e-01,1.293333526774973929e+00,9.903258879220485644e-01,1.000000000000000000e+00,5.000000000000000000e-01,2.000000000000000111e-01,0.000000000000000000e+00,-3.522460717292711929e-01,-3.522460717292711929e-01,-1.858257795135341839e+00,-2.471022459628926804e-01
-2.553740959198628424e+00,1.294682442438397363e+00,2.854398900259188521e-01,1.000000000000000000e+00,5.000000000000000000e-01,2.000000000000000111e-01,0.000000000000000000e+00,8.024926385924155525e+00,8.024926385924155525e+00,-5.751057045392366618e+00,3.306283582410256106e+00
7.265639171611493197e-01,1.284503412414174983e+00,3.299228310462308800e-01,1.000000000000000000e+00,5.000000000000000000e-01,2.000000000000000111e-01,0.000000000000000000e+00,-1.402670537513452276e+00,-1.402670537513452276e+00,-2.141711583684162257e+00,-9.332738309305061986e-01
1.073052754338521098e+00,1.186471213453632600e-01,8.484285217496327913e-01,1.000000000000000000e+00,5.000000000000000000e-01,2.000000000000000111e-01,0.000000000000000000e+00,-1.327717158695236765e+00,-1.327717158695236765e+00,-1.697903897857862887e+00,-1.273146203539787802e-01
-2.370206577221143363e-01,1.112206541127040538e+00,7.723423993125946296e-01,1.000000000000000000e+00,5.000000000000000000e-01,2.000000000000000111e-01,0.000000000000000000e+00,3.862814431430030560e-01,3.862814431430030560e-01,-1.652208970375101948e+00,2.636159259007689326e-01
-4.108144781942959511e-01,2.781718528851313987e+00,8.000818918881632547e-01,1.000000000000000000e+00,5.000000000000000000e-01,2.000000000000000111e-01,0.000000000000000000e+00,2.014113573401934865e+00,2.014113573401934865e+00,-4.970240108173789473e+00,1.142770245913457217e+00
-3.597899501415025014e-02,2.040215553575564389e+00,8.490487821103885890e-01,1.000000000000000000e+00,5.000000000000000000e-01,2.000000000000000111e-01,0.000000000000000000e+00,1.108692245695794276e-01,1.108692245695794276e-01,-3.082016445375160618e+00,7.340490522988701860e-02
1.731923691795842046e+00,1.121278604680906676e+00,9.971905236591843691e-01,1.000000000000000000e+00,5.000000000000000000e-01,2.000000000000000111e-01,0.000000000000000000e+00,-3.859669519160332296e+00,-3.859669519160332296e+00,-3.428368659179823918e+00,-1.941968980550646373e+00
-1.801072746402629265e+00,2.458186458167340049e+00,1.575750220812183189e-01,1.000000000000000000e+00,5.000000000000000000e-01,2.000000000000000111e-01,0.000000000000000000e+00,8.411213137281233543e+00,8.411213137281233543e+00,-5.967658154259231296e+00,4.427372635381202848e+00
2.011168475295729507e+00,8.218918929453721267e-01,5.321719476087880540e-01,1.000000000000000000e+00,5.000000000000000000e-01,2.000000000000000111e-01,0.000000000000000000e+00,-4.317401247743669401e+00,-4.317401247743669401e+00,-3.764632323458673824e+00,-1.652963065192865066e+00
1.302110232252870148e+00,1.248435042853524024e+00,4.097529884792922017e-01,1.000000000000000000e+00,5.000000000000000000e-01,2.000000000000000111e-01,0.000000000000000000e+00,-2.758381513088079107e+00,-2.758381513088079107e+00,-2.796589662274914456e+00,-1.625600043602624112e+00
-6.188326860829169718e-01,8.690768759356405360e-01,4.005240756854662187e-01,1.000000000000000000e+00,5.000000000000000000e-01,2.000000000000000111e-01,0.000000000000000000e+00,8.999300614683940491e-01,8.999300614683940491e-01,-1.607419644161785177e+00,5.378131775478024457e-01
2.843766466021602213e+00,1.223404986532785843e+00,8.478186594897804129e-01,1.000000000000000000e+00,5.000000000000000000e-01,2.000000000000000111e-01,0.000000000000000000e+00,-9.571439467898120057e+00,-9.571439467898120057e+00,-6.600564508498038663e+00,-3.479078075065546116e+00
4.996953985335048642e-01,4.185002280600403912e-01,9.910899774586251487e-01,1.000000000000000000e+00,5.000000000000000000e-01,2.000000000000000111e-01,0.000000000000000000e+00,-5.684086720419009309e-01,-5.684086720419009309e-01,-1.237388515232487940e+00,-2.091226382468245604e-01
6.087639680716083745e-02,1.719484285351569053e+00,6.981531052069427368e-01,1.000000000000000000e+00,5.000000000000000000e-01,2.000000000000000111e-01,0.000000000000000000e+00,-1.509158927207319978e-01,-1.509158927207319978e-01,-2.480536665198432189e+00,-1.046760076587394950e-01
1.798347480414430599e-01,4.227615172801419963e-01,2.363339483141502217e-02,1.000000000000000000e+00,5.000000000000000000e-01,2.000000000000000111e-01,0.000000000000000000e+00,-1.970686280178964855e-01,-1.970686280178964855e-01,-1.108767972208381414e+00,-7.602721094169251348e-02
-9.452058876208235816e-01,1.358457417728441641e+00,4.155509802050221246e-01,1.000000000000000000e+00,5.000000000000000000e-01,2.000000000000000111e-01,0.000000000000000000e+00,1.986242525122422498e+00,1.986242525122422498e+00,-2.458751779886554356e+00,1.284021949319103628e+00
1.658989962299601828e-01,2.284044221489678339e+00,9.489057875198966263e-01,1.000000000000000000e+00,5.000000000000000000e-01,2.000000000000000111e-01,0.000000000000000000e+00,-5.995479398015395311e-01,-5.995479398015395311e-01,-3.624942489030260173e+00,-3.789206436899784647e-01
-2.438834687477116514e+00,2.689135794303802562e+00,5.225753659937509843e-01,1.000000000000000000e+00,5.000000000000000000e-01,2.000000000000000111e-01,0.000000000000000000e+00,1.415818795268270414e+01,1.415818795268270414e+01,-8.184474439807935653e+00,6.558357654484441746e+00
6.368332811510035718e-01,1.981830015174713022e+00,2.229862323644792310e-01,1.000000000000000000e+00,5.000000000000000000e-01,2.000000000000000111e-01,0.000000000000000000e+00,-1.939116857689550999e+00,-1.939116857689550999e+00,-3.207159081312633386e+00,-1.262095311247255713e+00
-9.593051123192877228e-01,1.144355502813329206e+00,1.245437078404071363e-01,1.000000000000000000e+00,5.000000000000000000e-01,2.000000000000000111e-01,0.000000000000000000e+00,1.763997118452663715e+00,1.763997118452663715e+00,-2.206934537522726725e+00,1.097786084159535713e+00
9.627165815549707517e-01,6.097559568413526421e-01,1.957297496205879783e-01,1.000000000000000000e+00,5.000000000000000000e-01,2.000000000000000111e-01,0.000000000000000000e+00,-1.320140329860187034e+00,-1.320140329860187034e+00,-1.741995093292290075e+00,-5.870221703530873469e-01
6.230402573607296546e-01,8.401375682348234397e-01,8.790176566973073591e-02,1.000000000000000000e+00,5.000000000000000000e-01,2.000000000000000111e-01,0.000000000000000000e+00,-8.912911119491112588e-01,-8.912911119491112588e-01,-1.585823064155035711e+00,-5.234395267314420064e-01
2.955080420014061460e+00,8.146639046989774258e-01,8.189465548299726949e-01,1.000000000000000000e+00,5.000000000000000000e-01,2.000000000000000111e-01,0.000000000000000000e+00,-9.096738408375440343e+00,-9.096738408375440343e+00,-6.571338812059981827e+00,-2.407397353668149442e+00
1.429309999852375057e+00,1.994563233698825266e+00,6.729800658669948810e-01,1.000000000000000000e+00,5.000000000000000000e-01,2.000000000000000111e-01,0.000000000000000000e+00,-4.856404694400239030e+00,-4.856404694400239030e+00,-4.214897492018355507e+00,-2.850849175263620694e+00
-2.951870857992739960e+00,2.303807182160433342e+00,6.315934398264969607e-01,1.000000000000000000e+00,5.000000000000000000e-01,2.000000000000000111e-01,0.000000000000000000e+00,1.592968866520516080e+01,1.592968866520516080e+01,-8.881888703647074834e+00,6.800541283453754637e+00
-2.279832060976814567e+00,4.283268865878022691e-01,7.750830684578624563e-01,1.000000000000000000e+00,5.000000000000000000e-01,2.000000000000000111e-01,0.000000000000000000e+00,4.858912156473853550e+00,4.858912156473853550e+00,-4.210312496641674507e+00,9.765133686212515984e-01
-2.817097516478916930e-02,1.363042941120812923e+00,4.624882331060760077e-01,1.000000000000000000e+00,5.000000000000000000e-01,2.000000000000000111e-01,0.000000000000000000e+00,5.434467750193978930e-02,5.434467750193978930e-02,-1.929419191974679038e+00,3.839824884285560763e-02
2.406599461071419199e-01,2.273974879722758580e+00,7.851685082375196023e-01,1.000000000000000000e+00,5.000000000000000000e-01,2.000000000000000111e-01,0.000000000000000000e+00,-8.656693050911997700e-01,-8.656693050911997700e-01,-3.620231202601242870e+00,-5.472546720030736500e-01
-1.421346320205989500e-01,2.093937953487519543e+00,8.031323123703848488e-01,1.000000000000000000e+00,5.000000000000000000e-01,2.000000000000000111e-01,0.000000000000000000e+00,4.543089790378600501e-01,4.543089790378600501e-01,-3.204409428699529272e+00,2.976211004929146253e-01
1.394860074032545860e+00,3.252622253158814480e-01,6.795986682756024466e-01,1.000000000000000000e+00,5.000000000000000000e-01,2.000000000000000111e-01,0.000000000000000000e+00,-2.011422655855617414e+00,-2.011422655855617414e+00,-2.220278533286767164e+00,-4.536952916841009986e-01
2.604338633464260866e+00,1.721578949657359026e+00,1.860837144576842350e-01,1.000000000000000000e+00,5.000000000000000000e-01,2.000000000000000111e-01,0.000000000000000000e+00,-9.996579310899219806e+00,-9.996579310899219806e+00,-6.551464870604364776e+00,-4.483574569151484113e+00
-2.627828049076901706e+00,2.804163144188938084e+00,9.634085034562486216e-01,1.000000000000000000e+00,5.000000000000000000e-01,2.000000000000000111e-01,0.000000000000000000e+00,1.658885179127311815e+01,1.658885179127311815e+01,-9.074953622922985019e+00,7.368858564487367424e+00
7.616734484905109959e-01,2.572548217687298688e+00,4.951127432884276924e-01,1.000000000000000000e+00,5.000000000000000000e-01,2.000000000000000111e-01,0.000000000000000000e+00,-3.370428967696649458e+00,-3.370428967696649458e+00,-4.657090031444305112e+00,-1.959441672374002463e+00
-1.267607341352941841e+00,7.106779323714871310e-01,7.273061038959283131e-01,1.000000000000000000e+00,5.000000000000000000e-01,2.000000000000000111e-01,0.000000000000000000e+00,1.995083691079200694e+00,1.995083691079200694e+00,-2.216628584891030318e+00,9.008605644116266520e-01
-6.565641751587980579e-01,2.522471774446928272e+00,2.683082185491837413e-01,1.000000000000000000e+00,5.000000000000000000e-01,2.000000000000000111e-01,0.000000000000000000e+00,2.801984283211174986e+00,2.801984283211174986e+00,-4.440077836101889552e+00,1.656164599951097216e+00
2.728491766108597893e+00,2.952269197504304721e+00,1.118618995636024849e-01,1.000000000000000000e+00,5.000000000000000000e-01,2.000000000000000111e-01,0.000000000000000000e+00,-1.868165616958960484e+01,-1.868165616958960484e+01,-9.824747097899805937e+00,-8.055242196726533521e+00
-2.597413179990677889e+00,2.802674227645161054e+00,5.418117123175092420e-02,1.000000000000000000e+00,5.000000000000000000e-01,2.000000000000000111e-01,0.000000000000000000e+00,1.630344943435009597e+01,1.630344943435009597e+01,-8.975424549706772837e+00,7.279702978105734523e+00
-1.769021473774652797e+00,2.605517211364991592e+00,6.001351242752750448e-02,1.000000000000000000e+00,5.000000000000000000e-01,2.000000000000000111e-01,0.000000000000000000e+00,8.880925391098049460e+00,8.880925391098049460e+00,-6.272022154165107999e+00,4.609215897194120615e+00
2.362651852000308139e-02,3.621976258016944561e-01,9.758896178861992121e-01,1.000000000000000000e+00,5.000000000000000000e-01,2.000000000000000111e-01,0.000000000000000000e+00,-2.517890370476159184e-02,-2.517890370476159184e-02,-1.065928487494617771e+00,-8.557468913904879224e-03
1.487229714460434060e+00,1.304445515246030585e+00,8.606753589499904766e-02,1.000000000000000000e+00,5.000000000000000000e-01,2.000000000000000111e-01,0.000000000000000000e+00,-3.410454942206718076e+00,-3.410454942206718076e+00,-3.177900385267179661e+00,-1.940010131168547813e+00
2.709877521556661506e+00,1.975372258790272895e+00,1.419463486310863498e-01,1.000000000000000000e+00,5.000000000000000000e-01,2.000000000000000111e-01,0.000000000000000000e+00,-1.197694057317295524e+01,-1.197694057317295524e+01,-7.357109489501937105e+00,-5.353016880802369037e+00
2.837342778785187036e+00,2.605424693663244362e+00,9.063409379448471581e-01,1.000000000000000000e+00,5.000000000000000000e-01,2.000000000000000111e-01,0.000000000000000000e+00,-1.703603515660471146e+01,-1.703603515660471146e+01,-9.224427343769773913e+00,-7.392482940234014421e+00
2.567891651964451682e+00,2.492025211218192648e+00,8.727094210455921264e-03,1.000000000000000000e+00,5.000000000000000000e-01,2.000000000000000111e-01,0.000000000000000000e+00,-1.392800893169174437e+01,-1.392800893169174437e+01,-8.061535348410771462e+00,-6.399250736372146697e+00
1.666620836516955251e+00,1.239599690460789549e+00,8.287180566768339585e-01,1.000000000000000000e+00,5.000000000000000000e-01,2.000000000000000111e-01,0.000000000000000000e+00,-3.872941329979058267e+00,-3.872941329979058267e+00,-3.434878703922728427e+00,-2.065942673061919699e+00
-2.972233868526314993e-01,1.067230337448212385e+00,7.777981576044532552e-01,1.000000000000000000e+00,5.000000000000000000e-01,2.000000000000000111e-01,0.000000000000000000e+00,4.717406679165490613e-01,4.717406679165490613e-01,-1.622495341600202146e+00,3.172058154482345071e-01
-1.291867096466942755e+00,2.099898004169015397e+00,9.124102290631738166e-01,1.000000000000000000e+00,5.000000000000000000e-01,2.000000000000000111e-01,0.000000000000000000e+00,4.571362064916676182e+00,4.571362064916676182e+00,-4.206138170916864816e+00,2.712789137522554128e+00
2.176177844655340365e+00,8.282252195543702289e-01,6.435867572150831828e-01,1.000000000000000000e+00,5.000000000000000000e-01,2.000000000000000111e-01,0.000000000000000000e+00,-4.983726923714979051e+00,-4.983726923714979051e+00,-4.184428514094200580e+00,-1.802365373179025454e+00
1.486563140195540811e+00,1.261451852620602887e+00,2.540315634669678690e-01,1.000000000000000000e+00,5.000000000000000000e-01,2.000000000000000111e-01,0.000000000000000000e+00,-3.326340196914938652e+00,-3.326340196914938652e+00,-3.121552370112792296e+00,-1.875227827237166078e+00
1.261771988046573867e+00,2.558444597844372392e+00,9.919073996132174997e-01,1.000000000000000000e+00,5.000000000000000000e-01,2.000000000000000111e-01,0.000000000000000000e+00,-5.793089303659653133e+00,-5.793089303659653133e+00,-5.228060510010928752e+00,-3.228173726529111054e+00
1.628261981853284190e+00,8.416921874233596057e-01,7.756022483266433731e-01,1.000000000000000000e+00,5.000000000000000000e-01,2.000000000000000111e-01,0.000000000000000000e+00,-3.068411321802926306e+00,-3.068411321802926306e+00,-2.944965118114031277e+00,-1.370495389204385406e+00
2.499305207963371522e+00,2.545484976839192726e+00,2.651519618522262256e-01,1.000000000000000000e+00,5.000000000000000000e-01,2.000000000000000111e-01,0.000000000000000000e+00,-1.371881672066997204e+01,-1.371881672066997204e+01,-7.987662797188711750e+00,-6.361943859406716584e+00
2.778117551514416306e-01,1.723522724226410618e-01,2.744202654516028073e-01,1.000000000000000000e+00,5.000000000000000000e-01,2.000000000000000111e-01,0.000000000000000000e+00,-2.862262640440160211e-01,-2.862262640440160211e-01,-1.061160275684819077e+00,-4.788148730607332676e-02
-1.467996471486979093e+00,2.599275604163557851e-01,7.662602446741865192e-01,1.000000000000000000e+00,5.000000000000000000e-01,2.000000000000000111e-01,0.000000000000000000e+00,2.150297591393881103e+00,2.150297591393881103e+00,-2.326789352510931774e+00,3.815727415334288497e-01
-2.929331950241884641e+00,1.091556553976765320e+00,5.513871915954146052e-01,1.000000000000000000e+00,5.000000000000000000e-01,2.000000000000000111e-01,0.000000000000000000e+00,9.701786277255152413e+00,9.701786277255152413e+00,-6.744339260089570409e+00,3.197531489060069010e+00
-1.559195373478279745e+00,2.039105914479116599e+00,8.923652247395604808e-01,1.000000000000000000e+00,5.000000000000000000e-01,2.000000000000000111e-01,0.000000000000000000e+00,5.558834782060590562e+00,5.558834782060590562e+00,-4.537630592837500032e+00,3.179364507888035263e+00
9.379331806627018153e-01,6.688741274240952439e-01,3.584857146950427564e-01,1.000000000000000000e+00,5.000000000000000000e-01,2.000000000000000111e-01,0.000000000000000000e+00,-1.312768824601389772e+00,-1.312768824601389772e+00,-1.751527490001504095e+00,-6.273592377978709500e-01
-7.872030845719910630e-01,2.884108981279752459e+00,1.960576203380839377e-01,1.000000000000000000e+00,5.000000000000000000e-01,2.000000000000000111e-01,0.000000000000000000e+00,4.158778188904808992e+00,4.158778188904808992e+00,-5.530855525765059788e+00,2.270379486305203809e+00
-1.819878065524813238e+00,1.794235519780948973e+00,7.440637295264841411e-01,1.000000000000000000e+00,5.000000000000000000e-01,2.000000000000000111e-01,0.000000000000000000e+00,5.954698875034915240e+00,5.954698875034915240e+00,-4.596814254248807963e+00,3.265289866834861332e+00
-2.204435256709843305e+00,2.359970296521113342e-01,6.249712647797911469e-02,1.000000000000000000e+00,5.000000000000000000e-01,2.000000000000000111e-01,0.000000000000000000e+00,4.408328793752441577e+00,4.408328793752441577e+00,-3.943568179617545688e+00,5.202401726439125351e-01
-2.792592634694476494e+00,7.050803056625291054e-01,3.058591901165470528e-01,1.000000000000000000e+00,5.000000000000000000e-01,2.000000000000000111e-01,0.000000000000000000e+00,7.842392777172777052e+00,7.842392777172777052e+00,-5.927713292726486394e+00,1.969002068461308985e+00
4.243395418084778825e-01,2.578953394776248409e+00,4.173314840448019147e-01,1.000000000000000000e+00,5.000000000000000000e-01,2.000000000000000111e-01,0.000000000000000000e+00,-1.850762477049421317e+00,-1.850762477049421317e+00,-4.433538734259305336e+00,-1.094351901884771827e+00
9.460826945847728986e-01,3.368365555040959691e-01,5.605056998363903142e-01,1.000000000000000000e+00,5.000000000000000000e-01,2.000000000000000111e-01,0.000000000000000000e+00,-1.169115942911032269e+00,-1.169115942911032269e+00,-1.593772911557602701e+00,-3.186752360659685368e-01
2.724862301127862096e+00,7.341833021714772034e-02,5.170674768811651667e-01,1.000000000000000000e+00,5.000000000000000000e-01,2.000000000000000111e-01,0.000000000000000000e+00,-6.778558303176511757e+00,-6.778558303176511757e+00,-5.457619861670634620e+00,-2.000548402204623821e-01
1.691814689574396624e+00,7.420769140504105410e-01,8.889187015297682626e-01,1.000000000000000000e+00,5.000000000000000000e-01,2.000000000000000111e-01,0.000000000000000000e+00,-3.126112279532565097e+00,-3.126112279532565097e+00,-2.992681239499117574e+00,-1.255456623984521514e+00
-2.063402381929583473e+00,8.372322719117886169e-02,8.288208170265520813e-01,1.000000000000000000e+00,5.000000000000000000e-01,2.000000000000000111e-01,0.000000000000000000e+00,3.827674697533916426e+00,3.827674697533916426e+00,-3.558082423237260539e+00,1.727547064091101425e-01
-1.766008602133021244e+00,6.049065917588577479e-01,1.648953976571677638e-01,1.000000000000000000e+00,5.000000000000000000e-01,2.000000000000000111e-01,0.000000000000000000e+00,3.190671174532774490e+00,3.190671174532774490e+00,-3.054227822061355457e+00,1.068270244533110480e+00
2.799585409350924259e+00,1.469300062868339918e+00,1.435266331922445682e-01,1.000000000000000000e+00,5.000000000000000000e-01,2.000000000000000111e-01,0.000000000000000000e+00,-1.020996769034088381e+01,-1.020996769034088381e+01,-6.782028415922803255e+00,-4.113431017964599867e+00
-1.257050644537882178e+00,2.489782121992126562e+00,6.596885659389581935e-01,1.000000000000000000e+00,5.000000000000000000e-01,2.000000000000000111e-01,0.000000000000000000e+00,5.550560887630805240e+00,5.550560887630805240e+00,-5.047613301255671203e+00,3.129782221209098658e+00
2.424139136329213073e-01,1.372763705154355307e+00,3.751556566989858732e-01,1.000000000000000000e+00,5.000000000000000000e-01,2.000000000000000111e-01,0.000000000000000000e+00,-4.736750894199472373e-01,-4.736750894199472373e-01,-1.977498798408254599e+00,-3.327770222596969640e-01
1.824416530699046746e+00,1.665829846749335763e+00,9.809105072289252547e-01,1.000000000000000000e+00,5.000000000000000000e-01,2.000000000000000111e-01,0.000000000000000000e+00,-5.570297011471907922e+00,-5.570297011471907922e+00,-4.384591945653225409e+00,-3.039167509741347750e+00
8.372270973844226916e-01,3.448152992921991178e-01,2.997617302060965327e-01,1.000000000000000000e+00,5.000000000000000000e-01,2.000000000000000111e-01,0.000000000000000000e+00,-1.004369974662232545e+00,-1.004369974662232545e+00,-1.480018322869832037e+00,-2.886887121601488526e-01
-2.764503703678053093e+00,1.036049550268192343e+00,1.993462138788129057e-01,1.000000000000000000e+00,5.000000000000000000e-01,2.000000000000000111e-01,0.000000000000000000e+00,8.473744259266684509e+00,8.473744259266684509e+00,-6.122187771895266195e+00,2.864162818910398922e+00
-1.670432911280288479e-01,1.951488464469435469e+00,3.445851699627794362e-01,1.000000000000000000e+00,5.000000000000000000e-01,2.000000000000000111e-01,0.000000000000000000e+00,4.860515947323940100e-01,4.860515947323940100e-01,-2.920895690145167478e+00,3.259830557033578935e-01
1.954757677558798257e-01,1.445040140172990650e+00,7.041403922269829918e-01,1.000000000000000000e+00,5.000000000000000000e-01,2.000000000000000111e-01,0.000000000000000000e+00,-4.010601071370001880e-01,-4.010601071370001880e-01,-2.066996968823438419e+00,-2.824703308383795242e-01
2.229989411193340487e-01,2.818124910364538493e+00,5.680490452400298595e-01,1.000000000000000000e+00,5.000000000000000000e-01,2.000000000000000111e-01,0.000000000000000000e+00,-1.110726441362682726e+00,-1.110726441362682726e+00,-5.000751121852776038e+00,-6.284388709533103023e-01
-2.329978643079472889e+00,1.254705529086826754e+00,2.487224431928705126e-01,1.000000000000000000e+00,5.000000000000000000e-01,2.000000000000000111e-01,0.000000000000000000e+00,6.693802814915524202e+00,6.693802814915524202e+00,-5.044423268684404604e+00,2.923437086126036810e+00
2.781129117660648298e+00,2.770979737140367938e+00,9.091697096427808766e-01,1.000000000000000000e+00,5.000000000000000000e-01,2.000000000000000111e-01,0.000000000000000000e+00,-1.776056917458489792e+01,-1.776056917458489792e+01,-9.479971853281188743e+00,-7.706452431408727044e+00
1.709873379258652903e-04,6.302965663611915792e-01,9.348035619487965464e-01,1.000000000000000000e+00,5.000000000000000000e-01,2.000000000000000111e-01,0.000000000000000000e+00,-2.049517303847285380e-04,-2.049517303847285380e-04,-1.198636898325355915e+00,-1.077727319859136387e-04
1.034176607172519802e+00,2.034277879644293741e+00,8.100006376834865129e-01,1.000000000000000000e+00,5.000000000000000000e-01,2.000000000000000111e-01,0.000000000000000000e+00,-3.395250921395434052e+00,-3.395250921395434052e+00,-3.710855998698760150e+00,-2.103802595616643067e+00
1.598232026766462255e+00,2.307880111851538629e+00,2.981211084518103904e-01,1.000000000000000000e+00,5.000000000000000000e-01,2.000000000000000111e-01,0.000000000000000000e+00,-6.671059520721987823e+00,-6.671059520721987823e+00,-5.195762672169156104e+00,-3.688527908698494340e+00
-1.484975505839467136e+00,2.897648357390213647e+00,5.813691020075284488e-02,1.000000000000000000e+00,5.000000000000000000e-01,2.000000000000000111e-01,0.000000000000000000e+00,8.374093848616055880e+00,8.374093848616055880e+00,-6.521274353309010507e+00,4.302936835260433135e+00
-2.842575097816118834e+00,5.153923322497138138e-01,6.454797665350689995e-01,1.000000000000000000e+00,5.000000000000000000e-01,2.000000000000000111e-01,0.000000000000000000e+00,7.813844580422153463e+00,7.813844580422153463e+00,-5.980954540105491546e+00,1.465041409258407867e+00
6.923249399831954420e-01,1.855867503409011743e+00,6.618754618586107918e-01,1.000000000000000000e+00,5.000000000000000000e-01,2.000000000000000111e-01,0.000000000000000000e+00,-1.950961198802594110e+00,-1.950961198802594110e+00,-3.009710388618440646e+00,-1.284863357914406867e+00
2.460814985678895894e+00,2.790095231807809384e+00,8.961830053714090472e-01,1.000000000000000000e+00,5.000000000000000000e-01,2.000000000000000111e-01,0.000000000000000000e+00,-1.501943115324843880e+01,-1.501943115324843880e+01,-8.525681937523431841e+00,-6.865908157903890086e+00
2.335811975546462804e+00,1.496248138041844200e+00,2.468810109787034079e-02,1.000000000000000000e+00,5.000000000000000000e-01,2.000000000000000111e-01,0.000000000000000000e+00,-7.499317664705652753e+00,-7.499317664705652753e+00,-5.392989796360604160e+00,-3.494954319227236539e+00
2.265289748186436469e+00,2.949396821334205221e+00,2.352563832534424471e-01,1.000000000000000000e+00,5.000000000000000000e-01,2.000000000000000111e-01,0.000000000000000000e+00,-1.444298529557739919e+01,-1.444298529557739919e+01,-8.428393390791299566e+00,-6.681238382702037626e+00
-1.778281739660396932e+00,2.717099247755011771e+00,9.347521012292672182e-01,1.000000000000000000e+00,5.000000000000000000e-01,2.000000000000000111e-01,0.000000000000000000e+00,9.467165378183118207e+00,9.467165378183118207e+00,-6.588685728441189937e+00,4.831767977127737979e+00
2.301500277390021054e+00,8.874475390213016901e-01,9.961856922396886693e-01,1.000000000000000000e+00,5.000000000000000000e-01,2.000000000000000111e-01,0.000000000000000000e+00,-5.645953650923996925e+00,-5.645953650923996925e+00,-4.571923683353288581e+00,-2.042460757226617574e+00
-2.543124063597115736e+00,1.460243256668146916e+00,3.433148001349876077e-01,1.000000000000000000e+00,5.000000000000000000e-01,2.000000000000000111e-01,0.000000000000000000e+00,8.544009773590744317e+00,8.544009773590744317e+00,-5.946643186030422079e+00,3.713579764738184075e+00
-1.290592185103570433e+00,9.734679388245861542e-01,8.688032694222522778e-01,1.000000000000000000e+00,5.000000000000000000e-01,2.000000000000000111e-01,0.000000000000000000e+00,2.332029807815236833e+00,2.332029807815236833e+00,-2.473196826909939361e+00,1.256350114295891496e+00
1.952847009555755520e+00,2.418131723812534606e+00,8.212635765155565926e-01,1.000000000000000000e+00,5.000000000000000000e-01,2.000000000000000111e-01,0.000000000000000000e+00,-9.151827704099995131e+00,-9.151827704099995131e+00,-6.211847382492804215e+00,-4.722241305559212066e+00
-2.440782517699029430e+00,1.646815132554230177e-01,1.118448565740078893e-01,1.000000000000000000e+00,5.000000000000000000e-01,2.000000000000000111e-01,0.000000000000000000e+00,5.382032504601721001e+00,5.382032504601721001e+00,-4.588011579627176317e+00,4.019517585420575023e-01
1.684807763220827148e+00,2.064624248494780545e+00,7.680099455280361420e-01,1.000000000000000000e+00,5.000000000000000000e-01,2.000000000000000111e-01,0.000000000000000000e+00,-6.232191666903253768e+00,-6.232191666903253768e+00,-4.834482963141819134e+00,-3.478494961997972368e+00
1.773437480862291693e+00,1.330818374310038799e-02,4.047295329310151013e-01,1.000000000000000000e+00,5.000000000000000000e-01,2.000000000000000111e-01,0.000000000000000000e+00,-2.889115252910754439e+00,-2.889115252910754439e+00,-2.887136852993585023e+00,-2.360123185221645742e-02
2.442466815015391646e+00,1.679678509666263642e-01,3.245429052745073539e-01,1.000000000000000000e+00,5.000000000000000000e-01,2.000000000000000111e-01,0.000000000000000000e+00,-5.391099285741701053e+00,-5.391099285741701053e+00,-4.593493084950033278e+00,-4.102559019754358771e-01
2.138610928863979410e+00,2.334658533052407670e+00,7.119773745242435892e-01,1.000000000000000000e+00,5.000000000000000000e-01,2.000000000000000111e-01,0.000000000000000000e+00,-9.923254313569673357e+00,-9.923254313569673357e+00,-6.469509256011082954e+00,-4.992926253951424975e+00
1.305099592118290630e+00,6.392098648400037497e-01,4.303172194887171509e-01,1.000000000000000000e+00,5.000000000000000000e-01,2.000000000000000111e-01,0.000000000000000000e+00,-2.016315722218595674e+00,-2.016315722218595674e+00,-2.226265592862785248e+00,-8.342325338806765300e-01
-1.996188696669433771e+00,1.710687479023635715e+00,8.837047887969416982e-01,1.000000000000000000e+00,5.000000000000000000e-01,2.000000000000000111e-01,0.000000000000000000e+00,6.507933842269501667e+00,6.507933842269501667e+00,-4.854087413070608648e+00,3.414855009160910893e+00
-2.301682498140192656e+00,2.737580397825029710e+00,2.813989495892618153e-01,1.000000000000000000e+00,5.000000000000000000e-01,2.000000000000000111e-01,0.000000000000000000e+00,1.336522966640199073e+01,1.336522966640199073e+01,-7.925818610624851601e+00,6.301040888925537153e+00
-2.520006461339954207e+00,5.310135978971727289e-01,2.430359284481103943e-01,1.000000000000000000e+00,5.000000000000000000e-01,2.000000000000000111e-01,0.000000000000000000e+00,6.075922647479759853e+00,6.075922647479759853e+00,-4.951247259692921787e+00,1.338157697760251619e+00
-1.133070852911399085e+00,1.181946230359958605e+00,7.755339534990679518e-02,1.000000000000000000e+00,5.000000000000000000e-01,2.000000000000000111e-01,0.000000000000000000e+00,2.215457585247723404e+00,2.215457585247723404e+00,-2.468808180361477422e+00,1.339228823329371210e+00
-1.128350419188567155e+00,2.332811751413914614e+00,8.504444343362392855e-01,1.000000000000000000e+00,5.000000000000000000e-01,2.000000000000000111e-01,0.000000000000000000e+00,4.485915362335986423e+00,4.485915362335986423e+00,-4.484910134857236663e+00,2.632229117595906054e+00
2.946383027615480543e+00,1.846321919029336733e+00,3.806013490483702855e-01,1.000000000000000000e+00,5.000000000000000000e-01,2.000000000000000111e-01,0.000000000000000000e+00,-1.308396452321519021e+01,-1.308396452321519021e+01,-7.913156081596426361e+00,-5.439971565742481197e+00
2.124480887374717852e+00,1.876279697547504677e+00,6.150603532081455604e-02,1.000000000000000000e+00,5.000000000000000000e-01,2.000000000000000111e-01,0.000000000000000000e+00,-7.781753733892629477e+00,-7.781753733892629477e+00,-5.468264176206758975e+00,-3.986120356808890097e+00
-2.438397402779758139e+00,5.758231361880116195e-01,9.770043601107177844e-01,1.000000000000000000e+00,5.000000000000000000e-01,2.000000000000000111e-01,0.000000000000000000e+00,5.742285726563840953e+00,5.742285726563840953e+00,-4.733255278414540967e+00,1.404085639741342595e+00
-1.753451072969953728e-01,1.574909075068501974e+00,1.553188952916376708e-01,1.000000000000000000e+00,5.000000000000000000e-01,2.000000000000000111e-01,0.000000000000000000e+00,3.938809546703772035e-01,3.938809546703772035e-01,-2.258616841358359384e+00,2.761526007508982028e-01
1.807629624179295291e+00,2.518277410956608175e+00,2.201305278665774967e-01,1.000000000000000000e+00,5.000000000000000000e-01,2.000000000000000111e-01,0.000000000000000000e+00,-8.720666051541076769e+00,-8.720666051541076769e+00,-6.131375474193506925e+00,-4.552112849946702511e+00
-6.484079254407775217e-01,1.578294740172778932e+00,6.760798503436619145e-01,1.000000000000000000e+00,5.000000000000000000e-01,2.000000000000000111e-01,0.000000000000000000e+00,1.510527025258636913e+00,1.510527025258636913e+00,-2.497766846093177673e+00,1.023378818209522478e+00
1.314046726766058271e-01,1.919186210244584245e+00,9.709062559415138072e-01,1.000000000000000000e+00,5.000000000000000000e-01,2.000000000000000111e-01,0.000000000000000000e+00,-3.738582900124542419e-01,-3.738582900124542419e-01,-2.851998167597232126e+00,-2.521900357626452038e-01
2.259016273549334208e+00,2.095420683311955745e+00,9.655838106355704165e-01,1.000000000000000000e+00,5.000000000000000000e-01,2.000000000000000111e-01,0.000000000000000000e+00,-9.524068689042014313e+00,-9.524068689042014313e+00,-6.257286634522204238e+00,-4.733589423533573814e+00
2.499773238783678408e+00,1.097578757577911013e+00,9.896432330059211635e-01,1.000000000000000000e+00,5.000000000000000000e-01,2.000000000000000111e-01,0.000000000000000000e+00,-7.129635285456658700e+00,-7.129635285456658700e+00,-5.351659311746560732e+00,-2.743698005650700544e+00
-1.971905133376195440e+00,1.548362847167423340e+00,3.424378369314672321e-01,1.000000000000000000e+00,5.000000000000000000e-01,2.000000000000000111e-01,0.000000000000000000e+00,5.869170007610063244e+00,5.869170007610063244e+00,-4.531759666265439357e+00,3.053224646658423858e+00
1.923955367477152123e+00,1.069091779247175689e+00,3.524360889875377545e-01,1.000000000000000000e+00,5.000000000000000000e-01,2.000000000000000111e-01,0.000000000000000000e+00,-4.447798993903880671e+00,-4.447798993903880671e+00,-3.792441169853432381e+00,-2.056884867008302198e+00
-3.022195514046055465e-01,8.282586678084580267e-01,6.040217385939161687e-02,1.000000000000000000e+00,5.000000000000000000e-01,2.000000000000000111e-01,0.000000000000000000e+00,4.114034791569141647e-01,4.114034791569141647e-01,-1.397808204750641270e+00,2.503159630320483942e-01
-2.864402489412044339e+00,2.255697845839396143e-01,7.707841962518242607e-01,1.000000000000000000e+00,5.000000000000000000e-01,2.000000000000000111e-01,0.000000000000000000e+00,7.637646201046812244e+00,7.637646201046812244e+00,-5.948321836668573503e+00,6.461226524983751940e-01
-1.181464368317367342e+00,2.661087620579553281e+00,8.598455977036085773e-01,1.000000000000000000e+00,5.000000000000000000e-01,2.000000000000000111e-01,0.000000000000000000e+00,5.694499080047116912e+00,5.694499080047116912e+00,-5.378208494363008185e+00,3.143980204685187907e+00
2.337307286911240567e+00,1.029417243239683089e+00,2.233208615982251732e-02,1.000000000000000000e+00,5.000000000000000000e-01,2.000000000000000111e-01,0.000000000000000000e+00,-6.129473834273392541e+00,-6.129473834273392541e+00,-4.807653142408625513e+00,-2.406064423896192128e+00
-1.896921162176447462e+00,2.135698374031492097e+00,3.282173455904825454e-01,1.000000000000000000e+00,5.000000000000000000e-01,2.000000000000000111e-01,0.000000000000000000e+00,7.588188758393551225e+00,7.588188758393551225e+00,-5.439589709728085865e+00,4.051251441726167357e+00
-2.008746863110991043e+00,6.183068476609091535e-01,8.908672661980736596e-01,1.000000000000000000e+00,5.000000000000000000e-01,2.000000000000000111e-01,0.000000000000000000e+00,4.013806612988260802e+00,4.013806612988260802e+00,-3.612190054967133968e+00,1.242021940678896597e+00
2.740539840983617914e+00,1.788500189287820286e+00,4.125458800244445889e-01,1.000000000000000000e+00,5.000000000000000000e-01,2.000000000000000111e-01,0.000000000000000000e+00,-1.124026437989231475e+01,-1.124026437989231475e+01,-7.105701635552392759e+00,-4.901456024350013152e+00
-4.020678536188153629e-01,2.226616972978790354e+00,7.930181847624253599e-01,1.000000000000000000e+00,5.000000000000000000e-01,2.000000000000000111e-01,0.000000000000000000e+00,1.411758050715818280e+00,1.411758050715818280e+00,-3.575906707526800510e+00,8.952511071568060030e-01
2.477329291322784677e+00,2.092372862269596290e+00,4.176560621178809773e-01,1.000000000000000000e+00,5.000000000000000000e-01,2.000000000000000111e-01,0.000000000000000000e+00,-1.094098653286115486e+01,-1.094098653286115486e+01,-6.871308347968643204e+00,-5.183496580069365756e+00
-1.314118183896433756e+00,1.427537104901181575e+00,9.633999881544483834e-01,1.000000000000000000e+00,5.000000000000000000e-01,2.000000000000000111e-01,0.000000000000000000e+00,3.106985934577515707e+00,3.106985934577515707e+00,-3.055075053683180553e+00,1.875952467737513674e+00
-2.632127644204238948e+00,2.962719599069001397e+00,8.882169566080666545e-02,1.000000000000000000e+00,5.000000000000000000e-01,2.000000000000000111e-01,0.000000000000000000e+00,1.783127739087165864e+01,1.783127739087165864e+01,-9.545711272584286533e+00,7.798256158735218158e+00
2.493595829957893528e+00,4.569953084917723896e-01,7.332315383886578442e-01,1.000000000000000000e+00,5.000000000000000000e-01,2.000000000000000111e-01,0.000000000000000000e+00,-5.855028811314931581e+00,-5.855028811314931581e+00,-4.835234453901783525e+00,-1.139561595565404817e+00
-1.082870275317677100e+00,2.229437212280243941e+00,9.401445396057300785e-01,1.000000000000000000e+00,5.000000000000000000e-01,2.000000000000000111e-01,0.000000000000000000e+00,4.027970699425565293e+00,4.027970699425565293e+00,-4.188759961649902053e+00,2.414191287865382396e+00
2.641308505791819528e+00,3.640661076477181846e-01,7.943413013416574797e-01,1.000000000000000000e+00,5.000000000000000000e-01,2.000000000000000111e-01,0.000000000000000000e+00,-6.501776845479967371e+00,-6.501776845479967371e+00,-5.252178439029808743e+00,-9.616109068004382587e-01
1.035591071763969140e+00,1.505362297597555798e+00,8.498587979899430156e-01,1.000000000000000000e+00,5.000000000000000000e-01,2.000000000000000111e-01,0.000000000000000000e+00,-2.431099332095177257e+00,-2.431099332095177257e+00,-2.776527144264443692e+00,-1.558939755162123797e+00
2.009422754314331705e+00,1.835458561210268069e-02,3.166423266550720816e-01,1.000000000000000000e+00,5.000000000000000000e-01,2.000000000000000111e-01,0.000000000000000000e+00,-3.632482555986107364e+00,-3.632482555986107364e+00,-3.422836328740213041e+00,-3.688212197496957417e-02
-1.077997358091980162e+00,1.863563123882951977e-01,5.490511370600470453e-01,1.000000000000000000e+00,5.000000000000000000e-01,2.000000000000000111e-01,0.000000000000000000e+00,1.347259536465081897e+00,1.347259536465081897e+00,-1.714611320015455576e+00,2.008916124183459662e-01
1.276576955889058951e+00,2.703354763123479110e+00,5.031118483803599384e-01,1.000000000000000000e+00,5.000000000000000000e-01,2.000000000000000111e-01,0.000000000000000000e+00,-6.357344601109044646e+00,-6.357344601109044646e+00,-5.631852722235387354e+00,-3.451040394196358996e+00
1.894927617961625899e+00,2.224663493252324820e+00,3.338952964405195178e-02,1.000000000000000000e+00,5.000000000000000000e-01,2.000000000000000111e-01,0.000000000000000000e+00,-7.944889485672456786e+00,-7.944889485672456786e+00,-5.629014235493051466e+00,-4.215576294034817373e+00
1.074574581379380334e+00,1.140380119128141523e-01,7.922961055636097427e-01,1.000000000000000000e+00,5.000000000000000000e-01,2.000000000000000111e-01,0.000000000000000000e+00,-1.329726341383213217e+00,-1.329726341383213217e+00,-1.699328652648516069e+00,-1.225423489125490595e-01
2.545136621203006655e+00,2.516036949603752682e-01,6.537619639554237416e-02,1.000000000000000000e+00,5.000000000000000000e-01,2.000000000000000111e-01,0.000000000000000000e+00,-5.923032512018705731e+00,-5.923032512018705731e+00,-4.918284462012051605e+00,-6.403657780736414784e-01
2.436073491643199418e+00,3.186328668801853281e-01,2.258758746266408268e-01,1.000000000000000000e+00,5.000000000000000000e-01,2.000000000000000111e-01,0.000000000000000000e+00,-5.451090234203430640e+00,-5.451090234203430640e+00,-4.611435885940156965e+00,-7.762130805730957928e-01
4.028426523023216355e-01,2.527110803457356170e+00,2.871808778939396456e-01,1.000000000000000000e+00,5.000000000000000000e-01,2.000000000000000111e-01,0.000000000000000000e+00,-1.702252293051914611e+00,-1.702252293051914611e+00,-4.290513827983823525e+00,-1.018028018726612416e+00
2.655640102695651983e+00,1.434663713330378121e+00,9.351025521896323411e-01,1.000000000000000000e+00,5.000000000000000000e-01,2.000000000000000111e-01,0.000000000000000000e+00,-9.134379149906063589e+00,-9.134379149906063589e+00,-6.260584598200679807e+00,-3.809950491002410899e+00
1.282148716044506642e+00,2.501864380725022041e+00,9.118059418693720275e-01,1.000000000000000000e+00,5.000000000000000000e-01,2.000000000000000111e-01,0.000000000000000000e+00,-5.716387937031531585e+00,-5.716387937031531585e+00,-5.116005887803045660e+00,-3.207762203464071593e+00
2.462918709317747812e+00,1.805576040234009749e+00,3.443727765939895713e-01,1.000000000000000000e+00,5.000000000000000000e-01,2.000000000000000111e-01,0.000000000000000000e+00,-9.465602803693277778e+00,-9.465602803693277778e+00,-6.269633559758004182e+00,-4.446987010588197009e+00
-2.142302122905304085e+00,2.303811914573431707e+00,3.697861126596471149e-01,1.000000000000000000e+00,5.000000000000000000e-01,2.000000000000000111e-01,0.000000000000000000e+00,9.793890518306588078e+00,9.793890518306588078e+00,-6.407449700347994437e+00,4.935461155365195474e+00
-1.207551871400995402e+00,3.926247800270250554e-01,1.798216444145536164e-01,1.000000000000000000e+00,5.000000000000000000e-01,2.000000000000000111e-01,0.000000000000000000e+00,1.652792443727123972e+00,1.652792443727123972e+00,-1.951986022220062678e+00,4.741147878800382465e-01
-2.095818370086348637e+00,2.162293786237662552e+00,2.783039967358560407e-01,1.000000000000000000e+00,5.000000000000000000e-01,2.000000000000000111e-01,0.000000000000000000e+00,8.836490298533107079e+00,8.836490298533107079e+00,-5.973229993235842805e+00,4.531775038720457616e+00
-2.855844024187202290e+00,8.880590049871427416e-01,8.252063592478964260e-02,1.000000000000000000e+00,5.000000000000000000e-01,2.000000000000000111e-01,0.000000000000000000e+00,8.640337293062486879e+00,8.640337293062486879e+00,-6.287831452460830306e+00,2.536158002518164256e+00
9.307126487694925565e-01,1.910132786771798319e+00,9.149284215190311986e-01,1.000000000000000000e+00,5.000000000000000000e-01,2.000000000000000111e-01,0.000000000000000000e+00,-2.789856619264795334e+00,-2.789856619264795334e+00,-3.344039252298012688e+00,-1.777784745477832828e+00
2.824720376234036934e+00,4.561860184210384528e-01,3.434099688902122471e-01,1.000000000000000000e+00,5.000000000000000000e-01,2.000000000000000111e-01,0.000000000000000000e+00,-7.626354872469494950e+00,-7.626354872469494950e+00,-5.891479964048476070e+00,-1.288597941586983042e+00
7.749751681286327631e-01,9.863815512926764617e-01,2.029428675061100140e-01,1.000000000000000000e+00,5.000000000000000000e-01,2.000000000000000111e-01,0.000000000000000000e+00,-1.245068583395998685e+00,-1.245068583395998685e+00,-1.846826189094874948e+00,-7.644212085520235567e-01
2.844546405775110642e+00,2.403296436907921940e+00,9.159552913858914902e-02,1.000000000000000000e+00,5.000000000000000000e-01,2.000000000000000111e-01,0.000000000000000000e+00,-1.566265772654884181e+01,-1.566265772654884181e+01,-8.742783434592016789e+00,-6.836288241618559525e+00
1.930112850725348217e+00,2.262487947155205070e-01,1.459841376183980133e-01,1.000000000000000000e+00,5.000000000000000000e-01,2.000000000000000111e-01,0.000000000000000000e+00,-3.417576287415217351e+00,-3.417576287415217351e+00,-3.260795628476191421e+00,-4.366857061415473917e-01
7.128247956626880821e-01,4.629553866841883414e-01,3.451131710655175322e-02,1.000000000000000000e+00,5.000000000000000000e-01,2.000000000000000111e-01,0.000000000000000000e+00,-8.616538330572521831e-01,-8.616538330572521831e-01,-1.412035358616885006e+00,-3.300060789140972783e-01
-6.040005925946481113e-01,8.571504317064181366e-01,4.079527506052604835e-01,1.000000000000000000e+00,5.000000000000000000e-01,2.000000000000000111e-01,0.000000000000000000e+00,8.699521852967568858e-01,8.699521852967568858e-01,-1.586243460800061289e+00,5.177193686934350447e-01
-1.812927008039183940e+00,6.310540554535544189e-01,8.244333999988662232e-01,1.000000000000000000e+00,5.000000000000000000e-01,2.000000000000000111e-01,0.000000000000000000e+00,3.365618274831218670e+00,3.365618274831218670e+00,-3.171137212338933420e+00,1.144054940664405606e+00
2.743756450718508155e+00,2.490719123418069003e+00,9.202877638893540713e-01,1.000000000000000000e+00,5.000000000000000000e-01,2.000000000000000111e-01,0.000000000000000000e+00,-1.538556152962298462e+01,-1.538556152962298462e+01,-8.618760552395892560e+00,-6.833926661806274616e+00
2.647584301819431829e+00,2.634348582739262756e+00,2.434507655979505358e-01,1.000000000000000000e+00,5.000000000000000000e-01,2.000000000000000111e-01,0.000000000000000000e+00,-1.554618281469153374e+01,-1.554618281469153374e+01,-8.675717808834594535e+00,-6.974659953180740501e+00
2.393547418375096214e+00,2.488106591956955604e+00,1.111856309790245634e-01,1.000000000000000000e+00,5.000000000000000000e-01,2.000000000000000111e-01,0.000000000000000000e+00,-1.254494357765983814e+01,-1.254494357765983814e+01,-7.532778752875881167e+00,-5.955401109820630090e+00
-9.974272566321467082e-01,1.311598020457277247e+00,3.765952826802376752e-01,1.000000000000000000e+00,5.000000000000000000e-01,2.000000000000000111e-01,0.000000000000000000e+00,2.053819330714206082e+00,2.053819330714206082e+00,-2.457061362997362330e+00,1.308223615348856228e+00
1.495592992578986369e+00,1.896462835590221330e+00,2.077426123790948598e-02,1.000000000000000000e+00,5.000000000000000000e-01,2.000000000000000111e-01,0.000000000000000000e+00,-4.854164401890924907e+00,-4.854164401890924907e+00,-4.140364683058272988e+00,-2.836336527595209489e+00
2.125899912443305340e-01,1.712984503406951298e+00,8.124095410924999650e-01,1.000000000000000000e+00,5.000000000000000000e-01,2.000000000000000111e-01,0.000000000000000000e+00,-5.264146677941905494e-01,-5.264146677941905494e-01,-2.494274657082538482e+00,-3.641633605809576624e-01
1.939996927035794627e+00,1.925087010176294466e+00,3.067087652268691844e-01,1.000000000000000000e+00,5.000000000000000000e-01,2.000000000000000111e-01,0.000000000000000000e+00,-6.995042290507747396e+00,-6.995042290507747396e+00,-5.111132844519747920e+00,-3.734662884018536744e+00
4.012143636225911081e-01,1.843329801876735452e+00,3.048504899846674610e-01,1.000000000000000000e+00,5.000000000000000000e-01,2.000000000000000111e-01,0.000000000000000000e+00,-1.095767370187461509e+00,-1.095767370187461509e+00,-2.795516158589710809e+00,-7.395703934065314122e-01
-2.930221540700018501e+00,2.768544214088167088e+00,8.812207070179628454e-01,1.000000000000000000e+00,5.000000000000000000e-01,2.000000000000000111e-01,0.000000000000000000e+00,1.919194950727713689e+01,1.919194950727713689e+01,-9.984137499229968071e+00,8.112447892501551294e+00
-1.335055827185748445e+00,1.949460392106273643e+00,9.355221485226413725e-01,1.000000000000000000e+00,5.000000000000000000e-01,2.000000000000000111e-01,0.000000000000000000e+00,4.347839895458693427e+00,4.347839895458693427e+00,-3.969622347217146796e+00,2.602638456349294582e+00
-1.380006318416130862e+00,9.560604647757176000e-02,9.054757803003494754e-01,1.000000000000000000e+00,5.000000000000000000e-01,2.000000000000000111e-01,0.000000000000000000e+00,1.911934923125906405e+00,1.911934923125906405e+00,-2.147220721382602449e+00,1.319369482178353037e-01
-1.028768353888248166e+00,2.253262274154332445e+00,5.080164397442316071e-01,1.000000000000000000e+00,5.000000000000000000e-01,2.000000000000000111e-01,0.000000000000000000e+00,3.858157348979911472e+00,3.858157348979911472e+00,-4.173614033640738796e+00,2.318084920660242965e+00
-9.318545168798038070e-01,1.670361287262549066e+00,3.353281313438001288e-01,1.000000000000000000e+00,5.000000000000000000e-01,2.000000000000000111e-01,0.000000000000000000e+00,2.393677046286509569e+00,2.393677046286509569e+00,-2.916065119370275571e+00,1.556533710356769795e+00
-2.892101564706287764e+00,2.359460663560903448e+00,8.156072374520750845e-02,1.000000000000000000e+00,5.000000000000000000e-01,2.000000000000000111e-01,0.000000000000000000e+00,1.578039820488694289e+01,1.578039820488694289e+01,-8.802078187791565256e+00,6.823799876947425069e+00
6.761272428435738391e-02,1.010578315534290228e+00,9.556064516049451729e-01,1.000000000000000000e+00,5.000000000000000000e-01,2.000000000000000111e-01,0.000000000000000000e+00,-1.021999161656728522e-01,-1.021999161656728522e-01,-1.513377154205153285e+00,-6.832795301597027748e-02
2.642672227585977751e+00,6.231661194657125424e-01,3.600077251029520919e-02,1.000000000000000000e+00,5.000000000000000000e-01,2.000000000000000111e-01,0.000000000000000000e+00,-6.846929354396404044e+00,-6.846929354396404044e+00,-5.384397907697517915e+00,-1.646823797084564056e+00
7.006760243821297252e-01,1.519436295728887831e+00,8.240332223758370933e-01,1.000000000000000000e+00,5.000000000000000000e-01,2.000000000000000111e-01,0.000000000000000000e+00,-1.578295661663784211e+00,-1.578295661663784211e+00,-2.448911463075530204e+00,-1.064632582993227050e+00
-1.721569656562047967e+00,6.812536820683950944e-01,8.544392555863384864e-01,1.000000000000000000e+00,5.000000000000000000e-01,2.000000000000000111e-01,0.000000000000000000e+00,3.141543905377604418e+00,3.141543905377604418e+00,-3.010334539102974105e+00,1.172825667470117628e+00
2.828026195901652606e+00,1.768104392300874128e+00,8.117314877505257265e-01,1.000000000000000000e+00,5.000000000000000000e-01,2.000000000000000111e-01,0.000000000000000000e+00,-1.177206345943657695e+01,-1.177206345943657695e+01,-7.361735869860405401e+00,-5.000245538515644128e+00
2.258599736424482529e+00,1.632129664669421221e+00,8.484701541559624971e-01,1.000000000000000000e+00,5.000000000000000000e-01,2.000000000000000111e-01,0.000000000000000000e+00,-7.571228742553286040e+00,-7.571228742553286040e+00,-5.392687282773003687e+00,-3.686327630432933766e+00
2.297491054083859119e+00,2.071659961940803818e+00,4.267359974726088190e-01,1.000000000000000000e+00,5.000000000000000000e-01,2.000000000000000111e-01,0.000000000000000000e+00,-9.653093675342482527e+00,-9.653093675342482527e+00,-6.312966585111503548e+00,-4.759620229662704816e+00
-2.298829074612664947e+00,7.464171067600688936e-02,8.644301894081922732e-01,1.000000000000000000e+00,5.000000000000000000e-01,2.000000000000000111e-01,0.000000000000000000e+00,4.734918280064105645e+00,4.734918280064105645e+00,-4.173554761057033602e+00,1.715885346808311840e-01
1.225216759727008053e+00,2.362492470830255709e+00,3.608289571476158697e-01,1.000000000000000000e+00,5.000000000000000000e-01,2.000000000000000111e-01,0.000000000000000000e+00,-5.012259530765863502e+00,-5.012259530765863502e+00,-4.691379002354393535e+00,-2.894565369990099057e+00
-1.026396275294411575e+00,3.632911385888194511e-01,9.427036185108348398e-01,1.000000000000000000e+00,5.000000000000000000e-01,2.000000000000000111e-01,0.000000000000000000e+00,1.310387898724743483e+00,1.310387898724743483e+00,-1.698083814051525531e+00,3.728806714950301804e-01
1.782236651423637852e+00,1.425175241332774956e+00,5.019822842478760538e-02,1.000000000000000000e+00,5.000000000000000000e-01,2.000000000000000111e-01,0.000000000000000000e+00,-4.724416595959989529e+00,-4.724416595959989529e+00,-3.921382723260611769e+00,-2.539999549804799805e+00
-7.520807071499984175e-01,1.253569232498484620e+00,8.650765548602693533e-01,1.000000000000000000e+00,5.000000000000000000e-01,2.000000000000000111e-01,0.000000000000000000e+00,1.428083177442728724e+00,1.428083177442728724e+00,-2.125093144373764620e+00,9.427852348389410553e-01
-1.525036060668512494e+00,2.941000102303990893e+00,3.772437511756400186e-01,1.000000000000000000e+00,5.000000000000000000e-01,2.000000000000000111e-01,0.000000000000000000e+00,8.829787679394074829e+00,8.829787679394074829e+00,-6.720181792679642996e+00,4.485131210443370264e+00
2.811641700783477305e+00,2.391171805620963653e+00,5.756433912632898942e-01,1.000000000000000000e+00,5.000000000000000000e-01,2.000000000000000111e-01,0.000000000000000000e+00,-1.529509780291579624e+01,-1.529509780291579624e+01,-8.602048734149073894e+00,-6.723118362421624639e+00
2.126655132186392905e+00,2.738939552142706901e+00,3.574532174645428384e-02,1.000000000000000000e+00,5.000000000000000000e-01,2.000000000000000111e-01,0.000000000000000000e+00,-1.202714358879535261e+01,-1.202714358879535261e+01,-7.464492165898681364e+00,-5.824779855312588239e+00
8.901638141891519140e-01,8.030482958083117184e-01,1.241268943955398107e-02,1.000000000000000000e+00,5.000000000000000000e-01,2.000000000000000111e-01,0.000000000000000000e+00,-1.318262825239689739e+00,-1.318262825239689739e+00,-1.797878252355384232e+00,-7.148445339748250582e-01
-1.143960702468662660e-01,1.503772429012517842e+00,1.013696670297740132e-01,1.000000000000000000e+00,5.000000000000000000e-01,2.000000000000000111e-01,0.000000000000000000e+00,2.440391977937292345e-01,2.440391977937292345e-01,-2.138517635661859817e+00,1.720256564246167019e-01
3.965947639126108371e-01,2.623752875138507967e+00,2.262834669816556898e-01,1.000000000000000000e+00,5.000000000000000000e-01,2.000000000000000111e-01,0.000000000000000000e+00,-1.774165508887772580e+00,-1.774165508887772580e+00,-4.536412018956532677e+00,-1.040566652080590515e+00
9.542694736092323105e-01,2.570185334216200879e+00,3.018649807630746640e-01,1.000000000000000000e+00,5.000000000000000000e-01,2.000000000000000111e-01,0.000000000000000000e+00,-4.279948565911649183e+00,-4.279948565911649183e+00,-4.849304463067486637e+00,-2.452649405960662943e+00
-4.307151214739013412e-01,1.778195130595557671e+00,6.409566236832379138e-01,1.000000000000000000e+00,5.000000000000000000e-01,2.000000000000000111e-01,0.000000000000000000e+00,1.127651841552266943e+00,1.127651841552266943e+00,-2.692298270756642964e+00,7.658955316787654510e-01
-5.491037285314450678e-01,1.508620341586563107e+00,4.243568677923140742e-01,1.000000000000000000e+00,5.000000000000000000e-01,2.000000000000000111e-01,0.000000000000000000e+00,1.207078609391615487e+00,1.207078609391615487e+00,-2.318876610336660704e+00,8.283890545035640374e-01
-1.406591103228489459e+00,7.565339507633159766e-01,6.170403876859421599e-01,1.000000000000000000e+00,5.000000000000000000e-01,2.000000000000000111e-01,0.000000000000000000e+00,2.365705510707921899e+00,2.365705510707921899e+00,-2.473270928337699459e+00,1.064133924433980249e+00
7.511484485367256880e-01,1.586786169474373009e+00,2.728805544721746301e-01,1.000000000000000000e+00,5.000000000000000000e-01,2.000000000000000111e-01,0.000000000000000000e+00,-1.781566357847006232e+00,-1.781566357847006232e+00,-2.597479568861055022e+00,-1.191911969360209156e+00
-1.284890681752116404e+00,2.596372674113418100e+00,1.035637292657860531e-01,1.000000000000000000e+00,5.000000000000000000e-01,2.000000000000000111e-01,0.000000000000000000e+00,6.039968303042139830e+00,6.039968303042139830e+00,-5.361141969873481905e+00,3.336055055324155472e+00
-4.952955753936310046e-01,2.157966136815971936e+00,7.624413773705386310e-01,1.000000000000000000e+00,5.000000000000000000e-01,2.000000000000000111e-01,0.000000000000000000e+00,1.672847168038833932e+00,1.672847168038833932e+00,-3.475599548024929764e+00,1.068831079414237939e+00
-1.271638738257689472e+00,2.463757384237277748e+00,5.900356873607528474e-01,1.000000000000000000e+00,5.000000000000000000e-01,2.000000000000000111e-01,0.000000000000000000e+00,5.542390695662255062e+00,5.542390695662255062e+00,-5.005289272574421133e+00,3.133009331464557512e+00
2.483649964618162009e+00,1.812888564175472617e+00,8.731790617331480764e-01,1.000000000000000000e+00,5.000000000000000000e-01,2.000000000000000111e-01,0.000000000000000000e+00,-9.629075899342387501e+00,-9.629075899342387501e+00,-6.344392761107782164e+00,-4.502580618271083246e+00
1.140208971236575941e-01,2.895995954847587761e-01,9.172235438460348833e-01,1.000000000000000000e+00,5.000000000000000000e-01,2.000000000000000111e-01,0.000000000000000000e+00,-1.190987169653289629e-01,-1.190987169653289629e-01,-1.049734421840998300e+00,-3.302040568382053759e-02
-2.099530566564314249e+00,5.599539129310840968e-01,4.616874677630602442e-01,1.000000000000000000e+00,5.000000000000000000e-01,2.000000000000000111e-01,0.000000000000000000e+00,4.279640932125619912e+00,4.279640932125619912e+00,-3.801591352266139090e+00,1.175640356066103731e+00
-2.273022443346619070e+00,1.262835883802507553e+00,1.964614684642241871e-01,1.000000000000000000e+00,5.000000000000000000e-01,2.000000000000000111e-01,0.000000000000000000e+00,6.434252450262925471e+00,6.434252450262925471e+00,-4.897355851484091360e+00,2.870454306146562828e+00
1.629759466534490997e+00,2.667179583177868185e+00,1.726104672080419622e-01,1.000000000000000000e+00,5.000000000000000000e-01,2.000000000000000111e-01,0.000000000000000000e+00,-8.292455167039559427e+00,-8.292455167039559427e+00,-6.150593015715707601e+00,-4.346861174631648339e+00
2.622692261513050127e+00,1.431470981667168019e+00,4.489202103849991854e-01,1.000000000000000000e+00,5.000000000000000000e-01,2.000000000000000111e-01,0.000000000000000000e+00,-8.917829099011983729e+00,-8.917829099011983729e+00,-6.151663404837846016e+00,-3.754307866198970611e+00
-1.649630363970312930e+00,2.812859286608839771e+00,2.929488585637008979e-01,1.000000000000000000e+00,5.000000000000000000e-01,2.000000000000000111e-01,0.000000000000000000e+00,9.073535713022096161e+00,9.073535713022096161e+00,-6.588856885770492333e+00,4.640178088765814834e+00
4.238026916453829784e-01,1.432833956337063563e+00,7.114513415155012677e-01,1.000000000000000000e+00,5.000000000000000000e-01,2.000000000000000111e-01,0.000000000000000000e+00,-8.740626722844621055e-01,-8.740626722844621055e-01,-2.134271806083784195e+00,-6.072388873765507400e-01
-7.881742300425198522e-02,2.197422579743256499e+00,4.665082866156160524e-01,1.000000000000000000e+00,5.000000000000000000e-01,2.000000000000000111e-01,0.000000000000000000e+00,2.692068538015783274e-01,2.692068538015783274e-01,-3.418060308684172988e+00,1.731951849867188753e-01
-3.678532183752247775e-01,2.077354896514321148e+00,5.791441670955602694e-01,1.000000000000000000e+00,5.000000000000000000e-01,2.000000000000000111e-01,0.000000000000000000e+00,1.171526011277278512e+00,1.171526011277278512e+00,-3.238891277197419427e+00,7.641616843903250578e-01
1.189810504970552074e+00,3.613694859755123279e-02,3.459140338384765201e-01,1.000000000000000000e+00,5.000000000000000000e-01,2.000000000000000111e-01,0.000000000000000000e+00,-1.527458198569344505e+00,-1.527458198569344505e+00,-1.850042362169939114e+00,-4.299612105894731751e-02
1.823506464991955234e+00,1.300724760120985923e+00,7.775561789392317902e-01,1.000000000000000000e+00,5.000000000000000000e-01,2.000000000000000111e-01,0.000000000000000000e+00,-4.578783916899672235e+00,-4.578783916899672235e+00,-3.841047947516372574e+00,-2.371880009255728172e+00
1.915421982458164862e+00,1.718081785795441796e+00,5.153056497852945839e-01,1.000000000000000000e+00,5.000000000000000000e-01,2.000000000000000111e-01,0.000000000000000000e+00,-6.147873979034597980e+00,-6.147873979034597980e+00,-4.677207333871407080e+00,-3.290851620173569358e+00
-1.673425598701433481e+00,2.949775504452922803e+00,8.508528363021554686e-01,1.000000000000000000e+00,5.000000000000000000e-01,2.000000000000000111e-01,0.000000000000000000e+00,9.891047088830516643e+00,9.891047088830516643e+00,-7.030799703968797942e+00,4.936229839573955225e+00
6.161101621933484651e-01,2.449041271363256556e+00,4.723461003242530598e-01,1.000000000000000000e+00,5.000000000000000000e-01,2.000000000000000111e-01,0.000000000000000000e+00,-2.510537962320082972e+00,-2.510537962320082972e+00,-4.226656613595026535e+00,-1.508879214917820288e+00
-2.067040894016050068e+00,7.144650916613222158e-01,8.486906411472636691e-01,1.000000000000000000e+00,5.000000000000000000e-01,2.000000000000000111e-01,0.000000000000000000e+00,4.360963907121452543e+00,4.360963907121452543e+00,-3.818825018122113502e+00,1.476828561810878737e+00
-1.880149559888238731e+00,8.855306487773234592e-01,8.180982429606897810e-01,1.000000000000000000e+00,5.000000000000000000e-01,2.000000000000000111e-01,0.000000000000000000e+00,3.946574445709863710e+00,3.946574445709863710e+00,-3.513059685490756756e+00,1.664930059566231302e+00
-9.244676757376653065e-01,1.464155966603350123e+00,2.840253621345645296e-01,1.000000000000000000e+00,5.000000000000000000e-01,2.000000000000000111e-01,0.000000000000000000e+00,2.073400211448145569e+00,2.073400211448145569e+00,-2.584660637360375546e+00,1.353564863363233783e+00
4.336660700190151374e-01,1.080865859040033961e+00,2.946023332745496548e-01,1.000000000000000000e+00,5.000000000000000000e-01,2.000000000000000111e-01,0.000000000000000000e+00,-7.032974089987127364e-01,-7.032974089987127364e-01,-1.696975258790617724e+00,-4.687348493076183287e-01
-4.610186253676129553e-02,1.096316882351673350e+00,9.890836393735722432e-01,1.000000000000000000e+00,5.000000000000000000e-01,2.000000000000000111e-01,0.000000000000000000e+00,7.382662043496385218e-02,7.382662043496385218e-02,-1.602230582302261341e+00,5.054225020690755049e-02
-2.717059310298363783e+00,1.700023787402424880e+00,4.056726516676451011e-01,1.000000000000000000e+00,5.000000000000000000e-01,2.000000000000000111e-01,0.000000000000000000e+00,1.065500975715499443e+01,1.065500975715499443e+01,-6.874487216274455470e+00,4.619065459290444764e+00
-5.021632505535222890e-02,1.421938171210115343e-01,6.271481993685888989e-01,1.000000000000000000e+00,5.000000000000000000e-01,2.000000000000000111e-01,0.000000000000000000e+00,5.074931493651799186e-02,5.074931493651799186e-02,-1.011622548394960575e+00,7.140450941410024163e-03
-1.982383832376302335e+00,1.285783448066213364e+00,9.091611238894442559e-01,1.000000000000000000e+00,5.000000000000000000e-01,2.000000000000000111e-01,0.000000000000000000e+00,5.179153538935302059e+00,5.179153538935302059e+00,-4.184526932980693559e+00,2.548916319383516260e+00
-1.969437895184278142e+00,2.168012839633094435e-01,5.385520355573180096e-01,1.000000000000000000e+00,5.000000000000000000e-01,2.000000000000000111e-01,0.000000000000000000e+00,3.543488529596053205e+00,3.543488529596053205e+00,-3.350712772156798192e+00,4.269766643619491431e-01
2.179335756833826743e+00,4.741187108997080291e-02,6.680044223330439124e-02,1.000000000000000000e+00,5.000000000000000000e-01,2.000000000000000111e-01,0.000000000000000000e+00,-4.251938133001666564e+00,-4.251938133001666564e+00,-3.850826547368807695e+00,-1.033263859647693544e-01
8.858336846132810471e-01,2.554194265279537746e+00,4.092701232792501642e-01,1.000000000000000000e+00,5.000000000000000000e-01,2.000000000000000111e-01,0.000000000000000000e+00,-3.914405539939804779e+00,-3.914405539939804779e+00,-4.732774962470764457e+00,-2.262591317230685295e+00
-1.518542617644367487e+00,1.821456010239971279e-01,5.293083059991265937e-01,1.000000000000000000e+00,5.000000000000000000e-01,2.000000000000000111e-01,0.000000000000000000e+00,2.244076231740426586e+00,2.244076231740426586e+00,-2.400171518947521676e+00,2.765958577713871769e-01
1.633126579303376680e+00,1.971058326180289644e+00,9.461979638043401808e-01,1.000000000000000000e+00,5.000000000000000000e-01,2.000000000000000111e-01,0.000000000000000000e+00,-5.676676046199250258e+00,-5.676676046199250258e+00,-4.542796917018611325e+00,-3.218987741842255890e+00
2.890881470235732387e+00,2.315177589568166550e+00,9.401739816057510524e-01,1.000000000000000000e+00,5.000000000000000000e-01,2.000000000000000111e-01,0.000000000000000000e+00,-1.547044456221223108e+01,-1.547044456221223108e+01,-8.694341040590719771e+00,-6.692903993987640021e+00
2.120925832484606310e+00,2.458069609008256551e-01,2.735772475068046772e-01,1.000000000000000000e+00,5.000000000000000000e-01,2.000000000000000111e-01,0.000000000000000000e+00,-4.093123455509426023e+00,-4.093123455509426023e+00,-3.729206363153962478e+00,-5.213383331790947262e-01
-2.110106486322712804e+00,2.358105127230787357e-01,1.124793820822769241e-01,1.000000000000000000e+00,5.000000000000000000e-01,2.000000000000000111e-01,0.000000000000000000e+00,4.047845074799840681e+00,4.047845074799840681e+00,-3.699332929128072323e+00,4.975852924400530064e-01
9.595419579945314581e-01,8.813400400712634308e-02,4.956333141635846928e-01,1.000000000000000000e+00,5.000000000000000000e-01,2.000000000000000111e-01,0.000000000000000000e+00,-1.139962670247962828e+00,-1.139962670247962828e+00,-1.556316262822351693e+00,-8.456827477089588763e-02
-5.400556397503653017e-01,2.625694496000279710e+00,4.184078549038904304e-01,1.000000000000000000e+00,5.000000000000000000e-01,2.000000000000000111e-01,0.000000000000000000e+00,2.433203301567227861e+00,2.433203301567227861e+00,-4.622131849578787310e+00,1.418021120826443937e+00
-3.560299341594737044e-01,1.432831319260377434e+00,7.572736001906561487e-01,1.000000000000000000e+00,5.000000000000000000e-01,2.000000000000000111e-01,0.000000000000000000e+00,7.305215362133260504e-01,7.305215362133260504e-01,-2.102557183137276464e+00,5.101308402579040058e-01
-1.894765905283317897e+00,4.480629269492579780e-01,4.832708373677055969e-01,1.000000000000000000e+00,5.000000000000000000e-01,2.000000000000000111e-01,0.000000000000000000e+00,3.445457026342604312e+00,3.445457026342604312e+00,-3.254462894747635282e+00,8.489743574049039010e-01
-2.248232284696533689e+00,2.936366818045994975e+00,1.593348526430397039e-01,1.000000000000000000e+00,5.000000000000000000e-01,2.000000000000000111e-01,0.000000000000000000e+00,1.421340257653042372e+01,1.421340257653042372e+01,-8.343854088631857735e+00,6.601634680042637982e+00
2.844210877241712510e+00,1.844016227712948153e+00,3.990053252663496863e-01,1.000000000000000000e+00,5.000000000000000000e-01,2.000000000000000111e-01,0.000000000000000000e+00,-1.228160128651954963e+01,-1.228160128651954963e+01,-7.553919232566389752e+00,-5.244771012671397337e+00
-2.579469422454980787e-01,2.652077444603626155e+00,1.891317685773062918e-01,1.000000000000000000e+00,5.000000000000000000e-01,2.000000000000000111e-01,0.000000000000000000e+00,1.168516340400007181e+00,1.168516340400007181e+00,-4.556679361095931746e+00,6.840952674337597017e-01
-2.010493285506112837e+00,2.944412962169152825e-01,7.891409620213087894e-01,1.000000000000000000e+00,5.000000000000000000e-01,2.000000000000000111e-01,0.000000000000000000e+00,3.722960070813678524e+00,3.722960070813678524e+00,-3.468597789098047279e+00,5.919722490198245923e-01
-2.139755725627017213e-01,1.749683984213075139e+00,5.283186124997171218e-01,1.000000000000000000e+00,5.000000000000000000e-01,2.000000000000000111e-01,0.000000000000000000e+00,5.434667419998850946e-01,5.434667419998850946e-01,-2.558168349697991673e+00,3.743896323257819292e-01
-2.614114886808325267e-01,2.270957390516978425e+00,7.516886130048416881e-01,1.000000000000000000e+00,5.000000000000000000e-01,2.000000000000000111e-01,0.000000000000000000e+00,9.390661192774305555e-01,9.390661192774305555e-01,-3.619625314620439127e+00,5.936543521857821082e-01
-2.064258046674879665e+00,1.333041409729086357e+00,1.274988125067134659e-01,1.000000000000000000e+00,5.000000000000000000e-01,2.000000000000000111e-01,0.000000000000000000e+00,5.657577995352896849e+00,5.657577995352896849e+00,-4.445196469983448750e+00,2.751741456584091861e+00
1.441594292035453861e+00,1.485806280902080667e+00,9.998001284603207361e-01,1.000000000000000000e+00,5.000000000000000000e-01,2.000000000000000111e-01,0.000000000000000000e+00,-3.632023258190810289e+00,-3.632023258190810289e+00,-3.350726613881557014e+00,-2.141929853618865565e+00
7.542821617621084940e-01,1.555166379092851603e-01,4.423133540703118038e-01,1.000000000000000000e+00,5.000000000000000000e-01,2.000000000000000111e-01,0.000000000000000000e+00,-8.492319758706848853e-01,-8.492319758706848853e-01,-1.353457660064815604e+00,-1.173034258321906803e-01
1.325228296673534700e+00,6.413286892513848647e-01,6.250450183055488163e-01,1.000000000000000000e+00,5.000000000000000000e-01,2.000000000000000111e-01,0.000000000000000000e+00,-2.063244292686869485e+00,-2.063244292686869485e+00,-2.259389266810992503e+00,-8.499069264644834032e-01
2.037107774049086828e+00,7.696013037651197042e-01,7.888335868361211478e-01,1.000000000000000000e+00,5.000000000000000000e-01,2.000000000000000111e-01,0.000000000000000000e+00,-4.331104412805642845e+00,-4.331104412805642845e+00,-3.786027933233222065e+00,-1.567760798818238044e+00
2.271290883566686070e+00,1.326363074810473774e+00,7.026790157872069287e-01,1.000000000000000000e+00,5.000000000000000000e-01,2.000000000000000111e-01,0.000000000000000000e+00,-6.612572588387444661e+00,-6.612572588387444661e+00,-4.974876869774229604e+00,-3.012556360116507737e+00
2.998479511048190993e+00,4.553950342688795061e-02,9.387131672367788893e-01,1.000000000000000000e+00,5.000000000000000000e-01,2.000000000000000111e-01,0.000000000000000000e+00,-8.393382224329659635e+00,-8.393382224329659635e+00,-6.395564550091663136e+00,-1.365492679688324051e-01
1.226106883930983216e+00,2.619796189439576040e-01,1.508829782664109498e-01,1.000000000000000000e+00,5.000000000000000000e-01,2.000000000000000111e-01,0.000000000000000000e+00,-1.636833413852135877e+00,-1.636833413852135877e+00,-1.936319514864778046e+00,-3.212150142368022099e-01
2.888516760115060755e+00,1.767533222868611364e+00,7.512437128365030414e-01,1.000000000000000000e+00,5.000000000000000000e-01,2.000000000000000111e-01,0.000000000000000000e+00,-1.222071551179194415e+01,-1.222071551179194415e+01,-7.568204291051515042e+00,-5.105549338316173191e+00
2.926100022875013806e+00,2.956069983098851051e+00,9.564353324725689554e-01,1.000000000000000000e+00,5.000000000000000000e-01,2.000000000000000111e-01,0.000000000000000000e+00,-2.072143229604063563e+01,-2.072143229604063563e+01,-1.050641167881051530e+01,-8.649756445165689200e+00
-1.835863569517187210e+00,7.715335393589124457e-01,7.848805945058057176e-01,1.000000000000000000e+00,5.000000000000000000e-01,2.000000000000000111e-01,0.000000000000000000e+00,3.619792413524692609e+00,3.619792413524692609e+00,-3.319869028706078140e+00,1.416430317569682185e+00
-6.556993533096600046e-01,1.583600282918021573e+00,8.129514819219051391e-01,1.000000000000000000e+00,5.000000000000000000e-01,2.000000000000000111e-01,0.000000000000000000e+00,1.534259938051521832e+00,1.534259938051521832e+00,-2.511859913187442395e+00,1.038365681410341468e+00
-1.133601670912609549e-01,1.490183674142429915e+00,1.255951768507405086e-01,1.000000000000000000e+00,5.000000000000000000e-01,2.000000000000000111e-01,0.000000000000000000e+00,2.395179938555206389e-01,2.395179938555206389e-01,-2.118034007830090992e+00,1.689274702974550291e-01
-1.902287866903868974e-01,2.316682215623828700e+00,2.489560872970069116e-01,1.000000000000000000e+00,5.000000000000000000e-01,2.000000000000000111e-01,0.000000000000000000e+00,7.020860655272642692e-01,7.020860655272642692e-01,-3.705220438865283850e+00,4.406996470253182197e-01
-2.416921025164976644e+00,1.597491621660160899e+00,9.845776077073592480e-01,1.000000000000000000e+00,5.000000000000000000e-01,2.000000000000000111e-01,0.000000000000000000e+00,8.324579791518678107e+00,8.324579791518678107e+00,-5.780894085767918966e+00,3.861011087915337203e+00
-6.439905909643437454e-01,1.533478526565717814e+00,3.330214868646332871e-01,1.000000000000000000e+00,5.000000000000000000e-01,2.000000000000000111e-01,0.000000000000000000e+00,1.454596341543186178e+00,1.454596341543186178e+00,-2.424612524469445418e+00,9.875457425541876999e-01
1.737708006139929040e+00,1.242618424648320730e-01,6.365014661453122224e-01,1.000000000000000000e+00,5.000000000000000000e-01,2.000000000000000111e-01,0.000000000000000000e+00,-2.800570723177439714e+00,-2.800570723177439714e+00,-2.819497971508062584e+00,-2.159307985088373127e-01
5.728173841324091242e-02,4.488870797846422622e-02,5.758967107366756988e-01,1.000000000000000000e+00,5.000000000000000000e-01,2.000000000000000111e-01,0.000000000000000000e+00,-5.737704019311963555e-02,-5.737704019311963555e-02,-1.002976216585373725e+00,-2.571303228130748277e-03
9.984420614288236351e-01,1.331333772403687554e+00,9.885962697941961252e-01,1.000000000000000000e+00,5.000000000000000000e-01,2.000000000000000111e-01,0.000000000000000000e+00,-2.082352876795509733e+00,-2.082352876795509733e+00,-2.484356736789460118e+00,-1.329259636168550029e+00
1.160450683783391668e+00,3.699105382000198450e-01,3.353022251495856310e-01,1.000000000000000000e+00,5.000000000000000000e-01,2.000000000000000111e-01,0.000000000000000000e+00,-1.552388331255887932e+00,-1.552388331255887932e+00,-1.876404376831719123e+00,-4.292629369928954719e-01
7.599401968435284260e-01,9.590853804786577674e-01,2.503522385573551112e-01,1.000000000000000000e+00,5.000000000000000000e-01,2.000000000000000111e-01,0.000000000000000000e+00,-1.197228179760357447e+00,-1.197228179760357447e+00,-1.806427845191094228e+00,-7.288475328307015833e-01
-2.922161262842993601e+00,4.478045952139459995e-01,4.962930259205687866e-01,1.000000000000000000e+00,5.000000000000000000e-01,2.000000000000000111e-01,0.000000000000000000e+00,8.205632696369296042e+00,8.205632696369296042e+00,-6.223680345383458601e+00,1.308557241457279918e+00
-7.088508741149341930e-01,2.378543633570739058e+00,8.105552474035583321e-01,1.000000000000000000e+00,5.000000000000000000e-01,2.000000000000000111e-01,0.000000000000000000e+00,2.785237284183853745e+00,2.785237284183853745e+00,-4.130216645440050627e+00,1.686032733777130144e+00
1.483577483115280593e+00,8.781885375117819414e-01,2.533758254325543247e-01,1.000000000000000000e+00,5.000000000000000000e-01,2.000000000000000111e-01,0.000000000000000000e+00,-2.708727612649337591e+00,-2.708727612649337591e+00,-2.706208842752543919e+00,-1.302860740182418597e+00
-8.012340171321827853e-01,1.946437599392137230e+00,9.208308582378665896e-02,1.000000000000000000e+00,5.000000000000000000e-01,2.000000000000000111e-01,0.000000000000000000e+00,2.421893952940156414e+00,2.421893952940156414e+00,-3.279495234289578232e+00,1.559552016858084311e+00
2.813193559698985879e+00,1.776617814822821106e+00,2.096810453438713306e-01,1.000000000000000000e+00,5.000000000000000000e-01,2.000000000000000111e-01,0.000000000000000000e+00,-1.170569004908365862e+01,-1.170569004908365862e+01,-7.326620232572020441e+00,-4.997969794706046187e+00
2.756696875154163173e+00,2.098222051411724465e+00,7.207182937551924740e-01,1.000000000000000000e+00,5.000000000000000000e-01,2.000000000000000111e-01,0.000000000000000000e+00,-1.301476131530751346e+01,-1.301476131530751346e+01,-7.760894485406049981e+00,-5.784162172506258415e+00
7.492267064039070945e-02,8.165933058820766810e-01,1.001428661853793756e-01,1.000000000000000000e+00,5.000000000000000000e-01,2.000000000000000111e-01,0.000000000000000000e+00,-9.998692588253312030e-02,-9.998692588253312030e-02,-1.336780357551242471e+00,-6.118135130375065844e-02
2.884718653698719493e+00,4.834401328829902589e-01,5.916749367027630546e-01,1.000000000000000000e+00,5.000000000000000000e-01,2.000000000000000111e-01,0.000000000000000000e+00,-8.022914680539278365e+00,-8.022914680539278365e+00,-6.109818207639373888e+00,-1.394588769274149653e+00
-1.750807758970984063e+00,2.610703781011007418e+00,9.712983691374710293e-01,1.000000000000000000e+00,5.000000000000000000e-01,2.000000000000000111e-01,0.000000000000000000e+00,8.790722905836007683e+00,8.790722905836007683e+00,-6.247083801416384752e+00,4.570840436168956522e+00
-1.161603061559235428e-01,1.479108128502110819e+00,8.905073003021533040e-01,1.000000000000000000e+00,5.000000000000000000e-01,2.000000000000000111e-01,0.000000000000000000e+00,2.435392667960088187e-01,2.435392667960088187e-01,-2.101976357936250928e+00,1.718136530445202870e-01
2.555450764593846458e+00,2.149341101839608470e+00,2.619173143947419735e-01,1.000000000000000000e+00,5.000000000000000000e-01,2.000000000000000111e-01,0.000000000000000000e+00,-1.179570341612432571e+01,-1.179570341612432571e+01,-7.228030752186516139e+00,-5.492535362069007832e+00
-2.462328629416073333e+00,1.331398393458336216e+00,1.217614985935544514e-02,1.000000000000000000e+00,5.000000000000000000e-01,2.000000000000000111e-01,0.000000000000000000e+00,7.630567554321628698e+00,7.630567554321628698e+00,-5.524148208596942666e+00,3.278340381371026790e+00
6.962353832135192988e-02,7.929276279345720546e-02,2.917367525679903650e-02,1.000000000000000000e+00,5.000000000000000000e-01,2.000000000000000111e-01,0.000000000000000000e+00,-6.990991097212297112e-02,-6.990991097212297112e-02,-1.006052133368740664e+00,-5.520642708956136069e-03
-5.022303024355645462e-01,3.681486561389949452e-01,7.919162184776851188e-01,1.000000000000000000e+00,5.000000000000000000e-01,2.000000000000000111e-01,0.000000000000000000e+00,5.616008408215172887e-01,5.616008408215172887e-01,-1.219107882519185004e+00,1.848954109139340773e-01
-6.647064869139143184e-01,4.419917055530576677e-01,8.092182515084324068e-01,1.000000000000000000e+00,5.000000000000000000e-01,2.000000000000000111e-01,0.000000000000000000e+00,7.883719891548455205e-01,7.883719891548455205e-01,-1.362779162136113165e+00,2.937947538432622019e-01
-3.991074963888490146e-01,9.538359559161113665e-02,1.245819800225013152e-01,1.000000000000000000e+00,5.000000000000000000e-01,2.000000000000000111e-01,0.000000000000000000e+00,4.136375531241832104e-01,4.136375531241832104e-01,-1.100121091358257086e+00,3.806830803313437928e-02
6.118768944673340648e-01,2.148018549841111291e+00,6.413091932037389142e-01,1.000000000000000000e+00,5.000000000000000000e-01,2.000000000000000111e-01,0.000000000000000000e+00,-2.069288426389949809e+00,-2.069288426389949809e+00,-3.531627845620548545e+00,-1.314322919535005685e+00
2.544869454918417873e+00,2.880547273859633162e+00,2.022455782774836841e-01,1.000000000000000000e+00,5.000000000000000000e-01,2.000000000000000111e-01,0.000000000000000000e+00,-1.639926195695292321e+01,-1.639926195695292321e+01,-9.034592624016141826e+00,-7.330616770693898943e+00
-2.691423086127851416e+00,1.209619382942221266e+00,3.181378656536818506e-01,1.000000000000000000e+00,5.000000000000000000e-01,2.000000000000000111e-01,0.000000000000000000e+00,8.559643650746485477e+00,8.559643650746485477e+00,-6.077844462919942181e+00,3.255597532678420336e+00
-2.128870349650465066e+00,2.911833858685417997e+00,5.458580433279037747e-01,1.000000000000000000e+00,5.000000000000000000e-01,2.000000000000000111e-01,0.000000000000000000e+00,1.308362417537952105e+01,1.308362417537952105e+01,-7.958641589665942817e+00,6.198916764863688478e+00
1.121040911936217022e+00,3.359038543860093373e-01,9.625007758297047245e-01,1.000000000000000000e+00,5.000000000000000000e-01,2.000000000000000111e-01,0.000000000000000000e+00,-1.466054979666257863e+00,-1.466054979666257863e+00,-1.810455335436559787e+00,-3.765619632437821607e-01
2.398520305557898524e-01,1.046445829712582265e+00,5.656168246539816646e-02,1.000000000000000000e+00,5.000000000000000000e-01,2.000000000000000111e-01,0.000000000000000000e+00,-3.739365679400932230e-01,-3.739365679400932230e-01,-1.582041835198468638e+00,-2.509921571232011650e-01
1.332696050276855892e+00,1.804439981437859331e+00,7.157816948112937228e-01,1.000000000000000000e+00,5.000000000000000000e-01,2.000000000000000111e-01,0.000000000000000000e+00,-3.975722280372413042e+00,-3.975722280372413042e+00,-3.693649080759850101e+00,-2.404770036223878193e+00
2.072436564281868954e+00,1.937067219137276863e+00,8.818329635585310244e-01,1.000000000000000000e+00,5.000000000000000000e-01,2.000000000000000111e-01,0.000000000000000000e+00,-7.740785516249766296e+00,-7.740785516249766296e+00,-5.453110693511574070e+00,-4.014448932411892379e+00
1.928309406833230710e+00,8.602812311610774643e-02,4.644064579880140542e-01,1.000000000000000000e+00,5.000000000000000000e-01,2.000000000000000111e-01,0.000000000000000000e+00,-3.369481293995590487e+00,-3.369481293995590487e+00,-3.234726720072356176e+00,-1.658888390569978610e-01
-1.080897751079503699e+00,2.683902931697046412e+00,9.116358402063351463e-01,1.000000000000000000e+00,5.000000000000000000e-01,2.000000000000000111e-01,0.000000000000000000e+00,5.226503227718954925e+00,5.226503227718954925e+00,-5.302671442359237375e+00,2.901024642987024116e+00
-1.702486214870115422e+00,2.984272355083507744e+00,3.823402365902354161e-01,1.000000000000000000e+00,5.000000000000000000e-01,2.000000000000000111e-01,0.000000000000000000e+00,1.027047385283158043e+01,1.027047385283158043e+01,-7.192016331751497127e+00,5.080682545947646567e+00
7.236679265614824885e-01,8.856129283788745088e-01,3.312577967374275012e-02,1.000000000000000000e+00,5.000000000000000000e-01,2.000000000000000111e-01,0.000000000000000000e+00,-1.083254309724427156e+00,-1.083254309724427156e+00,-1.706372290216179977e+00,-6.408896716159827589e-01
-2.671788392338985574e+00,8.873387102887526634e-01,4.167921661219453622e-01,1.000000000000000000e+00,5.000000000000000000e-01,2.000000000000000111e-01,0.000000000000000000e+00,7.538118674895669002e+00,7.538118674895669002e+00,-5.676756921450858862e+00,2.370781266222535155e+00
5.652833149463796225e-01,1.894572679948976823e+00,4.911116862136464256e-01,1.000000000000000000e+00,5.000000000000000000e-01,2.000000000000000111e-01,0.000000000000000000e+00,-1.615925591212533430e+00,-1.615925591212533430e+00,-2.986429955498584476e+00,-1.070970324928403938e+00
7.195819720714200507e-01,1.255093471684913364e+00,6.054761444463729880e-01,1.000000000000000000e+00,5.000000000000000000e-01,2.000000000000000111e-01,0.000000000000000000e+00,-1.360865837042031901e+00,-1.360865837042031901e+00,-2.098308740051160637e+00,-9.031426354889949826e-01
-9.091484309415598375e-02,1.562896601293488619e+00,5.359221552936499489e-02,1.000000000000000000e+00,5.000000000000000000e-01,2.000000000000000111e-01,0.000000000000000000e+00,2.021015137789848592e-01,2.021015137789848592e-01,-2.226282198384270217e+00,1.420904992789871757e-01
2.122066325766171602e+00,2.591403583389952914e+00,4.455969845528073847e-02,1.000000000000000000e+00,5.000000000000000000e-01,2.000000000000000111e-01,0.000000000000000000e+00,-1.115850245287877129e+01,-1.115850245287877129e+01,-7.059585560573587770e+00,-5.499130280781607816e+00
-2.597019892340309610e+00,1.929081306711903254e+00,1.291388414243800353e-01,1.000000000000000000e+00,5.000000000000000000e-01,2.000000000000000111e-01,0.000000000000000000e+00,1.093236250027627676e+01,1.093236250027627676e+01,-6.907384736679416548e+00,5.009862527472650484e+00
-2.883757257925559259e+00,3.541104969047014217e-01,1.446654776679756615e-01,1.000000000000000000e+00,5.000000000000000000e-01,2.000000000000000111e-01,0.000000000000000000e+00,7.860857863414823399e+00,7.860857863414823399e+00,-6.052330675592052955e+00,1.021168715556558970e+00
2.593002291852805286e+00,9.897941378116521527e-01,2.115330931421443017e-01,1.000000000000000000e+00,5.000000000000000000e-01,2.000000000000000111e-01,0.000000000000000000e+00,-7.350068273981542610e+00,-7.350068273981542610e+00,-5.524042748955497295e+00,-2.566538467808085588e+00
2.053415575695270334e+00,2.594070278173060462e+00,6.281276100755706082e-01,1.000000000000000000e+00,5.000000000000000000e-01,2.000000000000000111e-01,0.000000000000000000e+00,-1.069398997747993363e+01,-1.069398997747993363e+01,-6.894509619955193180e+00,-5.326704313648725098e+00
-2.778972589377315394e+00,2.799308805301004011e+00,3.568965034455839902e-01,1.000000000000000000e+00,5.000000000000000000e-01,2.000000000000000111e-01,0.000000000000000000e+00,1.795939554874517441e+01,1.795939554874517441e+01,-9.551678085224144965e+00,7.779202439134050628e+00
1.320926396081272713e+00,9.224373808728500990e-01,8.707471442875902579e-01,1.000000000000000000e+00,5.000000000000000000e-01,2.000000000000000111e-01,0.000000000000000000e+00,-2.343871174653456180e+00,-2.343871174653456180e+00,-2.472353287134337663e+00,-1.218471885127022203e+00
5.209674646140287635e-01,2.321283619426165457e-01,8.756796169166857213e-01,1.000000000000000000e+00,5.000000000000000000e-01,2.000000000000000111e-01,0.000000000000000000e+00,-5.632821133777561329e-01,-5.632821133777561329e-01,-1.189786047720902795e+00,-1.209313241862525479e-01
-2.145426541704528400e+00,2.346406788848313774e+00,8.929235651839296795e-01,1.000000000000000000e+00,5.000000000000000000e-01,2.000000000000000111e-01,0.000000000000000000e+00,1.002640082571210023e+01,1.002640082571210023e+01,-6.514525436886879461e+00,5.034043402430865122e+00
-5.177466715196823444e-01,6.536016817341978591e-01,8.500096240067308573e-01,1.000000000000000000e+00,5.000000000000000000e-01,2.000000000000000111e-01,0.000000000000000000e+00,6.560937090620293510e-01,6.560937090620293510e-01,-1.374434548704711823e+00,3.384000952175477139e-01
5.819595144967983913e-01,6.768736525440277596e-01,9.975842662489247115e-01,1.000000000000000000e+00,5.000000000000000000e-01,2.000000000000000111e-01,0.000000000000000000e+00,-7.546934472237080138e-01,-7.546934472237080138e-01,-1.432285096662156088e+00,-3.939130622101970070e-01
6.436778945520345019e-01,1.235563741787061520e+00,5.498642117598242507e-01,1.000000000000000000e+00,5.000000000000000000e-01,2.000000000000000111e-01,0.000000000000000000e+00,-1.188340830977388407e+00,-1.188340830977388407e+00,-2.011901619170386013e+00,-7.953050678983293320e-01
-1.790707817685922576e+00,2.488767183099417357e-01,3.943152953873703126e-01,1.000000000000000000e+00,5.000000000000000000e-01,2.000000000000000111e-01,0.000000000000000000e+00,2.994594788725678747e+00,2.994594788725678747e+00,-2.954950503451251098e+00,4.456654851176298782e-01
-2.929895726755107788e+00,2.033349422657543926e+00,4.309661468102773396e-01,1.000000000000000000e+00,5.000000000000000000e-01,2.000000000000000111e-01,0.000000000000000000e+00,1.401695144758196676e+01,1.401695144758196676e+01,-8.217828319105588974e+00,5.957501784444303894e+00
-2.619501799686221766e+00,2.572822022925060459e+00,1.086051266484691080e-01,1.000000000000000000e+00,5.000000000000000000e-01,2.000000000000000111e-01,0.000000000000000000e+00,1.488417822699919668e+01,1.488417822699919668e+01,-8.426780387959713181e+00,6.739511919324541189e+00
-1.553574647384810214e+00,1.010169833040004406e+00,1.610291961679155559e-01,1.000000000000000000e+00,5.000000000000000000e-01,2.000000000000000111e-01,0.000000000000000000e+00,3.096181652454101929e+00,3.096181652454101929e+00,-2.958378056790137656e+00,1.569374242163897426e+00
-1.122664855045889976e+00,2.019011622032404141e+00,9.631585439274381599e-01,1.000000000000000000e+00,5.000000000000000000e-01,2.000000000000000111e-01,0.000000000000000000e+00,3.693880866374148031e+00,3.693880866374148031e+00,-3.794429791004085395e+00,2.266673389984976250e+00
-1.760570965173544833e+00,3.987615478227977128e-01,7.080594471281639324e-01,1.000000000000000000e+00,5.000000000000000000e-01,2.000000000000000111e-01,0.000000000000000000e+00,2.991962556686924568e+00,2.991962556686924568e+00,-2.939271460058281438e+00,7.020480031244795693e-01
-9.495859384030898021e-01,1.077358600511998610e+00,8.807811405718551923e-01,1.000000000000000000e+00,5.000000000000000000e-01,2.000000000000000111e-01,0.000000000000000000e+00,1.671929758985602366e+00,1.671929758985602366e+00,-2.121378849696312408e+00,1.023044577663825727e+00
-2.390310037397237686e+00,4.658055555766090761e-01,8.850036514980563762e-01,1.000000000000000000e+00,5.000000000000000000e-01,2.000000000000000111e-01,0.000000000000000000e+00,5.381075093816664712e+00,5.381075093816664712e+00,-4.536636652732207509e+00,1.113419694970165574e+00
-6.396026038698021665e-01,3.132449661604769231e-01,8.318210312772843507e-01,1.000000000000000000e+00,5.000000000000000000e-01,2.000000000000000111e-01,0.000000000000000000e+00,7.233134745181726277e-01,7.233134745181726277e-01,-1.294516098938657933e+00,2.003522960053490953e-01
-9.900211555426658983e-01,8.256777088152585931e-01,3.690053706215296048e-01,1.000000000000000000e+00,5.000000000000000000e-01,2.000000000000000111e-01,0.000000000000000000e+00,1.521563728888714495e+00,1.521563728888714495e+00,-1.928956972470428743e+00,8.174383993871031651e-01
-1.201705626150870065e+00,1.104068338262894411e+00,4.876322486280848523e-02,1.000000000000000000e+00,5.000000000000000000e-01,2.000000000000000111e-01,0.000000000000000000e+00,2.281201070973022382e+00,2.281201070973022382e+00,-2.475941294930887437e+00,1.326765133745562153e+00
-7.130645149585128628e-01,6.952787190263787220e-02,4.356383717832872371e-01,1.000000000000000000e+00,5.000000000000000000e-01,2.000000000000000111e-01,0.000000000000000000e+00,7.873011360710714390e-01,7.873011360710714390e-01,-1.307493663981466270e+00,4.957785825435209043e-02
2.177424094815209266e+00,1.924961961023289980e+00,9.807065211140812977e-01,1.000000000000000000e+00,5.000000000000000000e-01,2.000000000000000111e-01,0.000000000000000000e+00,-8.276333271577895445e+00,-8.276333271577895445e+00,-5.697444688902415066e+00,-4.191458555534847363e+00
1.733976115092247028e+00,1.931174814241191973e+00,1.212598613784836576e-01,1.000000000000000000e+00,5.000000000000000000e-01,2.000000000000000111e-01,0.000000000000000000e+00,-6.010052621671888140e+00,-6.010052621671888140e+00,-4.668721982205992660e+00,-3.348611001961933731e+00
-2.230271504460186627e+00,8.629986134114832064e-01,5.373509603033318482e-01,1.000000000000000000e+00,5.000000000000000000e-01,2.000000000000000111e-01,0.000000000000000000e+00,5.279510972066632668e+00,5.279510972066632668e+00,-4.356849893539334495e+00,1.924721215880283554e+00
-2.406086793748465791e+00,1.301822729320608163e+00,1.653492003629151164e-01,1.000000000000000000e+00,5.000000000000000000e-01,2.000000000000000111e-01,0.000000000000000000e+00,7.230824824759106484e+00,7.230824824759106484e+00,-5.320923404718342020e+00,3.132298476819899147e+00
3.744752233564687671e-01,8.165940614008025955e-01,8.152585002792935853e-01,1.000000000000000000e+00,5.000000000000000000e-01,2.000000000000000111e-01,0.000000000000000000e+00,-5.098327639016008161e-01,-5.098327639016008161e-01,-1.417551946302255228e+00,-3.057942435346315269e-01
-2.475372942103374996e+00,3.044572474674526186e-01,8.446197261018937308e-01,1.000000000000000000e+00,5.000000000000000000e-01,2.000000000000000111e-01,0.000000000000000000e+00,5.623654602252359247e+00,5.623654602252359247e+00,-4.722829829266240509e+00,7.536452324082034693e-01
1.871524054772366163e+00,2.860402863546465113e+00,1.143380889436957926e-01,1.000000000000000000e+00,5.000000000000000000e-01,2.000000000000000111e-01,0.000000000000000000e+00,-1.083888052377882438e+01,-1.083888052377882438e+01,-7.192513643447368210e+00,-5.353312765466967882e+00
-7.665008782558064837e-01,2.795574562301383459e+00,6.324217618686842624e-01,1.000000000000000000e+00,5.000000000000000000e-01,2.000000000000000111e-01,0.000000000000000000e+00,3.851761412037156607e+00,3.851761412037156607e+00,-5.260132724513439051e+00,2.142810357233602137e+00
2.887024582180619525e+00,1.379878090187095729e+00,9.917762390637193670e-01,1.000000000000000000e+00,5.000000000000000000e-01,2.000000000000000111e-01,0.000000000000000000e+00,-1.044818226436662378e+01,-1.044818226436662378e+01,-6.952978334758302736e+00,-3.983741966782591071e+00
-7.934141001741936705e-01,2.459304380630426667e+00,3.179575971500446796e-01,1.000000000000000000e+00,5.000000000000000000e-01,2.000000000000000111e-01,0.000000000000000000e+00,3.292660744362743586e+00,3.292660744362743586e+00,-4.401792578907137710e+00,1.951246772212342773e+00
2.431803491668933503e-01,1.522063036082158760e+00,4.987839226090787781e-01,1.000000000000000000e+00,5.000000000000000000e-01,2.000000000000000111e-01,0.000000000000000000e+00,-5.277415503817167730e-01,-5.277415503817167730e-01,-2.193819952236378601e+00,-3.701358205684811553e-01
-2.618390194796810011e+00,2.872156601006972565e+00,4.366460091008809163e-01,1.000000000000000000e+00,5.000000000000000000e-01,2.000000000000000111e-01,0.000000000000000000e+00,1.700863122819979267e+01,1.700863122819979267e+01,-9.238222097678809419e+00,7.520426681997590457e+00
-1.967283736395448068e+00,1.838014338973856354e+00,3.830901780933853029e-01,1.000000000000000000e+00,5.000000000000000000e-01,2.000000000000000111e-01,0.000000000000000000e+00,6.813076212253171171e+00,6.813076212253171171e+00,-5.011271534828372509e+00,3.615895716324897702e+00
-1.912237911668141388e+00,2.578198062448789241e+00,5.011654526124752485e-01,1.000000000000000000e+00,5.000000000000000000e-01,2.000000000000000111e-01,0.000000000000000000e+00,9.666139658894929099e+00,9.666139658894929099e+00,-6.517544923099906740e+00,4.930128078803921454e+00
2.641456505446588388e+00,1.679839707383486758e+00,1.984333363610705225e-01,1.000000000000000000e+00,5.000000000000000000e-01,2.000000000000000111e-01,0.000000000000000000e+00,-1.005441155497455519e+01,-1.005441155497455519e+01,-6.597306203350781217e+00,-4.437223523175604534e+00
2.966069936009430918e+00,1.679010798826018336e+00,5.053359332166738049e-01,1.000000000000000000e+00,5.000000000000000000e-01,2.000000000000000111e-01,0.000000000000000000e+00,-1.236570218460941462e+01,-1.236570218460941462e+01,-7.688081150466586244e+00,-4.980063452633031851e+00
8.271141085041797680e-01,1.879892324691794236e+00,4.446728855407500181e-01,1.000000000000000000e+00,5.000000000000000000e-01,2.000000000000000111e-01,0.000000000000000000e+00,-2.401791421816699135e+00,-2.401791421816699135e+00,-3.177468225309557415e+00,-1.554885464221303470e+00
7.649110213097589650e-01,2.519460529004382110e+00,9.432768986508727194e-01,1.000000000000000000e+00,5.000000000000000000e-01,2.000000000000000111e-01,0.000000000000000000e+00,-3.282124921357825631e+00,-3.282124921357825631e+00,-4.524894000918203929e+00,-1.927163126390367465e+00
1.575605021977040998e+00,3.697371729937903861e-01,3.877495662644697694e-01,1.000000000000000000e+00,5.000000000000000000e-01,2.000000000000000111e-01,0.000000000000000000e+00,-2.465599739425515580e+00,-2.465599739425515580e+00,-2.557871499714283292e+00,-5.825597465806101605e-01
-3.536185008098975402e-01,2.145237080099324789e+00,9.099527782933398701e-01,1.000000000000000000e+00,5.000000000000000000e-01,2.000000000000000111e-01,0.000000000000000000e+00,1.176145839048111430e+00,1.176145839048111430e+00,-3.376048691385562073e+00,7.585955201465253150e-01
2.604419819992801699e+00,2.143674185596490478e+00,7.076581963526992203e-01,1.000000000000000000e+00,5.000000000000000000e-01,2.000000000000000111e-01,0.000000000000000000e+00,-1.212167310526783659e+01,-1.212167310526783659e+01,-7.367471066259192014e+00,-5.583027536574427074e+00
-1.598397930423754776e+00,2.996602592452599190e+00,9.202317980076912818e-01,1.000000000000000000e+00,5.000000000000000000e-01,2.000000000000000111e-01,0.000000000000000000e+00,9.591648298679880114e+00,9.591648298679880114e+00,-7.022739114936585203e+00,4.789763382078692899e+00
2.471408771363268642e+00,1.057711170406446133e+00,9.487551511609016996e-01,1.000000000000000000e+00,5.000000000000000000e-01,2.000000000000000111e-01,0.000000000000000000e+00,-6.872861066821532638e+00,-6.872861066821532638e+00,-5.224093249104068803e+00,-2.614036664111400121e+00
-2.881389783620883271e+00,2.064365703310558686e+00,8.718453277891203834e-01,1.000000000000000000e+00,5.000000000000000000e-01,2.000000000000000111e-01,0.000000000000000000e+00,1.380555761957314331e+01,1.380555761957314331e+01,-8.112247129595330009e+00,5.948242247176382946e+00
5.306544457400099724e-01,1.110120158585534478e+00,4.728828255062211827e-01,1.000000000000000000e+00,5.000000000000000000e-01,2.000000000000000111e-01,0.000000000000000000e+00,-8.875207339924400252e-01,-8.875207339924400252e-01,-1.785139867719168549e+00,-5.890901974590188050e-01
6.964030192894998805e-01,1.779893070920372633e+00,6.781921460816970892e-01,1.000000000000000000e+00,5.000000000000000000e-01,2.000000000000000111e-01,0.000000000000000000e+00,-1.867060049859724069e+00,-1.867060049859724069e+00,-2.874995971120496208e+00,-1.239522908601407458e+00
1.551484820139513054e+00,2.359289865455505009e-02,1.717639244338426963e-01,1.000000000000000000e+00,5.000000000000000000e-01,2.000000000000000111e-01,0.000000000000000000e+00,-2.298834036903594669e+00,-2.298834036903594669e+00,-2.444541400707464618e+00,-3.660402412563210084e-02
-1.911148232435670113e+00,2.463281234267175268e+00,9.521927402137441154e-01,1.000000000000000000e+00,5.000000000000000000e-01,2.000000000000000111e-01,0.000000000000000000e+00,9.105426349280184795e+00,9.105426349280184795e+00,-6.225369759351600862e+00,4.707695576861667952e+00
-9.472622935525096821e-01,5.698913520162414148e-01,8.508303543615980402e-01,1.000000000000000000e+00,5.000000000000000000e-01,2.000000000000000111e-01,0.000000000000000000e+00,1.271083195417916256e+00,1.271083195417916256e+00,-1.700771588223266573e+00,5.398365891866454547e-01
2.524967492986464279e+00,1.464673668064701673e+00,4.778947059575686662e-01,1.000000000000000000e+00,5.000000000000000000e-01,2.000000000000000111e-01,0.000000000000000000e+00,-8.452900954253660615e+00,-8.452900954253660615e+00,-5.897910981344064218e+00,-3.698253399696618704e+00
-1.816567159158857248e+00,4.874425946171576651e-01,8.080171490210530383e-01,1.000000000000000000e+00,5.000000000000000000e-01,2.000000000000000111e-01,0.000000000000000000e+00,3.231279490022551215e+00,3.231279490022551215e+00,-3.098749887764242317e+00,8.854722093567125585e-01
-1.223968365621917354e+00,2.833883869364780317e+00,6.328710530155376990e-01,1.000000000000000000e+00,5.000000000000000000e-01,2.000000000000000111e-01,0.000000000000000000e+00,6.505475833056892476e+00,6.505475833056892476e+00,-5.914308028548862950e+00,3.468584207948725240e+00
4.618345133423593651e-01,2.172657889456059532e+00,6.187182949155678457e-02,1.000000000000000000e+00,5.000000000000000000e-01,2.000000000000000111e-01,0.000000000000000000e+00,-1.571567140508743243e+00,-1.571567140508743243e+00,-3.488195822936333901e+00,-1.003408399036376908e+00
2.927963212818322170e+00,2.585331847844828168e+00,3.076706750814135471e-01,1.000000000000000000e+00,5.000000000000000000e-01,2.000000000000000111e-01,0.000000000000000000e+00,-1.773339687169359280e+01,-1.773339687169359280e+01,-9.485751527110812376e+00,-7.569756543417272887e+00
-1.016092705473570446e+00,2.273244327059069203e+00,5.644841311675086182e-02,1.000000000000000000e+00,5.000000000000000000e-01,2.000000000000000111e-01,0.000000000000000000e+00,3.851305085044866683e+00,3.851305085044866683e+00,-4.203286516923080640e+00,2.309826978483895843e+00
-1.966373682306402193e+00,2.693605598412025515e+00,6.421497533508109257e-01,1.000000000000000000e+00,5.000000000000000000e-01,2.000000000000000111e-01,0.000000000000000000e+00,1.062054284930433212e+01,1.062054284930433212e+01,-6.947730834978646186e+00,5.296635159230594248e+00
-2.259955896017917798e+00,1.965422904281138416e+00,8.538087083939224220e-01,1.000000000000000000e+00,5.000000000000000000e-01,2.000000000000000111e-01,0.000000000000000000e+00,8.933433282722827329e+00,8.933433282722827329e+00,-5.995883987504142532e+00,4.441769080698818151e+00
2.925228266719256176e+00,2.501662623489931958e-01,1.486768292393088053e-01,1.000000000000000000e+00,5.000000000000000000e-01,2.000000000000000111e-01,0.000000000000000000e+00,-8.022975774434099705e+00,-8.022975774434099705e+00,-6.165467826856839473e+00,-7.317934220027800807e-01
-1.470877141589830517e+00,2.125631498384553675e-01,1.163964234234053929e-01,1.000000000000000000e+00,5.000000000000000000e-01,2.000000000000000111e-01,0.000000000000000000e+00,2.140549058569283680e+00,2.140549058569283680e+00,-2.320679285725505192e+00,3.126542782417180977e-01
1.459543858958721074e+00,2.249632672571553194e+00,6.396862798542812811e-02,1.000000000000000000e+00,5.000000000000000000e-01,2.000000000000000111e-01,0.000000000000000000e+00,-5.774652052907261357e+00,-5.774652052907261357e+00,-4.808584546485183964e+00,-3.283437552164705675e+00
-2.570242422092186452e+00,8.649563852512051065e-01,5.140688248809119898e-01,1.000000000000000000e+00,5.000000000000000000e-01,2.000000000000000111e-01,0.000000000000000000e+00,6.927584670588499804e+00,6.927584670588499804e+00,-5.337762439186802155e+00,2.223147594632159940e+00
-4.294181546194097976e-01,2.145202004547313024e+00,9.739076810854288002e-01,1.000000000000000000e+00,5.000000000000000000e-01,2.000000000000000111e-01,0.000000000000000000e+00,1.433322999968877687e+00,1.433322999968877687e+00,-3.411585791066948481e+00,9.211886860785658548e-01
5.048764570758290660e-01,1.305277644228363343e+00,9.472416378738565124e-01,1.000000000000000000e+00,5.000000000000000000e-01,2.000000000000000111e-01,0.000000000000000000e+00,-9.607066461196884788e-01,-9.607066461196884788e-01,-2.004815006406837963e+00,-6.590039525183005731e-01
1.409453947177406796e+00,2.558632478000969268e+00,6.615557021161532214e-01,1.000000000000000000e+00,5.000000000000000000e-01,2.000000000000000111e-01,0.000000000000000000e+00,-6.583012751107004235e+00,-6.583012751107004235e+00,-5.465236336269073902e+00,-3.606274645494775388e+00
8.055278810874710871e-01,1.017070337473243713e+00,3.313150978394540092e-01,1.000000000000000000e+00,5.000000000000000000e-01,2.000000000000000111e-01,0.000000000000000000e+00,-1.326697226082912850e+00,-1.326697226082912850e+00,-1.906541136009531678e+00,-8.192785138617411089e-01
-4.655119803275353796e-01,2.736465808111158138e-01,8.771196264609755211e-01,1.000000000000000000e+00,5.000000000000000000e-01,2.000000000000000111e-01,0.000000000000000000e+00,5.031167393272532040e-01,5.031167393272532040e-01,-1.167462067891885447e+00,1.273857617432414546e-01
-2.006948511655580525e+00,2.512554469415463565e+00,2.064863195387600658e-02,1.000000000000000000e+00,5.000000000000000000e-01,2.000000000000000111e-01,0.000000000000000000e+00,9.958545640393163367e+00,9.958545640393163367e+00,-6.573170377951741195e+00,5.042567452846941300e+00
-5.127534607159907054e-01,9.034467322445418613e-01,4.906104394005162961e-01,1.000000000000000000e+00,5.000000000000000000e-01,2.000000000000000111e-01,0.000000000000000000e+00,7.489744787574603713e-01,7.489744787574603713e-01,-1.565857665887405492e+00,4.632454385309418554e-01
-2.150087798525985860e-01,1.190050108564351117e+00,5.825954364681924513e-01,1.000000000000000000e+00,5.000000000000000000e-01,2.000000000000000111e-01,0.000000000000000000e+00,3.692464860160411533e-01,3.692464860160411533e-01,-1.735846895695233760e+00,2.558712218058736276e-01
-1.103341323792968565e+00,2.328092642090412667e+00,9.910205125073224819e-01,1.000000000000000000e+00,5.000000000000000000e-01,2.000000000000000111e-01,0.000000000000000000e+00,4.362037956570363306e+00,4.362037956570363306e+00,-4.440424921151291393e+00,2.568680817636705527e+00
-2.133279473925965952e+00,7.528724831139665952e-01,3.443063965569402862e-01,1.000000000000000000e+00,5.000000000000000000e-01,2.000000000000000111e-01,0.000000000000000000e+00,4.679529322963695392e+00,4.679529322963695392e+00,-4.013937276239403218e+00,1.606087414710698269e+00
2.308136504550073020e+00,2.817616123867551003e+00,9.829511716966825574e-01,1.000000000000000000e+00,5.000000000000000000e-01,2.000000000000000111e-01,0.000000000000000000e+00,-1.392955564676833191e+01,-1.392955564676833191e+01,-8.165976784921179288e+00,-6.503442631307574828e+00
-1.838533085049278260e+00,8.602380279038557287e-02,3.868716751884355709e-01,1.000000000000000000e+00,5.000000000000000000e-01,2.000000000000000111e-01,0.000000000000000000e+00,3.088259087114505697e+00,3.088259087114505697e+00,-3.031822390215749508e+00,1.581576075318782970e-01
-7.337756835518662868e-01,2.283046480539129064e+00,9.539750971284586267e-01,1.000000000000000000e+00,5.000000000000000000e-01,2.000000000000000111e-01,0.000000000000000000e+00,2.725122525215555314e+00,2.725122525215555314e+00,-3.929206668414257031e+00,1.675243991838281987e+00
-2.293085903143126103e-01,2.559656777590188170e+00,5.871764611377959797e-01,1.000000000000000000e+00,5.000000000000000000e-01,2.000000000000000111e-01,0.000000000000000000e+00,9.829170312755066696e-01,9.829170312755066696e-01,-4.307470867286855132e+00,5.869512873576820944e-01
-2.006686822147584870e+00,1.868468146715130951e+00,3.236484813859720200e-01,1.000000000000000000e+00,5.000000000000000000e-01,2.000000000000000111e-01,0.000000000000000000e+00,7.125634553886276201e+00,7.125634553886276201e+00,-5.161661808953002861e+00,3.749430407615773397e+00
1.691262162194364649e+00,5.838812652658339486e-01,5.461134745970167570e-01,1.000000000000000000e+00,5.000000000000000000e-01,2.000000000000000111e-01,0.000000000000000000e+00,-2.947078786782056703e+00,-2.947078786782056703e+00,-2.886679286726430149e+00,-9.874962911582757519e-01
-2.036182892080561579e+00,3.144964461822575830e-01,6.148842331464088318e-01,1.000000000000000000e+00,5.000000000000000000e-01,2.000000000000000111e-01,0.000000000000000000e+00,3.825299752901166084e+00,3.825299752901166084e+00,-3.537078469331571107e+00,6.403722833364479117e-01
1.992252978643907824e+00,2.313258094911775142e+00,3.983124711487793235e-01,1.000000000000000000e+00,5.000000000000000000e-01,2.000000000000000111e-01,0.000000000000000000e+00,-8.904167280609003754e+00,-8.904167280609003754e+00,-6.057024665386741447e+00,-4.608595329960115450e+00
-2.842509988524071218e+00,2.190111504888492266e+00,1.339417564821858697e-01,1.000000000000000000e+00,5.000000000000000000e-01,2.000000000000000111e-01,0.000000000000000000e+00,1.425310348940674210e+01,1.425310348940674210e+01,-8.246212022837937639e+00,6.225413828627024415e+00
-2.857624159254696039e+00,2.341674936447918576e+00,2.449431999129225712e-02,1.000000000000000000e+00,5.000000000000000000e-01,2.000000000000000111e-01,0.000000000000000000e+00,1.535951245110678265e+01,1.535951245110678265e+01,-8.641330255327847709e+00,6.691626871514777086e+00
1.026570075254409353e-01,2.932016653327838451e+00,5.284110220526228030e-01,1.000000000000000000e+00,5.000000000000000000e-01,2.000000000000000111e-01,0.000000000000000000e+00,-5.441302367392998329e-01,-5.441302367392998329e-01,-5.304683904412336837e+00,-3.009920556453940521e-01
2.117805139435393613e-01,1.814556690571580866e+00,9.517025489434777219e-01,1.000000000000000000e+00,5.000000000000000000e-01,2.000000000000000111e-01,0.000000000000000000e+00,-5.623361795011715403e-01,-5.623361795011715403e-01,-2.673218583300757789e+00,-3.842877485089373213e-01
-2.479282876575936712e-01,2.842122799833722624e+00,1.148706684667174516e-01,1.000000000000000000e+00,5.000000000000000000e-01,2.000000000000000111e-01,0.000000000000000000e+00,1.252316695590775408e+00,1.252316695590775408e+00,-5.075712066159835167e+00,7.046426390753807167e-01
2.503796194215467175e+00,2.955436454274047886e+00,2.725454626142627124e-01,1.000000000000000000e+00,5.000000000000000000e-01,2.000000000000000111e-01,0.000000000000000000e+00,-1.657788847196102466e+01,-1.657788847196102466e+01,-9.128699546926693387e+00,-7.399810546457016081e+00
1.501907199552022121e+00,1.765541361797846598e+00,5.544679309204353368e-01,1.000000000000000000e+00,5.000000000000000000e-01,2.000000000000000111e-01,0.000000000000000000e+00,-4.520309919645754348e+00,-4.520309919645754348e+00,-3.912003291749216238e+00,-2.651679282391067094e+00
1.947279144930323724e+00,2.319470878344525033e+00,1.969174264517962181e-01,1.000000000000000000e+00,5.000000000000000000e-01,2.000000000000000111e-01,0.000000000000000000e+00,-8.662182672707203324e+00,-8.662182672707203324e+00,-5.965110218712505130e+00,-4.516657268673514025e+00
1.673805989319422594e+00,4.920284684436628808e-01,4.470440758443970930e-01,1.000000000000000000e+00,5.000000000000000000e-01,2.000000000000000111e-01,0.000000000000000000e+00,-2.814289360337488333e+00,-2.814289360337488333e+00,-2.802021900808451260e+00,-8.235601973966654166e-01
1.922677067361589387e+00,2.996081023785662101e+00,8.707868399111911017e-01,1.000000000000000000e+00,5.000000000000000000e-01,2.000000000000000111e-01,0.000000000000000000e+00,-1.197364096253818566e+01,-1.197364096253818566e+01,-7.706263013759167890e+00,-5.760496276389925008e+00
1.842166662339042915e+00,1.488884747161289379e+00,4.357560238295791200e-01,1.000000000000000000e+00,5.000000000000000000e-01,2.000000000000000111e-01,0.000000000000000000e+00,-5.134310989807631564e+00,-5.134310989807631564e+00,-4.144535702264789734e+00,-2.742773845285622070e+00
2.335819699293532281e+00,1.504978060195104383e+00,8.198762010231608333e-01,1.000000000000000000e+00,5.000000000000000000e-01,2.000000000000000111e-01,0.000000000000000000e+00,-7.529959107112196293e+00,-7.529959107112196293e+00,-5.406111681398946267e+00,-3.515357400008292110e+00
1.542615072140133492e+00,2.056594974600869374e+00,9.319050604871534915e-01,1.000000000000000000e+00,5.000000000000000000e-01,2.000000000000000111e-01,0.000000000000000000e+00,-5.539104494783530619e+00,-5.539104494783530619e+00,-4.542588201253121127e+00,-3.172534405106956168e+00
-1.907000820332111379e+00,2.567795144057376078e+00,9.015149450356958472e-01,1.000000000000000000e+00,5.000000000000000000e-01,2.000000000000000111e-01,0.000000000000000000e+00,9.580994051757098617e+00,9.580994051757098617e+00,-6.478777228170727653e+00,4.896787446162228719e+00
8.359466328668840873e-02,8.310475765130219683e-01,3.821147784915140955e-01,1.000000000000000000e+00,5.000000000000000000e-01,2.000000000000000111e-01,0.000000000000000000e+00,-1.125784085575294580e-01,-1.125784085575294580e-01,-1.349512877852092396e+00,-6.947114233382449544e-02
1.217301430492090830e+00,2.257001409564769911e+00,7.221299599730428564e-01,1.000000000000000000e+00,5.000000000000000000e-01,2.000000000000000111e-01,0.000000000000000000e+00,-4.678566866732841945e+00,-4.678566866732841945e+00,-4.436121344995533455e+00,-2.747451044485859750e+00
5.384078623814581022e-02,2.496580152870598646e+00,3.683727494336449526e-01,1.000000000000000000e+00,5.000000000000000000e-01,2.000000000000000111e-01,0.000000000000000000e+00,-2.216644549903395989e-01,-2.216644549903395989e-01,-4.118195528011336037e+00,-1.344178383371033014e-01
4.681037161213996711e-02,1.188385865127121521e+00,7.772048905621489201e-01,1.000000000000000000e+00,5.000000000000000000e-01,2.000000000000000111e-01,0.000000000000000000e+00,-7.988511617058852154e-02,-7.988511617058852154e-02,-1.707445208751248389e+00,-5.562878396521500624e-02
-1.074927209176402831e+00,1.318107110734175524e+00,6.463544755505749029e-01,1.000000000000000000e+00,5.000000000000000000e-01,2.000000000000000111e-01,0.000000000000000000e+00,2.257128798647082046e+00,2.257128798647082046e+00,-2.561984280700660310e+00,1.416869197937059122e+00
-1.971756494684040906e+00,2.646581482603410418e+00,6.794568581277227182e-01,1.000000000000000000e+00,5.000000000000000000e-01,2.000000000000000111e-01,0.000000000000000000e+00,1.041040404160374955e+01,1.041040404160374955e+01,-6.834890976626850190e+00,5.218414227033792763e+00
2.413856098539003625e+00,1.003197080700608534e+00,2.635643919229441190e-01,1.000000000000000000e+00,5.000000000000000000e-01,2.000000000000000111e-01,0.000000000000000000e+00,-6.441477453272454134e+00,-6.441477453272454134e+00,-4.999222950035475677e+00,-2.421573391285688714e+00
-8.105899993332812414e-01,2.417808084337788266e+00,3.184502747848951820e-01,1.000000000000000000e+00,5.000000000000000000e-01,2.000000000000000111e-01,0.000000000000000000e+00,3.286382488278618563e+00,3.286382488278618563e+00,-4.317131654556059850e+00,1.959851053471369786e+00
-2.848565293460560532e+00,2.670389557134083436e+00,9.187764800779549823e-01,1.000000000000000000e+00,5.000000000000000000e-01,2.000000000000000111e-01,0.000000000000000000e+00,1.762793338955017575e+01,1.762793338955017575e+01,-9.434084732090212810e+00,7.606779012471666768e+00
-8.499449784066799296e-01,1.092140096107748537e+00,7.999985509341910328e-01,1.000000000000000000e+00,5.000000000000000000e-01,2.000000000000000111e-01,0.000000000000000000e+00,1.479640559585913007e+00,1.479640559585913007e+00,-2.029828874554360230e+00,9.282589904033696770e-01
2.994315952436148898e+00,9.478039148046992768e-01,3.386221992164757388e-01,1.000000000000000000e+00,5.000000000000000000e-01,2.000000000000000111e-01,0.000000000000000000e+00,-9.708625523706002625e+00,-9.708625523706002625e+00,-6.828722944267718198e+00,-2.838024381881143476e+00
-2.886361479273262809e+00,5.617752455374426246e-01,7.123138379247534457e-01,1.000000000000000000e+00,5.000000000000000000e-01,2.000000000000000111e-01,0.000000000000000000e+00,8.151120120716106143e+00,8.151120120716106143e+00,-6.156445266668851168e+00,1.621486428728553308e+00
2.930106208917391264e+00,6.049725150549467578e-01,8.429113411587607629e-02,1.000000000000000000e+00,5.000000000000000000e-01,2.000000000000000111e-01,0.000000000000000000e+00,-8.497602045221702483e+00,-8.497602045221702483e+00,-6.334309309307702307e+00,-1.772633722586869354e+00
-1.862927215625308719e+00,2.584015147753741637e+00,3.040649364326358794e-01,1.000000000000000000e+00,5.000000000000000000e-01,2.000000000000000111e-01,0.000000000000000000e+00,9.375491770153310256e+00,9.375491770153310256e+00,-6.420865828340875936e+00,4.813832144338499042e+00
-2.794313162110095838e+00,8.378571944964275930e-01,4.152333526703082534e-01,1.000000000000000000e+00,5.000000000000000000e-01,2.000000000000000111e-01,0.000000000000000000e+00,8.138827027618962262e+00,8.138827027618962262e+00,-6.035913967949745995e+00,2.341235386550005959e+00
2.962888037422214182e+00,8.091451849286974696e-01,5.613468293818525412e-01,1.000000000000000000e+00,5.000000000000000000e-01,2.000000000000000111e-01,0.000000000000000000e+00,-9.134877351524893996e+00,-9.134877351524893996e+00,-6.594581278526444379e+00,-2.397406588963022944e+00
-1.438659231228633928e+00,1.953140090289439357e+00,6.841481275519305516e-01,1.000000000000000000e+00,5.000000000000000000e-01,2.000000000000000111e-01,0.000000000000000000e+00,4.778256572904110655e+00,4.778256572904110655e+00,-4.149222336307538228e+00,2.809903020777629656e+00
2.839072762079948298e+00,8.502624702699499437e-01,7.526176179341714789e-02,1.000000000000000000e+00,5.000000000000000000e-01,2.000000000000000111e-01,0.000000000000000000e+00,-8.442096318327362070e+00,-8.442096318327362070e+00,-6.197673623205338878e+00,-2.413957019962226891e+00
-1.447992225596127724e+00,8.477440109359598575e-01,4.351289028096131384e-01,1.000000000000000000e+00,5.000000000000000000e-01,2.000000000000000111e-01,0.000000000000000000e+00,2.575502143507682362e+00,2.575502143507682362e+00,-2.617343845270990954e+00,1.227526737130948620e+00
-8.767037306347051917e-01,2.793561421361405728e+00,2.081904204016183924e-01,1.000000000000000000e+00,5.000000000000000000e-01,2.000000000000000111e-01,0.000000000000000000e+00,4.432363845339645891e+00,4.432363845339645891e+00,-5.363158366244664244e+00,2.449125719864734041e+00
2.889473605746670337e+00,2.969425494604611693e+00,9.736926283733067233e-01,1.000000000000000000e+00,5.000000000000000000e-01,2.000000000000000111e-01,0.000000000000000000e+00,-2.045329907505358591e+01,-2.045329907505358591e+01,-1.041817851498792002e+01,-8.580076590891277277e+00
-1.453190090717813021e+00,2.289544482539914494e+00,4.839608390980976171e-02,1.000000000000000000e+00,5.000000000000000000e-01,2.000000000000000111e-01,0.000000000000000000e+00,5.875769605072663104e+00,5.875769605072663104e+00,-4.888063832620749949e+00,3.327143354284646470e+00
1.920400760135421159e+00,2.354695603312342289e+00,3.189871975903780799e-01,1.000000000000000000e+00,5.000000000000000000e-01,2.000000000000000111e-01,0.000000000000000000e+00,-8.660783716952570543e+00,-8.660783716952570543e+00,-5.985059139846459431e+00,-4.521959226488556638e+00
2.027258182813945098e+00,1.120789097610342289e+00,2.581813478498277137e-01,1.000000000000000000e+00,5.000000000000000000e-01,2.000000000000000111e-01,0.000000000000000000e+00,-4.966862114976824394e+00,-4.966862114976824394e+00,-4.093949544532762275e+00,-2.272128869339223645e+00
-6.130660690278606495e-01,1.048686987954443595e+00,1.286438650409166273e-01,1.000000000000000000e+00,5.000000000000000000e-01,2.000000000000000111e-01,0.000000000000000000e+00,9.962582337736564098e-01,9.962582337736564098e-01,-1.775382202348446015e+00,6.429144093458981635e-01
-2.273849588416898548e+00,2.455158378362138016e+00,2.723269698542281070e-01,1.000000000000000000e+00,5.000000000000000000e-01,2.000000000000000111e-01,0.000000000000000000e+00,1.147834661222798047e+01,1.147834661222798047e+01,-7.116136501867122099e+00,5.582660868137047316e+00
1.844722080135289488e+00,1.578815627880667094e+00,1.961225256661243144e-01,1.000000000000000000e+00,5.000000000000000000e-01,2.000000000000000111e-01,0.000000000000000000e+00,-5.399371114098290292e+00,-5.399371114098290292e+00,-4.288129125183314017e+00,-2.912476049214127283e+00
-2.057166140994190151e+00,6.290550350283642400e-01,6.036702261352436816e-01,1.000000000000000000e+00,5.000000000000000000e-01,2.000000000000000111e-01,0.000000000000000000e+00,4.205344654709667118e+00,4.205344654709667118e+00,-3.737014637539025408e+00,1.294070718882265103e+00
-7.870972959875399688e-01,9.767923354234642197e-01,5.570610499238716207e-01,1.000000000000000000e+00,5.000000000000000000e-01,2.000000000000000111e-01,0.000000000000000000e+00,1.260116059895927343e+00,1.260116059895927343e+00,-1.848774925281551074e+00,7.688306059531628822e-01
-1.790893031406385116e+00,2.182495323746646676e+00,6.700838784748800459e-01,1.000000000000000000e+00,5.000000000000000000e-01,2.000000000000000111e-01,0.000000000000000000e+00,7.204946212319855547e+00,7.204946212319855547e+00,-5.306021629051961064e+00,3.908615666374891884e+00
2.394156790967000958e+00,1.162205081508198790e+00,9.960438467256329531e-01,1.000000000000000000e+00,5.000000000000000000e-01,2.000000000000000111e-01,0.000000000000000000e+00,-6.755730296924380873e+00,-6.755730296924380873e+00,-5.114552369581784497e+00,-2.782501188389210789e+00
-1.320163029172954694e+00,2.429643955231084895e+00,3.809908771618520928e-01,1.000000000000000000e+00,5.000000000000000000e-01,2.000000000000000111e-01,0.000000000000000000e+00,5.676900316349613895e+00,5.676900316349613895e+00,-4.997283128752542325e+00,3.207526123749627978e+00
2.940030746625597047e-01,6.686258633123517425e-01,8.452147972707877432e-01,1.000000000000000000e+00,5.000000000000000000e-01,2.000000000000000111e-01,0.000000000000000000e+00,-3.648042583295646457e-01,-3.648042583295646457e-01,-1.275392957291717089e+00,-1.965780596127398028e-01
1.034936189716729515e+00,5.698550307164595985e-03,6.883473342736498024e-01,1.000000000000000000e+00,5.000000000000000000e-01,2.000000000000000111e-01,0.000000000000000000e+00,-1.256655558130371553e+00,-1.256655558130371553e+00,-1.642671986809031148e+00,-5.897635941806025558e-03
-1.420633270248221169e+00,4.295140465338134206e-01,7.794199492402286156e-01,1.000000000000000000e+00,5.000000000000000000e-01,2.000000000000000111e-01,0.000000000000000000e+00,2.125098225716380629e+00,2.125098225716380629e+00,-2.303160491206618588e+00,6.101819445448779522e-01
4.147872317099050576e-01,3.212462060041557654e-01,6.844465111264098622e-01,1.000000000000000000e+00,5.000000000000000000e-01,2.000000000000000111e-01,0.000000000000000000e+00,-4.504627712293218234e-01,-4.504627712293218234e-01,-1.154828630989771954e+00,-1.332488244857736592e-01
1.308281857470445786e+00,5.651982114582413397e-01,4.985539931415472470e-02,1.000000000000000000e+00,5.000000000000000000e-01,2.000000000000000111e-01,0.000000000000000000e+00,-1.965097951574064972e+00,-1.965097951574064972e+00,-2.186685360269589484e+00,-7.394385659255617860e-01
2.904984999891290443e+00,2.932844496793540756e+00,9.366593963555396307e-01,1.000000000000000000e+00,5.000000000000000000e-01,2.000000000000000111e-01,0.000000000000000000e+00,-2.030170842475973458e+01,-2.030170842475973458e+01,-1.036415113094211904e+01,-8.519869270198956457e+00
-4.131430327389411516e-01,1.956736665483472581e+00,6.087663575043813502e-01,1.000000000000000000e+00,5.000000000000000000e-01,2.000000000000000111e-01,0.000000000000000000e+00,1.218171493636402092e+00,1.218171493636402092e+00,-3.016821488324127554e+00,8.084121202493248504e-01
-9.373256396077751518e-01,1.301003902745873075e+00,9.703734468849409822e-01,1.000000000000000000e+00,5.000000000000000000e-01,2.000000000000000111e-01,0.000000000000000000e+00,1.895292547434562991e+00,1.895292547434562991e+00,-2.373453190279671610e+00,1.219464315273487198e+00
-9.046559967467131536e-01,4.276203519562158384e-01,9.321740351296051719e-01,1.000000000000000000e+00,5.000000000000000000e-01,2.000000000000000111e-01,0.000000000000000000e+00,1.135442857910363035e+00,1.135442857910363035e+00,-1.582471066173452456e+00,3.868493157281307493e-01
3.534837044094469860e-01,2.429686608867133835e+00,4.852321541351822809e-02,1.000000000000000000e+00,5.000000000000000000e-01,2.000000000000000111e-01,0.000000000000000000e+00,-1.405691102042432306e+00,-1.405691102042432306e+00,-4.026658946223951929e+00,-8.588546230563816053e-01
-1.105594375750214242e+00,1.916532246326769551e+00,2.682325691502818188e-01,1.000000000000000000e+00,5.000000000000000000e-01,2.000000000000000111e-01,0.000000000000000000e+00,3.406353640953568185e+00,3.406353640953568185e+00,-3.569951279819470358e+00,2.118907272482800419e+00
-5.472616808359838103e-01,7.874153212236200128e-01,4.705267593780458890e-01,1.000000000000000000e+00,5.000000000000000000e-01,2.000000000000000111e-01,0.000000000000000000e+00,7.496995302189887189e-01,7.496995302189887189e-01,-1.489708652435704161e+00,4.309222322088444024e-01
8.383924556987358834e-01,1.437965812802500576e+00,8.476624814845684641e-01,1.000000000000000000e+00,5.000000000000000000e-01,2.000000000000000111e-01,0.000000000000000000e+00,-1.823045176048722515e+00,-1.823045176048722515e+00,-2.455613985257912191e+00,-1.205579689006317290e+00
1.421111444850609473e+00,2.543050387178909411e+00,1.499553610578954199e-01,1.000000000000000000e+00,5.000000000000000000e-01,2.000000000000000111e-01,0.000000000000000000e+00,-6.590353426402270287e+00,-6.590353426402270287e+00,-5.445287279076633347e+00,-3.613958010051721903e+00
1.339055244886683482e+00,2.883896458372984029e+00,5.988150071715296896e-01,1.000000000000000000e+00,5.000000000000000000e-01,2.000000000000000111e-01,0.000000000000000000e+00,-7.387625607891256330e+00,-7.387625607891256330e+00,-6.234270760623241259e+00,-3.861696678294475493e+00
9.418574440135776271e-01,2.853245453161091127e+00,2.189598655681109785e-01,1.000000000000000000e+00,5.000000000000000000e-01,2.000000000000000111e-01,0.000000000000000000e+00,-4.942796187969441313e+00,-4.942796187969441313e+00,-5.602762074898493871e+00,-2.687350469657667329e+00
-2.154762322065391089e+00,1.756346640402475234e+00,3.977748258841855566e-01,1.000000000000000000e+00,5.000000000000000000e-01,2.000000000000000111e-01,0.000000000000000000e+00,7.479130230970466364e+00,7.479130230970466364e+00,-5.328177159382113004e+00,3.784509565225385952e+00
1.046758833827401425e+00,1.589665241403882767e+00,3.067612652254426697e-01,1.000000000000000000e+00,5.000000000000000000e-01,2.000000000000000111e-01,0.000000000000000000e+00,-2.598744822082115213e+00,-2.598744822082115213e+00,-2.920940223581253381e+00,-1.663996134267882843e+00
-1.705729675495011310e+00,1.258359678569058282e+00,1.243393657538534036e-01,1.000000000000000000e+00,5.000000000000000000e-01,2.000000000000000111e-01,0.000000000000000000e+00,4.048783556733785538e+00,4.048783556733785538e+00,-3.537442775842801979e+00,2.146421446181606463e+00
2.088489455945685691e+00,2.367589597847996608e-02,8.847233160099522431e-01,1.000000000000000000e+00,5.000000000000000000e-01,2.000000000000000111e-01,0.000000000000000000e+00,-3.910984541418697891e+00,-3.910984541418697891e+00,-3.617353198582975882e+00,-4.944685911112227383e-02
2.384903160635681196e+00,8.850297470057127969e-01,6.667620508016668390e-01,1.000000000000000000e+00,5.000000000000000000e-01,2.000000000000000111e-01,0.000000000000000000e+00,-6.031876667848212747e+00,-6.031876667848212747e+00,-4.804296677908535429e+00,-2.110710240890521838e+00
-1.343672328169338348e+00,2.476893964689983019e+00,9.233325012427425760e-01,1.000000000000000000e+00,5.000000000000000000e-01,2.000000000000000111e-01,0.000000000000000000e+00,5.950577761018882583e+00,5.950577761018882583e+00,-5.150775051451637054e+00,3.328133880163572478e+00
2.724263251945070685e+00,1.080344614310088769e+00,1.774467010404496836e-01,1.000000000000000000e+00,5.000000000000000000e-01,2.000000000000000111e-01,0.000000000000000000e+00,-8.357751691483032985e+00,-8.357751691483032985e+00,-6.036538402373406775e+00,-2.943143132201745615e+00
7.946510594089923885e-01,1.971274801182867353e+00,6.476630618412153595e-01,1.000000000000000000e+00,5.000000000000000000e-01,2.000000000000000111e-01,0.000000000000000000e+00,-2.438987716462334365e+00,-2.438987716462334365e+00,-3.321844354621176887e+00,-1.566475609146216419e+00
1.395591033126301284e+00,2.943605255971460721e+00,5.588129972668245404e-01,1.000000000000000000e+00,5.000000000000000000e-01,2.000000000000000111e-01,0.000000000000000000e+00,-7.985489297456755509e+00,-7.985489297456755509e+00,-6.501010550536927113e+00,-4.108069100297221610e+00
1.362015473000063537e+00,2.378817707344167864e+00,8.887749533523472412e-01,1.000000000000000000e+00,5.000000000000000000e-01,2.000000000000000111e-01,0.000000000000000000e+00,-5.721015339087268003e+00,-5.721015339087268003e+00,-4.942438531602033613e+00,-3.239986524849293392e+00
9.979890341341741689e-01,9.509811805034613652e-01,1.887571072110109105e-01,1.000000000000000000e+00,5.000000000000000000e-01,2.000000000000000111e-01,0.000000000000000000e+00,-1.648058158434899223e+00,-1.648058158434899223e+00,-2.049771870187115486e+00,-9.490687898104261944e-01
-2.176254678888755123e+00,7.112273904634323074e-01,2.292900635696414335e-01,1.000000000000000000e+00,5.000000000000000000e-01,2.000000000000000111e-01,0.000000000000000000e+00,4.788062980004175628e+00,4.788062980004175628e+00,-4.094572856903830882e+00,1.547811936249884113e+00
5.325329642463572100e-01,2.776440925634562795e+00,4.024085379760338199e-01,1.000000000000000000e+00,5.000000000000000000e-01,2.000000000000000111e-01,0.000000000000000000e+00,-2.615285564897848136e+00,-2.615285564897848136e+00,-5.024466921574661349e+00,-1.478546316183073639e+00
2.855940001577461196e+00,6.339844296184540262e-01,9.919274278001373180e-01,1.000000000000000000e+00,5.000000000000000000e-01,2.000000000000000111e-01,0.000000000000000000e+00,-8.088726893393577200e+00,-8.088726893393577200e+00,-6.094804104065480566e+00,-1.810621492924613385e+00
1.950297531581195898e+00,2.142215992569432625e+00,2.095881013961723438e-01,1.000000000000000000e+00,5.000000000000000000e-01,2.000000000000000111e-01,0.000000000000000000e+00,-7.908996277819583476e+00,-7.908996277819583476e+00,-5.576740956425144446e+00,-4.177958562421926203e+00
-2.931088034613322790e-01,1.914501437370611292e+00,5.048900456595905029e-01,1.000000000000000000e+00,5.000000000000000000e-01,2.000000000000000111e-01,0.000000000000000000e+00,8.353133187803851722e-01,8.353133187803851722e-01,-2.884205539246988526e+00,5.611572255327006431e-01
2.892224426909120183e+00,1.689658166793956973e+00,2.793852060509925961e-01,1.000000000000000000e+00,5.000000000000000000e-01,2.000000000000000111e-01,0.000000000000000000e+00,-1.185946441988204469e+01,-1.185946441988204469e+01,-7.446449641672631792e+00,-4.886870623127967050e+00
2.403323224942653269e+00,9.334885307749037908e-01,4.200590269280124467e-02,1.000000000000000000e+00,5.000000000000000000e-01,2.000000000000000111e-01,0.000000000000000000e+00,-6.226753135795649818e+00,-6.226753135795649818e+00,-4.901277932673397508e+00,-2.243474666228920888e+00
-3.368775698828141429e-01,2.922614652923265055e+00,8.372928685430073292e-01,1.000000000000000000e+00,5.000000000000000000e-01,2.000000000000000111e-01,0.000000000000000000e+00,1.783273376729453963e+00,1.783273376729453963e+00,-5.338930102994979165e+00,9.845633219806938508e-01
2.096494303655411784e+00,2.310674942606601334e+00,4.371608812827434409e-01,1.000000000000000000e+00,5.000000000000000000e-01,2.000000000000000111e-01,0.000000000000000000e+00,-9.536254492979931996e+00,-9.536254492979931996e+00,-6.306782364350764780e+00,-4.844316854774035619e+00
-1.405640019840240784e+00,1.236153691486274298e+00,3.650340597464319936e-01,1.000000000000000000e+00,5.000000000000000000e-01,2.000000000000000111e-01,0.000000000000000000e+00,3.035061792923369861e+00,3.035061792923369861e+00,-2.949532293713455378e+00,1.737587099426353587e+00
-2.124237387241823427e+00,4.949276679673270118e-01,8.873277499430874959e-01,1.000000000000000000e+00,5.000000000000000000e-01,2.000000000000000111e-01,0.000000000000000000e+00,4.301482131233042239e+00,4.301482131233042239e+00,-3.829907384673370441e+00,1.051343856276603539e+00
4.549002968032844763e-03,1.224763103001093478e+00,6.462384503621503296e-01,1.000000000000000000e+00,5.000000000000000000e-01,2.000000000000000111e-01,0.000000000000000000e+00,-7.960875596713370625e-03,-7.960875596713370625e-03,-1.750034745293235439e+00,-5.571450990689091019e-03
1.861826746181517223e+00,1.345286735494103381e-01,9.505810355888337781e-01,1.000000000000000000e+00,5.000000000000000000e-01,2.000000000000000111e-01,0.000000000000000000e+00,-3.169441194868030998e+00,-3.169441194868030998e+00,-3.088888281681595238e+00,-2.504690825426141854e-01
1.190577861145411198e+00,5.573016163860659011e-01,1.657074559312877726e-01,1.000000000000000000e+00,5.000000000000000000e-01,2.000000000000000111e-01,0.000000000000000000e+00,-1.712988752152373007e+00,-1.712988752152373007e+00,-2.005777931883010012e+00,-6.635109664498027859e-01
-1.141708093271088131e+00,7.134020403512503217e-01,7.733490132673441764e-01,1.000000000000000000e+00,5.000000000000000000e-01,2.000000000000000111e-01,0.000000000000000000e+00,1.729882661879637240e+00,1.729882661879637240e+00,-2.036569657733085847e+00,8.144968832251299196e-01
-4.169820838972881916e-02,4.688599236263453207e-01,1.379694673387791282e-01,1.000000000000000000e+00,5.000000000000000000e-01,2.000000000000000111e-01,0.000000000000000000e+00,4.629595968209502393e-02,4.629595968209502393e-02,-1.110958058341199095e+00,1.955061880096368651e-02
1.619689955804801684e+00,1.608702085273491900e+00,7.674936085649385342e-01,1.000000000000000000e+00,5.000000000000000000e-01,2.000000000000000111e-01,0.000000000000000000e+00,-4.565323399406664429e+00,-4.565323399406664429e+00,-3.867998531342617063e+00,-2.605598609399714327e+00
1.378143902503804696e+00,4.350635730357300668e-01,4.493623930624062179e-01,1.000000000000000000e+00,5.000000000000000000e-01,2.000000000000000111e-01,0.000000000000000000e+00,-2.032068056847811555e+00,-2.032068056847811555e+00,-2.234208525896358211e+00,-5.995802103807100769e-01
2.699562655649553555e+00,2.704724712476475057e-01,8.942170520080650054e-01,1.000000000000000000e+00,5.000000000000000000e-01,2.000000000000000111e-01,0.000000000000000000e+00,-6.732993757159095871e+00,-6.732993757159095871e+00,-5.409160797918007191e+00,-7.301573827613968559e-01
-2.105505534277750890e+00,2.085452326004405554e-01,3.607865997435665273e-01,1.000000000000000000e+00,5.000000000000000000e-01,2.000000000000000111e-01,0.000000000000000000e+00,4.018096793747862883e+00,4.018096793747862883e+00,-3.681637689944728287e+00,4.390931413874684108e-01
1.428219901990946283e+00,2.653308908263332544e+00,8.096187038609768960e-01,1.000000000000000000e+00,5.000000000000000000e-01,2.000000000000000111e-01,0.000000000000000000e+00,-7.038248394647884432e+00,-7.038248394647884432e+00,-5.743911334400594981e+00,-3.789508588911561393e+00
9.975141015998723049e-01,2.381964014875973534e-01,3.478450732440587778e-01,1.000000000000000000e+00,5.000000000000000000e-01,2.000000000000000111e-01,0.000000000000000000e+00,-1.224324508280553170e+00,-1.224324508280553170e+00,-1.625389392575180558e+00,-2.376042694342231643e-01
-1.303447537409787582e+00,2.878554476232207726e+00,8.000662852959694593e-02,1.000000000000000000e+00,5.000000000000000000e-01,2.000000000000000111e-01,0.000000000000000000e+00,7.146585214728871094e+00,7.146585214728871094e+00,-6.162423225986023212e+00,3.752044743344792099e+00
2.746060650670489878e+00,2.788167116247136423e+00,6.136589050937294454e-01,1.000000000000000000e+00,5.000000000000000000e-01,2.000000000000000111e-01,0.000000000000000000e+00,-1.756135375866516668e+01,-1.756135375866516668e+01,-9.411447392357437991e+00,-7.656476005419674991e+00
-3.262222177196072437e-02,1.532297441957755746e+00,2.303068822401885818e-01,1.000000000000000000e+00,5.000000000000000000e-01,2.000000000000000111e-01,0.000000000000000000e+00,7.092660063502279066e-02,7.092660063502279066e-02,-2.174606250927143769e+00,4.998694697215402133e-02
8.331775725822612166e-01,2.657272786584980118e+00,7.657985703065461891e-01,1.000000000000000000e+00,5.000000000000000000e-01,2.000000000000000111e-01,0.000000000000000000e+00,-3.890427946759946298e+00,-3.890427946759946298e+00,-4.947060251634994188e+00,-2.213980090015774671e+00
2.958676588988337741e+00,6.826965401928652977e-02,7.805933307856546266e-01,1.000000000000000000e+00,5.000000000000000000e-01,2.000000000000000111e-01,0.000000000000000000e+00,-8.145484599824579064e+00,-8.145484599824579064e+00,-6.254590667766557033e+00,-2.019878270851966362e-01
2.270153566412860258e-01,2.261691525393195512e+00,3.763878336021266868e-01,1.000000000000000000e+00,5.000000000000000000e-01,2.000000000000000111e-01,0.000000000000000000e+00,-8.099752356894274197e-01,-8.099752356894274197e-01,-3.588545861308281903e+00,-5.134387082497104959e-01
9.899642009668729870e-01,1.591765354442190583e+00,1.770155219936883073e-01,1.000000000000000000e+00,5.000000000000000000e-01,2.000000000000000111e-01,0.000000000000000000e+00,-2.438147484523521147e+00,-2.438147484523521147e+00,-2.854875943318823772e+00,-1.575790717237114613e+00
4.894682168067294725e-01,1.835375056170470032e+00,8.122692654892221809e-01,1.000000000000000000e+00,5.000000000000000000e-01,2.000000000000000111e-01,0.000000000000000000e+00,-1.337333199593199629e+00,-1.337333199593199629e+00,-2.828048279564753464e+00,-8.983577559153108627e-01
2.037461669535583830e+00,2.999710725241541809e+00,9.202235703902588160e-01,1.000000000000000000e+00,5.000000000000000000e-01,2.000000000000000111e-01,0.000000000000000000e+00,-1.289587368246941246e+01,-1.289587368246941246e+01,-7.989882250460606627e+00,-6.111795622374429193e+00
1.038398132512122984e+00,4.811634784764076134e-01,9.377550076318998951e-01,1.000000000000000000e+00,5.000000000000000000e-01,2.000000000000000111e-01,0.000000000000000000e+00,-1.382537066493224831e+00,-1.382537066493224831e+00,-1.762721555472557045e+00,-4.996392574829387478e-01
-2.125209383125026719e+00,9.258541070066274026e-01,7.722725343233295403e-01,1.000000000000000000e+00,5.000000000000000000e-01,2.000000000000000111e-01,0.000000000000000000e+00,4.955788295323707793e+00,4.955788295323707793e+00,-4.138511867004114109e+00,1.967633835615327120e+00
-2.664066996260961773e+00,2.060741692552574555e+00,2.022850460425288377e-01,1.000000000000000000e+00,5.000000000000000000e-01,2.000000000000000111e-01,0.000000000000000000e+00,1.210226694938229564e+01,1.210226694938229564e+01,-7.381679938052367440e+00,5.489953930948267669e+00
2.409369650538609520e+00,5.407831024409883725e-01,8.665460419998038955e-01,1.000000000000000000e+00,5.000000000000000000e-01,2.000000000000000111e-01,0.000000000000000000e+00,-5.558983442197066083e+00,-5.558983442197066083e+00,-4.629260449704776015e+00,-1.302946394545429154e+00
1.527703063551431484e+00,2.761277466016848869e+00,3.966355740510341121e-01,1.000000000000000000e+00,5.000000000000000000e-01,2.000000000000000111e-01,0.000000000000000000e+00,-8.064900225242128684e+00,-8.064900225242128684e+00,-6.212652612396873053e+00,-4.218412044149474127e+00
-2.241610328751437731e+00,4.880105830079478624e-01,4.978770806505710134e-01,1.000000000000000000e+00,5.000000000000000000e-01,2.000000000000000111e-01,0.000000000000000000e+00,4.761271208122634491e+00,4.761271208122634491e+00,-4.133967284142956444e+00,1.093929563410626749e+00
2.215211522624635165e+00,1.179394988960768442e+00,2.558436285016234546e-01,1.000000000000000000e+00,5.000000000000000000e-01,2.000000000000000111e-01,0.000000000000000000e+00,-5.929941122757306893e+00,-5.929941122757306893e+00,-4.639783523974259083e+00,-2.612609369271648774e+00
9.707375585925159811e-01,2.245689972430243486e+00,7.576834055945717017e-01,1.000000000000000000e+00,5.000000000000000000e-01,2.000000000000000111e-01,0.000000000000000000e+00,-3.601463530474757757e+00,-3.601463530474757757e+00,-4.086960570734168741e+00,-2.179975601192629231e+00
6.424244384780148920e-01,2.602973453216477218e+00,9.715388022416407976e-01,1.000000000000000000e+00,5.000000000000000000e-01,2.000000000000000111e-01,0.000000000000000000e+00,-2.871815339905595010e+00,-2.871815339905595010e+00,-4.635360894567131851e+00,-1.672213759055774851e+00
1.515175399333914541e+00,2.364447407682757518e+00,3.671607921532646923e-01,1.000000000000000000e+00,5.000000000000000000e-01,2.000000000000000111e-01,0.000000000000000000e+00,-6.446248689983508307e+00,-6.446248689983508307e+00,-5.172759666296868453e+00,-3.582552545139761069e+00
2.569038811877805806e+00,2.456423748528231421e+00,1.925598205625669301e-01,1.000000000000000000e+00,5.000000000000000000e-01,2.000000000000000111e-01,0.000000000000000000e+00,-1.371096244998008729e+01,-1.371096244998008729e+01,-7.976985066327461738e+00,-6.310647948387393846e+00
-1.187026021802362719e+00,1.221985228111709398e+00,4.770314092029009911e-01,1.000000000000000000e+00,5.000000000000000000e-01,2.000000000000000111e-01,0.000000000000000000e+00,2.407799317031904529e+00,2.407799317031904529e+00,-2.592042414723179533e+00,1.450528264026695213e+00
-2.664153681295562848e+00,1.128473971023617350e+00,1.898426364991669946e-01,1.000000000000000000e+00,5.000000000000000000e-01,2.000000000000000111e-01,0.000000000000000000e+00,8.142372223308415258e+00,8.142372223308415258e+00,-5.895355654175326698e+00,3.006428084148792479e+00
1.066254072683006981e+00,1.638774362304453724e+00,1.454357489239476164e-01,1.000000000000000000e+00,5.000000000000000000e-01,2.000000000000000111e-01,0.000000000000000000e+00,-2.740454501643423413e+00,-2.740454501643423413e+00,-3.024929353781044217e+00,-1.747349838015621382e+00
-1.128302687306255825e+00,5.240957993095570755e-01,4.729809298148703878e-01,1.000000000000000000e+00,5.000000000000000000e-01,2.000000000000000111e-01,0.000000000000000000e+00,1.570542724407695268e+00,1.570542724407695268e+00,-1.901178375936472875e+00,5.913386987668933781e-01
1.317165915154131284e+00,1.608687876333884992e+00,4.484204873483293996e-01,1.000000000000000000e+00,5.000000000000000000e-01,2.000000000000000111e-01,0.000000000000000000e+00,-3.478534486353609179e+00,-3.478534486353609179e+00,-3.334893970558104659e+00,-2.118908838828677421e+00
1.100518468914978953e+00,1.660811663490525447e+00,1.207480396137095013e-02,1.000000000000000000e+00,5.000000000000000000e-01,2.000000000000000111e-01,0.000000000000000000e+00,-2.884872559868970399e+00,-2.884872559868970399e+00,-3.105832231046864678e+00,-1.827753909060732207e+00
1.052270034912551999e+00,9.602240730990679873e-01,9.581131645824374488e-01,1.000000000000000000e+00,5.000000000000000000e-01,2.000000000000000111e-01,0.000000000000000000e+00,-1.770412324269342808e+00,-1.770412324269342808e+00,-2.125378471104400369e+00,-1.010415018923829233e+00
1.876848738998162069e+00,4.356709411591467296e-01,9.924927719961094130e-01,1.000000000000000000e+00,5.000000000000000000e-01,2.000000000000000111e-01,0.000000000000000000e+00,-3.377233193867799521e+00,-3.377233193867799521e+00,-3.208441297932643543e+00,-8.176884565326869581e-01
-2.054092595001086874e+00,2.700939040540955016e-01,8.233054903485822473e-01,1.000000000000000000e+00,5.000000000000000000e-01,2.000000000000000111e-01,0.000000000000000000e+00,3.862381452488839795e+00,3.862381452488839795e+00,-3.568053191806571434e+00,5.547978882724515781e-01
-1.915585979269121220e+00,1.074109331655372479e+00,3.039670218032972659e-01,1.000000000000000000e+00,5.000000000000000000e-01,2.000000000000000111e-01,0.000000000000000000e+00,4.426439069815074845e+00,4.426439069815074845e+00,-3.778537214558038482e+00,2.057548775921158146e+00
1.210580261391864809e-01,1.621668073233045071e+00,6.370810448006023474e-01,1.000000000000000000e+00,5.000000000000000000e-01,2.000000000000000111e-01,0.000000000000000000e+00,-2.805924911579334990e-01,-2.805924911579334990e-01,-2.323696697287318091e+00,-1.963159359985301444e-01
-1.996816228142824112e+00,2.953228564409365209e+00,9.242702465489798236e-01,1.000000000000000000e+00,5.000000000000000000e-01,2.000000000000000111e-01,0.000000000000000000e+00,1.229686255958483621e+01,1.229686255958483621e+01,-7.753144506206421482e+00,5.897054722827555828e+00
2.296165933672345005e-02,5.889120327242943764e-01,8.009920548521389794e-01,1.000000000000000000e+00,5.000000000000000000e-01,2.000000000000000111e-01,0.000000000000000000e+00,-2.694583187974116875e-02,-2.694583187974116875e-02,-1.173725033823427744e+00,-1.352239747471258025e-02
-1.393426410066308962e+00,6.041902832505996468e-02,9.736721774324627043e-01,1.000000000000000000e+00,5.000000000000000000e-01,2.000000000000000111e-01,0.000000000000000000e+00,1.937075432622067606e+00,1.937075432622067606e+00,-2.166807525654041111e+00,8.418946973868293715e-02
2.914368899709389282e+00,8.992404243685321319e-01,7.377852642283529994e-01,1.000000000000000000e+00,5.000000000000000000e-01,2.000000000000000111e-01,0.000000000000000000e+00,-9.043362140438725660e+00,-9.043362140438725660e+00,-6.500444320565239131e+00,-2.620718326141123100e+00
2.026237823681300121e+00,1.407032400338209754e+00,3.235808101870193410e-01,1.000000000000000000e+00,5.000000000000000000e-01,2.000000000000000111e-01,0.000000000000000000e+00,-5.695750533565184348e+00,-5.695750533565184348e+00,-4.453253918670791123e+00,-2.850982268710370082e+00
1.732976787311948819e+00,1.737226003260044394e+00,2.790386102918969158e-01,1.000000000000000000e+00,5.000000000000000000e-01,2.000000000000000111e-01,0.000000000000000000e+00,-5.388897201729354158e+00,-5.388897201729354158e+00,-4.310902220418659780e+00,-3.010572337964368739e+00
2.207590383151696756e+00,1.013382962756685046e+00,2.354235251385800032e-01,1.000000000000000000e+00,5.000000000000000000e-01,2.000000000000000111e-01,0.000000000000000000e+00,-5.492845978905966930e+00,-5.492845978905966930e+00,-4.437545694473072011e+00,-2.237134483031431920e+00
-1.531430751091364506e+00,2.741489692630647568e+00,9.727766255879000123e-01,1.000000000000000000e+00,5.000000000000000000e-01,2.000000000000000111e-01,0.000000000000000000e+00,8.004694960141502946e+00,8.004694960141502946e+00,-6.165050954632997460e+00,4.198401619094586756e+00
1.852978604059298817e-01,6.449042372109023979e-01,3.954353833328464463e-01,1.000000000000000000e+00,5.000000000000000000e-01,2.000000000000000111e-01,0.000000000000000000e+00,-2.251031385672362384e-01,-2.251031385672362384e-01,-1.228551915828897112e+00,-1.194993753218984850e-01
6.930487708456487539e-01,7.892423378334844086e-01,5.936871225823816545e-01,1.000000000000000000e+00,5.000000000000000000e-01,2.000000000000000111e-01,0.000000000000000000e+00,-9.754765778917463548e-01,-9.754765778917463548e-01,-1.599641693176830692e+00,-5.469834321348426842e-01
-2.700584591000681822e+00,7.722198361106625830e-01,7.617683669413284342e-01,1.000000000000000000e+00,5.000000000000000000e-01,2.000000000000000111e-01,0.000000000000000000e+00,7.444953140007497971e+00,7.444953140007497971e+00,-5.674056017531581730e+00,2.085444990265527210e+00
-1.506051903640982514e+00,2.902697349130815674e+00,4.062880981094829647e-02,1.000000000000000000e+00,5.000000000000000000e-01,2.000000000000000111e-01,0.000000000000000000e+00,8.533989523066965788e+00,8.533989523066965788e+00,-6.573741352201909471e+00,4.371612868352098502e+00
1.944817052292098225e+00,1.434529125654833814e+00,2.750490649750972905e-01,1.000000000000000000e+00,5.000000000000000000e-01,2.000000000000000111e-01,0.000000000000000000e+00,-5.417092599762374228e+00,-5.417092599762374228e+00,-4.298324926307686589e+00,-2.789896705583194692e+00
-1.456760890809647213e+00,1.055760309421886589e+00,8.990401357383382974e-01,1.000000000000000000e+00,5.000000000000000000e-01,2.000000000000000111e-01,0.000000000000000000e+00,2.886929156493649895e+00,2.886929156493649895e+00,-2.830606291270809205e+00,1.537990328834896392e+00
2.434399794261940642e+00,1.519554095553915518e-01,4.460729445601021581e-01,1.000000000000000000e+00,5.000000000000000000e-01,2.000000000000000111e-01,0.000000000000000000e+00,-5.347903331715277986e+00,-5.347903331715277986e+00,-4.567326638228121460e+00,-3.699202177586340956e-01
-1.762167573274981969e-01,1.157524224597224816e+00,2.961471830693543916e-01,1.000000000000000000e+00,5.000000000000000000e-01,2.000000000000000111e-01,0.000000000000000000e+00,2.953642436315821462e-01,2.953642436315821462e-01,-1.688562572602514411e+00,2.039751653865496950e-01
7.166207017812453728e-04,2.412435472674586023e+00,6.465430506858428350e-01,1.000000000000000000e+00,5.000000000000000000e-01,2.000000000000000111e-01,0.000000000000000000e+00,-2.801931447150800020e-03,-2.801931447150800020e-03,-3.909922763036464577e+00,-1.728801201430032238e-03
-2.261304827218164615e+00,2.516487622975994043e+00,2.137164157507741580e-01,1.000000000000000000e+00,5.000000000000000000e-01,2.000000000000000111e-01,0.000000000000000000e+00,1.173403485475891372e+01,1.173403485475891372e+01,-7.234454691255789882e+00,5.690545609470380128e+00
2.116108848331656134e+00,2.853814371073635225e+00,7.577852400938696054e-01,1.000000000000000000e+00,5.000000000000000000e-01,2.000000000000000111e-01,0.000000000000000000e+00,-1.262832724459795486e+01,-1.262832724459795486e+01,-7.758878227065721944e+00,-6.038981842124959698e+00
-5.477595101942291933e-01,5.964673783607593593e-01,6.588970527854441928e-01,1.000000000000000000e+00,5.000000000000000000e-01,2.000000000000000111e-01,0.000000000000000000e+00,6.780686290123051352e-01,6.780686290123051352e-01,-1.357910955329211911e+00,3.267206790177255016e-01
-1.668925457780333188e+00,1.163909370401678967e-01,8.918971206448068623e-01,1.000000000000000000e+00,5.000000000000000000e-01,2.000000000000000111e-01,0.000000000000000000e+00,2.609925481611291342e+00,2.609925481611291342e+00,-2.677960735288920979e+00,1.942477978812441330e-01
-1.984808883709727079e+00,5.340345335292563389e-01,1.994948845724947573e-01,1.000000000000000000e+00,5.000000000000000000e-01,2.000000000000000111e-01,0.000000000000000000e+00,3.831653111375612486e+00,3.831653111375612486e+00,-3.506276224412737008e+00,1.059956486356648186e+00
-2.009715186119704455e+00,2.084842368544445046e-01,1.420101674845347661e-01,1.000000000000000000e+00,5.000000000000000000e-01,2.000000000000000111e-01,0.000000000000000000e+00,3.676821893597662871e+00,3.676821893597662871e+00,-3.445105916100485999e+00,4.189939368729544977e-01
1.656224249408948523e+00,2.593293479024376680e+00,6.942011060586429361e-01,1.000000000000000000e+00,5.000000000000000000e-01,2.000000000000000111e-01,0.000000000000000000e+00,-8.134050665326114427e+00,-8.134050665326114427e+00,-6.008432792773318987e+00,-4.295075545794269090e+00
-8.007300557406820118e-01,8.615102953336309932e-01,5.581585792778513966e-01,1.000000000000000000e+00,5.000000000000000000e-01,2.000000000000000111e-01,0.000000000000000000e+00,1.200561572321665160e+00,1.200561572321665160e+00,-1.755801167782805594e+00,6.898371868036697885e-01
5.544106126106367327e-01,2.508360540402343908e+00,9.211058562009958317e-01,1.000000000000000000e+00,5.000000000000000000e-01,2.000000000000000111e-01,0.000000000000000000e+00,-2.332633047112570246e+00,-2.332633047112570246e+00,-4.330358976748950539e+00,-1.390661703852811293e+00
-9.181554110566372273e-01,8.678451471758384939e-01,9.365474602602155141e-01,1.000000000000000000e+00,5.000000000000000000e-01,2.000000000000000111e-01,0.000000000000000000e+00,1.418714892819479045e+00,1.418714892819479045e+00,-1.882383215049875824e+00,7.968167178387398630e-01
2.556514555893959262e+00,3.112296930788387428e-01,9.159510808952905370e-01,1.000000000000000000e+00,5.000000000000000000e-01,2.000000000000000111e-01,0.000000000000000000e+00,-6.022088096430255000e+00,-6.022088096430255000e+00,-4.969891965625587105e+00,-7.956632405824606291e-01
8.887037660168495279e-02,8.145302876048313712e-01,3.537437095055739888e-02,1.000000000000000000e+00,5.000000000000000000e-01,2.000000000000000111e-01,0.000000000000000000e+00,-1.184917070364519404e-01,-1.184917070364519404e-01,-1.336468561015199841e+00,-7.238761341292011819e-02
-2.135236089261578485e-01,1.836600759267416505e+00,7.341111807758354812e-01,1.000000000000000000e+00,5.000000000000000000e-01,2.000000000000000111e-01,0.000000000000000000e+00,5.755891101730064019e-01,5.755891101730064019e-01,-2.713906573412136147e+00,3.921576222753004326e-01
2.663254342802254371e+00,2.917015697156625453e+00,7.971457423336973935e-01,1.000000000000000000e+00,5.000000000000000000e-01,2.000000000000000111e-01,0.000000000000000000e+00,-1.777209604715447711e+01,-1.777209604715447711e+01,-9.510244505402116744e+00,-7.768754723474728507e+00
1.886883335851658572e+00,1.910622551234531397e+00,6.690587444361930647e-01,1.000000000000000000e+00,5.000000000000000000e-01,2.000000000000000111e-01,0.000000000000000000e+00,-6.674481879582212507e+00,-6.674481879582212507e+00,-4.961436500511785752e+00,-3.605121853026818979e+00
2.883627106330319378e+00,2.409882631160771282e+00,2.428150199516565522e-01,1.000000000000000000e+00,5.000000000000000000e-01,2.000000000000000111e-01,0.000000000000000000e+00,-1.605265671011893502e+01,-1.605265671011893502e+01,-8.892950321002965453e+00,-6.949202878289831631e+00
1.601218898015992487e+00,1.537802960667992380e+00,4.086690063138618267e-01,1.000000000000000000e+00,5.000000000000000000e-01,2.000000000000000111e-01,0.000000000000000000e+00,-4.315604156826180038e+00,-4.315604156826180038e+00,-3.720760148537751277e+00,-2.462359162046533267e+00
-1.625992086204135489e+00,2.770513874006578448e+00,4.621126804424409151e-01,1.000000000000000000e+00,5.000000000000000000e-01,2.000000000000000111e-01,0.000000000000000000e+00,8.726120048949500330e+00,8.726120048949500330e+00,-6.424183721670555514e+00,4.504833633853458252e+00
-2.294446028808163618e-01,2.573914014740650735e+00,1.321187374718236773e-01,1.000000000000000000e+00,5.000000000000000000e-01,2.000000000000000111e-01,0.000000000000000000e+00,9.918994907472916678e-01,9.918994907472916678e-01,-4.344103573113848427e+00,5.905706789615363661e-01
1.741592616032618501e+00,2.965064409522314204e+00,6.268477097275132470e-01,1.000000000000000000e+00,5.000000000000000000e-01,2.000000000000000111e-01,0.000000000000000000e+00,-1.045379202331775481e+01,-1.045379202331775481e+01,-7.215690380439559348e+00,-5.163934281685178540e+00
-1.615047921976994649e+00,2.532470351021828492e+00,2.152908576374686911e-01,1.000000000000000000e+00,5.000000000000000000e-01,2.000000000000000111e-01,0.000000000000000000e+00,7.636558674165424776e+00,7.636558674165424776e+00,-5.771730913571637700e+00,4.090060977886154525e+00
-3.185101608933713635e-01,2.093953041568124451e+00,2.267790947556450609e-01,1.000000000000000000e+00,5.000000000000000000e-01,2.000000000000000111e-01,0.000000000000000000e+00,1.023248741552401642e+00,1.023248741552401642e+00,-3.253188903701592416e+00,6.669453201730276559e-01
-2.229754183874809392e+00,2.495327615933159660e+00,6.507888858275546751e-01,1.000000000000000000e+00,5.000000000000000000e-01,2.000000000000000111e-01,0.000000000000000000e+00,1.138889470719490404e+01,1.138889470719490404e+01,-7.096412187723663223e+00,5.563967191765316400e+00
-3.419181432071614068e-01,2.681674061177803825e+00,3.604087492973226947e-01,1.000000000000000000e+00,5.000000000000000000e-01,2.000000000000000111e-01,0.000000000000000000e+00,1.579343662862269015e+00,1.579343662862269015e+00,-4.665832695189466861e+00,9.169130156847224988e-01
3.348846582467879252e-01,2.032905405040098312e+00,8.279719420816646913e-01,1.000000000000000000e+00,5.000000000000000000e-01,2.000000000000000111e-01,0.000000000000000000e+00,-1.034385617327300055e+00,-1.034385617327300055e+00,-3.133640833518064106e+00,-6.807888318149013518e-01
-1.949332844425341271e+00,2.361680293335853831e-01,8.545547552908483446e-03,1.000000000000000000e+00,5.000000000000000000e-01,2.000000000000000111e-01,0.000000000000000000e+00,3.485148598898806238e+00,3.485148598898806238e+00,-3.307826792052889875e+00,4.603700963831654502e-01
5.875041287946634050e-01,1.314037690896808996e+00,9.533450672287681060e-01,1.000000000000000000e+00,5.000000000000000000e-01,2.000000000000000111e-01,0.000000000000000000e+00,-1.135281079655268810e+00,-1.135281079655268810e+00,-2.070444187359174570e+00,-7.720025687936810099e-01
-2.112595393258224874e+00,2.903092809052770562e+00,6.969768889872391959e-01,1.000000000000000000e+00,5.000000000000000000e-01,2.000000000000000111e-01,0.000000000000000000e+00,1.290074500449760286e+01,1.290074500449760286e+01,-7.891809506356477932e+00,6.133060494605962809e+00
-3.091807254924550108e-02,2.075888119467362625e+00,3.143907975635763519e-01,1.000000000000000000e+00,5.000000000000000000e-01,2.000000000000000111e-01,0.000000000000000000e+00,9.754178619285366891e-02,9.754178619285366891e-02,-3.155229298598968057e+00,6.418245948180872906e-02
1.156347085807291286e+00,1.197422273410019722e+00,4.098202842174836213e-01,1.000000000000000000e+00,5.000000000000000000e-01,2.000000000000000111e-01,0.000000000000000000e+00,-2.294583194128044124e+00,-2.294583194128044124e+00,-2.519193200142219258e+00,-1.384635756338417956e+00
1.380206037092388982e+00,2.661322340356713667e+00,8.822555807188745547e-01,1.000000000000000000e+00,5.000000000000000000e-01,2.000000000000000111e-01,0.000000000000000000e+00,-6.793804794897127408e+00,-6.793804794897127408e+00,-5.684299522536633731e+00,-3.673173160809181770e+00
-4.023176575741485017e-01,1.078255680857726606e+00,9.486643471379201387e-01,1.000000000000000000e+00,5.000000000000000000e-01,2.000000000000000111e-01,0.000000000000000000e+00,6.492158022902499992e-01,6.492158022902499992e-01,-1.678433355208549527e+00,4.338012997886991906e-01
-1.966793305368818467e+00,1.177272529420025915e+00,2.936626157084586408e-01,1.000000000000000000e+00,5.000000000000000000e-01,2.000000000000000111e-01,0.000000000000000000e+00,4.851371993578481145e+00,4.851371993578481145e+00,-4.013950847889674378e+00,2.315451729457922436e+00
2.859955650050610032e+00,1.610627773471115187e+00,6.619554066810814374e-01,1.000000000000000000e+00,5.000000000000000000e-01,2.000000000000000111e-01,0.000000000000000000e+00,-1.124800587921981609e+01,-1.124800587921981609e+01,-7.204668704492106279e+00,-4.606324000867149770e+00
2.614251668464815381e-01,2.030049059833092251e+00,4.746673641353039708e-01,1.000000000000000000e+00,5.000000000000000000e-01,2.000000000000000111e-01,0.000000000000000000e+00,-8.036780101021858691e-01,-8.036780101021858691e-01,-3.101555463381036937e+00,-5.307059141734091767e-01
-7.775493963025859046e-02,1.712142375677301098e+00,7.227040381718302653e-01,1.000000000000000000e+00,5.000000000000000000e-01,2.000000000000000111e-01,0.000000000000000000e+00,1.918155984930841051e-01,1.918155984930841051e-01,-2.469343255677098892e+00,1.331275270591960602e-01
-2.769904463066134692e+00,1.000071433142775357e+00,7.570388971798591715e-01,1.000000000000000000e+00,5.000000000000000000e-01,2.000000000000000111e-01,0.000000000000000000e+00,8.405401352612667409e+00,8.405401352612667409e+00,-6.103493876402337648e+00,2.770102326047119146e+00
1.550703639865940175e+00,1.687596442778083627e+00,4.269075825869312890e-01,1.000000000000000000e+00,5.000000000000000000e-01,2.000000000000000111e-01,0.000000000000000000e+00,-4.504681233103337235e+00,-4.504681233103337235e+00,-3.866799944054706728e+00,-2.616961946440786946e+00
1.721248633375156878e+00,1.056918454115532535e+00,1.470052066222188314e-01,1.000000000000000000e+00,5.000000000000000000e-01,2.000000000000000111e-01,0.000000000000000000e+00,-3.702539518540074237e+00,-3.702539518540074237e+00,-3.336156424062490800e+00,-1.819219444735343805e+00
1.317377646119688883e+00,2.009535976119017242e+00,1.286728312716488576e-01,1.000000000000000000e+00,5.000000000000000000e-01,2.000000000000000111e-01,0.000000000000000000e+00,-4.434575328799106764e+00,-4.434575328799106764e+00,-4.060407737155816932e+00,-2.647317774012502234e+00
-2.573847784392557791e-01,1.673082714876491739e+00,8.297392789967141802e-01,1.000000000000000000e+00,5.000000000000000000e-01,2.000000000000000111e-01,0.000000000000000000e+00,6.210314469833276840e-01,6.210314469833276840e-01,-2.439351039912581065e+00,4.306260238790343697e-01
-2.175851068318204184e-01,3.224542546322799463e-01,4.550264913944400691e-01,1.000000000000000000e+00,5.000000000000000000e-01,2.000000000000000111e-01,0.000000000000000000e+00,2.309572410323844915e-01,2.309572410323844915e-01,-1.080394340394238428e+00,7.016124344253965583e-02
1.936742163729350708e+00,1.892085085161391067e+00,8.334161375370028324e-01,1.000000000000000000e+00,5.000000000000000000e-01,2.000000000000000111e-01,0.000000000000000000e+00,-6.856429481707287721e+00,-6.856429481707287721e+00,-5.040575110005322657e+00,-3.664480961795505198e+00
2.595389822700768789e+00,2.819674757524404995e+00,8.338127360851210756e-01,1.000000000000000000e+00,5.000000000000000000e-01,2.000000000000000111e-01,0.000000000000000000e+00,-1.640933278064978396e+01,-1.640933278064978396e+01,-9.016911868177393430e+00,-7.318155169005098770e+00
5.616801394257366908e-01,1.868349626494731908e+00,7.280355987573978727e-01,1.000000000000000000e+00,5.000000000000000000e-01,2.000000000000000111e-01,0.000000000000000000e+00,-1.577457372226254817e+00,-1.577457372226254817e+00,-2.934655910826691194e+00,-1.049414878705584142e+00
8.378355678837472453e-01,2.207122106993549826e-01,1.734684836412158093e-01,1.000000000000000000e+00,5.000000000000000000e-01,2.000000000000000111e-01,0.000000000000000000e+00,-9.758695036339143369e-01,-9.758695036339143369e-01,-1.445538003262547111e+00,-1.849205403901713618e-01
2.032071203911002044e+00,1.657255777871015967e+00,9.911642039572843288e-01,1.000000000000000000e+00,5.000000000000000000e-01,2.000000000000000111e-01,0.000000000000000000e+00,-6.500821406640094224e+00,-6.500821406640094224e+00,-4.850836383302018717e+00,-3.367661743726819701e+00
-9.670806620113614471e-01,4.897348410379330774e-01,4.175444715215207436e-01,1.000000000000000000e+00,5.000000000000000000e-01,2.000000000000000111e-01,0.000000000000000000e+00,1.263944550802774458e+00,1.263944550802774458e+00,-1.681067111365024846e+00,4.736130942809931854e-01
-1.944337807327307210e+00,1.253177096450569294e+00,9.688945611783068568e-01,1.000000000000000000e+00,5.000000000000000000e-01,2.000000000000000111e-01,0.000000000000000000e+00,4.941177400060161595e+00,4.941177400060161595e+00,-4.053496122935556834e+00,2.436599607905501230e+00
1.511279752756998995e+00,4.951604583852009522e-01,1.356803626762004278e-02,1.000000000000000000e+00,5.000000000000000000e-01,2.000000000000000111e-01,0.000000000000000000e+00,-2.386892931981771326e+00,-2.386892931981771326e+00,-2.492971834430075084e+00,-7.483259751234287993e-01
6.958409381698897889e-01,2.753442153083648591e+00,7.618553095784351692e-01,1.000000000000000000e+00,5.000000000000000000e-01,2.000000000000000111e-01,0.000000000000000000e+00,-3.400964869774727006e+00,-3.400964869774727006e+00,-5.081238611928850624e+00,-1.915957770998247378e+00
-9.554648916936772096e-01,2.320354322862641538e+00,8.813371051655296551e-01,1.000000000000000000e+00,5.000000000000000000e-01,2.000000000000000111e-01,0.000000000000000000e+00,3.702048782652882064e+00,3.702048782652882064e+00,-4.239769987369199633e+00,2.217017091784909688e+00
2.048896733318231078e+00,1.712656846215534712e+00,8.364198009758245789e-01,1.000000000000000000e+00,5.000000000000000000e-01,2.000000000000000111e-01,0.000000000000000000e+00,-6.774046605660593912e+00,-6.774046605660593912e+00,-4.985383430725741860e+00,-3.509057017506113318e+00
1.525684239234216477e+00,8.926951304926029618e-01,6.511949821735908417e-01,1.000000000000000000e+00,5.000000000000000000e-01,2.000000000000000111e-01,0.000000000000000000e+00,-2.843867454156704166e+00,-2.843867454156704166e+00,-2.795079736711216789e+00,-1.361970891033696507e+00
-2.802199229460480723e+00,3.098359769670416819e-01,9.975517815360585017e-01,1.000000000000000000e+00,5.000000000000000000e-01,2.000000000000000111e-01,0.000000000000000000e+00,7.337455759328115334e+00,7.337455759328115334e+00,-5.759391479264908575e+00,8.682221359161794716e-01
3.636075224385937332e-02,2.129965142077165918e+00,2.432273133222569994e-01,1.000000000000000000e+00,5.000000000000000000e-01,2.000000000000000111e-01,0.000000000000000000e+00,-1.188502155445081698e-01,-1.188502155445081698e-01,-3.269169015814144430e+00,-7.744713481912456066e-02
1.221830947966390468e+00,7.248577162357201509e-01,4.493675958451890384e-01,1.000000000000000000e+00,5.000000000000000000e-01,2.000000000000000111e-01,0.000000000000000000e+00,-1.907624532418993546e+00,-1.907624532418993546e+00,-2.158431873638301024e+00,-8.856535905690428034e-01
2.439275179618744183e+00,2.726159887668361925e+00,2.323620591026074322e-01,1.000000000000000000e+00,5.000000000000000000e-01,2.000000000000000111e-01,0.000000000000000000e+00,-1.440632639512954150e+01,-1.440632639512954150e+01,-8.286011907708422441e+00,-6.649854149661659442e+00
1.254751042394096849e+00,2.633325150931931091e+00,8.065046114080307582e-01,1.000000000000000000e+00,5.000000000000000000e-01,2.000000000000000111e-01,0.000000000000000000e+00,-6.000320756868625871e+00,-6.000320756868625871e+00,-5.411840782298782848e+00,-3.304167478094433008e+00
-1.581286405706374243e+00,4.870413664096033823e-01,5.582636037782845451e-01,1.000000000000000000e+00,5.000000000000000000e-01,2.000000000000000111e-01,0.000000000000000000e+00,2.559625119686513628e+00,2.559625119686513628e+00,-2.618884664420137121e+00,7.701518917201629622e-01
-2.094873056709317893e+00,2.990828549232229072e+00,7.799185914390697194e-01,1.000000000000000000e+00,5.000000000000000000e-01,2.000000000000000111e-01,0.000000000000000000e+00,1.330291804313496229e+01,1.330291804313496229e+01,-8.105623579687264879e+00,6.265406145023614037e+00
2.783006716591896357e+00,2.906457179578070260e+00,7.486244088705185096e-02,1.000000000000000000e+00,5.000000000000000000e-01,2.000000000000000111e-01,0.000000000000000000e+00,-1.884866981365822625e+01,-1.884866981365822625e+01,-9.870822499117821280e+00,-8.088689852252509027e+00
2.156790341788496157e+00,2.367400968169166564e-01,4.532095437891436873e-02,1.000000000000000000e+00,5.000000000000000000e-01,2.000000000000000111e-01,0.000000000000000000e+00,-4.223797496901581461e+00,-4.223797496901581461e+00,-3.819069683779725111e+00,-5.105987543287993091e-01
-4.570883202229891751e-01,1.532413250685290773e+00,8.243440316213090924e-02,1.000000000000000000e+00,5.000000000000000000e-01,2.000000000000000111e-01,0.000000000000000000e+00,1.012876238825897834e+00,1.012876238825897834e+00,-2.299503024928494455e+00,7.004481986431899676e-01
-5.298731870879587191e-01,8.738307589286328225e-01,8.588238549201450134e-01,1.000000000000000000e+00,5.000000000000000000e-01,2.000000000000000111e-01,0.000000000000000000e+00,7.619275549804030989e-01,7.619275549804030989e-01,-1.550249454261745763e+00,4.630194892090044312e-01
1.596551145872289190e+00,1.887401321343344707e+00,5.325254645832593337e-01,1.000000000000000000e+00,5.000000000000000000e-01,2.000000000000000111e-01,0.000000000000000000e+00,-5.254149216281613022e+00,-5.254149216281613022e+00,-4.310527210735974002e+00,-3.013332742311589652e+00
8.646249045633362940e-01,2.521204554008704690e+00,6.176667990964301858e-02,1.000000000000000000e+00,5.000000000000000000e-01,2.000000000000000111e-01,0.000000000000000000e+00,-3.741881681572805540e+00,-3.741881681572805540e+00,-4.626781936931811501e+00,-2.179896246894425182e+00
-1.420004798599490581e+00,7.941431452922010914e-01,5.600353905702204482e-02,1.000000000000000000e+00,5.000000000000000000e-01,2.000000000000000111e-01,0.000000000000000000e+00,2.440440685309455571e+00,2.440440685309455571e+00,-2.525179844434643162e+00,1.127687077089817969e+00
-8.548028670456542244e-02,2.112426041587885939e-01,7.342033554289408848e-01,1.000000000000000000e+00,5.000000000000000000e-01,2.000000000000000111e-01,0.000000000000000000e+00,8.751241766297643276e-02,8.751241766297643276e-02,-1.026695846554950053e+00,1.805707836771227454e-02
2.868863172349620960e+00,1.099575614406469004e+00,1.797648939506480970e-01,1.000000000000000000e+00,5.000000000000000000e-01,2.000000000000000111e-01,0.000000000000000000e+00,-9.325550859122083480e+00,-9.325550859122083480e+00,-6.542758806897041701e+00,-3.154531985384426029e+00
-3.029218762995897762e-01,5.955732916194321769e-01,6.704649054334662628e-01,1.000000000000000000e+00,5.000000000000000000e-01,2.000000000000000111e-01,0.000000000000000000e+00,3.622055369728700569e-01,3.622055369728700569e-01,-1.232410770729720939e+00,1.804121789712811452e-01
-2.875821273218167384e+00,2.128178341769735749e+00,1.945817915375401830e-01,1.000000000000000000e+00,5.000000000000000000e-01,2.000000000000000111e-01,0.000000000000000000e+00,1.414513278630400173e+01,1.414513278630400173e+01,-8.226780324485389428e+00,6.120260548463569705e+00
-2.368531740644437278e+00,8.852659018321847872e-01,9.016043478343110928e-01,1.000000000000000000e+00,5.000000000000000000e-01,2.000000000000000111e-01,0.000000000000000000e+00,5.954101256251601804e+00,5.954101256251601804e+00,-4.757813422337477505e+00,2.096780387399752144e+00
-2.085458521578625657e+00,1.796023064626155685e+00,3.366524462856387290e-01,1.000000000000000000e+00,5.000000000000000000e-01,2.000000000000000111e-01,0.000000000000000000e+00,7.262978163494177686e+00,7.262978163494177686e+00,-5.222331771469509221e+00,3.745531605076374948e+00
9.172095343880179996e-01,3.312573141472280325e-01,7.633285444246064033e-01,1.000000000000000000e+00,5.000000000000000000e-01,2.000000000000000111e-01,0.000000000000000000e+00,-1.121857665143846772e+00,-1.121857665143846772e+00,-1.559629702071388513e+00,-3.038323668716044201e-01
-7.940786662849710353e-01,8.087905024314672175e-01,3.076478322396614118e-01,1.000000000000000000e+00,5.000000000000000000e-01,2.000000000000000111e-01,0.000000000000000000e+00,1.153941796430415501e+00,1.153941796430415501e+00,-1.705407595361023709e+00,6.422432834747311414e-01
9.574321235252840623e-01,2.303248959665981754e+00,7.636716633306672719e-03,1.000000000000000000e+00,5.000000000000000000e-01,2.000000000000000111e-01,0.000000000000000000e+00,-3.672530719437627766e+00,-3.672530719437627766e+00,-4.202483647796094068e+00,-2.205204542460402095e+00
-1.283556186708587621e+00,2.493912614333026134e+00,1.606859706886366590e-01,1.000000000000000000e+00,5.000000000000000000e-01,2.000000000000000111e-01,0.000000000000000000e+00,5.698095293498161240e+00,5.698095293498161240e+00,-5.098309954627429086e+00,3.201076965237743543e+00
1.751780256286946447e+00,1.656705247401426107e+00,8.003805916083006622e-01,1.000000000000000000e+00,5.000000000000000000e-01,2.000000000000000111e-01,0.000000000000000000e+00,-5.230961158330372562e+00,-5.230961158330372562e+00,-4.213576578173766407e+00,-2.902183542884799294e+00
-1.741796800709582982e-02,1.729076809781437296e+00,3.468276132162703140e-01,1.000000000000000000e+00,5.000000000000000000e-01,2.000000000000000111e-01,0.000000000000000000e+00,4.345633195697073958e-02,4.345633195697073958e-02,-2.495035338427673999e+00,3.011700455458439507e-02
2.614383538760160164e+00,1.687941925160286738e-01,7.020152746353106599e-01,1.000000000000000000e+00,5.000000000000000000e-01,2.000000000000000111e-01,0.000000000000000000e+00,-6.225490336979218498e+00,-6.225490336979218498e+00,-5.115246512357628283e+00,-4.412927583522187613e-01
1.590708558002486228e+00,1.774507369335855289e+00,1.866587234669282447e-01,1.000000000000000000e+00,5.000000000000000000e-01,2.000000000000000111e-01,0.000000000000000000e+00,-4.900191942155278646e+00,-4.900191942155278646e+00,-4.092650431815038736e+00,-2.822724058641023603e+00
-1.283189354255958037e-01,1.753798242216218162e+00,4.415371392317455346e-01,1.000000000000000000e+00,5.000000000000000000e-01,2.000000000000000111e-01,0.000000000000000000e+00,3.260837305791411955e-01,3.260837305791411955e-01,-2.547783586713602944e+00,2.250455233924663345e-01
2.835965810915570984e+00,6.619501741674744810e-01,5.505868110808085358e-01,1.000000000000000000e+00,5.000000000000000000e-01,2.000000000000000111e-01,0.000000000000000000e+00,-8.019060397009365460e+00,-8.019060397009365460e+00,-6.044710264949382683e+00,-1.877268062468565146e+00
-1.062540570306735654e+00,2.173665994330617579e+00,7.596818239031735143e-01,1.000000000000000000e+00,5.000000000000000000e-01,2.000000000000000111e-01,0.000000000000000000e+00,3.812619146221849498e+00,3.812619146221849498e+00,-4.039807405583314193e+00,2.309608305272412121e+00
-1.838101691945008831e-01,3.774949938479055245e-01,9.334031240397293594e-01,1.000000000000000000e+00,5.000000000000000000e-01,2.000000000000000111e-01,0.000000000000000000e+00,1.981489194200395099e-01,1.981489194200395099e-01,-1.091522942169701693e+00,6.938741868926058542e-02
-8.641589935479032647e-01,1.596908062628124458e+00,3.669389221505222620e-01,1.000000000000000000e+00,5.000000000000000000e-01,2.000000000000000111e-01,0.000000000000000000e+00,2.095077289956456923e+00,2.095077289956456923e+00,-2.723120139921189953e+00,1.379982464189252189e+00
-2.806834682958759153e+00,2.777563342905641219e-01,2.949020910026732833e-01,1.000000000000000000e+00,5.000000000000000000e-01,2.000000000000000111e-01,0.000000000000000000e+00,7.337735229888135535e+00,7.337735229888135535e+00,-5.765566853095385191e+00,7.796161124982426971e-01
-1.137096361396132460e+00,2.538870029129377315e+00,2.162771531928968649e-01,1.000000000000000000e+00,5.000000000000000000e-01,2.000000000000000111e-01,0.000000000000000000e+00,5.095929340835420263e+00,5.095929340835420263e+00,-4.998723393465897225e+00,2.886939872180707578e+00
-2.573332023379444777e+00,1.207482357552968955e+00,6.924902990681330861e-01,1.000000000000000000e+00,5.000000000000000000e-01,2.000000000000000111e-01,0.000000000000000000e+00,7.857448959438615432e+00,7.857448959438615432e+00,-5.702229443430926636e+00,3.107253018356763707e+00
-2.309997993107677061e+00,2.889113932155233933e+00,6.730588594478682518e-01,1.000000000000000000e+00,5.000000000000000000e-01,2.000000000000000111e-01,0.000000000000000000e+00,1.441602249846640049e+01,1.441602249846640049e+01,-8.375144093383637411e+00,6.673847385138019561e+00
-2.286834370580803188e+00,1.349329364732091863e+00,2.726567425083591401e-01,1.000000000000000000e+00,5.000000000000000000e-01,2.000000000000000111e-01,0.000000000000000000e+00,6.760493338577296285e+00,6.760493338577296285e+00,-5.048111730345974379e+00,3.085692768503308425e+00
-7.703482725243384621e-01,2.324485932690388168e+00,2.018368275769217846e-01,1.000000000000000000e+00,5.000000000000000000e-01,2.000000000000000111e-01,0.000000000000000000e+00,2.942965139900000970e+00,2.942965139900000970e+00,-4.057679302226491203e+00,1.790663722755166276e+00
3.374329673334077739e-01,1.508136047549528680e+00,9.840084807613691531e-02,1.000000000000000000e+00,5.000000000000000000e-01,2.000000000000000111e-01,0.000000000000000000e+00,-7.288583713381815432e-01,-7.288583713381815432e-01,-2.205553773425214192e+00,-5.088948216671148606e-01
3.983677130679010858e-01,1.481333391311950853e-01,1.206165192458847901e-01,1.000000000000000000e+00,5.000000000000000000e-01,2.000000000000000111e-01,0.000000000000000000e+00,-4.153824402987482123e-01,-4.153824402987482123e-01,-1.106189843970048381e+00,-5.901153953880600850e-02
8.163574619833884327e-01,9.541121350977908033e-01,7.651653870756021103e-01,1.000000000000000000e+00,5.000000000000000000e-01,2.000000000000000111e-01,0.000000000000000000e+00,-1.296745365121728888e+00,-1.296745365121728888e+00,-1.855028686612008260e+00,-7.788965610559843711e-01
-1.875265801544216071e+00,1.761559453967011413e+00,7.975785341687660068e-01,1.000000000000000000e+00,5.000000000000000000e-01,2.000000000000000111e-01,0.000000000000000000e+00,6.103746812440504321e+00,6.103746812440504321e+00,-4.661518950795040084e+00,3.303392201411239348e+00
-1.262167746388061618e+00,2.379235249677142949e+00,4.720801680343167384e-01,1.000000000000000000e+00,5.000000000000000000e-01,2.000000000000000111e-01,0.000000000000000000e+00,5.236725991072225028e+00,5.236725991072225028e+00,-4.786220638666519811e+00,3.002993993212036639e+00
-2.240698037331989134e+00,1.919056371355755131e-01,7.699588147579815578e-01,1.000000000000000000e+00,5.000000000000000000e-01,2.000000000000000111e-01,0.000000000000000000e+00,4.531944935514969686e+00,4.531944935514969686e+00,-4.030850503484263214e+00,4.300025844826289578e-01
2.432525606784773586e+00,1.526314353921591316e+00,5.308855612579300720e-01,1.000000000000000000e+00,5.000000000000000000e-01,2.000000000000000111e-01,0.000000000000000000e+00,-8.144713396048871346e+00,-8.144713396048871346e+00,-5.715126250091721261e+00,-3.712798749917428420e+00
-2.057602547044206531e+00,2.322153732872273668e+00,6.030361045461894998e-01,1.000000000000000000e+00,5.000000000000000000e-01,2.000000000000000111e-01,0.000000000000000000e+00,9.347574437379684298e+00,9.347574437379684298e+00,-6.236435924508000994e+00,4.778069435386202102e+00
7.911862064388488491e-01,6.517977687866407521e-01,8.723578932587925383e-01,1.000000000000000000e+00,5.000000000000000000e-01,2.000000000000000111e-01,0.000000000000000000e+00,-1.058302765663801104e+00,-1.058302765663801104e+00,-1.588005533653079837e+00,-5.156934040516082396e-01
-2.923354710668046863e-02,1.036512073276885326e+00,4.619131023719282858e-01,1.000000000000000000e+00,5.000000000000000000e-01,2.000000000000000111e-01,0.000000000000000000e+00,4.494218075478973590e-02,4.494218075478973590e-02,-1.537691399190237007e+00,3.030092452078286466e-02
-2.553356486465985231e+00,8.618246799648308087e-01,5.284436858146891458e-01,1.000000000000000000e+00,5.000000000000000000e-01,2.000000000000000111e-01,0.000000000000000000e+00,6.830986332542977379e+00,6.830986332542977379e+00,-5.283148497684994283e+00,2.200545636784672521e+00
1.982548603143539978e+00,2.222436916957975406e+00,9.930459954148698198e-01,1.000000000000000000e+00,5.000000000000000000e-01,2.000000000000000111e-01,0.000000000000000000e+00,-8.437157303844667666e+00,-8.437157303844667666e+00,-5.827912303224676904e+00,-4.406089205289669408e+00
4.090536162466662518e-02,8.610686998616499110e-01,9.891275266542247646e-01,1.000000000000000000e+00,5.000000000000000000e-01,2.000000000000000111e-01,0.000000000000000000e+00,-5.608347205747061387e-02,-5.608347205747061387e-02,-1.371723602106502904e+00,-3.522232655152231912e-02
3.623112095701328528e-01,2.724394833813613470e+00,6.138103918248426494e-01,1.000000000000000000e+00,5.000000000000000000e-01,2.000000000000000111e-01,0.000000000000000000e+00,-1.716419460233079120e+00,-1.716419460233079120e+00,-4.789925252803256761e+00,-9.870787875856313898e-01
1.502863147265239618e+00,2.494430519124530399e+00,4.978467176143056561e-01,1.000000000000000000e+00,5.000000000000000000e-01,2.000000000000000111e-01,0.000000000000000000e+00,-6.857281003673629804e+00,-6.857281003673629804e+00,-5.466250391014725984e+00,-3.748787700605957340e+00
-1.165467217551407808e+00,1.645660975305238249e+00,1.581209665879501625e-02,1.000000000000000000e+00,5.000000000000000000e-01,2.000000000000000111e-01,0.000000000000000000e+00,3.060240452646639131e+00,3.060240452646639131e+00,-3.169088323933506590e+00,1.917963917921932104e+00
-6.731965578142373730e-01,2.933279683293937623e+00,4.566413950064788230e-01,1.000000000000000000e+00,5.000000000000000000e-01,2.000000000000000111e-01,0.000000000000000000e+00,3.630349481513777121e+00,3.630349481513777121e+00,-5.573981013484253566e+00,1.974673785899915268e+00
-2.139308518310311324e+00,9.563438810564740544e-01,2.880361238789983513e-01,1.000000000000000000e+00,5.000000000000000000e-01,2.000000000000000111e-01,0.000000000000000000e+00,5.075776866239266383e+00,5.075776866239266383e+00,-4.203281371326116123e+00,2.045914611178058173e+00
2.267491415578601455e+00,3.754769111278144500e-02,4.467062812531426008e-01,1.000000000000000000e+00,5.000000000000000000e-01,2.000000000000000111e-01,0.000000000000000000e+00,-4.600759080382362143e+00,-4.600759080382362143e+00,-4.085615306387540890e+00,-8.513906727302887611e-02
-7.075639386965235644e-01,2.042071647746716678e+00,2.349370275767136418e-01,1.000000000000000000e+00,5.000000000000000000e-01,2.000000000000000111e-01,0.000000000000000000e+00,2.253702694138014717e+00,2.253702694138014717e+00,-3.385416343671737938e+00,1.444896258180166759e+00
2.092408770351736003e+00,2.439482124998583856e+00,9.870168465244237854e-01,1.000000000000000000e+00,5.000000000000000000e-01,2.000000000000000111e-01,0.000000000000000000e+00,-1.015063360799171477e+01,-1.015063360799171477e+01,-6.602441196440722138e+00,-5.104393793463327000e+00
2.112772846542262606e+00,2.824311027378456629e+00,2.337986797826648866e-01,1.000000000000000000e+00,5.000000000000000000e-01,2.000000000000000111e-01,0.000000000000000000e+00,-1.242548798891683859e+01,-1.242548798891683859e+01,-7.666651850337553142e+00,-5.967127648835083953e+00
-5.650341264469576075e-01,5.069845146248905809e-01,6.622591369520590687e-01,1.000000000000000000e+00,5.000000000000000000e-01,2.000000000000000111e-01,0.000000000000000000e+00,6.737293807720099448e-01,6.737293807720099448e-01,-1.320074787464523780e+00,2.864635523432098596e-01
5.796138970866033802e-01,1.040192043000457423e-01,2.778540579164934243e-02,1.000000000000000000e+00,5.000000000000000000e-01,2.000000000000000111e-01,0.000000000000000000e+00,-6.216941276358740609e-01,-6.216941276358740609e-01,-1.206981359249159169e+00,-6.029097637619708350e-02
-1.576882562225806916e+00,1.772048836544350081e+00,4.082481120944517761e-01,1.000000000000000000e+00,5.000000000000000000e-01,2.000000000000000111e-01,0.000000000000000000e+00,4.836914216571247316e+00,4.836914216571247316e+00,-4.062013708580187732e+00,2.794312909759314678e+00
-1.134920679737714266e-01,1.194030291301251712e+00,9.942692154435381902e-01,1.000000000000000000e+00,5.000000000000000000e-01,2.000000000000000111e-01,0.000000000000000000e+00,1.946877274646152123e-01,1.946877274646152123e-01,-1.720582437968253942e+00,1.355129669831037498e-01
-1.108781398750553038e+00,6.920151937615423021e-01,3.842892163100676273e-01,1.000000000000000000e+00,5.000000000000000000e-01,2.000000000000000111e-01,0.000000000000000000e+00,1.646897130044907342e+00,1.646897130044907342e+00,-1.977080228327552369e+00,7.672935744955579063e-01
2.579052563781156771e+00,2.005621438409225021e+00,9.330775975061711414e-02,1.000000000000000000e+00,5.000000000000000000e-01,2.000000000000000111e-01,0.000000000000000000e+00,-1.119711429209286102e+01,-1.119711429209286102e+01,-7.002165953151039623e+00,-5.172603112703763273e+00
1.018005119580088547e+00,1.570819420822805457e+00,6.781022038287042308e-01,1.000000000000000000e+00,5.000000000000000000e-01,2.000000000000000111e-01,0.000000000000000000e+00,-2.484954274829372256e+00,-2.484954274829372256e+00,-2.855537480511809445e+00,-1.599102212333445516e+00
2.387433766235125709e+00,1.838846862021959794e+00,8.567799208789881327e-01,1.000000000000000000e+00,5.000000000000000000e-01,2.000000000000000111e-01,0.000000000000000000e+00,-9.145415728405199118e+00,-9.145415728405199118e+00,-6.110582883879786209e+00,-4.390125089326730290e+00
-1.506865482359319497e+00,2.767297823773644083e+00,4.213870571557898348e-02,1.000000000000000000e+00,5.000000000000000000e-01,2.000000000000000111e-01,0.000000000000000000e+00,7.960917020258826859e+00,7.960917020258826859e+00,-6.191354771886763864e+00,4.169945570052567163e+00
-1.758957598559506730e+00,2.579159739376511773e+00,6.180744448770711941e-01,1.000000000000000000e+00,5.000000000000000000e-01,2.000000000000000111e-01,0.000000000000000000e+00,8.697726684987449275e+00,8.697726684987449275e+00,-6.182391580728494596e+00,4.536632621475072291e+00
-2.988246079442502534e+00,5.308558506322118564e-01,8.308061826747814571e-02,1.000000000000000000e+00,5.000000000000000000e-01,2.000000000000000111e-01,0.000000000000000000e+00,8.746078989217947353e+00,8.746078989217947353e+00,-6.498672745857318134e+00,1.586327914400821770e+00
5.204989200124376936e-01,1.919379524719996288e-01,7.945581371581452723e-01,1.000000000000000000e+00,5.000000000000000000e-01,2.000000000000000111e-01,0.000000000000000000e+00,-5.582891788102120056e-01,-5.582891788102120056e-01,-1.180971564240040239e+00,-9.990349697107439586e-02
-1.236353620399857300e+00,1.939921944986728430e+00,6.090644514617480354e-01,1.000000000000000000e+00,5.000000000000000000e-01,2.000000000000000111e-01,0.000000000000000000e+00,3.940707328680216115e+00,3.940707328680216115e+00,-3.798790741126046644e+00,2.398429519977474556e+00
-1.352089197128476306e+00,3.038124623511262445e-02,8.227234567265522269e-01,1.000000000000000000e+00,5.000000000000000000e-01,2.000000000000000111e-01,0.000000000000000000e+00,1.847076274223771186e+00,1.847076274223771186e+00,-2.097348628256315628e+00,4.107815482979597366e-02
-2.929783197665081218e-01,6.276399546136587348e-01,9.470077095352488206e-01,1.000000000000000000e+00,5.000000000000000000e-01,2.000000000000000111e-01,0.000000000000000000e+00,3.557147094453153024e-01,3.557147094453153024e-01,-1.248467733825641579e+00,1.838848993210371596e-01
4.079857021718105159e-01,2.752072068500400537e+00,7.459906455434911488e-01,1.000000000000000000e+00,5.000000000000000000e-01,2.000000000000000111e-01,0.000000000000000000e+00,-1.966589328137292370e+00,-1.966589328137292370e+00,-4.886821735016011914e+00,-1.122806055294562899e+00
1.507167111401612303e+00,1.171551899535602681e+00,7.995053234247099239e-01,1.000000000000000000e+00,5.000000000000000000e-01,2.000000000000000111e-01,0.000000000000000000e+00,-3.226207957656018088e+00,-3.226207957656018088e+00,-3.049198547667147707e+00,-1.765724492280146274e+00
2.313928481851612595e+00,2.195763399570203056e+00,4.318469992123792345e-01,1.000000000000000000e+00,5.000000000000000000e-01,2.000000000000000111e-01,0.000000000000000000e+00,-1.036996642057784612e+01,-1.036996642057784612e+01,-6.623247464920513750e+00,-5.080839469672815412e+00
-1.834302037071496638e+00,1.975547837677772645e+00,3.161299331276176128e-01,1.000000000000000000e+00,5.000000000000000000e-01,2.000000000000000111e-01,0.000000000000000000e+00,6.648111173404380736e+00,6.648111173404380736e+00,-4.970193007399446472e+00,3.623751422984528681e+00
-4.003314443194749828e-02,3.356351247223700041e-01,9.350583187048298051e-01,1.000000000000000000e+00,5.000000000000000000e-01,2.000000000000000111e-01,0.000000000000000000e+00,4.230086189157948595e-02,4.230086189157948595e-02,-1.057287060065565942e+00,1.343652942444535127e-02
2.516222019275147659e+00,2.233138757955136722e+00,3.137963342194791672e-01,1.000000000000000000e+00,5.000000000000000000e-01,2.000000000000000111e-01,0.000000000000000000e+00,-1.197653493117733170e+01,-1.197653493117733170e+01,-7.292278306311766656e+00,-5.619072914863469492e+00
-1.091466669143175805e+00,2.257584351631619857e+00,8.790975478476422689e-01,1.000000000000000000e+00,5.000000000000000000e-01,2.000000000000000111e-01,0.000000000000000000e+00,4.132951455304378463e+00,4.132951455304378463e+00,-4.263123246276279588e+00,2.464078072585120349e+00
3.262713429238379703e-01,4.308663568310278080e-02,4.629363154466925590e-01,1.000000000000000000e+00,5.000000000000000000e-01,2.000000000000000111e-01,0.000000000000000000e+00,-3.335207094244517223e-01,-3.335207094244517223e-01,-1.064800022615238984e+00,-1.405793448639610158e-02
-3.265367826165626042e-01,2.871477225421958046e+00,2.302470967987735317e-02,1.000000000000000000e+00,5.000000000000000000e-01,2.000000000000000111e-01,0.000000000000000000e+00,1.679710428535783784e+00,1.679710428535783784e+00,-5.186666490299439047e+00,9.376429345460202125e-01
1.492891342650307429e+00,3.091479062407396228e-01,5.960637001902090448e-01,1.000000000000000000e+00,5.000000000000000000e-01,2.000000000000000111e-01,0.000000000000000000e+00,-2.229679688220884692e+00,-2.229679688220884692e+00,-2.385020950542659612e+00,-4.615242328252691095e-01
1.370039392928681821e+00,1.425193015995525059e+00,7.513792848896824195e-01,1.000000000000000000e+00,5.000000000000000000e-01,2.000000000000000111e-01,0.000000000000000000e+00,-3.275749329122614295e+00,-3.275749329122614295e+00,-3.141792329327045330e+00,-1.952570574440706253e+00
-6.066473292923997285e-01,1.444313416049778587e+00,2.479887056016427671e-02,1.000000000000000000e+00,5.000000000000000000e-01,2.000000000000000111e-01,0.000000000000000000e+00,1.284044793146753127e+00,1.284044793146753127e+00,-2.263833211173251314e+00,8.761888765077807673e-01
-1.406919206813455947e+00,1.411390210168448345e+00,9.890686959250288846e-01,1.000000000000000000e+00,5.000000000000000000e-01,2.000000000000000111e-01,0.000000000000000000e+00,3.365203710607957088e+00,3.365203710607957088e+00,-3.183664155380030891e+00,1.985711994994470153e+00
7.804626133547563072e-01,2.979540249465156609e+00,3.375184922333451798e-01,1.000000000000000000e+00,5.000000000000000000e-01,2.000000000000000111e-01,0.000000000000000000e+00,-4.339882886262309114e+00,-4.339882886262309114e+00,-5.804303183598165994e+00,-2.325419769693258587e+00
2.605895945476569331e+00,5.210607896565784269e-01,4.574427877765882000e-01,1.000000000000000000e+00,5.000000000000000000e-01,2.000000000000000111e-01,0.000000000000000000e+00,-6.498820208195345671e+00,-6.498820208195345671e+00,-5.210168380449502479e+00,-1.357830199112897152e+00
-5.903744489250684069e-01,2.423375076870714295e+00,7.441736120263493515e-01,1.000000000000000000e+00,5.000000000000000000e-01,2.000000000000000111e-01,0.000000000000000000e+00,2.365088322972896506e+00,2.365088322972896506e+00,-4.145498575565217614e+00,1.430698725546293293e+00
-2.179477317546307802e-03,2.636730712628582829e+00,5.819459308028042122e-01,1.000000000000000000e+00,5.000000000000000000e-01,2.000000000000000111e-01,0.000000000000000000e+00,9.755722700226034799e-03,9.755722700226034799e-03,-4.476177275532243982e+00,5.746694780651708315e-03
-1.518343067815425940e+00,4.333859322282200832e-01,4.724547629024588025e-01,1.000000000000000000e+00,5.000000000000000000e-01,2.000000000000000111e-01,0.000000000000000000e+00,2.361000418123260669e+00,2.361000418123260669e+00,-2.477131086076557409e+00,6.580285258874439824e-01
2.323048649135552424e+00,7.747572668369451243e-03,9.663475964281530439e-01,1.000000000000000000e+00,5.000000000000000000e-01,2.000000000000000111e-01,0.000000000000000000e+00,-4.830410342239753518e+00,-4.830410342239753518e+00,-4.237963028191435555e+00,-1.799798822133518231e-02
-2.674509754812601336e+00,7.754817544389088768e-01,1.314873544556143248e-01,1.000000000000000000e+00,5.000000000000000000e-01,2.000000000000000111e-01,0.000000000000000000e+00,7.304852284339298230e+00,7.304852284339298230e+00,-5.592487432886481535e+00,2.074033516926052201e+00
-7.132598950447173181e-01,1.325414536460172155e-01,7.183154225815588934e-01,1.000000000000000000e+00,5.000000000000000000e-01,2.000000000000000111e-01,0.000000000000000000e+00,7.920976196806567282e-01,7.920976196806567282e-01,-1.314027425194820298e+00,9.453650331663250583e-02
-2.460018703244131633e+00,2.030214535827409295e-01,1.464115751398642473e-02,1.000000000000000000e+00,5.000000000000000000e-01,2.000000000000000111e-01,0.000000000000000000e+00,5.488171984000483228e+00,5.488171984000483228e+00,-4.651624067493989045e+00,4.994365729733529768e-01
-3.518578236154912275e-01,2.484616884257164315e+00,7.685662095951990569e-01,1.000000000000000000e+00,5.000000000000000000e-01,2.000000000000000111e-01,0.000000000000000000e+00,1.446635756346318358e+00,1.446635756346318358e+00,-4.160942887591547290e+00,8.742318894130286511e-01
5.993006846689521439e-01,7.774217227151902776e-02,7.144853673459783394e-01,1.000000000000000000e+00,5.000000000000000000e-01,2.000000000000000111e-01,0.000000000000000000e+00,-6.441608488721350945e-01,-6.441608488721350945e-01,-1.218518709061552130e+00,-4.659093706997297774e-02
-2.341734747149232021e+00,7.964360930076305189e-01,4.104530907949639484e-01,1.000000000000000000e+00,5.000000000000000000e-01,2.000000000000000111e-01,0.000000000000000000e+00,5.652712453121253589e+00,5.652712453121253589e+00,-4.607388200726276750e+00,1.865042072879745882e+00
9.992404835950132735e-01,2.314517639429252149e-01,4.136302688678874517e-01,1.000000000000000000e+00,5.000000000000000000e-01,2.000000000000000111e-01,0.000000000000000000e+00,-1.225549735683481689e+00,-1.225549735683481689e+00,-1.625873885949263409e+00,-2.312759725312474590e-01
-1.404640270628417120e+00,4.245620345744481883e-01,5.714193673439842414e-01,1.000000000000000000e+00,5.000000000000000000e-01,2.000000000000000111e-01,0.000000000000000000e+00,2.085510591853431350e+00,2.085510591853431350e+00,-2.273935034523641541e+00,5.963569311432043163e-01
-1.735170889130996708e+00,1.625234208983289186e+00,9.015947699360871148e-01,1.000000000000000000e+00,5.000000000000000000e-01,2.000000000000000111e-01,0.000000000000000000e+00,5.071655893510086166e+00,5.071655893510086166e+00,-4.127183925717361035e+00,2.820059087447646107e+00
-9.723976745720279702e-01,2.725194833531149996e+00,1.557315407881428859e-01,1.000000000000000000e+00,5.000000000000000000e-01,2.000000000000000111e-01,0.000000000000000000e+00,4.767135732644526946e+00,4.767135732644526946e+00,-5.280677782860289327e+00,2.649973118881395084e+00
2.574633301256623596e+00,2.613674320605348544e+00,3.862706355324263541e-01,1.000000000000000000e+00,5.000000000000000000e-01,2.000000000000000111e-01,0.000000000000000000e+00,-1.478198432779592864e+01,-1.478198432779592864e+01,-8.392888708659663521e+00,-6.729252944469811482e+00
2.292538469668730983e+00,3.401369516422682038e-01,4.594015432921862985e-01,1.000000000000000000e+00,5.000000000000000000e-01,2.000000000000000111e-01,0.000000000000000000e+00,-4.834947813828972762e+00,-4.834947813828972762e+00,-4.211286153882875638e+00,-7.797770465957527541e-01
-1.189898866275308054e+00,2.496902876269716742e+00,3.537269483891457567e-01,1.000000000000000000e+00,5.000000000000000000e-01,2.000000000000000111e-01,0.000000000000000000e+00,5.236071248228602037e+00,5.236071248228602037e+00,-4.966777573939950230e+00,2.971061901672891636e+00
-2.812636248945079576e+00,2.605150355256824923e+00,2.410659057095715374e-01,1.000000000000000000e+00,5.000000000000000000e-01,2.000000000000000111e-01,0.000000000000000000e+00,1.680715744413132384e+01,1.680715744413132384e+01,-9.139957788075289358e+00,7.327340323147497614e+00
-2.411530750869824935e+00,7.468312075646751369e-01,4.863912208293122985e-01,1.000000000000000000e+00,5.000000000000000000e-01,2.000000000000000111e-01,0.000000000000000000e+00,5.888896693095651891e+00,5.888896693095651891e+00,-4.768166763730725677e+00,1.801006422751459057e+00
-2.833381376436925336e-01,6.224978585485845262e-01,3.358293728960094482e-01,1.000000000000000000e+00,5.000000000000000000e-01,2.000000000000000111e-01,0.000000000000000000e+00,3.427847150252035235e-01,3.427847150252035235e-01,-1.241920092094824346e+00,1.763773839283426792e-01
-2.846885183935327746e+00,1.095757009984968056e+00,5.903599438712613390e-01,1.000000000000000000e+00,5.000000000000000000e-01,2.000000000000000111e-01,0.000000000000000000e+00,9.170650638872073657e+00,9.170650638872073657e+00,-6.463194862771890037e+00,3.119494396919480383e+00
1.127351294581880659e+00,2.337200257227679323e+00,4.334793925010358429e-01,1.000000000000000000e+00,5.000000000000000000e-01,2.000000000000000111e-01,0.000000000000000000e+00,-4.492987233897019372e+00,-4.492987233897019372e+00,-4.493805086029830420e+00,-2.634845735682728840e+00
5.931905582726879622e-01,2.974380864391940271e+00,8.318242067910884829e-01,1.000000000000000000e+00,5.000000000000000000e-01,2.000000000000000111e-01,0.000000000000000000e+00,-3.258897439913259753e+00,-3.258897439913259753e+00,-5.634595786284790186e+00,-1.764374645464255265e+00
-5.226177129605682481e-01,1.619248836000565683e+00,8.360482994746237795e-01,1.000000000000000000e+00,5.000000000000000000e-01,2.000000000000000111e-01,0.000000000000000000e+00,1.236309296633373300e+00,1.236309296633373300e+00,-2.474860960784674546e+00,8.462481233846779194e-01
-2.100131464197450004e+00,1.215512213730094881e+00,5.447330364675063707e-01,1.000000000000000000e+00,5.000000000000000000e-01,2.000000000000000111e-01,0.000000000000000000e+00,5.504119896254190181e+00,5.504119896254190181e+00,-4.385066271010793493e+00,2.552735445170867923e+00
2.733591289484428088e+00,1.085360602423567800e+00,8.749669102389261433e-01,1.000000000000000000e+00,5.000000000000000000e-01,2.000000000000000111e-01,0.000000000000000000e+00,-8.429050845588578866e+00,-8.429050845588578866e+00,-6.072516621413708293e+00,-2.966932288734636547e+00
-7.912458675315532375e-01,1.346892751136688382e+00,5.090380472450186655e-01,1.000000000000000000e+00,5.000000000000000000e-01,2.000000000000000111e-01,0.000000000000000000e+00,1.608028440675716375e+00,1.608028440675716375e+00,-2.282702055263734486e+00,1.065723323345109330e+00
-1.520487242837149644e+00,7.319559727746808298e-01,3.544684460139012616e-01,1.000000000000000000e+00,5.000000000000000000e-01,2.000000000000000111e-01,0.000000000000000000e+00,2.630832272406579353e+00,2.630832272406579353e+00,-2.655008646418575147e+00,1.112929718922358147e+00
2.910289509519785156e+00,2.115429825410972242e+00,5.750305719174521046e-01,1.000000000000000000e+00,5.000000000000000000e-01,2.000000000000000111e-01,0.000000000000000000e+00,-1.435203066580746878e+01,-1.435203066580746878e+01,-8.319392690651696398e+00,-6.156513229018822919e+00
1.503846537538182204e+00,1.746735942266576913e+00,8.509762726467161587e-01,1.000000000000000000e+00,5.000000000000000000e-01,2.000000000000000111e-01,0.000000000000000000e+00,-4.478235589152586904e+00,-4.478235589152586904e+00,-3.882475871082300856e+00,-2.626822798771085932e+00
2.523958000444910255e-01,1.045038500223309574e+00,5.452635429375823906e-01,1.000000000000000000e+00,5.000000000000000000e-01,2.000000000000000111e-01,0.000000000000000000e+00,-3.934329228069234352e-01,-3.934329228069234352e-01,-1.584274917402551441e+00,-2.637633283411572327e-01
-8.960747717109787125e-01,2.115054939352093211e+00,8.022751169111851377e-01,1.000000000000000000e+00,5.000000000000000000e-01,2.000000000000000111e-01,0.000000000000000000e+00,3.044251576325999853e+00,3.044251576325999853e+00,-3.718498696136973258e+00,1.895247371936104930e+00
1.850485594118275401e+00,2.342668132508285872e+00,3.533348273213609003e-01,1.000000000000000000e+00,5.000000000000000000e-01,2.000000000000000111e-01,0.000000000000000000e+00,-8.195627447120893194e+00,-8.195627447120893194e+00,-5.798625149958490432e+00,-4.335073631006546080e+00
1.212298710374559718e+00,5.600654917793782550e-01,6.660658604271750827e-01,1.000000000000000000e+00,5.000000000000000000e-01,2.000000000000000111e-01,0.000000000000000000e+00,-1.758766976076310051e+00,-1.758766976076310051e+00,-2.038637575446530903e+00,-6.789666734094338407e-01
2.306466658723589802e+00,1.169388972509989522e+00,5.644954043223752160e-01,1.000000000000000000e+00,5.000000000000000000e-01,2.000000000000000111e-01,0.000000000000000000e+00,-6.337462233112347576e+00,-6.337462233112347576e+00,-4.875608353196120959e+00,-2.697156676173327217e+00
2.863657457824178465e+00,1.871522522125208088e+00,6.544618849607956035e-01,1.000000000000000000e+00,5.000000000000000000e-01,2.000000000000000111e-01,0.000000000000000000e+00,-1.257547991500383411e+01,-1.257547991500383411e+01,-7.671618696862172904e+00,-5.359399427969767871e+00
4.800287199233155278e-01,2.238159965505387650e+00,4.455591073924560774e-01,1.000000000000000000e+00,5.000000000000000000e-01,2.000000000000000111e-01,0.000000000000000000e+00,-1.704469432106908267e+00,-1.704469432106908267e+00,-3.642936558766269428e+00,-1.074381063225163357e+00
1.962608177973327983e+00,1.979892862393282105e-01,1.306145346561983223e-01,1.000000000000000000e+00,5.000000000000000000e-01,2.000000000000000111e-01,0.000000000000000000e+00,-3.513002009560035166e+00,-3.513002009560035166e+00,-3.330698394881451474e+00,-3.885753923244076313e-01
2.480014549822706194e+00,3.183315622964882907e-01,1.605530662998266855e-02,1.000000000000000000e+00,5.000000000000000000e-01,2.000000000000000111e-01,0.000000000000000000e+00,-5.656322759285590251e+00,-5.656322759285590251e+00,-4.740950792176453987e+00,-7.894669061630841256e-01
-1.768617121181099927e+00,2.333813017309282145e+00,8.729882038508440800e-02,1.000000000000000000e+00,5.000000000000000000e-01,2.000000000000000111e-01,0.000000000000000000e+00,7.691614879315405773e+00,7.691614879315405773e+00,-5.600145512682081161e+00,4.127621660048519381e+00
7.672038189711569700e-01,2.277442996680102638e+00,7.145183186287651367e-02,1.000000000000000000e+00,5.000000000000000000e-01,2.000000000000000111e-01,0.000000000000000000e+00,-2.847165214343241768e+00,-2.847165214343241768e+00,-3.946534321469979734e+00,-1.747262964542090735e+00
2.091833477464223989e+00,6.319896001992580947e-01,4.245472553578446551e-01,1.000000000000000000e+00,5.000000000000000000e-01,2.000000000000000111e-01,0.000000000000000000e+00,-4.340259280564684019e+00,-4.340259280564684019e+00,-3.825165805844049860e+00,-1.322017003106038757e+00
1.796731433879654283e+00,1.167212529688545608e+00,3.771097132956352516e-01,1.000000000000000000e+00,5.000000000000000000e-01,2.000000000000000111e-01,0.000000000000000000e+00,-4.180708930206783691e+00,-4.180708930206783691e+00,-3.618138852025710506e+00,-2.097167442109598934e+00
1.440401004533698348e+00,2.044819413534461283e+00,6.305422655334327331e-01,1.000000000000000000e+00,5.000000000000000000e-01,2.000000000000000111e-01,0.000000000000000000e+00,-5.049461447147344018e+00,-5.049461447147344018e+00,-4.335496249300721416e+00,-2.945359937345045864e+00
-2.427901639842886539e-01,1.525902950555353410e+00,9.550814012568260569e-01,1.000000000000000000e+00,5.000000000000000000e-01,2.000000000000000111e-01,0.000000000000000000e+00,5.283063759297721429e-01,5.283063759297721429e-01,-2.199558145493277550e+00,3.704742275894441494e-01
2.190092810644761911e+00,2.344046910562439745e+00,4.152407718687305405e-01,1.000000000000000000e+00,5.000000000000000000e-01,2.000000000000000111e-01,0.000000000000000000e+00,-1.030784540729670162e+01,-1.030784540729670162e+01,-6.625181871001383449e+00,-5.133680286636864487e+00
-5.430369783519806148e-02,6.188442226388253253e-01,3.248588259795328614e-01,1.000000000000000000e+00,5.000000000000000000e-01,2.000000000000000111e-01,0.000000000000000000e+00,6.473401892236173294e-02,6.473401892236173294e-02,-1.193253420905871831e+00,3.360552967323680862e-02
-1.234971719491408937e+00,1.261232284772680678e+00,6.180528357189153388e-01,1.000000000000000000e+00,5.000000000000000000e-01,2.000000000000000111e-01,0.000000000000000000e+00,2.593915417625504372e+00,2.593915417625504372e+00,-2.710446526842598569e+00,1.557586203403795722e+00
-3.342448811718234936e-01,9.864957826657361206e-01,5.238157419169023887e-01,1.000000000000000000e+00,5.000000000000000000e-01,2.000000000000000111e-01,0.000000000000000000e+00,5.043524269358808931e-01,5.043524269358808931e-01,-1.553618748962381391e+00,3.297311656536139890e-01
1.947174066801041548e+00,2.511585031548772662e+00,5.246295792655897294e-02,1.000000000000000000e+00,5.000000000000000000e-01,2.000000000000000111e-01,0.000000000000000000e+00,-9.565155848429297336e+00,-9.565155848429297336e+00,-6.428921793203429047e+00,-4.890493239997446118e+00
-2.526027143491704763e+00,9.907842798874361145e-01,7.897970274891321640e-01,1.000000000000000000e+00,5.000000000000000000e-01,2.000000000000000111e-01,0.000000000000000000e+00,6.989490255806291685e+00,6.989490255806291685e+00,-5.319314622430150408e+00,2.502747984340545795e+00
-2.926685969770264961e+00,2.180716704802326156e+00,3.521081884542669460e-01,1.000000000000000000e+00,5.000000000000000000e-01,2.000000000000000111e-01,0.000000000000000000e+00,1.489935095477153659e+01,1.489935095477153659e+01,-8.517057132692027466e+00,6.382272983988612758e+00
-2.620449458032725332e+00,1.308134554608052724e+00,5.457110305841832432e-01,1.000000000000000000e+00,5.000000000000000000e-01,2.000000000000000111e-01,0.000000000000000000e+00,8.461324068314938884e+00,8.461324068314938884e+00,-5.975661223742207540e+00,3.427900484656552393e+00
-2.201698151849554641e+00,5.423053422734578355e-01,6.498743117290967097e-01,1.000000000000000000e+00,5.000000000000000000e-01,2.000000000000000111e-01,0.000000000000000000e+00,4.659987694049873674e+00,4.659987694049873674e+00,-4.055532393243812983e+00,1.193992669821612340e+00
-1.607737693365272502e+00,1.882822573103613006e+00,9.311456623079892303e-01,1.000000000000000000e+00,5.000000000000000000e-01,2.000000000000000111e-01,0.000000000000000000e+00,5.288612175605518217e+00,5.288612175605518217e+00,-4.323402715294747622e+00,3.027084820697670153e+00
-2.177451501802819767e+00,4.791633303821093426e-01,3.193590142786048025e-01,1.000000000000000000e+00,5.000000000000000000e-01,2.000000000000000111e-01,0.000000000000000000e+00,4.492208211573266219e+00,4.492208211573266219e+00,-3.959575774213451194e+00,1.043354913349364699e+00
-2.890092227761222432e+00,3.534860596804826338e-01,4.667119291829517902e-01,1.000000000000000000e+00,5.000000000000000000e-01,2.000000000000000111e-01,0.000000000000000000e+00,7.898630191732501693e+00,7.898630191732501693e+00,-6.074056048173712696e+00,1.021607313704502529e+00
-1.382066882122473306e+00,2.576574791246808882e+00,8.715369256279122956e-01,1.000000000000000000e+00,5.000000000000000000e-01,2.000000000000000111e-01,0.000000000000000000e+00,6.497636249254685303e+00,6.497636249254685303e+00,-5.465434147440109136e+00,3.560998688293839809e+00
6.235864780918221051e-01,2.689014862657758353e+00,9.481064647172179338e-01,1.000000000000000000e+00,5.000000000000000000e-01,2.000000000000000111e-01,0.000000000000000000e+00,-2.926598900954291871e+00,-2.926598900954291871e+00,-4.848716523192539540e+00,-1.676833307741316226e+00
1.460365221191350038e+00,1.044178325923352801e+00,7.303108044830982637e-01,1.000000000000000000e+00,5.000000000000000000e-01,2.000000000000000111e-01,0.000000000000000000e+00,-2.879383857924153300e+00,-2.879383857924153300e+00,-2.824754135723204662e+00,-1.524881711900270664e+00
-1.610774708076858630e-01,1.094719367880370609e+00,8.266443996785579618e-01,1.000000000000000000e+00,5.000000000000000000e-01,2.000000000000000111e-01,0.000000000000000000e+00,2.584317981746979132e-01,2.584317981746979132e-01,-1.614772818167279578e+00,1.763346270223587198e-01
2.559996694459654165e+00,1.811097582543542028e+00,3.404391620477642544e-02,1.000000000000000000e+00,5.000000000000000000e-01,2.000000000000000111e-01,0.000000000000000000e+00,-1.011391677582736826e+01,-1.011391677582736826e+01,-6.572187072134145325e+00,-4.636403824655338290e+00
-2.739973514603860405e+00,1.854326032867453122e+00,5.776901943905971004e-01,1.000000000000000000e+00,5.000000000000000000e-01,2.000000000000000111e-01,0.000000000000000000e+00,1.156475277490501874e+01,1.156475277490501874e+01,-7.223735434523352872e+00,5.080804217497268738e+00
2.279362616475784975e+00,1.755804250329929594e+00,3.034144681750406969e-01,1.000000000000000000e+00,5.000000000000000000e-01,2.000000000000000111e-01,0.000000000000000000e+00,-8.161310433678975684e+00,-8.161310433678975684e+00,-5.658720645170725483e+00,-4.002114570051332088e+00
-2.711418485888247965e+00,7.996543703618212984e-01,5.975067458503547924e-01,1.000000000000000000e+00,5.000000000000000000e-01,2.000000000000000111e-01,0.000000000000000000e+00,7.565078819629282414e+00,7.565078819629282414e+00,-5.730797679389292298e+00,2.168197642120369917e+00
5.995777311663781362e-01,2.368756064990537702e+00,6.330812283825012488e-01,1.000000000000000000e+00,5.000000000000000000e-01,2.000000000000000111e-01,0.000000000000000000e+00,-2.324803497573268540e+00,-2.324803497573268540e+00,-4.021198721141101551e+00,-1.420253387133624257e+00
-1.770850418245546010e+00,9.054096892884221370e-01,4.034233610605710840e-01,1.000000000000000000e+00,5.000000000000000000e-01,2.000000000000000111e-01,0.000000000000000000e+00,3.607338458223188216e+00,3.607338458223188216e+00,-3.291430075008933809e+00,1.603345126959972111e+00
1.304580832572273863e+00,2.615615046840129132e+00,8.590171535195961772e-01,1.000000000000000000e+00,5.000000000000000000e-01,2.000000000000000111e-01,0.000000000000000000e+00,-6.211249281528493427e+00,-6.211249281528493427e+00,-5.441879725857226013e+00,-3.412281255495262844e+00
1.483120115511852966e+00,2.829399602646746281e+00,8.153472670323560489e-01,1.000000000000000000e+00,5.000000000000000000e-01,2.000000000000000111e-01,0.000000000000000000e+00,-8.072148355122033436e+00,-8.072148355122033436e+00,-6.322538221950319226e+00,-4.196339465506633282e+00
1.885696365744201408e+00,8.154035866874428384e-01,5.933176872856993356e-02,1.000000000000000000e+00,5.000000000000000000e-01,2.000000000000000111e-01,0.000000000000000000e+00,-3.853631082795546892e+00,-3.853631082795546892e+00,-3.465951974859907025e+00,-1.537603580031297934e+00
-1.231275872136714300e+00,1.815537940508771930e+00,8.894990603377076477e-01,1.000000000000000000e+00,5.000000000000000000e-01,2.000000000000000111e-01,0.000000000000000000e+00,3.633860863178560052e+00,3.633860863178560052e+00,-3.557713170697032634e+00,2.235428061097232355e+00
-2.052101287632858373e+00,2.115520381763085211e+00,7.425711423433850600e-01,1.000000000000000000e+00,5.000000000000000000e-01,2.000000000000000111e-01,0.000000000000000000e+00,8.372444344168114228e+00,8.372444344168114228e+00,-5.764385059650176224e+00,4.341262099429583188e+00
1.561585724060025271e+00,6.851218115295223399e-01,8.500691015491332880e-01,1.000000000000000000e+00,5.000000000000000000e-01,2.000000000000000111e-01,0.000000000000000000e+00,-2.689684531678604884e+00,-2.689684531678604884e+00,-2.697825932469591237e+00,-1.069876440126645400e+00
1.122156027605959672e+00,2.894729098792962141e+00,3.053884019957004980e-01,1.000000000000000000e+00,5.000000000000000000e-01,2.000000000000000111e-01,0.000000000000000000e+00,-6.106296306841003663e+00,-6.106296306841003663e+00,-5.945268767874789972e+00,-3.248337706496890132e+00
-2.727575770957946233e-01,1.339093008083547920e+00,4.060654072175758911e-01,1.000000000000000000e+00,5.000000000000000000e-01,2.000000000000000111e-01,0.000000000000000000e+00,5.213663933542341811e-01,5.213663933542341811e-01,-1.941223059667023465e+00,3.652477643907878768e-01
-4.072129700987194845e-01,1.535402997364914368e+00,7.468714530245516015e-01,1.000000000000000000e+00,5.000000000000000000e-01,2.000000000000000111e-01,0.000000000000000000e+00,9.007126023817511040e-01,9.007126023817511040e-01,-2.278224623968553963e+00,6.252360148554431118e-01
8.157687770610877465e-03,1.051946165665169408e+00,8.662297427021182772e-01,1.000000000000000000e+00,5.000000000000000000e-01,2.000000000000000111e-01,0.000000000000000000e+00,-1.267140720081663327e-02,-1.267140720081663327e-02,-1.553335296450683689e+00,-8.581448370987756341e-03
2.730494967410542984e+00,1.191240426919706552e+00,2.935576280232334856e-01,1.000000000000000000e+00,5.000000000000000000e-01,2.000000000000000111e-01,0.000000000000000000e+00,-8.739351702186029414e+00,-8.739351702186029414e+00,-6.182888537596504364e+00,-3.252675990680245377e+00
-2.240817425449080247e+00,2.645226741563153627e-01,6.811884895925593986e-01,1.000000000000000000e+00,5.000000000000000000e-01,2.000000000000000111e-01,0.000000000000000000e+00,4.569561545064988017e+00,4.569561545064988017e+00,-4.047743763089151514e+00,5.927470176758605769e-01
5.730211826058662083e-01,2.813728311601681575e+00,3.920559910609768828e-01,1.000000000000000000e+00,5.000000000000000000e-01,2.000000000000000111e-01,0.000000000000000000e+00,-2.878975409930758733e+00,-2.878975409930758733e+00,-5.155545471183439865e+00,-1.612325924645602759e+00
2.149577278087705601e+00,2.632790831812978460e+00,4.694739691538722948e-01,1.000000000000000000e+00,5.000000000000000000e-01,2.000000000000000111e-01,0.000000000000000000e+00,-1.158607165377306991e+01,-1.158607165377306991e+01,-7.238203266721807694e+00,-5.659387350022808683e+00
-2.389181356263152978e+00,2.307464615216304082e+00,4.881723627624059425e-01,1.000000000000000000e+00,5.000000000000000000e-01,2.000000000000000111e-01,0.000000000000000000e+00,1.147723059760181741e+01,1.147723059760181741e+01,-7.087109007106927372e+00,5.512951438911724011e+00
1.457772719145499885e+00,2.994830234948185677e+00,3.862222424812680188e-01,1.000000000000000000e+00,5.000000000000000000e-01,2.000000000000000111e-01,0.000000000000000000e+00,-8.614743348801198408e+00,-8.614743348801198408e+00,-6.759564848490821731e+00,-4.365781814979572850e+00
1.913440098172744186e+00,2.602548714717111800e+00,8.886607010438420939e-01,1.000000000000000000e+00,5.000000000000000000e-01,2.000000000000000111e-01,0.000000000000000000e+00,-9.794671221947496065e+00,-9.794671221947496065e+00,-6.583381711815038173e+00,-4.979821068187659350e+00
-1.508536891559960624e+00,1.849405762791904717e+00,8.364666652116823364e-01,1.000000000000000000e+00,5.000000000000000000e-01,2.000000000000000111e-01,0.000000000000000000e+00,4.774953039101618835e+00,4.774953039101618835e+00,-4.075560969642386233e+00,2.789896820635177743e+00
-9.387696596571344365e-01,7.313359568909494346e-02,4.333068235859882655e-02,1.000000000000000000e+00,5.000000000000000000e-01,2.000000000000000111e-01,0.000000000000000000e+00,1.106745551269305405e+00,1.106745551269305405e+00,-1.531447345744871180e+00,6.865560073455413692e-02
-4.336903263505984540e-01,2.878141261401319095e+00,6.325142560952801141e-02,1.000000000000000000e+00,5.000000000000000000e-01,2.000000000000000111e-01,0.000000000000000000e+00,2.246284308589588719e+00,2.246284308589588719e+00,-5.254700939792440906e+00,1.248222022940261189e+00
2.935990902569561634e+00,2.338439355014935384e+00,8.052638077977081199e-02,1.000000000000000000e+00,5.000000000000000000e-01,2.000000000000000111e-01,0.000000000000000000e+00,-1.602510171762532920e+01,-1.602510171762532920e+01,-8.906174856524071259e+00,-6.865636672534483509e+00
2.447196211864316240e+00,1.591656019415789380e+00,1.462174356768570771e-01,1.000000000000000000e+00,5.000000000000000000e-01,2.000000000000000111e-01,0.000000000000000000e+00,-8.478160288754681417e+00,-8.478160288754681417e+00,-5.859946021689093953e+00,-3.895094581305356130e+00
2.570766667244855697e+00,1.505553393544755592e+00,2.149370657672621254e-01,1.000000000000000000e+00,5.000000000000000000e-01,2.000000000000000111e-01,0.000000000000000000e+00,-8.882291290607101431e+00,-8.882291290607101431e+00,-6.098650264857399250e+00,-3.870426479882234094e+00
-8.004074904164610871e-01,1.889342113149856672e+00,1.976222207516492579e-01,1.000000000000000000e+00,5.000000000000000000e-01,2.000000000000000111e-01,0.000000000000000000e+00,2.331536786332207623e+00,2.331536786332207623e+00,-3.169198100689648800e+00,1.512243579324410225e+00
2.307669036489756742e+00,2.180404624316048423e+00,2.833058102191065020e-01,1.000000000000000000e+00,5.000000000000000000e-01,2.000000000000000111e-01,0.000000000000000000e+00,-1.025101071645013917e+01,-1.025101071645013917e+01,-6.572283992053542079e+00,-5.031652238553225409e+00
-2.377203243495973339e-02,1.646105646364178110e+00,3.900558856312124068e-01,1.000000000000000000e+00,5.000000000000000000e-01,2.000000000000000111e-01,0.000000000000000000e+00,5.598182705409379678e-02,5.598182705409379678e-02,-2.355170965211667689e+00,3.913127681673959912e-02
5.853278694806034466e-01,1.059738304535192022e+00,7.242267766811100183e-01,1.000000000000000000e+00,5.000000000000000000e-01,2.000000000000000111e-01,0.000000000000000000e+00,-9.541104041087393739e-01,-9.541104041087393739e-01,-1.767087865923983037e+00,-6.202943640005708081e-01
9.554909601198104951e-01,2.346827719533398637e-01,5.974441318879412099e-01,1.000000000000000000e+00,5.000000000000000000e-01,2.000000000000000111e-01,0.000000000000000000e+00,-1.156268845711229787e+00,-1.156268845711229787e+00,-1.575315786648258332e+00,-2.242372670972752335e-01
1.423523568969195630e+00,1.194210802763704615e+00,1.251086721202805396e-01,1.000000000000000000e+00,5.000000000000000000e-01,2.000000000000000111e-01,0.000000000000000000e+00,-3.015526264200349083e+00,-3.015526264200349083e+00,-2.928921331565243591e+00,-1.699987224051756840e+00
-9.904173320952711634e-01,2.844745384443710945e-01,6.730997388393274994e-01,1.000000000000000000e+00,5.000000000000000000e-01,2.000000000000000111e-01,0.000000000000000000e+00,1.224797791031978722e+00,1.224797791031978722e+00,-1.629018776540398061e+00,2.817485134151076487e-01
-7.666792700684483819e-01,1.142150004071671887e+00,5.808752485654153919e-01,1.000000000000000000e+00,5.000000000000000000e-01,2.000000000000000111e-01,0.000000000000000000e+00,1.356878737001428359e+00,1.356878737001428359e+00,-2.004931577792073316e+00,8.756627314303447873e-01
-2.251420659135594082e+00,2.620898098347461236e+00,2.271225818100131022e-03,1.000000000000000000e+00,5.000000000000000000e-01,2.000000000000000111e-01,0.000000000000000000e+00,1.226648816335680792e+01,1.226648816335680792e+01,-7.475890411590201623e+00,5.900744124108666000e+00
2.219528668318150544e+00,2.400843821496774222e+00,8.690124155591569810e-01,1.000000000000000000e+00,5.000000000000000000e-01,2.000000000000000111e-01,0.000000000000000000e+00,-1.080308309892353691e+01,-1.080308309892353691e+01,-6.837810033301303214e+00,-5.328741689966594919e+00
-2.826318049648151032e-01,1.525456588046735007e+00,2.077543079230494971e-01,1.000000000000000000e+00,5.000000000000000000e-01,2.000000000000000111e-01,0.000000000000000000e+00,6.159917931353084963e-01,6.159917931353084963e-01,-2.211437343314194948e+00,4.311425488751171042e-01
2.760097008837151478e+00,2.075086407263361465e+00,5.007968640879386646e-01,1.000000000000000000e+00,5.000000000000000000e-01,2.000000000000000111e-01,0.000000000000000000e+00,-1.290792183306365537e+01,-1.290792183306365537e+01,-7.723873097719657466e+00,-5.727439785766234692e+00
-1.412880911882808732e+00,1.284754599855882917e+00,5.183477542158725360e-01,1.000000000000000000e+00,5.000000000000000000e-01,2.000000000000000111e-01,0.000000000000000000e+00,3.143015310409156715e+00,3.143015310409156715e+00,-3.023036673623103354e+00,1.815205250590012920e+00
7.689579047671664114e-01,1.682321433261829258e+00,5.791157018433656933e-02,1.000000000000000000e+00,5.000000000000000000e-01,2.000000000000000111e-01,0.000000000000000000e+00,-1.948048700369890751e+00,-1.948048700369890751e+00,-2.769880457988413980e+00,-1.293634364465912512e+00
2.981798642485219197e+00,2.662490786589813752e+00,1.450362384849954722e-01,1.000000000000000000e+00,5.000000000000000000e-01,2.000000000000000111e-01,0.000000000000000000e+00,-1.885287879785198228e+01,-1.885287879785198228e+01,-9.879102480933841690e+00,-7.939011413082909918e+00
1.192936228259237730e+00,2.867927147398655841e+00,1.710423418988222810e-01,1.000000000000000000e+00,5.000000000000000000e-01,2.000000000000000111e-01,0.000000000000000000e+00,-6.438422875493312603e+00,-6.438422875493312603e+00,-5.966361168209121324e+00,-3.421254194140027405e+00
2.372781769781799888e+00,8.396742609325700268e-01,9.211755572299237249e-01,1.000000000000000000e+00,5.000000000000000000e-01,2.000000000000000111e-01,0.000000000000000000e+00,-5.881046623257732087e+00,-5.881046623257732087e+00,-4.730582428441639564e+00,-1.992363778895808402e+00
2.596892336017461389e+00,2.302006773063672629e+00,8.982554273359436570e-01,1.000000000000000000e+00,5.000000000000000000e-01,2.000000000000000111e-01,0.000000000000000000e+00,-1.298027432776282097e+01,-1.298027432776282097e+01,-7.695927474535249502e+00,-5.978063746429339353e+00
2.062554489861394558e-01,1.144780081878067346e+00,8.819598637017851406e-01,1.000000000000000000e+00,5.000000000000000000e-01,2.000000000000000111e-01,0.000000000000000000e+00,-3.431614179749185034e-01,-3.431614179749185034e-01,-1.680785504074261638e+00,-2.361171297781502754e-01
-1.907174991774735817e+00,1.358022325739830505e+00,2.471905667991738387e-01,1.000000000000000000e+00,5.000000000000000000e-01,2.000000000000000111e-01,0.000000000000000000e+00,5.053204339259993461e+00,5.053204339259993461e+00,-4.104502188154487641e+00,2.589986217922768841e+00
7.745417029400210041e-01,1.202587401571024728e+00,4.174390616663997688e-01,1.000000000000000000e+00,5.000000000000000000e-01,2.000000000000000111e-01,0.000000000000000000e+00,-1.427550996045839904e+00,-1.427550996045839904e+00,-2.083057138964611088e+00,-9.314540939470363767e-01
9.142918491948330839e-01,4.866554072609446946e-01,5.451761387134484993e-01,1.000000000000000000e+00,5.000000000000000000e-01,2.000000000000000111e-01,0.000000000000000000e+00,-1.175416033166547747e+00,-1.175416033166547747e+00,-1.619974494010622434e+00,-4.449450722252737411e-01
-1.070803664192279570e+00,6.807874324506747454e-01,5.510033850015472190e-02,1.000000000000000000e+00,5.000000000000000000e-01,2.000000000000000111e-01,0.000000000000000000e+00,1.564508253342274946e+00,1.564508253342274946e+00,-1.919708056439958455e+00,7.289896772042365747e-01
-1.899308396601389504e+00,2.630582631968368723e+00,1.350066681056376616e-01,1.000000000000000000e+00,5.000000000000000000e-01,2.000000000000000111e-01,0.000000000000000000e+00,9.841184727635718943e+00,9.841184727635718943e+00,-6.624405923047140377e+00,4.996287680851305701e+00
-9.106397671311148301e-01,1.723914185127251031e+00,4.740921264553452641e-01,1.000000000000000000e+00,5.000000000000000000e-01,2.000000000000000111e-01,0.000000000000000000e+00,2.414828174513331760e+00,2.414828174513331760e+00,-2.983498930129843352e+00,1.569864812098305418e+00
1.680795969593013695e+00,4.720294158105250437e-01,1.100050486973788155e-01,1.000000000000000000e+00,5.000000000000000000e-01,2.000000000000000111e-01,0.000000000000000000e+00,-2.817721497062258162e+00,-2.817721497062258162e+00,-2.806450939535284572e+00,-7.933851396236752951e-01
-1.090704243631754444e+00,2.956140261467639085e+00,4.612495369283365898e-01,1.000000000000000000e+00,5.000000000000000000e-01,2.000000000000000111e-01,0.000000000000000000e+00,6.115916563842077380e+00,6.115916563842077380e+00,-6.083164070980771498e+00,3.224274727953438280e+00
1.771158097422048883e+00,2.333964751612986444e+00,5.303793809514848467e-01,1.000000000000000000e+00,5.000000000000000000e-01,2.000000000000000111e-01,0.000000000000000000e+00,-7.706478792796701782e+00,-7.706478792796701782e+00,-5.605896334524150149e+00,-4.133820568916982019e+00
-8.244919413722335833e-01,2.290083324912508544e+00,3.035967531830985333e-02,1.000000000000000000e+00,5.000000000000000000e-01,2.000000000000000111e-01,0.000000000000000000e+00,3.098604138058596025e+00,3.098604138058596025e+00,-4.030112994353817868e+00,1.888155246461293846e+00
1.816671216494905927e+00,1.629241787122841512e+00,7.753029004579690131e-01,1.000000000000000000e+00,5.000000000000000000e-01,2.000000000000000111e-01,0.000000000000000000e+00,-5.426893351283240463e+00,-5.426893351283240463e+00,-4.307390985758264179e+00,-2.959796659376787265e+00
6.556527109533658582e-01,1.800760911274816856e+00,3.863265766907362231e-01,1.000000000000000000e+00,5.000000000000000000e-01,2.000000000000000111e-01,0.000000000000000000e+00,-1.775078760953000101e+00,-1.775078760953000101e+00,-2.879298216215953055e+00,-1.180673773256187165e+00
2.640755263477868375e+00,4.358713800295427321e-01,4.751464054726334263e-01,1.000000000000000000e+00,5.000000000000000000e-01,2.000000000000000111e-01,0.000000000000000000e+00,-6.574713736756637950e+00,-6.574713736756637950e+00,-5.279144946916069614e+00,-1.151029641012377258e+00
-1.642596828817501686e+00,5.415725934030830580e-01,6.563622043693244645e-01,1.000000000000000000e+00,5.000000000000000000e-01,2.000000000000000111e-01,0.000000000000000000e+00,2.769870469115558897e+00,2.769870469115558897e+00,-2.765525042187458649e+00,8.895854244983744108e-01
1.622875944731891451e+00,1.993146193683790424e+00,8.709567345386522996e-01,1.000000000000000000e+00,5.000000000000000000e-01,2.000000000000000111e-01,0.000000000000000000e+00,-5.701262418257030617e+00,-5.701262418257030617e+00,-4.566551673891749097e+00,-3.234629012063354736e+00
-3.081670590281273547e-01,2.003811319488776554e+00,1.591787648535434307e-01,1.000000000000000000e+00,5.000000000000000000e-01,2.000000000000000111e-01,0.000000000000000000e+00,9.327055978526026525e-01,9.327055978526026525e-01,-3.064610063817703178e+00,6.175086411741275150e-01
-1.764667175469013527e+00,1.188983501461221781e+00,1.790899908169732990e-01,1.000000000000000000e+00,5.000000000000000000e-01,2.000000000000000111e-01,0.000000000000000000e+00,4.111058528958365876e+00,4.111058528958365876e+00,-3.575271027480165564e+00,2.098160157202832110e+00
-2.000337290554127456e+00,2.446249312117180885e+00,6.341610889102355930e-01,1.000000000000000000e+00,5.000000000000000000e-01,2.000000000000000111e-01,0.000000000000000000e+00,9.586291817666001691e+00,9.586291817666001691e+00,-6.392877414105747391e+00,4.893323721020379935e+00
-1.518842258596118988e+00,6.767633942085420351e-01,8.895337596446517558e-01,1.000000000000000000e+00,5.000000000000000000e-01,2.000000000000000111e-01,0.000000000000000000e+00,2.567421651165092022e+00,2.567421651165092022e+00,-2.613133429768749849e+00,1.027896842194877536e+00
1.075476453207180327e+00,4.739990599128609539e-01,2.173654681939088951e-01,1.000000000000000000e+00,5.000000000000000000e-01,2.000000000000000111e-01,0.000000000000000000e+00,-1.445082729958434120e+00,-1.445082729958434120e+00,-1.806327315240995990e+00,-5.097748277786214866e-01
2.098465033049563999e+00,1.808291631661583798e-01,4.678875629288156146e-01,1.000000000000000000e+00,5.000000000000000000e-01,2.000000000000000111e-01,0.000000000000000000e+00,-3.980915527969895784e+00,-3.980915527969895784e+00,-3.658482890084711947e+00,-3.794636758597975668e-01
-1.177801330161076132e+00,2.800220000016960142e+00,4.032877160219905388e-02,1.000000000000000000e+00,5.000000000000000000e-01,2.000000000000000111e-01,0.000000000000000000e+00,6.122281062292166176e+00,6.122281062292166176e+00,-5.752945608245012110e+00,3.298102840763624144e+00
-9.623793752479015140e-01,1.587007728943896634e+00,8.871501530451686435e-03,1.000000000000000000e+00,5.000000000000000000e-01,2.000000000000000111e-01,0.000000000000000000e+00,2.352566773044554971e+00,2.352566773044554971e+00,-2.815001203005357056e+00,1.527303506694618340e+00
-2.266456809203111877e+00,1.731071889602974423e+00,9.277471782663702093e-01,1.000000000000000000e+00,5.000000000000000000e-01,2.000000000000000111e-01,0.000000000000000000e+00,7.990779315842504005e+00,7.990779315842504005e+00,-5.580400824276697591e+00,3.923399671410758849e+00
1.763910172970790669e-01,1.959653125445135924e+00,7.632487596730751500e-01,1.000000000000000000e+00,5.000000000000000000e-01,2.000000000000000111e-01,0.000000000000000000e+00,-5.161806088928706515e-01,-5.161806088928706515e-01,-2.938788460623304122e+00,-3.456652083466680292e-01
-2.338052930010820596e+00,3.576101079336713173e-01,6.965496675346436461e-01,1.000000000000000000e+00,5.000000000000000000e-01,2.000000000000000111e-01,0.000000000000000000e+00,5.043743162317701589e+00,5.043743162317701589e+00,-4.343837396767476378e+00,8.361113606558060463e-01
-1.116304470319579467e+00,2.640477927939409053e+00,5.380905879430830652e-02,1.000000000000000000e+00,5.000000000000000000e-01,2.000000000000000111e-01,0.000000000000000000e+00,5.286024254461951344e+00,5.286024254461951344e+00,-5.233743246240884162e+00,2.947577314738942800e+00
2.436811186005292562e+00,2.931423554862349956e+00,6.996945992038379192e-01,1.000000000000000000e+00,5.000000000000000000e-01,2.000000000000000111e-01,0.000000000000000000e+00,-1.580084853476180484e+01,-1.580084853476180484e+01,-8.859451282745220979e+00,-7.143325709407974067e+00
1.084345088493758880e-01,7.151278810652234030e-01,7.183975413369581009e-01,1.000000000000000000e+00,5.000000000000000000e-01,2.000000000000000111e-01,0.000000000000000000e+00,-1.364166358516838706e-01,-1.364166358516838706e-01,-1.262758768764061346e+00,-7.754454054780239580e-02
-1.140187691984867913e+00,7.048468366455286072e-01,3.391753456884752937e-01,1.000000000000000000e+00,5.000000000000000000e-01,2.000000000000000111e-01,0.000000000000000000e+00,1.719870660307683652e+00,1.719870660307683652e+00,-2.028421315336872421e+00,8.036576878777005328e-01
1.523201545045066219e+00,2.554899554319061128e+00,8.086484056119539465e-01,1.000000000000000000e+00,5.000000000000000000e-01,2.000000000000000111e-01,0.000000000000000000e+00,-7.201368587555284861e+00,-7.201368587555284861e+00,-5.655841634426474585e+00,-3.891626948573744915e+00
-2.994844090281825189e+00,1.525371231120449700e+00,9.971466987966000062e-01,1.000000000000000000e+00,5.000000000000000000e-01,2.000000000000000111e-01,0.000000000000000000e+00,1.185118781408876387e+01,1.185118781408876387e+01,-7.544833371422543067e+00,4.568249017006991153e+00
1.432715822376149362e+00,5.810786333513132673e-01,2.483769794388642760e-01,1.000000000000000000e+00,5.000000000000000000e-01,2.000000000000000111e-01,0.000000000000000000e+00,-2.262775658141802371e+00,-2.262775658141802371e+00,-2.400430965680894868e+00,-8.325205520471357090e-01
1.840020401763562852e+00,2.914931634528063586e+00,3.692583939059168596e-02,1.000000000000000000e+00,5.000000000000000000e-01,2.000000000000000111e-01,0.000000000000000000e+00,-1.090312963992613859e+01,-1.090312963992613859e+01,-7.279818264329909638e+00,-5.363533677277646738e+00
-7.923386241095853322e-02,2.513052760916433481e+00,2.890074093185077686e-01,1.000000000000000000e+00,5.000000000000000000e-01,2.000000000000000111e-01,0.000000000000000000e+00,3.295314699351902243e-01,3.295314699351902243e-01,-4.161483892546389285e+00,1.991188766899321672e-01
-1.724613163980829977e+00,1.117380899590449950e+00,6.770428657246727600e-01,1.000000000000000000e+00,5.000000000000000000e-01,2.000000000000000111e-01,0.000000000000000000e+00,3.827137620843705790e+00,3.827137620843705790e+00,-3.408844376610363547e+00,1.927049808614431869e+00
-1.657739614730808997e+00,1.888023860546964805e+00,8.999487076799030927e-01,1.000000000000000000e+00,5.000000000000000000e-01,2.000000000000000111e-01,0.000000000000000000e+00,5.523484248869512392e+00,5.523484248869512392e+00,-4.431177427146042902e+00,3.129851947185700034e+00
2.400995249452542168e+00,2.185523942269798070e+00,9.418570465105911005e-01,1.000000000000000000e+00,5.000000000000000000e-01,2.000000000000000111e-01,0.000000000000000000e+00,-1.090343105271079160e+01,-1.090343105271079160e+01,-6.847124363853465567e+00,-5.247432602954576808e+00
1.296700188114515484e+00,1.074074334399057085e+00,8.120685808802489136e-01,1.000000000000000000e+00,5.000000000000000000e-01,2.000000000000000111e-01,0.000000000000000000e+00,-2.480722463830396407e+00,-2.480722463830396407e+00,-2.585676664621120668e+00,-1.392752391464230355e+00
2.842505361359267013e+00,1.756629860859076686e+00,6.128005400560131433e-01,1.000000000000000000e+00,5.000000000000000000e-01,2.000000000000000111e-01,0.000000000000000000e+00,-1.182152948791563496e+01,-1.182152948791563496e+01,-7.390776271644597273e+00,-4.993229797415708937e+00
-1.851859197762724341e+00,1.136092547283089171e+00,2.107076323732873790e-01,1.000000000000000000e+00,5.000000000000000000e-01,2.000000000000000111e-01,0.000000000000000000e+00,4.317109042900995952e+00,4.317109042900995952e+00,-3.702982630999129832e+00,2.103883433195871344e+00
-4.793462035585323022e-01,2.532472601371206000e+00,3.193254567892485074e-01,1.000000000000000000e+00,5.000000000000000000e-01,2.000000000000000111e-01,0.000000000000000000e+00,2.038498005433156735e+00,2.038498005433156735e+00,-4.344572408067508995e+00,1.213931127083287986e+00
1.692166995666229745e+00,6.836460503644323783e-01,2.090238655606921903e-01,1.000000000000000000e+00,5.000000000000000000e-01,2.000000000000000111e-01,0.000000000000000000e+00,-3.056682723813307412e+00,-3.056682723813307412e+00,-2.951743445822688550e+00,-1.156843283144265433e+00
5.167733486815415667e-01,1.351322928514425481e+00,5.768981740597040053e-01,1.000000000000000000e+00,5.000000000000000000e-01,2.000000000000000111e-01,0.000000000000000000e+00,-1.016207797738685858e+00,-1.016207797738685858e+00,-2.073269644908922071e+00,-6.983276749185470811e-01
-9.849436727733262842e-02,1.695438044356374352e-01,9.589915195854203933e-02,1.000000000000000000e+00,5.000000000000000000e-01,2.000000000000000111e-01,0.000000000000000000e+00,1.001010841124734541e-01,1.001010841124734541e-01,-1.020193235042472057e+00,1.669910974367993031e-02
-2.203319899770168178e+00,1.795116478377905667e+00,7.954293122242585001e-01,1.000000000000000000e+00,5.000000000000000000e-01,2.000000000000000111e-01,0.000000000000000000e+00,7.892612026920048152e+00,7.892612026920048152e+00,-5.523992733905881636e+00,3.955215859215384544e+00
2.655281520372689386e+00,1.785565470964000090e-01,6.451229227148056466e-01,1.000000000000000000e+00,5.000000000000000000e-01,2.000000000000000111e-01,0.000000000000000000e+00,-6.441833015671991625e+00,-6.441833015671991625e+00,-5.246253191715116060e+00,-4.741178998466267225e-01
-1.727129132562166935e+00,1.023978114471120193e+00,7.951292537317868891e-01,1.000000000000000000e+00,5.000000000000000000e-01,2.000000000000000111e-01,0.000000000000000000e+00,3.663000124161005733e+00,3.663000124161005733e+00,-3.314050613784881527e+00,1.768542432609149007e+00
1.319675296690209443e+00,2.278505759003293552e+00,7.095247763954246611e-01,1.000000000000000000e+00,5.000000000000000000e-01,2.000000000000000111e-01,0.000000000000000000e+00,-5.204935065289378215e+00,-5.204935065289378215e+00,-4.640719980122222310e+00,-3.006887763523022450e+00
6.231463434547368507e-01,1.631681669246897393e+00,6.653339246296358089e-01,1.000000000000000000e+00,5.000000000000000000e-01,2.000000000000000111e-01,0.000000000000000000e+00,-1.501069065487637078e+00,-1.501069065487637078e+00,-2.564179354094775931e+00,-1.016776465873325375e+00
1.693826382298610156e+00,1.029470187841661666e+00,3.159214508618732875e-01,1.000000000000000000e+00,5.000000000000000000e-01,2.000000000000000111e-01,0.000000000000000000e+00,-3.563326268085142523e+00,-3.563326268085142523e+00,-3.251333121849851793e+00,-1.743743763956112414e+00
1.624276046561655029e+00,1.465633809044315949e+00,9.063873845577719024e-01,1.000000000000000000e+00,5.000000000000000000e-01,2.000000000000000111e-01,0.000000000000000000e+00,-4.225872113469245406e+00,-4.225872113469245406e+00,-3.657004836367251155e+00,-2.380593889061600965e+00
-2.357364818277254415e-01,3.504818710432152651e-01,7.640851924934207728e-01,1.000000000000000000e+00,5.000000000000000000e-01,2.000000000000000111e-01,0.000000000000000000e+00,2.528351816976209254e-01,2.528351816976209254e-01,-1.094761784283684536e+00,8.262136322412612366e-02
2.279885068921672087e-01,7.574632228213034058e-01,1.225382039096334363e-01,1.000000000000000000e+00,5.000000000000000000e-01,2.000000000000000111e-01,0.000000000000000000e+00,-2.957628826148879786e-01,-2.957628826148879786e-01,-1.318062522528369751e+00,-1.726929091967579211e-01
-2.531131714698616086e+00,2.756287087535249647e+00,2.316746237380501450e-01,1.000000000000000000e+00,5.000000000000000000e-01,2.000000000000000111e-01,0.000000000000000000e+00,1.538898925389585415e+01,1.538898925389585415e+01,-8.642535908748669726e+00,6.976525662074751111e+00
1.506964722415943037e+00,4.241182603772588600e-01,9.725601086737101220e-02,1.000000000000000000e+00,5.000000000000000000e-01,2.000000000000000111e-01,0.000000000000000000e+00,-2.326944440202219688e+00,-2.326944440202219688e+00,-2.452503754156412530e+00,-6.391312565209485985e-01
-1.308760690413705019e+00,2.356505578140174251e+00,6.769146031040116362e-01,1.000000000000000000e+00,5.000000000000000000e-01,2.000000000000000111e-01,0.000000000000000000e+00,5.390955656785221706e+00,5.390955656785221706e+00,-4.804271996766173558e+00,3.084101867410481645e+00
-2.287552635119459943e+00,2.218839849151141852e+00,4.540998129383271298e-01,1.000000000000000000e+00,5.000000000000000000e-01,2.000000000000000111e-01,0.000000000000000000e+00,1.031275519750432501e+01,1.031275519750432501e+01,-6.601363373155722414e+00,5.075712943833759816e+00
-2.736826308344525227e+00,1.907462556905302531e+00,2.352388674714770422e-01,1.000000000000000000e+00,5.000000000000000000e-01,2.000000000000000111e-01,0.000000000000000000e+00,1.181556434144087575e+01,1.181556434144087575e+01,-7.313337648225891385e+00,5.220393707920547577e+00
-1.245300136724138751e+00,2.334923363617796177e+00,7.063442387452140148e-01,1.000000000000000000e+00,5.000000000000000000e-01,2.000000000000000111e-01,0.000000000000000000e+00,5.026140991889583631e+00,5.026140991889583631e+00,-4.656397015299217124e+00,2.907680383953627601e+00
-2.215211789083640248e+00,4.012488807841511074e-01,1.113360400197098699e-01,1.000000000000000000e+00,5.000000000000000000e-01,2.000000000000000111e-01,0.000000000000000000e+00,4.567618259473103848e+00,4.567618259473103848e+00,-4.024798294462352821e+00,8.888512510696676694e-01
-1.986114213610022050e+00,1.077637005568870876e+00,9.874694708521062347e-01,1.000000000000000000e+00,5.000000000000000000e-01,2.000000000000000111e-01,0.000000000000000000e+00,4.706257892252981634e+00,4.706257892252981634e+00,-3.947440559587975351e+00,2.140310173872476796e+00
-5.772801870456092388e-01,1.029326684497646305e+00,9.546514209895882175e-01,1.000000000000000000e+00,5.000000000000000000e-01,2.000000000000000111e-01,0.000000000000000000e+00,9.215742438884112486e-01,9.215742438884112486e-01,-1.729708160322706689e+00,5.942099009578380997e-01
-9.217865849671040834e-01,6.681524898443943483e-01,9.837248027126521688e-02,1.000000000000000000e+00,5.000000000000000000e-01,2.000000000000000111e-01,0.000000000000000000e+00,1.284188802746763614e+00,1.284188802746763614e+00,-1.733028179777821531e+00,6.158940018509319048e-01
-1.387750403805759536e+00,7.031098149858602264e-01,6.781695603109892945e-01,1.000000000000000000e+00,5.000000000000000000e-01,2.000000000000000111e-01,0.000000000000000000e+00,2.265297067520322560e+00,2.265297067520322560e+00,-2.402692415922554670e+00,9.757409296664204534e-01
-1.921278701547840972e+00,9.169392165750366308e-01,6.106763550394410656e-01,1.000000000000000000e+00,5.000000000000000000e-01,2.000000000000000111e-01,0.000000000000000000e+00,4.147370446387051324e+00,4.147370446387051324e+00,-3.635175872859436108e+00,1.761695787419580883e+00
6.618288292300689157e-01,2.888986568991154247e+00,3.030339039183498340e-01,1.000000000000000000e+00,5.000000000000000000e-01,2.000000000000000111e-01,0.000000000000000000e+00,-3.481699585288549947e+00,-3.481699585288549947e+00,-5.435932137425667499e+00,-1.912014598616809335e+00
2.360152968783655325e-01,1.147197489061501097e+00,3.344601636674049416e-01,1.000000000000000000e+00,5.000000000000000000e-01,2.000000000000000111e-01,0.000000000000000000e+00,-3.939500504284971782e-01,-3.939500504284971782e-01,-1.691452971670856398e+00,-2.707561559589656830e-01
-6.538916560862588767e-01,2.374882635799172803e+00,9.565199093344088910e-01,1.000000000000000000e+00,5.000000000000000000e-01,2.000000000000000111e-01,0.000000000000000000e+00,2.553805659300998787e+00,2.553805659300998787e+00,-4.076578345649751078e+00,1.552915939733220618e+00
-1.836233027537525819e+00,2.247197137450604121e+00,8.036039715285947516e-02,1.000000000000000000e+00,5.000000000000000000e-01,2.000000000000000111e-01,0.000000000000000000e+00,7.710889374462542634e+00,7.710889374462542634e+00,-5.547998526134872321e+00,4.126377603174584685e+00
1.707508049444022902e+00,2.225093221775973351e+00,9.008838706542489083e-01,1.000000000000000000e+00,5.000000000000000000e-01,2.000000000000000111e-01,0.000000000000000000e+00,-6.930154784783897348e+00,-6.930154784783897348e+00,-5.224870166146369677e+00,-3.799364586945809030e+00
-2.389880847760918137e+00,1.471651358876459481e+00,4.908073311161634811e-01,1.000000000000000000e+00,5.000000000000000000e-01,2.000000000000000111e-01,0.000000000000000000e+00,7.707807752864683337e+00,7.707807752864683337e+00,-5.509797140938132110e+00,3.517071397160180357e+00
-7.056954620474655826e-01,1.524543075491322508e+00,5.501528935648124508e-01,1.000000000000000000e+00,5.000000000000000000e-01,2.000000000000000111e-01,0.000000000000000000e+00,1.596083431482965942e+00,1.596083431482965942e+00,-2.460919445606902123e+00,1.075863130070113138e+00
-1.760168634506263707e+00,5.448893685358755512e-01,5.061820338203742997e-01,1.000000000000000000e+00,5.000000000000000000e-01,2.000000000000000111e-01,0.000000000000000000e+00,3.112138209120970611e+00,3.112138209120970611e+00,-3.007368385111499620e+00,9.590971757727723146e-01
1.354173946152820385e+00,2.653626346037376571e+00,7.857702659198181339e-01,1.000000000000000000e+00,5.000000000000000000e-01,2.000000000000000111e-01,0.000000000000000000e+00,-6.618692818685203427e+00,-6.618692818685203427e+00,-5.621138638055301229e+00,-3.593471660628523967e+00
2.113686286525897629e-01,1.124499249354756980e+00,1.911793812448978613e-01,1.000000000000000000e+00,5.000000000000000000e-01,2.000000000000000111e-01,0.000000000000000000e+00,-3.468949425660149410e-01,-3.468949425660149410e-01,-1.659055299206791734e+00,-2.376838642569815696e-01
2.460955885156031364e+00,2.138523947580638573e+00,2.324359493158670853e-01,1.000000000000000000e+00,5.000000000000000000e-01,2.000000000000000111e-01,0.000000000000000000e+00,-1.106914113169191083e+01,-1.106914113169191083e+01,-6.920424658398403039e+00,-5.262813094345681009e+00
1.000203276085785298e+00,2.607536198322175203e+00,1.109127792380449895e-01,1.000000000000000000e+00,5.000000000000000000e-01,2.000000000000000111e-01,0.000000000000000000e+00,-4.600638841269413248e+00,-4.600638841269413248e+00,-4.999866468875874048e+00,-2.608066248074113691e+00
8.675042120333928963e-01,1.714533371455267519e+00,4.494630671059675064e-01,1.000000000000000000e+00,5.000000000000000000e-01,2.000000000000000111e-01,0.000000000000000000e+00,-2.273143019936917586e+00,-2.273143019936917586e+00,-2.921350475654290069e+00,-1.487364921409258356e+00
-2.525400724788620099e+00,1.092608376037422557e+00,4.030480264872970952e-02,1.000000000000000000e+00,5.000000000000000000e-01,2.000000000000000111e-01,0.000000000000000000e+00,7.254027449431745822e+00,7.254027449431745822e+00,-5.423485824151299539e+00,2.759273984755024056e+00
-2.930697557155203192e+00,2.623176833128470165e+00,9.685437249668458204e-01,1.000000000000000000e+00,5.000000000000000000e-01,2.000000000000000111e-01,0.000000000000000000e+00,1.804819091522944419e+01,1.804819091522944419e+01,-9.593921251840241027e+00,7.687737936835729258e+00
8.441631788463128672e-01,2.933842369446936216e-01,4.394302941360267445e-01,1.000000000000000000e+00,5.000000000000000000e-01,2.000000000000000111e-01,0.000000000000000000e+00,-1.000805633810381901e+00,-1.000805633810381901e+00,-1.470604038755757292e+00,-2.476641700826324455e-01
1.707082250182621053e+00,2.266903093904392374e+00,3.502678045111592420e-01,1.000000000000000000e+00,5.000000000000000000e-01,2.000000000000000111e-01,0.000000000000000000e+00,-7.088233605449874908e+00,-7.088233605449874908e+00,-5.317902703909790141e+00,-3.869790034488255870e+00
2.171470296875074979e+00,8.688742975468740637e-01,9.288316944372876360e-01,1.000000000000000000e+00,5.000000000000000000e-01,2.000000000000000111e-01,0.000000000000000000e+00,-5.038957456801715473e+00,-5.038957456801715473e+00,-4.206641222595223439e+00,-1.886734728841232833e+00
2.934043354036357520e+00,2.103038455758826863e+00,8.581554710241706685e-01,1.000000000000000000e+00,5.000000000000000000e-01,2.000000000000000111e-01,0.000000000000000000e+00,-1.447395113978393688e+01,-1.447395113978393688e+01,-8.376551615219186786e+00,-6.170406004402070543e+00
2.258980980381572579e+00,6.561663481506608830e-01,2.192943393964676968e-01,1.000000000000000000e+00,5.000000000000000000e-01,2.000000000000000111e-01,0.000000000000000000e+00,-5.050801702235851565e+00,-5.050801702235851565e+00,-4.277074180058102471e+00,-1.482267300438776303e+00
3.154584925499230863e-01,2.664495306018539456e+00,7.712586828966594421e-02,1.000000000000000000e+00,5.000000000000000000e-01,2.000000000000000111e-01,0.000000000000000000e+00,-1.441541345298323229e+00,-1.441541345298323229e+00,-4.609476054210537299e+00,-8.405376726429544254e-01
1.123585629097813232e+00,1.420525750342849669e+00,7.188922143163373191e-01,1.000000000000000000e+00,5.000000000000000000e-01,2.000000000000000111e-01,0.000000000000000000e+00,-2.540916582724189965e+00,-2.540916582724189965e+00,-2.766413503242635130e+00,-1.596082318848613957e+00
-8.776474255690907000e-01,3.436961980901664937e-01,3.585789519086385324e-01,1.000000000000000000e+00,5.000000000000000000e-01,2.000000000000000111e-01,0.000000000000000000e+00,1.064688607379542962e+00,1.064688607379542962e+00,-1.521222540455649197e+00,3.016440834317188346e-01
2.867942725867221654e+00,2.410513890897257205e+00,8.276373083335755165e-01,1.000000000000000000e+00,5.000000000000000000e-01,2.000000000000000111e-01,0.000000000000000000e+00,-1.591796460852179251e+01,-1.591796460852179251e+01,-8.840345896417144189e+00,-6.913215779000682737e+00
2.847207414689075122e+00,1.034041921452188095e+00,3.786302561810751532e-01,1.000000000000000000e+00,5.000000000000000000e-01,2.000000000000000111e-01,0.000000000000000000e+00,-8.985613946420995646e+00,-8.985613946420995646e+00,-6.398575385016535222e+00,-2.944131825858008256e+00
1.244867021410094310e+00,2.891701864278640732e-01,3.008632623316173094e-01,1.000000000000000000e+00,5.000000000000000000e-01,2.000000000000000111e-01,0.000000000000000000e+00,-1.682747102198436373e+00,-1.682747102198436373e+00,-1.971626038956026949e+00,-3.599784286590568261e-01
-1.609616758549665905e+00,2.531344159511993652e+00,4.593519263011868192e-01,1.000000000000000000e+00,5.000000000000000000e-01,2.000000000000000111e-01,0.000000000000000000e+00,7.600650330962349877e+00,7.600650330962349877e+00,-5.758371292590100055e+00,4.074493980807323723e+00
3.750602388609141080e-01,2.534667898844974454e-01,4.304480883023698023e-02,1.000000000000000000e+00,5.000000000000000000e-01,2.000000000000000111e-01,0.000000000000000000e+00,-3.976601474117668622e-01,-3.976601474117668622e-01,-1.116524816451819557e+00,-9.506531475738873305e-02
1.105896036876940158e+00,6.199103470146400952e-01,1.749109656017098224e-01,1.000000000000000000e+00,5.000000000000000000e-01,2.000000000000000111e-01,0.000000000000000000e+00,-1.588891296054052882e+00,-1.588891296054052882e+00,-1.925948045795979446e+00,-6.855563959824991782e-01
1.879692243160898890e+00,5.772475631694933274e-01,1.496843494053710089e-01,1.000000000000000000e+00,5.000000000000000000e-01,2.000000000000000111e-01,0.000000000000000000e+00,-3.521144698204532020e+00,-3.521144698204532020e+00,-3.286553131992110632e+00,-1.085047766873227681e+00
8.663597267983931260e-01,1.218197891297285729e+00,7.080636999211545879e-01,1.000000000000000000e+00,5.000000000000000000e-01,2.000000000000000111e-01,0.000000000000000000e+00,-1.639255601512561888e+00,-1.639255601512561888e+00,-2.192350556911488724e+00,-1.055397592290695075e+00
1.793219282696416172e+00,2.922258288587352926e+00,3.004989499384795870e-01,1.000000000000000000e+00,5.000000000000000000e-01,2.000000000000000111e-01,0.000000000000000000e+00,-1.060316903225517216e+01,-1.060316903225517216e+01,-7.199177990109292935e+00,-5.240249912114269826e+00
1.655154762693655357e+00,2.174306069994885737e-01,8.152645771710249623e-01,1.000000000000000000e+00,5.000000000000000000e-01,2.000000000000000111e-01,0.000000000000000000e+00,-2.601151006078089800e+00,-2.601151006078089800e+00,-2.667360407510577680e+00,-3.598813047305759460e-01
9.191881608876175669e-01,2.960117553162156412e+00,9.485744830528115568e-01,1.000000000000000000e+00,5.000000000000000000e-01,2.000000000000000111e-01,0.000000000000000000e+00,-5.101613180072726017e+00,-5.101613180072726017e+00,-5.888092089338933022e+00,-2.720905009702276889e+00
-2.304846531824804590e+00,8.295982005731440401e-01,4.941906633951715921e-01,1.000000000000000000e+00,5.000000000000000000e-01,2.000000000000000111e-01,0.000000000000000000e+00,5.546797783790874625e+00,5.546797783790874625e+00,-4.531507108355997460e+00,1.912096535399109731e+00
1.424305389698222513e+00,1.254190574187051155e+00,1.869669139536058733e-01,1.000000000000000000e+00,5.000000000000000000e-01,2.000000000000000111e-01,0.000000000000000000e+00,-3.122399544831371720e+00,-3.122399544831371720e+00,-3.003684504063866001e+00,-1.786350394523325447e+00
-1.857452224858979761e-01,2.370354520526747333e+00,1.467639156885636176e-02,1.000000000000000000e+00,5.000000000000000000e-01,2.000000000000000111e-01,0.000000000000000000e+00,7.088391597912484521e-01,7.088391597912484521e-01,-3.829991049096594491e+00,4.402820277856946962e-01
1.792213359187330823e+00,2.557869310586184497e+00,9.620143938607454981e-01,1.000000000000000000e+00,5.000000000000000000e-01,2.000000000000000111e-01,0.000000000000000000e+00,-8.806494576823531872e+00,-8.806494576823531872e+00,-6.198564939929044115e+00,-4.584247549487847628e+00
-2.347853696337455887e+00,3.887195016606724840e-01,1.204703657813064321e-01,1.000000000000000000e+00,5.000000000000000000e-01,2.000000000000000111e-01,0.000000000000000000e+00,5.113707106097618471e+00,5.113707106097618471e+00,-4.383001613128934437e+00,9.126565188124636796e-01
-6.193749263969605678e-02,2.073612620428482600e+00,7.451475774027851440e-01,1.000000000000000000e+00,5.000000000000000000e-01,2.000000000000000111e-01,0.000000000000000000e+00,1.951465757658417399e-01,1.951465757658417399e-01,-3.152236401596834270e+00,1.284343664153699827e-01
-1.095590750195382990e+00,1.353951578055004434e+00,1.956338837280202636e-02,1.000000000000000000e+00,5.000000000000000000e-01,2.000000000000000111e-01,0.000000000000000000e+00,2.362812645689251312e+00,2.362812645689251312e+00,-2.636783893007027757e+00,1.483376825129504972e+00
-1.031758040016423905e-01,2.511947361251936073e-01,9.150641725279323735e-01,1.000000000000000000e+00,5.000000000000000000e-01,2.000000000000000111e-01,0.000000000000000000e+00,1.066506048519825361e-01,1.066506048519825361e-01,-1.037936545647333952e+00,2.591721886069725533e-02
2.892069752192970356e+00,2.994194893586255457e+00,5.588788802622453034e-01,1.000000000000000000e+00,5.000000000000000000e-01,2.000000000000000111e-01,0.000000000000000000e+00,-2.069395934575054241e+01,-2.069395934575054241e+01,-1.050104200131870869e+01,-8.659420483911459243e+00
1.619155745579416106e+00,1.233948985736650350e+00,6.581237147429546130e-01,1.000000000000000000e+00,5.000000000000000000e-01,2.000000000000000111e-01,0.000000000000000000e+00,-3.700820278404574282e+00,-3.700820278404574282e+00,-3.334314246765955225e+00,-1.997955590007390425e+00
2.284241152225551019e+00,2.086425174684476413e+00,6.166500680766429099e-01,1.000000000000000000e+00,5.000000000000000000e-01,2.000000000000000111e-01,0.000000000000000000e+00,-9.639809536878004792e+00,-9.639809536878004792e+00,-6.307239589691001846e+00,-4.765898245053665327e+00
2.028900769797232329e+00,2.241097431567256049e+00,2.353633537603084802e-01,1.000000000000000000e+00,5.000000000000000000e-01,2.000000000000000111e-01,0.000000000000000000e+00,-8.794364762274359038e+00,-8.794364762274359038e+00,-5.981121849098958165e+00,-4.546964304097405929e+00
-2.628470310554791300e+00,7.253195187303014269e-01,1.182610464224137514e-01,1.000000000000000000e+00,5.000000000000000000e-01,2.000000000000000111e-01,0.000000000000000000e+00,6.951818852576212571e+00,6.951818852576212571e+00,-5.408357906206379795e+00,1.906480820648487118e+00
1.327325127271810956e+00,8.529146445284558897e-01,8.349847598356414657e-01,1.000000000000000000e+00,5.000000000000000000e-01,2.000000000000000111e-01,0.000000000000000000e+00,-2.277809502591674473e+00,-2.277809502591674473e+00,-2.420806891517829129e+00,-1.132095039100724065e+00
1.463491368036453188e+00,1.174230320547632989e+00,5.541789617690402459e-01,1.000000000000000000e+00,5.000000000000000000e-01,2.000000000000000111e-01,0.000000000000000000e+00,-3.099337850633905767e+00,-3.099337850633905767e+00,-2.974492613437024424e+00,-1.718475938208138265e+00
1.545264869313458966e+00,2.650089544533699382e+00,5.689242809642545140e-01,1.000000000000000000e+00,5.000000000000000000e-01,2.000000000000000111e-01,0.000000000000000000e+00,-7.709412968286092571e+00,-7.709412968286092571e+00,-5.944193406824019199e+00,-4.095090273702830963e+00
-1.484187186609757569e+00,2.510965564940074835e+00,1.122884246760412763e-01,1.000000000000000000e+00,5.000000000000000000e-01,2.000000000000000111e-01,0.000000000000000000e+00,6.816925705926721868e+00,6.816925705926721868e+00,-5.474160997095366632e+00,3.726742917502390284e+00
-7.569108570189575502e-01,1.961829975734810994e+00,9.466841369319273225e-01,1.000000000000000000e+00,5.000000000000000000e-01,2.000000000000000111e-01,0.000000000000000000e+00,2.300230322651653392e+00,2.300230322651653392e+00,-3.268136854129727986e+00,1.484930408258916534e+00
8.864402484104152435e-01,1.036452855152154129e+00,6.967761046773950362e-01,1.000000000000000000e+00,5.000000000000000000e-01,2.000000000000000111e-01,0.000000000000000000e+00,-1.501871356408524871e+00,-1.501871356408524871e+00,-2.008583048877677246e+00,-9.187535263867596669e-01
-1.368670499736965418e+00,9.395215722337754150e-01,4.231962728603726465e-01,1.000000000000000000e+00,5.000000000000000000e-01,2.000000000000000111e-01,0.000000000000000000e+00,2.485508610835808430e+00,2.485508610835808430e+00,-2.565305754456453702e+00,1.285895459782860906e+00
3.469219836251680178e-02,1.069273183193599763e+00,4.788877520955070466e-02,1.000000000000000000e+00,5.000000000000000000e-01,2.000000000000000111e-01,0.000000000000000000e+00,-5.453312731406082664e-02,-5.453312731406082664e-02,-1.572394699324821454e+00,-3.709543737507212807e-02
-5.280710006903399645e-01,1.160199919291049264e+00,4.699949799191557309e-01,1.000000000000000000e+00,5.000000000000000000e-01,2.000000000000000111e-01,0.000000000000000000e+00,9.129311118515580636e-01,9.129311118515580636e-01,-1.840347315423536800e+00,6.126679323808760236e-01
-2.545828866362880749e+00,1.392343340131055873e+00,9.783136109681381809e-01,1.000000000000000000e+00,5.000000000000000000e-01,2.000000000000000111e-01,0.000000000000000000e+00,8.313554142379777190e+00,8.313554142379777190e+00,-5.858056758487559357e+00,3.544667867193752819e+00
-2.567635960906458958e+00,1.214581921441427514e+00,7.609844294695409239e-01,1.000000000000000000e+00,5.000000000000000000e-01,2.000000000000000111e-01,0.000000000000000000e+00,7.847094783164391352e+00,7.847094783164391352e+00,-5.693257278590197146e+00,3.118604218959872831e+00
-1.766250593643731825e+00,1.020525597253938432e+00,2.265672340895819037e-02,1.000000000000000000e+00,5.000000000000000000e-01,2.000000000000000111e-01,0.000000000000000000e+00,3.788014909614774162e+00,3.788014909614774162e+00,-3.392520943053355165e+00,1.802503941978392810e+00
-2.744692846708804979e-01,2.258257034264909091e+00,7.481871454873124661e-01,1.000000000000000000e+00,5.000000000000000000e-01,2.000000000000000111e-01,0.000000000000000000e+00,9.784635383460447144e-01,9.784635383460447144e-01,-3.595062449340118427e+00,6.198221927976736989e-01
2.491720399429327770e+00,2.635029300814418551e+00,8.707088919802535854e-01,1.000000000000000000e+00,5.000000000000000000e-01,2.000000000000000111e-01,0.000000000000000000e+00,-1.423625467755141827e+01,-1.423625467755141827e+01,-8.196892037434611922e+00,-6.565756261933285209e+00
1.576503081371039450e+00,2.623257486855878895e+00,2.566244367162074935e-01,1.000000000000000000e+00,5.000000000000000000e-01,2.000000000000000111e-01,0.000000000000000000e+00,-7.784476328705613568e+00,-7.784476328705613568e+00,-5.931957100516140002e+00,-4.135573511257941703e+00
-1.155273000147275742e+00,4.604314159935928297e-01,8.419168646898997910e-01,1.000000000000000000e+00,5.000000000000000000e-01,2.000000000000000111e-01,0.000000000000000000e+00,1.586108596632673340e+00,1.586108596632673340e+00,-1.906791967338504978e+00,5.319239833169763232e-01
1.714049207621458848e+00,1.740822798038864416e+00,9.715210927414588138e-01,1.000000000000000000e+00,5.000000000000000000e-01,2.000000000000000111e-01,0.000000000000000000e+00,-5.318394637192046304e+00,-5.318394637192046304e+00,-4.278010818774580670e+00,-2.983855937587886586e+00
1.851070373627299759e+00,5.211518562448247405e-01,4.182128777193365732e-01,1.000000000000000000e+00,5.000000000000000000e-01,2.000000000000000111e-01,0.000000000000000000e+00,-3.370969327156350559e+00,-3.370969327156350559e+00,-3.191676545506139995e+00,-9.646887612556684921e-01
2.568164456384396388e+00,2.635382419455156722e+00,1.032983200806495416e-01,1.000000000000000000e+00,5.000000000000000000e-01,2.000000000000000111e-01,0.000000000000000000e+00,-1.487407399369667793e+01,-1.487407399369667793e+01,-8.429901453408355394e+00,-6.768095458625047911e+00
1.211189957404795514e+00,1.529222105235366058e+00,3.708868180195455944e-01,1.000000000000000000e+00,5.000000000000000000e-01,2.000000000000000111e-01,0.000000000000000000e+00,-2.982744635000777578e+00,-2.982744635000777578e+00,-3.049448791321180963e+00,-1.852178456502494797e+00
7.032339961904368053e-01,4.127456149084196557e-02,9.055923367114494527e-01,1.000000000000000000e+00,5.000000000000000000e-01,2.000000000000000111e-01,0.000000000000000000e+00,-7.733882015023445522e-01,-7.733882015023445522e-01,-1.297574626751913485e+00,-2.902567481821270723e-02
1.022988365320620652e+00,2.437935053078203129e+00,4.643800153799417796e-01,1.000000000000000000e+00,5.000000000000000000e-01,2.000000000000000111e-01,0.000000000000000000e+00,-4.277180543397214763e+00,-4.277180543397214763e+00,-4.599666778862523842e+00,-2.493979194706311464e+00
-2.550153614336254204e+00,2.016195634131641157e+00,2.992797559264329665e-01,1.000000000000000000e+00,5.000000000000000000e-01,2.000000000000000111e-01,0.000000000000000000e+00,1.105027236609758567e+01,1.105027236609758567e+01,-6.934492491573102768e+00,5.141608583589780679e+00
5.718037297435811794e-01,3.511302531478568412e-01,4.424662180082138407e-01,1.000000000000000000e+00,5.000000000000000000e-01,2.000000000000000111e-01,0.000000000000000000e+00,-6.444446053866755841e-01,-6.444446053866755841e-01,-1.257821930547041278e+00,-2.007775883757523805e-01
-2.746829252024860502e+00,2.577925435400638676e+00,8.326745040045407942e-01,1.000000000000000000e+00,5.000000000000000000e-01,2.000000000000000111e-01,0.000000000000000000e+00,1.601913452794375914e+01,1.601913452794375914e+01,-8.849892339110459361e+00,7.081120995497399484e+00
8.034362596524013966e-01,1.832580639006203826e-01,6.081153464430530953e-01,1.000000000000000000e+00,5.000000000000000000e-01,2.000000000000000111e-01,0.000000000000000000e+00,-9.206525672942630356e-01,-9.206525672942630356e-01,-1.404097652986846523e+00,-1.472361734114552012e-01
9.991487833576906397e-01,2.684728469158695230e+00,1.151649822804201584e-01,1.000000000000000000e+00,5.000000000000000000e-01,2.000000000000000111e-01,0.000000000000000000e+00,-4.799454278954223163e+00,-4.799454278954223163e+00,-5.202862451326687676e+00,-2.682443183605665471e+00
-7.341506865339395560e-01,2.995470429593362738e+00,3.179879198141198904e-01,1.000000000000000000e+00,5.000000000000000000e-01,2.000000000000000111e-01,0.000000000000000000e+00,4.106998246318402046e+00,4.106998246318402046e+00,-5.809807885607075839e+00,2.199126672378082237e+00
-1.957303829998641165e+00,1.330710761896847227e+00,2.858903659192948421e-01,1.000000000000000000e+00,5.000000000000000000e-01,2.000000000000000111e-01,0.000000000000000000e+00,5.189993143035037448e+00,5.189993143035037448e+00,-4.184018535670453787e+00,2.604605270881108936e+00
9.266329830315989113e-02,1.800167295095200570e+00,7.667047206306374374e-01,1.000000000000000000e+00,5.000000000000000000e-01,2.000000000000000111e-01,0.000000000000000000e+00,-2.429648770970694038e-01,-2.429648770970694038e-01,-2.625453037276637591e+00,-1.668094390609990429e-01
-2.060397077521688658e+00,1.173981583655011374e+00,5.126745465887867503e-01,1.000000000000000000e+00,5.000000000000000000e-01,2.000000000000000111e-01,0.000000000000000000e+00,5.229624869465684611e+00,5.229624869465684611e+00,-4.236258049616513865e+00,2.418868224027069136e+00
-7.112939190718554627e-01,1.437425211044526918e+00,7.336435198788027190e-02,1.000000000000000000e+00,5.000000000000000000e-01,2.000000000000000111e-01,0.000000000000000000e+00,1.518102822870132540e+00,1.518102822870132540e+00,-2.336659042258361296e+00,1.022431811736550511e+00
1.235420938300073601e+00,2.486136560754291125e+00,1.855222027637204452e-02,1.000000000000000000e+00,5.000000000000000000e-01,2.000000000000000111e-01,0.000000000000000000e+00,-5.430528055199871140e+00,-5.430528055199871140e+00,-5.006196436233728342e+00,-3.071425162629184413e+00
-2.807472076198827438e+00,2.371816137828460569e+00,3.643264271405872723e-01,1.000000000000000000e+00,5.000000000000000000e-01,2.000000000000000111e-01,0.000000000000000000e+00,1.512984823841563653e+01,1.512984823841563653e+01,-8.541895571013451871e+00,6.658807576831152097e+00
2.613534919682953372e+00,1.239593304225993009e+00,5.675753735743055417e-01,1.000000000000000000e+00,5.000000000000000000e-01,2.000000000000000111e-01,0.000000000000000000e+00,-8.191886682060394165e+00,-8.191886682060394165e+00,-5.866634645782268009e+00,-3.239720386799807450e+00
2.320377785238241231e+00,2.502600333311265857e+00,5.758843207395081265e-01,1.000000000000000000e+00,5.000000000000000000e-01,2.000000000000000111e-01,0.000000000000000000e+00,-1.208530443155899725e+01,-1.208530443155899725e+01,-7.361996053881105340e+00,-5.806978218745279641e+00
-8.038182085548610800e-01,9.638681866573458601e-01,3.848036066175994918e-01,1.000000000000000000e+00,5.000000000000000000e-01,2.000000000000000111e-01,0.000000000000000000e+00,1.281081799886251371e+00,1.281081799886251371e+00,-1.852195168067667819e+00,7.747747990819302544e-01
1.936760324601221051e+00,2.358686401230221552e+00,4.117471304596739268e-01,1.000000000000000000e+00,5.000000000000000000e-01,2.000000000000000111e-01,0.000000000000000000e+00,-8.777221314778106631e+00,-8.777221314778106631e+00,-6.032325102643843806e+00,-4.568210240079129569e+00
1.900246995489386137e+00,9.461273631655424676e-01,3.027476214477033967e-01,1.000000000000000000e+00,5.000000000000000000e-01,2.000000000000000111e-01,0.000000000000000000e+00,-4.123091745103264039e+00,-4.123091745103264039e+00,-3.614141679985155342e+00,-1.797875679205617416e+00
1.259820014432869506e+00,2.498539901292202270e+00,1.582137424875129650e-01,1.000000000000000000e+00,5.000000000000000000e-01,2.000000000000000111e-01,0.000000000000000000e+00,-5.592064025932973692e+00,-5.592064025932973692e+00,-5.073638700434004889e+00,-3.147710574507042836e+00
-4.851709597498103932e-01,7.955904704554498386e-01,3.287307145490381277e-01,1.000000000000000000e+00,5.000000000000000000e-01,2.000000000000000111e-01,0.000000000000000000e+00,6.615598450553611398e-01,6.615598450553611398e-01,-1.457716614450493386e+00,3.859973921186737877e-01
-8.265718957586840610e-01,1.546334445241041022e+00,6.572106460789376436e-01,1.000000000000000000e+00,5.000000000000000000e-01,2.000000000000000111e-01,0.000000000000000000e+00,1.927746951303959788e+00,1.927746951303959788e+00,-2.605507767584322121e+00,1.278156593879840264e+00
-1.780099812016415095e+00,5.428403113522630719e-01,2.943986047995116317e-01,1.000000000000000000e+00,5.000000000000000000e-01,2.000000000000000111e-01,0.000000000000000000e+00,3.170515962605107152e+00,3.170515962605107152e+00,-3.048591006259036895e+00,9.663099361930956865e-01
1.814926348879778217e+00,2.092826808921484094e-01,9.069761507461496786e-01,1.000000000000000000e+00,5.000000000000000000e-01,2.000000000000000111e-01,0.000000000000000000e+00,-3.050330653611668108e+00,-3.050330653611668108e+00,-2.998274211375552056e+00,-3.798326519153586434e-01
1.030231488282601582e+00,1.236950642151846580e+00,5.603963955795802088e-01,1.000000000000000000e+00,5.000000000000000000e-01,2.000000000000000111e-01,0.000000000000000000e+00,-2.037075515843441043e+00,-2.037075515843441043e+00,-2.401849597229323230e+00,-1.274345500996216574e+00
2.806355585472317671e+00,2.399900796090824739e-01,1.620014308392863089e-01,1.000000000000000000e+00,5.000000000000000000e-01,2.000000000000000111e-01,0.000000000000000000e+00,-7.307536531268000068e+00,-7.307536531268000068e+00,-5.754176622422392029e+00,-6.734975003688947748e-01
7.118192956238136304e-01,4.221159350851328984e-01,4.630957992836273185e-01,1.000000000000000000e+00,5.000000000000000000e-01,2.000000000000000111e-01,0.000000000000000000e+00,-8.473698149561103010e-01,-8.473698149561103010e-01,-1.393102957099827455e+00,-3.004702675838867298e-01
-2.975212851057190910e+00,1.133418014018874320e+00,1.762788713602919666e-01,1.000000000000000000e+00,5.000000000000000000e-01,2.000000000000000111e-01,0.000000000000000000e+00,1.015349848079218731e+01,1.015349848079218731e+01,-6.953453102708760269e+00,3.372159840928674157e+00
-1.797704012131626783e+00,2.290742930045131409e+00,1.314975691498285748e-01,1.000000000000000000e+00,5.000000000000000000e-01,2.000000000000000111e-01,0.000000000000000000e+00,7.676375055165948424e+00,7.676375055165948424e+00,-5.562795414916365644e+00,4.118077756104291609e+00
-2.731452841776278895e+00,1.101555530859594345e+00,1.095001686524575968e-01,1.000000000000000000e+00,5.000000000000000000e-01,2.000000000000000111e-01,0.000000000000000000e+00,8.464442449477527219e+00,8.464442449477527219e+00,-6.083213069892307701e+00,3.008846985140816610e+00
-1.259147908279354189e+00,1.182500983971187525e-01,1.701140982484464770e-01,1.000000000000000000e+00,5.000000000000000000e-01,2.000000000000000111e-01,0.000000000000000000e+00,1.667215375167666380e+00,1.667215375167666380e+00,-1.958263615840027949e+00,1.488943640505598909e-01
4.444838258785859253e-01,1.275188261866429640e+00,1.882918491685167117e-01,1.000000000000000000e+00,5.000000000000000000e-01,2.000000000000000111e-01,0.000000000000000000e+00,-8.234355015371253028e-01,-8.234355015371253028e-01,-1.931592074481562005e+00,-5.668005573498547944e-01
3.102282004497745049e-01,1.267247044615333440e+00,9.696576233970856107e-01,1.000000000000000000e+00,5.000000000000000000e-01,2.000000000000000111e-01,0.000000000000000000e+00,-5.652996396203689988e-01,-5.652996396203689988e-01,-1.860702457855731851e+00,-3.931357701763100176e-01
6.342552469688680361e-01,7.476602379564372125e-01,4.926317913579691954e-02,1.000000000000000000e+00,5.000000000000000000e-01,2.000000000000000111e-01,0.000000000000000000e+00,-8.625578709422823120e-01,-8.625578709422823120e-01,-1.520865746695062137e+00,-4.742074288738627463e-01
-7.944415613883979432e-01,1.014417256510842247e+00,4.525442614840885502e-01,1.000000000000000000e+00,5.000000000000000000e-01,2.000000000000000111e-01,0.000000000000000000e+00,1.303478930510424849e+00,1.303478930510424849e+00,-1.893203621830233274e+00,8.058952291618085573e-01
2.483734294022998057e+00,1.426308717264487047e+00,6.495372396805468851e-01,1.000000000000000000e+00,5.000000000000000000e-01,2.000000000000000111e-01,0.000000000000000000e+00,-8.074534469078699317e+00,-8.074534469078699317e+00,-5.718539904455886003e+00,-3.542571874933758469e+00
-3.771990496534010084e-01,1.545319161877283243e+00,7.102657028739112199e-02,1.000000000000000000e+00,5.000000000000000000e-01,2.000000000000000111e-01,0.000000000000000000e+00,8.383103583903731559e-01,8.383103583903731559e-01,-2.279373129868211834e+00,5.828929192713013796e-01
-1.582129957029847045e+00,1.822892469866548959e+00,3.271358823869759958e-01,1.000000000000000000e+00,5.000000000000000000e-01,2.000000000000000111e-01,0.000000000000000000e+00,5.002846046863002272e+00,5.002846046863002272e+00,-4.163349598906843418e+00,2.884052785019994847e+00
-5.222545407752385849e-01,2.833307702088176061e+00,4.040292175855182411e-01,1.000000000000000000e+00,5.000000000000000000e-01,2.000000000000000111e-01,0.000000000000000000e+00,2.646977277108477633e+00,2.646977277108477633e+00,-5.177466150572303860e+00,1.479707812829006874e+00
-6.887190817616453131e-01,2.840953132059405917e+00,4.741257884088889707e-01,1.000000000000000000e+00,5.000000000000000000e-01,2.000000000000000111e-01,0.000000000000000000e+00,3.533386569546332900e+00,3.533386569546332900e+00,-5.320107733428636188e+00,1.956618632439824257e+00
-1.920152238536053879e+00,2.052408952611459725e+00,6.789057414937478274e-01,1.000000000000000000e+00,5.000000000000000000e-01,2.000000000000000111e-01,0.000000000000000000e+00,7.380274444402253664e+00,7.380274444402253664e+00,-5.318382025872845809e+00,3.940937644748331969e+00
4.401722251130602004e-01,1.105416046828524124e+00,5.119801621536911318e-01,1.000000000000000000e+00,5.000000000000000000e-01,2.000000000000000111e-01,0.000000000000000000e+00,-7.261620834393632817e-01,-7.261620834393632817e-01,-1.727223270949590495e+00,-4.865734410081942185e-01
1.675599919940320426e-01,4.598699972704278771e-02,5.224647651161425932e-01,1.000000000000000000e+00,5.000000000000000000e-01,2.000000000000000111e-01,0.000000000000000000e+00,-1.686780649037182278e-01,-1.686780649037182278e-01,-1.017903212622171649e+00,-7.705581306092843322e-03
-2.910461725400490529e+00,1.316598960743261548e+00,2.817935560772979464e-01,1.000000000000000000e+00,5.000000000000000000e-01,2.000000000000000111e-01,0.000000000000000000e+00,1.036378720284216293e+01,1.036378720284216293e+01,-6.949188884727839799e+00,3.831910882945325891e+00
-1.203467312087405316e+00,8.263354937917489762e-01,5.365211602952169034e-02,1.000000000000000000e+00,5.000000000000000000e-01,2.000000000000000111e-01,0.000000000000000000e+00,1.962953736030330631e+00,1.962953736030330631e+00,-2.210415316907757610e+00,9.944677555959748894e-01
-2.297889626344498559e+00,1.861977169889168948e+00,6.612801149048133098e-01,1.000000000000000000e+00,5.000000000000000000e-01,2.000000000000000111e-01,0.000000000000000000e+00,8.707941983473816094e+00,8.707941983473816094e+00,-5.901657531511236066e+00,4.278618023178609064e+00
-9.653421849281240696e-01,6.336918927129381318e-01,5.264221850527982527e-01,1.000000000000000000e+00,5.000000000000000000e-01,2.000000000000000111e-01,0.000000000000000000e+00,1.339083885928158413e+00,1.339083885928158413e+00,-1.759914027846135820e+00,6.117295162827460775e-01
-1.992752597031490547e+00,1.811895909733137078e+00,5.145173890672479766e-01,1.000000000000000000e+00,5.000000000000000000e-01,2.000000000000000111e-01,0.000000000000000000e+00,6.846492079679360465e+00,6.846492079679360465e+00,-5.024121141639286137e+00,3.610660279671443984e+00
-2.593175133580595038e+00,7.908567274965696559e-01,5.795711678430286451e-01,1.000000000000000000e+00,5.000000000000000000e-01,2.000000000000000111e-01,0.000000000000000000e+00,6.891722425948879405e+00,6.891722425948879405e+00,-5.347461545765733959e+00,2.050829999969029149e+00
-7.687619494004991338e-01,5.037874185566872942e-01,9.355123505843233600e-01,1.000000000000000000e+00,5.000000000000000000e-01,2.000000000000000111e-01,0.000000000000000000e+00,9.571854021196005702e-01,9.571854021196005702e-01,-1.481497842455638869e+00,3.872925979730841295e-01
-2.753798110724074100e+00,1.660984338521339643e-01,7.572559501008002680e-01,1.000000000000000000e+00,5.000000000000000000e-01,2.000000000000000111e-01,0.000000000000000000e+00,6.968417692232311111e+00,6.968417692232311111e+00,-5.563836765640554738e+00,4.574015533362341124e-01
-2.597088308759428976e+00,1.440428530733758761e+00,4.904363624883147921e-01,1.000000000000000000e+00,5.000000000000000000e-01,2.000000000000000111e-01,0.000000000000000000e+00,8.794755729039174241e+00,8.794755729039174241e+00,-6.084337786172854479e+00,3.740920096772166747e+00
1.345517762885423352e+00,3.741582193813829393e-01,2.055401161786575281e-01,1.000000000000000000e+00,5.000000000000000000e-01,2.000000000000000111e-01,0.000000000000000000e+00,-1.926890149730386304e+00,-1.926890149730386304e+00,-2.156248016709440218e+00,-5.034365303072317888e-01
-1.656644506080608981e+00,5.779965367807625709e-01,1.647724550339398908e-01,1.000000000000000000e+00,5.000000000000000000e-01,2.000000000000000111e-01,0.000000000000000000e+00,2.842692968821887600e+00,2.842692968821887600e+00,-2.813722609981516687e+00,9.575347871914690057e-01
1.592285685996628786e+00,8.176054607428970833e-01,5.790540161187196500e-01,1.000000000000000000e+00,5.000000000000000000e-01,2.000000000000000111e-01,0.000000000000000000e+00,-2.931898062377464420e+00,-2.931898062377464420e+00,-2.855463568216155323e+00,-1.301861471933593695e+00
-5.074972608334089585e-01,4.722335661681785757e-01,7.813837917565499280e-01,1.000000000000000000e+00,5.000000000000000000e-01,2.000000000000000111e-01,0.000000000000000000e+00,5.902258937765028080e-01,5.902258937765028080e-01,-1.266034352360005721e+00,2.396572413039430027e-01
4.145363130008670183e-01,3.872780520617824518e-02,6.738202366394465681e-01,1.000000000000000000e+00,5.000000000000000000e-01,2.000000000000000111e-01,0.000000000000000000e+00,-4.290939960933875530e-01,-4.290939960933875530e-01,-1.103854134325855441e+00,-1.605408158078491104e-02
2.009676050509413336e+00,3.692720790547534548e-01,7.618590956368521683e-01,1.000000000000000000e+00,5.000000000000000000e-01,2.000000000000000111e-01,0.000000000000000000e+00,-3.770032694594419365e+00,-3.770032694594419365e+00,-3.491459630979378392e+00,-7.421172533981568176e-01
-2.366230174625021832e+00,2.187649747622905760e+00,7.803681786388616537e-02,1.000000000000000000e+00,5.000000000000000000e-01,2.000000000000000111e-01,0.000000000000000000e+00,1.067812182748541083e+01,1.067812182748541083e+01,-6.752332852720858369e+00,5.176482844336133482e+00
-2.858871516809221802e+00,1.263728693344801091e+00,8.329756164436319388e-02,1.000000000000000000e+00,5.000000000000000000e-01,2.000000000000000111e-01,0.000000000000000000e+00,9.814890078398018858e+00,9.814890078398018858e+00,-6.702392914965315640e+00,3.612837966377987264e+00
-8.780524232638824422e-01,2.021544716616245907e+00,5.647805444648600348e-01,1.000000000000000000e+00,5.000000000000000000e-01,2.000000000000000111e-01,0.000000000000000000e+00,2.807587315169655096e+00,2.807587315169655096e+00,-3.505907155439274892e+00,1.775022237161193228e+00
2.720224760506871675e+00,2.082688196759806765e+00,7.718683762182284580e-01,1.000000000000000000e+00,5.000000000000000000e-01,2.000000000000000111e-01,0.000000000000000000e+00,-1.264556219320607511e+01,-1.264556219320607511e+01,-7.608568711066109103e+00,-5.665380001241433483e+00
-8.466165938381702283e-01,1.811841539493694420e+00,2.001386764773683824e-01,1.000000000000000000e+00,5.000000000000000000e-01,2.000000000000000111e-01,0.000000000000000000e+00,2.357604395789485441e+00,2.357604395789485441e+00,-3.071440676294727723e+00,1.533935112740658191e+00
-5.445674233967210398e-01,1.704902475512555693e+00,9.885127069177875869e-01,1.000000000000000000e+00,5.000000000000000000e-01,2.000000000000000111e-01,0.000000000000000000e+00,1.368311127256534254e+00,1.368311127256534254e+00,-2.631278432679386547e+00,9.284343482325637664e-01
6.443892151499710508e-01,2.541455504562078360e+00,4.706609532947165775e-01,1.000000000000000000e+00,5.000000000000000000e-01,2.000000000000000111e-01,0.000000000000000000e+00,-2.778957831279234014e+00,-2.778957831279234014e+00,-4.478640517195402460e+00,-1.637686517923331309e+00
-2.991976944137372474e+00,2.407492793103125361e-01,5.965724015280904347e-02,1.000000000000000000e+00,5.000000000000000000e-01,2.000000000000000111e-01,0.000000000000000000e+00,8.435476018366275142e+00,8.435476018366275142e+00,-6.400135728293983917e+00,7.203162930141436826e-01
5.552993439206153070e-01,9.434229810005362316e-01,6.019984415830689217e-01,1.000000000000000000e+00,5.000000000000000000e-01,2.000000000000000111e-01,0.000000000000000000e+00,-8.366667076788537605e-01,-8.366667076788537605e-01,-1.630037877355168474e+00,-5.238821623892289114e-01
9.411833718829822892e-01,1.455943696573291923e-02,9.986399648280079866e-01,1.000000000000000000e+00,5.000000000000000000e-01,2.000000000000000111e-01,0.000000000000000000e+00,-1.108028093170188022e+00,-1.108028093170188022e+00,-1.531601672307791651e+00,-1.370309997612624564e-02
2.453534779770185636e+00,1.348445991633853369e+00,9.851601143217860734e-01,1.000000000000000000e+00,5.000000000000000000e-01,2.000000000000000111e-01,0.000000000000000000e+00,-7.638147897419929500e+00,-7.638147897419929500e+00,-5.521053045501863821e+00,-3.308459139115356162e+00
8.708273898905902755e-01,2.600569709022650500e+00,9.744067796821220817e-01,1.000000000000000000e+00,5.000000000000000000e-01,2.000000000000000111e-01,0.000000000000000000e+00,-3.947590724723236466e+00,-3.947590724723236466e+00,-4.836485611533271722e+00,-2.264647331936726626e+00
9.993780721557641300e-01,1.564735523324808586e+00,4.433299315876246816e-01,1.000000000000000000e+00,5.000000000000000000e-01,2.000000000000000111e-01,0.000000000000000000e+00,-2.422442413240701864e+00,-2.422442413240701864e+00,-2.823452547640744381e+00,-1.563762370733987828e+00
-2.436735182059138971e+00,2.560790786086352355e+00,8.789349371612104056e-01,1.000000000000000000e+00,5.000000000000000000e-01,2.000000000000000111e-01,0.000000000000000000e+00,1.332007269121304383e+01,1.332007269121304383e+01,-7.841431733543251070e+00,6.239969002349493366e+00
-3.321062376398735694e-01,1.839496644930522340e+00,3.369307191258529288e-01,1.000000000000000000e+00,5.000000000000000000e-01,2.000000000000000111e-01,0.000000000000000000e+00,9.013140326606776664e-01,9.013140326606776664e-01,-2.758050685202911634e+00,6.109083098990462091e-01
-1.736853843137970088e+00,1.368251423817175016e-01,8.720254456159947098e-01,1.000000000000000000e+00,5.000000000000000000e-01,2.000000000000000111e-01,0.000000000000000000e+00,2.801011712280629062e+00,2.801011712280629062e+00,-2.819357323247770886e+00,2.376452743835859860e-01
-1.171038948822513470e+00,2.592335582361939839e-01,5.203739204415196440e-01,1.000000000000000000e+00,5.000000000000000000e-01,2.000000000000000111e-01,0.000000000000000000e+00,1.531563738824495813e+00,1.531563738824495813e+00,-1.856400350653501619e+00,3.035725935364324557e-01
-2.551899103053147932e+00,2.008791160790725172e+00,3.821129992294336475e-01,1.000000000000000000e+00,5.000000000000000000e-01,2.000000000000000111e-01,0.000000000000000000e+00,1.102435410098422075e+01,1.102435410098422075e+01,-6.924934383133551918e+00,5.126232361442943031e+00
-6.773839328338877586e-01,2.863949502550152459e+00,4.287750903201881236e-02,1.000000000000000000e+00,5.000000000000000000e-01,2.000000000000000111e-01,0.000000000000000000e+00,3.517568854037146586e+00,3.517568854037146586e+00,-5.376412772055535250e+00,1.939993377475078828e+00
-2.100187834560250266e+00,4.722140975637939553e-01,3.903540817338340130e-01,1.000000000000000000e+00,5.000000000000000000e-01,2.000000000000000111e-01,0.000000000000000000e+00,4.187041293151064991e+00,4.187041293151064991e+00,-3.757966441229918519e+00,9.917383030113271492e-01
-1.184723834076958138e+00,2.777246439175985682e+00,6.686238337451322344e-01,1.000000000000000000e+00,5.000000000000000000e-01,2.000000000000000111e-01,0.000000000000000000e+00,6.086237923428595487e+00,6.086237923428595487e+00,-5.698691229775850964e+00,3.290270049597153079e+00
-2.799544167362292058e+00,2.074759589044139929e+00,1.847948341049142629e-01,1.000000000000000000e+00,5.000000000000000000e-01,2.000000000000000111e-01,0.000000000000000000e+00,1.321329747813434352e+01,1.321329747813434352e+01,-7.854782203172641530e+00,5.808381106187508358e+00
2.849475092453794822e+00,4.147128360252982926e-01,4.489189933407551347e-01,1.000000000000000000e+00,5.000000000000000000e-01,2.000000000000000111e-01,0.000000000000000000e+00,-7.721778387402228105e+00,-7.721778387402228105e+00,-5.957698349690812023e+00,-1.181713896774962302e+00
-5.410365750550978348e-01,8.941943959906998307e-01,2.470567179830219784e-01,1.000000000000000000e+00,5.000000000000000000e-01,2.000000000000000111e-01,0.000000000000000000e+00,7.890130736116226506e-01,7.890130736116226506e-01,-1.575424154238996621e+00,4.837918734402701371e-01
-1.001164299528753077e+00,2.540465360368776793e+00,1.653496693972295040e-01,1.000000000000000000e+00,5.000000000000000000e-01,2.000000000000000111e-01,0.000000000000000000e+00,4.432602990300355650e+00,4.432602990300355650e+00,-4.828380096407369315e+00,2.543423222990667476e+00
1.125188589491954438e+00,2.584005038741399751e+00,3.422268700926865970e-01,1.000000000000000000e+00,5.000000000000000000e-01,2.000000000000000111e-01,0.000000000000000000e+00,-5.166585710036180501e+00,-5.166585710036180501e+00,-5.098170637274208161e+00,-2.907492984781538503e+00
1.501973772010388508e+00,2.065968709912135104e+00,1.646685241996225235e-01,1.000000000000000000e+00,5.000000000000000000e-01,2.000000000000000111e-01,0.000000000000000000e+00,-5.385024157920077492e+00,-5.385024157920077492e+00,-4.487668482252274771e+00,-3.103030816082165799e+00
1.073195416767000587e+00,2.849926618193237005e+00,5.916651337900509233e-01,1.000000000000000000e+00,5.000000000000000000e-01,2.000000000000000111e-01,0.000000000000000000e+00,-5.678696081279531072e+00,-5.678696081279531072e+00,-5.752089906084988158e+00,-3.058528184767259628e+00
-1.104816430607620692e+00,2.345305505372258015e+00,6.646041001224891609e-01,1.000000000000000000e+00,5.000000000000000000e-01,2.000000000000000111e-01,0.000000000000000000e+00,4.413026631624084040e+00,4.413026631624084040e+00,-4.482600563969049823e+00,2.591132057129780009e+00
2.673230511842232815e-01,2.787253832404509524e+00,3.340435270010542190e-01,1.000000000000000000e+00,5.000000000000000000e-01,2.000000000000000111e-01,0.000000000000000000e+00,-1.309531230085827058e+00,-1.309531230085827058e+00,-4.927268931343478542e+00,-7.450971989032931786e-01
-4.193222524792350470e-01,1.170414254461664250e+00,8.859857044996055642e-02,1.000000000000000000e+00,5.000000000000000000e-01,2.000000000000000111e-01,0.000000000000000000e+00,7.212766232155001234e-01,7.212766232155001234e-01,-1.790433454378082434e+00,4.907807415146696051e-01
1.529834236638744294e+00,1.319561607221191091e+00,3.069607382131539497e-01,1.000000000000000000e+00,5.000000000000000000e-01,2.000000000000000111e-01,0.000000000000000000e+00,-3.577823292426098423e+00,-3.577823292426098423e+00,-3.274857092581316298e+00,-2.018710524081025248e+00
-6.472900891631860887e-01,9.736648724822400958e-01,1.319093381041952506e-01,1.000000000000000000e+00,5.000000000000000000e-01,2.000000000000000111e-01,0.000000000000000000e+00,1.008354024780573788e+00,1.008354024780573788e+00,-1.725402317670259755e+00,6.302436221240913516e-01
2.540275311576684736e+00,6.490533475459825397e-01,6.328714532512578206e-01,1.000000000000000000e+00,5.000000000000000000e-01,2.000000000000000111e-01,0.000000000000000000e+00,-6.353825152393661746e+00,-6.353825152393661746e+00,-5.082434319143937174e+00,-1.648774194667260939e+00
-5.222395468684490893e-01,9.118660705343174522e-01,8.760232589051543117e-01,1.000000000000000000e+00,5.000000000000000000e-01,2.000000000000000111e-01,0.000000000000000000e+00,7.678470793195247834e-01,7.678470793195247834e-01,-1.579390351883866339e+00,4.762125234805552054e-01
-1.681727177024396225e+00,4.324736497821473069e-01,5.848807761374030800e-02,1.000000000000000000e+00,5.000000000000000000e-01,2.000000000000000111e-01,0.000000000000000000e+00,2.790251080181132881e+00,2.790251080181132881e+00,-2.790440507643412893e+00,7.273026901855680348e-01
2.211795930578825953e+00,2.841535462690579550e+00,4.452676187424037257e-01,1.000000000000000000e+00,5.000000000000000000e-01,2.000000000000000111e-01,0.000000000000000000e+00,-1.330521355702221875e+01,-1.330521355702221875e+01,-7.972386635979116676e+00,-6.284896572974445483e+00
-2.594406757192398327e+00,1.866138883588066344e+00,4.886887345546050421e-01,1.000000000000000000e+00,5.000000000000000000e-01,2.000000000000000111e-01,0.000000000000000000e+00,1.060444680341182355e+01,1.060444680341182355e+01,-6.779805019479003825e+00,4.841523329440358125e+00
2.962582812230587059e+00,2.864031956053616490e+00,4.152114770982628933e-02,1.000000000000000000e+00,5.000000000000000000e-01,2.000000000000000111e-01,0.000000000000000000e+00,-2.031359758073183386e+01,-2.031359758073183386e+01,-1.036747767424260935e+01,-8.484931846683592127e+00
2.938551566871559828e+00,4.169662097895893149e-01,9.871540628250532468e-01,1.000000000000000000e+00,5.000000000000000000e-01,2.000000000000000111e-01,0.000000000000000000e+00,-8.268929753779724834e+00,-8.268929753779724834e+00,-6.267981596751128315e+00,-1.225276709109693218e+00
-4.772873715411440898e-02,1.879842744373347418e+00,1.175960108218917499e-01,1.000000000000000000e+00,5.000000000000000000e-01,2.000000000000000111e-01,0.000000000000000000e+00,1.320825970130261873e-01,1.320825970130261873e-01,-2.768271191196755243e+00,8.972252023726458303e-02
-1.091853022059561251e+00,1.340212938175060930e+00,1.177073735688484168e-01,1.000000000000000000e+00,5.000000000000000000e-01,2.000000000000000111e-01,0.000000000000000000e+00,2.332759228464607038e+00,2.332759228464607038e+00,-2.613371172894273009e+00,1.463315546749764273e+00
-2.322247823197581162e+00,2.734862857419035453e+00,6.622318984508845929e-02,1.000000000000000000e+00,5.000000000000000000e-01,2.000000000000000111e-01,0.000000000000000000e+00,1.351154476223557843e+01,1.351154476223557843e+01,-7.975438395852648910e+00,6.351029317385271433e+00
-3.014887777573256322e-01,5.529532343514986792e-02,3.761747837493389923e-01,1.000000000000000000e+00,5.000000000000000000e-01,2.000000000000000111e-01,0.000000000000000000e+00,3.074304833210952936e-01,3.074304833210952936e-01,-1.056066076265062659e+00,1.667091947815933783e-02
1.315204606156576084e+00,1.816684815673330622e+00,6.629040472042779797e-01,1.000000000000000000e+00,5.000000000000000000e-01,2.000000000000000111e-01,0.000000000000000000e+00,-3.940516731129271921e+00,-3.940516731129271921e+00,-3.688029753382306097e+00,-2.389312237508274706e+00
-1.763826900027056777e+00,1.572640664081800033e+00,5.276365049084329462e-01,1.000000000000000000e+00,5.000000000000000000e-01,2.000000000000000111e-01,0.000000000000000000e+00,5.042457261174484451e+00,5.042457261174484451e+00,-4.103250529117256740e+00,2.773865907383893159e+00
1.119855731977038360e+00,1.638845752192762406e-01,4.235323076399390985e-01,1.000000000000000000e+00,5.000000000000000000e-01,2.000000000000000111e-01,0.000000000000000000e+00,-1.415771392928849126e+00,-1.415771392928849126e+00,-1.765875193262498311e+00,-1.835270809419285998e-01
-1.140827098300066789e+00,1.421221706515673144e+00,2.439087443651649645e-01,1.000000000000000000e+00,5.000000000000000000e-01,2.000000000000000111e-01,0.000000000000000000e+00,2.589943169765735576e+00,2.589943169765735576e+00,-2.790827450465111159e+00,1.621368235485344478e+00
2.502337295028085329e-01,8.671492114119478956e-01,8.346243594320842396e-01,1.000000000000000000e+00,5.000000000000000000e-01,2.000000000000000111e-01,0.000000000000000000e+00,-3.474488481001248297e-01,-3.474488481001248297e-01,-1.413544029054712547e+00,-2.169899812070311129e-01
1.760935579658459815e+00,8.795332601417544804e-01,2.480451481527200519e-01,1.000000000000000000e+00,5.000000000000000000e-01,2.000000000000000111e-01,0.000000000000000000e+00,-3.534141712365025167e+00,-3.534141712365025167e+00,-3.247325847272037436e+00,-1.548801411276615303e+00
-9.238281365599565476e-02,1.243409468592528988e-01,4.478376334093836508e-01,1.000000000000000000e+00,5.000000000000000000e-01,2.000000000000000111e-01,0.000000000000000000e+00,9.325465358447851405e-02,9.325465358447851405e-02,-1.012851086088326635e+00,1.148696652350841840e-02
9.498842777174232310e-01,2.482896754376814563e+00,6.747266858825596847e-01,1.000000000000000000e+00,5.000000000000000000e-01,2.000000000000000111e-01,0.000000000000000000e+00,-4.049208659867329807e+00,-4.049208659867329807e+00,-4.623756231080310641e+00,-2.358464590178154907e+00
-9.157558474202600607e-01,5.852973850053609928e-01,2.306278575742870540e-02,1.000000000000000000e+00,5.000000000000000000e-01,2.000000000000000111e-01,0.000000000000000000e+00,1.226204651956229741e+00,1.226204651956229741e+00,-1.674451777697695931e+00,5.359895027984465932e-01
4.932690865219058196e-01,2.732358389630358708e+00,1.544573044579899967e-01,1.000000000000000000e+00,5.000000000000000000e-01,2.000000000000000111e-01,0.000000000000000000e+00,-2.358592804828547163e+00,-2.358592804828547163e+00,-4.878879819722597766e+00,-1.347787926903432743e+00
1.878358138140291622e+00,4.162836691567497471e-01,4.604660467511642041e-01,1.000000000000000000e+00,5.000000000000000000e-01,2.000000000000000111e-01,0.000000000000000000e+00,-3.366566086857213591e+00,-3.366566086857213591e+00,-3.203583623674020942e+00,-7.819298177354816470e-01
2.288605835943883449e+00,2.632944001134656098e+00,2.705933904377701982e-01,1.000000000000000000e+00,5.000000000000000000e-01,2.000000000000000111e-01,0.000000000000000000e+00,-1.261877843676505861e+01,-1.261877843676505861e+01,-7.608827059945326710e+00,-6.025771006710212596e+00
2.698158493489798637e+00,2.887287613517357965e+00,1.886075593138827333e-01,1.000000000000000000e+00,5.000000000000000000e-01,2.000000000000000111e-01,0.000000000000000000e+00,-1.787321362186226992e+01,-1.787321362186226992e+01,-9.536250435180065210e+00,-7.790359597559750604e+00
-1.280279480577373841e+00,1.453780738550444429e+00,9.678343508406525020e-01,1.000000000000000000e+00,5.000000000000000000e-01,2.000000000000000111e-01,0.000000000000000000e+00,3.052906218142661388e+00,3.052906218142661388e+00,-3.040208546922619881e+00,1.861245648824753962e+00
-2.388822469210538202e+00,2.574996344174943719e+00,1.368765233138635740e-02,1.000000000000000000e+00,5.000000000000000000e-01,2.000000000000000111e-01,0.000000000000000000e+00,1.303484305775859475e+01,1.303484305775859475e+01,-7.739186759900242407e+00,6.151209125100097985e+00
